t	Ecin	Epot	Rg	buf4	buf5
800.000000	0.541090	-1.132253	1.375663	0.000000	0.000000
800.010000	0.541092	-1.132256	1.375663	0.000000	0.000000
800.020000	0.541094	-1.132257	1.375662	0.000000	0.000000
800.030000	0.541096	-1.132257	1.375662	0.000000	0.000000
800.040000	0.541098	-1.132255	1.375662	0.000000	0.000000
800.050000	0.541099	-1.132254	1.375662	0.000000	0.000000
800.060000	0.541100	-1.132252	1.375662	0.000000	0.000000
800.070000	0.541102	-1.132250	1.375662	0.000000	0.000000
800.080000	0.541103	-1.132247	1.375662	0.000000	0.000000
800.090000	0.541103	-1.132244	1.375662	0.000000	0.000000
800.100000	0.541103	-1.132241	1.375662	0.000000	0.000000
800.110000	0.541103	-1.132237	1.375662	0.000000	0.000000
800.120000	0.541103	-1.132233	1.375662	0.000000	0.000000
800.130000	0.541102	-1.132227	1.375662	0.000000	0.000000
800.140000	0.541101	-1.132221	1.375662	0.000000	0.000000
800.150000	0.541100	-1.132215	1.375662	0.000000	0.000000
800.160000	0.541099	-1.132209	1.375663	0.000000	0.000000
800.170000	0.541098	-1.132203	1.375663	0.000000	0.000000
800.180000	0.541097	-1.132198	1.375663	0.000000	0.000000
800.190000	0.541097	-1.132193	1.375663	0.000000	0.000000
800.200000	0.541096	-1.132187	1.375663	0.000000	0.000000
800.210000	0.541095	-1.132181	1.375663	0.000000	0.000000
800.220000	0.541094	-1.132175	1.375663	0.000000	0.000000
800.230000	0.541093	-1.132169	1.375663	0.000000	0.000000
800.240000	0.541092	-1.132163	1.375663	0.000000	0.000000
800.250000	0.541092	-1.132159	1.375662	0.000000	0.000000
800.260000	0.541091	-1.132157	1.375662	0.000000	0.000000
800.270000	0.541090	-1.132156	1.375662	0.000000	0.000000
800.280000	0.541090	-1.132157	1.375661	0.000000	0.000000
800.290000	0.541090	-1.132158	1.375661	0.000000	0.000000
800.300000	0.541090	-1.132160	1.375660	0.000000	0.000000
800.310000	0.541090	-1.132160	1.375660	0.000000	0.000000
800.320000	0.541089	-1.132160	1.375659	0.000000	0.000000
800.330000	0.541088	-1.132158	1.375659	0.000000	0.000000
800.340000	0.541087	-1.132157	1.375658	0.000000	0.000000
800.350000	0.541087	-1.132159	1.375657	0.000000	0.000000
800.360000	0.541088	-1.132162	1.375656	0.000000	0.000000
800.370000	0.541090	-1.132167	1.375655	0.000000	0.000000
800.380000	0.541091	-1.132172	1.375655	0.000000	0.000000
800.390000	0.541092	-1.132176	1.375654	0.000000	0.000000
800.400000	0.541093	-1.132179	1.375653	0.000000	0.000000
800.410000	0.541093	-1.132180	1.375652	0.000000	0.000000
800.420000	0.541093	-1.132181	1.375651	0.000000	0.000000
800.430000	0.541093	-1.132180	1.375650	0.000000	0.000000
800.440000	0.541092	-1.132178	1.375650	0.000000	0.000000
800.450000	0.541092	-1.132176	1.375649	0.000000	0.000000
800.460000	0.541091	-1.132175	1.375648	0.000000	0.000000
800.470000	0.541091	-1.132174	1.375647	0.000000	0.000000
800.480000	0.541091	-1.132174	1.375647	0.000000	0.000000
800.490000	0.541090	-1.132174	1.375646	0.000000	0.000000
800.500000	0.541089	-1.132173	1.375645	0.000000	0.000000
800.510000	0.541088	-1.132173	1.375644	0.000000	0.000000
800.520000	0.541087	-1.132172	1.375643	0.000000	0.000000
800.530000	0.541086	-1.132172	1.375643	0.000000	0.000000
800.540000	0.541085	-1.132171	1.375642	0.000000	0.000000
800.550000	0.541084	-1.132171	1.375641	0.000000	0.000000
800.560000	0.541084	-1.132170	1.375640	0.000000	0.000000
800.570000	0.541084	-1.132170	1.375639	0.000000	0.000000
800.580000	0.541083	-1.132170	1.375638	0.000000	0.000000
800.590000	0.541082	-1.132169	1.375637	0.000000	0.000000
800.600000	0.541081	-1.132169	1.375635	0.000000	0.000000
800.610000	0.541081	-1.132170	1.375634	0.000000	0.000000
800.620000	0.541081	-1.132172	1.375632	0.000000	0.000000
800.630000	0.541082	-1.132175	1.375631	0.000000	0.000000
800.640000	0.541082	-1.132178	1.375629	0.000000	0.000000
800.650000	0.541082	-1.132180	1.375628	0.000000	0.000000
800.660000	0.541083	-1.132181	1.375626	0.000000	0.000000
800.670000	0.541083	-1.132183	1.375624	0.000000	0.000000
800.680000	0.541084	-1.132188	1.375623	0.000000	0.000000
800.690000	0.541087	-1.132195	1.375621	0.000000	0.000000
800.700000	0.541089	-1.132201	1.375620	0.000000	0.000000
800.710000	0.541091	-1.132208	1.375618	0.000000	0.000000
800.720000	0.541093	-1.132213	1.375616	0.000000	0.000000
800.730000	0.541095	-1.132218	1.375615	0.000000	0.000000
800.740000	0.541097	-1.132222	1.375613	0.000000	0.000000
800.750000	0.541098	-1.132222	1.375612	0.000000	0.000000
800.760000	0.541098	-1.132219	1.375610	0.000000	0.000000
800.770000	0.541097	-1.132214	1.375609	0.000000	0.000000
800.780000	0.541096	-1.132206	1.375608	0.000000	0.000000
800.790000	0.541094	-1.132196	1.375606	0.000000	0.000000
800.800000	0.541092	-1.132186	1.375605	0.000000	0.000000
800.810000	0.541089	-1.132176	1.375604	0.000000	0.000000
800.820000	0.541087	-1.132166	1.375602	0.000000	0.000000
800.830000	0.541085	-1.132157	1.375601	0.000000	0.000000
800.840000	0.541084	-1.132150	1.375600	0.000000	0.000000
800.850000	0.541083	-1.132144	1.375598	0.000000	0.000000
800.860000	0.541083	-1.132140	1.375597	0.000000	0.000000
800.870000	0.541084	-1.132139	1.375596	0.000000	0.000000
800.880000	0.541086	-1.132139	1.375594	0.000000	0.000000
800.890000	0.541087	-1.132141	1.375592	0.000000	0.000000
800.900000	0.541089	-1.132142	1.375591	0.000000	0.000000
800.910000	0.541091	-1.132143	1.375589	0.000000	0.000000
800.920000	0.541093	-1.132143	1.375587	0.000000	0.000000
800.930000	0.541095	-1.132142	1.375585	0.000000	0.000000
800.940000	0.541096	-1.132139	1.375583	0.000000	0.000000
800.950000	0.541095	-1.132133	1.375581	0.000000	0.000000
800.960000	0.541096	-1.132129	1.375579	0.000000	0.000000
800.970000	0.541099	-1.132131	1.375577	0.000000	0.000000
800.980000	0.541103	-1.132138	1.375575	0.000000	0.000000
800.990000	0.541107	-1.132147	1.375573	0.000000	0.000000
801.000000	0.541112	-1.132155	1.375571	0.000000	0.000000
801.010000	0.541116	-1.132161	1.375569	0.000000	0.000000
801.020000	0.541119	-1.132162	1.375566	0.000000	0.000000
801.030000	0.541120	-1.132157	1.375564	0.000000	0.000000
801.040000	0.541121	-1.132151	1.375562	0.000000	0.000000
801.050000	0.541122	-1.132145	1.375560	0.000000	0.000000
801.060000	0.541123	-1.132138	1.375558	0.000000	0.000000
801.070000	0.541124	-1.132130	1.375556	0.000000	0.000000
801.080000	0.541125	-1.132121	1.375554	0.000000	0.000000
801.090000	0.541126	-1.132112	1.375551	0.000000	0.000000
801.100000	0.541126	-1.132103	1.375549	0.000000	0.000000
801.110000	0.541126	-1.132096	1.375547	0.000000	0.000000
801.120000	0.541127	-1.132090	1.375545	0.000000	0.000000
801.130000	0.541128	-1.132088	1.375543	0.000000	0.000000
801.140000	0.541130	-1.132088	1.375541	0.000000	0.000000
801.150000	0.541133	-1.132092	1.375538	0.000000	0.000000
801.160000	0.541137	-1.132098	1.375536	0.000000	0.000000
801.170000	0.541142	-1.132105	1.375534	0.000000	0.000000
801.180000	0.541146	-1.132110	1.375531	0.000000	0.000000
801.190000	0.541150	-1.132112	1.375529	0.000000	0.000000
801.200000	0.541153	-1.132111	1.375526	0.000000	0.000000
801.210000	0.541156	-1.132110	1.375524	0.000000	0.000000
801.220000	0.541160	-1.132111	1.375521	0.000000	0.000000
801.230000	0.541164	-1.132115	1.375519	0.000000	0.000000
801.240000	0.541168	-1.132119	1.375516	0.000000	0.000000
801.250000	0.541171	-1.132122	1.375514	0.000000	0.000000
801.260000	0.541175	-1.132124	1.375512	0.000000	0.000000
801.270000	0.541177	-1.132124	1.375509	0.000000	0.000000
801.280000	0.541180	-1.132124	1.375507	0.000000	0.000000
801.290000	0.541182	-1.132122	1.375505	0.000000	0.000000
801.300000	0.541184	-1.132119	1.375503	0.000000	0.000000
801.310000	0.541186	-1.132114	1.375501	0.000000	0.000000
801.320000	0.541187	-1.132108	1.375499	0.000000	0.000000
801.330000	0.541188	-1.132101	1.375498	0.000000	0.000000
801.340000	0.541188	-1.132093	1.375496	0.000000	0.000000
801.350000	0.541189	-1.132086	1.375494	0.000000	0.000000
801.360000	0.541189	-1.132079	1.375493	0.000000	0.000000
801.370000	0.541190	-1.132073	1.375492	0.000000	0.000000
801.380000	0.541192	-1.132068	1.375490	0.000000	0.000000
801.390000	0.541193	-1.132063	1.375489	0.000000	0.000000
801.400000	0.541194	-1.132059	1.375487	0.000000	0.000000
801.410000	0.541194	-1.132055	1.375486	0.000000	0.000000
801.420000	0.541195	-1.132051	1.375485	0.000000	0.000000
801.430000	0.541195	-1.132046	1.375484	0.000000	0.000000
801.440000	0.541196	-1.132041	1.375482	0.000000	0.000000
801.450000	0.541196	-1.132035	1.375481	0.000000	0.000000
801.460000	0.541197	-1.132031	1.375480	0.000000	0.000000
801.470000	0.541197	-1.132025	1.375478	0.000000	0.000000
801.480000	0.541197	-1.132018	1.375477	0.000000	0.000000
801.490000	0.541197	-1.132011	1.375476	0.000000	0.000000
801.500000	0.541197	-1.132005	1.375475	0.000000	0.000000
801.510000	0.541197	-1.132001	1.375474	0.000000	0.000000
801.520000	0.541198	-1.131999	1.375473	0.000000	0.000000
801.530000	0.541200	-1.131998	1.375471	0.000000	0.000000
801.540000	0.541202	-1.131999	1.375470	0.000000	0.000000
801.550000	0.541204	-1.132001	1.375469	0.000000	0.000000
801.560000	0.541206	-1.132002	1.375469	0.000000	0.000000
801.570000	0.541208	-1.132003	1.375468	0.000000	0.000000
801.580000	0.541210	-1.132002	1.375467	0.000000	0.000000
801.590000	0.541210	-1.132000	1.375466	0.000000	0.000000
801.600000	0.541211	-1.131997	1.375465	0.000000	0.000000
801.610000	0.541210	-1.131991	1.375464	0.000000	0.000000
801.620000	0.541210	-1.131983	1.375464	0.000000	0.000000
801.630000	0.541209	-1.131976	1.375463	0.000000	0.000000
801.640000	0.541210	-1.131970	1.375462	0.000000	0.000000
801.650000	0.541211	-1.131965	1.375461	0.000000	0.000000
801.660000	0.541213	-1.131962	1.375460	0.000000	0.000000
801.670000	0.541215	-1.131961	1.375460	0.000000	0.000000
801.680000	0.541217	-1.131960	1.375459	0.000000	0.000000
801.690000	0.541220	-1.131959	1.375458	0.000000	0.000000
801.700000	0.541223	-1.131959	1.375457	0.000000	0.000000
801.710000	0.541227	-1.131960	1.375456	0.000000	0.000000
801.720000	0.541231	-1.131961	1.375455	0.000000	0.000000
801.730000	0.541234	-1.131960	1.375454	0.000000	0.000000
801.740000	0.541237	-1.131958	1.375453	0.000000	0.000000
801.750000	0.541239	-1.131953	1.375452	0.000000	0.000000
801.760000	0.541240	-1.131949	1.375451	0.000000	0.000000
801.770000	0.541242	-1.131946	1.375450	0.000000	0.000000
801.780000	0.541244	-1.131945	1.375449	0.000000	0.000000
801.790000	0.541247	-1.131946	1.375448	0.000000	0.000000
801.800000	0.541251	-1.131949	1.375447	0.000000	0.000000
801.810000	0.541254	-1.131953	1.375446	0.000000	0.000000
801.820000	0.541258	-1.131956	1.375445	0.000000	0.000000
801.830000	0.541261	-1.131958	1.375444	0.000000	0.000000
801.840000	0.541264	-1.131958	1.375443	0.000000	0.000000
801.850000	0.541267	-1.131956	1.375442	0.000000	0.000000
801.860000	0.541269	-1.131954	1.375441	0.000000	0.000000
801.870000	0.541271	-1.131950	1.375440	0.000000	0.000000
801.880000	0.541272	-1.131945	1.375439	0.000000	0.000000
801.890000	0.541273	-1.131941	1.375439	0.000000	0.000000
801.900000	0.541275	-1.131938	1.375438	0.000000	0.000000
801.910000	0.541277	-1.131937	1.375437	0.000000	0.000000
801.920000	0.541280	-1.131937	1.375436	0.000000	0.000000
801.930000	0.541282	-1.131937	1.375435	0.000000	0.000000
801.940000	0.541285	-1.131936	1.375435	0.000000	0.000000
801.950000	0.541287	-1.131935	1.375434	0.000000	0.000000
801.960000	0.541290	-1.131933	1.375433	0.000000	0.000000
801.970000	0.541292	-1.131932	1.375432	0.000000	0.000000
801.980000	0.541294	-1.131930	1.375432	0.000000	0.000000
801.990000	0.541296	-1.131928	1.375431	0.000000	0.000000
802.000000	0.541298	-1.131927	1.375430	0.000000	0.000000
802.010000	0.541300	-1.131925	1.375429	0.000000	0.000000
802.020000	0.541302	-1.131924	1.375428	0.000000	0.000000
802.030000	0.541303	-1.131921	1.375428	0.000000	0.000000
802.040000	0.541304	-1.131918	1.375427	0.000000	0.000000
802.050000	0.541304	-1.131913	1.375426	0.000000	0.000000
802.060000	0.541305	-1.131909	1.375425	0.000000	0.000000
802.070000	0.541306	-1.131905	1.375424	0.000000	0.000000
802.080000	0.541306	-1.131903	1.375424	0.000000	0.000000
802.090000	0.541307	-1.131902	1.375423	0.000000	0.000000
802.100000	0.541308	-1.131902	1.375422	0.000000	0.000000
802.110000	0.541309	-1.131902	1.375421	0.000000	0.000000
802.120000	0.541310	-1.131902	1.375420	0.000000	0.000000
802.130000	0.541311	-1.131902	1.375419	0.000000	0.000000
802.140000	0.541311	-1.131904	1.375419	0.000000	0.000000
802.150000	0.541312	-1.131906	1.375418	0.000000	0.000000
802.160000	0.541314	-1.131907	1.375417	0.000000	0.000000
802.170000	0.541315	-1.131908	1.375416	0.000000	0.000000
802.180000	0.541316	-1.131907	1.375416	0.000000	0.000000
802.190000	0.541317	-1.131905	1.375415	0.000000	0.000000
802.200000	0.541318	-1.131904	1.375414	0.000000	0.000000
802.210000	0.541318	-1.131902	1.375413	0.000000	0.000000
802.220000	0.541319	-1.131900	1.375413	0.000000	0.000000
802.230000	0.541320	-1.131900	1.375412	0.000000	0.000000
802.240000	0.541321	-1.131900	1.375411	0.000000	0.000000
802.250000	0.541322	-1.131901	1.375410	0.000000	0.000000
802.260000	0.541324	-1.131902	1.375409	0.000000	0.000000
802.270000	0.541325	-1.131903	1.375409	0.000000	0.000000
802.280000	0.541327	-1.131902	1.375408	0.000000	0.000000
802.290000	0.541328	-1.131901	1.375407	0.000000	0.000000
802.300000	0.541329	-1.131899	1.375406	0.000000	0.000000
802.310000	0.541330	-1.131897	1.375406	0.000000	0.000000
802.320000	0.541331	-1.131894	1.375405	0.000000	0.000000
802.330000	0.541332	-1.131891	1.375404	0.000000	0.000000
802.340000	0.541334	-1.131887	1.375404	0.000000	0.000000
802.350000	0.541334	-1.131884	1.375403	0.000000	0.000000
802.360000	0.541335	-1.131880	1.375402	0.000000	0.000000
802.370000	0.541336	-1.131876	1.375402	0.000000	0.000000
802.380000	0.541337	-1.131870	1.375401	0.000000	0.000000
802.390000	0.541337	-1.131864	1.375401	0.000000	0.000000
802.400000	0.541337	-1.131857	1.375400	0.000000	0.000000
802.410000	0.541337	-1.131848	1.375399	0.000000	0.000000
802.420000	0.541337	-1.131836	1.375399	0.000000	0.000000
802.430000	0.541336	-1.131823	1.375398	0.000000	0.000000
802.440000	0.541336	-1.131810	1.375397	0.000000	0.000000
802.450000	0.541335	-1.131797	1.375397	0.000000	0.000000
802.460000	0.541335	-1.131786	1.375396	0.000000	0.000000
802.470000	0.541335	-1.131776	1.375395	0.000000	0.000000
802.480000	0.541336	-1.131767	1.375394	0.000000	0.000000
802.490000	0.541337	-1.131758	1.375393	0.000000	0.000000
802.500000	0.541337	-1.131749	1.375393	0.000000	0.000000
802.510000	0.541338	-1.131740	1.375392	0.000000	0.000000
802.520000	0.541339	-1.131730	1.375391	0.000000	0.000000
802.530000	0.541340	-1.131720	1.375390	0.000000	0.000000
802.540000	0.541342	-1.131711	1.375389	0.000000	0.000000
802.550000	0.541344	-1.131703	1.375388	0.000000	0.000000
802.560000	0.541347	-1.131698	1.375387	0.000000	0.000000
802.570000	0.541350	-1.131696	1.375386	0.000000	0.000000
802.580000	0.541354	-1.131696	1.375385	0.000000	0.000000
802.590000	0.541359	-1.131697	1.375383	0.000000	0.000000
802.600000	0.541363	-1.131699	1.375382	0.000000	0.000000
802.610000	0.541367	-1.131701	1.375381	0.000000	0.000000
802.620000	0.541370	-1.131701	1.375380	0.000000	0.000000
802.630000	0.541372	-1.131700	1.375378	0.000000	0.000000
802.640000	0.541374	-1.131696	1.375377	0.000000	0.000000
802.650000	0.541374	-1.131691	1.375376	0.000000	0.000000
802.660000	0.541374	-1.131686	1.375374	0.000000	0.000000
802.670000	0.541374	-1.131680	1.375373	0.000000	0.000000
802.680000	0.541374	-1.131673	1.375371	0.000000	0.000000
802.690000	0.541374	-1.131667	1.375370	0.000000	0.000000
802.700000	0.541374	-1.131662	1.375369	0.000000	0.000000
802.710000	0.541376	-1.131658	1.375367	0.000000	0.000000
802.720000	0.541377	-1.131654	1.375366	0.000000	0.000000
802.730000	0.541379	-1.131650	1.375365	0.000000	0.000000
802.740000	0.541380	-1.131644	1.375364	0.000000	0.000000
802.750000	0.541380	-1.131636	1.375363	0.000000	0.000000
802.760000	0.541380	-1.131627	1.375362	0.000000	0.000000
802.770000	0.541380	-1.131618	1.375361	0.000000	0.000000
802.780000	0.541380	-1.131608	1.375360	0.000000	0.000000
802.790000	0.541380	-1.131601	1.375359	0.000000	0.000000
802.800000	0.541381	-1.131595	1.375358	0.000000	0.000000
802.810000	0.541382	-1.131591	1.375357	0.000000	0.000000
802.820000	0.541384	-1.131588	1.375356	0.000000	0.000000
802.830000	0.541386	-1.131587	1.375356	0.000000	0.000000
802.840000	0.541388	-1.131587	1.375355	0.000000	0.000000
802.850000	0.541390	-1.131588	1.375354	0.000000	0.000000
802.860000	0.541393	-1.131588	1.375353	0.000000	0.000000
802.870000	0.541395	-1.131588	1.375353	0.000000	0.000000
802.880000	0.541396	-1.131586	1.375352	0.000000	0.000000
802.890000	0.541398	-1.131583	1.375351	0.000000	0.000000
802.900000	0.541398	-1.131578	1.375351	0.000000	0.000000
802.910000	0.541398	-1.131573	1.375350	0.000000	0.000000
802.920000	0.541399	-1.131570	1.375350	0.000000	0.000000
802.930000	0.541400	-1.131568	1.375350	0.000000	0.000000
802.940000	0.541401	-1.131566	1.375349	0.000000	0.000000
802.950000	0.541402	-1.131564	1.375349	0.000000	0.000000
802.960000	0.541403	-1.131560	1.375349	0.000000	0.000000
802.970000	0.541404	-1.131556	1.375349	0.000000	0.000000
802.980000	0.541405	-1.131551	1.375348	0.000000	0.000000
802.990000	0.541406	-1.131547	1.375349	0.000000	0.000000
803.000000	0.541406	-1.131543	1.375349	0.000000	0.000000
803.010000	0.541406	-1.131540	1.375349	0.000000	0.000000
803.020000	0.541406	-1.131535	1.375349	0.000000	0.000000
803.030000	0.541406	-1.131531	1.375349	0.000000	0.000000
803.040000	0.541405	-1.131526	1.375350	0.000000	0.000000
803.050000	0.541404	-1.131521	1.375350	0.000000	0.000000
803.060000	0.541403	-1.131516	1.375351	0.000000	0.000000
803.070000	0.541403	-1.131512	1.375351	0.000000	0.000000
803.080000	0.541402	-1.131508	1.375352	0.000000	0.000000
803.090000	0.541402	-1.131504	1.375352	0.000000	0.000000
803.100000	0.541402	-1.131500	1.375353	0.000000	0.000000
803.110000	0.541401	-1.131496	1.375354	0.000000	0.000000
803.120000	0.541401	-1.131494	1.375354	0.000000	0.000000
803.130000	0.541400	-1.131493	1.375355	0.000000	0.000000
803.140000	0.541401	-1.131493	1.375356	0.000000	0.000000
803.150000	0.541401	-1.131494	1.375356	0.000000	0.000000
803.160000	0.541402	-1.131495	1.375357	0.000000	0.000000
803.170000	0.541402	-1.131495	1.375357	0.000000	0.000000
803.180000	0.541403	-1.131493	1.375358	0.000000	0.000000
803.190000	0.541402	-1.131488	1.375359	0.000000	0.000000
803.200000	0.541401	-1.131482	1.375359	0.000000	0.000000
803.210000	0.541399	-1.131475	1.375360	0.000000	0.000000
803.220000	0.541399	-1.131469	1.375360	0.000000	0.000000
803.230000	0.541398	-1.131466	1.375361	0.000000	0.000000
803.240000	0.541399	-1.131464	1.375362	0.000000	0.000000
803.250000	0.541400	-1.131464	1.375362	0.000000	0.000000
803.260000	0.541401	-1.131464	1.375363	0.000000	0.000000
803.270000	0.541403	-1.131465	1.375364	0.000000	0.000000
803.280000	0.541404	-1.131465	1.375364	0.000000	0.000000
803.290000	0.541405	-1.131466	1.375365	0.000000	0.000000
803.300000	0.541406	-1.131466	1.375366	0.000000	0.000000
803.310000	0.541407	-1.131466	1.375366	0.000000	0.000000
803.320000	0.541409	-1.131465	1.375367	0.000000	0.000000
803.330000	0.541409	-1.131463	1.375367	0.000000	0.000000
803.340000	0.541410	-1.131461	1.375368	0.000000	0.000000
803.350000	0.541410	-1.131459	1.375368	0.000000	0.000000
803.360000	0.541410	-1.131457	1.375369	0.000000	0.000000
803.370000	0.541410	-1.131455	1.375369	0.000000	0.000000
803.380000	0.541410	-1.131453	1.375370	0.000000	0.000000
803.390000	0.541410	-1.131451	1.375370	0.000000	0.000000
803.400000	0.541411	-1.131448	1.375371	0.000000	0.000000
803.410000	0.541411	-1.131444	1.375371	0.000000	0.000000
803.420000	0.541411	-1.131441	1.375372	0.000000	0.000000
803.430000	0.541411	-1.131438	1.375372	0.000000	0.000000
803.440000	0.541411	-1.131437	1.375372	0.000000	0.000000
803.450000	0.541412	-1.131438	1.375373	0.000000	0.000000
803.460000	0.541413	-1.131440	1.375373	0.000000	0.000000
803.470000	0.541414	-1.131443	1.375373	0.000000	0.000000
803.480000	0.541414	-1.131444	1.375373	0.000000	0.000000
803.490000	0.541414	-1.131444	1.375374	0.000000	0.000000
803.500000	0.541414	-1.131444	1.375374	0.000000	0.000000
803.510000	0.541413	-1.131443	1.375374	0.000000	0.000000
803.520000	0.541413	-1.131441	1.375374	0.000000	0.000000
803.530000	0.541411	-1.131437	1.375374	0.000000	0.000000
803.540000	0.541409	-1.131434	1.375374	0.000000	0.000000
803.550000	0.541408	-1.131431	1.375374	0.000000	0.000000
803.560000	0.541406	-1.131430	1.375374	0.000000	0.000000
803.570000	0.541406	-1.131429	1.375375	0.000000	0.000000
803.580000	0.541405	-1.131429	1.375375	0.000000	0.000000
803.590000	0.541404	-1.131429	1.375375	0.000000	0.000000
803.600000	0.541404	-1.131430	1.375375	0.000000	0.000000
803.610000	0.541403	-1.131430	1.375375	0.000000	0.000000
803.620000	0.541402	-1.131430	1.375374	0.000000	0.000000
803.630000	0.541401	-1.131430	1.375374	0.000000	0.000000
803.640000	0.541400	-1.131429	1.375374	0.000000	0.000000
803.650000	0.541399	-1.131427	1.375374	0.000000	0.000000
803.660000	0.541398	-1.131425	1.375374	0.000000	0.000000
803.670000	0.541396	-1.131423	1.375374	0.000000	0.000000
803.680000	0.541395	-1.131420	1.375374	0.000000	0.000000
803.690000	0.541393	-1.131418	1.375374	0.000000	0.000000
803.700000	0.541392	-1.131416	1.375374	0.000000	0.000000
803.710000	0.541391	-1.131416	1.375374	0.000000	0.000000
803.720000	0.541391	-1.131417	1.375374	0.000000	0.000000
803.730000	0.541392	-1.131419	1.375375	0.000000	0.000000
803.740000	0.541392	-1.131421	1.375375	0.000000	0.000000
803.750000	0.541393	-1.131423	1.375375	0.000000	0.000000
803.760000	0.541393	-1.131423	1.375375	0.000000	0.000000
803.770000	0.541393	-1.131421	1.375375	0.000000	0.000000
803.780000	0.541392	-1.131418	1.375375	0.000000	0.000000
803.790000	0.541391	-1.131414	1.375375	0.000000	0.000000
803.800000	0.541390	-1.131409	1.375376	0.000000	0.000000
803.810000	0.541389	-1.131406	1.375376	0.000000	0.000000
803.820000	0.541389	-1.131403	1.375376	0.000000	0.000000
803.830000	0.541388	-1.131401	1.375376	0.000000	0.000000
803.840000	0.541388	-1.131399	1.375376	0.000000	0.000000
803.850000	0.541388	-1.131398	1.375376	0.000000	0.000000
803.860000	0.541388	-1.131396	1.375376	0.000000	0.000000
803.870000	0.541388	-1.131395	1.375377	0.000000	0.000000
803.880000	0.541388	-1.131394	1.375377	0.000000	0.000000
803.890000	0.541387	-1.131393	1.375377	0.000000	0.000000
803.900000	0.541387	-1.131393	1.375377	0.000000	0.000000
803.910000	0.541387	-1.131394	1.375377	0.000000	0.000000
803.920000	0.541387	-1.131395	1.375377	0.000000	0.000000
803.930000	0.541388	-1.131396	1.375377	0.000000	0.000000
803.940000	0.541388	-1.131397	1.375377	0.000000	0.000000
803.950000	0.541389	-1.131399	1.375377	0.000000	0.000000
803.960000	0.541390	-1.131400	1.375377	0.000000	0.000000
803.970000	0.541392	-1.131402	1.375377	0.000000	0.000000
803.980000	0.541393	-1.131403	1.375376	0.000000	0.000000
803.990000	0.541395	-1.131404	1.375376	0.000000	0.000000
804.000000	0.541397	-1.131406	1.375376	0.000000	0.000000
804.010000	0.541399	-1.131408	1.375376	0.000000	0.000000
804.020000	0.541401	-1.131410	1.375375	0.000000	0.000000
804.030000	0.541404	-1.131413	1.375375	0.000000	0.000000
804.040000	0.541406	-1.131417	1.375375	0.000000	0.000000
804.050000	0.541409	-1.131421	1.375374	0.000000	0.000000
804.060000	0.541412	-1.131424	1.375374	0.000000	0.000000
804.070000	0.541414	-1.131427	1.375374	0.000000	0.000000
804.080000	0.541416	-1.131426	1.375373	0.000000	0.000000
804.090000	0.541416	-1.131423	1.375373	0.000000	0.000000
804.100000	0.541415	-1.131417	1.375373	0.000000	0.000000
804.110000	0.541415	-1.131410	1.375372	0.000000	0.000000
804.120000	0.541413	-1.131401	1.375372	0.000000	0.000000
804.130000	0.541412	-1.131392	1.375372	0.000000	0.000000
804.140000	0.541410	-1.131382	1.375372	0.000000	0.000000
804.150000	0.541408	-1.131372	1.375371	0.000000	0.000000
804.160000	0.541406	-1.131362	1.375371	0.000000	0.000000
804.170000	0.541405	-1.131352	1.375371	0.000000	0.000000
804.180000	0.541403	-1.131343	1.375370	0.000000	0.000000
804.190000	0.541402	-1.131334	1.375370	0.000000	0.000000
804.200000	0.541401	-1.131327	1.375370	0.000000	0.000000
804.210000	0.541402	-1.131323	1.375369	0.000000	0.000000
804.220000	0.541403	-1.131322	1.375369	0.000000	0.000000
804.230000	0.541406	-1.131322	1.375368	0.000000	0.000000
804.240000	0.541408	-1.131324	1.375368	0.000000	0.000000
804.250000	0.541411	-1.131326	1.375367	0.000000	0.000000
804.260000	0.541413	-1.131329	1.375367	0.000000	0.000000
804.270000	0.541415	-1.131331	1.375366	0.000000	0.000000
804.280000	0.541418	-1.131333	1.375366	0.000000	0.000000
804.290000	0.541420	-1.131334	1.375365	0.000000	0.000000
804.300000	0.541424	-1.131337	1.375365	0.000000	0.000000
804.310000	0.541427	-1.131339	1.375364	0.000000	0.000000
804.320000	0.541430	-1.131342	1.375363	0.000000	0.000000
804.330000	0.541432	-1.131345	1.375363	0.000000	0.000000
804.340000	0.541435	-1.131345	1.375362	0.000000	0.000000
804.350000	0.541436	-1.131344	1.375361	0.000000	0.000000
804.360000	0.541437	-1.131342	1.375361	0.000000	0.000000
804.370000	0.541438	-1.131340	1.375360	0.000000	0.000000
804.380000	0.541440	-1.131340	1.375359	0.000000	0.000000
804.390000	0.541442	-1.131341	1.375358	0.000000	0.000000
804.400000	0.541444	-1.131343	1.375358	0.000000	0.000000
804.410000	0.541447	-1.131346	1.375357	0.000000	0.000000
804.420000	0.541449	-1.131348	1.375356	0.000000	0.000000
804.430000	0.541452	-1.131350	1.375355	0.000000	0.000000
804.440000	0.541454	-1.131351	1.375355	0.000000	0.000000
804.450000	0.541456	-1.131350	1.375354	0.000000	0.000000
804.460000	0.541458	-1.131349	1.375353	0.000000	0.000000
804.470000	0.541460	-1.131348	1.375352	0.000000	0.000000
804.480000	0.541462	-1.131345	1.375351	0.000000	0.000000
804.490000	0.541463	-1.131343	1.375350	0.000000	0.000000
804.500000	0.541463	-1.131338	1.375349	0.000000	0.000000
804.510000	0.541463	-1.131333	1.375348	0.000000	0.000000
804.520000	0.541463	-1.131327	1.375347	0.000000	0.000000
804.530000	0.541462	-1.131323	1.375345	0.000000	0.000000
804.540000	0.541462	-1.131320	1.375344	0.000000	0.000000
804.550000	0.541462	-1.131320	1.375343	0.000000	0.000000
804.560000	0.541463	-1.131320	1.375342	0.000000	0.000000
804.570000	0.541464	-1.131322	1.375340	0.000000	0.000000
804.580000	0.541466	-1.131324	1.375339	0.000000	0.000000
804.590000	0.541467	-1.131327	1.375337	0.000000	0.000000
804.600000	0.541469	-1.131329	1.375336	0.000000	0.000000
804.610000	0.541471	-1.131332	1.375334	0.000000	0.000000
804.620000	0.541472	-1.131334	1.375333	0.000000	0.000000
804.630000	0.541473	-1.131335	1.375331	0.000000	0.000000
804.640000	0.541474	-1.131336	1.375329	0.000000	0.000000
804.650000	0.541475	-1.131336	1.375327	0.000000	0.000000
804.660000	0.541475	-1.131335	1.375325	0.000000	0.000000
804.670000	0.541476	-1.131334	1.375323	0.000000	0.000000
804.680000	0.541477	-1.131335	1.375321	0.000000	0.000000
804.690000	0.541478	-1.131339	1.375319	0.000000	0.000000
804.700000	0.541481	-1.131344	1.375316	0.000000	0.000000
804.710000	0.541483	-1.131348	1.375314	0.000000	0.000000
804.720000	0.541485	-1.131352	1.375312	0.000000	0.000000
804.730000	0.541487	-1.131355	1.375309	0.000000	0.000000
804.740000	0.541488	-1.131357	1.375307	0.000000	0.000000
804.750000	0.541488	-1.131358	1.375305	0.000000	0.000000
804.760000	0.541489	-1.131358	1.375302	0.000000	0.000000
804.770000	0.541490	-1.131360	1.375300	0.000000	0.000000
804.780000	0.541491	-1.131363	1.375297	0.000000	0.000000
804.790000	0.541492	-1.131366	1.375295	0.000000	0.000000
804.800000	0.541493	-1.131371	1.375292	0.000000	0.000000
804.810000	0.541494	-1.131376	1.375290	0.000000	0.000000
804.820000	0.541495	-1.131381	1.375287	0.000000	0.000000
804.830000	0.541496	-1.131387	1.375285	0.000000	0.000000
804.840000	0.541498	-1.131394	1.375282	0.000000	0.000000
804.850000	0.541500	-1.131401	1.375280	0.000000	0.000000
804.860000	0.541502	-1.131409	1.375277	0.000000	0.000000
804.870000	0.541504	-1.131415	1.375275	0.000000	0.000000
804.880000	0.541505	-1.131419	1.375272	0.000000	0.000000
804.890000	0.541506	-1.131422	1.375269	0.000000	0.000000
804.900000	0.541507	-1.131424	1.375267	0.000000	0.000000
804.910000	0.541508	-1.131424	1.375264	0.000000	0.000000
804.920000	0.541509	-1.131425	1.375262	0.000000	0.000000
804.930000	0.541509	-1.131427	1.375259	0.000000	0.000000
804.940000	0.541510	-1.131429	1.375256	0.000000	0.000000
804.950000	0.541511	-1.131432	1.375254	0.000000	0.000000
804.960000	0.541511	-1.131435	1.375251	0.000000	0.000000
804.970000	0.541511	-1.131437	1.375249	0.000000	0.000000
804.980000	0.541511	-1.131440	1.375246	0.000000	0.000000
804.990000	0.541511	-1.131443	1.375244	0.000000	0.000000
805.000000	0.541511	-1.131446	1.375242	0.000000	0.000000
805.010000	0.541511	-1.131449	1.375239	0.000000	0.000000
805.020000	0.541512	-1.131452	1.375237	0.000000	0.000000
805.030000	0.541512	-1.131454	1.375235	0.000000	0.000000
805.040000	0.541513	-1.131456	1.375232	0.000000	0.000000
805.050000	0.541512	-1.131457	1.375230	0.000000	0.000000
805.060000	0.541512	-1.131458	1.375228	0.000000	0.000000
805.070000	0.541511	-1.131458	1.375225	0.000000	0.000000
805.080000	0.541510	-1.131459	1.375223	0.000000	0.000000
805.090000	0.541509	-1.131459	1.375221	0.000000	0.000000
805.100000	0.541508	-1.131460	1.375219	0.000000	0.000000
805.110000	0.541507	-1.131461	1.375217	0.000000	0.000000
805.120000	0.541506	-1.131462	1.375214	0.000000	0.000000
805.130000	0.541506	-1.131464	1.375212	0.000000	0.000000
805.140000	0.541506	-1.131467	1.375210	0.000000	0.000000
805.150000	0.541507	-1.131470	1.375208	0.000000	0.000000
805.160000	0.541507	-1.131474	1.375205	0.000000	0.000000
805.170000	0.541507	-1.131476	1.375203	0.000000	0.000000
805.180000	0.541506	-1.131478	1.375201	0.000000	0.000000
805.190000	0.541506	-1.131479	1.375199	0.000000	0.000000
805.200000	0.541505	-1.131480	1.375196	0.000000	0.000000
805.210000	0.541504	-1.131482	1.375194	0.000000	0.000000
805.220000	0.541504	-1.131484	1.375192	0.000000	0.000000
805.230000	0.541505	-1.131488	1.375189	0.000000	0.000000
805.240000	0.541506	-1.131492	1.375187	0.000000	0.000000
805.250000	0.541509	-1.131497	1.375185	0.000000	0.000000
805.260000	0.541510	-1.131501	1.375182	0.000000	0.000000
805.270000	0.541511	-1.131502	1.375180	0.000000	0.000000
805.280000	0.541512	-1.131503	1.375177	0.000000	0.000000
805.290000	0.541511	-1.131502	1.375175	0.000000	0.000000
805.300000	0.541511	-1.131501	1.375172	0.000000	0.000000
805.310000	0.541512	-1.131503	1.375169	0.000000	0.000000
805.320000	0.541513	-1.131508	1.375167	0.000000	0.000000
805.330000	0.541515	-1.131514	1.375164	0.000000	0.000000
805.340000	0.541518	-1.131520	1.375162	0.000000	0.000000
805.350000	0.541519	-1.131524	1.375159	0.000000	0.000000
805.360000	0.541521	-1.131526	1.375157	0.000000	0.000000
805.370000	0.541522	-1.131526	1.375154	0.000000	0.000000
805.380000	0.541523	-1.131525	1.375152	0.000000	0.000000
805.390000	0.541523	-1.131524	1.375150	0.000000	0.000000
805.400000	0.541525	-1.131524	1.375148	0.000000	0.000000
805.410000	0.541526	-1.131524	1.375146	0.000000	0.000000
805.420000	0.541529	-1.131526	1.375144	0.000000	0.000000
805.430000	0.541531	-1.131527	1.375142	0.000000	0.000000
805.440000	0.541533	-1.131529	1.375140	0.000000	0.000000
805.450000	0.541536	-1.131530	1.375138	0.000000	0.000000
805.460000	0.541539	-1.131531	1.375136	0.000000	0.000000
805.470000	0.541541	-1.131531	1.375135	0.000000	0.000000
805.480000	0.541542	-1.131531	1.375133	0.000000	0.000000
805.490000	0.541544	-1.131531	1.375131	0.000000	0.000000
805.500000	0.541545	-1.131531	1.375130	0.000000	0.000000
805.510000	0.541546	-1.131530	1.375128	0.000000	0.000000
805.520000	0.541547	-1.131530	1.375127	0.000000	0.000000
805.530000	0.541547	-1.131529	1.375125	0.000000	0.000000
805.540000	0.541548	-1.131529	1.375123	0.000000	0.000000
805.550000	0.541549	-1.131529	1.375122	0.000000	0.000000
805.560000	0.541549	-1.131530	1.375120	0.000000	0.000000
805.570000	0.541550	-1.131530	1.375118	0.000000	0.000000
805.580000	0.541550	-1.131531	1.375117	0.000000	0.000000
805.590000	0.541550	-1.131532	1.375115	0.000000	0.000000
805.600000	0.541550	-1.131534	1.375113	0.000000	0.000000
805.610000	0.541552	-1.131536	1.375111	0.000000	0.000000
805.620000	0.541553	-1.131540	1.375109	0.000000	0.000000
805.630000	0.541556	-1.131546	1.375107	0.000000	0.000000
805.640000	0.541558	-1.131552	1.375105	0.000000	0.000000
805.650000	0.541562	-1.131560	1.375103	0.000000	0.000000
805.660000	0.541565	-1.131567	1.375101	0.000000	0.000000
805.670000	0.541566	-1.131573	1.375099	0.000000	0.000000
805.680000	0.541567	-1.131576	1.375097	0.000000	0.000000
805.690000	0.541567	-1.131578	1.375094	0.000000	0.000000
805.700000	0.541567	-1.131580	1.375092	0.000000	0.000000
805.710000	0.541568	-1.131582	1.375090	0.000000	0.000000
805.720000	0.541568	-1.131586	1.375088	0.000000	0.000000
805.730000	0.541570	-1.131591	1.375087	0.000000	0.000000
805.740000	0.541572	-1.131596	1.375085	0.000000	0.000000
805.750000	0.541572	-1.131600	1.375083	0.000000	0.000000
805.760000	0.541573	-1.131602	1.375081	0.000000	0.000000
805.770000	0.541574	-1.131604	1.375080	0.000000	0.000000
805.780000	0.541575	-1.131606	1.375078	0.000000	0.000000
805.790000	0.541576	-1.131606	1.375077	0.000000	0.000000
805.800000	0.541576	-1.131605	1.375076	0.000000	0.000000
805.810000	0.541575	-1.131603	1.375075	0.000000	0.000000
805.820000	0.541574	-1.131599	1.375074	0.000000	0.000000
805.830000	0.541572	-1.131594	1.375073	0.000000	0.000000
805.840000	0.541570	-1.131587	1.375072	0.000000	0.000000
805.850000	0.541568	-1.131581	1.375071	0.000000	0.000000
805.860000	0.541567	-1.131576	1.375070	0.000000	0.000000
805.870000	0.541566	-1.131572	1.375069	0.000000	0.000000
805.880000	0.541565	-1.131568	1.375068	0.000000	0.000000
805.890000	0.541564	-1.131566	1.375067	0.000000	0.000000
805.900000	0.541564	-1.131563	1.375066	0.000000	0.000000
805.910000	0.541564	-1.131562	1.375066	0.000000	0.000000
805.920000	0.541564	-1.131561	1.375065	0.000000	0.000000
805.930000	0.541564	-1.131560	1.375064	0.000000	0.000000
805.940000	0.541565	-1.131560	1.375063	0.000000	0.000000
805.950000	0.541566	-1.131560	1.375062	0.000000	0.000000
805.960000	0.541567	-1.131560	1.375061	0.000000	0.000000
805.970000	0.541568	-1.131561	1.375060	0.000000	0.000000
805.980000	0.541568	-1.131560	1.375059	0.000000	0.000000
805.990000	0.541568	-1.131559	1.375058	0.000000	0.000000
806.000000	0.541566	-1.131556	1.375057	0.000000	0.000000
806.010000	0.541565	-1.131552	1.375056	0.000000	0.000000
806.020000	0.541564	-1.131548	1.375055	0.000000	0.000000
806.030000	0.541563	-1.131545	1.375054	0.000000	0.000000
806.040000	0.541562	-1.131544	1.375053	0.000000	0.000000
806.050000	0.541562	-1.131544	1.375052	0.000000	0.000000
806.060000	0.541563	-1.131546	1.375052	0.000000	0.000000
806.070000	0.541564	-1.131548	1.375051	0.000000	0.000000
806.080000	0.541565	-1.131552	1.375050	0.000000	0.000000
806.090000	0.541566	-1.131555	1.375050	0.000000	0.000000
806.100000	0.541567	-1.131557	1.375050	0.000000	0.000000
806.110000	0.541567	-1.131557	1.375049	0.000000	0.000000
806.120000	0.541567	-1.131556	1.375049	0.000000	0.000000
806.130000	0.541567	-1.131553	1.375049	0.000000	0.000000
806.140000	0.541565	-1.131547	1.375049	0.000000	0.000000
806.150000	0.541564	-1.131540	1.375048	0.000000	0.000000
806.160000	0.541562	-1.131532	1.375048	0.000000	0.000000
806.170000	0.541560	-1.131524	1.375048	0.000000	0.000000
806.180000	0.541559	-1.131516	1.375048	0.000000	0.000000
806.190000	0.541558	-1.131508	1.375049	0.000000	0.000000
806.200000	0.541557	-1.131502	1.375049	0.000000	0.000000
806.210000	0.541557	-1.131497	1.375049	0.000000	0.000000
806.220000	0.541557	-1.131492	1.375049	0.000000	0.000000
806.230000	0.541556	-1.131489	1.375049	0.000000	0.000000
806.240000	0.541556	-1.131485	1.375049	0.000000	0.000000
806.250000	0.541556	-1.131482	1.375049	0.000000	0.000000
806.260000	0.541555	-1.131479	1.375049	0.000000	0.000000
806.270000	0.541554	-1.131477	1.375050	0.000000	0.000000
806.280000	0.541554	-1.131474	1.375050	0.000000	0.000000
806.290000	0.541552	-1.131472	1.375050	0.000000	0.000000
806.300000	0.541551	-1.131470	1.375050	0.000000	0.000000
806.310000	0.541551	-1.131468	1.375050	0.000000	0.000000
806.320000	0.541551	-1.131468	1.375050	0.000000	0.000000
806.330000	0.541551	-1.131468	1.375049	0.000000	0.000000
806.340000	0.541551	-1.131468	1.375049	0.000000	0.000000
806.350000	0.541550	-1.131468	1.375049	0.000000	0.000000
806.360000	0.541550	-1.131468	1.375049	0.000000	0.000000
806.370000	0.541549	-1.131470	1.375049	0.000000	0.000000
806.380000	0.541549	-1.131472	1.375048	0.000000	0.000000
806.390000	0.541548	-1.131475	1.375048	0.000000	0.000000
806.400000	0.541548	-1.131478	1.375048	0.000000	0.000000
806.410000	0.541547	-1.131479	1.375048	0.000000	0.000000
806.420000	0.541546	-1.131480	1.375047	0.000000	0.000000
806.430000	0.541544	-1.131480	1.375047	0.000000	0.000000
806.440000	0.541543	-1.131479	1.375047	0.000000	0.000000
806.450000	0.541541	-1.131478	1.375046	0.000000	0.000000
806.460000	0.541539	-1.131477	1.375046	0.000000	0.000000
806.470000	0.541537	-1.131476	1.375046	0.000000	0.000000
806.480000	0.541535	-1.131475	1.375045	0.000000	0.000000
806.490000	0.541533	-1.131475	1.375045	0.000000	0.000000
806.500000	0.541531	-1.131474	1.375044	0.000000	0.000000
806.510000	0.541530	-1.131475	1.375044	0.000000	0.000000
806.520000	0.541528	-1.131474	1.375043	0.000000	0.000000
806.530000	0.541527	-1.131473	1.375043	0.000000	0.000000
806.540000	0.541524	-1.131470	1.375042	0.000000	0.000000
806.550000	0.541522	-1.131467	1.375042	0.000000	0.000000
806.560000	0.541520	-1.131465	1.375041	0.000000	0.000000
806.570000	0.541519	-1.131465	1.375041	0.000000	0.000000
806.580000	0.541518	-1.131465	1.375041	0.000000	0.000000
806.590000	0.541517	-1.131465	1.375040	0.000000	0.000000
806.600000	0.541516	-1.131464	1.375040	0.000000	0.000000
806.610000	0.541514	-1.131462	1.375040	0.000000	0.000000
806.620000	0.541513	-1.131460	1.375039	0.000000	0.000000
806.630000	0.541512	-1.131458	1.375039	0.000000	0.000000
806.640000	0.541511	-1.131457	1.375039	0.000000	0.000000
806.650000	0.541510	-1.131456	1.375039	0.000000	0.000000
806.660000	0.541509	-1.131455	1.375039	0.000000	0.000000
806.670000	0.541509	-1.131454	1.375039	0.000000	0.000000
806.680000	0.541510	-1.131453	1.375039	0.000000	0.000000
806.690000	0.541511	-1.131453	1.375039	0.000000	0.000000
806.700000	0.541512	-1.131452	1.375039	0.000000	0.000000
806.710000	0.541513	-1.131451	1.375039	0.000000	0.000000
806.720000	0.541513	-1.131449	1.375039	0.000000	0.000000
806.730000	0.541513	-1.131447	1.375039	0.000000	0.000000
806.740000	0.541513	-1.131443	1.375040	0.000000	0.000000
806.750000	0.541513	-1.131440	1.375040	0.000000	0.000000
806.760000	0.541513	-1.131436	1.375040	0.000000	0.000000
806.770000	0.541513	-1.131434	1.375041	0.000000	0.000000
806.780000	0.541513	-1.131432	1.375041	0.000000	0.000000
806.790000	0.541513	-1.131431	1.375042	0.000000	0.000000
806.800000	0.541513	-1.131429	1.375042	0.000000	0.000000
806.810000	0.541512	-1.131427	1.375043	0.000000	0.000000
806.820000	0.541512	-1.131423	1.375043	0.000000	0.000000
806.830000	0.541511	-1.131418	1.375044	0.000000	0.000000
806.840000	0.541510	-1.131413	1.375045	0.000000	0.000000
806.850000	0.541509	-1.131408	1.375046	0.000000	0.000000
806.860000	0.541509	-1.131401	1.375047	0.000000	0.000000
806.870000	0.541507	-1.131394	1.375048	0.000000	0.000000
806.880000	0.541505	-1.131385	1.375049	0.000000	0.000000
806.890000	0.541503	-1.131377	1.375050	0.000000	0.000000
806.900000	0.541501	-1.131369	1.375051	0.000000	0.000000
806.910000	0.541500	-1.131363	1.375052	0.000000	0.000000
806.920000	0.541498	-1.131356	1.375053	0.000000	0.000000
806.930000	0.541497	-1.131351	1.375055	0.000000	0.000000
806.940000	0.541497	-1.131347	1.375056	0.000000	0.000000
806.950000	0.541497	-1.131342	1.375058	0.000000	0.000000
806.960000	0.541496	-1.131338	1.375059	0.000000	0.000000
806.970000	0.541496	-1.131332	1.375060	0.000000	0.000000
806.980000	0.541495	-1.131325	1.375062	0.000000	0.000000
806.990000	0.541493	-1.131317	1.375063	0.000000	0.000000
807.000000	0.541491	-1.131306	1.375065	0.000000	0.000000
807.010000	0.541488	-1.131294	1.375066	0.000000	0.000000
807.020000	0.541486	-1.131281	1.375068	0.000000	0.000000
807.030000	0.541484	-1.131270	1.375069	0.000000	0.000000
807.040000	0.541482	-1.131260	1.375071	0.000000	0.000000
807.050000	0.541481	-1.131253	1.375072	0.000000	0.000000
807.060000	0.541481	-1.131247	1.375074	0.000000	0.000000
807.070000	0.541481	-1.131243	1.375075	0.000000	0.000000
807.080000	0.541482	-1.131239	1.375077	0.000000	0.000000
807.090000	0.541482	-1.131235	1.375078	0.000000	0.000000
807.100000	0.541483	-1.131231	1.375080	0.000000	0.000000
807.110000	0.541483	-1.131226	1.375081	0.000000	0.000000
807.120000	0.541484	-1.131220	1.375082	0.000000	0.000000
807.130000	0.541484	-1.131213	1.375083	0.000000	0.000000
807.140000	0.541484	-1.131204	1.375085	0.000000	0.000000
807.150000	0.541484	-1.131195	1.375086	0.000000	0.000000
807.160000	0.541483	-1.131185	1.375087	0.000000	0.000000
807.170000	0.541483	-1.131174	1.375088	0.000000	0.000000
807.180000	0.541482	-1.131164	1.375089	0.000000	0.000000
807.190000	0.541483	-1.131157	1.375090	0.000000	0.000000
807.200000	0.541484	-1.131150	1.375091	0.000000	0.000000
807.210000	0.541486	-1.131145	1.375091	0.000000	0.000000
807.220000	0.541488	-1.131140	1.375092	0.000000	0.000000
807.230000	0.541489	-1.131135	1.375093	0.000000	0.000000
807.240000	0.541491	-1.131129	1.375094	0.000000	0.000000
807.250000	0.541492	-1.131123	1.375094	0.000000	0.000000
807.260000	0.541494	-1.131115	1.375095	0.000000	0.000000
807.270000	0.541494	-1.131104	1.375096	0.000000	0.000000
807.280000	0.541492	-1.131091	1.375096	0.000000	0.000000
807.290000	0.541492	-1.131078	1.375097	0.000000	0.000000
807.300000	0.541492	-1.131068	1.375097	0.000000	0.000000
807.310000	0.541494	-1.131060	1.375098	0.000000	0.000000
807.320000	0.541495	-1.131053	1.375099	0.000000	0.000000
807.330000	0.541497	-1.131046	1.375099	0.000000	0.000000
807.340000	0.541498	-1.131038	1.375100	0.000000	0.000000
807.350000	0.541499	-1.131032	1.375100	0.000000	0.000000
807.360000	0.541501	-1.131026	1.375101	0.000000	0.000000
807.370000	0.541504	-1.131022	1.375102	0.000000	0.000000
807.380000	0.541507	-1.131021	1.375102	0.000000	0.000000
807.390000	0.541510	-1.131021	1.375103	0.000000	0.000000
807.400000	0.541514	-1.131021	1.375104	0.000000	0.000000
807.410000	0.541517	-1.131020	1.375105	0.000000	0.000000
807.420000	0.541520	-1.131017	1.375105	0.000000	0.000000
807.430000	0.541521	-1.131011	1.375106	0.000000	0.000000
807.440000	0.541522	-1.131001	1.375107	0.000000	0.000000
807.450000	0.541521	-1.130987	1.375107	0.000000	0.000000
807.460000	0.541520	-1.130972	1.375108	0.000000	0.000000
807.470000	0.541519	-1.130959	1.375109	0.000000	0.000000
807.480000	0.541518	-1.130948	1.375110	0.000000	0.000000
807.490000	0.541519	-1.130939	1.375111	0.000000	0.000000
807.500000	0.541519	-1.130932	1.375112	0.000000	0.000000
807.510000	0.541520	-1.130926	1.375112	0.000000	0.000000
807.520000	0.541520	-1.130921	1.375113	0.000000	0.000000
807.530000	0.541521	-1.130915	1.375114	0.000000	0.000000
807.540000	0.541522	-1.130910	1.375115	0.000000	0.000000
807.550000	0.541524	-1.130906	1.375116	0.000000	0.000000
807.560000	0.541525	-1.130902	1.375117	0.000000	0.000000
807.570000	0.541527	-1.130898	1.375118	0.000000	0.000000
807.580000	0.541528	-1.130892	1.375118	0.000000	0.000000
807.590000	0.541529	-1.130884	1.375119	0.000000	0.000000
807.600000	0.541529	-1.130876	1.375120	0.000000	0.000000
807.610000	0.541530	-1.130869	1.375121	0.000000	0.000000
807.620000	0.541531	-1.130862	1.375122	0.000000	0.000000
807.630000	0.541532	-1.130855	1.375123	0.000000	0.000000
807.640000	0.541533	-1.130848	1.375123	0.000000	0.000000
807.650000	0.541534	-1.130842	1.375124	0.000000	0.000000
807.660000	0.541536	-1.130837	1.375125	0.000000	0.000000
807.670000	0.541538	-1.130834	1.375126	0.000000	0.000000
807.680000	0.541540	-1.130830	1.375127	0.000000	0.000000
807.690000	0.541542	-1.130825	1.375128	0.000000	0.000000
807.700000	0.541543	-1.130820	1.375130	0.000000	0.000000
807.710000	0.541544	-1.130813	1.375131	0.000000	0.000000
807.720000	0.541544	-1.130806	1.375132	0.000000	0.000000
807.730000	0.541545	-1.130800	1.375134	0.000000	0.000000
807.740000	0.541545	-1.130793	1.375135	0.000000	0.000000
807.750000	0.541546	-1.130788	1.375136	0.000000	0.000000
807.760000	0.541547	-1.130782	1.375138	0.000000	0.000000
807.770000	0.541548	-1.130776	1.375139	0.000000	0.000000
807.780000	0.541549	-1.130770	1.375141	0.000000	0.000000
807.790000	0.541550	-1.130763	1.375143	0.000000	0.000000
807.800000	0.541550	-1.130755	1.375144	0.000000	0.000000
807.810000	0.541551	-1.130747	1.375146	0.000000	0.000000
807.820000	0.541551	-1.130740	1.375147	0.000000	0.000000
807.830000	0.541552	-1.130733	1.375149	0.000000	0.000000
807.840000	0.541553	-1.130727	1.375151	0.000000	0.000000
807.850000	0.541554	-1.130721	1.375152	0.000000	0.000000
807.860000	0.541555	-1.130716	1.375154	0.000000	0.000000
807.870000	0.541556	-1.130710	1.375156	0.000000	0.000000
807.880000	0.541556	-1.130704	1.375157	0.000000	0.000000
807.890000	0.541555	-1.130698	1.375159	0.000000	0.000000
807.900000	0.541554	-1.130691	1.375161	0.000000	0.000000
807.910000	0.541554	-1.130684	1.375163	0.000000	0.000000
807.920000	0.541553	-1.130678	1.375164	0.000000	0.000000
807.930000	0.541554	-1.130672	1.375166	0.000000	0.000000
807.940000	0.541555	-1.130667	1.375168	0.000000	0.000000
807.950000	0.541555	-1.130662	1.375169	0.000000	0.000000
807.960000	0.541555	-1.130657	1.375171	0.000000	0.000000
807.970000	0.541556	-1.130652	1.375172	0.000000	0.000000
807.980000	0.541557	-1.130648	1.375174	0.000000	0.000000
807.990000	0.541559	-1.130645	1.375175	0.000000	0.000000
808.000000	0.541560	-1.130641	1.375177	0.000000	0.000000
808.010000	0.541561	-1.130637	1.375178	0.000000	0.000000
808.020000	0.541562	-1.130633	1.375180	0.000000	0.000000
808.030000	0.541562	-1.130629	1.375181	0.000000	0.000000
808.040000	0.541563	-1.130625	1.375183	0.000000	0.000000
808.050000	0.541563	-1.130618	1.375184	0.000000	0.000000
808.060000	0.541562	-1.130611	1.375186	0.000000	0.000000
808.070000	0.541562	-1.130605	1.375187	0.000000	0.000000
808.080000	0.541562	-1.130599	1.375189	0.000000	0.000000
808.090000	0.541562	-1.130595	1.375190	0.000000	0.000000
808.100000	0.541562	-1.130592	1.375192	0.000000	0.000000
808.110000	0.541562	-1.130587	1.375193	0.000000	0.000000
808.120000	0.541562	-1.130581	1.375195	0.000000	0.000000
808.130000	0.541560	-1.130574	1.375196	0.000000	0.000000
808.140000	0.541559	-1.130568	1.375198	0.000000	0.000000
808.150000	0.541558	-1.130563	1.375200	0.000000	0.000000
808.160000	0.541557	-1.130559	1.375201	0.000000	0.000000
808.170000	0.541557	-1.130556	1.375203	0.000000	0.000000
808.180000	0.541557	-1.130552	1.375205	0.000000	0.000000
808.190000	0.541556	-1.130548	1.375206	0.000000	0.000000
808.200000	0.541555	-1.130544	1.375208	0.000000	0.000000
808.210000	0.541555	-1.130539	1.375210	0.000000	0.000000
808.220000	0.541554	-1.130535	1.375211	0.000000	0.000000
808.230000	0.541553	-1.130530	1.375213	0.000000	0.000000
808.240000	0.541552	-1.130525	1.375215	0.000000	0.000000
808.250000	0.541551	-1.130521	1.375216	0.000000	0.000000
808.260000	0.541550	-1.130515	1.375218	0.000000	0.000000
808.270000	0.541548	-1.130509	1.375220	0.000000	0.000000
808.280000	0.541547	-1.130503	1.375221	0.000000	0.000000
808.290000	0.541546	-1.130497	1.375223	0.000000	0.000000
808.300000	0.541545	-1.130491	1.375224	0.000000	0.000000
808.310000	0.541545	-1.130487	1.375226	0.000000	0.000000
808.320000	0.541546	-1.130483	1.375227	0.000000	0.000000
808.330000	0.541546	-1.130480	1.375228	0.000000	0.000000
808.340000	0.541546	-1.130474	1.375230	0.000000	0.000000
808.350000	0.541545	-1.130466	1.375231	0.000000	0.000000
808.360000	0.541544	-1.130458	1.375232	0.000000	0.000000
808.370000	0.541544	-1.130451	1.375233	0.000000	0.000000
808.380000	0.541544	-1.130445	1.375234	0.000000	0.000000
808.390000	0.541544	-1.130439	1.375235	0.000000	0.000000
808.400000	0.541543	-1.130432	1.375236	0.000000	0.000000
808.410000	0.541543	-1.130426	1.375237	0.000000	0.000000
808.420000	0.541543	-1.130423	1.375238	0.000000	0.000000
808.430000	0.541545	-1.130421	1.375239	0.000000	0.000000
808.440000	0.541545	-1.130420	1.375239	0.000000	0.000000
808.450000	0.541546	-1.130418	1.375240	0.000000	0.000000
808.460000	0.541546	-1.130414	1.375241	0.000000	0.000000
808.470000	0.541546	-1.130409	1.375241	0.000000	0.000000
808.480000	0.541546	-1.130403	1.375242	0.000000	0.000000
808.490000	0.541545	-1.130398	1.375242	0.000000	0.000000
808.500000	0.541545	-1.130393	1.375243	0.000000	0.000000
808.510000	0.541545	-1.130388	1.375244	0.000000	0.000000
808.520000	0.541545	-1.130385	1.375244	0.000000	0.000000
808.530000	0.541545	-1.130381	1.375245	0.000000	0.000000
808.540000	0.541546	-1.130378	1.375245	0.000000	0.000000
808.550000	0.541546	-1.130374	1.375245	0.000000	0.000000
808.560000	0.541546	-1.130370	1.375246	0.000000	0.000000
808.570000	0.541546	-1.130365	1.375246	0.000000	0.000000
808.580000	0.541545	-1.130359	1.375247	0.000000	0.000000
808.590000	0.541545	-1.130354	1.375247	0.000000	0.000000
808.600000	0.541545	-1.130349	1.375247	0.000000	0.000000
808.610000	0.541544	-1.130344	1.375248	0.000000	0.000000
808.620000	0.541545	-1.130339	1.375248	0.000000	0.000000
808.630000	0.541545	-1.130335	1.375248	0.000000	0.000000
808.640000	0.541545	-1.130331	1.375248	0.000000	0.000000
808.650000	0.541545	-1.130329	1.375249	0.000000	0.000000
808.660000	0.541546	-1.130327	1.375249	0.000000	0.000000
808.670000	0.541547	-1.130328	1.375249	0.000000	0.000000
808.680000	0.541549	-1.130329	1.375249	0.000000	0.000000
808.690000	0.541550	-1.130330	1.375249	0.000000	0.000000
808.700000	0.541552	-1.130330	1.375249	0.000000	0.000000
808.710000	0.541553	-1.130329	1.375249	0.000000	0.000000
808.720000	0.541553	-1.130326	1.375250	0.000000	0.000000
808.730000	0.541553	-1.130321	1.375250	0.000000	0.000000
808.740000	0.541553	-1.130315	1.375250	0.000000	0.000000
808.750000	0.541553	-1.130309	1.375250	0.000000	0.000000
808.760000	0.541554	-1.130304	1.375250	0.000000	0.000000
808.770000	0.541554	-1.130299	1.375250	0.000000	0.000000
808.780000	0.541555	-1.130294	1.375250	0.000000	0.000000
808.790000	0.541556	-1.130289	1.375250	0.000000	0.000000
808.800000	0.541557	-1.130285	1.375250	0.000000	0.000000
808.810000	0.541558	-1.130280	1.375250	0.000000	0.000000
808.820000	0.541558	-1.130275	1.375250	0.000000	0.000000
808.830000	0.541558	-1.130269	1.375250	0.000000	0.000000
808.840000	0.541557	-1.130261	1.375250	0.000000	0.000000
808.850000	0.541556	-1.130254	1.375250	0.000000	0.000000
808.860000	0.541555	-1.130246	1.375250	0.000000	0.000000
808.870000	0.541554	-1.130239	1.375251	0.000000	0.000000
808.880000	0.541554	-1.130233	1.375251	0.000000	0.000000
808.890000	0.541554	-1.130228	1.375251	0.000000	0.000000
808.900000	0.541554	-1.130223	1.375251	0.000000	0.000000
808.910000	0.541555	-1.130219	1.375251	0.000000	0.000000
808.920000	0.541556	-1.130214	1.375251	0.000000	0.000000
808.930000	0.541556	-1.130210	1.375251	0.000000	0.000000
808.940000	0.541557	-1.130205	1.375251	0.000000	0.000000
808.950000	0.541559	-1.130201	1.375251	0.000000	0.000000
808.960000	0.541560	-1.130198	1.375251	0.000000	0.000000
808.970000	0.541561	-1.130197	1.375250	0.000000	0.000000
808.980000	0.541563	-1.130196	1.375250	0.000000	0.000000
808.990000	0.541565	-1.130195	1.375250	0.000000	0.000000
809.000000	0.541567	-1.130195	1.375250	0.000000	0.000000
809.010000	0.541569	-1.130195	1.375250	0.000000	0.000000
809.020000	0.541571	-1.130196	1.375249	0.000000	0.000000
809.030000	0.541572	-1.130197	1.375249	0.000000	0.000000
809.040000	0.541574	-1.130197	1.375249	0.000000	0.000000
809.050000	0.541575	-1.130197	1.375248	0.000000	0.000000
809.060000	0.541575	-1.130194	1.375248	0.000000	0.000000
809.070000	0.541575	-1.130190	1.375247	0.000000	0.000000
809.080000	0.541575	-1.130185	1.375247	0.000000	0.000000
809.090000	0.541575	-1.130180	1.375246	0.000000	0.000000
809.100000	0.541576	-1.130178	1.375246	0.000000	0.000000
809.110000	0.541577	-1.130177	1.375245	0.000000	0.000000
809.120000	0.541579	-1.130177	1.375245	0.000000	0.000000
809.130000	0.541580	-1.130177	1.375244	0.000000	0.000000
809.140000	0.541581	-1.130176	1.375244	0.000000	0.000000
809.150000	0.541582	-1.130176	1.375243	0.000000	0.000000
809.160000	0.541583	-1.130176	1.375242	0.000000	0.000000
809.170000	0.541585	-1.130176	1.375242	0.000000	0.000000
809.180000	0.541586	-1.130177	1.375241	0.000000	0.000000
809.190000	0.541588	-1.130179	1.375240	0.000000	0.000000
809.200000	0.541590	-1.130182	1.375240	0.000000	0.000000
809.210000	0.541593	-1.130186	1.375239	0.000000	0.000000
809.220000	0.541596	-1.130190	1.375239	0.000000	0.000000
809.230000	0.541600	-1.130196	1.375238	0.000000	0.000000
809.240000	0.541603	-1.130200	1.375238	0.000000	0.000000
809.250000	0.541605	-1.130205	1.375237	0.000000	0.000000
809.260000	0.541608	-1.130208	1.375237	0.000000	0.000000
809.270000	0.541610	-1.130209	1.375236	0.000000	0.000000
809.280000	0.541613	-1.130210	1.375236	0.000000	0.000000
809.290000	0.541615	-1.130209	1.375235	0.000000	0.000000
809.300000	0.541616	-1.130208	1.375235	0.000000	0.000000
809.310000	0.541617	-1.130206	1.375234	0.000000	0.000000
809.320000	0.541618	-1.130204	1.375234	0.000000	0.000000
809.330000	0.541619	-1.130202	1.375233	0.000000	0.000000
809.340000	0.541620	-1.130200	1.375233	0.000000	0.000000
809.350000	0.541620	-1.130197	1.375232	0.000000	0.000000
809.360000	0.541619	-1.130194	1.375232	0.000000	0.000000
809.370000	0.541619	-1.130189	1.375231	0.000000	0.000000
809.380000	0.541618	-1.130183	1.375231	0.000000	0.000000
809.390000	0.541617	-1.130176	1.375230	0.000000	0.000000
809.400000	0.541616	-1.130170	1.375230	0.000000	0.000000
809.410000	0.541616	-1.130165	1.375229	0.000000	0.000000
809.420000	0.541616	-1.130161	1.375228	0.000000	0.000000
809.430000	0.541615	-1.130158	1.375228	0.000000	0.000000
809.440000	0.541615	-1.130155	1.375227	0.000000	0.000000
809.450000	0.541616	-1.130154	1.375227	0.000000	0.000000
809.460000	0.541616	-1.130154	1.375226	0.000000	0.000000
809.470000	0.541617	-1.130156	1.375225	0.000000	0.000000
809.480000	0.541618	-1.130158	1.375224	0.000000	0.000000
809.490000	0.541619	-1.130161	1.375224	0.000000	0.000000
809.500000	0.541620	-1.130164	1.375223	0.000000	0.000000
809.510000	0.541622	-1.130168	1.375222	0.000000	0.000000
809.520000	0.541624	-1.130172	1.375221	0.000000	0.000000
809.530000	0.541625	-1.130176	1.375220	0.000000	0.000000
809.540000	0.541627	-1.130180	1.375219	0.000000	0.000000
809.550000	0.541629	-1.130185	1.375218	0.000000	0.000000
809.560000	0.541630	-1.130189	1.375217	0.000000	0.000000
809.570000	0.541631	-1.130192	1.375216	0.000000	0.000000
809.580000	0.541631	-1.130192	1.375215	0.000000	0.000000
809.590000	0.541631	-1.130191	1.375214	0.000000	0.000000
809.600000	0.541631	-1.130190	1.375213	0.000000	0.000000
809.610000	0.541631	-1.130190	1.375212	0.000000	0.000000
809.620000	0.541631	-1.130191	1.375210	0.000000	0.000000
809.630000	0.541631	-1.130194	1.375209	0.000000	0.000000
809.640000	0.541632	-1.130198	1.375208	0.000000	0.000000
809.650000	0.541632	-1.130201	1.375207	0.000000	0.000000
809.660000	0.541633	-1.130204	1.375206	0.000000	0.000000
809.670000	0.541633	-1.130206	1.375204	0.000000	0.000000
809.680000	0.541633	-1.130208	1.375203	0.000000	0.000000
809.690000	0.541633	-1.130210	1.375202	0.000000	0.000000
809.700000	0.541633	-1.130212	1.375200	0.000000	0.000000
809.710000	0.541634	-1.130214	1.375199	0.000000	0.000000
809.720000	0.541634	-1.130218	1.375198	0.000000	0.000000
809.730000	0.541635	-1.130221	1.375196	0.000000	0.000000
809.740000	0.541636	-1.130223	1.375195	0.000000	0.000000
809.750000	0.541636	-1.130225	1.375194	0.000000	0.000000
809.760000	0.541636	-1.130226	1.375192	0.000000	0.000000
809.770000	0.541635	-1.130228	1.375191	0.000000	0.000000
809.780000	0.541635	-1.130229	1.375190	0.000000	0.000000
809.790000	0.541635	-1.130231	1.375188	0.000000	0.000000
809.800000	0.541635	-1.130233	1.375187	0.000000	0.000000
809.810000	0.541636	-1.130235	1.375185	0.000000	0.000000
809.820000	0.541637	-1.130238	1.375184	0.000000	0.000000
809.830000	0.541637	-1.130241	1.375182	0.000000	0.000000
809.840000	0.541637	-1.130244	1.375181	0.000000	0.000000
809.850000	0.541638	-1.130248	1.375179	0.000000	0.000000
809.860000	0.541639	-1.130251	1.375178	0.000000	0.000000
809.870000	0.541639	-1.130254	1.375176	0.000000	0.000000
809.880000	0.541639	-1.130257	1.375174	0.000000	0.000000
809.890000	0.541639	-1.130259	1.375173	0.000000	0.000000
809.900000	0.541638	-1.130259	1.375171	0.000000	0.000000
809.910000	0.541638	-1.130260	1.375169	0.000000	0.000000
809.920000	0.541637	-1.130260	1.375167	0.000000	0.000000
809.930000	0.541638	-1.130262	1.375164	0.000000	0.000000
809.940000	0.541640	-1.130266	1.375162	0.000000	0.000000
809.950000	0.541643	-1.130274	1.375160	0.000000	0.000000
809.960000	0.541647	-1.130284	1.375157	0.000000	0.000000
809.970000	0.541652	-1.130296	1.375155	0.000000	0.000000
809.980000	0.541656	-1.130308	1.375152	0.000000	0.000000
809.990000	0.541661	-1.130321	1.375149	0.000000	0.000000
810.000000	0.541666	-1.130331	1.375146	0.000000	0.000000
810.010000	0.541669	-1.130337	1.375143	0.000000	0.000000
810.020000	0.541670	-1.130335	1.375140	0.000000	0.000000
810.030000	0.541670	-1.130333	1.375137	0.000000	0.000000
810.040000	0.541673	-1.130335	1.375134	0.000000	0.000000
810.050000	0.541676	-1.130344	1.375130	0.000000	0.000000
810.060000	0.541681	-1.130357	1.375127	0.000000	0.000000
810.070000	0.541687	-1.130371	1.375124	0.000000	0.000000
810.080000	0.541692	-1.130385	1.375121	0.000000	0.000000
810.090000	0.541697	-1.130397	1.375117	0.000000	0.000000
810.100000	0.541701	-1.130407	1.375114	0.000000	0.000000
810.110000	0.541705	-1.130416	1.375111	0.000000	0.000000
810.120000	0.541708	-1.130424	1.375108	0.000000	0.000000
810.130000	0.541712	-1.130433	1.375106	0.000000	0.000000
810.140000	0.541717	-1.130443	1.375103	0.000000	0.000000
810.150000	0.541721	-1.130452	1.375100	0.000000	0.000000
810.160000	0.541724	-1.130461	1.375098	0.000000	0.000000
810.170000	0.541728	-1.130468	1.375095	0.000000	0.000000
810.180000	0.541730	-1.130474	1.375093	0.000000	0.000000
810.190000	0.541733	-1.130478	1.375091	0.000000	0.000000
810.200000	0.541735	-1.130479	1.375089	0.000000	0.000000
810.210000	0.541736	-1.130478	1.375087	0.000000	0.000000
810.220000	0.541736	-1.130475	1.375085	0.000000	0.000000
810.230000	0.541736	-1.130470	1.375083	0.000000	0.000000
810.240000	0.541737	-1.130466	1.375081	0.000000	0.000000
810.250000	0.541737	-1.130461	1.375079	0.000000	0.000000
810.260000	0.541737	-1.130457	1.375078	0.000000	0.000000
810.270000	0.541737	-1.130453	1.375076	0.000000	0.000000
810.280000	0.541737	-1.130452	1.375074	0.000000	0.000000
810.290000	0.541738	-1.130452	1.375072	0.000000	0.000000
810.300000	0.541740	-1.130453	1.375071	0.000000	0.000000
810.310000	0.541742	-1.130456	1.375069	0.000000	0.000000
810.320000	0.541743	-1.130461	1.375067	0.000000	0.000000
810.330000	0.541745	-1.130466	1.375065	0.000000	0.000000
810.340000	0.541747	-1.130471	1.375063	0.000000	0.000000
810.350000	0.541748	-1.130476	1.375061	0.000000	0.000000
810.360000	0.541749	-1.130480	1.375059	0.000000	0.000000
810.370000	0.541750	-1.130483	1.375057	0.000000	0.000000
810.380000	0.541750	-1.130486	1.375055	0.000000	0.000000
810.390000	0.541751	-1.130489	1.375053	0.000000	0.000000
810.400000	0.541751	-1.130492	1.375052	0.000000	0.000000
810.410000	0.541752	-1.130495	1.375050	0.000000	0.000000
810.420000	0.541754	-1.130501	1.375048	0.000000	0.000000
810.430000	0.541756	-1.130507	1.375046	0.000000	0.000000
810.440000	0.541758	-1.130514	1.375044	0.000000	0.000000
810.450000	0.541760	-1.130520	1.375043	0.000000	0.000000
810.460000	0.541761	-1.130525	1.375041	0.000000	0.000000
810.470000	0.541761	-1.130530	1.375039	0.000000	0.000000
810.480000	0.541761	-1.130533	1.375038	0.000000	0.000000
810.490000	0.541761	-1.130536	1.375037	0.000000	0.000000
810.500000	0.541762	-1.130539	1.375035	0.000000	0.000000
810.510000	0.541762	-1.130543	1.375034	0.000000	0.000000
810.520000	0.541763	-1.130547	1.375033	0.000000	0.000000
810.530000	0.541764	-1.130552	1.375031	0.000000	0.000000
810.540000	0.541765	-1.130556	1.375030	0.000000	0.000000
810.550000	0.541765	-1.130559	1.375029	0.000000	0.000000
810.560000	0.541766	-1.130563	1.375028	0.000000	0.000000
810.570000	0.541766	-1.130565	1.375027	0.000000	0.000000
810.580000	0.541766	-1.130567	1.375026	0.000000	0.000000
810.590000	0.541766	-1.130568	1.375025	0.000000	0.000000
810.600000	0.541766	-1.130569	1.375023	0.000000	0.000000
810.610000	0.541765	-1.130568	1.375022	0.000000	0.000000
810.620000	0.541764	-1.130566	1.375021	0.000000	0.000000
810.630000	0.541763	-1.130563	1.375019	0.000000	0.000000
810.640000	0.541761	-1.130561	1.375018	0.000000	0.000000
810.650000	0.541760	-1.130558	1.375017	0.000000	0.000000
810.660000	0.541758	-1.130555	1.375015	0.000000	0.000000
810.670000	0.541757	-1.130554	1.375014	0.000000	0.000000
810.680000	0.541757	-1.130555	1.375012	0.000000	0.000000
810.690000	0.541756	-1.130557	1.375011	0.000000	0.000000
810.700000	0.541756	-1.130560	1.375010	0.000000	0.000000
810.710000	0.541756	-1.130564	1.375008	0.000000	0.000000
810.720000	0.541756	-1.130569	1.375007	0.000000	0.000000
810.730000	0.541755	-1.130575	1.375005	0.000000	0.000000
810.740000	0.541755	-1.130581	1.375004	0.000000	0.000000
810.750000	0.541755	-1.130586	1.375003	0.000000	0.000000
810.760000	0.541755	-1.130591	1.375001	0.000000	0.000000
810.770000	0.541754	-1.130596	1.375000	0.000000	0.000000
810.780000	0.541754	-1.130599	1.374999	0.000000	0.000000
810.790000	0.541754	-1.130603	1.374998	0.000000	0.000000
810.800000	0.541753	-1.130606	1.374997	0.000000	0.000000
810.810000	0.541752	-1.130608	1.374996	0.000000	0.000000
810.820000	0.541750	-1.130611	1.374994	0.000000	0.000000
810.830000	0.541748	-1.130614	1.374993	0.000000	0.000000
810.840000	0.541746	-1.130617	1.374992	0.000000	0.000000
810.850000	0.541744	-1.130621	1.374991	0.000000	0.000000
810.860000	0.541743	-1.130624	1.374990	0.000000	0.000000
810.870000	0.541741	-1.130628	1.374989	0.000000	0.000000
810.880000	0.541739	-1.130631	1.374988	0.000000	0.000000
810.890000	0.541737	-1.130633	1.374987	0.000000	0.000000
810.900000	0.541735	-1.130636	1.374986	0.000000	0.000000
810.910000	0.541733	-1.130640	1.374985	0.000000	0.000000
810.920000	0.541732	-1.130644	1.374984	0.000000	0.000000
810.930000	0.541731	-1.130649	1.374983	0.000000	0.000000
810.940000	0.541729	-1.130653	1.374982	0.000000	0.000000
810.950000	0.541728	-1.130658	1.374982	0.000000	0.000000
810.960000	0.541726	-1.130661	1.374981	0.000000	0.000000
810.970000	0.541724	-1.130664	1.374980	0.000000	0.000000
810.980000	0.541722	-1.130666	1.374979	0.000000	0.000000
810.990000	0.541720	-1.130668	1.374978	0.000000	0.000000
811.000000	0.541718	-1.130670	1.374977	0.000000	0.000000
811.010000	0.541716	-1.130673	1.374977	0.000000	0.000000
811.020000	0.541714	-1.130675	1.374976	0.000000	0.000000
811.030000	0.541713	-1.130679	1.374975	0.000000	0.000000
811.040000	0.541713	-1.130683	1.374975	0.000000	0.000000
811.050000	0.541713	-1.130689	1.374974	0.000000	0.000000
811.060000	0.541712	-1.130696	1.374974	0.000000	0.000000
811.070000	0.541713	-1.130703	1.374973	0.000000	0.000000
811.080000	0.541713	-1.130710	1.374973	0.000000	0.000000
811.090000	0.541712	-1.130715	1.374973	0.000000	0.000000
811.100000	0.541711	-1.130719	1.374973	0.000000	0.000000
811.110000	0.541710	-1.130721	1.374972	0.000000	0.000000
811.120000	0.541708	-1.130723	1.374972	0.000000	0.000000
811.130000	0.541706	-1.130724	1.374972	0.000000	0.000000
811.140000	0.541705	-1.130726	1.374972	0.000000	0.000000
811.150000	0.541704	-1.130729	1.374972	0.000000	0.000000
811.160000	0.541703	-1.130733	1.374972	0.000000	0.000000
811.170000	0.541703	-1.130737	1.374972	0.000000	0.000000
811.180000	0.541703	-1.130742	1.374972	0.000000	0.000000
811.190000	0.541704	-1.130748	1.374972	0.000000	0.000000
811.200000	0.541705	-1.130754	1.374972	0.000000	0.000000
811.210000	0.541706	-1.130761	1.374973	0.000000	0.000000
811.220000	0.541707	-1.130767	1.374973	0.000000	0.000000
811.230000	0.541707	-1.130773	1.374973	0.000000	0.000000
811.240000	0.541708	-1.130778	1.374974	0.000000	0.000000
811.250000	0.541708	-1.130782	1.374974	0.000000	0.000000
811.260000	0.541707	-1.130786	1.374974	0.000000	0.000000
811.270000	0.541707	-1.130788	1.374975	0.000000	0.000000
811.280000	0.541706	-1.130790	1.374975	0.000000	0.000000
811.290000	0.541705	-1.130791	1.374976	0.000000	0.000000
811.300000	0.541704	-1.130793	1.374976	0.000000	0.000000
811.310000	0.541703	-1.130795	1.374977	0.000000	0.000000
811.320000	0.541703	-1.130799	1.374978	0.000000	0.000000
811.330000	0.541702	-1.130804	1.374978	0.000000	0.000000
811.340000	0.541702	-1.130809	1.374979	0.000000	0.000000
811.350000	0.541703	-1.130814	1.374980	0.000000	0.000000
811.360000	0.541702	-1.130818	1.374981	0.000000	0.000000
811.370000	0.541702	-1.130820	1.374981	0.000000	0.000000
811.380000	0.541701	-1.130822	1.374982	0.000000	0.000000
811.390000	0.541699	-1.130821	1.374983	0.000000	0.000000
811.400000	0.541697	-1.130821	1.374984	0.000000	0.000000
811.410000	0.541695	-1.130820	1.374985	0.000000	0.000000
811.420000	0.541694	-1.130819	1.374985	0.000000	0.000000
811.430000	0.541692	-1.130821	1.374986	0.000000	0.000000
811.440000	0.541692	-1.130823	1.374987	0.000000	0.000000
811.450000	0.541692	-1.130826	1.374988	0.000000	0.000000
811.460000	0.541692	-1.130829	1.374989	0.000000	0.000000
811.470000	0.541692	-1.130832	1.374990	0.000000	0.000000
811.480000	0.541692	-1.130834	1.374991	0.000000	0.000000
811.490000	0.541692	-1.130835	1.374992	0.000000	0.000000
811.500000	0.541691	-1.130835	1.374993	0.000000	0.000000
811.510000	0.541691	-1.130836	1.374994	0.000000	0.000000
811.520000	0.541691	-1.130836	1.374995	0.000000	0.000000
811.530000	0.541691	-1.130836	1.374996	0.000000	0.000000
811.540000	0.541690	-1.130836	1.374996	0.000000	0.000000
811.550000	0.541690	-1.130836	1.374997	0.000000	0.000000
811.560000	0.541689	-1.130835	1.374998	0.000000	0.000000
811.570000	0.541688	-1.130834	1.374999	0.000000	0.000000
811.580000	0.541688	-1.130832	1.375000	0.000000	0.000000
811.590000	0.541687	-1.130830	1.375001	0.000000	0.000000
811.600000	0.541687	-1.130827	1.375002	0.000000	0.000000
811.610000	0.541687	-1.130824	1.375003	0.000000	0.000000
811.620000	0.541687	-1.130820	1.375004	0.000000	0.000000
811.630000	0.541687	-1.130817	1.375005	0.000000	0.000000
811.640000	0.541687	-1.130813	1.375005	0.000000	0.000000
811.650000	0.541686	-1.130810	1.375006	0.000000	0.000000
811.660000	0.541686	-1.130806	1.375007	0.000000	0.000000
811.670000	0.541686	-1.130803	1.375008	0.000000	0.000000
811.680000	0.541686	-1.130799	1.375008	0.000000	0.000000
811.690000	0.541686	-1.130794	1.375009	0.000000	0.000000
811.700000	0.541686	-1.130788	1.375010	0.000000	0.000000
811.710000	0.541686	-1.130783	1.375010	0.000000	0.000000
811.720000	0.541685	-1.130779	1.375011	0.000000	0.000000
811.730000	0.541685	-1.130776	1.375012	0.000000	0.000000
811.740000	0.541686	-1.130775	1.375012	0.000000	0.000000
811.750000	0.541686	-1.130774	1.375013	0.000000	0.000000
811.760000	0.541687	-1.130773	1.375013	0.000000	0.000000
811.770000	0.541688	-1.130773	1.375013	0.000000	0.000000
811.780000	0.541689	-1.130773	1.375014	0.000000	0.000000
811.790000	0.541690	-1.130771	1.375014	0.000000	0.000000
811.800000	0.541691	-1.130769	1.375015	0.000000	0.000000
811.810000	0.541692	-1.130765	1.375015	0.000000	0.000000
811.820000	0.541692	-1.130760	1.375015	0.000000	0.000000
811.830000	0.541692	-1.130755	1.375016	0.000000	0.000000
811.840000	0.541692	-1.130750	1.375016	0.000000	0.000000
811.850000	0.541692	-1.130745	1.375017	0.000000	0.000000
811.860000	0.541693	-1.130740	1.375017	0.000000	0.000000
811.870000	0.541694	-1.130736	1.375017	0.000000	0.000000
811.880000	0.541694	-1.130730	1.375018	0.000000	0.000000
811.890000	0.541695	-1.130724	1.375018	0.000000	0.000000
811.900000	0.541695	-1.130716	1.375018	0.000000	0.000000
811.910000	0.541695	-1.130708	1.375018	0.000000	0.000000
811.920000	0.541695	-1.130700	1.375018	0.000000	0.000000
811.930000	0.541695	-1.130692	1.375019	0.000000	0.000000
811.940000	0.541695	-1.130685	1.375018	0.000000	0.000000
811.950000	0.541694	-1.130677	1.375018	0.000000	0.000000
811.960000	0.541694	-1.130670	1.375018	0.000000	0.000000
811.970000	0.541695	-1.130662	1.375018	0.000000	0.000000
811.980000	0.541694	-1.130653	1.375018	0.000000	0.000000
811.990000	0.541693	-1.130641	1.375017	0.000000	0.000000
812.000000	0.541692	-1.130628	1.375017	0.000000	0.000000
812.010000	0.541691	-1.130618	1.375017	0.000000	0.000000
812.020000	0.541692	-1.130612	1.375016	0.000000	0.000000
812.030000	0.541692	-1.130608	1.375016	0.000000	0.000000
812.040000	0.541694	-1.130605	1.375015	0.000000	0.000000
812.050000	0.541695	-1.130603	1.375014	0.000000	0.000000
812.060000	0.541696	-1.130601	1.375014	0.000000	0.000000
812.070000	0.541697	-1.130596	1.375013	0.000000	0.000000
812.080000	0.541697	-1.130590	1.375013	0.000000	0.000000
812.090000	0.541697	-1.130582	1.375012	0.000000	0.000000
812.100000	0.541696	-1.130575	1.375012	0.000000	0.000000
812.110000	0.541695	-1.130568	1.375011	0.000000	0.000000
812.120000	0.541695	-1.130563	1.375011	0.000000	0.000000
812.130000	0.541694	-1.130557	1.375010	0.000000	0.000000
812.140000	0.541694	-1.130552	1.375010	0.000000	0.000000
812.150000	0.541693	-1.130547	1.375009	0.000000	0.000000
812.160000	0.541693	-1.130542	1.375008	0.000000	0.000000
812.170000	0.541693	-1.130538	1.375008	0.000000	0.000000
812.180000	0.541693	-1.130535	1.375007	0.000000	0.000000
812.190000	0.541693	-1.130532	1.375007	0.000000	0.000000
812.200000	0.541693	-1.130527	1.375006	0.000000	0.000000
812.210000	0.541692	-1.130522	1.375006	0.000000	0.000000
812.220000	0.541691	-1.130515	1.375005	0.000000	0.000000
812.230000	0.541690	-1.130508	1.375005	0.000000	0.000000
812.240000	0.541690	-1.130503	1.375004	0.000000	0.000000
812.250000	0.541690	-1.130499	1.375004	0.000000	0.000000
812.260000	0.541691	-1.130498	1.375003	0.000000	0.000000
812.270000	0.541692	-1.130497	1.375003	0.000000	0.000000
812.280000	0.541693	-1.130496	1.375003	0.000000	0.000000
812.290000	0.541693	-1.130492	1.375002	0.000000	0.000000
812.300000	0.541692	-1.130487	1.375002	0.000000	0.000000
812.310000	0.541692	-1.130481	1.375002	0.000000	0.000000
812.320000	0.541692	-1.130477	1.375001	0.000000	0.000000
812.330000	0.541693	-1.130476	1.375001	0.000000	0.000000
812.340000	0.541694	-1.130476	1.375001	0.000000	0.000000
812.350000	0.541695	-1.130476	1.375001	0.000000	0.000000
812.360000	0.541697	-1.130476	1.375001	0.000000	0.000000
812.370000	0.541698	-1.130476	1.375001	0.000000	0.000000
812.380000	0.541699	-1.130474	1.375001	0.000000	0.000000
812.390000	0.541699	-1.130471	1.375001	0.000000	0.000000
812.400000	0.541700	-1.130467	1.375001	0.000000	0.000000
812.410000	0.541700	-1.130463	1.375001	0.000000	0.000000
812.420000	0.541701	-1.130458	1.375001	0.000000	0.000000
812.430000	0.541701	-1.130453	1.375001	0.000000	0.000000
812.440000	0.541701	-1.130448	1.375001	0.000000	0.000000
812.450000	0.541702	-1.130443	1.375001	0.000000	0.000000
812.460000	0.541702	-1.130440	1.375002	0.000000	0.000000
812.470000	0.541703	-1.130438	1.375002	0.000000	0.000000
812.480000	0.541705	-1.130435	1.375002	0.000000	0.000000
812.490000	0.541705	-1.130432	1.375003	0.000000	0.000000
812.500000	0.541705	-1.130427	1.375003	0.000000	0.000000
812.510000	0.541704	-1.130422	1.375004	0.000000	0.000000
812.520000	0.541703	-1.130416	1.375004	0.000000	0.000000
812.530000	0.541702	-1.130410	1.375005	0.000000	0.000000
812.540000	0.541701	-1.130405	1.375006	0.000000	0.000000
812.550000	0.541700	-1.130401	1.375006	0.000000	0.000000
812.560000	0.541700	-1.130398	1.375007	0.000000	0.000000
812.570000	0.541700	-1.130394	1.375008	0.000000	0.000000
812.580000	0.541700	-1.130390	1.375009	0.000000	0.000000
812.590000	0.541699	-1.130385	1.375009	0.000000	0.000000
812.600000	0.541698	-1.130380	1.375010	0.000000	0.000000
812.610000	0.541696	-1.130375	1.375011	0.000000	0.000000
812.620000	0.541695	-1.130371	1.375012	0.000000	0.000000
812.630000	0.541694	-1.130367	1.375013	0.000000	0.000000
812.640000	0.541693	-1.130365	1.375014	0.000000	0.000000
812.650000	0.541692	-1.130362	1.375015	0.000000	0.000000
812.660000	0.541690	-1.130360	1.375016	0.000000	0.000000
812.670000	0.541689	-1.130357	1.375017	0.000000	0.000000
812.680000	0.541687	-1.130354	1.375018	0.000000	0.000000
812.690000	0.541686	-1.130351	1.375019	0.000000	0.000000
812.700000	0.541684	-1.130348	1.375021	0.000000	0.000000
812.710000	0.541682	-1.130346	1.375022	0.000000	0.000000
812.720000	0.541681	-1.130345	1.375023	0.000000	0.000000
812.730000	0.541679	-1.130344	1.375024	0.000000	0.000000
812.740000	0.541678	-1.130342	1.375026	0.000000	0.000000
812.750000	0.541676	-1.130340	1.375027	0.000000	0.000000
812.760000	0.541674	-1.130336	1.375029	0.000000	0.000000
812.770000	0.541671	-1.130332	1.375030	0.000000	0.000000
812.780000	0.541669	-1.130329	1.375032	0.000000	0.000000
812.790000	0.541668	-1.130326	1.375033	0.000000	0.000000
812.800000	0.541667	-1.130323	1.375035	0.000000	0.000000
812.810000	0.541666	-1.130320	1.375036	0.000000	0.000000
812.820000	0.541665	-1.130316	1.375038	0.000000	0.000000
812.830000	0.541664	-1.130311	1.375040	0.000000	0.000000
812.840000	0.541663	-1.130305	1.375042	0.000000	0.000000
812.850000	0.541661	-1.130299	1.375044	0.000000	0.000000
812.860000	0.541660	-1.130291	1.375046	0.000000	0.000000
812.870000	0.541658	-1.130283	1.375048	0.000000	0.000000
812.880000	0.541657	-1.130275	1.375050	0.000000	0.000000
812.890000	0.541656	-1.130267	1.375052	0.000000	0.000000
812.900000	0.541654	-1.130257	1.375054	0.000000	0.000000
812.910000	0.541653	-1.130247	1.375056	0.000000	0.000000
812.920000	0.541651	-1.130235	1.375058	0.000000	0.000000
812.930000	0.541649	-1.130222	1.375060	0.000000	0.000000
812.940000	0.541646	-1.130207	1.375062	0.000000	0.000000
812.950000	0.541644	-1.130193	1.375065	0.000000	0.000000
812.960000	0.541642	-1.130179	1.375067	0.000000	0.000000
812.970000	0.541641	-1.130167	1.375069	0.000000	0.000000
812.980000	0.541640	-1.130156	1.375071	0.000000	0.000000
812.990000	0.541639	-1.130148	1.375073	0.000000	0.000000
813.000000	0.541639	-1.130141	1.375075	0.000000	0.000000
813.010000	0.541639	-1.130135	1.375077	0.000000	0.000000
813.020000	0.541639	-1.130131	1.375079	0.000000	0.000000
813.030000	0.541639	-1.130128	1.375081	0.000000	0.000000
813.040000	0.541640	-1.130125	1.375083	0.000000	0.000000
813.050000	0.541641	-1.130122	1.375085	0.000000	0.000000
813.060000	0.541641	-1.130119	1.375087	0.000000	0.000000
813.070000	0.541641	-1.130114	1.375089	0.000000	0.000000
813.080000	0.541641	-1.130108	1.375091	0.000000	0.000000
813.090000	0.541640	-1.130101	1.375093	0.000000	0.000000
813.100000	0.541639	-1.130092	1.375095	0.000000	0.000000
813.110000	0.541638	-1.130083	1.375097	0.000000	0.000000
813.120000	0.541637	-1.130074	1.375099	0.000000	0.000000
813.130000	0.541636	-1.130066	1.375100	0.000000	0.000000
813.140000	0.541636	-1.130058	1.375102	0.000000	0.000000
813.150000	0.541636	-1.130051	1.375104	0.000000	0.000000
813.160000	0.541636	-1.130045	1.375106	0.000000	0.000000
813.170000	0.541636	-1.130039	1.375108	0.000000	0.000000
813.180000	0.541637	-1.130034	1.375110	0.000000	0.000000
813.190000	0.541637	-1.130029	1.375112	0.000000	0.000000
813.200000	0.541637	-1.130024	1.375114	0.000000	0.000000
813.210000	0.541637	-1.130019	1.375116	0.000000	0.000000
813.220000	0.541638	-1.130013	1.375118	0.000000	0.000000
813.230000	0.541639	-1.130006	1.375120	0.000000	0.000000
813.240000	0.541640	-1.129999	1.375122	0.000000	0.000000
813.250000	0.541640	-1.129992	1.375124	0.000000	0.000000
813.260000	0.541641	-1.129986	1.375126	0.000000	0.000000
813.270000	0.541642	-1.129981	1.375127	0.000000	0.000000
813.280000	0.541643	-1.129977	1.375129	0.000000	0.000000
813.290000	0.541644	-1.129973	1.375131	0.000000	0.000000
813.300000	0.541646	-1.129970	1.375133	0.000000	0.000000
813.310000	0.541647	-1.129966	1.375135	0.000000	0.000000
813.320000	0.541647	-1.129962	1.375136	0.000000	0.000000
813.330000	0.541648	-1.129957	1.375138	0.000000	0.000000
813.340000	0.541648	-1.129951	1.375140	0.000000	0.000000
813.350000	0.541648	-1.129944	1.375142	0.000000	0.000000
813.360000	0.541647	-1.129937	1.375143	0.000000	0.000000
813.370000	0.541646	-1.129931	1.375145	0.000000	0.000000
813.380000	0.541645	-1.129925	1.375147	0.000000	0.000000
813.390000	0.541645	-1.129919	1.375149	0.000000	0.000000
813.400000	0.541644	-1.129914	1.375150	0.000000	0.000000
813.410000	0.541644	-1.129909	1.375152	0.000000	0.000000
813.420000	0.541645	-1.129904	1.375154	0.000000	0.000000
813.430000	0.541645	-1.129900	1.375156	0.000000	0.000000
813.440000	0.541646	-1.129895	1.375157	0.000000	0.000000
813.450000	0.541646	-1.129890	1.375159	0.000000	0.000000
813.460000	0.541646	-1.129884	1.375161	0.000000	0.000000
813.470000	0.541646	-1.129877	1.375162	0.000000	0.000000
813.480000	0.541646	-1.129869	1.375164	0.000000	0.000000
813.490000	0.541645	-1.129860	1.375165	0.000000	0.000000
813.500000	0.541645	-1.129852	1.375167	0.000000	0.000000
813.510000	0.541645	-1.129845	1.375168	0.000000	0.000000
813.520000	0.541646	-1.129839	1.375169	0.000000	0.000000
813.530000	0.541646	-1.129833	1.375171	0.000000	0.000000
813.540000	0.541647	-1.129827	1.375172	0.000000	0.000000
813.550000	0.541647	-1.129821	1.375173	0.000000	0.000000
813.560000	0.541648	-1.129815	1.375175	0.000000	0.000000
813.570000	0.541649	-1.129810	1.375176	0.000000	0.000000
813.580000	0.541649	-1.129805	1.375177	0.000000	0.000000
813.590000	0.541650	-1.129800	1.375178	0.000000	0.000000
813.600000	0.541651	-1.129794	1.375179	0.000000	0.000000
813.610000	0.541651	-1.129786	1.375180	0.000000	0.000000
813.620000	0.541651	-1.129778	1.375181	0.000000	0.000000
813.630000	0.541650	-1.129769	1.375182	0.000000	0.000000
813.640000	0.541650	-1.129761	1.375183	0.000000	0.000000
813.650000	0.541649	-1.129753	1.375184	0.000000	0.000000
813.660000	0.541650	-1.129746	1.375185	0.000000	0.000000
813.670000	0.541650	-1.129741	1.375185	0.000000	0.000000
813.680000	0.541652	-1.129738	1.375186	0.000000	0.000000
813.690000	0.541653	-1.129736	1.375186	0.000000	0.000000
813.700000	0.541655	-1.129736	1.375187	0.000000	0.000000
813.710000	0.541657	-1.129736	1.375187	0.000000	0.000000
813.720000	0.541659	-1.129735	1.375188	0.000000	0.000000
813.730000	0.541661	-1.129733	1.375188	0.000000	0.000000
813.740000	0.541661	-1.129729	1.375188	0.000000	0.000000
813.750000	0.541661	-1.129724	1.375188	0.000000	0.000000
813.760000	0.541661	-1.129718	1.375189	0.000000	0.000000
813.770000	0.541662	-1.129714	1.375189	0.000000	0.000000
813.780000	0.541663	-1.129711	1.375189	0.000000	0.000000
813.790000	0.541664	-1.129708	1.375189	0.000000	0.000000
813.800000	0.541666	-1.129707	1.375189	0.000000	0.000000
813.810000	0.541668	-1.129705	1.375189	0.000000	0.000000
813.820000	0.541669	-1.129704	1.375189	0.000000	0.000000
813.830000	0.541669	-1.129701	1.375189	0.000000	0.000000
813.840000	0.541670	-1.129697	1.375189	0.000000	0.000000
813.850000	0.541670	-1.129693	1.375189	0.000000	0.000000
813.860000	0.541670	-1.129688	1.375189	0.000000	0.000000
813.870000	0.541670	-1.129682	1.375189	0.000000	0.000000
813.880000	0.541670	-1.129676	1.375189	0.000000	0.000000
813.890000	0.541670	-1.129669	1.375189	0.000000	0.000000
813.900000	0.541670	-1.129663	1.375188	0.000000	0.000000
813.910000	0.541671	-1.129657	1.375188	0.000000	0.000000
813.920000	0.541671	-1.129651	1.375188	0.000000	0.000000
813.930000	0.541671	-1.129646	1.375187	0.000000	0.000000
813.940000	0.541671	-1.129641	1.375187	0.000000	0.000000
813.950000	0.541672	-1.129637	1.375186	0.000000	0.000000
813.960000	0.541672	-1.129634	1.375185	0.000000	0.000000
813.970000	0.541674	-1.129632	1.375184	0.000000	0.000000
813.980000	0.541674	-1.129631	1.375183	0.000000	0.000000
813.990000	0.541675	-1.129630	1.375182	0.000000	0.000000
814.000000	0.541675	-1.129628	1.375181	0.000000	0.000000
814.010000	0.541675	-1.129626	1.375180	0.000000	0.000000
814.020000	0.541676	-1.129625	1.375179	0.000000	0.000000
814.030000	0.541676	-1.129626	1.375178	0.000000	0.000000
814.040000	0.541678	-1.129627	1.375177	0.000000	0.000000
814.050000	0.541679	-1.129630	1.375175	0.000000	0.000000
814.060000	0.541681	-1.129631	1.375174	0.000000	0.000000
814.070000	0.541682	-1.129633	1.375172	0.000000	0.000000
814.080000	0.541683	-1.129633	1.375171	0.000000	0.000000
814.090000	0.541684	-1.129633	1.375169	0.000000	0.000000
814.100000	0.541685	-1.129632	1.375168	0.000000	0.000000
814.110000	0.541685	-1.129630	1.375166	0.000000	0.000000
814.120000	0.541684	-1.129626	1.375165	0.000000	0.000000
814.130000	0.541683	-1.129619	1.375163	0.000000	0.000000
814.140000	0.541681	-1.129611	1.375161	0.000000	0.000000
814.150000	0.541679	-1.129604	1.375159	0.000000	0.000000
814.160000	0.541677	-1.129598	1.375157	0.000000	0.000000
814.170000	0.541675	-1.129594	1.375155	0.000000	0.000000
814.180000	0.541674	-1.129591	1.375153	0.000000	0.000000
814.190000	0.541673	-1.129591	1.375151	0.000000	0.000000
814.200000	0.541673	-1.129592	1.375149	0.000000	0.000000
814.210000	0.541674	-1.129596	1.375147	0.000000	0.000000
814.220000	0.541675	-1.129600	1.375145	0.000000	0.000000
814.230000	0.541676	-1.129605	1.375142	0.000000	0.000000
814.240000	0.541676	-1.129610	1.375140	0.000000	0.000000
814.250000	0.541677	-1.129614	1.375138	0.000000	0.000000
814.260000	0.541677	-1.129617	1.375135	0.000000	0.000000
814.270000	0.541677	-1.129620	1.375133	0.000000	0.000000
814.280000	0.541677	-1.129622	1.375131	0.000000	0.000000
814.290000	0.541677	-1.129624	1.375128	0.000000	0.000000
814.300000	0.541676	-1.129625	1.375126	0.000000	0.000000
814.310000	0.541674	-1.129625	1.375123	0.000000	0.000000
814.320000	0.541673	-1.129625	1.375121	0.000000	0.000000
814.330000	0.541671	-1.129625	1.375118	0.000000	0.000000
814.340000	0.541670	-1.129625	1.375116	0.000000	0.000000
814.350000	0.541669	-1.129627	1.375114	0.000000	0.000000
814.360000	0.541668	-1.129628	1.375111	0.000000	0.000000
814.370000	0.541667	-1.129631	1.375109	0.000000	0.000000
814.380000	0.541666	-1.129634	1.375107	0.000000	0.000000
814.390000	0.541666	-1.129637	1.375104	0.000000	0.000000
814.400000	0.541666	-1.129641	1.375102	0.000000	0.000000
814.410000	0.541666	-1.129645	1.375100	0.000000	0.000000
814.420000	0.541667	-1.129649	1.375097	0.000000	0.000000
814.430000	0.541667	-1.129652	1.375095	0.000000	0.000000
814.440000	0.541666	-1.129654	1.375093	0.000000	0.000000
814.450000	0.541665	-1.129655	1.375090	0.000000	0.000000
814.460000	0.541664	-1.129656	1.375088	0.000000	0.000000
814.470000	0.541663	-1.129657	1.375085	0.000000	0.000000
814.480000	0.541662	-1.129659	1.375083	0.000000	0.000000
814.490000	0.541662	-1.129660	1.375080	0.000000	0.000000
814.500000	0.541662	-1.129661	1.375078	0.000000	0.000000
814.510000	0.541661	-1.129660	1.375075	0.000000	0.000000
814.520000	0.541659	-1.129660	1.375073	0.000000	0.000000
814.530000	0.541658	-1.129661	1.375070	0.000000	0.000000
814.540000	0.541657	-1.129665	1.375068	0.000000	0.000000
814.550000	0.541657	-1.129670	1.375065	0.000000	0.000000
814.560000	0.541657	-1.129677	1.375063	0.000000	0.000000
814.570000	0.541657	-1.129684	1.375060	0.000000	0.000000
814.580000	0.541657	-1.129690	1.375058	0.000000	0.000000
814.590000	0.541656	-1.129693	1.375056	0.000000	0.000000
814.600000	0.541654	-1.129695	1.375053	0.000000	0.000000
814.610000	0.541653	-1.129697	1.375051	0.000000	0.000000
814.620000	0.541652	-1.129702	1.375049	0.000000	0.000000
814.630000	0.541651	-1.129708	1.375047	0.000000	0.000000
814.640000	0.541651	-1.129715	1.375044	0.000000	0.000000
814.650000	0.541651	-1.129721	1.375042	0.000000	0.000000
814.660000	0.541650	-1.129727	1.375040	0.000000	0.000000
814.670000	0.541650	-1.129732	1.375038	0.000000	0.000000
814.680000	0.541649	-1.129735	1.375036	0.000000	0.000000
814.690000	0.541648	-1.129738	1.375034	0.000000	0.000000
814.700000	0.541646	-1.129739	1.375032	0.000000	0.000000
814.710000	0.541644	-1.129738	1.375030	0.000000	0.000000
814.720000	0.541642	-1.129737	1.375028	0.000000	0.000000
814.730000	0.541640	-1.129736	1.375026	0.000000	0.000000
814.740000	0.541638	-1.129735	1.375024	0.000000	0.000000
814.750000	0.541637	-1.129737	1.375022	0.000000	0.000000
814.760000	0.541637	-1.129741	1.375020	0.000000	0.000000
814.770000	0.541637	-1.129747	1.375018	0.000000	0.000000
814.780000	0.541638	-1.129754	1.375016	0.000000	0.000000
814.790000	0.541639	-1.129762	1.375014	0.000000	0.000000
814.800000	0.541639	-1.129769	1.375012	0.000000	0.000000
814.810000	0.541639	-1.129774	1.375010	0.000000	0.000000
814.820000	0.541639	-1.129779	1.375008	0.000000	0.000000
814.830000	0.541638	-1.129783	1.375006	0.000000	0.000000
814.840000	0.541636	-1.129786	1.375003	0.000000	0.000000
814.850000	0.541635	-1.129788	1.375001	0.000000	0.000000
814.860000	0.541634	-1.129790	1.374999	0.000000	0.000000
814.870000	0.541633	-1.129793	1.374997	0.000000	0.000000
814.880000	0.541633	-1.129797	1.374995	0.000000	0.000000
814.890000	0.541633	-1.129801	1.374993	0.000000	0.000000
814.900000	0.541633	-1.129805	1.374991	0.000000	0.000000
814.910000	0.541633	-1.129809	1.374989	0.000000	0.000000
814.920000	0.541633	-1.129813	1.374987	0.000000	0.000000
814.930000	0.541633	-1.129817	1.374985	0.000000	0.000000
814.940000	0.541632	-1.129821	1.374984	0.000000	0.000000
814.950000	0.541632	-1.129824	1.374982	0.000000	0.000000
814.960000	0.541631	-1.129826	1.374980	0.000000	0.000000
814.970000	0.541629	-1.129828	1.374978	0.000000	0.000000
814.980000	0.541628	-1.129829	1.374977	0.000000	0.000000
814.990000	0.541627	-1.129831	1.374975	0.000000	0.000000
815.000000	0.541625	-1.129833	1.374974	0.000000	0.000000
815.010000	0.541624	-1.129836	1.374972	0.000000	0.000000
815.020000	0.541623	-1.129840	1.374970	0.000000	0.000000
815.030000	0.541621	-1.129844	1.374969	0.000000	0.000000
815.040000	0.541620	-1.129847	1.374967	0.000000	0.000000
815.050000	0.541619	-1.129851	1.374965	0.000000	0.000000
815.060000	0.541618	-1.129855	1.374964	0.000000	0.000000
815.070000	0.541617	-1.129862	1.374962	0.000000	0.000000
815.080000	0.541617	-1.129869	1.374960	0.000000	0.000000
815.090000	0.541616	-1.129877	1.374958	0.000000	0.000000
815.100000	0.541616	-1.129885	1.374956	0.000000	0.000000
815.110000	0.541616	-1.129891	1.374954	0.000000	0.000000
815.120000	0.541615	-1.129895	1.374952	0.000000	0.000000
815.130000	0.541614	-1.129899	1.374950	0.000000	0.000000
815.140000	0.541612	-1.129903	1.374948	0.000000	0.000000
815.150000	0.541612	-1.129907	1.374946	0.000000	0.000000
815.160000	0.541611	-1.129913	1.374944	0.000000	0.000000
815.170000	0.541611	-1.129918	1.374942	0.000000	0.000000
815.180000	0.541611	-1.129924	1.374940	0.000000	0.000000
815.190000	0.541611	-1.129930	1.374937	0.000000	0.000000
815.200000	0.541612	-1.129935	1.374935	0.000000	0.000000
815.210000	0.541611	-1.129940	1.374933	0.000000	0.000000
815.220000	0.541611	-1.129945	1.374931	0.000000	0.000000
815.230000	0.541610	-1.129951	1.374929	0.000000	0.000000
815.240000	0.541609	-1.129957	1.374926	0.000000	0.000000
815.250000	0.541609	-1.129963	1.374924	0.000000	0.000000
815.260000	0.541608	-1.129970	1.374922	0.000000	0.000000
815.270000	0.541608	-1.129977	1.374920	0.000000	0.000000
815.280000	0.541607	-1.129984	1.374918	0.000000	0.000000
815.290000	0.541606	-1.129990	1.374916	0.000000	0.000000
815.300000	0.541605	-1.129995	1.374913	0.000000	0.000000
815.310000	0.541604	-1.130001	1.374911	0.000000	0.000000
815.320000	0.541603	-1.130006	1.374909	0.000000	0.000000
815.330000	0.541601	-1.130011	1.374907	0.000000	0.000000
815.340000	0.541599	-1.130016	1.374904	0.000000	0.000000
815.350000	0.541597	-1.130020	1.374902	0.000000	0.000000
815.360000	0.541595	-1.130025	1.374900	0.000000	0.000000
815.370000	0.541594	-1.130030	1.374897	0.000000	0.000000
815.380000	0.541593	-1.130039	1.374895	0.000000	0.000000
815.390000	0.541593	-1.130049	1.374893	0.000000	0.000000
815.400000	0.541594	-1.130062	1.374890	0.000000	0.000000
815.410000	0.541595	-1.130076	1.374888	0.000000	0.000000
815.420000	0.541596	-1.130090	1.374886	0.000000	0.000000
815.430000	0.541596	-1.130103	1.374883	0.000000	0.000000
815.440000	0.541596	-1.130115	1.374881	0.000000	0.000000
815.450000	0.541595	-1.130125	1.374879	0.000000	0.000000
815.460000	0.541593	-1.130134	1.374876	0.000000	0.000000
815.470000	0.541591	-1.130142	1.374874	0.000000	0.000000
815.480000	0.541588	-1.130148	1.374872	0.000000	0.000000
815.490000	0.541586	-1.130154	1.374870	0.000000	0.000000
815.500000	0.541583	-1.130160	1.374867	0.000000	0.000000
815.510000	0.541580	-1.130165	1.374865	0.000000	0.000000
815.520000	0.541577	-1.130172	1.374863	0.000000	0.000000
815.530000	0.541575	-1.130180	1.374861	0.000000	0.000000
815.540000	0.541573	-1.130188	1.374859	0.000000	0.000000
815.550000	0.541571	-1.130199	1.374857	0.000000	0.000000
815.560000	0.541570	-1.130210	1.374854	0.000000	0.000000
815.570000	0.541569	-1.130221	1.374852	0.000000	0.000000
815.580000	0.541568	-1.130232	1.374850	0.000000	0.000000
815.590000	0.541568	-1.130243	1.374848	0.000000	0.000000
815.600000	0.541567	-1.130254	1.374845	0.000000	0.000000
815.610000	0.541565	-1.130263	1.374843	0.000000	0.000000
815.620000	0.541564	-1.130271	1.374841	0.000000	0.000000
815.630000	0.541562	-1.130277	1.374838	0.000000	0.000000
815.640000	0.541559	-1.130281	1.374836	0.000000	0.000000
815.650000	0.541557	-1.130284	1.374833	0.000000	0.000000
815.660000	0.541555	-1.130289	1.374830	0.000000	0.000000
815.670000	0.541554	-1.130296	1.374828	0.000000	0.000000
815.680000	0.541553	-1.130305	1.374825	0.000000	0.000000
815.690000	0.541553	-1.130317	1.374822	0.000000	0.000000
815.700000	0.541553	-1.130329	1.374820	0.000000	0.000000
815.710000	0.541553	-1.130341	1.374817	0.000000	0.000000
815.720000	0.541553	-1.130353	1.374814	0.000000	0.000000
815.730000	0.541553	-1.130363	1.374811	0.000000	0.000000
815.740000	0.541552	-1.130373	1.374808	0.000000	0.000000
815.750000	0.541551	-1.130383	1.374806	0.000000	0.000000
815.760000	0.541550	-1.130392	1.374803	0.000000	0.000000
815.770000	0.541549	-1.130400	1.374800	0.000000	0.000000
815.780000	0.541547	-1.130408	1.374798	0.000000	0.000000
815.790000	0.541545	-1.130415	1.374795	0.000000	0.000000
815.800000	0.541544	-1.130423	1.374792	0.000000	0.000000
815.810000	0.541543	-1.130433	1.374790	0.000000	0.000000
815.820000	0.541543	-1.130444	1.374787	0.000000	0.000000
815.830000	0.541543	-1.130456	1.374785	0.000000	0.000000
815.840000	0.541543	-1.130467	1.374783	0.000000	0.000000
815.850000	0.541543	-1.130478	1.374780	0.000000	0.000000
815.860000	0.541542	-1.130487	1.374778	0.000000	0.000000
815.870000	0.541540	-1.130493	1.374776	0.000000	0.000000
815.880000	0.541538	-1.130498	1.374774	0.000000	0.000000
815.890000	0.541535	-1.130502	1.374772	0.000000	0.000000
815.900000	0.541533	-1.130505	1.374769	0.000000	0.000000
815.910000	0.541530	-1.130510	1.374767	0.000000	0.000000
815.920000	0.541528	-1.130517	1.374765	0.000000	0.000000
815.930000	0.541526	-1.130524	1.374763	0.000000	0.000000
815.940000	0.541524	-1.130532	1.374761	0.000000	0.000000
815.950000	0.541523	-1.130540	1.374759	0.000000	0.000000
815.960000	0.541521	-1.130549	1.374757	0.000000	0.000000
815.970000	0.541520	-1.130558	1.374755	0.000000	0.000000
815.980000	0.541519	-1.130567	1.374753	0.000000	0.000000
815.990000	0.541518	-1.130577	1.374751	0.000000	0.000000
816.000000	0.541516	-1.130585	1.374749	0.000000	0.000000
816.010000	0.541514	-1.130594	1.374747	0.000000	0.000000
816.020000	0.541512	-1.130602	1.374745	0.000000	0.000000
816.030000	0.541511	-1.130610	1.374742	0.000000	0.000000
816.040000	0.541509	-1.130619	1.374740	0.000000	0.000000
816.050000	0.541508	-1.130630	1.374738	0.000000	0.000000
816.060000	0.541507	-1.130642	1.374736	0.000000	0.000000
816.070000	0.541507	-1.130655	1.374734	0.000000	0.000000
816.080000	0.541507	-1.130669	1.374731	0.000000	0.000000
816.090000	0.541507	-1.130684	1.374729	0.000000	0.000000
816.100000	0.541506	-1.130698	1.374727	0.000000	0.000000
816.110000	0.541506	-1.130712	1.374725	0.000000	0.000000
816.120000	0.541505	-1.130725	1.374723	0.000000	0.000000
816.130000	0.541504	-1.130735	1.374720	0.000000	0.000000
816.140000	0.541502	-1.130743	1.374718	0.000000	0.000000
816.150000	0.541500	-1.130750	1.374716	0.000000	0.000000
816.160000	0.541498	-1.130756	1.374714	0.000000	0.000000
816.170000	0.541496	-1.130762	1.374712	0.000000	0.000000
816.180000	0.541494	-1.130768	1.374710	0.000000	0.000000
816.190000	0.541492	-1.130774	1.374708	0.000000	0.000000
816.200000	0.541491	-1.130781	1.374706	0.000000	0.000000
816.210000	0.541489	-1.130787	1.374704	0.000000	0.000000
816.220000	0.541488	-1.130794	1.374702	0.000000	0.000000
816.230000	0.541487	-1.130800	1.374700	0.000000	0.000000
816.240000	0.541485	-1.130806	1.374698	0.000000	0.000000
816.250000	0.541483	-1.130813	1.374696	0.000000	0.000000
816.260000	0.541481	-1.130820	1.374694	0.000000	0.000000
816.270000	0.541480	-1.130827	1.374693	0.000000	0.000000
816.280000	0.541478	-1.130834	1.374691	0.000000	0.000000
816.290000	0.541475	-1.130842	1.374689	0.000000	0.000000
816.300000	0.541473	-1.130849	1.374687	0.000000	0.000000
816.310000	0.541471	-1.130856	1.374685	0.000000	0.000000
816.320000	0.541468	-1.130862	1.374683	0.000000	0.000000
816.330000	0.541466	-1.130869	1.374681	0.000000	0.000000
816.340000	0.541465	-1.130877	1.374679	0.000000	0.000000
816.350000	0.541463	-1.130885	1.374677	0.000000	0.000000
816.360000	0.541462	-1.130895	1.374675	0.000000	0.000000
816.370000	0.541461	-1.130905	1.374674	0.000000	0.000000
816.380000	0.541459	-1.130915	1.374672	0.000000	0.000000
816.390000	0.541458	-1.130925	1.374670	0.000000	0.000000
816.400000	0.541456	-1.130935	1.374668	0.000000	0.000000
816.410000	0.541455	-1.130945	1.374666	0.000000	0.000000
816.420000	0.541453	-1.130953	1.374664	0.000000	0.000000
816.430000	0.541450	-1.130962	1.374662	0.000000	0.000000
816.440000	0.541448	-1.130970	1.374661	0.000000	0.000000
816.450000	0.541446	-1.130978	1.374659	0.000000	0.000000
816.460000	0.541443	-1.130985	1.374657	0.000000	0.000000
816.470000	0.541440	-1.130992	1.374655	0.000000	0.000000
816.480000	0.541438	-1.130999	1.374653	0.000000	0.000000
816.490000	0.541435	-1.131006	1.374651	0.000000	0.000000
816.500000	0.541432	-1.131013	1.374650	0.000000	0.000000
816.510000	0.541430	-1.131021	1.374648	0.000000	0.000000
816.520000	0.541427	-1.131029	1.374646	0.000000	0.000000
816.530000	0.541425	-1.131038	1.374644	0.000000	0.000000
816.540000	0.541422	-1.131047	1.374642	0.000000	0.000000
816.550000	0.541420	-1.131057	1.374640	0.000000	0.000000
816.560000	0.541418	-1.131067	1.374638	0.000000	0.000000
816.570000	0.541416	-1.131077	1.374636	0.000000	0.000000
816.580000	0.541414	-1.131086	1.374634	0.000000	0.000000
816.590000	0.541412	-1.131094	1.374632	0.000000	0.000000
816.600000	0.541410	-1.131102	1.374630	0.000000	0.000000
816.610000	0.541408	-1.131110	1.374628	0.000000	0.000000
816.620000	0.541406	-1.131118	1.374626	0.000000	0.000000
816.630000	0.541404	-1.131126	1.374624	0.000000	0.000000
816.640000	0.541402	-1.131134	1.374621	0.000000	0.000000
816.650000	0.541400	-1.131142	1.374619	0.000000	0.000000
816.660000	0.541398	-1.131149	1.374617	0.000000	0.000000
816.670000	0.541395	-1.131156	1.374615	0.000000	0.000000
816.680000	0.541393	-1.131163	1.374613	0.000000	0.000000
816.690000	0.541391	-1.131171	1.374611	0.000000	0.000000
816.700000	0.541389	-1.131179	1.374608	0.000000	0.000000
816.710000	0.541386	-1.131188	1.374606	0.000000	0.000000
816.720000	0.541384	-1.131196	1.374604	0.000000	0.000000
816.730000	0.541381	-1.131204	1.374602	0.000000	0.000000
816.740000	0.541378	-1.131212	1.374600	0.000000	0.000000
816.750000	0.541375	-1.131219	1.374598	0.000000	0.000000
816.760000	0.541372	-1.131227	1.374596	0.000000	0.000000
816.770000	0.541369	-1.131235	1.374594	0.000000	0.000000
816.780000	0.541366	-1.131242	1.374592	0.000000	0.000000
816.790000	0.541364	-1.131250	1.374590	0.000000	0.000000
816.800000	0.541362	-1.131258	1.374588	0.000000	0.000000
816.810000	0.541359	-1.131266	1.374586	0.000000	0.000000
816.820000	0.541357	-1.131273	1.374584	0.000000	0.000000
816.830000	0.541355	-1.131280	1.374582	0.000000	0.000000
816.840000	0.541352	-1.131285	1.374579	0.000000	0.000000
816.850000	0.541349	-1.131291	1.374577	0.000000	0.000000
816.860000	0.541347	-1.131299	1.374575	0.000000	0.000000
816.870000	0.541346	-1.131309	1.374573	0.000000	0.000000
816.880000	0.541345	-1.131321	1.374571	0.000000	0.000000
816.890000	0.541345	-1.131332	1.374569	0.000000	0.000000
816.900000	0.541344	-1.131344	1.374567	0.000000	0.000000
816.910000	0.541343	-1.131355	1.374565	0.000000	0.000000
816.920000	0.541342	-1.131365	1.374563	0.000000	0.000000
816.930000	0.541341	-1.131373	1.374561	0.000000	0.000000
816.940000	0.541338	-1.131379	1.374558	0.000000	0.000000
816.950000	0.541336	-1.131384	1.374556	0.000000	0.000000
816.960000	0.541333	-1.131390	1.374554	0.000000	0.000000
816.970000	0.541332	-1.131398	1.374552	0.000000	0.000000
816.980000	0.541332	-1.131407	1.374550	0.000000	0.000000
816.990000	0.541331	-1.131415	1.374548	0.000000	0.000000
817.000000	0.541331	-1.131422	1.374546	0.000000	0.000000
817.010000	0.541329	-1.131427	1.374544	0.000000	0.000000
817.020000	0.541327	-1.131429	1.374541	0.000000	0.000000
817.030000	0.541325	-1.131430	1.374539	0.000000	0.000000
817.040000	0.541322	-1.131432	1.374537	0.000000	0.000000
817.050000	0.541321	-1.131435	1.374535	0.000000	0.000000
817.060000	0.541320	-1.131439	1.374532	0.000000	0.000000
817.070000	0.541318	-1.131444	1.374530	0.000000	0.000000
817.080000	0.541317	-1.131448	1.374528	0.000000	0.000000
817.090000	0.541316	-1.131452	1.374525	0.000000	0.000000
817.100000	0.541315	-1.131456	1.374523	0.000000	0.000000
817.110000	0.541314	-1.131460	1.374521	0.000000	0.000000
817.120000	0.541313	-1.131463	1.374518	0.000000	0.000000
817.130000	0.541312	-1.131466	1.374516	0.000000	0.000000
817.140000	0.541311	-1.131469	1.374514	0.000000	0.000000
817.150000	0.541309	-1.131471	1.374512	0.000000	0.000000
817.160000	0.541307	-1.131473	1.374509	0.000000	0.000000
817.170000	0.541305	-1.131476	1.374507	0.000000	0.000000
817.180000	0.541304	-1.131479	1.374505	0.000000	0.000000
817.190000	0.541303	-1.131484	1.374503	0.000000	0.000000
817.200000	0.541303	-1.131490	1.374501	0.000000	0.000000
817.210000	0.541304	-1.131497	1.374499	0.000000	0.000000
817.220000	0.541304	-1.131504	1.374497	0.000000	0.000000
817.230000	0.541304	-1.131510	1.374495	0.000000	0.000000
817.240000	0.541304	-1.131515	1.374493	0.000000	0.000000
817.250000	0.541303	-1.131517	1.374491	0.000000	0.000000
817.260000	0.541302	-1.131518	1.374489	0.000000	0.000000
817.270000	0.541301	-1.131520	1.374487	0.000000	0.000000
817.280000	0.541300	-1.131523	1.374485	0.000000	0.000000
817.290000	0.541299	-1.131526	1.374483	0.000000	0.000000
817.300000	0.541297	-1.131527	1.374482	0.000000	0.000000
817.310000	0.541295	-1.131528	1.374480	0.000000	0.000000
817.320000	0.541293	-1.131527	1.374478	0.000000	0.000000
817.330000	0.541291	-1.131527	1.374477	0.000000	0.000000
817.340000	0.541290	-1.131529	1.374475	0.000000	0.000000
817.350000	0.541290	-1.131532	1.374473	0.000000	0.000000
817.360000	0.541289	-1.131537	1.374472	0.000000	0.000000
817.370000	0.541289	-1.131543	1.374470	0.000000	0.000000
817.380000	0.541289	-1.131549	1.374469	0.000000	0.000000
817.390000	0.541289	-1.131555	1.374467	0.000000	0.000000
817.400000	0.541289	-1.131560	1.374466	0.000000	0.000000
817.410000	0.541288	-1.131564	1.374464	0.000000	0.000000
817.420000	0.541287	-1.131566	1.374463	0.000000	0.000000
817.430000	0.541286	-1.131567	1.374461	0.000000	0.000000
817.440000	0.541284	-1.131568	1.374460	0.000000	0.000000
817.450000	0.541283	-1.131570	1.374458	0.000000	0.000000
817.460000	0.541282	-1.131573	1.374457	0.000000	0.000000
817.470000	0.541281	-1.131576	1.374455	0.000000	0.000000
817.480000	0.541280	-1.131579	1.374454	0.000000	0.000000
817.490000	0.541280	-1.131582	1.374452	0.000000	0.000000
817.500000	0.541279	-1.131585	1.374451	0.000000	0.000000
817.510000	0.541278	-1.131587	1.374449	0.000000	0.000000
817.520000	0.541278	-1.131589	1.374447	0.000000	0.000000
817.530000	0.541277	-1.131592	1.374446	0.000000	0.000000
817.540000	0.541277	-1.131594	1.374444	0.000000	0.000000
817.550000	0.541276	-1.131597	1.374443	0.000000	0.000000
817.560000	0.541276	-1.131601	1.374441	0.000000	0.000000
817.570000	0.541276	-1.131606	1.374439	0.000000	0.000000
817.580000	0.541275	-1.131611	1.374438	0.000000	0.000000
817.590000	0.541275	-1.131615	1.374436	0.000000	0.000000
817.600000	0.541274	-1.131619	1.374434	0.000000	0.000000
817.610000	0.541273	-1.131621	1.374433	0.000000	0.000000
817.620000	0.541272	-1.131623	1.374431	0.000000	0.000000
817.630000	0.541270	-1.131625	1.374430	0.000000	0.000000
817.640000	0.541269	-1.131628	1.374428	0.000000	0.000000
817.650000	0.541269	-1.131633	1.374427	0.000000	0.000000
817.660000	0.541269	-1.131639	1.374425	0.000000	0.000000
817.670000	0.541269	-1.131645	1.374424	0.000000	0.000000
817.680000	0.541268	-1.131650	1.374423	0.000000	0.000000
817.690000	0.541267	-1.131653	1.374421	0.000000	0.000000
817.700000	0.541266	-1.131655	1.374420	0.000000	0.000000
817.710000	0.541265	-1.131657	1.374419	0.000000	0.000000
817.720000	0.541263	-1.131658	1.374418	0.000000	0.000000
817.730000	0.541262	-1.131660	1.374417	0.000000	0.000000
817.740000	0.541260	-1.131661	1.374416	0.000000	0.000000
817.750000	0.541258	-1.131662	1.374415	0.000000	0.000000
817.760000	0.541257	-1.131664	1.374414	0.000000	0.000000
817.770000	0.541255	-1.131666	1.374413	0.000000	0.000000
817.780000	0.541254	-1.131669	1.374412	0.000000	0.000000
817.790000	0.541253	-1.131673	1.374411	0.000000	0.000000
817.800000	0.541253	-1.131678	1.374410	0.000000	0.000000
817.810000	0.541252	-1.131684	1.374409	0.000000	0.000000
817.820000	0.541252	-1.131691	1.374408	0.000000	0.000000
817.830000	0.541252	-1.131698	1.374407	0.000000	0.000000
817.840000	0.541252	-1.131704	1.374406	0.000000	0.000000
817.850000	0.541251	-1.131708	1.374405	0.000000	0.000000
817.860000	0.541250	-1.131710	1.374404	0.000000	0.000000
817.870000	0.541248	-1.131710	1.374403	0.000000	0.000000
817.880000	0.541246	-1.131709	1.374402	0.000000	0.000000
817.890000	0.541244	-1.131709	1.374401	0.000000	0.000000
817.900000	0.541243	-1.131711	1.374399	0.000000	0.000000
817.910000	0.541242	-1.131714	1.374398	0.000000	0.000000
817.920000	0.541242	-1.131720	1.374397	0.000000	0.000000
817.930000	0.541242	-1.131725	1.374396	0.000000	0.000000
817.940000	0.541242	-1.131731	1.374395	0.000000	0.000000
817.950000	0.541242	-1.131737	1.374394	0.000000	0.000000
817.960000	0.541242	-1.131741	1.374393	0.000000	0.000000
817.970000	0.541241	-1.131745	1.374392	0.000000	0.000000
817.980000	0.541240	-1.131748	1.374390	0.000000	0.000000
817.990000	0.541238	-1.131749	1.374389	0.000000	0.000000
818.000000	0.541236	-1.131749	1.374388	0.000000	0.000000
818.010000	0.541234	-1.131747	1.374387	0.000000	0.000000
818.020000	0.541232	-1.131747	1.374385	0.000000	0.000000
818.030000	0.541230	-1.131748	1.374384	0.000000	0.000000
818.040000	0.541229	-1.131752	1.374383	0.000000	0.000000
818.050000	0.541228	-1.131758	1.374382	0.000000	0.000000
818.060000	0.541228	-1.131765	1.374380	0.000000	0.000000
818.070000	0.541228	-1.131773	1.374379	0.000000	0.000000
818.080000	0.541228	-1.131781	1.374378	0.000000	0.000000
818.090000	0.541229	-1.131788	1.374376	0.000000	0.000000
818.100000	0.541229	-1.131794	1.374375	0.000000	0.000000
818.110000	0.541229	-1.131799	1.374373	0.000000	0.000000
818.120000	0.541228	-1.131804	1.374372	0.000000	0.000000
818.130000	0.541227	-1.131809	1.374371	0.000000	0.000000
818.140000	0.541227	-1.131814	1.374369	0.000000	0.000000
818.150000	0.541227	-1.131819	1.374368	0.000000	0.000000
818.160000	0.541228	-1.131825	1.374367	0.000000	0.000000
818.170000	0.541228	-1.131832	1.374365	0.000000	0.000000
818.180000	0.541228	-1.131840	1.374364	0.000000	0.000000
818.190000	0.541228	-1.131846	1.374363	0.000000	0.000000
818.200000	0.541227	-1.131852	1.374362	0.000000	0.000000
818.210000	0.541227	-1.131856	1.374360	0.000000	0.000000
818.220000	0.541225	-1.131859	1.374359	0.000000	0.000000
818.230000	0.541224	-1.131860	1.374358	0.000000	0.000000
818.240000	0.541223	-1.131861	1.374357	0.000000	0.000000
818.250000	0.541221	-1.131861	1.374356	0.000000	0.000000
818.260000	0.541220	-1.131861	1.374354	0.000000	0.000000
818.270000	0.541219	-1.131861	1.374353	0.000000	0.000000
818.280000	0.541217	-1.131862	1.374352	0.000000	0.000000
818.290000	0.541216	-1.131863	1.374351	0.000000	0.000000
818.300000	0.541215	-1.131864	1.374350	0.000000	0.000000
818.310000	0.541213	-1.131865	1.374349	0.000000	0.000000
818.320000	0.541211	-1.131865	1.374347	0.000000	0.000000
818.330000	0.541211	-1.131867	1.374346	0.000000	0.000000
818.340000	0.541210	-1.131869	1.374345	0.000000	0.000000
818.350000	0.541209	-1.131871	1.374344	0.000000	0.000000
818.360000	0.541209	-1.131873	1.374343	0.000000	0.000000
818.370000	0.541209	-1.131875	1.374341	0.000000	0.000000
818.380000	0.541209	-1.131879	1.374340	0.000000	0.000000
818.390000	0.541209	-1.131883	1.374339	0.000000	0.000000
818.400000	0.541210	-1.131888	1.374337	0.000000	0.000000
818.410000	0.541211	-1.131894	1.374336	0.000000	0.000000
818.420000	0.541212	-1.131899	1.374335	0.000000	0.000000
818.430000	0.541213	-1.131903	1.374333	0.000000	0.000000
818.440000	0.541214	-1.131905	1.374332	0.000000	0.000000
818.450000	0.541215	-1.131907	1.374331	0.000000	0.000000
818.460000	0.541216	-1.131909	1.374329	0.000000	0.000000
818.470000	0.541216	-1.131911	1.374328	0.000000	0.000000
818.480000	0.541217	-1.131914	1.374327	0.000000	0.000000
818.490000	0.541218	-1.131916	1.374325	0.000000	0.000000
818.500000	0.541218	-1.131917	1.374324	0.000000	0.000000
818.510000	0.541219	-1.131918	1.374323	0.000000	0.000000
818.520000	0.541219	-1.131918	1.374321	0.000000	0.000000
818.530000	0.541219	-1.131919	1.374320	0.000000	0.000000
818.540000	0.541220	-1.131920	1.374318	0.000000	0.000000
818.550000	0.541220	-1.131921	1.374317	0.000000	0.000000
818.560000	0.541220	-1.131922	1.374316	0.000000	0.000000
818.570000	0.541220	-1.131922	1.374314	0.000000	0.000000
818.580000	0.541221	-1.131923	1.374313	0.000000	0.000000
818.590000	0.541221	-1.131923	1.374311	0.000000	0.000000
818.600000	0.541222	-1.131925	1.374309	0.000000	0.000000
818.610000	0.541223	-1.131927	1.374308	0.000000	0.000000
818.620000	0.541224	-1.131930	1.374306	0.000000	0.000000
818.630000	0.541225	-1.131934	1.374304	0.000000	0.000000
818.640000	0.541227	-1.131938	1.374303	0.000000	0.000000
818.650000	0.541228	-1.131942	1.374301	0.000000	0.000000
818.660000	0.541229	-1.131946	1.374299	0.000000	0.000000
818.670000	0.541230	-1.131950	1.374297	0.000000	0.000000
818.680000	0.541231	-1.131954	1.374295	0.000000	0.000000
818.690000	0.541232	-1.131959	1.374293	0.000000	0.000000
818.700000	0.541233	-1.131964	1.374291	0.000000	0.000000
818.710000	0.541234	-1.131969	1.374289	0.000000	0.000000
818.720000	0.541235	-1.131975	1.374287	0.000000	0.000000
818.730000	0.541236	-1.131979	1.374285	0.000000	0.000000
818.740000	0.541237	-1.131982	1.374283	0.000000	0.000000
818.750000	0.541237	-1.131984	1.374281	0.000000	0.000000
818.760000	0.541237	-1.131985	1.374279	0.000000	0.000000
818.770000	0.541236	-1.131987	1.374276	0.000000	0.000000
818.780000	0.541236	-1.131989	1.374274	0.000000	0.000000
818.790000	0.541235	-1.131990	1.374272	0.000000	0.000000
818.800000	0.541234	-1.131992	1.374270	0.000000	0.000000
818.810000	0.541234	-1.131994	1.374267	0.000000	0.000000
818.820000	0.541234	-1.131997	1.374265	0.000000	0.000000
818.830000	0.541235	-1.132001	1.374263	0.000000	0.000000
818.840000	0.541235	-1.132006	1.374260	0.000000	0.000000
818.850000	0.541236	-1.132011	1.374258	0.000000	0.000000
818.860000	0.541237	-1.132016	1.374256	0.000000	0.000000
818.870000	0.541237	-1.132020	1.374253	0.000000	0.000000
818.880000	0.541237	-1.132022	1.374251	0.000000	0.000000
818.890000	0.541237	-1.132024	1.374249	0.000000	0.000000
818.900000	0.541237	-1.132026	1.374247	0.000000	0.000000
818.910000	0.541236	-1.132027	1.374244	0.000000	0.000000
818.920000	0.541235	-1.132029	1.374242	0.000000	0.000000
818.930000	0.541234	-1.132030	1.374240	0.000000	0.000000
818.940000	0.541233	-1.132032	1.374238	0.000000	0.000000
818.950000	0.541232	-1.132033	1.374235	0.000000	0.000000
818.960000	0.541231	-1.132035	1.374233	0.000000	0.000000
818.970000	0.541229	-1.132037	1.374231	0.000000	0.000000
818.980000	0.541228	-1.132039	1.374229	0.000000	0.000000
818.990000	0.541226	-1.132042	1.374227	0.000000	0.000000
819.000000	0.541225	-1.132046	1.374224	0.000000	0.000000
819.010000	0.541225	-1.132052	1.374222	0.000000	0.000000
819.020000	0.541225	-1.132060	1.374220	0.000000	0.000000
819.030000	0.541226	-1.132068	1.374218	0.000000	0.000000
819.040000	0.541227	-1.132077	1.374216	0.000000	0.000000
819.050000	0.541227	-1.132086	1.374213	0.000000	0.000000
819.060000	0.541226	-1.132092	1.374211	0.000000	0.000000
819.070000	0.541226	-1.132097	1.374209	0.000000	0.000000
819.080000	0.541224	-1.132101	1.374206	0.000000	0.000000
819.090000	0.541223	-1.132104	1.374204	0.000000	0.000000
819.100000	0.541222	-1.132108	1.374202	0.000000	0.000000
819.110000	0.541222	-1.132114	1.374199	0.000000	0.000000
819.120000	0.541222	-1.132120	1.374197	0.000000	0.000000
819.130000	0.541221	-1.132127	1.374195	0.000000	0.000000
819.140000	0.541221	-1.132135	1.374193	0.000000	0.000000
819.150000	0.541220	-1.132142	1.374190	0.000000	0.000000
819.160000	0.541219	-1.132149	1.374188	0.000000	0.000000
819.170000	0.541219	-1.132155	1.374186	0.000000	0.000000
819.180000	0.541218	-1.132162	1.374184	0.000000	0.000000
819.190000	0.541217	-1.132169	1.374181	0.000000	0.000000
819.200000	0.541217	-1.132176	1.374179	0.000000	0.000000
819.210000	0.541216	-1.132182	1.374177	0.000000	0.000000
819.220000	0.541215	-1.132188	1.374175	0.000000	0.000000
819.230000	0.541214	-1.132195	1.374173	0.000000	0.000000
819.240000	0.541214	-1.132201	1.374170	0.000000	0.000000
819.250000	0.541213	-1.132208	1.374168	0.000000	0.000000
819.260000	0.541212	-1.132215	1.374166	0.000000	0.000000
819.270000	0.541212	-1.132223	1.374164	0.000000	0.000000
819.280000	0.541212	-1.132230	1.374161	0.000000	0.000000
819.290000	0.541213	-1.132238	1.374159	0.000000	0.000000
819.300000	0.541213	-1.132245	1.374157	0.000000	0.000000
819.310000	0.541212	-1.132251	1.374154	0.000000	0.000000
819.320000	0.541212	-1.132257	1.374152	0.000000	0.000000
819.330000	0.541211	-1.132262	1.374150	0.000000	0.000000
819.340000	0.541210	-1.132268	1.374147	0.000000	0.000000
819.350000	0.541210	-1.132275	1.374145	0.000000	0.000000
819.360000	0.541211	-1.132282	1.374143	0.000000	0.000000
819.370000	0.541211	-1.132289	1.374141	0.000000	0.000000
819.380000	0.541211	-1.132297	1.374138	0.000000	0.000000
819.390000	0.541211	-1.132304	1.374136	0.000000	0.000000
819.400000	0.541210	-1.132310	1.374134	0.000000	0.000000
819.410000	0.541209	-1.132316	1.374132	0.000000	0.000000
819.420000	0.541208	-1.132320	1.374130	0.000000	0.000000
819.430000	0.541206	-1.132323	1.374128	0.000000	0.000000
819.440000	0.541203	-1.132326	1.374126	0.000000	0.000000
819.450000	0.541201	-1.132329	1.374124	0.000000	0.000000
819.460000	0.541199	-1.132332	1.374122	0.000000	0.000000
819.470000	0.541198	-1.132337	1.374120	0.000000	0.000000
819.480000	0.541197	-1.132343	1.374118	0.000000	0.000000
819.490000	0.541196	-1.132350	1.374116	0.000000	0.000000
819.500000	0.541196	-1.132357	1.374114	0.000000	0.000000
819.510000	0.541195	-1.132364	1.374111	0.000000	0.000000
819.520000	0.541194	-1.132371	1.374109	0.000000	0.000000
819.530000	0.541194	-1.132377	1.374107	0.000000	0.000000
819.540000	0.541193	-1.132383	1.374105	0.000000	0.000000
819.550000	0.541192	-1.132388	1.374103	0.000000	0.000000
819.560000	0.541190	-1.132392	1.374100	0.000000	0.000000
819.570000	0.541189	-1.132396	1.374098	0.000000	0.000000
819.580000	0.541187	-1.132400	1.374096	0.000000	0.000000
819.590000	0.541185	-1.132406	1.374093	0.000000	0.000000
819.600000	0.541184	-1.132412	1.374091	0.000000	0.000000
819.610000	0.541184	-1.132418	1.374088	0.000000	0.000000
819.620000	0.541183	-1.132426	1.374086	0.000000	0.000000
819.630000	0.541184	-1.132435	1.374083	0.000000	0.000000
819.640000	0.541185	-1.132443	1.374080	0.000000	0.000000
819.650000	0.541185	-1.132451	1.374078	0.000000	0.000000
819.660000	0.541184	-1.132455	1.374075	0.000000	0.000000
819.670000	0.541183	-1.132458	1.374072	0.000000	0.000000
819.680000	0.541182	-1.132461	1.374069	0.000000	0.000000
819.690000	0.541181	-1.132465	1.374066	0.000000	0.000000
819.700000	0.541181	-1.132471	1.374064	0.000000	0.000000
819.710000	0.541181	-1.132476	1.374061	0.000000	0.000000
819.720000	0.541180	-1.132481	1.374058	0.000000	0.000000
819.730000	0.541179	-1.132485	1.374055	0.000000	0.000000
819.740000	0.541178	-1.132489	1.374053	0.000000	0.000000
819.750000	0.541177	-1.132493	1.374050	0.000000	0.000000
819.760000	0.541176	-1.132498	1.374047	0.000000	0.000000
819.770000	0.541175	-1.132503	1.374045	0.000000	0.000000
819.780000	0.541174	-1.132508	1.374042	0.000000	0.000000
819.790000	0.541174	-1.132513	1.374040	0.000000	0.000000
819.800000	0.541173	-1.132519	1.374037	0.000000	0.000000
819.810000	0.541172	-1.132524	1.374035	0.000000	0.000000
819.820000	0.541172	-1.132531	1.374033	0.000000	0.000000
819.830000	0.541172	-1.132537	1.374030	0.000000	0.000000
819.840000	0.541172	-1.132542	1.374028	0.000000	0.000000
819.850000	0.541172	-1.132547	1.374026	0.000000	0.000000
819.860000	0.541171	-1.132550	1.374024	0.000000	0.000000
819.870000	0.541171	-1.132552	1.374022	0.000000	0.000000
819.880000	0.541169	-1.132551	1.374020	0.000000	0.000000
819.890000	0.541168	-1.132550	1.374018	0.000000	0.000000
819.900000	0.541166	-1.132548	1.374016	0.000000	0.000000
819.910000	0.541164	-1.132547	1.374014	0.000000	0.000000
819.920000	0.541163	-1.132547	1.374012	0.000000	0.000000
819.930000	0.541162	-1.132548	1.374010	0.000000	0.000000
819.940000	0.541162	-1.132551	1.374008	0.000000	0.000000
819.950000	0.541161	-1.132554	1.374006	0.000000	0.000000
819.960000	0.541161	-1.132558	1.374004	0.000000	0.000000
819.970000	0.541161	-1.132563	1.374002	0.000000	0.000000
819.980000	0.541161	-1.132568	1.374000	0.000000	0.000000
819.990000	0.541161	-1.132574	1.373998	0.000000	0.000000
820.000000	0.541161	-1.132581	1.373997	0.000000	0.000000
820.010000	0.541161	-1.132587	1.373995	0.000000	0.000000
820.020000	0.541161	-1.132593	1.373993	0.000000	0.000000
820.030000	0.541161	-1.132598	1.373990	0.000000	0.000000
820.040000	0.541161	-1.132603	1.373988	0.000000	0.000000
820.050000	0.541161	-1.132606	1.373986	0.000000	0.000000
820.060000	0.541159	-1.132607	1.373984	0.000000	0.000000
820.070000	0.541158	-1.132606	1.373982	0.000000	0.000000
820.080000	0.541157	-1.132606	1.373980	0.000000	0.000000
820.090000	0.541156	-1.132606	1.373978	0.000000	0.000000
820.100000	0.541156	-1.132608	1.373975	0.000000	0.000000
820.110000	0.541157	-1.132612	1.373973	0.000000	0.000000
820.120000	0.541158	-1.132617	1.373971	0.000000	0.000000
820.130000	0.541160	-1.132623	1.373969	0.000000	0.000000
820.140000	0.541162	-1.132629	1.373967	0.000000	0.000000
820.150000	0.541164	-1.132635	1.373965	0.000000	0.000000
820.160000	0.541165	-1.132641	1.373963	0.000000	0.000000
820.170000	0.541167	-1.132647	1.373961	0.000000	0.000000
820.180000	0.541169	-1.132654	1.373959	0.000000	0.000000
820.190000	0.541171	-1.132660	1.373958	0.000000	0.000000
820.200000	0.541173	-1.132666	1.373956	0.000000	0.000000
820.210000	0.541174	-1.132672	1.373954	0.000000	0.000000
820.220000	0.541175	-1.132677	1.373952	0.000000	0.000000
820.230000	0.541176	-1.132682	1.373950	0.000000	0.000000
820.240000	0.541178	-1.132687	1.373948	0.000000	0.000000
820.250000	0.541178	-1.132692	1.373947	0.000000	0.000000
820.260000	0.541179	-1.132696	1.373945	0.000000	0.000000
820.270000	0.541179	-1.132700	1.373943	0.000000	0.000000
820.280000	0.541179	-1.132705	1.373941	0.000000	0.000000
820.290000	0.541178	-1.132709	1.373940	0.000000	0.000000
820.300000	0.541179	-1.132714	1.373938	0.000000	0.000000
820.310000	0.541179	-1.132720	1.373936	0.000000	0.000000
820.320000	0.541180	-1.132725	1.373934	0.000000	0.000000
820.330000	0.541181	-1.132731	1.373933	0.000000	0.000000
820.340000	0.541182	-1.132737	1.373931	0.000000	0.000000
820.350000	0.541183	-1.132744	1.373929	0.000000	0.000000
820.360000	0.541184	-1.132750	1.373927	0.000000	0.000000
820.370000	0.541185	-1.132755	1.373925	0.000000	0.000000
820.380000	0.541186	-1.132760	1.373923	0.000000	0.000000
820.390000	0.541186	-1.132764	1.373921	0.000000	0.000000
820.400000	0.541186	-1.132768	1.373920	0.000000	0.000000
820.410000	0.541186	-1.132773	1.373918	0.000000	0.000000
820.420000	0.541186	-1.132778	1.373916	0.000000	0.000000
820.430000	0.541186	-1.132784	1.373914	0.000000	0.000000
820.440000	0.541187	-1.132790	1.373912	0.000000	0.000000
820.450000	0.541187	-1.132796	1.373909	0.000000	0.000000
820.460000	0.541188	-1.132802	1.373907	0.000000	0.000000
820.470000	0.541189	-1.132808	1.373905	0.000000	0.000000
820.480000	0.541190	-1.132814	1.373903	0.000000	0.000000
820.490000	0.541191	-1.132818	1.373901	0.000000	0.000000
820.500000	0.541192	-1.132823	1.373899	0.000000	0.000000
820.510000	0.541194	-1.132826	1.373896	0.000000	0.000000
820.520000	0.541195	-1.132830	1.373894	0.000000	0.000000
820.530000	0.541197	-1.132833	1.373892	0.000000	0.000000
820.540000	0.541199	-1.132836	1.373890	0.000000	0.000000
820.550000	0.541201	-1.132838	1.373887	0.000000	0.000000
820.560000	0.541203	-1.132839	1.373885	0.000000	0.000000
820.570000	0.541205	-1.132840	1.373882	0.000000	0.000000
820.580000	0.541206	-1.132841	1.373880	0.000000	0.000000
820.590000	0.541206	-1.132840	1.373877	0.000000	0.000000
820.600000	0.541206	-1.132838	1.373875	0.000000	0.000000
820.610000	0.541206	-1.132839	1.373872	0.000000	0.000000
820.620000	0.541207	-1.132843	1.373870	0.000000	0.000000
820.630000	0.541208	-1.132848	1.373867	0.000000	0.000000
820.640000	0.541210	-1.132853	1.373865	0.000000	0.000000
820.650000	0.541212	-1.132858	1.373862	0.000000	0.000000
820.660000	0.541213	-1.132864	1.373860	0.000000	0.000000
820.670000	0.541214	-1.132870	1.373857	0.000000	0.000000
820.680000	0.541215	-1.132878	1.373855	0.000000	0.000000
820.690000	0.541217	-1.132885	1.373853	0.000000	0.000000
820.700000	0.541218	-1.132893	1.373850	0.000000	0.000000
820.710000	0.541219	-1.132900	1.373848	0.000000	0.000000
820.720000	0.541220	-1.132906	1.373846	0.000000	0.000000
820.730000	0.541221	-1.132911	1.373844	0.000000	0.000000
820.740000	0.541221	-1.132916	1.373842	0.000000	0.000000
820.750000	0.541222	-1.132920	1.373840	0.000000	0.000000
820.760000	0.541222	-1.132924	1.373838	0.000000	0.000000
820.770000	0.541223	-1.132928	1.373836	0.000000	0.000000
820.780000	0.541224	-1.132933	1.373834	0.000000	0.000000
820.790000	0.541225	-1.132938	1.373832	0.000000	0.000000
820.800000	0.541226	-1.132943	1.373830	0.000000	0.000000
820.810000	0.541227	-1.132948	1.373829	0.000000	0.000000
820.820000	0.541228	-1.132954	1.373827	0.000000	0.000000
820.830000	0.541229	-1.132959	1.373825	0.000000	0.000000
820.840000	0.541231	-1.132963	1.373823	0.000000	0.000000
820.850000	0.541231	-1.132966	1.373822	0.000000	0.000000
820.860000	0.541230	-1.132967	1.373820	0.000000	0.000000
820.870000	0.541230	-1.132967	1.373818	0.000000	0.000000
820.880000	0.541229	-1.132968	1.373816	0.000000	0.000000
820.890000	0.541229	-1.132970	1.373815	0.000000	0.000000
820.900000	0.541229	-1.132972	1.373813	0.000000	0.000000
820.910000	0.541230	-1.132975	1.373811	0.000000	0.000000
820.920000	0.541230	-1.132978	1.373810	0.000000	0.000000
820.930000	0.541231	-1.132982	1.373808	0.000000	0.000000
820.940000	0.541232	-1.132985	1.373806	0.000000	0.000000
820.950000	0.541233	-1.132988	1.373805	0.000000	0.000000
820.960000	0.541233	-1.132991	1.373803	0.000000	0.000000
820.970000	0.541232	-1.132993	1.373802	0.000000	0.000000
820.980000	0.541232	-1.132995	1.373801	0.000000	0.000000
820.990000	0.541232	-1.132996	1.373799	0.000000	0.000000
821.000000	0.541231	-1.132998	1.373798	0.000000	0.000000
821.010000	0.541231	-1.132999	1.373797	0.000000	0.000000
821.020000	0.541231	-1.133000	1.373795	0.000000	0.000000
821.030000	0.541231	-1.133000	1.373794	0.000000	0.000000
821.040000	0.541230	-1.133000	1.373793	0.000000	0.000000
821.050000	0.541229	-1.133000	1.373792	0.000000	0.000000
821.060000	0.541228	-1.132997	1.373790	0.000000	0.000000
821.070000	0.541226	-1.132993	1.373789	0.000000	0.000000
821.080000	0.541224	-1.132988	1.373788	0.000000	0.000000
821.090000	0.541222	-1.132982	1.373787	0.000000	0.000000
821.100000	0.541221	-1.132978	1.373785	0.000000	0.000000
821.110000	0.541220	-1.132977	1.373784	0.000000	0.000000
821.120000	0.541221	-1.132978	1.373783	0.000000	0.000000
821.130000	0.541222	-1.132980	1.373782	0.000000	0.000000
821.140000	0.541224	-1.132983	1.373781	0.000000	0.000000
821.150000	0.541226	-1.132986	1.373780	0.000000	0.000000
821.160000	0.541227	-1.132989	1.373779	0.000000	0.000000
821.170000	0.541229	-1.132991	1.373778	0.000000	0.000000
821.180000	0.541231	-1.132991	1.373777	0.000000	0.000000
821.190000	0.541232	-1.132990	1.373776	0.000000	0.000000
821.200000	0.541231	-1.132986	1.373775	0.000000	0.000000
821.210000	0.541230	-1.132982	1.373774	0.000000	0.000000
821.220000	0.541229	-1.132976	1.373773	0.000000	0.000000
821.230000	0.541228	-1.132969	1.373772	0.000000	0.000000
821.240000	0.541227	-1.132963	1.373771	0.000000	0.000000
821.250000	0.541226	-1.132956	1.373770	0.000000	0.000000
821.260000	0.541225	-1.132949	1.373770	0.000000	0.000000
821.270000	0.541224	-1.132942	1.373769	0.000000	0.000000
821.280000	0.541223	-1.132936	1.373768	0.000000	0.000000
821.290000	0.541222	-1.132930	1.373768	0.000000	0.000000
821.300000	0.541222	-1.132926	1.373767	0.000000	0.000000
821.310000	0.541222	-1.132922	1.373766	0.000000	0.000000
821.320000	0.541222	-1.132918	1.373766	0.000000	0.000000
821.330000	0.541222	-1.132914	1.373765	0.000000	0.000000
821.340000	0.541222	-1.132910	1.373765	0.000000	0.000000
821.350000	0.541222	-1.132905	1.373764	0.000000	0.000000
821.360000	0.541222	-1.132899	1.373764	0.000000	0.000000
821.370000	0.541222	-1.132894	1.373764	0.000000	0.000000
821.380000	0.541221	-1.132888	1.373763	0.000000	0.000000
821.390000	0.541220	-1.132881	1.373763	0.000000	0.000000
821.400000	0.541219	-1.132874	1.373763	0.000000	0.000000
821.410000	0.541218	-1.132865	1.373763	0.000000	0.000000
821.420000	0.541217	-1.132856	1.373763	0.000000	0.000000
821.430000	0.541216	-1.132849	1.373763	0.000000	0.000000
821.440000	0.541217	-1.132845	1.373763	0.000000	0.000000
821.450000	0.541218	-1.132844	1.373763	0.000000	0.000000
821.460000	0.541219	-1.132844	1.373763	0.000000	0.000000
821.470000	0.541221	-1.132846	1.373763	0.000000	0.000000
821.480000	0.541222	-1.132847	1.373763	0.000000	0.000000
821.490000	0.541223	-1.132848	1.373763	0.000000	0.000000
821.500000	0.541224	-1.132847	1.373763	0.000000	0.000000
821.510000	0.541224	-1.132845	1.373764	0.000000	0.000000
821.520000	0.541224	-1.132841	1.373764	0.000000	0.000000
821.530000	0.541223	-1.132835	1.373764	0.000000	0.000000
821.540000	0.541222	-1.132827	1.373765	0.000000	0.000000
821.550000	0.541222	-1.132819	1.373765	0.000000	0.000000
821.560000	0.541221	-1.132811	1.373765	0.000000	0.000000
821.570000	0.541220	-1.132805	1.373766	0.000000	0.000000
821.580000	0.541220	-1.132801	1.373766	0.000000	0.000000
821.590000	0.541221	-1.132797	1.373767	0.000000	0.000000
821.600000	0.541221	-1.132794	1.373768	0.000000	0.000000
821.610000	0.541222	-1.132790	1.373768	0.000000	0.000000
821.620000	0.541222	-1.132786	1.373769	0.000000	0.000000
821.630000	0.541222	-1.132780	1.373770	0.000000	0.000000
821.640000	0.541222	-1.132773	1.373770	0.000000	0.000000
821.650000	0.541222	-1.132767	1.373771	0.000000	0.000000
821.660000	0.541222	-1.132763	1.373772	0.000000	0.000000
821.670000	0.541223	-1.132759	1.373773	0.000000	0.000000
821.680000	0.541225	-1.132756	1.373774	0.000000	0.000000
821.690000	0.541226	-1.132753	1.373775	0.000000	0.000000
821.700000	0.541227	-1.132749	1.373776	0.000000	0.000000
821.710000	0.541228	-1.132744	1.373777	0.000000	0.000000
821.720000	0.541228	-1.132737	1.373778	0.000000	0.000000
821.730000	0.541227	-1.132727	1.373779	0.000000	0.000000
821.740000	0.541227	-1.132716	1.373780	0.000000	0.000000
821.750000	0.541226	-1.132705	1.373781	0.000000	0.000000
821.760000	0.541226	-1.132695	1.373782	0.000000	0.000000
821.770000	0.541226	-1.132686	1.373783	0.000000	0.000000
821.780000	0.541228	-1.132679	1.373784	0.000000	0.000000
821.790000	0.541230	-1.132675	1.373786	0.000000	0.000000
821.800000	0.541233	-1.132672	1.373787	0.000000	0.000000
821.810000	0.541236	-1.132671	1.373788	0.000000	0.000000
821.820000	0.541240	-1.132672	1.373789	0.000000	0.000000
821.830000	0.541244	-1.132673	1.373791	0.000000	0.000000
821.840000	0.541248	-1.132674	1.373792	0.000000	0.000000
821.850000	0.541250	-1.132674	1.373793	0.000000	0.000000
821.860000	0.541253	-1.132671	1.373795	0.000000	0.000000
821.870000	0.541255	-1.132667	1.373796	0.000000	0.000000
821.880000	0.541256	-1.132662	1.373798	0.000000	0.000000
821.890000	0.541257	-1.132655	1.373799	0.000000	0.000000
821.900000	0.541258	-1.132647	1.373801	0.000000	0.000000
821.910000	0.541258	-1.132637	1.373803	0.000000	0.000000
821.920000	0.541257	-1.132624	1.373804	0.000000	0.000000
821.930000	0.541256	-1.132611	1.373806	0.000000	0.000000
821.940000	0.541256	-1.132597	1.373808	0.000000	0.000000
821.950000	0.541255	-1.132586	1.373810	0.000000	0.000000
821.960000	0.541255	-1.132576	1.373812	0.000000	0.000000
821.970000	0.541256	-1.132568	1.373814	0.000000	0.000000
821.980000	0.541258	-1.132560	1.373816	0.000000	0.000000
821.990000	0.541259	-1.132553	1.373819	0.000000	0.000000
822.000000	0.541260	-1.132546	1.373821	0.000000	0.000000
822.010000	0.541261	-1.132539	1.373823	0.000000	0.000000
822.020000	0.541262	-1.132532	1.373825	0.000000	0.000000
822.030000	0.541263	-1.132525	1.373828	0.000000	0.000000
822.040000	0.541263	-1.132517	1.373830	0.000000	0.000000
822.050000	0.541264	-1.132509	1.373833	0.000000	0.000000
822.060000	0.541264	-1.132502	1.373835	0.000000	0.000000
822.070000	0.541264	-1.132494	1.373837	0.000000	0.000000
822.080000	0.541264	-1.132487	1.373840	0.000000	0.000000
822.090000	0.541265	-1.132480	1.373842	0.000000	0.000000
822.100000	0.541265	-1.132473	1.373844	0.000000	0.000000
822.110000	0.541264	-1.132465	1.373846	0.000000	0.000000
822.120000	0.541264	-1.132456	1.373849	0.000000	0.000000
822.130000	0.541264	-1.132448	1.373851	0.000000	0.000000
822.140000	0.541264	-1.132441	1.373853	0.000000	0.000000
822.150000	0.541264	-1.132435	1.373855	0.000000	0.000000
822.160000	0.541265	-1.132429	1.373857	0.000000	0.000000
822.170000	0.541265	-1.132424	1.373859	0.000000	0.000000
822.180000	0.541266	-1.132421	1.373861	0.000000	0.000000
822.190000	0.541267	-1.132418	1.373863	0.000000	0.000000
822.200000	0.541269	-1.132416	1.373865	0.000000	0.000000
822.210000	0.541271	-1.132414	1.373867	0.000000	0.000000
822.220000	0.541273	-1.132411	1.373869	0.000000	0.000000
822.230000	0.541275	-1.132405	1.373871	0.000000	0.000000
822.240000	0.541275	-1.132398	1.373873	0.000000	0.000000
822.250000	0.541276	-1.132391	1.373875	0.000000	0.000000
822.260000	0.541276	-1.132383	1.373877	0.000000	0.000000
822.270000	0.541277	-1.132377	1.373879	0.000000	0.000000
822.280000	0.541277	-1.132370	1.373881	0.000000	0.000000
822.290000	0.541277	-1.132362	1.373883	0.000000	0.000000
822.300000	0.541276	-1.132351	1.373885	0.000000	0.000000
822.310000	0.541273	-1.132337	1.373886	0.000000	0.000000
822.320000	0.541270	-1.132321	1.373888	0.000000	0.000000
822.330000	0.541267	-1.132303	1.373890	0.000000	0.000000
822.340000	0.541264	-1.132286	1.373892	0.000000	0.000000
822.350000	0.541262	-1.132271	1.373894	0.000000	0.000000
822.360000	0.541260	-1.132259	1.373896	0.000000	0.000000
822.370000	0.541260	-1.132250	1.373898	0.000000	0.000000
822.380000	0.541260	-1.132244	1.373900	0.000000	0.000000
822.390000	0.541260	-1.132239	1.373902	0.000000	0.000000
822.400000	0.541261	-1.132235	1.373904	0.000000	0.000000
822.410000	0.541262	-1.132232	1.373906	0.000000	0.000000
822.420000	0.541263	-1.132228	1.373908	0.000000	0.000000
822.430000	0.541263	-1.132225	1.373910	0.000000	0.000000
822.440000	0.541264	-1.132221	1.373912	0.000000	0.000000
822.450000	0.541264	-1.132216	1.373914	0.000000	0.000000
822.460000	0.541264	-1.132210	1.373916	0.000000	0.000000
822.470000	0.541264	-1.132203	1.373918	0.000000	0.000000
822.480000	0.541264	-1.132197	1.373920	0.000000	0.000000
822.490000	0.541265	-1.132191	1.373922	0.000000	0.000000
822.500000	0.541265	-1.132187	1.373924	0.000000	0.000000
822.510000	0.541267	-1.132183	1.373926	0.000000	0.000000
822.520000	0.541268	-1.132181	1.373928	0.000000	0.000000
822.530000	0.541270	-1.132178	1.373931	0.000000	0.000000
822.540000	0.541272	-1.132176	1.373933	0.000000	0.000000
822.550000	0.541274	-1.132172	1.373935	0.000000	0.000000
822.560000	0.541276	-1.132167	1.373937	0.000000	0.000000
822.570000	0.541276	-1.132161	1.373940	0.000000	0.000000
822.580000	0.541276	-1.132155	1.373942	0.000000	0.000000
822.590000	0.541276	-1.132147	1.373944	0.000000	0.000000
822.600000	0.541276	-1.132139	1.373946	0.000000	0.000000
822.610000	0.541276	-1.132130	1.373949	0.000000	0.000000
822.620000	0.541275	-1.132121	1.373951	0.000000	0.000000
822.630000	0.541275	-1.132112	1.373953	0.000000	0.000000
822.640000	0.541276	-1.132103	1.373956	0.000000	0.000000
822.650000	0.541275	-1.132093	1.373958	0.000000	0.000000
822.660000	0.541275	-1.132083	1.373960	0.000000	0.000000
822.670000	0.541275	-1.132074	1.373962	0.000000	0.000000
822.680000	0.541276	-1.132065	1.373964	0.000000	0.000000
822.690000	0.541276	-1.132058	1.373967	0.000000	0.000000
822.700000	0.541277	-1.132052	1.373969	0.000000	0.000000
822.710000	0.541279	-1.132047	1.373971	0.000000	0.000000
822.720000	0.541281	-1.132042	1.373973	0.000000	0.000000
822.730000	0.541282	-1.132036	1.373975	0.000000	0.000000
822.740000	0.541282	-1.132029	1.373977	0.000000	0.000000
822.750000	0.541282	-1.132020	1.373979	0.000000	0.000000
822.760000	0.541281	-1.132010	1.373980	0.000000	0.000000
822.770000	0.541280	-1.132001	1.373982	0.000000	0.000000
822.780000	0.541279	-1.131993	1.373984	0.000000	0.000000
822.790000	0.541279	-1.131988	1.373986	0.000000	0.000000
822.800000	0.541279	-1.131984	1.373988	0.000000	0.000000
822.810000	0.541280	-1.131982	1.373990	0.000000	0.000000
822.820000	0.541280	-1.131980	1.373991	0.000000	0.000000
822.830000	0.541281	-1.131978	1.373993	0.000000	0.000000
822.840000	0.541281	-1.131975	1.373995	0.000000	0.000000
822.850000	0.541281	-1.131970	1.373997	0.000000	0.000000
822.860000	0.541281	-1.131965	1.373998	0.000000	0.000000
822.870000	0.541281	-1.131958	1.374000	0.000000	0.000000
822.880000	0.541280	-1.131949	1.374002	0.000000	0.000000
822.890000	0.541279	-1.131939	1.374003	0.000000	0.000000
822.900000	0.541278	-1.131929	1.374005	0.000000	0.000000
822.910000	0.541277	-1.131920	1.374007	0.000000	0.000000
822.920000	0.541277	-1.131912	1.374008	0.000000	0.000000
822.930000	0.541276	-1.131905	1.374010	0.000000	0.000000
822.940000	0.541276	-1.131899	1.374011	0.000000	0.000000
822.950000	0.541276	-1.131894	1.374013	0.000000	0.000000
822.960000	0.541275	-1.131887	1.374014	0.000000	0.000000
822.970000	0.541274	-1.131880	1.374016	0.000000	0.000000
822.980000	0.541274	-1.131872	1.374017	0.000000	0.000000
822.990000	0.541274	-1.131866	1.374019	0.000000	0.000000
823.000000	0.541274	-1.131860	1.374020	0.000000	0.000000
823.010000	0.541274	-1.131856	1.374022	0.000000	0.000000
823.020000	0.541275	-1.131853	1.374023	0.000000	0.000000
823.030000	0.541275	-1.131851	1.374025	0.000000	0.000000
823.040000	0.541276	-1.131848	1.374026	0.000000	0.000000
823.050000	0.541276	-1.131846	1.374028	0.000000	0.000000
823.060000	0.541276	-1.131842	1.374029	0.000000	0.000000
823.070000	0.541276	-1.131837	1.374031	0.000000	0.000000
823.080000	0.541275	-1.131832	1.374032	0.000000	0.000000
823.090000	0.541274	-1.131826	1.374033	0.000000	0.000000
823.100000	0.541273	-1.131819	1.374034	0.000000	0.000000
823.110000	0.541272	-1.131813	1.374036	0.000000	0.000000
823.120000	0.541272	-1.131807	1.374037	0.000000	0.000000
823.130000	0.541272	-1.131801	1.374038	0.000000	0.000000
823.140000	0.541272	-1.131795	1.374039	0.000000	0.000000
823.150000	0.541273	-1.131788	1.374040	0.000000	0.000000
823.160000	0.541273	-1.131781	1.374041	0.000000	0.000000
823.170000	0.541273	-1.131774	1.374042	0.000000	0.000000
823.180000	0.541274	-1.131769	1.374043	0.000000	0.000000
823.190000	0.541275	-1.131764	1.374044	0.000000	0.000000
823.200000	0.541276	-1.131760	1.374044	0.000000	0.000000
823.210000	0.541277	-1.131756	1.374045	0.000000	0.000000
823.220000	0.541277	-1.131752	1.374046	0.000000	0.000000
823.230000	0.541278	-1.131748	1.374047	0.000000	0.000000
823.240000	0.541279	-1.131743	1.374047	0.000000	0.000000
823.250000	0.541280	-1.131739	1.374048	0.000000	0.000000
823.260000	0.541280	-1.131734	1.374049	0.000000	0.000000
823.270000	0.541282	-1.131730	1.374049	0.000000	0.000000
823.280000	0.541283	-1.131727	1.374050	0.000000	0.000000
823.290000	0.541285	-1.131723	1.374050	0.000000	0.000000
823.300000	0.541287	-1.131720	1.374051	0.000000	0.000000
823.310000	0.541288	-1.131716	1.374051	0.000000	0.000000
823.320000	0.541289	-1.131712	1.374052	0.000000	0.000000
823.330000	0.541289	-1.131708	1.374052	0.000000	0.000000
823.340000	0.541291	-1.131705	1.374053	0.000000	0.000000
823.350000	0.541291	-1.131701	1.374053	0.000000	0.000000
823.360000	0.541291	-1.131697	1.374054	0.000000	0.000000
823.370000	0.541291	-1.131693	1.374054	0.000000	0.000000
823.380000	0.541291	-1.131690	1.374055	0.000000	0.000000
823.390000	0.541291	-1.131687	1.374056	0.000000	0.000000
823.400000	0.541291	-1.131684	1.374056	0.000000	0.000000
823.410000	0.541291	-1.131681	1.374057	0.000000	0.000000
823.420000	0.541291	-1.131679	1.374057	0.000000	0.000000
823.430000	0.541292	-1.131678	1.374057	0.000000	0.000000
823.440000	0.541293	-1.131678	1.374058	0.000000	0.000000
823.450000	0.541293	-1.131678	1.374059	0.000000	0.000000
823.460000	0.541294	-1.131678	1.374059	0.000000	0.000000
823.470000	0.541294	-1.131679	1.374060	0.000000	0.000000
823.480000	0.541294	-1.131680	1.374060	0.000000	0.000000
823.490000	0.541294	-1.131681	1.374061	0.000000	0.000000
823.500000	0.541294	-1.131682	1.374061	0.000000	0.000000
823.510000	0.541294	-1.131684	1.374062	0.000000	0.000000
823.520000	0.541294	-1.131686	1.374062	0.000000	0.000000
823.530000	0.541294	-1.131688	1.374063	0.000000	0.000000
823.540000	0.541294	-1.131690	1.374063	0.000000	0.000000
823.550000	0.541294	-1.131692	1.374063	0.000000	0.000000
823.560000	0.541293	-1.131693	1.374064	0.000000	0.000000
823.570000	0.541293	-1.131694	1.374064	0.000000	0.000000
823.580000	0.541293	-1.131696	1.374064	0.000000	0.000000
823.590000	0.541293	-1.131699	1.374065	0.000000	0.000000
823.600000	0.541293	-1.131702	1.374065	0.000000	0.000000
823.610000	0.541293	-1.131705	1.374065	0.000000	0.000000
823.620000	0.541293	-1.131709	1.374065	0.000000	0.000000
823.630000	0.541292	-1.131711	1.374066	0.000000	0.000000
823.640000	0.541291	-1.131713	1.374066	0.000000	0.000000
823.650000	0.541290	-1.131713	1.374066	0.000000	0.000000
823.660000	0.541289	-1.131712	1.374066	0.000000	0.000000
823.670000	0.541287	-1.131710	1.374067	0.000000	0.000000
823.680000	0.541285	-1.131707	1.374067	0.000000	0.000000
823.690000	0.541284	-1.131705	1.374067	0.000000	0.000000
823.700000	0.541282	-1.131703	1.374068	0.000000	0.000000
823.710000	0.541280	-1.131701	1.374068	0.000000	0.000000
823.720000	0.541278	-1.131699	1.374069	0.000000	0.000000
823.730000	0.541276	-1.131696	1.374069	0.000000	0.000000
823.740000	0.541274	-1.131693	1.374070	0.000000	0.000000
823.750000	0.541271	-1.131691	1.374070	0.000000	0.000000
823.760000	0.541269	-1.131689	1.374071	0.000000	0.000000
823.770000	0.541267	-1.131688	1.374071	0.000000	0.000000
823.780000	0.541264	-1.131687	1.374072	0.000000	0.000000
823.790000	0.541262	-1.131685	1.374072	0.000000	0.000000
823.800000	0.541259	-1.131684	1.374073	0.000000	0.000000
823.810000	0.541256	-1.131683	1.374073	0.000000	0.000000
823.820000	0.541254	-1.131682	1.374074	0.000000	0.000000
823.830000	0.541251	-1.131681	1.374074	0.000000	0.000000
823.840000	0.541249	-1.131681	1.374075	0.000000	0.000000
823.850000	0.541247	-1.131683	1.374075	0.000000	0.000000
823.860000	0.541246	-1.131686	1.374076	0.000000	0.000000
823.870000	0.541246	-1.131691	1.374076	0.000000	0.000000
823.880000	0.541245	-1.131696	1.374077	0.000000	0.000000
823.890000	0.541244	-1.131700	1.374077	0.000000	0.000000
823.900000	0.541244	-1.131704	1.374077	0.000000	0.000000
823.910000	0.541242	-1.131706	1.374078	0.000000	0.000000
823.920000	0.541241	-1.131707	1.374078	0.000000	0.000000
823.930000	0.541239	-1.131709	1.374078	0.000000	0.000000
823.940000	0.541237	-1.131710	1.374079	0.000000	0.000000
823.950000	0.541235	-1.131712	1.374079	0.000000	0.000000
823.960000	0.541234	-1.131715	1.374080	0.000000	0.000000
823.970000	0.541233	-1.131718	1.374080	0.000000	0.000000
823.980000	0.541232	-1.131722	1.374080	0.000000	0.000000
823.990000	0.541232	-1.131727	1.374081	0.000000	0.000000
824.000000	0.541232	-1.131732	1.374081	0.000000	0.000000
824.010000	0.541233	-1.131737	1.374082	0.000000	0.000000
824.020000	0.541232	-1.131741	1.374082	0.000000	0.000000
824.030000	0.541232	-1.131744	1.374083	0.000000	0.000000
824.040000	0.541230	-1.131746	1.374083	0.000000	0.000000
824.050000	0.541229	-1.131746	1.374084	0.000000	0.000000
824.060000	0.541227	-1.131745	1.374085	0.000000	0.000000
824.070000	0.541224	-1.131741	1.374085	0.000000	0.000000
824.080000	0.541221	-1.131737	1.374085	0.000000	0.000000
824.090000	0.541219	-1.131731	1.374086	0.000000	0.000000
824.100000	0.541216	-1.131725	1.374086	0.000000	0.000000
824.110000	0.541214	-1.131720	1.374087	0.000000	0.000000
824.120000	0.541212	-1.131716	1.374087	0.000000	0.000000
824.130000	0.541211	-1.131714	1.374087	0.000000	0.000000
824.140000	0.541210	-1.131713	1.374087	0.000000	0.000000
824.150000	0.541210	-1.131714	1.374088	0.000000	0.000000
824.160000	0.541211	-1.131716	1.374088	0.000000	0.000000
824.170000	0.541211	-1.131719	1.374088	0.000000	0.000000
824.180000	0.541212	-1.131723	1.374088	0.000000	0.000000
824.190000	0.541213	-1.131728	1.374088	0.000000	0.000000
824.200000	0.541214	-1.131733	1.374087	0.000000	0.000000
824.210000	0.541215	-1.131738	1.374087	0.000000	0.000000
824.220000	0.541216	-1.131742	1.374087	0.000000	0.000000
824.230000	0.541216	-1.131744	1.374087	0.000000	0.000000
824.240000	0.541216	-1.131742	1.374086	0.000000	0.000000
824.250000	0.541215	-1.131740	1.374086	0.000000	0.000000
824.260000	0.541216	-1.131742	1.374085	0.000000	0.000000
824.270000	0.541218	-1.131746	1.374085	0.000000	0.000000
824.280000	0.541219	-1.131752	1.374084	0.000000	0.000000
824.290000	0.541221	-1.131758	1.374084	0.000000	0.000000
824.300000	0.541222	-1.131763	1.374083	0.000000	0.000000
824.310000	0.541223	-1.131767	1.374083	0.000000	0.000000
824.320000	0.541223	-1.131771	1.374082	0.000000	0.000000
824.330000	0.541224	-1.131776	1.374082	0.000000	0.000000
824.340000	0.541225	-1.131780	1.374082	0.000000	0.000000
824.350000	0.541226	-1.131784	1.374081	0.000000	0.000000
824.360000	0.541226	-1.131788	1.374081	0.000000	0.000000
824.370000	0.541227	-1.131790	1.374081	0.000000	0.000000
824.380000	0.541226	-1.131790	1.374081	0.000000	0.000000
824.390000	0.541224	-1.131789	1.374080	0.000000	0.000000
824.400000	0.541223	-1.131786	1.374080	0.000000	0.000000
824.410000	0.541220	-1.131783	1.374080	0.000000	0.000000
824.420000	0.541219	-1.131780	1.374080	0.000000	0.000000
824.430000	0.541217	-1.131777	1.374080	0.000000	0.000000
824.440000	0.541216	-1.131775	1.374080	0.000000	0.000000
824.450000	0.541215	-1.131773	1.374080	0.000000	0.000000
824.460000	0.541213	-1.131771	1.374080	0.000000	0.000000
824.470000	0.541211	-1.131770	1.374080	0.000000	0.000000
824.480000	0.541209	-1.131768	1.374080	0.000000	0.000000
824.490000	0.541208	-1.131767	1.374080	0.000000	0.000000
824.500000	0.541206	-1.131766	1.374080	0.000000	0.000000
824.510000	0.541204	-1.131765	1.374080	0.000000	0.000000
824.520000	0.541203	-1.131766	1.374080	0.000000	0.000000
824.530000	0.541201	-1.131767	1.374079	0.000000	0.000000
824.540000	0.541200	-1.131769	1.374079	0.000000	0.000000
824.550000	0.541200	-1.131771	1.374079	0.000000	0.000000
824.560000	0.541199	-1.131772	1.374078	0.000000	0.000000
824.570000	0.541198	-1.131772	1.374078	0.000000	0.000000
824.580000	0.541197	-1.131770	1.374077	0.000000	0.000000
824.590000	0.541194	-1.131765	1.374077	0.000000	0.000000
824.600000	0.541192	-1.131758	1.374076	0.000000	0.000000
824.610000	0.541189	-1.131754	1.374076	0.000000	0.000000
824.620000	0.541187	-1.131753	1.374075	0.000000	0.000000
824.630000	0.541186	-1.131754	1.374075	0.000000	0.000000
824.640000	0.541186	-1.131757	1.374074	0.000000	0.000000
824.650000	0.541185	-1.131760	1.374074	0.000000	0.000000
824.660000	0.541184	-1.131763	1.374073	0.000000	0.000000
824.670000	0.541183	-1.131764	1.374073	0.000000	0.000000
824.680000	0.541181	-1.131766	1.374072	0.000000	0.000000
824.690000	0.541180	-1.131767	1.374072	0.000000	0.000000
824.700000	0.541178	-1.131768	1.374071	0.000000	0.000000
824.710000	0.541177	-1.131770	1.374071	0.000000	0.000000
824.720000	0.541176	-1.131772	1.374070	0.000000	0.000000
824.730000	0.541175	-1.131774	1.374070	0.000000	0.000000
824.740000	0.541174	-1.131775	1.374070	0.000000	0.000000
824.750000	0.541173	-1.131777	1.374069	0.000000	0.000000
824.760000	0.541172	-1.131779	1.374069	0.000000	0.000000
824.770000	0.541171	-1.131781	1.374068	0.000000	0.000000
824.780000	0.541171	-1.131784	1.374068	0.000000	0.000000
824.790000	0.541171	-1.131787	1.374067	0.000000	0.000000
824.800000	0.541171	-1.131792	1.374067	0.000000	0.000000
824.810000	0.541171	-1.131797	1.374066	0.000000	0.000000
824.820000	0.541172	-1.131803	1.374065	0.000000	0.000000
824.830000	0.541173	-1.131809	1.374065	0.000000	0.000000
824.840000	0.541173	-1.131814	1.374064	0.000000	0.000000
824.850000	0.541174	-1.131819	1.374064	0.000000	0.000000
824.860000	0.541175	-1.131823	1.374063	0.000000	0.000000
824.870000	0.541176	-1.131826	1.374062	0.000000	0.000000
824.880000	0.541176	-1.131829	1.374062	0.000000	0.000000
824.890000	0.541177	-1.131830	1.374061	0.000000	0.000000
824.900000	0.541176	-1.131831	1.374061	0.000000	0.000000
824.910000	0.541176	-1.131830	1.374060	0.000000	0.000000
824.920000	0.541176	-1.131830	1.374060	0.000000	0.000000
824.930000	0.541176	-1.131829	1.374059	0.000000	0.000000
824.940000	0.541176	-1.131828	1.374059	0.000000	0.000000
824.950000	0.541175	-1.131826	1.374058	0.000000	0.000000
824.960000	0.541175	-1.131824	1.374058	0.000000	0.000000
824.970000	0.541174	-1.131821	1.374057	0.000000	0.000000
824.980000	0.541174	-1.131818	1.374057	0.000000	0.000000
824.990000	0.541173	-1.131815	1.374056	0.000000	0.000000
825.000000	0.541173	-1.131814	1.374056	0.000000	0.000000
825.010000	0.541173	-1.131813	1.374055	0.000000	0.000000
825.020000	0.541173	-1.131814	1.374055	0.000000	0.000000
825.030000	0.541174	-1.131816	1.374054	0.000000	0.000000
825.040000	0.541174	-1.131819	1.374054	0.000000	0.000000
825.050000	0.541175	-1.131822	1.374053	0.000000	0.000000
825.060000	0.541176	-1.131825	1.374052	0.000000	0.000000
825.070000	0.541177	-1.131828	1.374052	0.000000	0.000000
825.080000	0.541178	-1.131831	1.374051	0.000000	0.000000
825.090000	0.541178	-1.131834	1.374050	0.000000	0.000000
825.100000	0.541179	-1.131837	1.374049	0.000000	0.000000
825.110000	0.541180	-1.131841	1.374049	0.000000	0.000000
825.120000	0.541180	-1.131844	1.374048	0.000000	0.000000
825.130000	0.541181	-1.131847	1.374047	0.000000	0.000000
825.140000	0.541181	-1.131846	1.374046	0.000000	0.000000
825.150000	0.541180	-1.131842	1.374045	0.000000	0.000000
825.160000	0.541179	-1.131839	1.374044	0.000000	0.000000
825.170000	0.541179	-1.131839	1.374043	0.000000	0.000000
825.180000	0.541179	-1.131841	1.374042	0.000000	0.000000
825.190000	0.541179	-1.131843	1.374042	0.000000	0.000000
825.200000	0.541179	-1.131844	1.374041	0.000000	0.000000
825.210000	0.541179	-1.131845	1.374040	0.000000	0.000000
825.220000	0.541178	-1.131846	1.374039	0.000000	0.000000
825.230000	0.541177	-1.131845	1.374038	0.000000	0.000000
825.240000	0.541176	-1.131845	1.374037	0.000000	0.000000
825.250000	0.541175	-1.131845	1.374036	0.000000	0.000000
825.260000	0.541175	-1.131845	1.374036	0.000000	0.000000
825.270000	0.541174	-1.131846	1.374035	0.000000	0.000000
825.280000	0.541174	-1.131849	1.374034	0.000000	0.000000
825.290000	0.541174	-1.131851	1.374033	0.000000	0.000000
825.300000	0.541174	-1.131855	1.374031	0.000000	0.000000
825.310000	0.541174	-1.131857	1.374030	0.000000	0.000000
825.320000	0.541174	-1.131860	1.374029	0.000000	0.000000
825.330000	0.541173	-1.131862	1.374028	0.000000	0.000000
825.340000	0.541172	-1.131862	1.374026	0.000000	0.000000
825.350000	0.541171	-1.131862	1.374025	0.000000	0.000000
825.360000	0.541170	-1.131861	1.374024	0.000000	0.000000
825.370000	0.541168	-1.131860	1.374022	0.000000	0.000000
825.380000	0.541168	-1.131861	1.374021	0.000000	0.000000
825.390000	0.541167	-1.131864	1.374019	0.000000	0.000000
825.400000	0.541167	-1.131869	1.374017	0.000000	0.000000
825.410000	0.541167	-1.131874	1.374016	0.000000	0.000000
825.420000	0.541168	-1.131880	1.374014	0.000000	0.000000
825.430000	0.541168	-1.131885	1.374013	0.000000	0.000000
825.440000	0.541168	-1.131889	1.374011	0.000000	0.000000
825.450000	0.541167	-1.131893	1.374010	0.000000	0.000000
825.460000	0.541166	-1.131895	1.374009	0.000000	0.000000
825.470000	0.541164	-1.131898	1.374007	0.000000	0.000000
825.480000	0.541164	-1.131902	1.374006	0.000000	0.000000
825.490000	0.541164	-1.131908	1.374004	0.000000	0.000000
825.500000	0.541164	-1.131913	1.374003	0.000000	0.000000
825.510000	0.541165	-1.131919	1.374002	0.000000	0.000000
825.520000	0.541164	-1.131925	1.374000	0.000000	0.000000
825.530000	0.541164	-1.131932	1.373999	0.000000	0.000000
825.540000	0.541165	-1.131939	1.373997	0.000000	0.000000
825.550000	0.541165	-1.131947	1.373996	0.000000	0.000000
825.560000	0.541166	-1.131953	1.373995	0.000000	0.000000
825.570000	0.541166	-1.131958	1.373993	0.000000	0.000000
825.580000	0.541165	-1.131962	1.373992	0.000000	0.000000
825.590000	0.541164	-1.131964	1.373990	0.000000	0.000000
825.600000	0.541164	-1.131966	1.373989	0.000000	0.000000
825.610000	0.541163	-1.131967	1.373988	0.000000	0.000000
825.620000	0.541163	-1.131968	1.373986	0.000000	0.000000
825.630000	0.541162	-1.131969	1.373985	0.000000	0.000000
825.640000	0.541161	-1.131969	1.373984	0.000000	0.000000
825.650000	0.541160	-1.131970	1.373982	0.000000	0.000000
825.660000	0.541159	-1.131971	1.373981	0.000000	0.000000
825.670000	0.541158	-1.131972	1.373980	0.000000	0.000000
825.680000	0.541157	-1.131972	1.373979	0.000000	0.000000
825.690000	0.541156	-1.131972	1.373977	0.000000	0.000000
825.700000	0.541154	-1.131971	1.373976	0.000000	0.000000
825.710000	0.541154	-1.131971	1.373975	0.000000	0.000000
825.720000	0.541154	-1.131974	1.373974	0.000000	0.000000
825.730000	0.541156	-1.131979	1.373973	0.000000	0.000000
825.740000	0.541157	-1.131985	1.373972	0.000000	0.000000
825.750000	0.541159	-1.131992	1.373971	0.000000	0.000000
825.760000	0.541160	-1.131999	1.373970	0.000000	0.000000
825.770000	0.541161	-1.132005	1.373969	0.000000	0.000000
825.780000	0.541162	-1.132012	1.373968	0.000000	0.000000
825.790000	0.541163	-1.132017	1.373967	0.000000	0.000000
825.800000	0.541164	-1.132022	1.373966	0.000000	0.000000
825.810000	0.541163	-1.132027	1.373965	0.000000	0.000000
825.820000	0.541163	-1.132030	1.373964	0.000000	0.000000
825.830000	0.541162	-1.132033	1.373963	0.000000	0.000000
825.840000	0.541161	-1.132037	1.373962	0.000000	0.000000
825.850000	0.541161	-1.132041	1.373961	0.000000	0.000000
825.860000	0.541162	-1.132045	1.373960	0.000000	0.000000
825.870000	0.541162	-1.132050	1.373959	0.000000	0.000000
825.880000	0.541162	-1.132055	1.373958	0.000000	0.000000
825.890000	0.541161	-1.132059	1.373957	0.000000	0.000000
825.900000	0.541160	-1.132062	1.373955	0.000000	0.000000
825.910000	0.541160	-1.132066	1.373954	0.000000	0.000000
825.920000	0.541159	-1.132071	1.373953	0.000000	0.000000
825.930000	0.541158	-1.132077	1.373951	0.000000	0.000000
825.940000	0.541158	-1.132083	1.373950	0.000000	0.000000
825.950000	0.541157	-1.132089	1.373949	0.000000	0.000000
825.960000	0.541156	-1.132096	1.373947	0.000000	0.000000
825.970000	0.541155	-1.132101	1.373946	0.000000	0.000000
825.980000	0.541154	-1.132107	1.373944	0.000000	0.000000
825.990000	0.541153	-1.132112	1.373943	0.000000	0.000000
826.000000	0.541152	-1.132116	1.373942	0.000000	0.000000
826.010000	0.541151	-1.132120	1.373940	0.000000	0.000000
826.020000	0.541149	-1.132122	1.373939	0.000000	0.000000
826.030000	0.541147	-1.132124	1.373938	0.000000	0.000000
826.040000	0.541145	-1.132125	1.373936	0.000000	0.000000
826.050000	0.541143	-1.132126	1.373935	0.000000	0.000000
826.060000	0.541141	-1.132126	1.373934	0.000000	0.000000
826.070000	0.541139	-1.132127	1.373932	0.000000	0.000000
826.080000	0.541138	-1.132128	1.373931	0.000000	0.000000
826.090000	0.541137	-1.132130	1.373930	0.000000	0.000000
826.100000	0.541136	-1.132133	1.373929	0.000000	0.000000
826.110000	0.541135	-1.132136	1.373928	0.000000	0.000000
826.120000	0.541134	-1.132139	1.373926	0.000000	0.000000
826.130000	0.541133	-1.132142	1.373925	0.000000	0.000000
826.140000	0.541132	-1.132146	1.373924	0.000000	0.000000
826.150000	0.541131	-1.132148	1.373923	0.000000	0.000000
826.160000	0.541129	-1.132151	1.373922	0.000000	0.000000
826.170000	0.541128	-1.132152	1.373921	0.000000	0.000000
826.180000	0.541126	-1.132154	1.373920	0.000000	0.000000
826.190000	0.541124	-1.132155	1.373919	0.000000	0.000000
826.200000	0.541123	-1.132157	1.373918	0.000000	0.000000
826.210000	0.541121	-1.132159	1.373917	0.000000	0.000000
826.220000	0.541119	-1.132163	1.373916	0.000000	0.000000
826.230000	0.541118	-1.132167	1.373915	0.000000	0.000000
826.240000	0.541116	-1.132173	1.373914	0.000000	0.000000
826.250000	0.541115	-1.132179	1.373913	0.000000	0.000000
826.260000	0.541113	-1.132185	1.373912	0.000000	0.000000
826.270000	0.541112	-1.132191	1.373910	0.000000	0.000000
826.280000	0.541111	-1.132197	1.373909	0.000000	0.000000
826.290000	0.541109	-1.132202	1.373908	0.000000	0.000000
826.300000	0.541108	-1.132208	1.373907	0.000000	0.000000
826.310000	0.541106	-1.132214	1.373906	0.000000	0.000000
826.320000	0.541104	-1.132219	1.373905	0.000000	0.000000
826.330000	0.541101	-1.132224	1.373904	0.000000	0.000000
826.340000	0.541098	-1.132228	1.373903	0.000000	0.000000
826.350000	0.541095	-1.132232	1.373901	0.000000	0.000000
826.360000	0.541092	-1.132236	1.373900	0.000000	0.000000
826.370000	0.541090	-1.132239	1.373899	0.000000	0.000000
826.380000	0.541088	-1.132242	1.373898	0.000000	0.000000
826.390000	0.541085	-1.132245	1.373897	0.000000	0.000000
826.400000	0.541082	-1.132247	1.373895	0.000000	0.000000
826.410000	0.541079	-1.132248	1.373894	0.000000	0.000000
826.420000	0.541077	-1.132249	1.373893	0.000000	0.000000
826.430000	0.541074	-1.132250	1.373891	0.000000	0.000000
826.440000	0.541071	-1.132251	1.373890	0.000000	0.000000
826.450000	0.541069	-1.132254	1.373889	0.000000	0.000000
826.460000	0.541066	-1.132256	1.373887	0.000000	0.000000
826.470000	0.541064	-1.132258	1.373886	0.000000	0.000000
826.480000	0.541061	-1.132261	1.373885	0.000000	0.000000
826.490000	0.541059	-1.132265	1.373883	0.000000	0.000000
826.500000	0.541056	-1.132271	1.373882	0.000000	0.000000
826.510000	0.541055	-1.132277	1.373880	0.000000	0.000000
826.520000	0.541053	-1.132284	1.373879	0.000000	0.000000
826.530000	0.541052	-1.132291	1.373877	0.000000	0.000000
826.540000	0.541050	-1.132298	1.373876	0.000000	0.000000
826.550000	0.541049	-1.132304	1.373874	0.000000	0.000000
826.560000	0.541047	-1.132310	1.373873	0.000000	0.000000
826.570000	0.541045	-1.132315	1.373871	0.000000	0.000000
826.580000	0.541043	-1.132320	1.373870	0.000000	0.000000
826.590000	0.541041	-1.132324	1.373869	0.000000	0.000000
826.600000	0.541040	-1.132329	1.373867	0.000000	0.000000
826.610000	0.541039	-1.132335	1.373866	0.000000	0.000000
826.620000	0.541038	-1.132341	1.373864	0.000000	0.000000
826.630000	0.541037	-1.132349	1.373862	0.000000	0.000000
826.640000	0.541036	-1.132356	1.373861	0.000000	0.000000
826.650000	0.541035	-1.132364	1.373859	0.000000	0.000000
826.660000	0.541034	-1.132371	1.373858	0.000000	0.000000
826.670000	0.541033	-1.132379	1.373856	0.000000	0.000000
826.680000	0.541031	-1.132387	1.373855	0.000000	0.000000
826.690000	0.541030	-1.132395	1.373853	0.000000	0.000000
826.700000	0.541028	-1.132402	1.373852	0.000000	0.000000
826.710000	0.541026	-1.132408	1.373850	0.000000	0.000000
826.720000	0.541024	-1.132413	1.373848	0.000000	0.000000
826.730000	0.541022	-1.132418	1.373847	0.000000	0.000000
826.740000	0.541020	-1.132424	1.373845	0.000000	0.000000
826.750000	0.541018	-1.132430	1.373843	0.000000	0.000000
826.760000	0.541015	-1.132436	1.373841	0.000000	0.000000
826.770000	0.541013	-1.132441	1.373840	0.000000	0.000000
826.780000	0.541011	-1.132447	1.373838	0.000000	0.000000
826.790000	0.541008	-1.132452	1.373836	0.000000	0.000000
826.800000	0.541006	-1.132457	1.373834	0.000000	0.000000
826.810000	0.541004	-1.132463	1.373832	0.000000	0.000000
826.820000	0.541002	-1.132470	1.373831	0.000000	0.000000
826.830000	0.541001	-1.132477	1.373829	0.000000	0.000000
826.840000	0.540999	-1.132484	1.373827	0.000000	0.000000
826.850000	0.540998	-1.132490	1.373825	0.000000	0.000000
826.860000	0.540997	-1.132497	1.373823	0.000000	0.000000
826.870000	0.540995	-1.132504	1.373821	0.000000	0.000000
826.880000	0.540995	-1.132512	1.373819	0.000000	0.000000
826.890000	0.540994	-1.132521	1.373818	0.000000	0.000000
826.900000	0.540994	-1.132531	1.373816	0.000000	0.000000
826.910000	0.540994	-1.132541	1.373814	0.000000	0.000000
826.920000	0.540994	-1.132552	1.373812	0.000000	0.000000
826.930000	0.540994	-1.132563	1.373811	0.000000	0.000000
826.940000	0.540994	-1.132573	1.373809	0.000000	0.000000
826.950000	0.540993	-1.132583	1.373807	0.000000	0.000000
826.960000	0.540993	-1.132593	1.373805	0.000000	0.000000
826.970000	0.540992	-1.132602	1.373804	0.000000	0.000000
826.980000	0.540991	-1.132611	1.373802	0.000000	0.000000
826.990000	0.540990	-1.132619	1.373800	0.000000	0.000000
827.000000	0.540989	-1.132627	1.373798	0.000000	0.000000
827.010000	0.540988	-1.132635	1.373796	0.000000	0.000000
827.020000	0.540987	-1.132642	1.373795	0.000000	0.000000
827.030000	0.540987	-1.132650	1.373793	0.000000	0.000000
827.040000	0.540986	-1.132659	1.373791	0.000000	0.000000
827.050000	0.540986	-1.132668	1.373789	0.000000	0.000000
827.060000	0.540985	-1.132678	1.373787	0.000000	0.000000
827.070000	0.540984	-1.132687	1.373785	0.000000	0.000000
827.080000	0.540983	-1.132697	1.373783	0.000000	0.000000
827.090000	0.540981	-1.132705	1.373781	0.000000	0.000000
827.100000	0.540979	-1.132712	1.373779	0.000000	0.000000
827.110000	0.540977	-1.132718	1.373777	0.000000	0.000000
827.120000	0.540975	-1.132725	1.373775	0.000000	0.000000
827.130000	0.540973	-1.132731	1.373773	0.000000	0.000000
827.140000	0.540972	-1.132737	1.373771	0.000000	0.000000
827.150000	0.540970	-1.132744	1.373769	0.000000	0.000000
827.160000	0.540969	-1.132752	1.373768	0.000000	0.000000
827.170000	0.540969	-1.132760	1.373766	0.000000	0.000000
827.180000	0.540969	-1.132769	1.373764	0.000000	0.000000
827.190000	0.540969	-1.132778	1.373762	0.000000	0.000000
827.200000	0.540969	-1.132786	1.373760	0.000000	0.000000
827.210000	0.540969	-1.132793	1.373759	0.000000	0.000000
827.220000	0.540969	-1.132799	1.373757	0.000000	0.000000
827.230000	0.540969	-1.132803	1.373755	0.000000	0.000000
827.240000	0.540968	-1.132807	1.373754	0.000000	0.000000
827.250000	0.540968	-1.132811	1.373752	0.000000	0.000000
827.260000	0.540967	-1.132815	1.373750	0.000000	0.000000
827.270000	0.540966	-1.132819	1.373749	0.000000	0.000000
827.280000	0.540965	-1.132824	1.373748	0.000000	0.000000
827.290000	0.540964	-1.132829	1.373746	0.000000	0.000000
827.300000	0.540963	-1.132833	1.373745	0.000000	0.000000
827.310000	0.540962	-1.132837	1.373743	0.000000	0.000000
827.320000	0.540961	-1.132839	1.373742	0.000000	0.000000
827.330000	0.540960	-1.132840	1.373741	0.000000	0.000000
827.340000	0.540959	-1.132841	1.373740	0.000000	0.000000
827.350000	0.540959	-1.132844	1.373738	0.000000	0.000000
827.360000	0.540959	-1.132848	1.373737	0.000000	0.000000
827.370000	0.540960	-1.132853	1.373736	0.000000	0.000000
827.380000	0.540961	-1.132858	1.373735	0.000000	0.000000
827.390000	0.540961	-1.132864	1.373734	0.000000	0.000000
827.400000	0.540962	-1.132868	1.373733	0.000000	0.000000
827.410000	0.540962	-1.132871	1.373732	0.000000	0.000000
827.420000	0.540962	-1.132872	1.373732	0.000000	0.000000
827.430000	0.540961	-1.132873	1.373731	0.000000	0.000000
827.440000	0.540960	-1.132874	1.373730	0.000000	0.000000
827.450000	0.540959	-1.132875	1.373730	0.000000	0.000000
827.460000	0.540959	-1.132877	1.373729	0.000000	0.000000
827.470000	0.540958	-1.132879	1.373729	0.000000	0.000000
827.480000	0.540957	-1.132881	1.373728	0.000000	0.000000
827.490000	0.540957	-1.132883	1.373728	0.000000	0.000000
827.500000	0.540955	-1.132885	1.373727	0.000000	0.000000
827.510000	0.540954	-1.132887	1.373727	0.000000	0.000000
827.520000	0.540953	-1.132889	1.373727	0.000000	0.000000
827.530000	0.540951	-1.132890	1.373726	0.000000	0.000000
827.540000	0.540949	-1.132890	1.373726	0.000000	0.000000
827.550000	0.540947	-1.132890	1.373725	0.000000	0.000000
827.560000	0.540945	-1.132890	1.373725	0.000000	0.000000
827.570000	0.540943	-1.132890	1.373725	0.000000	0.000000
827.580000	0.540942	-1.132891	1.373724	0.000000	0.000000
827.590000	0.540940	-1.132892	1.373723	0.000000	0.000000
827.600000	0.540939	-1.132894	1.373723	0.000000	0.000000
827.610000	0.540939	-1.132897	1.373722	0.000000	0.000000
827.620000	0.540938	-1.132899	1.373722	0.000000	0.000000
827.630000	0.540937	-1.132901	1.373721	0.000000	0.000000
827.640000	0.540937	-1.132904	1.373720	0.000000	0.000000
827.650000	0.540936	-1.132909	1.373719	0.000000	0.000000
827.660000	0.540936	-1.132915	1.373719	0.000000	0.000000
827.670000	0.540937	-1.132923	1.373718	0.000000	0.000000
827.680000	0.540938	-1.132931	1.373717	0.000000	0.000000
827.690000	0.540938	-1.132938	1.373716	0.000000	0.000000
827.700000	0.540938	-1.132945	1.373715	0.000000	0.000000
827.710000	0.540938	-1.132951	1.373714	0.000000	0.000000
827.720000	0.540938	-1.132955	1.373713	0.000000	0.000000
827.730000	0.540937	-1.132958	1.373712	0.000000	0.000000
827.740000	0.540935	-1.132961	1.373712	0.000000	0.000000
827.750000	0.540934	-1.132963	1.373711	0.000000	0.000000
827.760000	0.540933	-1.132965	1.373710	0.000000	0.000000
827.770000	0.540931	-1.132967	1.373709	0.000000	0.000000
827.780000	0.540930	-1.132970	1.373708	0.000000	0.000000
827.790000	0.540929	-1.132973	1.373707	0.000000	0.000000
827.800000	0.540929	-1.132977	1.373706	0.000000	0.000000
827.810000	0.540928	-1.132981	1.373705	0.000000	0.000000
827.820000	0.540927	-1.132984	1.373704	0.000000	0.000000
827.830000	0.540926	-1.132986	1.373704	0.000000	0.000000
827.840000	0.540924	-1.132989	1.373703	0.000000	0.000000
827.850000	0.540923	-1.132994	1.373702	0.000000	0.000000
827.860000	0.540922	-1.132998	1.373701	0.000000	0.000000
827.870000	0.540921	-1.133004	1.373700	0.000000	0.000000
827.880000	0.540920	-1.133010	1.373699	0.000000	0.000000
827.890000	0.540920	-1.133016	1.373698	0.000000	0.000000
827.900000	0.540919	-1.133021	1.373697	0.000000	0.000000
827.910000	0.540918	-1.133027	1.373696	0.000000	0.000000
827.920000	0.540917	-1.133032	1.373694	0.000000	0.000000
827.930000	0.540916	-1.133038	1.373693	0.000000	0.000000
827.940000	0.540914	-1.133044	1.373692	0.000000	0.000000
827.950000	0.540914	-1.133049	1.373691	0.000000	0.000000
827.960000	0.540913	-1.133055	1.373689	0.000000	0.000000
827.970000	0.540913	-1.133061	1.373688	0.000000	0.000000
827.980000	0.540913	-1.133068	1.373686	0.000000	0.000000
827.990000	0.540913	-1.133077	1.373685	0.000000	0.000000
828.000000	0.540914	-1.133087	1.373683	0.000000	0.000000
828.010000	0.540916	-1.133098	1.373682	0.000000	0.000000
828.020000	0.540918	-1.133108	1.373680	0.000000	0.000000
828.030000	0.540919	-1.133118	1.373678	0.000000	0.000000
828.040000	0.540919	-1.133127	1.373677	0.000000	0.000000
828.050000	0.540919	-1.133134	1.373675	0.000000	0.000000
828.060000	0.540919	-1.133141	1.373673	0.000000	0.000000
828.070000	0.540918	-1.133148	1.373672	0.000000	0.000000
828.080000	0.540918	-1.133154	1.373670	0.000000	0.000000
828.090000	0.540918	-1.133162	1.373668	0.000000	0.000000
828.100000	0.540919	-1.133170	1.373667	0.000000	0.000000
828.110000	0.540920	-1.133178	1.373665	0.000000	0.000000
828.120000	0.540921	-1.133188	1.373663	0.000000	0.000000
828.130000	0.540922	-1.133198	1.373661	0.000000	0.000000
828.140000	0.540923	-1.133208	1.373660	0.000000	0.000000
828.150000	0.540925	-1.133217	1.373658	0.000000	0.000000
828.160000	0.540927	-1.133226	1.373656	0.000000	0.000000
828.170000	0.540928	-1.133233	1.373654	0.000000	0.000000
828.180000	0.540929	-1.133239	1.373652	0.000000	0.000000
828.190000	0.540929	-1.133245	1.373651	0.000000	0.000000
828.200000	0.540930	-1.133251	1.373649	0.000000	0.000000
828.210000	0.540931	-1.133257	1.373647	0.000000	0.000000
828.220000	0.540932	-1.133263	1.373645	0.000000	0.000000
828.230000	0.540933	-1.133271	1.373643	0.000000	0.000000
828.240000	0.540935	-1.133278	1.373642	0.000000	0.000000
828.250000	0.540937	-1.133287	1.373640	0.000000	0.000000
828.260000	0.540938	-1.133296	1.373638	0.000000	0.000000
828.270000	0.540940	-1.133304	1.373636	0.000000	0.000000
828.280000	0.540942	-1.133313	1.373634	0.000000	0.000000
828.290000	0.540945	-1.133322	1.373632	0.000000	0.000000
828.300000	0.540946	-1.133331	1.373631	0.000000	0.000000
828.310000	0.540948	-1.133339	1.373629	0.000000	0.000000
828.320000	0.540949	-1.133345	1.373627	0.000000	0.000000
828.330000	0.540949	-1.133350	1.373625	0.000000	0.000000
828.340000	0.540948	-1.133355	1.373623	0.000000	0.000000
828.350000	0.540948	-1.133359	1.373622	0.000000	0.000000
828.360000	0.540949	-1.133365	1.373620	0.000000	0.000000
828.370000	0.540950	-1.133371	1.373618	0.000000	0.000000
828.380000	0.540950	-1.133377	1.373616	0.000000	0.000000
828.390000	0.540952	-1.133383	1.373615	0.000000	0.000000
828.400000	0.540953	-1.133388	1.373613	0.000000	0.000000
828.410000	0.540953	-1.133392	1.373612	0.000000	0.000000
828.420000	0.540953	-1.133395	1.373610	0.000000	0.000000
828.430000	0.540954	-1.133399	1.373609	0.000000	0.000000
828.440000	0.540954	-1.133403	1.373607	0.000000	0.000000
828.450000	0.540954	-1.133408	1.373606	0.000000	0.000000
828.460000	0.540954	-1.133414	1.373605	0.000000	0.000000
828.470000	0.540955	-1.133420	1.373603	0.000000	0.000000
828.480000	0.540955	-1.133425	1.373602	0.000000	0.000000
828.490000	0.540955	-1.133429	1.373601	0.000000	0.000000
828.500000	0.540955	-1.133433	1.373600	0.000000	0.000000
828.510000	0.540954	-1.133437	1.373599	0.000000	0.000000
828.520000	0.540954	-1.133442	1.373598	0.000000	0.000000
828.530000	0.540955	-1.133448	1.373597	0.000000	0.000000
828.540000	0.540955	-1.133454	1.373596	0.000000	0.000000
828.550000	0.540956	-1.133459	1.373595	0.000000	0.000000
828.560000	0.540956	-1.133463	1.373594	0.000000	0.000000
828.570000	0.540956	-1.133465	1.373594	0.000000	0.000000
828.580000	0.540954	-1.133466	1.373593	0.000000	0.000000
828.590000	0.540953	-1.133466	1.373592	0.000000	0.000000
828.600000	0.540952	-1.133467	1.373592	0.000000	0.000000
828.610000	0.540951	-1.133469	1.373591	0.000000	0.000000
828.620000	0.540951	-1.133473	1.373591	0.000000	0.000000
828.630000	0.540950	-1.133477	1.373590	0.000000	0.000000
828.640000	0.540950	-1.133481	1.373590	0.000000	0.000000
828.650000	0.540950	-1.133484	1.373590	0.000000	0.000000
828.660000	0.540949	-1.133488	1.373590	0.000000	0.000000
828.670000	0.540948	-1.133492	1.373590	0.000000	0.000000
828.680000	0.540947	-1.133495	1.373589	0.000000	0.000000
828.690000	0.540946	-1.133497	1.373589	0.000000	0.000000
828.700000	0.540944	-1.133500	1.373589	0.000000	0.000000
828.710000	0.540942	-1.133502	1.373589	0.000000	0.000000
828.720000	0.540940	-1.133504	1.373589	0.000000	0.000000
828.730000	0.540938	-1.133506	1.373589	0.000000	0.000000
828.740000	0.540936	-1.133508	1.373589	0.000000	0.000000
828.750000	0.540934	-1.133510	1.373589	0.000000	0.000000
828.760000	0.540932	-1.133512	1.373589	0.000000	0.000000
828.770000	0.540930	-1.133513	1.373589	0.000000	0.000000
828.780000	0.540928	-1.133514	1.373589	0.000000	0.000000
828.790000	0.540925	-1.133514	1.373589	0.000000	0.000000
828.800000	0.540924	-1.133514	1.373589	0.000000	0.000000
828.810000	0.540922	-1.133515	1.373589	0.000000	0.000000
828.820000	0.540921	-1.133516	1.373589	0.000000	0.000000
828.830000	0.540920	-1.133517	1.373589	0.000000	0.000000
828.840000	0.540918	-1.133518	1.373589	0.000000	0.000000
828.850000	0.540916	-1.133519	1.373589	0.000000	0.000000
828.860000	0.540914	-1.133521	1.373589	0.000000	0.000000
828.870000	0.540913	-1.133524	1.373589	0.000000	0.000000
828.880000	0.540911	-1.133526	1.373589	0.000000	0.000000
828.890000	0.540909	-1.133529	1.373589	0.000000	0.000000
828.900000	0.540908	-1.133532	1.373589	0.000000	0.000000
828.910000	0.540906	-1.133535	1.373589	0.000000	0.000000
828.920000	0.540904	-1.133537	1.373589	0.000000	0.000000
828.930000	0.540902	-1.133538	1.373590	0.000000	0.000000
828.940000	0.540900	-1.133538	1.373590	0.000000	0.000000
828.950000	0.540897	-1.133538	1.373590	0.000000	0.000000
828.960000	0.540894	-1.133538	1.373590	0.000000	0.000000
828.970000	0.540892	-1.133537	1.373590	0.000000	0.000000
828.980000	0.540890	-1.133536	1.373590	0.000000	0.000000
828.990000	0.540887	-1.133536	1.373590	0.000000	0.000000
829.000000	0.540885	-1.133536	1.373590	0.000000	0.000000
829.010000	0.540883	-1.133536	1.373590	0.000000	0.000000
829.020000	0.540881	-1.133538	1.373590	0.000000	0.000000
829.030000	0.540880	-1.133541	1.373589	0.000000	0.000000
829.040000	0.540878	-1.133544	1.373589	0.000000	0.000000
829.050000	0.540876	-1.133548	1.373589	0.000000	0.000000
829.060000	0.540874	-1.133553	1.373588	0.000000	0.000000
829.070000	0.540873	-1.133557	1.373588	0.000000	0.000000
829.080000	0.540871	-1.133562	1.373587	0.000000	0.000000
829.090000	0.540869	-1.133565	1.373587	0.000000	0.000000
829.100000	0.540867	-1.133568	1.373586	0.000000	0.000000
829.110000	0.540865	-1.133571	1.373585	0.000000	0.000000
829.120000	0.540863	-1.133573	1.373585	0.000000	0.000000
829.130000	0.540861	-1.133576	1.373584	0.000000	0.000000
829.140000	0.540859	-1.133580	1.373583	0.000000	0.000000
829.150000	0.540857	-1.133584	1.373582	0.000000	0.000000
829.160000	0.540856	-1.133588	1.373581	0.000000	0.000000
829.170000	0.540855	-1.133593	1.373580	0.000000	0.000000
829.180000	0.540854	-1.133598	1.373579	0.000000	0.000000
829.190000	0.540854	-1.133604	1.373578	0.000000	0.000000
829.200000	0.540854	-1.133610	1.373578	0.000000	0.000000
829.210000	0.540853	-1.133615	1.373577	0.000000	0.000000
829.220000	0.540853	-1.133618	1.373576	0.000000	0.000000
829.230000	0.540851	-1.133619	1.373575	0.000000	0.000000
829.240000	0.540849	-1.133619	1.373575	0.000000	0.000000
829.250000	0.540846	-1.133617	1.373574	0.000000	0.000000
829.260000	0.540844	-1.133616	1.373573	0.000000	0.000000
829.270000	0.540842	-1.133616	1.373572	0.000000	0.000000
829.280000	0.540840	-1.133617	1.373572	0.000000	0.000000
829.290000	0.540838	-1.133618	1.373571	0.000000	0.000000
829.300000	0.540837	-1.133619	1.373571	0.000000	0.000000
829.310000	0.540836	-1.133621	1.373570	0.000000	0.000000
829.320000	0.540835	-1.133624	1.373569	0.000000	0.000000
829.330000	0.540834	-1.133628	1.373569	0.000000	0.000000
829.340000	0.540833	-1.133633	1.373568	0.000000	0.000000
829.350000	0.540833	-1.133638	1.373567	0.000000	0.000000
829.360000	0.540832	-1.133643	1.373566	0.000000	0.000000
829.370000	0.540831	-1.133649	1.373566	0.000000	0.000000
829.380000	0.540830	-1.133653	1.373565	0.000000	0.000000
829.390000	0.540829	-1.133656	1.373564	0.000000	0.000000
829.400000	0.540827	-1.133660	1.373563	0.000000	0.000000
829.410000	0.540826	-1.133664	1.373562	0.000000	0.000000
829.420000	0.540825	-1.133669	1.373561	0.000000	0.000000
829.430000	0.540823	-1.133674	1.373560	0.000000	0.000000
829.440000	0.540822	-1.133680	1.373559	0.000000	0.000000
829.450000	0.540820	-1.133685	1.373558	0.000000	0.000000
829.460000	0.540818	-1.133688	1.373557	0.000000	0.000000
829.470000	0.540816	-1.133691	1.373556	0.000000	0.000000
829.480000	0.540814	-1.133694	1.373556	0.000000	0.000000
829.490000	0.540813	-1.133696	1.373555	0.000000	0.000000
829.500000	0.540811	-1.133699	1.373554	0.000000	0.000000
829.510000	0.540809	-1.133701	1.373553	0.000000	0.000000
829.520000	0.540808	-1.133704	1.373552	0.000000	0.000000
829.530000	0.540807	-1.133706	1.373551	0.000000	0.000000
829.540000	0.540805	-1.133708	1.373550	0.000000	0.000000
829.550000	0.540804	-1.133710	1.373549	0.000000	0.000000
829.560000	0.540803	-1.133713	1.373548	0.000000	0.000000
829.570000	0.540802	-1.133717	1.373547	0.000000	0.000000
829.580000	0.540801	-1.133722	1.373546	0.000000	0.000000
829.590000	0.540800	-1.133729	1.373545	0.000000	0.000000
829.600000	0.540799	-1.133736	1.373544	0.000000	0.000000
829.610000	0.540799	-1.133744	1.373542	0.000000	0.000000
829.620000	0.540799	-1.133753	1.373541	0.000000	0.000000
829.630000	0.540799	-1.133762	1.373540	0.000000	0.000000
829.640000	0.540798	-1.133770	1.373539	0.000000	0.000000
829.650000	0.540797	-1.133776	1.373537	0.000000	0.000000
829.660000	0.540795	-1.133779	1.373536	0.000000	0.000000
829.670000	0.540793	-1.133780	1.373534	0.000000	0.000000
829.680000	0.540791	-1.133781	1.373533	0.000000	0.000000
829.690000	0.540789	-1.133783	1.373531	0.000000	0.000000
829.700000	0.540788	-1.133787	1.373530	0.000000	0.000000
829.710000	0.540788	-1.133793	1.373528	0.000000	0.000000
829.720000	0.540787	-1.133801	1.373527	0.000000	0.000000
829.730000	0.540787	-1.133809	1.373525	0.000000	0.000000
829.740000	0.540787	-1.133817	1.373524	0.000000	0.000000
829.750000	0.540787	-1.133824	1.373522	0.000000	0.000000
829.760000	0.540786	-1.133832	1.373521	0.000000	0.000000
829.770000	0.540785	-1.133839	1.373519	0.000000	0.000000
829.780000	0.540784	-1.133845	1.373518	0.000000	0.000000
829.790000	0.540782	-1.133851	1.373516	0.000000	0.000000
829.800000	0.540780	-1.133856	1.373515	0.000000	0.000000
829.810000	0.540778	-1.133862	1.373513	0.000000	0.000000
829.820000	0.540776	-1.133868	1.373512	0.000000	0.000000
829.830000	0.540775	-1.133874	1.373510	0.000000	0.000000
829.840000	0.540773	-1.133880	1.373509	0.000000	0.000000
829.850000	0.540772	-1.133886	1.373507	0.000000	0.000000
829.860000	0.540770	-1.133892	1.373506	0.000000	0.000000
829.870000	0.540769	-1.133897	1.373505	0.000000	0.000000
829.880000	0.540767	-1.133901	1.373503	0.000000	0.000000
829.890000	0.540766	-1.133904	1.373502	0.000000	0.000000
829.900000	0.540764	-1.133906	1.373501	0.000000	0.000000
829.910000	0.540762	-1.133908	1.373499	0.000000	0.000000
829.920000	0.540760	-1.133910	1.373498	0.000000	0.000000
829.930000	0.540758	-1.133915	1.373497	0.000000	0.000000
829.940000	0.540758	-1.133921	1.373496	0.000000	0.000000
829.950000	0.540757	-1.133929	1.373495	0.000000	0.000000
829.960000	0.540757	-1.133937	1.373494	0.000000	0.000000
829.970000	0.540757	-1.133945	1.373493	0.000000	0.000000
829.980000	0.540757	-1.133954	1.373492	0.000000	0.000000
829.990000	0.540756	-1.133961	1.373492	0.000000	0.000000
830.000000	0.540755	-1.133968	1.373491	0.000000	0.000000
830.010000	0.540753	-1.133974	1.373490	0.000000	0.000000
830.020000	0.540751	-1.133978	1.373490	0.000000	0.000000
830.030000	0.540749	-1.133982	1.373489	0.000000	0.000000
830.040000	0.540747	-1.133985	1.373489	0.000000	0.000000
830.050000	0.540745	-1.133989	1.373488	0.000000	0.000000
830.060000	0.540743	-1.133992	1.373488	0.000000	0.000000
830.070000	0.540741	-1.133997	1.373487	0.000000	0.000000
830.080000	0.540739	-1.134002	1.373487	0.000000	0.000000
830.090000	0.540738	-1.134009	1.373486	0.000000	0.000000
830.100000	0.540737	-1.134017	1.373486	0.000000	0.000000
830.110000	0.540737	-1.134025	1.373485	0.000000	0.000000
830.120000	0.540736	-1.134034	1.373485	0.000000	0.000000
830.130000	0.540735	-1.134041	1.373484	0.000000	0.000000
830.140000	0.540734	-1.134048	1.373484	0.000000	0.000000
830.150000	0.540733	-1.134054	1.373483	0.000000	0.000000
830.160000	0.540731	-1.134059	1.373483	0.000000	0.000000
830.170000	0.540729	-1.134064	1.373482	0.000000	0.000000
830.180000	0.540728	-1.134069	1.373482	0.000000	0.000000
830.190000	0.540726	-1.134074	1.373481	0.000000	0.000000
830.200000	0.540724	-1.134079	1.373480	0.000000	0.000000
830.210000	0.540722	-1.134085	1.373480	0.000000	0.000000
830.220000	0.540721	-1.134092	1.373479	0.000000	0.000000
830.230000	0.540719	-1.134098	1.373479	0.000000	0.000000
830.240000	0.540718	-1.134104	1.373479	0.000000	0.000000
830.250000	0.540716	-1.134109	1.373478	0.000000	0.000000
830.260000	0.540715	-1.134114	1.373478	0.000000	0.000000
830.270000	0.540713	-1.134118	1.373477	0.000000	0.000000
830.280000	0.540711	-1.134122	1.373477	0.000000	0.000000
830.290000	0.540709	-1.134125	1.373477	0.000000	0.000000
830.300000	0.540707	-1.134128	1.373476	0.000000	0.000000
830.310000	0.540705	-1.134132	1.373476	0.000000	0.000000
830.320000	0.540702	-1.134134	1.373476	0.000000	0.000000
830.330000	0.540700	-1.134137	1.373476	0.000000	0.000000
830.340000	0.540698	-1.134140	1.373475	0.000000	0.000000
830.350000	0.540695	-1.134143	1.373475	0.000000	0.000000
830.360000	0.540693	-1.134146	1.373475	0.000000	0.000000
830.370000	0.540692	-1.134150	1.373474	0.000000	0.000000
830.380000	0.540690	-1.134155	1.373474	0.000000	0.000000
830.390000	0.540689	-1.134159	1.373473	0.000000	0.000000
830.400000	0.540688	-1.134164	1.373473	0.000000	0.000000
830.410000	0.540686	-1.134169	1.373472	0.000000	0.000000
830.420000	0.540684	-1.134173	1.373471	0.000000	0.000000
830.430000	0.540682	-1.134176	1.373471	0.000000	0.000000
830.440000	0.540679	-1.134180	1.373470	0.000000	0.000000
830.450000	0.540676	-1.134184	1.373469	0.000000	0.000000
830.460000	0.540674	-1.134190	1.373468	0.000000	0.000000
830.470000	0.540672	-1.134197	1.373467	0.000000	0.000000
830.480000	0.540670	-1.134204	1.373466	0.000000	0.000000
830.490000	0.540668	-1.134210	1.373465	0.000000	0.000000
830.500000	0.540665	-1.134215	1.373464	0.000000	0.000000
830.510000	0.540663	-1.134218	1.373463	0.000000	0.000000
830.520000	0.540661	-1.134222	1.373462	0.000000	0.000000
830.530000	0.540658	-1.134226	1.373461	0.000000	0.000000
830.540000	0.540656	-1.134230	1.373459	0.000000	0.000000
830.550000	0.540654	-1.134235	1.373458	0.000000	0.000000
830.560000	0.540652	-1.134241	1.373457	0.000000	0.000000
830.570000	0.540649	-1.134246	1.373456	0.000000	0.000000
830.580000	0.540647	-1.134252	1.373455	0.000000	0.000000
830.590000	0.540645	-1.134258	1.373453	0.000000	0.000000
830.600000	0.540642	-1.134263	1.373452	0.000000	0.000000
830.610000	0.540640	-1.134269	1.373451	0.000000	0.000000
830.620000	0.540637	-1.134275	1.373450	0.000000	0.000000
830.630000	0.540635	-1.134281	1.373448	0.000000	0.000000
830.640000	0.540633	-1.134288	1.373447	0.000000	0.000000
830.650000	0.540630	-1.134295	1.373446	0.000000	0.000000
830.660000	0.540628	-1.134303	1.373444	0.000000	0.000000
830.670000	0.540627	-1.134311	1.373443	0.000000	0.000000
830.680000	0.540626	-1.134318	1.373442	0.000000	0.000000
830.690000	0.540624	-1.134326	1.373441	0.000000	0.000000
830.700000	0.540623	-1.134333	1.373439	0.000000	0.000000
830.710000	0.540621	-1.134339	1.373438	0.000000	0.000000
830.720000	0.540619	-1.134345	1.373437	0.000000	0.000000
830.730000	0.540617	-1.134350	1.373436	0.000000	0.000000
830.740000	0.540615	-1.134355	1.373435	0.000000	0.000000
830.750000	0.540613	-1.134358	1.373434	0.000000	0.000000
830.760000	0.540611	-1.134362	1.373432	0.000000	0.000000
830.770000	0.540608	-1.134366	1.373431	0.000000	0.000000
830.780000	0.540606	-1.134370	1.373430	0.000000	0.000000
830.790000	0.540604	-1.134375	1.373429	0.000000	0.000000
830.800000	0.540603	-1.134381	1.373428	0.000000	0.000000
830.810000	0.540602	-1.134388	1.373427	0.000000	0.000000
830.820000	0.540601	-1.134396	1.373426	0.000000	0.000000
830.830000	0.540601	-1.134404	1.373425	0.000000	0.000000
830.840000	0.540599	-1.134413	1.373424	0.000000	0.000000
830.850000	0.540598	-1.134421	1.373423	0.000000	0.000000
830.860000	0.540596	-1.134429	1.373422	0.000000	0.000000
830.870000	0.540595	-1.134436	1.373421	0.000000	0.000000
830.880000	0.540593	-1.134443	1.373420	0.000000	0.000000
830.890000	0.540591	-1.134450	1.373419	0.000000	0.000000
830.900000	0.540590	-1.134457	1.373418	0.000000	0.000000
830.910000	0.540588	-1.134464	1.373417	0.000000	0.000000
830.920000	0.540586	-1.134471	1.373415	0.000000	0.000000
830.930000	0.540584	-1.134477	1.373414	0.000000	0.000000
830.940000	0.540582	-1.134482	1.373413	0.000000	0.000000
830.950000	0.540580	-1.134486	1.373412	0.000000	0.000000
830.960000	0.540578	-1.134490	1.373411	0.000000	0.000000
830.970000	0.540576	-1.134494	1.373410	0.000000	0.000000
830.980000	0.540574	-1.134498	1.373409	0.000000	0.000000
830.990000	0.540573	-1.134503	1.373408	0.000000	0.000000
831.000000	0.540572	-1.134509	1.373407	0.000000	0.000000
831.010000	0.540572	-1.134515	1.373406	0.000000	0.000000
831.020000	0.540572	-1.134521	1.373406	0.000000	0.000000
831.030000	0.540571	-1.134528	1.373405	0.000000	0.000000
831.040000	0.540571	-1.134534	1.373404	0.000000	0.000000
831.050000	0.540570	-1.134539	1.373403	0.000000	0.000000
831.060000	0.540569	-1.134543	1.373402	0.000000	0.000000
831.070000	0.540568	-1.134547	1.373401	0.000000	0.000000
831.080000	0.540567	-1.134551	1.373401	0.000000	0.000000
831.090000	0.540566	-1.134555	1.373400	0.000000	0.000000
831.100000	0.540565	-1.134558	1.373399	0.000000	0.000000
831.110000	0.540564	-1.134560	1.373398	0.000000	0.000000
831.120000	0.540562	-1.134561	1.373397	0.000000	0.000000
831.130000	0.540560	-1.134560	1.373397	0.000000	0.000000
831.140000	0.540557	-1.134557	1.373396	0.000000	0.000000
831.150000	0.540555	-1.134555	1.373395	0.000000	0.000000
831.160000	0.540553	-1.134554	1.373394	0.000000	0.000000
831.170000	0.540552	-1.134554	1.373394	0.000000	0.000000
831.180000	0.540551	-1.134556	1.373393	0.000000	0.000000
831.190000	0.540551	-1.134558	1.373392	0.000000	0.000000
831.200000	0.540550	-1.134560	1.373391	0.000000	0.000000
831.210000	0.540550	-1.134562	1.373390	0.000000	0.000000
831.220000	0.540550	-1.134564	1.373389	0.000000	0.000000
831.230000	0.540550	-1.134567	1.373388	0.000000	0.000000
831.240000	0.540550	-1.134570	1.373387	0.000000	0.000000
831.250000	0.540550	-1.134575	1.373386	0.000000	0.000000
831.260000	0.540551	-1.134580	1.373385	0.000000	0.000000
831.270000	0.540552	-1.134586	1.373384	0.000000	0.000000
831.280000	0.540552	-1.134592	1.373383	0.000000	0.000000
831.290000	0.540552	-1.134598	1.373382	0.000000	0.000000
831.300000	0.540552	-1.134602	1.373381	0.000000	0.000000
831.310000	0.540552	-1.134604	1.373380	0.000000	0.000000
831.320000	0.540551	-1.134604	1.373379	0.000000	0.000000
831.330000	0.540549	-1.134601	1.373377	0.000000	0.000000
831.340000	0.540547	-1.134597	1.373376	0.000000	0.000000
831.350000	0.540545	-1.134593	1.373375	0.000000	0.000000
831.360000	0.540543	-1.134589	1.373373	0.000000	0.000000
831.370000	0.540542	-1.134588	1.373372	0.000000	0.000000
831.380000	0.540542	-1.134588	1.373371	0.000000	0.000000
831.390000	0.540542	-1.134591	1.373369	0.000000	0.000000
831.400000	0.540543	-1.134595	1.373368	0.000000	0.000000
831.410000	0.540544	-1.134600	1.373367	0.000000	0.000000
831.420000	0.540545	-1.134606	1.373366	0.000000	0.000000
831.430000	0.540547	-1.134611	1.373364	0.000000	0.000000
831.440000	0.540548	-1.134615	1.373363	0.000000	0.000000
831.450000	0.540550	-1.134619	1.373362	0.000000	0.000000
831.460000	0.540550	-1.134622	1.373361	0.000000	0.000000
831.470000	0.540551	-1.134624	1.373360	0.000000	0.000000
831.480000	0.540551	-1.134625	1.373359	0.000000	0.000000
831.490000	0.540550	-1.134626	1.373358	0.000000	0.000000
831.500000	0.540550	-1.134625	1.373357	0.000000	0.000000
831.510000	0.540549	-1.134624	1.373356	0.000000	0.000000
831.520000	0.540548	-1.134622	1.373355	0.000000	0.000000
831.530000	0.540547	-1.134620	1.373354	0.000000	0.000000
831.540000	0.540545	-1.134619	1.373353	0.000000	0.000000
831.550000	0.540545	-1.134617	1.373352	0.000000	0.000000
831.560000	0.540544	-1.134615	1.373350	0.000000	0.000000
831.570000	0.540543	-1.134613	1.373349	0.000000	0.000000
831.580000	0.540542	-1.134612	1.373348	0.000000	0.000000
831.590000	0.540541	-1.134611	1.373347	0.000000	0.000000
831.600000	0.540540	-1.134610	1.373345	0.000000	0.000000
831.610000	0.540540	-1.134610	1.373344	0.000000	0.000000
831.620000	0.540540	-1.134610	1.373343	0.000000	0.000000
831.630000	0.540539	-1.134612	1.373341	0.000000	0.000000
831.640000	0.540539	-1.134613	1.373339	0.000000	0.000000
831.650000	0.540538	-1.134615	1.373338	0.000000	0.000000
831.660000	0.540538	-1.134618	1.373336	0.000000	0.000000
831.670000	0.540537	-1.134620	1.373335	0.000000	0.000000
831.680000	0.540537	-1.134622	1.373333	0.000000	0.000000
831.690000	0.540536	-1.134626	1.373331	0.000000	0.000000
831.700000	0.540537	-1.134631	1.373329	0.000000	0.000000
831.710000	0.540537	-1.134636	1.373328	0.000000	0.000000
831.720000	0.540537	-1.134641	1.373326	0.000000	0.000000
831.730000	0.540536	-1.134646	1.373324	0.000000	0.000000
831.740000	0.540536	-1.134651	1.373323	0.000000	0.000000
831.750000	0.540536	-1.134657	1.373321	0.000000	0.000000
831.760000	0.540537	-1.134662	1.373319	0.000000	0.000000
831.770000	0.540537	-1.134666	1.373318	0.000000	0.000000
831.780000	0.540537	-1.134670	1.373316	0.000000	0.000000
831.790000	0.540537	-1.134673	1.373315	0.000000	0.000000
831.800000	0.540536	-1.134674	1.373313	0.000000	0.000000
831.810000	0.540535	-1.134675	1.373311	0.000000	0.000000
831.820000	0.540534	-1.134675	1.373310	0.000000	0.000000
831.830000	0.540533	-1.134676	1.373308	0.000000	0.000000
831.840000	0.540533	-1.134678	1.373307	0.000000	0.000000
831.850000	0.540533	-1.134681	1.373305	0.000000	0.000000
831.860000	0.540533	-1.134685	1.373303	0.000000	0.000000
831.870000	0.540534	-1.134688	1.373302	0.000000	0.000000
831.880000	0.540533	-1.134691	1.373300	0.000000	0.000000
831.890000	0.540532	-1.134693	1.373298	0.000000	0.000000
831.900000	0.540531	-1.134694	1.373297	0.000000	0.000000
831.910000	0.540529	-1.134694	1.373295	0.000000	0.000000
831.920000	0.540527	-1.134694	1.373293	0.000000	0.000000
831.930000	0.540525	-1.134695	1.373292	0.000000	0.000000
831.940000	0.540524	-1.134696	1.373290	0.000000	0.000000
831.950000	0.540523	-1.134699	1.373288	0.000000	0.000000
831.960000	0.540523	-1.134703	1.373286	0.000000	0.000000
831.970000	0.540522	-1.134706	1.373285	0.000000	0.000000
831.980000	0.540521	-1.134709	1.373283	0.000000	0.000000
831.990000	0.540520	-1.134712	1.373281	0.000000	0.000000
832.000000	0.540519	-1.134713	1.373279	0.000000	0.000000
832.010000	0.540518	-1.134715	1.373278	0.000000	0.000000
832.020000	0.540516	-1.134716	1.373276	0.000000	0.000000
832.030000	0.540515	-1.134717	1.373274	0.000000	0.000000
832.040000	0.540513	-1.134719	1.373272	0.000000	0.000000
832.050000	0.540512	-1.134721	1.373271	0.000000	0.000000
832.060000	0.540510	-1.134723	1.373269	0.000000	0.000000
832.070000	0.540508	-1.134726	1.373267	0.000000	0.000000
832.080000	0.540507	-1.134729	1.373266	0.000000	0.000000
832.090000	0.540505	-1.134731	1.373264	0.000000	0.000000
832.100000	0.540503	-1.134733	1.373262	0.000000	0.000000
832.110000	0.540501	-1.134736	1.373261	0.000000	0.000000
832.120000	0.540500	-1.134740	1.373259	0.000000	0.000000
832.130000	0.540499	-1.134745	1.373258	0.000000	0.000000
832.140000	0.540498	-1.134749	1.373257	0.000000	0.000000
832.150000	0.540496	-1.134753	1.373255	0.000000	0.000000
832.160000	0.540494	-1.134755	1.373254	0.000000	0.000000
832.170000	0.540491	-1.134755	1.373252	0.000000	0.000000
832.180000	0.540488	-1.134755	1.373251	0.000000	0.000000
832.190000	0.540485	-1.134755	1.373250	0.000000	0.000000
832.200000	0.540482	-1.134754	1.373249	0.000000	0.000000
832.210000	0.540479	-1.134755	1.373248	0.000000	0.000000
832.220000	0.540477	-1.134755	1.373247	0.000000	0.000000
832.230000	0.540474	-1.134757	1.373246	0.000000	0.000000
832.240000	0.540472	-1.134759	1.373245	0.000000	0.000000
832.250000	0.540471	-1.134761	1.373244	0.000000	0.000000
832.260000	0.540469	-1.134763	1.373243	0.000000	0.000000
832.270000	0.540467	-1.134766	1.373242	0.000000	0.000000
832.280000	0.540465	-1.134768	1.373240	0.000000	0.000000
832.290000	0.540463	-1.134769	1.373239	0.000000	0.000000
832.300000	0.540461	-1.134771	1.373238	0.000000	0.000000
832.310000	0.540460	-1.134773	1.373237	0.000000	0.000000
832.320000	0.540459	-1.134776	1.373236	0.000000	0.000000
832.330000	0.540458	-1.134780	1.373235	0.000000	0.000000
832.340000	0.540457	-1.134784	1.373234	0.000000	0.000000
832.350000	0.540455	-1.134787	1.373233	0.000000	0.000000
832.360000	0.540454	-1.134789	1.373231	0.000000	0.000000
832.370000	0.540453	-1.134792	1.373230	0.000000	0.000000
832.380000	0.540452	-1.134796	1.373228	0.000000	0.000000
832.390000	0.540452	-1.134801	1.373227	0.000000	0.000000
832.400000	0.540452	-1.134807	1.373226	0.000000	0.000000
832.410000	0.540452	-1.134813	1.373224	0.000000	0.000000
832.420000	0.540453	-1.134817	1.373223	0.000000	0.000000
832.430000	0.540452	-1.134821	1.373221	0.000000	0.000000
832.440000	0.540452	-1.134824	1.373220	0.000000	0.000000
832.450000	0.540451	-1.134826	1.373218	0.000000	0.000000
832.460000	0.540450	-1.134830	1.373216	0.000000	0.000000
832.470000	0.540449	-1.134833	1.373215	0.000000	0.000000
832.480000	0.540448	-1.134836	1.373213	0.000000	0.000000
832.490000	0.540447	-1.134839	1.373211	0.000000	0.000000
832.500000	0.540445	-1.134840	1.373210	0.000000	0.000000
832.510000	0.540444	-1.134839	1.373208	0.000000	0.000000
832.520000	0.540442	-1.134840	1.373206	0.000000	0.000000
832.530000	0.540441	-1.134843	1.373204	0.000000	0.000000
832.540000	0.540441	-1.134848	1.373203	0.000000	0.000000
832.550000	0.540440	-1.134853	1.373201	0.000000	0.000000
832.560000	0.540439	-1.134857	1.373199	0.000000	0.000000
832.570000	0.540438	-1.134860	1.373198	0.000000	0.000000
832.580000	0.540436	-1.134864	1.373196	0.000000	0.000000
832.590000	0.540434	-1.134867	1.373194	0.000000	0.000000
832.600000	0.540433	-1.134871	1.373192	0.000000	0.000000
832.610000	0.540432	-1.134876	1.373191	0.000000	0.000000
832.620000	0.540431	-1.134882	1.373189	0.000000	0.000000
832.630000	0.540431	-1.134889	1.373187	0.000000	0.000000
832.640000	0.540430	-1.134896	1.373186	0.000000	0.000000
832.650000	0.540430	-1.134903	1.373184	0.000000	0.000000
832.660000	0.540429	-1.134908	1.373182	0.000000	0.000000
832.670000	0.540428	-1.134913	1.373181	0.000000	0.000000
832.680000	0.540427	-1.134916	1.373179	0.000000	0.000000
832.690000	0.540425	-1.134919	1.373178	0.000000	0.000000
832.700000	0.540424	-1.134922	1.373176	0.000000	0.000000
832.710000	0.540422	-1.134925	1.373175	0.000000	0.000000
832.720000	0.540421	-1.134928	1.373173	0.000000	0.000000
832.730000	0.540419	-1.134930	1.373172	0.000000	0.000000
832.740000	0.540418	-1.134933	1.373171	0.000000	0.000000
832.750000	0.540416	-1.134935	1.373169	0.000000	0.000000
832.760000	0.540415	-1.134939	1.373168	0.000000	0.000000
832.770000	0.540414	-1.134943	1.373167	0.000000	0.000000
832.780000	0.540413	-1.134947	1.373166	0.000000	0.000000
832.790000	0.540412	-1.134952	1.373164	0.000000	0.000000
832.800000	0.540412	-1.134957	1.373163	0.000000	0.000000
832.810000	0.540411	-1.134962	1.373162	0.000000	0.000000
832.820000	0.540410	-1.134968	1.373161	0.000000	0.000000
832.830000	0.540409	-1.134973	1.373160	0.000000	0.000000
832.840000	0.540407	-1.134978	1.373159	0.000000	0.000000
832.850000	0.540406	-1.134982	1.373157	0.000000	0.000000
832.860000	0.540405	-1.134986	1.373156	0.000000	0.000000
832.870000	0.540404	-1.134991	1.373155	0.000000	0.000000
832.880000	0.540403	-1.134995	1.373154	0.000000	0.000000
832.890000	0.540401	-1.134999	1.373153	0.000000	0.000000
832.900000	0.540399	-1.135003	1.373152	0.000000	0.000000
832.910000	0.540397	-1.135006	1.373151	0.000000	0.000000
832.920000	0.540395	-1.135008	1.373150	0.000000	0.000000
832.930000	0.540393	-1.135010	1.373149	0.000000	0.000000
832.940000	0.540390	-1.135011	1.373148	0.000000	0.000000
832.950000	0.540388	-1.135012	1.373147	0.000000	0.000000
832.960000	0.540385	-1.135014	1.373146	0.000000	0.000000
832.970000	0.540384	-1.135016	1.373145	0.000000	0.000000
832.980000	0.540382	-1.135019	1.373144	0.000000	0.000000
832.990000	0.540382	-1.135023	1.373143	0.000000	0.000000
833.000000	0.540381	-1.135027	1.373142	0.000000	0.000000
833.010000	0.540381	-1.135032	1.373141	0.000000	0.000000
833.020000	0.540380	-1.135036	1.373140	0.000000	0.000000
833.030000	0.540379	-1.135041	1.373139	0.000000	0.000000
833.040000	0.540379	-1.135046	1.373138	0.000000	0.000000
833.050000	0.540379	-1.135050	1.373137	0.000000	0.000000
833.060000	0.540378	-1.135055	1.373136	0.000000	0.000000
833.070000	0.540378	-1.135059	1.373135	0.000000	0.000000
833.080000	0.540378	-1.135061	1.373133	0.000000	0.000000
833.090000	0.540378	-1.135063	1.373132	0.000000	0.000000
833.100000	0.540377	-1.135065	1.373131	0.000000	0.000000
833.110000	0.540378	-1.135068	1.373130	0.000000	0.000000
833.120000	0.540378	-1.135072	1.373129	0.000000	0.000000
833.130000	0.540378	-1.135076	1.373128	0.000000	0.000000
833.140000	0.540379	-1.135082	1.373126	0.000000	0.000000
833.150000	0.540381	-1.135089	1.373125	0.000000	0.000000
833.160000	0.540382	-1.135097	1.373124	0.000000	0.000000
833.170000	0.540384	-1.135105	1.373123	0.000000	0.000000
833.180000	0.540385	-1.135112	1.373122	0.000000	0.000000
833.190000	0.540386	-1.135117	1.373121	0.000000	0.000000
833.200000	0.540387	-1.135121	1.373120	0.000000	0.000000
833.210000	0.540386	-1.135122	1.373119	0.000000	0.000000
833.220000	0.540385	-1.135121	1.373119	0.000000	0.000000
833.230000	0.540384	-1.135120	1.373118	0.000000	0.000000
833.240000	0.540383	-1.135119	1.373117	0.000000	0.000000
833.250000	0.540382	-1.135118	1.373116	0.000000	0.000000
833.260000	0.540382	-1.135118	1.373115	0.000000	0.000000
833.270000	0.540381	-1.135119	1.373114	0.000000	0.000000
833.280000	0.540381	-1.135119	1.373113	0.000000	0.000000
833.290000	0.540381	-1.135121	1.373113	0.000000	0.000000
833.300000	0.540382	-1.135122	1.373112	0.000000	0.000000
833.310000	0.540382	-1.135123	1.373111	0.000000	0.000000
833.320000	0.540383	-1.135125	1.373110	0.000000	0.000000
833.330000	0.540383	-1.135127	1.373109	0.000000	0.000000
833.340000	0.540384	-1.135131	1.373108	0.000000	0.000000
833.350000	0.540384	-1.135136	1.373107	0.000000	0.000000
833.360000	0.540385	-1.135142	1.373107	0.000000	0.000000
833.370000	0.540386	-1.135148	1.373106	0.000000	0.000000
833.380000	0.540388	-1.135154	1.373105	0.000000	0.000000
833.390000	0.540389	-1.135161	1.373104	0.000000	0.000000
833.400000	0.540390	-1.135167	1.373103	0.000000	0.000000
833.410000	0.540391	-1.135173	1.373102	0.000000	0.000000
833.420000	0.540392	-1.135179	1.373102	0.000000	0.000000
833.430000	0.540392	-1.135185	1.373101	0.000000	0.000000
833.440000	0.540392	-1.135189	1.373100	0.000000	0.000000
833.450000	0.540392	-1.135191	1.373099	0.000000	0.000000
833.460000	0.540391	-1.135192	1.373099	0.000000	0.000000
833.470000	0.540390	-1.135192	1.373098	0.000000	0.000000
833.480000	0.540388	-1.135190	1.373097	0.000000	0.000000
833.490000	0.540386	-1.135189	1.373097	0.000000	0.000000
833.500000	0.540384	-1.135188	1.373096	0.000000	0.000000
833.510000	0.540383	-1.135189	1.373095	0.000000	0.000000
833.520000	0.540382	-1.135192	1.373095	0.000000	0.000000
833.530000	0.540381	-1.135195	1.373094	0.000000	0.000000
833.540000	0.540380	-1.135200	1.373094	0.000000	0.000000
833.550000	0.540380	-1.135205	1.373093	0.000000	0.000000
833.560000	0.540379	-1.135210	1.373092	0.000000	0.000000
833.570000	0.540379	-1.135215	1.373092	0.000000	0.000000
833.580000	0.540378	-1.135219	1.373091	0.000000	0.000000
833.590000	0.540378	-1.135223	1.373090	0.000000	0.000000
833.600000	0.540376	-1.135226	1.373090	0.000000	0.000000
833.610000	0.540375	-1.135228	1.373089	0.000000	0.000000
833.620000	0.540373	-1.135230	1.373089	0.000000	0.000000
833.630000	0.540371	-1.135232	1.373088	0.000000	0.000000
833.640000	0.540370	-1.135236	1.373088	0.000000	0.000000
833.650000	0.540369	-1.135239	1.373087	0.000000	0.000000
833.660000	0.540368	-1.135243	1.373087	0.000000	0.000000
833.670000	0.540367	-1.135248	1.373086	0.000000	0.000000
833.680000	0.540366	-1.135252	1.373086	0.000000	0.000000
833.690000	0.540366	-1.135256	1.373085	0.000000	0.000000
833.700000	0.540365	-1.135258	1.373085	0.000000	0.000000
833.710000	0.540363	-1.135260	1.373085	0.000000	0.000000
833.720000	0.540362	-1.135261	1.373085	0.000000	0.000000
833.730000	0.540359	-1.135260	1.373085	0.000000	0.000000
833.740000	0.540357	-1.135259	1.373084	0.000000	0.000000
833.750000	0.540354	-1.135257	1.373084	0.000000	0.000000
833.760000	0.540351	-1.135255	1.373084	0.000000	0.000000
833.770000	0.540347	-1.135253	1.373084	0.000000	0.000000
833.780000	0.540344	-1.135251	1.373083	0.000000	0.000000
833.790000	0.540341	-1.135251	1.373083	0.000000	0.000000
833.800000	0.540338	-1.135252	1.373083	0.000000	0.000000
833.810000	0.540336	-1.135255	1.373082	0.000000	0.000000
833.820000	0.540335	-1.135260	1.373082	0.000000	0.000000
833.830000	0.540334	-1.135266	1.373081	0.000000	0.000000
833.840000	0.540333	-1.135273	1.373081	0.000000	0.000000
833.850000	0.540333	-1.135280	1.373080	0.000000	0.000000
833.860000	0.540332	-1.135286	1.373079	0.000000	0.000000
833.870000	0.540330	-1.135291	1.373078	0.000000	0.000000
833.880000	0.540328	-1.135295	1.373078	0.000000	0.000000
833.890000	0.540326	-1.135299	1.373077	0.000000	0.000000
833.900000	0.540324	-1.135304	1.373076	0.000000	0.000000
833.910000	0.540322	-1.135309	1.373075	0.000000	0.000000
833.920000	0.540320	-1.135315	1.373074	0.000000	0.000000
833.930000	0.540318	-1.135320	1.373073	0.000000	0.000000
833.940000	0.540316	-1.135326	1.373072	0.000000	0.000000
833.950000	0.540314	-1.135331	1.373071	0.000000	0.000000
833.960000	0.540312	-1.135336	1.373070	0.000000	0.000000
833.970000	0.540310	-1.135340	1.373069	0.000000	0.000000
833.980000	0.540308	-1.135344	1.373068	0.000000	0.000000
833.990000	0.540306	-1.135347	1.373067	0.000000	0.000000
834.000000	0.540304	-1.135349	1.373066	0.000000	0.000000
834.010000	0.540302	-1.135351	1.373066	0.000000	0.000000
834.020000	0.540300	-1.135353	1.373065	0.000000	0.000000
834.030000	0.540298	-1.135354	1.373064	0.000000	0.000000
834.040000	0.540296	-1.135356	1.373063	0.000000	0.000000
834.050000	0.540294	-1.135357	1.373062	0.000000	0.000000
834.060000	0.540291	-1.135359	1.373062	0.000000	0.000000
834.070000	0.540290	-1.135361	1.373061	0.000000	0.000000
834.080000	0.540288	-1.135365	1.373060	0.000000	0.000000
834.090000	0.540287	-1.135370	1.373060	0.000000	0.000000
834.100000	0.540286	-1.135376	1.373059	0.000000	0.000000
834.110000	0.540285	-1.135381	1.373058	0.000000	0.000000
834.120000	0.540283	-1.135387	1.373057	0.000000	0.000000
834.130000	0.540281	-1.135392	1.373056	0.000000	0.000000
834.140000	0.540279	-1.135396	1.373056	0.000000	0.000000
834.150000	0.540276	-1.135399	1.373055	0.000000	0.000000
834.160000	0.540274	-1.135400	1.373054	0.000000	0.000000
834.170000	0.540272	-1.135401	1.373053	0.000000	0.000000
834.180000	0.540270	-1.135403	1.373052	0.000000	0.000000
834.190000	0.540269	-1.135407	1.373051	0.000000	0.000000
834.200000	0.540268	-1.135413	1.373050	0.000000	0.000000
834.210000	0.540268	-1.135419	1.373049	0.000000	0.000000
834.220000	0.540268	-1.135427	1.373048	0.000000	0.000000
834.230000	0.540268	-1.135434	1.373047	0.000000	0.000000
834.240000	0.540268	-1.135441	1.373046	0.000000	0.000000
834.250000	0.540267	-1.135447	1.373045	0.000000	0.000000
834.260000	0.540267	-1.135451	1.373043	0.000000	0.000000
834.270000	0.540265	-1.135455	1.373042	0.000000	0.000000
834.280000	0.540264	-1.135457	1.373041	0.000000	0.000000
834.290000	0.540262	-1.135457	1.373040	0.000000	0.000000
834.300000	0.540259	-1.135455	1.373039	0.000000	0.000000
834.310000	0.540256	-1.135452	1.373038	0.000000	0.000000
834.320000	0.540252	-1.135450	1.373036	0.000000	0.000000
834.330000	0.540250	-1.135450	1.373035	0.000000	0.000000
834.340000	0.540249	-1.135452	1.373034	0.000000	0.000000
834.350000	0.540249	-1.135457	1.373033	0.000000	0.000000
834.360000	0.540248	-1.135463	1.373031	0.000000	0.000000
834.370000	0.540249	-1.135470	1.373030	0.000000	0.000000
834.380000	0.540249	-1.135476	1.373028	0.000000	0.000000
834.390000	0.540248	-1.135481	1.373027	0.000000	0.000000
834.400000	0.540247	-1.135484	1.373025	0.000000	0.000000
834.410000	0.540246	-1.135487	1.373024	0.000000	0.000000
834.420000	0.540245	-1.135489	1.373022	0.000000	0.000000
834.430000	0.540244	-1.135493	1.373021	0.000000	0.000000
834.440000	0.540243	-1.135497	1.373019	0.000000	0.000000
834.450000	0.540242	-1.135501	1.373017	0.000000	0.000000
834.460000	0.540241	-1.135505	1.373016	0.000000	0.000000
834.470000	0.540240	-1.135509	1.373014	0.000000	0.000000
834.480000	0.540239	-1.135514	1.373013	0.000000	0.000000
834.490000	0.540239	-1.135520	1.373011	0.000000	0.000000
834.500000	0.540238	-1.135525	1.373010	0.000000	0.000000
834.510000	0.540238	-1.135531	1.373008	0.000000	0.000000
834.520000	0.540238	-1.135537	1.373007	0.000000	0.000000
834.530000	0.540237	-1.135543	1.373006	0.000000	0.000000
834.540000	0.540236	-1.135549	1.373004	0.000000	0.000000
834.550000	0.540234	-1.135554	1.373003	0.000000	0.000000
834.560000	0.540233	-1.135560	1.373002	0.000000	0.000000
834.570000	0.540231	-1.135565	1.373000	0.000000	0.000000
834.580000	0.540230	-1.135570	1.372999	0.000000	0.000000
834.590000	0.540228	-1.135575	1.372998	0.000000	0.000000
834.600000	0.540226	-1.135580	1.372997	0.000000	0.000000
834.610000	0.540225	-1.135586	1.372995	0.000000	0.000000
834.620000	0.540224	-1.135592	1.372994	0.000000	0.000000
834.630000	0.540223	-1.135598	1.372993	0.000000	0.000000
834.640000	0.540221	-1.135604	1.372992	0.000000	0.000000
834.650000	0.540220	-1.135610	1.372990	0.000000	0.000000
834.660000	0.540219	-1.135615	1.372989	0.000000	0.000000
834.670000	0.540218	-1.135621	1.372988	0.000000	0.000000
834.680000	0.540217	-1.135626	1.372987	0.000000	0.000000
834.690000	0.540217	-1.135632	1.372986	0.000000	0.000000
834.700000	0.540217	-1.135638	1.372985	0.000000	0.000000
834.710000	0.540217	-1.135644	1.372984	0.000000	0.000000
834.720000	0.540216	-1.135648	1.372982	0.000000	0.000000
834.730000	0.540216	-1.135651	1.372982	0.000000	0.000000
834.740000	0.540216	-1.135654	1.372981	0.000000	0.000000
834.750000	0.540215	-1.135656	1.372980	0.000000	0.000000
834.760000	0.540214	-1.135658	1.372979	0.000000	0.000000
834.770000	0.540214	-1.135659	1.372978	0.000000	0.000000
834.780000	0.540213	-1.135660	1.372977	0.000000	0.000000
834.790000	0.540212	-1.135662	1.372977	0.000000	0.000000
834.800000	0.540211	-1.135663	1.372976	0.000000	0.000000
834.810000	0.540210	-1.135664	1.372975	0.000000	0.000000
834.820000	0.540209	-1.135664	1.372975	0.000000	0.000000
834.830000	0.540208	-1.135664	1.372974	0.000000	0.000000
834.840000	0.540207	-1.135663	1.372973	0.000000	0.000000
834.850000	0.540205	-1.135664	1.372972	0.000000	0.000000
834.860000	0.540204	-1.135664	1.372972	0.000000	0.000000
834.870000	0.540204	-1.135666	1.372971	0.000000	0.000000
834.880000	0.540203	-1.135668	1.372970	0.000000	0.000000
834.890000	0.540203	-1.135671	1.372969	0.000000	0.000000
834.900000	0.540202	-1.135673	1.372968	0.000000	0.000000
834.910000	0.540201	-1.135676	1.372967	0.000000	0.000000
834.920000	0.540200	-1.135679	1.372965	0.000000	0.000000
834.930000	0.540200	-1.135682	1.372964	0.000000	0.000000
834.940000	0.540198	-1.135687	1.372963	0.000000	0.000000
834.950000	0.540198	-1.135692	1.372961	0.000000	0.000000
834.960000	0.540197	-1.135697	1.372960	0.000000	0.000000
834.970000	0.540196	-1.135703	1.372959	0.000000	0.000000
834.980000	0.540196	-1.135709	1.372957	0.000000	0.000000
834.990000	0.540196	-1.135716	1.372956	0.000000	0.000000
835.000000	0.540195	-1.135722	1.372954	0.000000	0.000000
835.010000	0.540195	-1.135728	1.372953	0.000000	0.000000
835.020000	0.540195	-1.135734	1.372952	0.000000	0.000000
835.030000	0.540196	-1.135740	1.372950	0.000000	0.000000
835.040000	0.540196	-1.135746	1.372949	0.000000	0.000000
835.050000	0.540196	-1.135751	1.372948	0.000000	0.000000
835.060000	0.540196	-1.135754	1.372946	0.000000	0.000000
835.070000	0.540195	-1.135757	1.372945	0.000000	0.000000
835.080000	0.540194	-1.135758	1.372944	0.000000	0.000000
835.090000	0.540192	-1.135758	1.372942	0.000000	0.000000
835.100000	0.540191	-1.135758	1.372941	0.000000	0.000000
835.110000	0.540189	-1.135758	1.372940	0.000000	0.000000
835.120000	0.540188	-1.135759	1.372938	0.000000	0.000000
835.130000	0.540187	-1.135760	1.372937	0.000000	0.000000
835.140000	0.540186	-1.135762	1.372936	0.000000	0.000000
835.150000	0.540186	-1.135764	1.372934	0.000000	0.000000
835.160000	0.540185	-1.135767	1.372933	0.000000	0.000000
835.170000	0.540185	-1.135769	1.372931	0.000000	0.000000
835.180000	0.540184	-1.135771	1.372930	0.000000	0.000000
835.190000	0.540183	-1.135773	1.372928	0.000000	0.000000
835.200000	0.540182	-1.135775	1.372927	0.000000	0.000000
835.210000	0.540181	-1.135777	1.372925	0.000000	0.000000
835.220000	0.540182	-1.135779	1.372923	0.000000	0.000000
835.230000	0.540182	-1.135782	1.372922	0.000000	0.000000
835.240000	0.540182	-1.135786	1.372920	0.000000	0.000000
835.250000	0.540183	-1.135791	1.372919	0.000000	0.000000
835.260000	0.540184	-1.135796	1.372917	0.000000	0.000000
835.270000	0.540185	-1.135802	1.372915	0.000000	0.000000
835.280000	0.540186	-1.135808	1.372914	0.000000	0.000000
835.290000	0.540186	-1.135816	1.372912	0.000000	0.000000
835.300000	0.540187	-1.135824	1.372911	0.000000	0.000000
835.310000	0.540188	-1.135831	1.372909	0.000000	0.000000
835.320000	0.540189	-1.135837	1.372908	0.000000	0.000000
835.330000	0.540188	-1.135842	1.372906	0.000000	0.000000
835.340000	0.540188	-1.135844	1.372905	0.000000	0.000000
835.350000	0.540187	-1.135846	1.372903	0.000000	0.000000
835.360000	0.540186	-1.135847	1.372902	0.000000	0.000000
835.370000	0.540185	-1.135847	1.372900	0.000000	0.000000
835.380000	0.540185	-1.135847	1.372899	0.000000	0.000000
835.390000	0.540183	-1.135846	1.372898	0.000000	0.000000
835.400000	0.540181	-1.135845	1.372896	0.000000	0.000000
835.410000	0.540179	-1.135843	1.372895	0.000000	0.000000
835.420000	0.540177	-1.135841	1.372893	0.000000	0.000000
835.430000	0.540176	-1.135840	1.372892	0.000000	0.000000
835.440000	0.540175	-1.135840	1.372891	0.000000	0.000000
835.450000	0.540174	-1.135842	1.372889	0.000000	0.000000
835.460000	0.540173	-1.135844	1.372888	0.000000	0.000000
835.470000	0.540173	-1.135847	1.372886	0.000000	0.000000
835.480000	0.540173	-1.135851	1.372885	0.000000	0.000000
835.490000	0.540173	-1.135855	1.372883	0.000000	0.000000
835.500000	0.540173	-1.135858	1.372882	0.000000	0.000000
835.510000	0.540172	-1.135860	1.372880	0.000000	0.000000
835.520000	0.540172	-1.135860	1.372879	0.000000	0.000000
835.530000	0.540170	-1.135859	1.372877	0.000000	0.000000
835.540000	0.540169	-1.135859	1.372876	0.000000	0.000000
835.550000	0.540168	-1.135863	1.372875	0.000000	0.000000
835.560000	0.540168	-1.135868	1.372873	0.000000	0.000000
835.570000	0.540168	-1.135875	1.372872	0.000000	0.000000
835.580000	0.540168	-1.135881	1.372870	0.000000	0.000000
835.590000	0.540169	-1.135887	1.372869	0.000000	0.000000
835.600000	0.540169	-1.135894	1.372868	0.000000	0.000000
835.610000	0.540170	-1.135900	1.372867	0.000000	0.000000
835.620000	0.540171	-1.135907	1.372865	0.000000	0.000000
835.630000	0.540171	-1.135913	1.372864	0.000000	0.000000
835.640000	0.540171	-1.135917	1.372863	0.000000	0.000000
835.650000	0.540171	-1.135920	1.372862	0.000000	0.000000
835.660000	0.540170	-1.135920	1.372861	0.000000	0.000000
835.670000	0.540169	-1.135917	1.372860	0.000000	0.000000
835.680000	0.540167	-1.135914	1.372859	0.000000	0.000000
835.690000	0.540165	-1.135910	1.372858	0.000000	0.000000
835.700000	0.540163	-1.135906	1.372857	0.000000	0.000000
835.710000	0.540161	-1.135901	1.372856	0.000000	0.000000
835.720000	0.540159	-1.135897	1.372855	0.000000	0.000000
835.730000	0.540158	-1.135894	1.372855	0.000000	0.000000
835.740000	0.540157	-1.135891	1.372854	0.000000	0.000000
835.750000	0.540156	-1.135890	1.372853	0.000000	0.000000
835.760000	0.540156	-1.135889	1.372852	0.000000	0.000000
835.770000	0.540156	-1.135890	1.372852	0.000000	0.000000
835.780000	0.540157	-1.135891	1.372851	0.000000	0.000000
835.790000	0.540157	-1.135891	1.372850	0.000000	0.000000
835.800000	0.540157	-1.135890	1.372850	0.000000	0.000000
835.810000	0.540156	-1.135888	1.372849	0.000000	0.000000
835.820000	0.540156	-1.135885	1.372848	0.000000	0.000000
835.830000	0.540155	-1.135882	1.372848	0.000000	0.000000
835.840000	0.540155	-1.135878	1.372847	0.000000	0.000000
835.850000	0.540154	-1.135875	1.372847	0.000000	0.000000
835.860000	0.540153	-1.135871	1.372846	0.000000	0.000000
835.870000	0.540151	-1.135867	1.372846	0.000000	0.000000
835.880000	0.540150	-1.135864	1.372846	0.000000	0.000000
835.890000	0.540149	-1.135862	1.372845	0.000000	0.000000
835.900000	0.540148	-1.135861	1.372845	0.000000	0.000000
835.910000	0.540148	-1.135862	1.372845	0.000000	0.000000
835.920000	0.540148	-1.135863	1.372844	0.000000	0.000000
835.930000	0.540148	-1.135865	1.372844	0.000000	0.000000
835.940000	0.540149	-1.135867	1.372844	0.000000	0.000000
835.950000	0.540149	-1.135870	1.372844	0.000000	0.000000
835.960000	0.540149	-1.135873	1.372843	0.000000	0.000000
835.970000	0.540148	-1.135875	1.372843	0.000000	0.000000
835.980000	0.540148	-1.135876	1.372843	0.000000	0.000000
835.990000	0.540147	-1.135875	1.372842	0.000000	0.000000
836.000000	0.540146	-1.135874	1.372842	0.000000	0.000000
836.010000	0.540145	-1.135873	1.372842	0.000000	0.000000
836.020000	0.540144	-1.135871	1.372841	0.000000	0.000000
836.030000	0.540143	-1.135869	1.372841	0.000000	0.000000
836.040000	0.540142	-1.135868	1.372840	0.000000	0.000000
836.050000	0.540142	-1.135868	1.372840	0.000000	0.000000
836.060000	0.540142	-1.135869	1.372839	0.000000	0.000000
836.070000	0.540142	-1.135871	1.372839	0.000000	0.000000
836.080000	0.540143	-1.135872	1.372838	0.000000	0.000000
836.090000	0.540144	-1.135874	1.372838	0.000000	0.000000
836.100000	0.540145	-1.135876	1.372837	0.000000	0.000000
836.110000	0.540146	-1.135879	1.372837	0.000000	0.000000
836.120000	0.540147	-1.135880	1.372837	0.000000	0.000000
836.130000	0.540148	-1.135881	1.372836	0.000000	0.000000
836.140000	0.540148	-1.135880	1.372836	0.000000	0.000000
836.150000	0.540148	-1.135881	1.372835	0.000000	0.000000
836.160000	0.540149	-1.135882	1.372835	0.000000	0.000000
836.170000	0.540150	-1.135884	1.372835	0.000000	0.000000
836.180000	0.540152	-1.135886	1.372834	0.000000	0.000000
836.190000	0.540153	-1.135889	1.372834	0.000000	0.000000
836.200000	0.540154	-1.135891	1.372834	0.000000	0.000000
836.210000	0.540154	-1.135893	1.372833	0.000000	0.000000
836.220000	0.540155	-1.135894	1.372833	0.000000	0.000000
836.230000	0.540156	-1.135896	1.372833	0.000000	0.000000
836.240000	0.540156	-1.135897	1.372832	0.000000	0.000000
836.250000	0.540157	-1.135899	1.372832	0.000000	0.000000
836.260000	0.540158	-1.135900	1.372832	0.000000	0.000000
836.270000	0.540158	-1.135900	1.372831	0.000000	0.000000
836.280000	0.540158	-1.135900	1.372831	0.000000	0.000000
836.290000	0.540158	-1.135900	1.372831	0.000000	0.000000
836.300000	0.540159	-1.135901	1.372831	0.000000	0.000000
836.310000	0.540160	-1.135902	1.372830	0.000000	0.000000
836.320000	0.540161	-1.135904	1.372830	0.000000	0.000000
836.330000	0.540163	-1.135906	1.372830	0.000000	0.000000
836.340000	0.540164	-1.135909	1.372830	0.000000	0.000000
836.350000	0.540165	-1.135912	1.372830	0.000000	0.000000
836.360000	0.540166	-1.135914	1.372829	0.000000	0.000000
836.370000	0.540167	-1.135915	1.372829	0.000000	0.000000
836.380000	0.540168	-1.135914	1.372829	0.000000	0.000000
836.390000	0.540168	-1.135913	1.372829	0.000000	0.000000
836.400000	0.540168	-1.135912	1.372829	0.000000	0.000000
836.410000	0.540168	-1.135910	1.372829	0.000000	0.000000
836.420000	0.540168	-1.135909	1.372829	0.000000	0.000000
836.430000	0.540169	-1.135907	1.372829	0.000000	0.000000
836.440000	0.540170	-1.135906	1.372829	0.000000	0.000000
836.450000	0.540172	-1.135905	1.372828	0.000000	0.000000
836.460000	0.540173	-1.135905	1.372828	0.000000	0.000000
836.470000	0.540175	-1.135904	1.372828	0.000000	0.000000
836.480000	0.540176	-1.135904	1.372828	0.000000	0.000000
836.490000	0.540177	-1.135903	1.372828	0.000000	0.000000
836.500000	0.540178	-1.135902	1.372828	0.000000	0.000000
836.510000	0.540179	-1.135900	1.372828	0.000000	0.000000
836.520000	0.540180	-1.135897	1.372828	0.000000	0.000000
836.530000	0.540181	-1.135895	1.372828	0.000000	0.000000
836.540000	0.540182	-1.135893	1.372828	0.000000	0.000000
836.550000	0.540182	-1.135891	1.372828	0.000000	0.000000
836.560000	0.540183	-1.135890	1.372828	0.000000	0.000000
836.570000	0.540184	-1.135890	1.372828	0.000000	0.000000
836.580000	0.540186	-1.135890	1.372828	0.000000	0.000000
836.590000	0.540187	-1.135891	1.372827	0.000000	0.000000
836.600000	0.540189	-1.135892	1.372827	0.000000	0.000000
836.610000	0.540190	-1.135892	1.372827	0.000000	0.000000
836.620000	0.540192	-1.135893	1.372826	0.000000	0.000000
836.630000	0.540195	-1.135894	1.372826	0.000000	0.000000
836.640000	0.540196	-1.135894	1.372825	0.000000	0.000000
836.650000	0.540198	-1.135894	1.372825	0.000000	0.000000
836.660000	0.540200	-1.135894	1.372824	0.000000	0.000000
836.670000	0.540202	-1.135895	1.372824	0.000000	0.000000
836.680000	0.540204	-1.135897	1.372823	0.000000	0.000000
836.690000	0.540206	-1.135899	1.372823	0.000000	0.000000
836.700000	0.540207	-1.135899	1.372822	0.000000	0.000000
836.710000	0.540207	-1.135900	1.372821	0.000000	0.000000
836.720000	0.540208	-1.135901	1.372821	0.000000	0.000000
836.730000	0.540209	-1.135903	1.372820	0.000000	0.000000
836.740000	0.540211	-1.135906	1.372820	0.000000	0.000000
836.750000	0.540212	-1.135908	1.372820	0.000000	0.000000
836.760000	0.540213	-1.135910	1.372819	0.000000	0.000000
836.770000	0.540213	-1.135910	1.372819	0.000000	0.000000
836.780000	0.540214	-1.135910	1.372818	0.000000	0.000000
836.790000	0.540214	-1.135909	1.372818	0.000000	0.000000
836.800000	0.540214	-1.135908	1.372818	0.000000	0.000000
836.810000	0.540215	-1.135908	1.372817	0.000000	0.000000
836.820000	0.540215	-1.135907	1.372817	0.000000	0.000000
836.830000	0.540217	-1.135907	1.372817	0.000000	0.000000
836.840000	0.540218	-1.135906	1.372816	0.000000	0.000000
836.850000	0.540219	-1.135905	1.372816	0.000000	0.000000
836.860000	0.540220	-1.135905	1.372816	0.000000	0.000000
836.870000	0.540222	-1.135905	1.372815	0.000000	0.000000
836.880000	0.540223	-1.135906	1.372815	0.000000	0.000000
836.890000	0.540225	-1.135907	1.372814	0.000000	0.000000
836.900000	0.540228	-1.135909	1.372814	0.000000	0.000000
836.910000	0.540230	-1.135911	1.372814	0.000000	0.000000
836.920000	0.540232	-1.135914	1.372813	0.000000	0.000000
836.930000	0.540233	-1.135915	1.372813	0.000000	0.000000
836.940000	0.540233	-1.135914	1.372812	0.000000	0.000000
836.950000	0.540233	-1.135913	1.372812	0.000000	0.000000
836.960000	0.540233	-1.135912	1.372812	0.000000	0.000000
836.970000	0.540234	-1.135912	1.372811	0.000000	0.000000
836.980000	0.540235	-1.135913	1.372811	0.000000	0.000000
836.990000	0.540236	-1.135914	1.372811	0.000000	0.000000
837.000000	0.540237	-1.135916	1.372811	0.000000	0.000000
837.010000	0.540238	-1.135916	1.372810	0.000000	0.000000
837.020000	0.540238	-1.135916	1.372810	0.000000	0.000000
837.030000	0.540237	-1.135915	1.372810	0.000000	0.000000
837.040000	0.540237	-1.135913	1.372810	0.000000	0.000000
837.050000	0.540236	-1.135910	1.372810	0.000000	0.000000
837.060000	0.540235	-1.135906	1.372810	0.000000	0.000000
837.070000	0.540235	-1.135902	1.372810	0.000000	0.000000
837.080000	0.540234	-1.135897	1.372810	0.000000	0.000000
837.090000	0.540233	-1.135893	1.372810	0.000000	0.000000
837.100000	0.540233	-1.135889	1.372810	0.000000	0.000000
837.110000	0.540233	-1.135884	1.372810	0.000000	0.000000
837.120000	0.540233	-1.135880	1.372810	0.000000	0.000000
837.130000	0.540233	-1.135876	1.372810	0.000000	0.000000
837.140000	0.540233	-1.135873	1.372809	0.000000	0.000000
837.150000	0.540234	-1.135870	1.372809	0.000000	0.000000
837.160000	0.540234	-1.135867	1.372809	0.000000	0.000000
837.170000	0.540235	-1.135863	1.372809	0.000000	0.000000
837.180000	0.540235	-1.135857	1.372809	0.000000	0.000000
837.190000	0.540234	-1.135850	1.372808	0.000000	0.000000
837.200000	0.540234	-1.135842	1.372808	0.000000	0.000000
837.210000	0.540233	-1.135833	1.372808	0.000000	0.000000
837.220000	0.540233	-1.135826	1.372807	0.000000	0.000000
837.230000	0.540233	-1.135821	1.372807	0.000000	0.000000
837.240000	0.540234	-1.135818	1.372806	0.000000	0.000000
837.250000	0.540236	-1.135816	1.372806	0.000000	0.000000
837.260000	0.540237	-1.135814	1.372806	0.000000	0.000000
837.270000	0.540238	-1.135813	1.372805	0.000000	0.000000
837.280000	0.540239	-1.135811	1.372805	0.000000	0.000000
837.290000	0.540239	-1.135809	1.372805	0.000000	0.000000
837.300000	0.540239	-1.135808	1.372804	0.000000	0.000000
837.310000	0.540239	-1.135806	1.372804	0.000000	0.000000
837.320000	0.540240	-1.135804	1.372804	0.000000	0.000000
837.330000	0.540241	-1.135803	1.372804	0.000000	0.000000
837.340000	0.540242	-1.135803	1.372803	0.000000	0.000000
837.350000	0.540243	-1.135803	1.372803	0.000000	0.000000
837.360000	0.540244	-1.135801	1.372803	0.000000	0.000000
837.370000	0.540244	-1.135799	1.372803	0.000000	0.000000
837.380000	0.540245	-1.135798	1.372802	0.000000	0.000000
837.390000	0.540247	-1.135798	1.372802	0.000000	0.000000
837.400000	0.540248	-1.135799	1.372802	0.000000	0.000000
837.410000	0.540249	-1.135800	1.372802	0.000000	0.000000
837.420000	0.540250	-1.135800	1.372802	0.000000	0.000000
837.430000	0.540252	-1.135799	1.372802	0.000000	0.000000
837.440000	0.540252	-1.135799	1.372802	0.000000	0.000000
837.450000	0.540253	-1.135797	1.372802	0.000000	0.000000
837.460000	0.540253	-1.135796	1.372803	0.000000	0.000000
837.470000	0.540254	-1.135794	1.372803	0.000000	0.000000
837.480000	0.540253	-1.135791	1.372803	0.000000	0.000000
837.490000	0.540253	-1.135787	1.372804	0.000000	0.000000
837.500000	0.540252	-1.135782	1.372804	0.000000	0.000000
837.510000	0.540252	-1.135777	1.372805	0.000000	0.000000
837.520000	0.540251	-1.135770	1.372805	0.000000	0.000000
837.530000	0.540250	-1.135761	1.372806	0.000000	0.000000
837.540000	0.540248	-1.135752	1.372807	0.000000	0.000000
837.550000	0.540246	-1.135741	1.372807	0.000000	0.000000
837.560000	0.540244	-1.135730	1.372808	0.000000	0.000000
837.570000	0.540242	-1.135719	1.372809	0.000000	0.000000
837.580000	0.540241	-1.135709	1.372809	0.000000	0.000000
837.590000	0.540239	-1.135701	1.372810	0.000000	0.000000
837.600000	0.540238	-1.135693	1.372811	0.000000	0.000000
837.610000	0.540238	-1.135686	1.372812	0.000000	0.000000
837.620000	0.540237	-1.135680	1.372812	0.000000	0.000000
837.630000	0.540236	-1.135676	1.372813	0.000000	0.000000
837.640000	0.540236	-1.135673	1.372813	0.000000	0.000000
837.650000	0.540236	-1.135671	1.372814	0.000000	0.000000
837.660000	0.540236	-1.135671	1.372815	0.000000	0.000000
837.670000	0.540237	-1.135671	1.372815	0.000000	0.000000
837.680000	0.540238	-1.135672	1.372816	0.000000	0.000000
837.690000	0.540239	-1.135672	1.372816	0.000000	0.000000
837.700000	0.540240	-1.135673	1.372817	0.000000	0.000000
837.710000	0.540239	-1.135673	1.372817	0.000000	0.000000
837.720000	0.540239	-1.135674	1.372818	0.000000	0.000000
837.730000	0.540239	-1.135674	1.372818	0.000000	0.000000
837.740000	0.540238	-1.135673	1.372819	0.000000	0.000000
837.750000	0.540238	-1.135672	1.372819	0.000000	0.000000
837.760000	0.540238	-1.135670	1.372819	0.000000	0.000000
837.770000	0.540237	-1.135668	1.372820	0.000000	0.000000
837.780000	0.540236	-1.135665	1.372820	0.000000	0.000000
837.790000	0.540235	-1.135662	1.372820	0.000000	0.000000
837.800000	0.540235	-1.135658	1.372821	0.000000	0.000000
837.810000	0.540234	-1.135654	1.372821	0.000000	0.000000
837.820000	0.540233	-1.135650	1.372821	0.000000	0.000000
837.830000	0.540233	-1.135646	1.372821	0.000000	0.000000
837.840000	0.540232	-1.135643	1.372821	0.000000	0.000000
837.850000	0.540232	-1.135639	1.372821	0.000000	0.000000
837.860000	0.540232	-1.135636	1.372822	0.000000	0.000000
837.870000	0.540232	-1.135633	1.372822	0.000000	0.000000
837.880000	0.540232	-1.135630	1.372822	0.000000	0.000000
837.890000	0.540232	-1.135629	1.372821	0.000000	0.000000
837.900000	0.540233	-1.135629	1.372821	0.000000	0.000000
837.910000	0.540234	-1.135630	1.372821	0.000000	0.000000
837.920000	0.540234	-1.135630	1.372821	0.000000	0.000000
837.930000	0.540235	-1.135631	1.372821	0.000000	0.000000
837.940000	0.540235	-1.135631	1.372821	0.000000	0.000000
837.950000	0.540236	-1.135633	1.372821	0.000000	0.000000
837.960000	0.540237	-1.135635	1.372820	0.000000	0.000000
837.970000	0.540238	-1.135638	1.372820	0.000000	0.000000
837.980000	0.540239	-1.135642	1.372820	0.000000	0.000000
837.990000	0.540240	-1.135645	1.372820	0.000000	0.000000
838.000000	0.540241	-1.135648	1.372820	0.000000	0.000000
838.010000	0.540241	-1.135650	1.372820	0.000000	0.000000
838.020000	0.540241	-1.135651	1.372820	0.000000	0.000000
838.030000	0.540241	-1.135652	1.372820	0.000000	0.000000
838.040000	0.540240	-1.135653	1.372819	0.000000	0.000000
838.050000	0.540239	-1.135653	1.372819	0.000000	0.000000
838.060000	0.540237	-1.135653	1.372819	0.000000	0.000000
838.070000	0.540236	-1.135653	1.372819	0.000000	0.000000
838.080000	0.540234	-1.135652	1.372819	0.000000	0.000000
838.090000	0.540231	-1.135651	1.372819	0.000000	0.000000
838.100000	0.540229	-1.135649	1.372819	0.000000	0.000000
838.110000	0.540228	-1.135648	1.372819	0.000000	0.000000
838.120000	0.540226	-1.135647	1.372819	0.000000	0.000000
838.130000	0.540224	-1.135645	1.372819	0.000000	0.000000
838.140000	0.540223	-1.135645	1.372819	0.000000	0.000000
838.150000	0.540221	-1.135644	1.372819	0.000000	0.000000
838.160000	0.540220	-1.135644	1.372819	0.000000	0.000000
838.170000	0.540219	-1.135645	1.372818	0.000000	0.000000
838.180000	0.540217	-1.135645	1.372818	0.000000	0.000000
838.190000	0.540216	-1.135645	1.372818	0.000000	0.000000
838.200000	0.540215	-1.135646	1.372817	0.000000	0.000000
838.210000	0.540214	-1.135647	1.372817	0.000000	0.000000
838.220000	0.540213	-1.135649	1.372817	0.000000	0.000000
838.230000	0.540213	-1.135652	1.372816	0.000000	0.000000
838.240000	0.540213	-1.135655	1.372815	0.000000	0.000000
838.250000	0.540212	-1.135658	1.372815	0.000000	0.000000
838.260000	0.540212	-1.135660	1.372814	0.000000	0.000000
838.270000	0.540211	-1.135663	1.372813	0.000000	0.000000
838.280000	0.540210	-1.135664	1.372812	0.000000	0.000000
838.290000	0.540209	-1.135666	1.372812	0.000000	0.000000
838.300000	0.540208	-1.135668	1.372811	0.000000	0.000000
838.310000	0.540207	-1.135671	1.372810	0.000000	0.000000
838.320000	0.540206	-1.135674	1.372809	0.000000	0.000000
838.330000	0.540205	-1.135676	1.372808	0.000000	0.000000
838.340000	0.540203	-1.135678	1.372807	0.000000	0.000000
838.350000	0.540201	-1.135678	1.372806	0.000000	0.000000
838.360000	0.540199	-1.135677	1.372805	0.000000	0.000000
838.370000	0.540197	-1.135675	1.372805	0.000000	0.000000
838.380000	0.540194	-1.135675	1.372804	0.000000	0.000000
838.390000	0.540192	-1.135674	1.372803	0.000000	0.000000
838.400000	0.540191	-1.135674	1.372802	0.000000	0.000000
838.410000	0.540189	-1.135675	1.372801	0.000000	0.000000
838.420000	0.540188	-1.135677	1.372801	0.000000	0.000000
838.430000	0.540188	-1.135679	1.372800	0.000000	0.000000
838.440000	0.540187	-1.135681	1.372800	0.000000	0.000000
838.450000	0.540187	-1.135682	1.372799	0.000000	0.000000
838.460000	0.540186	-1.135682	1.372798	0.000000	0.000000
838.470000	0.540185	-1.135682	1.372798	0.000000	0.000000
838.480000	0.540184	-1.135682	1.372797	0.000000	0.000000
838.490000	0.540184	-1.135684	1.372797	0.000000	0.000000
838.500000	0.540184	-1.135686	1.372797	0.000000	0.000000
838.510000	0.540184	-1.135690	1.372796	0.000000	0.000000
838.520000	0.540185	-1.135694	1.372796	0.000000	0.000000
838.530000	0.540185	-1.135697	1.372796	0.000000	0.000000
838.540000	0.540186	-1.135700	1.372795	0.000000	0.000000
838.550000	0.540186	-1.135701	1.372795	0.000000	0.000000
838.560000	0.540186	-1.135701	1.372795	0.000000	0.000000
838.570000	0.540185	-1.135700	1.372795	0.000000	0.000000
838.580000	0.540185	-1.135698	1.372795	0.000000	0.000000
838.590000	0.540184	-1.135695	1.372795	0.000000	0.000000
838.600000	0.540183	-1.135692	1.372795	0.000000	0.000000
838.610000	0.540182	-1.135690	1.372795	0.000000	0.000000
838.620000	0.540182	-1.135688	1.372795	0.000000	0.000000
838.630000	0.540181	-1.135687	1.372795	0.000000	0.000000
838.640000	0.540180	-1.135686	1.372795	0.000000	0.000000
838.650000	0.540179	-1.135684	1.372795	0.000000	0.000000
838.660000	0.540178	-1.135683	1.372795	0.000000	0.000000
838.670000	0.540177	-1.135682	1.372796	0.000000	0.000000
838.680000	0.540176	-1.135681	1.372796	0.000000	0.000000
838.690000	0.540175	-1.135680	1.372796	0.000000	0.000000
838.700000	0.540174	-1.135680	1.372796	0.000000	0.000000
838.710000	0.540173	-1.135680	1.372796	0.000000	0.000000
838.720000	0.540172	-1.135680	1.372797	0.000000	0.000000
838.730000	0.540171	-1.135680	1.372797	0.000000	0.000000
838.740000	0.540170	-1.135679	1.372797	0.000000	0.000000
838.750000	0.540169	-1.135677	1.372797	0.000000	0.000000
838.760000	0.540167	-1.135674	1.372798	0.000000	0.000000
838.770000	0.540165	-1.135672	1.372798	0.000000	0.000000
838.780000	0.540164	-1.135670	1.372798	0.000000	0.000000
838.790000	0.540163	-1.135669	1.372799	0.000000	0.000000
838.800000	0.540163	-1.135669	1.372799	0.000000	0.000000
838.810000	0.540162	-1.135669	1.372799	0.000000	0.000000
838.820000	0.540161	-1.135670	1.372799	0.000000	0.000000
838.830000	0.540161	-1.135671	1.372800	0.000000	0.000000
838.840000	0.540160	-1.135672	1.372800	0.000000	0.000000
838.850000	0.540160	-1.135673	1.372800	0.000000	0.000000
838.860000	0.540160	-1.135673	1.372800	0.000000	0.000000
838.870000	0.540159	-1.135673	1.372801	0.000000	0.000000
838.880000	0.540159	-1.135672	1.372801	0.000000	0.000000
838.890000	0.540159	-1.135671	1.372801	0.000000	0.000000
838.900000	0.540158	-1.135668	1.372801	0.000000	0.000000
838.910000	0.540157	-1.135666	1.372802	0.000000	0.000000
838.920000	0.540156	-1.135663	1.372802	0.000000	0.000000
838.930000	0.540155	-1.135661	1.372802	0.000000	0.000000
838.940000	0.540154	-1.135660	1.372802	0.000000	0.000000
838.950000	0.540152	-1.135659	1.372803	0.000000	0.000000
838.960000	0.540151	-1.135658	1.372803	0.000000	0.000000
838.970000	0.540150	-1.135657	1.372803	0.000000	0.000000
838.980000	0.540148	-1.135656	1.372804	0.000000	0.000000
838.990000	0.540147	-1.135655	1.372804	0.000000	0.000000
839.000000	0.540146	-1.135655	1.372804	0.000000	0.000000
839.010000	0.540144	-1.135655	1.372805	0.000000	0.000000
839.020000	0.540143	-1.135655	1.372805	0.000000	0.000000
839.030000	0.540142	-1.135655	1.372806	0.000000	0.000000
839.040000	0.540141	-1.135653	1.372806	0.000000	0.000000
839.050000	0.540139	-1.135651	1.372807	0.000000	0.000000
839.060000	0.540137	-1.135649	1.372807	0.000000	0.000000
839.070000	0.540135	-1.135646	1.372808	0.000000	0.000000
839.080000	0.540133	-1.135642	1.372808	0.000000	0.000000
839.090000	0.540131	-1.135639	1.372809	0.000000	0.000000
839.100000	0.540129	-1.135635	1.372809	0.000000	0.000000
839.110000	0.540127	-1.135630	1.372810	0.000000	0.000000
839.120000	0.540125	-1.135626	1.372811	0.000000	0.000000
839.130000	0.540123	-1.135621	1.372811	0.000000	0.000000
839.140000	0.540121	-1.135617	1.372812	0.000000	0.000000
839.150000	0.540119	-1.135613	1.372813	0.000000	0.000000
839.160000	0.540117	-1.135610	1.372814	0.000000	0.000000
839.170000	0.540115	-1.135607	1.372814	0.000000	0.000000
839.180000	0.540115	-1.135606	1.372815	0.000000	0.000000
839.190000	0.540114	-1.135606	1.372816	0.000000	0.000000
839.200000	0.540114	-1.135607	1.372817	0.000000	0.000000
839.210000	0.540114	-1.135607	1.372818	0.000000	0.000000
839.220000	0.540113	-1.135608	1.372818	0.000000	0.000000
839.230000	0.540113	-1.135609	1.372819	0.000000	0.000000
839.240000	0.540112	-1.135609	1.372820	0.000000	0.000000
839.250000	0.540111	-1.135608	1.372821	0.000000	0.000000
839.260000	0.540109	-1.135606	1.372821	0.000000	0.000000
839.270000	0.540107	-1.135604	1.372822	0.000000	0.000000
839.280000	0.540105	-1.135601	1.372823	0.000000	0.000000
839.290000	0.540104	-1.135598	1.372824	0.000000	0.000000
839.300000	0.540102	-1.135595	1.372824	0.000000	0.000000
839.310000	0.540101	-1.135593	1.372825	0.000000	0.000000
839.320000	0.540100	-1.135593	1.372826	0.000000	0.000000
839.330000	0.540100	-1.135593	1.372827	0.000000	0.000000
839.340000	0.540099	-1.135594	1.372827	0.000000	0.000000
839.350000	0.540100	-1.135595	1.372828	0.000000	0.000000
839.360000	0.540100	-1.135596	1.372829	0.000000	0.000000
839.370000	0.540099	-1.135595	1.372830	0.000000	0.000000
839.380000	0.540098	-1.135593	1.372830	0.000000	0.000000
839.390000	0.540097	-1.135590	1.372831	0.000000	0.000000
839.400000	0.540095	-1.135587	1.372832	0.000000	0.000000
839.410000	0.540093	-1.135583	1.372833	0.000000	0.000000
839.420000	0.540091	-1.135579	1.372834	0.000000	0.000000
839.430000	0.540088	-1.135575	1.372835	0.000000	0.000000
839.440000	0.540086	-1.135572	1.372836	0.000000	0.000000
839.450000	0.540084	-1.135569	1.372837	0.000000	0.000000
839.460000	0.540082	-1.135566	1.372839	0.000000	0.000000
839.470000	0.540080	-1.135563	1.372840	0.000000	0.000000
839.480000	0.540078	-1.135560	1.372841	0.000000	0.000000
839.490000	0.540076	-1.135557	1.372842	0.000000	0.000000
839.500000	0.540073	-1.135553	1.372843	0.000000	0.000000
839.510000	0.540071	-1.135550	1.372845	0.000000	0.000000
839.520000	0.540068	-1.135546	1.372846	0.000000	0.000000
839.530000	0.540066	-1.135542	1.372847	0.000000	0.000000
839.540000	0.540064	-1.135539	1.372848	0.000000	0.000000
839.550000	0.540063	-1.135537	1.372849	0.000000	0.000000
839.560000	0.540062	-1.135535	1.372850	0.000000	0.000000
839.570000	0.540061	-1.135533	1.372852	0.000000	0.000000
839.580000	0.540060	-1.135532	1.372853	0.000000	0.000000
839.590000	0.540059	-1.135531	1.372854	0.000000	0.000000
839.600000	0.540058	-1.135530	1.372855	0.000000	0.000000
839.610000	0.540057	-1.135529	1.372856	0.000000	0.000000
839.620000	0.540057	-1.135529	1.372857	0.000000	0.000000
839.630000	0.540057	-1.135530	1.372858	0.000000	0.000000
839.640000	0.540056	-1.135531	1.372859	0.000000	0.000000
839.650000	0.540056	-1.135532	1.372859	0.000000	0.000000
839.660000	0.540056	-1.135532	1.372860	0.000000	0.000000
839.670000	0.540055	-1.135531	1.372861	0.000000	0.000000
839.680000	0.540053	-1.135527	1.372862	0.000000	0.000000
839.690000	0.540051	-1.135521	1.372863	0.000000	0.000000
839.700000	0.540048	-1.135514	1.372863	0.000000	0.000000
839.710000	0.540046	-1.135509	1.372864	0.000000	0.000000
839.720000	0.540044	-1.135507	1.372865	0.000000	0.000000
839.730000	0.540043	-1.135507	1.372865	0.000000	0.000000
839.740000	0.540042	-1.135507	1.372866	0.000000	0.000000
839.750000	0.540041	-1.135507	1.372867	0.000000	0.000000
839.760000	0.540040	-1.135506	1.372867	0.000000	0.000000
839.770000	0.540038	-1.135505	1.372868	0.000000	0.000000
839.780000	0.540037	-1.135503	1.372869	0.000000	0.000000
839.790000	0.540036	-1.135501	1.372869	0.000000	0.000000
839.800000	0.540034	-1.135498	1.372870	0.000000	0.000000
839.810000	0.540034	-1.135495	1.372870	0.000000	0.000000
839.820000	0.540033	-1.135492	1.372871	0.000000	0.000000
839.830000	0.540032	-1.135490	1.372871	0.000000	0.000000
839.840000	0.540031	-1.135489	1.372872	0.000000	0.000000
839.850000	0.540031	-1.135487	1.372872	0.000000	0.000000
839.860000	0.540030	-1.135486	1.372872	0.000000	0.000000
839.870000	0.540028	-1.135484	1.372873	0.000000	0.000000
839.880000	0.540028	-1.135482	1.372873	0.000000	0.000000
839.890000	0.540027	-1.135480	1.372873	0.000000	0.000000
839.900000	0.540027	-1.135478	1.372873	0.000000	0.000000
839.910000	0.540026	-1.135474	1.372873	0.000000	0.000000
839.920000	0.540025	-1.135468	1.372873	0.000000	0.000000
839.930000	0.540024	-1.135461	1.372873	0.000000	0.000000
839.940000	0.540022	-1.135455	1.372873	0.000000	0.000000
839.950000	0.540022	-1.135450	1.372873	0.000000	0.000000
839.960000	0.540022	-1.135447	1.372873	0.000000	0.000000
839.970000	0.540022	-1.135445	1.372873	0.000000	0.000000
839.980000	0.540023	-1.135444	1.372873	0.000000	0.000000
839.990000	0.540024	-1.135444	1.372873	0.000000	0.000000
840.000000	0.540025	-1.135444	1.372873	0.000000	0.000000
840.010000	0.540026	-1.135444	1.372873	0.000000	0.000000
840.020000	0.540026	-1.135442	1.372873	0.000000	0.000000
840.030000	0.540026	-1.135440	1.372873	0.000000	0.000000
840.040000	0.540026	-1.135437	1.372873	0.000000	0.000000
840.050000	0.540025	-1.135433	1.372873	0.000000	0.000000
840.060000	0.540025	-1.135430	1.372873	0.000000	0.000000
840.070000	0.540024	-1.135426	1.372873	0.000000	0.000000
840.080000	0.540024	-1.135422	1.372873	0.000000	0.000000
840.090000	0.540024	-1.135419	1.372873	0.000000	0.000000
840.100000	0.540023	-1.135415	1.372873	0.000000	0.000000
840.110000	0.540023	-1.135410	1.372873	0.000000	0.000000
840.120000	0.540022	-1.135405	1.372873	0.000000	0.000000
840.130000	0.540022	-1.135399	1.372873	0.000000	0.000000
840.140000	0.540021	-1.135391	1.372873	0.000000	0.000000
840.150000	0.540020	-1.135384	1.372874	0.000000	0.000000
840.160000	0.540020	-1.135377	1.372874	0.000000	0.000000
840.170000	0.540020	-1.135372	1.372874	0.000000	0.000000
840.180000	0.540020	-1.135368	1.372874	0.000000	0.000000
840.190000	0.540021	-1.135364	1.372875	0.000000	0.000000
840.200000	0.540021	-1.135362	1.372875	0.000000	0.000000
840.210000	0.540021	-1.135359	1.372875	0.000000	0.000000
840.220000	0.540021	-1.135356	1.372876	0.000000	0.000000
840.230000	0.540022	-1.135352	1.372876	0.000000	0.000000
840.240000	0.540022	-1.135349	1.372876	0.000000	0.000000
840.250000	0.540022	-1.135346	1.372876	0.000000	0.000000
840.260000	0.540022	-1.135343	1.372877	0.000000	0.000000
840.270000	0.540022	-1.135340	1.372877	0.000000	0.000000
840.280000	0.540022	-1.135336	1.372877	0.000000	0.000000
840.290000	0.540022	-1.135333	1.372877	0.000000	0.000000
840.300000	0.540022	-1.135331	1.372878	0.000000	0.000000
840.310000	0.540022	-1.135330	1.372878	0.000000	0.000000
840.320000	0.540022	-1.135328	1.372878	0.000000	0.000000
840.330000	0.540022	-1.135326	1.372878	0.000000	0.000000
840.340000	0.540022	-1.135323	1.372878	0.000000	0.000000
840.350000	0.540021	-1.135319	1.372879	0.000000	0.000000
840.360000	0.540021	-1.135316	1.372879	0.000000	0.000000
840.370000	0.540021	-1.135312	1.372879	0.000000	0.000000
840.380000	0.540021	-1.135308	1.372880	0.000000	0.000000
840.390000	0.540021	-1.135306	1.372880	0.000000	0.000000
840.400000	0.540021	-1.135304	1.372881	0.000000	0.000000
840.410000	0.540021	-1.135302	1.372881	0.000000	0.000000
840.420000	0.540021	-1.135300	1.372882	0.000000	0.000000
840.430000	0.540022	-1.135297	1.372882	0.000000	0.000000
840.440000	0.540022	-1.135294	1.372883	0.000000	0.000000
840.450000	0.540023	-1.135291	1.372884	0.000000	0.000000
840.460000	0.540023	-1.135287	1.372884	0.000000	0.000000
840.470000	0.540024	-1.135282	1.372885	0.000000	0.000000
840.480000	0.540024	-1.135276	1.372886	0.000000	0.000000
840.490000	0.540024	-1.135269	1.372887	0.000000	0.000000
840.500000	0.540024	-1.135261	1.372888	0.000000	0.000000
840.510000	0.540023	-1.135252	1.372889	0.000000	0.000000
840.520000	0.540023	-1.135242	1.372890	0.000000	0.000000
840.530000	0.540022	-1.135232	1.372891	0.000000	0.000000
840.540000	0.540021	-1.135222	1.372892	0.000000	0.000000
840.550000	0.540020	-1.135211	1.372893	0.000000	0.000000
840.560000	0.540019	-1.135200	1.372894	0.000000	0.000000
840.570000	0.540017	-1.135188	1.372895	0.000000	0.000000
840.580000	0.540016	-1.135177	1.372896	0.000000	0.000000
840.590000	0.540015	-1.135168	1.372897	0.000000	0.000000
840.600000	0.540015	-1.135161	1.372898	0.000000	0.000000
840.610000	0.540015	-1.135155	1.372899	0.000000	0.000000
840.620000	0.540016	-1.135151	1.372900	0.000000	0.000000
840.630000	0.540017	-1.135148	1.372901	0.000000	0.000000
840.640000	0.540019	-1.135147	1.372902	0.000000	0.000000
840.650000	0.540020	-1.135147	1.372903	0.000000	0.000000
840.660000	0.540021	-1.135146	1.372904	0.000000	0.000000
840.670000	0.540022	-1.135143	1.372905	0.000000	0.000000
840.680000	0.540023	-1.135140	1.372906	0.000000	0.000000
840.690000	0.540023	-1.135135	1.372907	0.000000	0.000000
840.700000	0.540022	-1.135128	1.372908	0.000000	0.000000
840.710000	0.540022	-1.135121	1.372909	0.000000	0.000000
840.720000	0.540021	-1.135112	1.372910	0.000000	0.000000
840.730000	0.540020	-1.135104	1.372911	0.000000	0.000000
840.740000	0.540018	-1.135094	1.372912	0.000000	0.000000
840.750000	0.540017	-1.135085	1.372913	0.000000	0.000000
840.760000	0.540016	-1.135076	1.372914	0.000000	0.000000
840.770000	0.540014	-1.135069	1.372915	0.000000	0.000000
840.780000	0.540014	-1.135062	1.372916	0.000000	0.000000
840.790000	0.540012	-1.135056	1.372917	0.000000	0.000000
840.800000	0.540011	-1.135049	1.372918	0.000000	0.000000
840.810000	0.540009	-1.135042	1.372919	0.000000	0.000000
840.820000	0.540008	-1.135037	1.372920	0.000000	0.000000
840.830000	0.540008	-1.135034	1.372921	0.000000	0.000000
840.840000	0.540008	-1.135031	1.372922	0.000000	0.000000
840.850000	0.540008	-1.135030	1.372923	0.000000	0.000000
840.860000	0.540009	-1.135028	1.372924	0.000000	0.000000
840.870000	0.540010	-1.135027	1.372925	0.000000	0.000000
840.880000	0.540010	-1.135024	1.372927	0.000000	0.000000
840.890000	0.540011	-1.135019	1.372928	0.000000	0.000000
840.900000	0.540010	-1.135014	1.372929	0.000000	0.000000
840.910000	0.540010	-1.135007	1.372930	0.000000	0.000000
840.920000	0.540010	-1.135001	1.372931	0.000000	0.000000
840.930000	0.540010	-1.134995	1.372932	0.000000	0.000000
840.940000	0.540010	-1.134990	1.372933	0.000000	0.000000
840.950000	0.540010	-1.134985	1.372934	0.000000	0.000000
840.960000	0.540010	-1.134980	1.372936	0.000000	0.000000
840.970000	0.540009	-1.134975	1.372937	0.000000	0.000000
840.980000	0.540009	-1.134969	1.372938	0.000000	0.000000
840.990000	0.540008	-1.134964	1.372940	0.000000	0.000000
841.000000	0.540008	-1.134959	1.372941	0.000000	0.000000
841.010000	0.540007	-1.134954	1.372943	0.000000	0.000000
841.020000	0.540007	-1.134949	1.372944	0.000000	0.000000
841.030000	0.540007	-1.134943	1.372946	0.000000	0.000000
841.040000	0.540006	-1.134938	1.372948	0.000000	0.000000
841.050000	0.540005	-1.134932	1.372949	0.000000	0.000000
841.060000	0.540005	-1.134927	1.372951	0.000000	0.000000
841.070000	0.540004	-1.134921	1.372952	0.000000	0.000000
841.080000	0.540003	-1.134914	1.372954	0.000000	0.000000
841.090000	0.540002	-1.134906	1.372956	0.000000	0.000000
841.100000	0.540001	-1.134897	1.372957	0.000000	0.000000
841.110000	0.540000	-1.134889	1.372959	0.000000	0.000000
841.120000	0.539998	-1.134880	1.372961	0.000000	0.000000
841.130000	0.539997	-1.134873	1.372962	0.000000	0.000000
841.140000	0.539997	-1.134869	1.372964	0.000000	0.000000
841.150000	0.539998	-1.134866	1.372966	0.000000	0.000000
841.160000	0.539999	-1.134865	1.372967	0.000000	0.000000
841.170000	0.540001	-1.134863	1.372969	0.000000	0.000000
841.180000	0.540002	-1.134860	1.372971	0.000000	0.000000
841.190000	0.540003	-1.134854	1.372972	0.000000	0.000000
841.200000	0.540003	-1.134847	1.372974	0.000000	0.000000
841.210000	0.540003	-1.134839	1.372976	0.000000	0.000000
841.220000	0.540003	-1.134832	1.372977	0.000000	0.000000
841.230000	0.540003	-1.134824	1.372979	0.000000	0.000000
841.240000	0.540003	-1.134817	1.372980	0.000000	0.000000
841.250000	0.540003	-1.134811	1.372982	0.000000	0.000000
841.260000	0.540003	-1.134805	1.372984	0.000000	0.000000
841.270000	0.540003	-1.134800	1.372985	0.000000	0.000000
841.280000	0.540004	-1.134793	1.372987	0.000000	0.000000
841.290000	0.540004	-1.134785	1.372989	0.000000	0.000000
841.300000	0.540003	-1.134774	1.372991	0.000000	0.000000
841.310000	0.540001	-1.134761	1.372992	0.000000	0.000000
841.320000	0.539999	-1.134747	1.372994	0.000000	0.000000
841.330000	0.539998	-1.134735	1.372996	0.000000	0.000000
841.340000	0.539997	-1.134724	1.372998	0.000000	0.000000
841.350000	0.539998	-1.134716	1.373000	0.000000	0.000000
841.360000	0.539998	-1.134709	1.373002	0.000000	0.000000
841.370000	0.539999	-1.134703	1.373004	0.000000	0.000000
841.380000	0.539999	-1.134695	1.373006	0.000000	0.000000
841.390000	0.539999	-1.134687	1.373008	0.000000	0.000000
841.400000	0.539999	-1.134679	1.373010	0.000000	0.000000
841.410000	0.539998	-1.134669	1.373012	0.000000	0.000000
841.420000	0.539998	-1.134659	1.373014	0.000000	0.000000
841.430000	0.539998	-1.134649	1.373016	0.000000	0.000000
841.440000	0.539998	-1.134641	1.373018	0.000000	0.000000
841.450000	0.539999	-1.134634	1.373021	0.000000	0.000000
841.460000	0.540000	-1.134630	1.373023	0.000000	0.000000
841.470000	0.540003	-1.134627	1.373025	0.000000	0.000000
841.480000	0.540006	-1.134625	1.373027	0.000000	0.000000
841.490000	0.540008	-1.134623	1.373029	0.000000	0.000000
841.500000	0.540011	-1.134620	1.373031	0.000000	0.000000
841.510000	0.540012	-1.134616	1.373033	0.000000	0.000000
841.520000	0.540013	-1.134610	1.373035	0.000000	0.000000
841.530000	0.540013	-1.134605	1.373037	0.000000	0.000000
841.540000	0.540014	-1.134600	1.373039	0.000000	0.000000
841.550000	0.540016	-1.134596	1.373040	0.000000	0.000000
841.560000	0.540017	-1.134593	1.373042	0.000000	0.000000
841.570000	0.540018	-1.134589	1.373044	0.000000	0.000000
841.580000	0.540019	-1.134584	1.373046	0.000000	0.000000
841.590000	0.540019	-1.134579	1.373048	0.000000	0.000000
841.600000	0.540020	-1.134573	1.373050	0.000000	0.000000
841.610000	0.540021	-1.134569	1.373053	0.000000	0.000000
841.620000	0.540023	-1.134566	1.373055	0.000000	0.000000
841.630000	0.540025	-1.134563	1.373057	0.000000	0.000000
841.640000	0.540027	-1.134559	1.373059	0.000000	0.000000
841.650000	0.540028	-1.134555	1.373061	0.000000	0.000000
841.660000	0.540028	-1.134550	1.373064	0.000000	0.000000
841.670000	0.540029	-1.134544	1.373066	0.000000	0.000000
841.680000	0.540029	-1.134537	1.373068	0.000000	0.000000
841.690000	0.540028	-1.134532	1.373071	0.000000	0.000000
841.700000	0.540027	-1.134526	1.373073	0.000000	0.000000
841.710000	0.540027	-1.134520	1.373075	0.000000	0.000000
841.720000	0.540026	-1.134515	1.373078	0.000000	0.000000
841.730000	0.540025	-1.134510	1.373080	0.000000	0.000000
841.740000	0.540024	-1.134504	1.373083	0.000000	0.000000
841.750000	0.540023	-1.134499	1.373085	0.000000	0.000000
841.760000	0.540022	-1.134492	1.373087	0.000000	0.000000
841.770000	0.540021	-1.134486	1.373090	0.000000	0.000000
841.780000	0.540020	-1.134479	1.373092	0.000000	0.000000
841.790000	0.540018	-1.134472	1.373095	0.000000	0.000000
841.800000	0.540017	-1.134465	1.373097	0.000000	0.000000
841.810000	0.540016	-1.134459	1.373099	0.000000	0.000000
841.820000	0.540015	-1.134454	1.373101	0.000000	0.000000
841.830000	0.540014	-1.134451	1.373104	0.000000	0.000000
841.840000	0.540013	-1.134448	1.373106	0.000000	0.000000
841.850000	0.540012	-1.134448	1.373108	0.000000	0.000000
841.860000	0.540011	-1.134448	1.373110	0.000000	0.000000
841.870000	0.540010	-1.134449	1.373112	0.000000	0.000000
841.880000	0.540010	-1.134450	1.373114	0.000000	0.000000
841.890000	0.540009	-1.134449	1.373117	0.000000	0.000000
841.900000	0.540008	-1.134448	1.373119	0.000000	0.000000
841.910000	0.540008	-1.134447	1.373121	0.000000	0.000000
841.920000	0.540007	-1.134446	1.373123	0.000000	0.000000
841.930000	0.540006	-1.134446	1.373125	0.000000	0.000000
841.940000	0.540005	-1.134446	1.373127	0.000000	0.000000
841.950000	0.540005	-1.134447	1.373129	0.000000	0.000000
841.960000	0.540004	-1.134447	1.373131	0.000000	0.000000
841.970000	0.540003	-1.134448	1.373133	0.000000	0.000000
841.980000	0.540003	-1.134449	1.373134	0.000000	0.000000
841.990000	0.540002	-1.134449	1.373136	0.000000	0.000000
842.000000	0.540001	-1.134449	1.373138	0.000000	0.000000
842.010000	0.540000	-1.134449	1.373140	0.000000	0.000000
842.020000	0.539999	-1.134448	1.373142	0.000000	0.000000
842.030000	0.539999	-1.134447	1.373144	0.000000	0.000000
842.040000	0.539997	-1.134444	1.373146	0.000000	0.000000
842.050000	0.539996	-1.134441	1.373148	0.000000	0.000000
842.060000	0.539994	-1.134437	1.373150	0.000000	0.000000
842.070000	0.539992	-1.134433	1.373151	0.000000	0.000000
842.080000	0.539990	-1.134428	1.373153	0.000000	0.000000
842.090000	0.539988	-1.134423	1.373155	0.000000	0.000000
842.100000	0.539987	-1.134419	1.373157	0.000000	0.000000
842.110000	0.539986	-1.134416	1.373158	0.000000	0.000000
842.120000	0.539985	-1.134414	1.373160	0.000000	0.000000
842.130000	0.539985	-1.134413	1.373162	0.000000	0.000000
842.140000	0.539986	-1.134412	1.373163	0.000000	0.000000
842.150000	0.539986	-1.134411	1.373165	0.000000	0.000000
842.160000	0.539987	-1.134410	1.373166	0.000000	0.000000
842.170000	0.539988	-1.134410	1.373168	0.000000	0.000000
842.180000	0.539989	-1.134411	1.373169	0.000000	0.000000
842.190000	0.539990	-1.134412	1.373171	0.000000	0.000000
842.200000	0.539991	-1.134413	1.373172	0.000000	0.000000
842.210000	0.539992	-1.134414	1.373174	0.000000	0.000000
842.220000	0.539993	-1.134415	1.373175	0.000000	0.000000
842.230000	0.539994	-1.134415	1.373176	0.000000	0.000000
842.240000	0.539994	-1.134415	1.373177	0.000000	0.000000
842.250000	0.539996	-1.134416	1.373179	0.000000	0.000000
842.260000	0.539996	-1.134418	1.373180	0.000000	0.000000
842.270000	0.539996	-1.134420	1.373181	0.000000	0.000000
842.280000	0.539996	-1.134422	1.373182	0.000000	0.000000
842.290000	0.539995	-1.134423	1.373184	0.000000	0.000000
842.300000	0.539995	-1.134423	1.373185	0.000000	0.000000
842.310000	0.539994	-1.134423	1.373186	0.000000	0.000000
842.320000	0.539993	-1.134423	1.373187	0.000000	0.000000
842.330000	0.539992	-1.134423	1.373188	0.000000	0.000000
842.340000	0.539991	-1.134423	1.373190	0.000000	0.000000
842.350000	0.539990	-1.134423	1.373191	0.000000	0.000000
842.360000	0.539989	-1.134422	1.373192	0.000000	0.000000
842.370000	0.539987	-1.134420	1.373193	0.000000	0.000000
842.380000	0.539986	-1.134417	1.373195	0.000000	0.000000
842.390000	0.539983	-1.134414	1.373196	0.000000	0.000000
842.400000	0.539982	-1.134411	1.373197	0.000000	0.000000
842.410000	0.539980	-1.134410	1.373199	0.000000	0.000000
842.420000	0.539979	-1.134410	1.373200	0.000000	0.000000
842.430000	0.539978	-1.134411	1.373202	0.000000	0.000000
842.440000	0.539976	-1.134413	1.373203	0.000000	0.000000
842.450000	0.539975	-1.134415	1.373204	0.000000	0.000000
842.460000	0.539974	-1.134418	1.373206	0.000000	0.000000
842.470000	0.539973	-1.134421	1.373207	0.000000	0.000000
842.480000	0.539972	-1.134423	1.373209	0.000000	0.000000
842.490000	0.539970	-1.134425	1.373210	0.000000	0.000000
842.500000	0.539969	-1.134427	1.373212	0.000000	0.000000
842.510000	0.539967	-1.134428	1.373213	0.000000	0.000000
842.520000	0.539965	-1.134429	1.373215	0.000000	0.000000
842.530000	0.539962	-1.134430	1.373217	0.000000	0.000000
842.540000	0.539959	-1.134430	1.373218	0.000000	0.000000
842.550000	0.539957	-1.134431	1.373220	0.000000	0.000000
842.560000	0.539954	-1.134433	1.373221	0.000000	0.000000
842.570000	0.539952	-1.134434	1.373223	0.000000	0.000000
842.580000	0.539949	-1.134435	1.373225	0.000000	0.000000
842.590000	0.539946	-1.134436	1.373226	0.000000	0.000000
842.600000	0.539944	-1.134436	1.373228	0.000000	0.000000
842.610000	0.539941	-1.134435	1.373230	0.000000	0.000000
842.620000	0.539939	-1.134434	1.373231	0.000000	0.000000
842.630000	0.539937	-1.134432	1.373233	0.000000	0.000000
842.640000	0.539935	-1.134431	1.373235	0.000000	0.000000
842.650000	0.539934	-1.134430	1.373237	0.000000	0.000000
842.660000	0.539932	-1.134428	1.373238	0.000000	0.000000
842.670000	0.539930	-1.134426	1.373240	0.000000	0.000000
842.680000	0.539927	-1.134423	1.373242	0.000000	0.000000
842.690000	0.539924	-1.134420	1.373244	0.000000	0.000000
842.700000	0.539921	-1.134417	1.373246	0.000000	0.000000
842.710000	0.539918	-1.134414	1.373248	0.000000	0.000000
842.720000	0.539915	-1.134411	1.373249	0.000000	0.000000
842.730000	0.539912	-1.134409	1.373251	0.000000	0.000000
842.740000	0.539909	-1.134407	1.373253	0.000000	0.000000
842.750000	0.539907	-1.134406	1.373255	0.000000	0.000000
842.760000	0.539905	-1.134404	1.373257	0.000000	0.000000
842.770000	0.539903	-1.134403	1.373259	0.000000	0.000000
842.780000	0.539900	-1.134401	1.373260	0.000000	0.000000
842.790000	0.539897	-1.134399	1.373262	0.000000	0.000000
842.800000	0.539895	-1.134397	1.373264	0.000000	0.000000
842.810000	0.539892	-1.134394	1.373266	0.000000	0.000000
842.820000	0.539890	-1.134393	1.373267	0.000000	0.000000
842.830000	0.539887	-1.134391	1.373269	0.000000	0.000000
842.840000	0.539885	-1.134391	1.373271	0.000000	0.000000
842.850000	0.539883	-1.134391	1.373273	0.000000	0.000000
842.860000	0.539881	-1.134391	1.373274	0.000000	0.000000
842.870000	0.539879	-1.134392	1.373276	0.000000	0.000000
842.880000	0.539878	-1.134392	1.373278	0.000000	0.000000
842.890000	0.539877	-1.134393	1.373280	0.000000	0.000000
842.900000	0.539876	-1.134393	1.373281	0.000000	0.000000
842.910000	0.539874	-1.134392	1.373283	0.000000	0.000000
842.920000	0.539873	-1.134391	1.373285	0.000000	0.000000
842.930000	0.539872	-1.134389	1.373287	0.000000	0.000000
842.940000	0.539870	-1.134385	1.373288	0.000000	0.000000
842.950000	0.539868	-1.134381	1.373290	0.000000	0.000000
842.960000	0.539866	-1.134377	1.373292	0.000000	0.000000
842.970000	0.539863	-1.134374	1.373293	0.000000	0.000000
842.980000	0.539862	-1.134371	1.373295	0.000000	0.000000
842.990000	0.539861	-1.134370	1.373297	0.000000	0.000000
843.000000	0.539859	-1.134371	1.373298	0.000000	0.000000
843.010000	0.539859	-1.134372	1.373300	0.000000	0.000000
843.020000	0.539857	-1.134373	1.373302	0.000000	0.000000
843.030000	0.539856	-1.134374	1.373304	0.000000	0.000000
843.040000	0.539855	-1.134375	1.373305	0.000000	0.000000
843.050000	0.539854	-1.134376	1.373307	0.000000	0.000000
843.060000	0.539853	-1.134375	1.373309	0.000000	0.000000
843.070000	0.539851	-1.134373	1.373311	0.000000	0.000000
843.080000	0.539849	-1.134370	1.373313	0.000000	0.000000
843.090000	0.539847	-1.134366	1.373315	0.000000	0.000000
843.100000	0.539844	-1.134361	1.373317	0.000000	0.000000
843.110000	0.539841	-1.134356	1.373319	0.000000	0.000000
843.120000	0.539838	-1.134351	1.373321	0.000000	0.000000
843.130000	0.539835	-1.134347	1.373323	0.000000	0.000000
843.140000	0.539833	-1.134345	1.373325	0.000000	0.000000
843.150000	0.539832	-1.134343	1.373327	0.000000	0.000000
843.160000	0.539830	-1.134342	1.373329	0.000000	0.000000
843.170000	0.539829	-1.134341	1.373331	0.000000	0.000000
843.180000	0.539828	-1.134341	1.373333	0.000000	0.000000
843.190000	0.539826	-1.134341	1.373334	0.000000	0.000000
843.200000	0.539824	-1.134340	1.373336	0.000000	0.000000
843.210000	0.539822	-1.134339	1.373338	0.000000	0.000000
843.220000	0.539820	-1.134337	1.373340	0.000000	0.000000
843.230000	0.539817	-1.134333	1.373342	0.000000	0.000000
843.240000	0.539814	-1.134330	1.373344	0.000000	0.000000
843.250000	0.539811	-1.134327	1.373346	0.000000	0.000000
843.260000	0.539808	-1.134324	1.373348	0.000000	0.000000
843.270000	0.539805	-1.134322	1.373350	0.000000	0.000000
843.280000	0.539803	-1.134320	1.373352	0.000000	0.000000
843.290000	0.539800	-1.134319	1.373354	0.000000	0.000000
843.300000	0.539798	-1.134319	1.373355	0.000000	0.000000
843.310000	0.539796	-1.134321	1.373357	0.000000	0.000000
843.320000	0.539795	-1.134323	1.373359	0.000000	0.000000
843.330000	0.539793	-1.134327	1.373361	0.000000	0.000000
843.340000	0.539792	-1.134331	1.373363	0.000000	0.000000
843.350000	0.539791	-1.134336	1.373365	0.000000	0.000000
843.360000	0.539790	-1.134340	1.373367	0.000000	0.000000
843.370000	0.539789	-1.134343	1.373368	0.000000	0.000000
843.380000	0.539787	-1.134346	1.373370	0.000000	0.000000
843.390000	0.539785	-1.134347	1.373372	0.000000	0.000000
843.400000	0.539783	-1.134347	1.373374	0.000000	0.000000
843.410000	0.539780	-1.134346	1.373376	0.000000	0.000000
843.420000	0.539777	-1.134345	1.373378	0.000000	0.000000
843.430000	0.539774	-1.134343	1.373379	0.000000	0.000000
843.440000	0.539771	-1.134343	1.373381	0.000000	0.000000
843.450000	0.539769	-1.134344	1.373383	0.000000	0.000000
843.460000	0.539768	-1.134346	1.373385	0.000000	0.000000
843.470000	0.539767	-1.134348	1.373387	0.000000	0.000000
843.480000	0.539766	-1.134351	1.373388	0.000000	0.000000
843.490000	0.539765	-1.134354	1.373390	0.000000	0.000000
843.500000	0.539764	-1.134356	1.373392	0.000000	0.000000
843.510000	0.539762	-1.134358	1.373394	0.000000	0.000000
843.520000	0.539761	-1.134358	1.373396	0.000000	0.000000
843.530000	0.539759	-1.134357	1.373397	0.000000	0.000000
843.540000	0.539757	-1.134355	1.373399	0.000000	0.000000
843.550000	0.539755	-1.134353	1.373401	0.000000	0.000000
843.560000	0.539753	-1.134351	1.373403	0.000000	0.000000
843.570000	0.539752	-1.134349	1.373405	0.000000	0.000000
843.580000	0.539750	-1.134349	1.373407	0.000000	0.000000
843.590000	0.539749	-1.134348	1.373409	0.000000	0.000000
843.600000	0.539748	-1.134349	1.373410	0.000000	0.000000
843.610000	0.539748	-1.134349	1.373412	0.000000	0.000000
843.620000	0.539748	-1.134349	1.373414	0.000000	0.000000
843.630000	0.539748	-1.134348	1.373416	0.000000	0.000000
843.640000	0.539747	-1.134347	1.373418	0.000000	0.000000
843.650000	0.539747	-1.134347	1.373420	0.000000	0.000000
843.660000	0.539747	-1.134346	1.373422	0.000000	0.000000
843.670000	0.539746	-1.134345	1.373424	0.000000	0.000000
843.680000	0.539746	-1.134343	1.373426	0.000000	0.000000
843.690000	0.539745	-1.134341	1.373428	0.000000	0.000000
843.700000	0.539744	-1.134337	1.373430	0.000000	0.000000
843.710000	0.539742	-1.134331	1.373431	0.000000	0.000000
843.720000	0.539739	-1.134323	1.373433	0.000000	0.000000
843.730000	0.539737	-1.134318	1.373435	0.000000	0.000000
843.740000	0.539737	-1.134317	1.373437	0.000000	0.000000
843.750000	0.539736	-1.134317	1.373439	0.000000	0.000000
843.760000	0.539736	-1.134318	1.373441	0.000000	0.000000
843.770000	0.539735	-1.134318	1.373442	0.000000	0.000000
843.780000	0.539734	-1.134317	1.373444	0.000000	0.000000
843.790000	0.539733	-1.134317	1.373446	0.000000	0.000000
843.800000	0.539732	-1.134316	1.373448	0.000000	0.000000
843.810000	0.539732	-1.134317	1.373450	0.000000	0.000000
843.820000	0.539732	-1.134318	1.373452	0.000000	0.000000
843.830000	0.539732	-1.134320	1.373454	0.000000	0.000000
843.840000	0.539732	-1.134321	1.373455	0.000000	0.000000
843.850000	0.539731	-1.134322	1.373457	0.000000	0.000000
843.860000	0.539731	-1.134321	1.373459	0.000000	0.000000
843.870000	0.539730	-1.134320	1.373461	0.000000	0.000000
843.880000	0.539728	-1.134320	1.373463	0.000000	0.000000
843.890000	0.539727	-1.134321	1.373465	0.000000	0.000000
843.900000	0.539727	-1.134322	1.373467	0.000000	0.000000
843.910000	0.539727	-1.134323	1.373469	0.000000	0.000000
843.920000	0.539726	-1.134324	1.373471	0.000000	0.000000
843.930000	0.539725	-1.134324	1.373473	0.000000	0.000000
843.940000	0.539723	-1.134323	1.373475	0.000000	0.000000
843.950000	0.539721	-1.134321	1.373477	0.000000	0.000000
843.960000	0.539719	-1.134320	1.373479	0.000000	0.000000
843.970000	0.539717	-1.134319	1.373481	0.000000	0.000000
843.980000	0.539715	-1.134319	1.373484	0.000000	0.000000
843.990000	0.539713	-1.134320	1.373486	0.000000	0.000000
844.000000	0.539711	-1.134321	1.373488	0.000000	0.000000
844.010000	0.539709	-1.134323	1.373490	0.000000	0.000000
844.020000	0.539707	-1.134324	1.373492	0.000000	0.000000
844.030000	0.539705	-1.134326	1.373494	0.000000	0.000000
844.040000	0.539703	-1.134327	1.373497	0.000000	0.000000
844.050000	0.539700	-1.134328	1.373499	0.000000	0.000000
844.060000	0.539698	-1.134329	1.373501	0.000000	0.000000
844.070000	0.539696	-1.134330	1.373503	0.000000	0.000000
844.080000	0.539694	-1.134332	1.373505	0.000000	0.000000
844.090000	0.539692	-1.134333	1.373507	0.000000	0.000000
844.100000	0.539691	-1.134335	1.373509	0.000000	0.000000
844.110000	0.539689	-1.134337	1.373511	0.000000	0.000000
844.120000	0.539688	-1.134339	1.373513	0.000000	0.000000
844.130000	0.539686	-1.134340	1.373515	0.000000	0.000000
844.140000	0.539684	-1.134341	1.373517	0.000000	0.000000
844.150000	0.539682	-1.134341	1.373519	0.000000	0.000000
844.160000	0.539680	-1.134340	1.373521	0.000000	0.000000
844.170000	0.539678	-1.134341	1.373523	0.000000	0.000000
844.180000	0.539677	-1.134342	1.373525	0.000000	0.000000
844.190000	0.539676	-1.134344	1.373527	0.000000	0.000000
844.200000	0.539675	-1.134347	1.373529	0.000000	0.000000
844.210000	0.539674	-1.134350	1.373530	0.000000	0.000000
844.220000	0.539673	-1.134352	1.373532	0.000000	0.000000
844.230000	0.539671	-1.134354	1.373534	0.000000	0.000000
844.240000	0.539670	-1.134356	1.373536	0.000000	0.000000
844.250000	0.539668	-1.134357	1.373538	0.000000	0.000000
844.260000	0.539667	-1.134357	1.373539	0.000000	0.000000
844.270000	0.539665	-1.134357	1.373541	0.000000	0.000000
844.280000	0.539664	-1.134358	1.373542	0.000000	0.000000
844.290000	0.539663	-1.134358	1.373544	0.000000	0.000000
844.300000	0.539662	-1.134359	1.373545	0.000000	0.000000
844.310000	0.539662	-1.134359	1.373547	0.000000	0.000000
844.320000	0.539661	-1.134359	1.373548	0.000000	0.000000
844.330000	0.539660	-1.134358	1.373549	0.000000	0.000000
844.340000	0.539659	-1.134357	1.373551	0.000000	0.000000
844.350000	0.539657	-1.134356	1.373552	0.000000	0.000000
844.360000	0.539656	-1.134354	1.373553	0.000000	0.000000
844.370000	0.539654	-1.134351	1.373554	0.000000	0.000000
844.380000	0.539652	-1.134348	1.373555	0.000000	0.000000
844.390000	0.539651	-1.134345	1.373556	0.000000	0.000000
844.400000	0.539650	-1.134344	1.373557	0.000000	0.000000
844.410000	0.539650	-1.134344	1.373558	0.000000	0.000000
844.420000	0.539649	-1.134345	1.373558	0.000000	0.000000
844.430000	0.539650	-1.134347	1.373559	0.000000	0.000000
844.440000	0.539650	-1.134348	1.373560	0.000000	0.000000
844.450000	0.539650	-1.134349	1.373560	0.000000	0.000000
844.460000	0.539650	-1.134348	1.373561	0.000000	0.000000
844.470000	0.539649	-1.134347	1.373562	0.000000	0.000000
844.480000	0.539648	-1.134345	1.373562	0.000000	0.000000
844.490000	0.539647	-1.134345	1.373563	0.000000	0.000000
844.500000	0.539646	-1.134346	1.373563	0.000000	0.000000
844.510000	0.539645	-1.134347	1.373564	0.000000	0.000000
844.520000	0.539644	-1.134348	1.373565	0.000000	0.000000
844.530000	0.539643	-1.134349	1.373565	0.000000	0.000000
844.540000	0.539642	-1.134351	1.373566	0.000000	0.000000
844.550000	0.539641	-1.134352	1.373566	0.000000	0.000000
844.560000	0.539640	-1.134354	1.373567	0.000000	0.000000
844.570000	0.539638	-1.134356	1.373567	0.000000	0.000000
844.580000	0.539637	-1.134358	1.373568	0.000000	0.000000
844.590000	0.539635	-1.134360	1.373568	0.000000	0.000000
844.600000	0.539633	-1.134361	1.373569	0.000000	0.000000
844.610000	0.539631	-1.134362	1.373569	0.000000	0.000000
844.620000	0.539629	-1.134363	1.373570	0.000000	0.000000
844.630000	0.539628	-1.134364	1.373570	0.000000	0.000000
844.640000	0.539626	-1.134365	1.373571	0.000000	0.000000
844.650000	0.539625	-1.134367	1.373571	0.000000	0.000000
844.660000	0.539624	-1.134369	1.373571	0.000000	0.000000
844.670000	0.539624	-1.134371	1.373571	0.000000	0.000000
844.680000	0.539624	-1.134374	1.373572	0.000000	0.000000
844.690000	0.539623	-1.134376	1.373572	0.000000	0.000000
844.700000	0.539622	-1.134378	1.373572	0.000000	0.000000
844.710000	0.539621	-1.134380	1.373572	0.000000	0.000000
844.720000	0.539619	-1.134381	1.373572	0.000000	0.000000
844.730000	0.539618	-1.134381	1.373572	0.000000	0.000000
844.740000	0.539616	-1.134381	1.373572	0.000000	0.000000
844.750000	0.539614	-1.134380	1.373572	0.000000	0.000000
844.760000	0.539613	-1.134381	1.373572	0.000000	0.000000
844.770000	0.539612	-1.134384	1.373572	0.000000	0.000000
844.780000	0.539612	-1.134388	1.373572	0.000000	0.000000
844.790000	0.539611	-1.134393	1.373572	0.000000	0.000000
844.800000	0.539611	-1.134398	1.373572	0.000000	0.000000
844.810000	0.539612	-1.134403	1.373572	0.000000	0.000000
844.820000	0.539612	-1.134407	1.373572	0.000000	0.000000
844.830000	0.539612	-1.134411	1.373572	0.000000	0.000000
844.840000	0.539611	-1.134414	1.373572	0.000000	0.000000
844.850000	0.539610	-1.134416	1.373573	0.000000	0.000000
844.860000	0.539609	-1.134417	1.373573	0.000000	0.000000
844.870000	0.539608	-1.134416	1.373573	0.000000	0.000000
844.880000	0.539606	-1.134416	1.373573	0.000000	0.000000
844.890000	0.539605	-1.134415	1.373573	0.000000	0.000000
844.900000	0.539604	-1.134413	1.373574	0.000000	0.000000
844.910000	0.539602	-1.134411	1.373574	0.000000	0.000000
844.920000	0.539601	-1.134408	1.373574	0.000000	0.000000
844.930000	0.539599	-1.134405	1.373575	0.000000	0.000000
844.940000	0.539597	-1.134402	1.373575	0.000000	0.000000
844.950000	0.539595	-1.134400	1.373575	0.000000	0.000000
844.960000	0.539594	-1.134399	1.373575	0.000000	0.000000
844.970000	0.539592	-1.134398	1.373576	0.000000	0.000000
844.980000	0.539592	-1.134399	1.373576	0.000000	0.000000
844.990000	0.539591	-1.134401	1.373576	0.000000	0.000000
845.000000	0.539590	-1.134403	1.373576	0.000000	0.000000
845.010000	0.539590	-1.134406	1.373576	0.000000	0.000000
845.020000	0.539590	-1.134410	1.373576	0.000000	0.000000
845.030000	0.539590	-1.134414	1.373576	0.000000	0.000000
845.040000	0.539590	-1.134418	1.373576	0.000000	0.000000
845.050000	0.539590	-1.134421	1.373576	0.000000	0.000000
845.060000	0.539590	-1.134425	1.373576	0.000000	0.000000
845.070000	0.539590	-1.134428	1.373576	0.000000	0.000000
845.080000	0.539590	-1.134432	1.373576	0.000000	0.000000
845.090000	0.539590	-1.134437	1.373575	0.000000	0.000000
845.100000	0.539590	-1.134442	1.373575	0.000000	0.000000
845.110000	0.539591	-1.134448	1.373574	0.000000	0.000000
845.120000	0.539592	-1.134454	1.373574	0.000000	0.000000
845.130000	0.539592	-1.134461	1.373573	0.000000	0.000000
845.140000	0.539593	-1.134466	1.373573	0.000000	0.000000
845.150000	0.539592	-1.134470	1.373572	0.000000	0.000000
845.160000	0.539592	-1.134474	1.373571	0.000000	0.000000
845.170000	0.539591	-1.134476	1.373571	0.000000	0.000000
845.180000	0.539590	-1.134478	1.373570	0.000000	0.000000
845.190000	0.539589	-1.134479	1.373569	0.000000	0.000000
845.200000	0.539588	-1.134480	1.373568	0.000000	0.000000
845.210000	0.539588	-1.134483	1.373567	0.000000	0.000000
845.220000	0.539588	-1.134486	1.373567	0.000000	0.000000
845.230000	0.539588	-1.134490	1.373566	0.000000	0.000000
845.240000	0.539588	-1.134493	1.373565	0.000000	0.000000
845.250000	0.539587	-1.134496	1.373564	0.000000	0.000000
845.260000	0.539587	-1.134497	1.373563	0.000000	0.000000
845.270000	0.539586	-1.134498	1.373562	0.000000	0.000000
845.280000	0.539586	-1.134498	1.373562	0.000000	0.000000
845.290000	0.539585	-1.134496	1.373561	0.000000	0.000000
845.300000	0.539583	-1.134493	1.373560	0.000000	0.000000
845.310000	0.539581	-1.134490	1.373559	0.000000	0.000000
845.320000	0.539580	-1.134488	1.373558	0.000000	0.000000
845.330000	0.539578	-1.134486	1.373557	0.000000	0.000000
845.340000	0.539578	-1.134486	1.373555	0.000000	0.000000
845.350000	0.539578	-1.134487	1.373554	0.000000	0.000000
845.360000	0.539579	-1.134490	1.373553	0.000000	0.000000
845.370000	0.539581	-1.134494	1.373552	0.000000	0.000000
845.380000	0.539584	-1.134500	1.373550	0.000000	0.000000
845.390000	0.539587	-1.134506	1.373549	0.000000	0.000000
845.400000	0.539590	-1.134514	1.373547	0.000000	0.000000
845.410000	0.539593	-1.134521	1.373545	0.000000	0.000000
845.420000	0.539597	-1.134527	1.373544	0.000000	0.000000
845.430000	0.539599	-1.134531	1.373542	0.000000	0.000000
845.440000	0.539601	-1.134533	1.373540	0.000000	0.000000
845.450000	0.539601	-1.134532	1.373538	0.000000	0.000000
845.460000	0.539601	-1.134530	1.373536	0.000000	0.000000
845.470000	0.539602	-1.134529	1.373533	0.000000	0.000000
845.480000	0.539603	-1.134530	1.373531	0.000000	0.000000
845.490000	0.539604	-1.134531	1.373529	0.000000	0.000000
845.500000	0.539605	-1.134533	1.373526	0.000000	0.000000
845.510000	0.539606	-1.134536	1.373524	0.000000	0.000000
845.520000	0.539607	-1.134541	1.373521	0.000000	0.000000
845.530000	0.539608	-1.134547	1.373519	0.000000	0.000000
845.540000	0.539610	-1.134553	1.373516	0.000000	0.000000
845.550000	0.539611	-1.134558	1.373513	0.000000	0.000000
845.560000	0.539611	-1.134559	1.373511	0.000000	0.000000
845.570000	0.539611	-1.134557	1.373508	0.000000	0.000000
845.580000	0.539609	-1.134554	1.373505	0.000000	0.000000
845.590000	0.539609	-1.134553	1.373503	0.000000	0.000000
845.600000	0.539610	-1.134554	1.373500	0.000000	0.000000
845.610000	0.539610	-1.134556	1.373497	0.000000	0.000000
845.620000	0.539611	-1.134559	1.373495	0.000000	0.000000
845.630000	0.539613	-1.134565	1.373492	0.000000	0.000000
845.640000	0.539615	-1.134573	1.373489	0.000000	0.000000
845.650000	0.539617	-1.134582	1.373487	0.000000	0.000000
845.660000	0.539619	-1.134592	1.373484	0.000000	0.000000
845.670000	0.539620	-1.134601	1.373482	0.000000	0.000000
845.680000	0.539621	-1.134609	1.373479	0.000000	0.000000
845.690000	0.539621	-1.134615	1.373477	0.000000	0.000000
845.700000	0.539621	-1.134621	1.373474	0.000000	0.000000
845.710000	0.539621	-1.134625	1.373472	0.000000	0.000000
845.720000	0.539620	-1.134628	1.373470	0.000000	0.000000
845.730000	0.539619	-1.134629	1.373467	0.000000	0.000000
845.740000	0.539618	-1.134630	1.373465	0.000000	0.000000
845.750000	0.539617	-1.134631	1.373463	0.000000	0.000000
845.760000	0.539617	-1.134633	1.373461	0.000000	0.000000
845.770000	0.539617	-1.134638	1.373458	0.000000	0.000000
845.780000	0.539618	-1.134644	1.373456	0.000000	0.000000
845.790000	0.539621	-1.134653	1.373454	0.000000	0.000000
845.800000	0.539622	-1.134662	1.373452	0.000000	0.000000
845.810000	0.539624	-1.134671	1.373450	0.000000	0.000000
845.820000	0.539626	-1.134681	1.373448	0.000000	0.000000
845.830000	0.539628	-1.134689	1.373446	0.000000	0.000000
845.840000	0.539630	-1.134697	1.373444	0.000000	0.000000
845.850000	0.539630	-1.134703	1.373442	0.000000	0.000000
845.860000	0.539631	-1.134709	1.373440	0.000000	0.000000
845.870000	0.539632	-1.134714	1.373438	0.000000	0.000000
845.880000	0.539632	-1.134718	1.373436	0.000000	0.000000
845.890000	0.539633	-1.134722	1.373434	0.000000	0.000000
845.900000	0.539634	-1.134725	1.373432	0.000000	0.000000
845.910000	0.539634	-1.134728	1.373430	0.000000	0.000000
845.920000	0.539634	-1.134732	1.373428	0.000000	0.000000
845.930000	0.539634	-1.134735	1.373426	0.000000	0.000000
845.940000	0.539634	-1.134739	1.373424	0.000000	0.000000
845.950000	0.539634	-1.134741	1.373422	0.000000	0.000000
845.960000	0.539633	-1.134743	1.373420	0.000000	0.000000
845.970000	0.539632	-1.134744	1.373418	0.000000	0.000000
845.980000	0.539631	-1.134745	1.373416	0.000000	0.000000
845.990000	0.539630	-1.134747	1.373414	0.000000	0.000000
846.000000	0.539630	-1.134751	1.373412	0.000000	0.000000
846.010000	0.539630	-1.134756	1.373410	0.000000	0.000000
846.020000	0.539631	-1.134761	1.373408	0.000000	0.000000
846.030000	0.539631	-1.134766	1.373407	0.000000	0.000000
846.040000	0.539631	-1.134771	1.373405	0.000000	0.000000
846.050000	0.539631	-1.134777	1.373403	0.000000	0.000000
846.060000	0.539631	-1.134783	1.373401	0.000000	0.000000
846.070000	0.539631	-1.134790	1.373399	0.000000	0.000000
846.080000	0.539631	-1.134797	1.373397	0.000000	0.000000
846.090000	0.539631	-1.134803	1.373395	0.000000	0.000000
846.100000	0.539631	-1.134809	1.373393	0.000000	0.000000
846.110000	0.539630	-1.134814	1.373391	0.000000	0.000000
846.120000	0.539629	-1.134819	1.373390	0.000000	0.000000
846.130000	0.539629	-1.134824	1.373388	0.000000	0.000000
846.140000	0.539628	-1.134830	1.373386	0.000000	0.000000
846.150000	0.539629	-1.134836	1.373384	0.000000	0.000000
846.160000	0.539629	-1.134843	1.373382	0.000000	0.000000
846.170000	0.539630	-1.134851	1.373380	0.000000	0.000000
846.180000	0.539630	-1.134859	1.373378	0.000000	0.000000
846.190000	0.539631	-1.134866	1.373376	0.000000	0.000000
846.200000	0.539630	-1.134871	1.373373	0.000000	0.000000
846.210000	0.539629	-1.134874	1.373371	0.000000	0.000000
846.220000	0.539628	-1.134876	1.373369	0.000000	0.000000
846.230000	0.539627	-1.134878	1.373367	0.000000	0.000000
846.240000	0.539626	-1.134880	1.373365	0.000000	0.000000
846.250000	0.539626	-1.134884	1.373363	0.000000	0.000000
846.260000	0.539627	-1.134890	1.373361	0.000000	0.000000
846.270000	0.539627	-1.134896	1.373358	0.000000	0.000000
846.280000	0.539628	-1.134902	1.373356	0.000000	0.000000
846.290000	0.539629	-1.134908	1.373354	0.000000	0.000000
846.300000	0.539630	-1.134912	1.373352	0.000000	0.000000
846.310000	0.539631	-1.134915	1.373350	0.000000	0.000000
846.320000	0.539630	-1.134917	1.373347	0.000000	0.000000
846.330000	0.539630	-1.134917	1.373345	0.000000	0.000000
846.340000	0.539629	-1.134918	1.373343	0.000000	0.000000
846.350000	0.539629	-1.134918	1.373340	0.000000	0.000000
846.360000	0.539628	-1.134921	1.373338	0.000000	0.000000
846.370000	0.539629	-1.134924	1.373335	0.000000	0.000000
846.380000	0.539630	-1.134928	1.373333	0.000000	0.000000
846.390000	0.539630	-1.134932	1.373330	0.000000	0.000000
846.400000	0.539631	-1.134936	1.373328	0.000000	0.000000
846.410000	0.539632	-1.134941	1.373325	0.000000	0.000000
846.420000	0.539633	-1.134947	1.373322	0.000000	0.000000
846.430000	0.539635	-1.134954	1.373320	0.000000	0.000000
846.440000	0.539637	-1.134962	1.373317	0.000000	0.000000
846.450000	0.539640	-1.134969	1.373315	0.000000	0.000000
846.460000	0.539642	-1.134975	1.373312	0.000000	0.000000
846.470000	0.539644	-1.134979	1.373309	0.000000	0.000000
846.480000	0.539645	-1.134982	1.373307	0.000000	0.000000
846.490000	0.539646	-1.134985	1.373304	0.000000	0.000000
846.500000	0.539648	-1.134989	1.373302	0.000000	0.000000
846.510000	0.539650	-1.134995	1.373300	0.000000	0.000000
846.520000	0.539652	-1.135001	1.373297	0.000000	0.000000
846.530000	0.539653	-1.135007	1.373295	0.000000	0.000000
846.540000	0.539654	-1.135012	1.373293	0.000000	0.000000
846.550000	0.539655	-1.135016	1.373291	0.000000	0.000000
846.560000	0.539656	-1.135018	1.373289	0.000000	0.000000
846.570000	0.539656	-1.135018	1.373286	0.000000	0.000000
846.580000	0.539656	-1.135017	1.373284	0.000000	0.000000
846.590000	0.539656	-1.135014	1.373282	0.000000	0.000000
846.600000	0.539655	-1.135010	1.373280	0.000000	0.000000
846.610000	0.539654	-1.135007	1.373278	0.000000	0.000000
846.620000	0.539654	-1.135004	1.373276	0.000000	0.000000
846.630000	0.539655	-1.135004	1.373274	0.000000	0.000000
846.640000	0.539657	-1.135006	1.373272	0.000000	0.000000
846.650000	0.539659	-1.135011	1.373270	0.000000	0.000000
846.660000	0.539661	-1.135017	1.373267	0.000000	0.000000
846.670000	0.539664	-1.135022	1.373265	0.000000	0.000000
846.680000	0.539667	-1.135027	1.373263	0.000000	0.000000
846.690000	0.539668	-1.135028	1.373261	0.000000	0.000000
846.700000	0.539668	-1.135026	1.373259	0.000000	0.000000
846.710000	0.539668	-1.135023	1.373256	0.000000	0.000000
846.720000	0.539668	-1.135023	1.373254	0.000000	0.000000
846.730000	0.539669	-1.135026	1.373252	0.000000	0.000000
846.740000	0.539671	-1.135030	1.373250	0.000000	0.000000
846.750000	0.539673	-1.135034	1.373247	0.000000	0.000000
846.760000	0.539674	-1.135037	1.373245	0.000000	0.000000
846.770000	0.539675	-1.135038	1.373243	0.000000	0.000000
846.780000	0.539675	-1.135038	1.373241	0.000000	0.000000
846.790000	0.539675	-1.135037	1.373238	0.000000	0.000000
846.800000	0.539676	-1.135036	1.373236	0.000000	0.000000
846.810000	0.539676	-1.135035	1.373234	0.000000	0.000000
846.820000	0.539676	-1.135035	1.373232	0.000000	0.000000
846.830000	0.539677	-1.135036	1.373230	0.000000	0.000000
846.840000	0.539678	-1.135036	1.373228	0.000000	0.000000
846.850000	0.539679	-1.135037	1.373226	0.000000	0.000000
846.860000	0.539680	-1.135037	1.373224	0.000000	0.000000
846.870000	0.539680	-1.135036	1.373221	0.000000	0.000000
846.880000	0.539681	-1.135034	1.373219	0.000000	0.000000
846.890000	0.539681	-1.135030	1.373217	0.000000	0.000000
846.900000	0.539680	-1.135023	1.373215	0.000000	0.000000
846.910000	0.539678	-1.135015	1.373213	0.000000	0.000000
846.920000	0.539676	-1.135007	1.373211	0.000000	0.000000
846.930000	0.539677	-1.135003	1.373209	0.000000	0.000000
846.940000	0.539678	-1.135003	1.373207	0.000000	0.000000
846.950000	0.539680	-1.135005	1.373205	0.000000	0.000000
846.960000	0.539683	-1.135010	1.373203	0.000000	0.000000
846.970000	0.539686	-1.135015	1.373201	0.000000	0.000000
846.980000	0.539689	-1.135022	1.373199	0.000000	0.000000
846.990000	0.539693	-1.135029	1.373197	0.000000	0.000000
847.000000	0.539697	-1.135036	1.373195	0.000000	0.000000
847.010000	0.539700	-1.135041	1.373192	0.000000	0.000000
847.020000	0.539701	-1.135044	1.373190	0.000000	0.000000
847.030000	0.539702	-1.135044	1.373188	0.000000	0.000000
847.040000	0.539702	-1.135042	1.373186	0.000000	0.000000
847.050000	0.539702	-1.135038	1.373184	0.000000	0.000000
847.060000	0.539701	-1.135032	1.373182	0.000000	0.000000
847.070000	0.539700	-1.135027	1.373180	0.000000	0.000000
847.080000	0.539699	-1.135024	1.373178	0.000000	0.000000
847.090000	0.539700	-1.135023	1.373176	0.000000	0.000000
847.100000	0.539700	-1.135023	1.373174	0.000000	0.000000
847.110000	0.539700	-1.135023	1.373172	0.000000	0.000000
847.120000	0.539701	-1.135024	1.373170	0.000000	0.000000
847.130000	0.539702	-1.135026	1.373169	0.000000	0.000000
847.140000	0.539702	-1.135028	1.373167	0.000000	0.000000
847.150000	0.539703	-1.135031	1.373166	0.000000	0.000000
847.160000	0.539703	-1.135035	1.373164	0.000000	0.000000
847.170000	0.539704	-1.135039	1.373163	0.000000	0.000000
847.180000	0.539704	-1.135042	1.373161	0.000000	0.000000
847.190000	0.539704	-1.135044	1.373160	0.000000	0.000000
847.200000	0.539703	-1.135045	1.373158	0.000000	0.000000
847.210000	0.539702	-1.135045	1.373157	0.000000	0.000000
847.220000	0.539701	-1.135045	1.373156	0.000000	0.000000
847.230000	0.539700	-1.135045	1.373154	0.000000	0.000000
847.240000	0.539699	-1.135046	1.373153	0.000000	0.000000
847.250000	0.539699	-1.135047	1.373152	0.000000	0.000000
847.260000	0.539698	-1.135047	1.373150	0.000000	0.000000
847.270000	0.539697	-1.135046	1.373149	0.000000	0.000000
847.280000	0.539696	-1.135046	1.373147	0.000000	0.000000
847.290000	0.539695	-1.135045	1.373146	0.000000	0.000000
847.300000	0.539694	-1.135045	1.373145	0.000000	0.000000
847.310000	0.539694	-1.135046	1.373143	0.000000	0.000000
847.320000	0.539694	-1.135049	1.373142	0.000000	0.000000
847.330000	0.539695	-1.135054	1.373141	0.000000	0.000000
847.340000	0.539696	-1.135059	1.373139	0.000000	0.000000
847.350000	0.539698	-1.135063	1.373138	0.000000	0.000000
847.360000	0.539698	-1.135066	1.373137	0.000000	0.000000
847.370000	0.539698	-1.135067	1.373136	0.000000	0.000000
847.380000	0.539697	-1.135067	1.373135	0.000000	0.000000
847.390000	0.539696	-1.135067	1.373133	0.000000	0.000000
847.400000	0.539696	-1.135068	1.373132	0.000000	0.000000
847.410000	0.539696	-1.135070	1.373131	0.000000	0.000000
847.420000	0.539697	-1.135072	1.373130	0.000000	0.000000
847.430000	0.539697	-1.135074	1.373129	0.000000	0.000000
847.440000	0.539698	-1.135075	1.373128	0.000000	0.000000
847.450000	0.539698	-1.135075	1.373127	0.000000	0.000000
847.460000	0.539697	-1.135075	1.373127	0.000000	0.000000
847.470000	0.539698	-1.135075	1.373126	0.000000	0.000000
847.480000	0.539697	-1.135074	1.373125	0.000000	0.000000
847.490000	0.539697	-1.135073	1.373124	0.000000	0.000000
847.500000	0.539697	-1.135072	1.373123	0.000000	0.000000
847.510000	0.539698	-1.135071	1.373123	0.000000	0.000000
847.520000	0.539698	-1.135070	1.373122	0.000000	0.000000
847.530000	0.539698	-1.135069	1.373121	0.000000	0.000000
847.540000	0.539698	-1.135068	1.373121	0.000000	0.000000
847.550000	0.539699	-1.135066	1.373120	0.000000	0.000000
847.560000	0.539698	-1.135064	1.373119	0.000000	0.000000
847.570000	0.539698	-1.135061	1.373119	0.000000	0.000000
847.580000	0.539698	-1.135059	1.373118	0.000000	0.000000
847.590000	0.539698	-1.135057	1.373118	0.000000	0.000000
847.600000	0.539698	-1.135056	1.373117	0.000000	0.000000
847.610000	0.539700	-1.135056	1.373117	0.000000	0.000000
847.620000	0.539701	-1.135058	1.373116	0.000000	0.000000
847.630000	0.539703	-1.135058	1.373115	0.000000	0.000000
847.640000	0.539704	-1.135058	1.373115	0.000000	0.000000
847.650000	0.539704	-1.135056	1.373114	0.000000	0.000000
847.660000	0.539705	-1.135053	1.373114	0.000000	0.000000
847.670000	0.539705	-1.135049	1.373113	0.000000	0.000000
847.680000	0.539705	-1.135045	1.373113	0.000000	0.000000
847.690000	0.539706	-1.135043	1.373112	0.000000	0.000000
847.700000	0.539707	-1.135041	1.373112	0.000000	0.000000
847.710000	0.539709	-1.135038	1.373111	0.000000	0.000000
847.720000	0.539709	-1.135034	1.373110	0.000000	0.000000
847.730000	0.539710	-1.135028	1.373110	0.000000	0.000000
847.740000	0.539710	-1.135019	1.373109	0.000000	0.000000
847.750000	0.539708	-1.135007	1.373109	0.000000	0.000000
847.760000	0.539707	-1.134997	1.373108	0.000000	0.000000
847.770000	0.539706	-1.134990	1.373108	0.000000	0.000000
847.780000	0.539706	-1.134985	1.373107	0.000000	0.000000
847.790000	0.539707	-1.134982	1.373107	0.000000	0.000000
847.800000	0.539708	-1.134979	1.373106	0.000000	0.000000
847.810000	0.539709	-1.134976	1.373106	0.000000	0.000000
847.820000	0.539710	-1.134972	1.373106	0.000000	0.000000
847.830000	0.539710	-1.134966	1.373105	0.000000	0.000000
847.840000	0.539710	-1.134960	1.373105	0.000000	0.000000
847.850000	0.539710	-1.134953	1.373105	0.000000	0.000000
847.860000	0.539710	-1.134948	1.373105	0.000000	0.000000
847.870000	0.539711	-1.134945	1.373105	0.000000	0.000000
847.880000	0.539712	-1.134944	1.373104	0.000000	0.000000
847.890000	0.539714	-1.134944	1.373104	0.000000	0.000000
847.900000	0.539716	-1.134946	1.373104	0.000000	0.000000
847.910000	0.539718	-1.134949	1.373104	0.000000	0.000000
847.920000	0.539720	-1.134952	1.373104	0.000000	0.000000
847.930000	0.539721	-1.134955	1.373104	0.000000	0.000000
847.940000	0.539723	-1.134957	1.373104	0.000000	0.000000
847.950000	0.539724	-1.134959	1.373104	0.000000	0.000000
847.960000	0.539724	-1.134960	1.373103	0.000000	0.000000
847.970000	0.539725	-1.134960	1.373103	0.000000	0.000000
847.980000	0.539725	-1.134960	1.373103	0.000000	0.000000
847.990000	0.539726	-1.134962	1.373103	0.000000	0.000000
848.000000	0.539726	-1.134963	1.373103	0.000000	0.000000
848.010000	0.539727	-1.134965	1.373103	0.000000	0.000000
848.020000	0.539727	-1.134966	1.373103	0.000000	0.000000
848.030000	0.539727	-1.134967	1.373102	0.000000	0.000000
848.040000	0.539728	-1.134968	1.373102	0.000000	0.000000
848.050000	0.539728	-1.134969	1.373102	0.000000	0.000000
848.060000	0.539728	-1.134970	1.373103	0.000000	0.000000
848.070000	0.539728	-1.134970	1.373103	0.000000	0.000000
848.080000	0.539728	-1.134970	1.373103	0.000000	0.000000
848.090000	0.539728	-1.134970	1.373103	0.000000	0.000000
848.100000	0.539727	-1.134969	1.373103	0.000000	0.000000
848.110000	0.539725	-1.134967	1.373103	0.000000	0.000000
848.120000	0.539724	-1.134964	1.373104	0.000000	0.000000
848.130000	0.539722	-1.134961	1.373104	0.000000	0.000000
848.140000	0.539720	-1.134956	1.373104	0.000000	0.000000
848.150000	0.539719	-1.134952	1.373104	0.000000	0.000000
848.160000	0.539718	-1.134948	1.373104	0.000000	0.000000
848.170000	0.539717	-1.134946	1.373104	0.000000	0.000000
848.180000	0.539718	-1.134946	1.373104	0.000000	0.000000
848.190000	0.539719	-1.134946	1.373105	0.000000	0.000000
848.200000	0.539720	-1.134946	1.373105	0.000000	0.000000
848.210000	0.539720	-1.134946	1.373104	0.000000	0.000000
848.220000	0.539719	-1.134945	1.373104	0.000000	0.000000
848.230000	0.539719	-1.134943	1.373104	0.000000	0.000000
848.240000	0.539717	-1.134941	1.373104	0.000000	0.000000
848.250000	0.539716	-1.134939	1.373104	0.000000	0.000000
848.260000	0.539715	-1.134937	1.373104	0.000000	0.000000
848.270000	0.539715	-1.134937	1.373104	0.000000	0.000000
848.280000	0.539715	-1.134939	1.373103	0.000000	0.000000
848.290000	0.539714	-1.134941	1.373103	0.000000	0.000000
848.300000	0.539715	-1.134943	1.373103	0.000000	0.000000
848.310000	0.539714	-1.134945	1.373103	0.000000	0.000000
848.320000	0.539714	-1.134947	1.373103	0.000000	0.000000
848.330000	0.539713	-1.134948	1.373103	0.000000	0.000000
848.340000	0.539712	-1.134949	1.373103	0.000000	0.000000
848.350000	0.539712	-1.134949	1.373103	0.000000	0.000000
848.360000	0.539711	-1.134950	1.373103	0.000000	0.000000
848.370000	0.539710	-1.134950	1.373104	0.000000	0.000000
848.380000	0.539710	-1.134950	1.373104	0.000000	0.000000
848.390000	0.539710	-1.134951	1.373104	0.000000	0.000000
848.400000	0.539709	-1.134951	1.373104	0.000000	0.000000
848.410000	0.539708	-1.134950	1.373105	0.000000	0.000000
848.420000	0.539708	-1.134950	1.373105	0.000000	0.000000
848.430000	0.539707	-1.134949	1.373105	0.000000	0.000000
848.440000	0.539706	-1.134948	1.373106	0.000000	0.000000
848.450000	0.539705	-1.134947	1.373106	0.000000	0.000000
848.460000	0.539705	-1.134945	1.373106	0.000000	0.000000
848.470000	0.539703	-1.134943	1.373106	0.000000	0.000000
848.480000	0.539702	-1.134940	1.373106	0.000000	0.000000
848.490000	0.539701	-1.134937	1.373107	0.000000	0.000000
848.500000	0.539699	-1.134935	1.373107	0.000000	0.000000
848.510000	0.539698	-1.134933	1.373107	0.000000	0.000000
848.520000	0.539697	-1.134932	1.373108	0.000000	0.000000
848.530000	0.539696	-1.134931	1.373108	0.000000	0.000000
848.540000	0.539694	-1.134930	1.373108	0.000000	0.000000
848.550000	0.539693	-1.134929	1.373108	0.000000	0.000000
848.560000	0.539693	-1.134930	1.373109	0.000000	0.000000
848.570000	0.539693	-1.134932	1.373109	0.000000	0.000000
848.580000	0.539694	-1.134936	1.373109	0.000000	0.000000
848.590000	0.539695	-1.134939	1.373110	0.000000	0.000000
848.600000	0.539696	-1.134942	1.373110	0.000000	0.000000
848.610000	0.539696	-1.134944	1.373111	0.000000	0.000000
848.620000	0.539696	-1.134944	1.373111	0.000000	0.000000
848.630000	0.539696	-1.134943	1.373112	0.000000	0.000000
848.640000	0.539695	-1.134940	1.373112	0.000000	0.000000
848.650000	0.539695	-1.134937	1.373113	0.000000	0.000000
848.660000	0.539694	-1.134934	1.373113	0.000000	0.000000
848.670000	0.539694	-1.134930	1.373114	0.000000	0.000000
848.680000	0.539694	-1.134927	1.373114	0.000000	0.000000
848.690000	0.539693	-1.134923	1.373115	0.000000	0.000000
848.700000	0.539692	-1.134919	1.373116	0.000000	0.000000
848.710000	0.539690	-1.134915	1.373116	0.000000	0.000000
848.720000	0.539689	-1.134910	1.373117	0.000000	0.000000
848.730000	0.539688	-1.134906	1.373117	0.000000	0.000000
848.740000	0.539688	-1.134903	1.373118	0.000000	0.000000
848.750000	0.539687	-1.134900	1.373118	0.000000	0.000000
848.760000	0.539687	-1.134898	1.373119	0.000000	0.000000
848.770000	0.539687	-1.134895	1.373119	0.000000	0.000000
848.780000	0.539687	-1.134893	1.373120	0.000000	0.000000
848.790000	0.539686	-1.134890	1.373120	0.000000	0.000000
848.800000	0.539686	-1.134887	1.373120	0.000000	0.000000
848.810000	0.539686	-1.134885	1.373121	0.000000	0.000000
848.820000	0.539686	-1.134884	1.373121	0.000000	0.000000
848.830000	0.539687	-1.134883	1.373121	0.000000	0.000000
848.840000	0.539687	-1.134882	1.373121	0.000000	0.000000
848.850000	0.539688	-1.134883	1.373121	0.000000	0.000000
848.860000	0.539689	-1.134884	1.373121	0.000000	0.000000
848.870000	0.539690	-1.134886	1.373121	0.000000	0.000000
848.880000	0.539692	-1.134890	1.373121	0.000000	0.000000
848.890000	0.539693	-1.134893	1.373121	0.000000	0.000000
848.900000	0.539694	-1.134896	1.373121	0.000000	0.000000
848.910000	0.539695	-1.134898	1.373121	0.000000	0.000000
848.920000	0.539697	-1.134900	1.373120	0.000000	0.000000
848.930000	0.539698	-1.134901	1.373120	0.000000	0.000000
848.940000	0.539698	-1.134901	1.373120	0.000000	0.000000
848.950000	0.539698	-1.134901	1.373120	0.000000	0.000000
848.960000	0.539698	-1.134900	1.373120	0.000000	0.000000
848.970000	0.539698	-1.134900	1.373120	0.000000	0.000000
848.980000	0.539698	-1.134900	1.373120	0.000000	0.000000
848.990000	0.539699	-1.134900	1.373120	0.000000	0.000000
849.000000	0.539700	-1.134900	1.373120	0.000000	0.000000
849.010000	0.539701	-1.134901	1.373120	0.000000	0.000000
849.020000	0.539702	-1.134901	1.373120	0.000000	0.000000
849.030000	0.539703	-1.134902	1.373120	0.000000	0.000000
849.040000	0.539703	-1.134902	1.373120	0.000000	0.000000
849.050000	0.539704	-1.134903	1.373120	0.000000	0.000000
849.060000	0.539704	-1.134904	1.373120	0.000000	0.000000
849.070000	0.539705	-1.134905	1.373120	0.000000	0.000000
849.080000	0.539705	-1.134907	1.373120	0.000000	0.000000
849.090000	0.539705	-1.134909	1.373120	0.000000	0.000000
849.100000	0.539705	-1.134911	1.373120	0.000000	0.000000
849.110000	0.539705	-1.134914	1.373120	0.000000	0.000000
849.120000	0.539705	-1.134917	1.373119	0.000000	0.000000
849.130000	0.539705	-1.134920	1.373119	0.000000	0.000000
849.140000	0.539704	-1.134923	1.373119	0.000000	0.000000
849.150000	0.539703	-1.134926	1.373118	0.000000	0.000000
849.160000	0.539703	-1.134931	1.373118	0.000000	0.000000
849.170000	0.539703	-1.134935	1.373117	0.000000	0.000000
849.180000	0.539704	-1.134940	1.373117	0.000000	0.000000
849.190000	0.539703	-1.134946	1.373116	0.000000	0.000000
849.200000	0.539703	-1.134951	1.373116	0.000000	0.000000
849.210000	0.539702	-1.134955	1.373115	0.000000	0.000000
849.220000	0.539701	-1.134959	1.373115	0.000000	0.000000
849.230000	0.539700	-1.134962	1.373114	0.000000	0.000000
849.240000	0.539699	-1.134964	1.373114	0.000000	0.000000
849.250000	0.539697	-1.134967	1.373114	0.000000	0.000000
849.260000	0.539696	-1.134971	1.373113	0.000000	0.000000
849.270000	0.539694	-1.134975	1.373113	0.000000	0.000000
849.280000	0.539692	-1.134978	1.373112	0.000000	0.000000
849.290000	0.539690	-1.134981	1.373112	0.000000	0.000000
849.300000	0.539688	-1.134982	1.373112	0.000000	0.000000
849.310000	0.539685	-1.134982	1.373111	0.000000	0.000000
849.320000	0.539681	-1.134980	1.373111	0.000000	0.000000
849.330000	0.539677	-1.134976	1.373110	0.000000	0.000000
849.340000	0.539673	-1.134973	1.373110	0.000000	0.000000
849.350000	0.539670	-1.134971	1.373110	0.000000	0.000000
849.360000	0.539667	-1.134971	1.373109	0.000000	0.000000
849.370000	0.539665	-1.134972	1.373109	0.000000	0.000000
849.380000	0.539663	-1.134975	1.373108	0.000000	0.000000
849.390000	0.539661	-1.134979	1.373108	0.000000	0.000000
849.400000	0.539659	-1.134984	1.373107	0.000000	0.000000
849.410000	0.539657	-1.134989	1.373106	0.000000	0.000000
849.420000	0.539656	-1.134994	1.373106	0.000000	0.000000
849.430000	0.539654	-1.134999	1.373105	0.000000	0.000000
849.440000	0.539652	-1.135004	1.373104	0.000000	0.000000
849.450000	0.539650	-1.135009	1.373104	0.000000	0.000000
849.460000	0.539648	-1.135013	1.373103	0.000000	0.000000
849.470000	0.539647	-1.135018	1.373102	0.000000	0.000000
849.480000	0.539645	-1.135023	1.373101	0.000000	0.000000
849.490000	0.539643	-1.135028	1.373100	0.000000	0.000000
849.500000	0.539641	-1.135032	1.373100	0.000000	0.000000
849.510000	0.539640	-1.135036	1.373099	0.000000	0.000000
849.520000	0.539638	-1.135039	1.373098	0.000000	0.000000
849.530000	0.539636	-1.135042	1.373097	0.000000	0.000000
849.540000	0.539635	-1.135045	1.373096	0.000000	0.000000
849.550000	0.539634	-1.135048	1.373095	0.000000	0.000000
849.560000	0.539633	-1.135052	1.373095	0.000000	0.000000
849.570000	0.539633	-1.135056	1.373094	0.000000	0.000000
849.580000	0.539633	-1.135061	1.373093	0.000000	0.000000
849.590000	0.539633	-1.135065	1.373092	0.000000	0.000000
849.600000	0.539633	-1.135067	1.373092	0.000000	0.000000
849.610000	0.539632	-1.135069	1.373091	0.000000	0.000000
849.620000	0.539632	-1.135069	1.373090	0.000000	0.000000
849.630000	0.539631	-1.135069	1.373090	0.000000	0.000000
849.640000	0.539629	-1.135068	1.373089	0.000000	0.000000
849.650000	0.539627	-1.135067	1.373088	0.000000	0.000000
849.660000	0.539625	-1.135066	1.373088	0.000000	0.000000
849.670000	0.539624	-1.135065	1.373087	0.000000	0.000000
849.680000	0.539622	-1.135065	1.373087	0.000000	0.000000
849.690000	0.539620	-1.135065	1.373086	0.000000	0.000000
849.700000	0.539619	-1.135066	1.373085	0.000000	0.000000
849.710000	0.539618	-1.135068	1.373085	0.000000	0.000000
849.720000	0.539617	-1.135069	1.373084	0.000000	0.000000
849.730000	0.539617	-1.135071	1.373084	0.000000	0.000000
849.740000	0.539616	-1.135071	1.373083	0.000000	0.000000
849.750000	0.539615	-1.135071	1.373083	0.000000	0.000000
849.760000	0.539614	-1.135071	1.373082	0.000000	0.000000
849.770000	0.539612	-1.135070	1.373081	0.000000	0.000000
849.780000	0.539611	-1.135070	1.373081	0.000000	0.000000
849.790000	0.539609	-1.135069	1.373080	0.000000	0.000000
849.800000	0.539608	-1.135069	1.373080	0.000000	0.000000
849.810000	0.539608	-1.135070	1.373079	0.000000	0.000000
849.820000	0.539608	-1.135071	1.373079	0.000000	0.000000
849.830000	0.539607	-1.135072	1.373078	0.000000	0.000000
849.840000	0.539607	-1.135073	1.373077	0.000000	0.000000
849.850000	0.539606	-1.135074	1.373077	0.000000	0.000000
849.860000	0.539605	-1.135074	1.373076	0.000000	0.000000
849.870000	0.539603	-1.135073	1.373076	0.000000	0.000000
849.880000	0.539602	-1.135072	1.373075	0.000000	0.000000
849.890000	0.539600	-1.135070	1.373075	0.000000	0.000000
849.900000	0.539598	-1.135069	1.373074	0.000000	0.000000
849.910000	0.539596	-1.135067	1.373073	0.000000	0.000000
849.920000	0.539593	-1.135064	1.373073	0.000000	0.000000
849.930000	0.539591	-1.135061	1.373072	0.000000	0.000000
849.940000	0.539589	-1.135059	1.373072	0.000000	0.000000
849.950000	0.539588	-1.135056	1.373071	0.000000	0.000000
849.960000	0.539586	-1.135056	1.373070	0.000000	0.000000
849.970000	0.539585	-1.135056	1.373069	0.000000	0.000000
849.980000	0.539585	-1.135058	1.373069	0.000000	0.000000
849.990000	0.539584	-1.135061	1.373068	0.000000	0.000000
850.000000	0.539584	-1.135064	1.373067	0.000000	0.000000
850.010000	0.539583	-1.135065	1.373066	0.000000	0.000000
850.020000	0.539583	-1.135066	1.373065	0.000000	0.000000
850.030000	0.539581	-1.135065	1.373065	0.000000	0.000000
850.040000	0.539580	-1.135063	1.373064	0.000000	0.000000
850.050000	0.539578	-1.135061	1.373063	0.000000	0.000000
850.060000	0.539576	-1.135059	1.373062	0.000000	0.000000
850.070000	0.539573	-1.135057	1.373061	0.000000	0.000000
850.080000	0.539571	-1.135055	1.373061	0.000000	0.000000
850.090000	0.539569	-1.135054	1.373060	0.000000	0.000000
850.100000	0.539567	-1.135054	1.373059	0.000000	0.000000
850.110000	0.539566	-1.135054	1.373058	0.000000	0.000000
850.120000	0.539565	-1.135054	1.373058	0.000000	0.000000
850.130000	0.539564	-1.135054	1.373057	0.000000	0.000000
850.140000	0.539563	-1.135054	1.373056	0.000000	0.000000
850.150000	0.539562	-1.135053	1.373056	0.000000	0.000000
850.160000	0.539560	-1.135051	1.373055	0.000000	0.000000
850.170000	0.539558	-1.135046	1.373054	0.000000	0.000000
850.180000	0.539556	-1.135040	1.373053	0.000000	0.000000
850.190000	0.539554	-1.135033	1.373053	0.000000	0.000000
850.200000	0.539552	-1.135026	1.373052	0.000000	0.000000
850.210000	0.539551	-1.135020	1.373051	0.000000	0.000000
850.220000	0.539549	-1.135015	1.373050	0.000000	0.000000
850.230000	0.539548	-1.135011	1.373049	0.000000	0.000000
850.240000	0.539546	-1.135008	1.373048	0.000000	0.000000
850.250000	0.539545	-1.135005	1.373047	0.000000	0.000000
850.260000	0.539544	-1.135004	1.373046	0.000000	0.000000
850.270000	0.539544	-1.135003	1.373045	0.000000	0.000000
850.280000	0.539544	-1.135002	1.373044	0.000000	0.000000
850.290000	0.539544	-1.135002	1.373043	0.000000	0.000000
850.300000	0.539543	-1.135001	1.373042	0.000000	0.000000
850.310000	0.539543	-1.135000	1.373041	0.000000	0.000000
850.320000	0.539543	-1.134999	1.373040	0.000000	0.000000
850.330000	0.539542	-1.134998	1.373039	0.000000	0.000000
850.340000	0.539542	-1.134997	1.373038	0.000000	0.000000
850.350000	0.539542	-1.134997	1.373037	0.000000	0.000000
850.360000	0.539542	-1.134996	1.373035	0.000000	0.000000
850.370000	0.539542	-1.134996	1.373034	0.000000	0.000000
850.380000	0.539541	-1.134995	1.373033	0.000000	0.000000
850.390000	0.539541	-1.134994	1.373032	0.000000	0.000000
850.400000	0.539540	-1.134992	1.373030	0.000000	0.000000
850.410000	0.539539	-1.134990	1.373029	0.000000	0.000000
850.420000	0.539538	-1.134989	1.373028	0.000000	0.000000
850.430000	0.539538	-1.134989	1.373026	0.000000	0.000000
850.440000	0.539538	-1.134990	1.373025	0.000000	0.000000
850.450000	0.539538	-1.134991	1.373023	0.000000	0.000000
850.460000	0.539538	-1.134992	1.373022	0.000000	0.000000
850.470000	0.539538	-1.134993	1.373020	0.000000	0.000000
850.480000	0.539538	-1.134994	1.373019	0.000000	0.000000
850.490000	0.539538	-1.134994	1.373017	0.000000	0.000000
850.500000	0.539537	-1.134994	1.373016	0.000000	0.000000
850.510000	0.539537	-1.134994	1.373014	0.000000	0.000000
850.520000	0.539537	-1.134995	1.373012	0.000000	0.000000
850.530000	0.539537	-1.134997	1.373011	0.000000	0.000000
850.540000	0.539537	-1.135001	1.373009	0.000000	0.000000
850.550000	0.539538	-1.135004	1.373007	0.000000	0.000000
850.560000	0.539539	-1.135007	1.373006	0.000000	0.000000
850.570000	0.539539	-1.135009	1.373004	0.000000	0.000000
850.580000	0.539539	-1.135011	1.373002	0.000000	0.000000
850.590000	0.539540	-1.135013	1.373000	0.000000	0.000000
850.600000	0.539541	-1.135017	1.372999	0.000000	0.000000
850.610000	0.539542	-1.135020	1.372997	0.000000	0.000000
850.620000	0.539542	-1.135024	1.372995	0.000000	0.000000
850.630000	0.539542	-1.135026	1.372994	0.000000	0.000000
850.640000	0.539542	-1.135028	1.372992	0.000000	0.000000
850.650000	0.539541	-1.135029	1.372990	0.000000	0.000000
850.660000	0.539540	-1.135029	1.372989	0.000000	0.000000
850.670000	0.539539	-1.135029	1.372987	0.000000	0.000000
850.680000	0.539538	-1.135031	1.372985	0.000000	0.000000
850.690000	0.539538	-1.135034	1.372984	0.000000	0.000000
850.700000	0.539538	-1.135037	1.372982	0.000000	0.000000
850.710000	0.539538	-1.135042	1.372980	0.000000	0.000000
850.720000	0.539538	-1.135046	1.372979	0.000000	0.000000
850.730000	0.539538	-1.135050	1.372977	0.000000	0.000000
850.740000	0.539538	-1.135054	1.372975	0.000000	0.000000
850.750000	0.539537	-1.135058	1.372974	0.000000	0.000000
850.760000	0.539536	-1.135063	1.372972	0.000000	0.000000
850.770000	0.539536	-1.135066	1.372970	0.000000	0.000000
850.780000	0.539534	-1.135070	1.372969	0.000000	0.000000
850.790000	0.539532	-1.135072	1.372967	0.000000	0.000000
850.800000	0.539530	-1.135075	1.372966	0.000000	0.000000
850.810000	0.539529	-1.135077	1.372964	0.000000	0.000000
850.820000	0.539527	-1.135080	1.372963	0.000000	0.000000
850.830000	0.539526	-1.135085	1.372961	0.000000	0.000000
850.840000	0.539525	-1.135089	1.372960	0.000000	0.000000
850.850000	0.539524	-1.135094	1.372958	0.000000	0.000000
850.860000	0.539522	-1.135099	1.372957	0.000000	0.000000
850.870000	0.539521	-1.135102	1.372955	0.000000	0.000000
850.880000	0.539520	-1.135104	1.372954	0.000000	0.000000
850.890000	0.539518	-1.135105	1.372953	0.000000	0.000000
850.900000	0.539516	-1.135105	1.372952	0.000000	0.000000
850.910000	0.539513	-1.135105	1.372950	0.000000	0.000000
850.920000	0.539511	-1.135104	1.372949	0.000000	0.000000
850.930000	0.539508	-1.135104	1.372948	0.000000	0.000000
850.940000	0.539506	-1.135104	1.372947	0.000000	0.000000
850.950000	0.539504	-1.135105	1.372946	0.000000	0.000000
850.960000	0.539502	-1.135107	1.372944	0.000000	0.000000
850.970000	0.539501	-1.135109	1.372943	0.000000	0.000000
850.980000	0.539499	-1.135112	1.372942	0.000000	0.000000
850.990000	0.539497	-1.135114	1.372941	0.000000	0.000000
851.000000	0.539496	-1.135117	1.372940	0.000000	0.000000
851.010000	0.539494	-1.135119	1.372938	0.000000	0.000000
851.020000	0.539492	-1.135121	1.372937	0.000000	0.000000
851.030000	0.539490	-1.135123	1.372936	0.000000	0.000000
851.040000	0.539488	-1.135124	1.372935	0.000000	0.000000
851.050000	0.539486	-1.135125	1.372933	0.000000	0.000000
851.060000	0.539484	-1.135127	1.372932	0.000000	0.000000
851.070000	0.539482	-1.135129	1.372931	0.000000	0.000000
851.080000	0.539480	-1.135132	1.372930	0.000000	0.000000
851.090000	0.539479	-1.135135	1.372928	0.000000	0.000000
851.100000	0.539477	-1.135138	1.372927	0.000000	0.000000
851.110000	0.539475	-1.135141	1.372926	0.000000	0.000000
851.120000	0.539473	-1.135143	1.372925	0.000000	0.000000
851.130000	0.539471	-1.135146	1.372924	0.000000	0.000000
851.140000	0.539469	-1.135148	1.372922	0.000000	0.000000
851.150000	0.539467	-1.135151	1.372921	0.000000	0.000000
851.160000	0.539465	-1.135155	1.372920	0.000000	0.000000
851.170000	0.539464	-1.135158	1.372919	0.000000	0.000000
851.180000	0.539462	-1.135160	1.372918	0.000000	0.000000
851.190000	0.539461	-1.135163	1.372917	0.000000	0.000000
851.200000	0.539460	-1.135166	1.372916	0.000000	0.000000
851.210000	0.539459	-1.135168	1.372915	0.000000	0.000000
851.220000	0.539457	-1.135171	1.372914	0.000000	0.000000
851.230000	0.539456	-1.135174	1.372913	0.000000	0.000000
851.240000	0.539454	-1.135176	1.372912	0.000000	0.000000
851.250000	0.539452	-1.135179	1.372911	0.000000	0.000000
851.260000	0.539451	-1.135181	1.372909	0.000000	0.000000
851.270000	0.539450	-1.135184	1.372908	0.000000	0.000000
851.280000	0.539449	-1.135186	1.372907	0.000000	0.000000
851.290000	0.539448	-1.135189	1.372906	0.000000	0.000000
851.300000	0.539448	-1.135192	1.372904	0.000000	0.000000
851.310000	0.539447	-1.135194	1.372903	0.000000	0.000000
851.320000	0.539446	-1.135197	1.372901	0.000000	0.000000
851.330000	0.539444	-1.135199	1.372900	0.000000	0.000000
851.340000	0.539443	-1.135202	1.372898	0.000000	0.000000
851.350000	0.539442	-1.135205	1.372897	0.000000	0.000000
851.360000	0.539441	-1.135209	1.372895	0.000000	0.000000
851.370000	0.539440	-1.135215	1.372894	0.000000	0.000000
851.380000	0.539440	-1.135221	1.372892	0.000000	0.000000
851.390000	0.539440	-1.135229	1.372890	0.000000	0.000000
851.400000	0.539440	-1.135236	1.372889	0.000000	0.000000
851.410000	0.539441	-1.135243	1.372887	0.000000	0.000000
851.420000	0.539441	-1.135249	1.372885	0.000000	0.000000
851.430000	0.539441	-1.135254	1.372884	0.000000	0.000000
851.440000	0.539441	-1.135258	1.372882	0.000000	0.000000
851.450000	0.539441	-1.135261	1.372880	0.000000	0.000000
851.460000	0.539441	-1.135266	1.372879	0.000000	0.000000
851.470000	0.539441	-1.135270	1.372877	0.000000	0.000000
851.480000	0.539442	-1.135275	1.372875	0.000000	0.000000
851.490000	0.539443	-1.135280	1.372873	0.000000	0.000000
851.500000	0.539444	-1.135285	1.372871	0.000000	0.000000
851.510000	0.539444	-1.135288	1.372869	0.000000	0.000000
851.520000	0.539444	-1.135291	1.372868	0.000000	0.000000
851.530000	0.539443	-1.135293	1.372866	0.000000	0.000000
851.540000	0.539442	-1.135294	1.372864	0.000000	0.000000
851.550000	0.539441	-1.135295	1.372862	0.000000	0.000000
851.560000	0.539440	-1.135297	1.372860	0.000000	0.000000
851.570000	0.539439	-1.135301	1.372857	0.000000	0.000000
851.580000	0.539440	-1.135306	1.372855	0.000000	0.000000
851.590000	0.539441	-1.135313	1.372853	0.000000	0.000000
851.600000	0.539442	-1.135320	1.372851	0.000000	0.000000
851.610000	0.539443	-1.135326	1.372849	0.000000	0.000000
851.620000	0.539444	-1.135331	1.372847	0.000000	0.000000
851.630000	0.539444	-1.135335	1.372845	0.000000	0.000000
851.640000	0.539444	-1.135338	1.372843	0.000000	0.000000
851.650000	0.539445	-1.135340	1.372841	0.000000	0.000000
851.660000	0.539445	-1.135342	1.372839	0.000000	0.000000
851.670000	0.539445	-1.135346	1.372837	0.000000	0.000000
851.680000	0.539445	-1.135350	1.372834	0.000000	0.000000
851.690000	0.539446	-1.135354	1.372832	0.000000	0.000000
851.700000	0.539446	-1.135357	1.372830	0.000000	0.000000
851.710000	0.539446	-1.135360	1.372828	0.000000	0.000000
851.720000	0.539446	-1.135361	1.372826	0.000000	0.000000
851.730000	0.539445	-1.135363	1.372824	0.000000	0.000000
851.740000	0.539444	-1.135364	1.372822	0.000000	0.000000
851.750000	0.539444	-1.135366	1.372820	0.000000	0.000000
851.760000	0.539444	-1.135366	1.372818	0.000000	0.000000
851.770000	0.539443	-1.135365	1.372815	0.000000	0.000000
851.780000	0.539442	-1.135363	1.372813	0.000000	0.000000
851.790000	0.539441	-1.135360	1.372811	0.000000	0.000000
851.800000	0.539439	-1.135357	1.372809	0.000000	0.000000
851.810000	0.539438	-1.135354	1.372807	0.000000	0.000000
851.820000	0.539437	-1.135352	1.372805	0.000000	0.000000
851.830000	0.539436	-1.135352	1.372803	0.000000	0.000000
851.840000	0.539435	-1.135353	1.372801	0.000000	0.000000
851.850000	0.539435	-1.135355	1.372799	0.000000	0.000000
851.860000	0.539435	-1.135359	1.372797	0.000000	0.000000
851.870000	0.539435	-1.135365	1.372795	0.000000	0.000000
851.880000	0.539437	-1.135372	1.372793	0.000000	0.000000
851.890000	0.539438	-1.135380	1.372791	0.000000	0.000000
851.900000	0.539439	-1.135389	1.372789	0.000000	0.000000
851.910000	0.539440	-1.135397	1.372788	0.000000	0.000000
851.920000	0.539441	-1.135404	1.372786	0.000000	0.000000
851.930000	0.539442	-1.135411	1.372784	0.000000	0.000000
851.940000	0.539442	-1.135415	1.372782	0.000000	0.000000
851.950000	0.539441	-1.135418	1.372780	0.000000	0.000000
851.960000	0.539441	-1.135419	1.372779	0.000000	0.000000
851.970000	0.539440	-1.135419	1.372777	0.000000	0.000000
851.980000	0.539440	-1.135420	1.372775	0.000000	0.000000
851.990000	0.539440	-1.135422	1.372774	0.000000	0.000000
852.000000	0.539440	-1.135422	1.372772	0.000000	0.000000
852.010000	0.539440	-1.135422	1.372771	0.000000	0.000000
852.020000	0.539440	-1.135419	1.372769	0.000000	0.000000
852.030000	0.539440	-1.135416	1.372768	0.000000	0.000000
852.040000	0.539440	-1.135415	1.372766	0.000000	0.000000
852.050000	0.539441	-1.135414	1.372765	0.000000	0.000000
852.060000	0.539442	-1.135414	1.372764	0.000000	0.000000
852.070000	0.539443	-1.135413	1.372763	0.000000	0.000000
852.080000	0.539444	-1.135414	1.372762	0.000000	0.000000
852.090000	0.539446	-1.135415	1.372761	0.000000	0.000000
852.100000	0.539449	-1.135418	1.372760	0.000000	0.000000
852.110000	0.539451	-1.135421	1.372759	0.000000	0.000000
852.120000	0.539453	-1.135425	1.372758	0.000000	0.000000
852.130000	0.539456	-1.135428	1.372757	0.000000	0.000000
852.140000	0.539458	-1.135431	1.372757	0.000000	0.000000
852.150000	0.539460	-1.135432	1.372756	0.000000	0.000000
852.160000	0.539461	-1.135433	1.372755	0.000000	0.000000
852.170000	0.539462	-1.135432	1.372755	0.000000	0.000000
852.180000	0.539463	-1.135430	1.372754	0.000000	0.000000
852.190000	0.539463	-1.135427	1.372753	0.000000	0.000000
852.200000	0.539464	-1.135425	1.372753	0.000000	0.000000
852.210000	0.539464	-1.135422	1.372752	0.000000	0.000000
852.220000	0.539465	-1.135420	1.372752	0.000000	0.000000
852.230000	0.539467	-1.135419	1.372751	0.000000	0.000000
852.240000	0.539468	-1.135418	1.372751	0.000000	0.000000
852.250000	0.539470	-1.135417	1.372750	0.000000	0.000000
852.260000	0.539471	-1.135416	1.372750	0.000000	0.000000
852.270000	0.539472	-1.135416	1.372750	0.000000	0.000000
852.280000	0.539474	-1.135417	1.372749	0.000000	0.000000
852.290000	0.539476	-1.135417	1.372749	0.000000	0.000000
852.300000	0.539478	-1.135419	1.372748	0.000000	0.000000
852.310000	0.539480	-1.135420	1.372748	0.000000	0.000000
852.320000	0.539481	-1.135420	1.372747	0.000000	0.000000
852.330000	0.539482	-1.135421	1.372747	0.000000	0.000000
852.340000	0.539483	-1.135422	1.372747	0.000000	0.000000
852.350000	0.539484	-1.135423	1.372746	0.000000	0.000000
852.360000	0.539485	-1.135423	1.372746	0.000000	0.000000
852.370000	0.539486	-1.135424	1.372746	0.000000	0.000000
852.380000	0.539487	-1.135424	1.372746	0.000000	0.000000
852.390000	0.539487	-1.135424	1.372745	0.000000	0.000000
852.400000	0.539488	-1.135423	1.372745	0.000000	0.000000
852.410000	0.539489	-1.135423	1.372745	0.000000	0.000000
852.420000	0.539489	-1.135422	1.372745	0.000000	0.000000
852.430000	0.539490	-1.135422	1.372745	0.000000	0.000000
852.440000	0.539490	-1.135421	1.372745	0.000000	0.000000
852.450000	0.539490	-1.135420	1.372745	0.000000	0.000000
852.460000	0.539490	-1.135420	1.372745	0.000000	0.000000
852.470000	0.539490	-1.135420	1.372745	0.000000	0.000000
852.480000	0.539489	-1.135420	1.372745	0.000000	0.000000
852.490000	0.539489	-1.135420	1.372745	0.000000	0.000000
852.500000	0.539489	-1.135420	1.372745	0.000000	0.000000
852.510000	0.539489	-1.135420	1.372745	0.000000	0.000000
852.520000	0.539488	-1.135419	1.372745	0.000000	0.000000
852.530000	0.539487	-1.135418	1.372745	0.000000	0.000000
852.540000	0.539486	-1.135417	1.372744	0.000000	0.000000
852.550000	0.539485	-1.135416	1.372744	0.000000	0.000000
852.560000	0.539485	-1.135415	1.372744	0.000000	0.000000
852.570000	0.539484	-1.135415	1.372744	0.000000	0.000000
852.580000	0.539484	-1.135415	1.372744	0.000000	0.000000
852.590000	0.539483	-1.135416	1.372744	0.000000	0.000000
852.600000	0.539483	-1.135417	1.372744	0.000000	0.000000
852.610000	0.539483	-1.135418	1.372744	0.000000	0.000000
852.620000	0.539482	-1.135420	1.372744	0.000000	0.000000
852.630000	0.539481	-1.135422	1.372744	0.000000	0.000000
852.640000	0.539480	-1.135423	1.372744	0.000000	0.000000
852.650000	0.539479	-1.135425	1.372745	0.000000	0.000000
852.660000	0.539478	-1.135426	1.372745	0.000000	0.000000
852.670000	0.539477	-1.135428	1.372745	0.000000	0.000000
852.680000	0.539477	-1.135431	1.372745	0.000000	0.000000
852.690000	0.539477	-1.135434	1.372745	0.000000	0.000000
852.700000	0.539477	-1.135437	1.372745	0.000000	0.000000
852.710000	0.539476	-1.135440	1.372746	0.000000	0.000000
852.720000	0.539476	-1.135442	1.372746	0.000000	0.000000
852.730000	0.539475	-1.135443	1.372746	0.000000	0.000000
852.740000	0.539473	-1.135442	1.372746	0.000000	0.000000
852.750000	0.539471	-1.135441	1.372747	0.000000	0.000000
852.760000	0.539469	-1.135440	1.372747	0.000000	0.000000
852.770000	0.539467	-1.135440	1.372747	0.000000	0.000000
852.780000	0.539466	-1.135440	1.372747	0.000000	0.000000
852.790000	0.539464	-1.135440	1.372748	0.000000	0.000000
852.800000	0.539463	-1.135440	1.372748	0.000000	0.000000
852.810000	0.539460	-1.135439	1.372748	0.000000	0.000000
852.820000	0.539458	-1.135438	1.372748	0.000000	0.000000
852.830000	0.539456	-1.135436	1.372749	0.000000	0.000000
852.840000	0.539453	-1.135434	1.372749	0.000000	0.000000
852.850000	0.539450	-1.135432	1.372749	0.000000	0.000000
852.860000	0.539448	-1.135431	1.372749	0.000000	0.000000
852.870000	0.539446	-1.135429	1.372749	0.000000	0.000000
852.880000	0.539444	-1.135428	1.372749	0.000000	0.000000
852.890000	0.539443	-1.135428	1.372750	0.000000	0.000000
852.900000	0.539442	-1.135429	1.372750	0.000000	0.000000
852.910000	0.539442	-1.135432	1.372750	0.000000	0.000000
852.920000	0.539442	-1.135435	1.372750	0.000000	0.000000
852.930000	0.539442	-1.135439	1.372750	0.000000	0.000000
852.940000	0.539442	-1.135442	1.372750	0.000000	0.000000
852.950000	0.539442	-1.135446	1.372750	0.000000	0.000000
852.960000	0.539441	-1.135449	1.372750	0.000000	0.000000
852.970000	0.539441	-1.135452	1.372751	0.000000	0.000000
852.980000	0.539441	-1.135455	1.372751	0.000000	0.000000
852.990000	0.539441	-1.135458	1.372751	0.000000	0.000000
853.000000	0.539441	-1.135461	1.372751	0.000000	0.000000
853.010000	0.539441	-1.135464	1.372751	0.000000	0.000000
853.020000	0.539440	-1.135465	1.372751	0.000000	0.000000
853.030000	0.539439	-1.135466	1.372752	0.000000	0.000000
853.040000	0.539438	-1.135467	1.372752	0.000000	0.000000
853.050000	0.539437	-1.135468	1.372752	0.000000	0.000000
853.060000	0.539436	-1.135469	1.372752	0.000000	0.000000
853.070000	0.539434	-1.135469	1.372752	0.000000	0.000000
853.080000	0.539433	-1.135470	1.372752	0.000000	0.000000
853.090000	0.539431	-1.135471	1.372753	0.000000	0.000000
853.100000	0.539430	-1.135471	1.372753	0.000000	0.000000
853.110000	0.539429	-1.135470	1.372753	0.000000	0.000000
853.120000	0.539428	-1.135469	1.372753	0.000000	0.000000
853.130000	0.539427	-1.135468	1.372753	0.000000	0.000000
853.140000	0.539426	-1.135468	1.372754	0.000000	0.000000
853.150000	0.539425	-1.135467	1.372754	0.000000	0.000000
853.160000	0.539424	-1.135468	1.372754	0.000000	0.000000
853.170000	0.539424	-1.135469	1.372754	0.000000	0.000000
853.180000	0.539424	-1.135470	1.372754	0.000000	0.000000
853.190000	0.539424	-1.135471	1.372755	0.000000	0.000000
853.200000	0.539424	-1.135471	1.372755	0.000000	0.000000
853.210000	0.539424	-1.135470	1.372755	0.000000	0.000000
853.220000	0.539423	-1.135468	1.372756	0.000000	0.000000
853.230000	0.539422	-1.135465	1.372756	0.000000	0.000000
853.240000	0.539421	-1.135461	1.372756	0.000000	0.000000
853.250000	0.539420	-1.135459	1.372757	0.000000	0.000000
853.260000	0.539419	-1.135457	1.372757	0.000000	0.000000
853.270000	0.539418	-1.135456	1.372757	0.000000	0.000000
853.280000	0.539417	-1.135455	1.372758	0.000000	0.000000
853.290000	0.539416	-1.135454	1.372758	0.000000	0.000000
853.300000	0.539416	-1.135453	1.372759	0.000000	0.000000
853.310000	0.539416	-1.135454	1.372759	0.000000	0.000000
853.320000	0.539416	-1.135454	1.372760	0.000000	0.000000
853.330000	0.539417	-1.135456	1.372760	0.000000	0.000000
853.340000	0.539417	-1.135458	1.372760	0.000000	0.000000
853.350000	0.539418	-1.135460	1.372761	0.000000	0.000000
853.360000	0.539418	-1.135461	1.372761	0.000000	0.000000
853.370000	0.539419	-1.135462	1.372762	0.000000	0.000000
853.380000	0.539419	-1.135463	1.372762	0.000000	0.000000
853.390000	0.539419	-1.135463	1.372763	0.000000	0.000000
853.400000	0.539418	-1.135462	1.372763	0.000000	0.000000
853.410000	0.539417	-1.135461	1.372763	0.000000	0.000000
853.420000	0.539416	-1.135460	1.372764	0.000000	0.000000
853.430000	0.539415	-1.135460	1.372764	0.000000	0.000000
853.440000	0.539415	-1.135461	1.372764	0.000000	0.000000
853.450000	0.539414	-1.135461	1.372765	0.000000	0.000000
853.460000	0.539414	-1.135462	1.372765	0.000000	0.000000
853.470000	0.539413	-1.135462	1.372766	0.000000	0.000000
853.480000	0.539412	-1.135461	1.372766	0.000000	0.000000
853.490000	0.539411	-1.135459	1.372766	0.000000	0.000000
853.500000	0.539409	-1.135456	1.372767	0.000000	0.000000
853.510000	0.539407	-1.135452	1.372767	0.000000	0.000000
853.520000	0.539404	-1.135448	1.372768	0.000000	0.000000
853.530000	0.539402	-1.135444	1.372768	0.000000	0.000000
853.540000	0.539400	-1.135441	1.372768	0.000000	0.000000
853.550000	0.539399	-1.135438	1.372768	0.000000	0.000000
853.560000	0.539397	-1.135435	1.372769	0.000000	0.000000
853.570000	0.539396	-1.135433	1.372769	0.000000	0.000000
853.580000	0.539394	-1.135430	1.372769	0.000000	0.000000
853.590000	0.539393	-1.135427	1.372770	0.000000	0.000000
853.600000	0.539392	-1.135423	1.372770	0.000000	0.000000
853.610000	0.539390	-1.135420	1.372770	0.000000	0.000000
853.620000	0.539388	-1.135417	1.372770	0.000000	0.000000
853.630000	0.539387	-1.135415	1.372770	0.000000	0.000000
853.640000	0.539386	-1.135414	1.372771	0.000000	0.000000
853.650000	0.539386	-1.135414	1.372771	0.000000	0.000000
853.660000	0.539385	-1.135415	1.372771	0.000000	0.000000
853.670000	0.539385	-1.135416	1.372771	0.000000	0.000000
853.680000	0.539386	-1.135417	1.372771	0.000000	0.000000
853.690000	0.539386	-1.135418	1.372772	0.000000	0.000000
853.700000	0.539385	-1.135418	1.372772	0.000000	0.000000
853.710000	0.539384	-1.135418	1.372772	0.000000	0.000000
853.720000	0.539383	-1.135416	1.372772	0.000000	0.000000
853.730000	0.539382	-1.135415	1.372772	0.000000	0.000000
853.740000	0.539381	-1.135414	1.372773	0.000000	0.000000
853.750000	0.539379	-1.135412	1.372773	0.000000	0.000000
853.760000	0.539378	-1.135410	1.372773	0.000000	0.000000
853.770000	0.539377	-1.135408	1.372773	0.000000	0.000000
853.780000	0.539376	-1.135406	1.372774	0.000000	0.000000
853.790000	0.539376	-1.135405	1.372774	0.000000	0.000000
853.800000	0.539375	-1.135402	1.372774	0.000000	0.000000
853.810000	0.539374	-1.135400	1.372775	0.000000	0.000000
853.820000	0.539372	-1.135396	1.372775	0.000000	0.000000
853.830000	0.539371	-1.135393	1.372775	0.000000	0.000000
853.840000	0.539369	-1.135389	1.372776	0.000000	0.000000
853.850000	0.539368	-1.135386	1.372776	0.000000	0.000000
853.860000	0.539367	-1.135382	1.372776	0.000000	0.000000
853.870000	0.539366	-1.135378	1.372776	0.000000	0.000000
853.880000	0.539365	-1.135375	1.372777	0.000000	0.000000
853.890000	0.539364	-1.135372	1.372777	0.000000	0.000000
853.900000	0.539363	-1.135369	1.372777	0.000000	0.000000
853.910000	0.539363	-1.135368	1.372777	0.000000	0.000000
853.920000	0.539363	-1.135367	1.372777	0.000000	0.000000
853.930000	0.539363	-1.135367	1.372777	0.000000	0.000000
853.940000	0.539363	-1.135367	1.372777	0.000000	0.000000
853.950000	0.539363	-1.135366	1.372776	0.000000	0.000000
853.960000	0.539362	-1.135365	1.372776	0.000000	0.000000
853.970000	0.539362	-1.135365	1.372776	0.000000	0.000000
853.980000	0.539362	-1.135365	1.372775	0.000000	0.000000
853.990000	0.539362	-1.135366	1.372775	0.000000	0.000000
854.000000	0.539361	-1.135368	1.372774	0.000000	0.000000
854.010000	0.539361	-1.135370	1.372774	0.000000	0.000000
854.020000	0.539361	-1.135371	1.372773	0.000000	0.000000
854.030000	0.539361	-1.135372	1.372773	0.000000	0.000000
854.040000	0.539361	-1.135373	1.372772	0.000000	0.000000
854.050000	0.539362	-1.135373	1.372771	0.000000	0.000000
854.060000	0.539362	-1.135374	1.372771	0.000000	0.000000
854.070000	0.539362	-1.135374	1.372770	0.000000	0.000000
854.080000	0.539363	-1.135374	1.372769	0.000000	0.000000
854.090000	0.539363	-1.135374	1.372768	0.000000	0.000000
854.100000	0.539363	-1.135374	1.372767	0.000000	0.000000
854.110000	0.539364	-1.135374	1.372767	0.000000	0.000000
854.120000	0.539364	-1.135374	1.372766	0.000000	0.000000
854.130000	0.539364	-1.135373	1.372765	0.000000	0.000000
854.140000	0.539364	-1.135372	1.372764	0.000000	0.000000
854.150000	0.539364	-1.135371	1.372763	0.000000	0.000000
854.160000	0.539364	-1.135371	1.372762	0.000000	0.000000
854.170000	0.539365	-1.135373	1.372762	0.000000	0.000000
854.180000	0.539365	-1.135376	1.372761	0.000000	0.000000
854.190000	0.539365	-1.135379	1.372760	0.000000	0.000000
854.200000	0.539366	-1.135383	1.372759	0.000000	0.000000
854.210000	0.539366	-1.135388	1.372758	0.000000	0.000000
854.220000	0.539367	-1.135394	1.372757	0.000000	0.000000
854.230000	0.539368	-1.135400	1.372756	0.000000	0.000000
854.240000	0.539368	-1.135405	1.372755	0.000000	0.000000
854.250000	0.539369	-1.135409	1.372755	0.000000	0.000000
854.260000	0.539369	-1.135412	1.372754	0.000000	0.000000
854.270000	0.539369	-1.135414	1.372753	0.000000	0.000000
854.280000	0.539368	-1.135415	1.372752	0.000000	0.000000
854.290000	0.539367	-1.135415	1.372751	0.000000	0.000000
854.300000	0.539366	-1.135416	1.372750	0.000000	0.000000
854.310000	0.539366	-1.135416	1.372749	0.000000	0.000000
854.320000	0.539366	-1.135417	1.372748	0.000000	0.000000
854.330000	0.539366	-1.135417	1.372747	0.000000	0.000000
854.340000	0.539366	-1.135418	1.372746	0.000000	0.000000
854.350000	0.539367	-1.135419	1.372745	0.000000	0.000000
854.360000	0.539367	-1.135420	1.372744	0.000000	0.000000
854.370000	0.539368	-1.135422	1.372743	0.000000	0.000000
854.380000	0.539368	-1.135423	1.372742	0.000000	0.000000
854.390000	0.539368	-1.135423	1.372741	0.000000	0.000000
854.400000	0.539367	-1.135423	1.372740	0.000000	0.000000
854.410000	0.539366	-1.135422	1.372739	0.000000	0.000000
854.420000	0.539365	-1.135422	1.372738	0.000000	0.000000
854.430000	0.539364	-1.135424	1.372738	0.000000	0.000000
854.440000	0.539363	-1.135427	1.372737	0.000000	0.000000
854.450000	0.539363	-1.135431	1.372736	0.000000	0.000000
854.460000	0.539362	-1.135437	1.372735	0.000000	0.000000
854.470000	0.539362	-1.135443	1.372734	0.000000	0.000000
854.480000	0.539362	-1.135450	1.372733	0.000000	0.000000
854.490000	0.539361	-1.135457	1.372733	0.000000	0.000000
854.500000	0.539361	-1.135464	1.372732	0.000000	0.000000
854.510000	0.539360	-1.135470	1.372731	0.000000	0.000000
854.520000	0.539359	-1.135475	1.372730	0.000000	0.000000
854.530000	0.539358	-1.135479	1.372730	0.000000	0.000000
854.540000	0.539356	-1.135481	1.372729	0.000000	0.000000
854.550000	0.539354	-1.135484	1.372728	0.000000	0.000000
854.560000	0.539352	-1.135487	1.372728	0.000000	0.000000
854.570000	0.539351	-1.135492	1.372727	0.000000	0.000000
854.580000	0.539350	-1.135498	1.372727	0.000000	0.000000
854.590000	0.539349	-1.135504	1.372727	0.000000	0.000000
854.600000	0.539348	-1.135508	1.372726	0.000000	0.000000
854.610000	0.539347	-1.135512	1.372726	0.000000	0.000000
854.620000	0.539345	-1.135515	1.372726	0.000000	0.000000
854.630000	0.539343	-1.135517	1.372726	0.000000	0.000000
854.640000	0.539341	-1.135519	1.372726	0.000000	0.000000
854.650000	0.539340	-1.135521	1.372726	0.000000	0.000000
854.660000	0.539338	-1.135523	1.372726	0.000000	0.000000
854.670000	0.539337	-1.135524	1.372726	0.000000	0.000000
854.680000	0.539335	-1.135525	1.372726	0.000000	0.000000
854.690000	0.539333	-1.135526	1.372726	0.000000	0.000000
854.700000	0.539331	-1.135526	1.372726	0.000000	0.000000
854.710000	0.539330	-1.135526	1.372726	0.000000	0.000000
854.720000	0.539328	-1.135526	1.372726	0.000000	0.000000
854.730000	0.539326	-1.135526	1.372726	0.000000	0.000000
854.740000	0.539324	-1.135526	1.372726	0.000000	0.000000
854.750000	0.539323	-1.135527	1.372727	0.000000	0.000000
854.760000	0.539322	-1.135529	1.372727	0.000000	0.000000
854.770000	0.539321	-1.135531	1.372727	0.000000	0.000000
854.780000	0.539320	-1.135533	1.372727	0.000000	0.000000
854.790000	0.539319	-1.135535	1.372727	0.000000	0.000000
854.800000	0.539318	-1.135536	1.372727	0.000000	0.000000
854.810000	0.539317	-1.135538	1.372727	0.000000	0.000000
854.820000	0.539316	-1.135540	1.372727	0.000000	0.000000
854.830000	0.539315	-1.135541	1.372727	0.000000	0.000000
854.840000	0.539314	-1.135543	1.372727	0.000000	0.000000
854.850000	0.539312	-1.135545	1.372727	0.000000	0.000000
854.860000	0.539311	-1.135548	1.372728	0.000000	0.000000
854.870000	0.539311	-1.135550	1.372728	0.000000	0.000000
854.880000	0.539310	-1.135553	1.372728	0.000000	0.000000
854.890000	0.539309	-1.135556	1.372728	0.000000	0.000000
854.900000	0.539307	-1.135558	1.372728	0.000000	0.000000
854.910000	0.539305	-1.135558	1.372728	0.000000	0.000000
854.920000	0.539303	-1.135558	1.372728	0.000000	0.000000
854.930000	0.539301	-1.135558	1.372728	0.000000	0.000000
854.940000	0.539299	-1.135559	1.372728	0.000000	0.000000
854.950000	0.539298	-1.135561	1.372728	0.000000	0.000000
854.960000	0.539296	-1.135562	1.372729	0.000000	0.000000
854.970000	0.539294	-1.135565	1.372729	0.000000	0.000000
854.980000	0.539292	-1.135567	1.372729	0.000000	0.000000
854.990000	0.539291	-1.135569	1.372729	0.000000	0.000000
855.000000	0.539289	-1.135572	1.372729	0.000000	0.000000
855.010000	0.539288	-1.135575	1.372729	0.000000	0.000000
855.020000	0.539286	-1.135578	1.372730	0.000000	0.000000
855.030000	0.539284	-1.135582	1.372730	0.000000	0.000000
855.040000	0.539282	-1.135585	1.372730	0.000000	0.000000
855.050000	0.539281	-1.135587	1.372730	0.000000	0.000000
855.060000	0.539279	-1.135589	1.372730	0.000000	0.000000
855.070000	0.539276	-1.135590	1.372730	0.000000	0.000000
855.080000	0.539273	-1.135590	1.372730	0.000000	0.000000
855.090000	0.539271	-1.135590	1.372731	0.000000	0.000000
855.100000	0.539268	-1.135590	1.372731	0.000000	0.000000
855.110000	0.539265	-1.135591	1.372731	0.000000	0.000000
855.120000	0.539263	-1.135593	1.372731	0.000000	0.000000
855.130000	0.539261	-1.135595	1.372731	0.000000	0.000000
855.140000	0.539259	-1.135598	1.372731	0.000000	0.000000
855.150000	0.539257	-1.135601	1.372731	0.000000	0.000000
855.160000	0.539255	-1.135603	1.372731	0.000000	0.000000
855.170000	0.539253	-1.135605	1.372731	0.000000	0.000000
855.180000	0.539251	-1.135606	1.372731	0.000000	0.000000
855.190000	0.539248	-1.135606	1.372730	0.000000	0.000000
855.200000	0.539246	-1.135606	1.372730	0.000000	0.000000
855.210000	0.539243	-1.135607	1.372730	0.000000	0.000000
855.220000	0.539241	-1.135607	1.372730	0.000000	0.000000
855.230000	0.539239	-1.135607	1.372730	0.000000	0.000000
855.240000	0.539236	-1.135607	1.372729	0.000000	0.000000
855.250000	0.539234	-1.135607	1.372729	0.000000	0.000000
855.260000	0.539231	-1.135607	1.372729	0.000000	0.000000
855.270000	0.539229	-1.135608	1.372728	0.000000	0.000000
855.280000	0.539226	-1.135609	1.372728	0.000000	0.000000
855.290000	0.539224	-1.135611	1.372727	0.000000	0.000000
855.300000	0.539223	-1.135614	1.372726	0.000000	0.000000
855.310000	0.539221	-1.135619	1.372726	0.000000	0.000000
855.320000	0.539220	-1.135623	1.372725	0.000000	0.000000
855.330000	0.539219	-1.135629	1.372724	0.000000	0.000000
855.340000	0.539218	-1.135634	1.372723	0.000000	0.000000
855.350000	0.539217	-1.135640	1.372722	0.000000	0.000000
855.360000	0.539216	-1.135646	1.372721	0.000000	0.000000
855.370000	0.539216	-1.135653	1.372720	0.000000	0.000000
855.380000	0.539215	-1.135660	1.372719	0.000000	0.000000
855.390000	0.539215	-1.135668	1.372717	0.000000	0.000000
855.400000	0.539215	-1.135675	1.372716	0.000000	0.000000
855.410000	0.539215	-1.135682	1.372714	0.000000	0.000000
855.420000	0.539215	-1.135689	1.372713	0.000000	0.000000
855.430000	0.539214	-1.135694	1.372711	0.000000	0.000000
855.440000	0.539212	-1.135698	1.372710	0.000000	0.000000
855.450000	0.539211	-1.135703	1.372708	0.000000	0.000000
855.460000	0.539211	-1.135709	1.372707	0.000000	0.000000
855.470000	0.539210	-1.135716	1.372705	0.000000	0.000000
855.480000	0.539210	-1.135722	1.372703	0.000000	0.000000
855.490000	0.539209	-1.135729	1.372702	0.000000	0.000000
855.500000	0.539208	-1.135736	1.372700	0.000000	0.000000
855.510000	0.539208	-1.135742	1.372699	0.000000	0.000000
855.520000	0.539207	-1.135749	1.372697	0.000000	0.000000
855.530000	0.539205	-1.135755	1.372696	0.000000	0.000000
855.540000	0.539204	-1.135761	1.372694	0.000000	0.000000
855.550000	0.539202	-1.135768	1.372693	0.000000	0.000000
855.560000	0.539201	-1.135775	1.372692	0.000000	0.000000
855.570000	0.539200	-1.135782	1.372690	0.000000	0.000000
855.580000	0.539199	-1.135788	1.372689	0.000000	0.000000
855.590000	0.539198	-1.135794	1.372688	0.000000	0.000000
855.600000	0.539197	-1.135800	1.372686	0.000000	0.000000
855.610000	0.539196	-1.135806	1.372685	0.000000	0.000000
855.620000	0.539196	-1.135811	1.372683	0.000000	0.000000
855.630000	0.539195	-1.135816	1.372682	0.000000	0.000000
855.640000	0.539195	-1.135821	1.372681	0.000000	0.000000
855.650000	0.539194	-1.135826	1.372679	0.000000	0.000000
855.660000	0.539194	-1.135830	1.372678	0.000000	0.000000
855.670000	0.539192	-1.135835	1.372677	0.000000	0.000000
855.680000	0.539191	-1.135839	1.372675	0.000000	0.000000
855.690000	0.539190	-1.135843	1.372674	0.000000	0.000000
855.700000	0.539188	-1.135847	1.372673	0.000000	0.000000
855.710000	0.539187	-1.135850	1.372671	0.000000	0.000000
855.720000	0.539186	-1.135853	1.372670	0.000000	0.000000
855.730000	0.539185	-1.135856	1.372669	0.000000	0.000000
855.740000	0.539183	-1.135859	1.372668	0.000000	0.000000
855.750000	0.539182	-1.135862	1.372666	0.000000	0.000000
855.760000	0.539182	-1.135866	1.372665	0.000000	0.000000
855.770000	0.539181	-1.135871	1.372664	0.000000	0.000000
855.780000	0.539181	-1.135875	1.372663	0.000000	0.000000
855.790000	0.539182	-1.135880	1.372662	0.000000	0.000000
855.800000	0.539181	-1.135885	1.372661	0.000000	0.000000
855.810000	0.539181	-1.135889	1.372660	0.000000	0.000000
855.820000	0.539181	-1.135892	1.372660	0.000000	0.000000
855.830000	0.539181	-1.135895	1.372659	0.000000	0.000000
855.840000	0.539180	-1.135897	1.372658	0.000000	0.000000
855.850000	0.539179	-1.135898	1.372657	0.000000	0.000000
855.860000	0.539177	-1.135898	1.372657	0.000000	0.000000
855.870000	0.539176	-1.135898	1.372656	0.000000	0.000000
855.880000	0.539175	-1.135898	1.372655	0.000000	0.000000
855.890000	0.539174	-1.135899	1.372655	0.000000	0.000000
855.900000	0.539173	-1.135901	1.372654	0.000000	0.000000
855.910000	0.539173	-1.135903	1.372653	0.000000	0.000000
855.920000	0.539172	-1.135905	1.372653	0.000000	0.000000
855.930000	0.539172	-1.135907	1.372652	0.000000	0.000000
855.940000	0.539171	-1.135909	1.372652	0.000000	0.000000
855.950000	0.539171	-1.135911	1.372651	0.000000	0.000000
855.960000	0.539170	-1.135913	1.372650	0.000000	0.000000
855.970000	0.539169	-1.135916	1.372650	0.000000	0.000000
855.980000	0.539169	-1.135919	1.372649	0.000000	0.000000
855.990000	0.539168	-1.135923	1.372648	0.000000	0.000000
856.000000	0.539168	-1.135926	1.372647	0.000000	0.000000
856.010000	0.539168	-1.135927	1.372647	0.000000	0.000000
856.020000	0.539167	-1.135928	1.372646	0.000000	0.000000
856.030000	0.539167	-1.135928	1.372645	0.000000	0.000000
856.040000	0.539167	-1.135928	1.372644	0.000000	0.000000
856.050000	0.539167	-1.135928	1.372643	0.000000	0.000000
856.060000	0.539167	-1.135927	1.372643	0.000000	0.000000
856.070000	0.539167	-1.135926	1.372642	0.000000	0.000000
856.080000	0.539167	-1.135925	1.372641	0.000000	0.000000
856.090000	0.539167	-1.135926	1.372640	0.000000	0.000000
856.100000	0.539168	-1.135927	1.372639	0.000000	0.000000
856.110000	0.539168	-1.135929	1.372638	0.000000	0.000000
856.120000	0.539169	-1.135930	1.372638	0.000000	0.000000
856.130000	0.539169	-1.135932	1.372637	0.000000	0.000000
856.140000	0.539169	-1.135936	1.372636	0.000000	0.000000
856.150000	0.539170	-1.135942	1.372635	0.000000	0.000000
856.160000	0.539171	-1.135947	1.372635	0.000000	0.000000
856.170000	0.539172	-1.135953	1.372634	0.000000	0.000000
856.180000	0.539173	-1.135958	1.372633	0.000000	0.000000
856.190000	0.539173	-1.135962	1.372633	0.000000	0.000000
856.200000	0.539173	-1.135965	1.372632	0.000000	0.000000
856.210000	0.539173	-1.135967	1.372631	0.000000	0.000000
856.220000	0.539172	-1.135968	1.372630	0.000000	0.000000
856.230000	0.539171	-1.135967	1.372629	0.000000	0.000000
856.240000	0.539170	-1.135965	1.372629	0.000000	0.000000
856.250000	0.539168	-1.135964	1.372628	0.000000	0.000000
856.260000	0.539167	-1.135964	1.372627	0.000000	0.000000
856.270000	0.539167	-1.135966	1.372626	0.000000	0.000000
856.280000	0.539167	-1.135969	1.372625	0.000000	0.000000
856.290000	0.539167	-1.135971	1.372625	0.000000	0.000000
856.300000	0.539167	-1.135974	1.372624	0.000000	0.000000
856.310000	0.539167	-1.135976	1.372623	0.000000	0.000000
856.320000	0.539167	-1.135978	1.372622	0.000000	0.000000
856.330000	0.539166	-1.135980	1.372621	0.000000	0.000000
856.340000	0.539165	-1.135982	1.372620	0.000000	0.000000
856.350000	0.539164	-1.135985	1.372619	0.000000	0.000000
856.360000	0.539163	-1.135987	1.372619	0.000000	0.000000
856.370000	0.539163	-1.135989	1.372618	0.000000	0.000000
856.380000	0.539162	-1.135992	1.372617	0.000000	0.000000
856.390000	0.539161	-1.135996	1.372616	0.000000	0.000000
856.400000	0.539160	-1.136000	1.372616	0.000000	0.000000
856.410000	0.539159	-1.136005	1.372615	0.000000	0.000000
856.420000	0.539158	-1.136011	1.372614	0.000000	0.000000
856.430000	0.539157	-1.136016	1.372613	0.000000	0.000000
856.440000	0.539156	-1.136022	1.372613	0.000000	0.000000
856.450000	0.539155	-1.136027	1.372612	0.000000	0.000000
856.460000	0.539154	-1.136033	1.372611	0.000000	0.000000
856.470000	0.539153	-1.136039	1.372610	0.000000	0.000000
856.480000	0.539152	-1.136043	1.372609	0.000000	0.000000
856.490000	0.539150	-1.136047	1.372608	0.000000	0.000000
856.500000	0.539148	-1.136051	1.372607	0.000000	0.000000
856.510000	0.539147	-1.136054	1.372607	0.000000	0.000000
856.520000	0.539145	-1.136058	1.372606	0.000000	0.000000
856.530000	0.539144	-1.136063	1.372605	0.000000	0.000000
856.540000	0.539144	-1.136067	1.372603	0.000000	0.000000
856.550000	0.539144	-1.136073	1.372602	0.000000	0.000000
856.560000	0.539144	-1.136078	1.372601	0.000000	0.000000
856.570000	0.539144	-1.136085	1.372600	0.000000	0.000000
856.580000	0.539145	-1.136092	1.372599	0.000000	0.000000
856.590000	0.539146	-1.136099	1.372598	0.000000	0.000000
856.600000	0.539148	-1.136106	1.372596	0.000000	0.000000
856.610000	0.539148	-1.136113	1.372595	0.000000	0.000000
856.620000	0.539148	-1.136119	1.372594	0.000000	0.000000
856.630000	0.539148	-1.136124	1.372592	0.000000	0.000000
856.640000	0.539148	-1.136128	1.372591	0.000000	0.000000
856.650000	0.539148	-1.136131	1.372589	0.000000	0.000000
856.660000	0.539149	-1.136135	1.372588	0.000000	0.000000
856.670000	0.539149	-1.136139	1.372586	0.000000	0.000000
856.680000	0.539150	-1.136143	1.372585	0.000000	0.000000
856.690000	0.539149	-1.136147	1.372583	0.000000	0.000000
856.700000	0.539149	-1.136151	1.372582	0.000000	0.000000
856.710000	0.539148	-1.136156	1.372580	0.000000	0.000000
856.720000	0.539148	-1.136162	1.372579	0.000000	0.000000
856.730000	0.539148	-1.136169	1.372578	0.000000	0.000000
856.740000	0.539148	-1.136176	1.372576	0.000000	0.000000
856.750000	0.539148	-1.136183	1.372575	0.000000	0.000000
856.760000	0.539149	-1.136190	1.372573	0.000000	0.000000
856.770000	0.539149	-1.136197	1.372572	0.000000	0.000000
856.780000	0.539149	-1.136203	1.372571	0.000000	0.000000
856.790000	0.539150	-1.136210	1.372570	0.000000	0.000000
856.800000	0.539149	-1.136216	1.372568	0.000000	0.000000
856.810000	0.539149	-1.136221	1.372567	0.000000	0.000000
856.820000	0.539149	-1.136226	1.372566	0.000000	0.000000
856.830000	0.539149	-1.136230	1.372565	0.000000	0.000000
856.840000	0.539149	-1.136235	1.372563	0.000000	0.000000
856.850000	0.539148	-1.136239	1.372562	0.000000	0.000000
856.860000	0.539148	-1.136244	1.372561	0.000000	0.000000
856.870000	0.539147	-1.136248	1.372560	0.000000	0.000000
856.880000	0.539146	-1.136253	1.372558	0.000000	0.000000
856.890000	0.539146	-1.136257	1.372557	0.000000	0.000000
856.900000	0.539145	-1.136262	1.372556	0.000000	0.000000
856.910000	0.539144	-1.136268	1.372555	0.000000	0.000000
856.920000	0.539144	-1.136274	1.372553	0.000000	0.000000
856.930000	0.539143	-1.136279	1.372552	0.000000	0.000000
856.940000	0.539142	-1.136285	1.372551	0.000000	0.000000
856.950000	0.539141	-1.136291	1.372549	0.000000	0.000000
856.960000	0.539140	-1.136297	1.372548	0.000000	0.000000
856.970000	0.539139	-1.136303	1.372546	0.000000	0.000000
856.980000	0.539137	-1.136308	1.372545	0.000000	0.000000
856.990000	0.539136	-1.136313	1.372544	0.000000	0.000000
857.000000	0.539134	-1.136319	1.372542	0.000000	0.000000
857.010000	0.539133	-1.136326	1.372541	0.000000	0.000000
857.020000	0.539132	-1.136334	1.372540	0.000000	0.000000
857.030000	0.539131	-1.136342	1.372538	0.000000	0.000000
857.040000	0.539131	-1.136349	1.372537	0.000000	0.000000
857.050000	0.539130	-1.136357	1.372536	0.000000	0.000000
857.060000	0.539129	-1.136364	1.372535	0.000000	0.000000
857.070000	0.539128	-1.136371	1.372534	0.000000	0.000000
857.080000	0.539127	-1.136378	1.372532	0.000000	0.000000
857.090000	0.539126	-1.136384	1.372531	0.000000	0.000000
857.100000	0.539124	-1.136390	1.372530	0.000000	0.000000
857.110000	0.539122	-1.136396	1.372529	0.000000	0.000000
857.120000	0.539121	-1.136402	1.372528	0.000000	0.000000
857.130000	0.539119	-1.136407	1.372527	0.000000	0.000000
857.140000	0.539117	-1.136413	1.372526	0.000000	0.000000
857.150000	0.539115	-1.136419	1.372525	0.000000	0.000000
857.160000	0.539113	-1.136425	1.372524	0.000000	0.000000
857.170000	0.539111	-1.136432	1.372522	0.000000	0.000000
857.180000	0.539109	-1.136438	1.372521	0.000000	0.000000
857.190000	0.539108	-1.136444	1.372520	0.000000	0.000000
857.200000	0.539105	-1.136451	1.372519	0.000000	0.000000
857.210000	0.539103	-1.136457	1.372517	0.000000	0.000000
857.220000	0.539101	-1.136464	1.372516	0.000000	0.000000
857.230000	0.539100	-1.136472	1.372515	0.000000	0.000000
857.240000	0.539098	-1.136480	1.372513	0.000000	0.000000
857.250000	0.539097	-1.136489	1.372512	0.000000	0.000000
857.260000	0.539096	-1.136497	1.372510	0.000000	0.000000
857.270000	0.539094	-1.136506	1.372509	0.000000	0.000000
857.280000	0.539093	-1.136514	1.372507	0.000000	0.000000
857.290000	0.539091	-1.136521	1.372506	0.000000	0.000000
857.300000	0.539089	-1.136529	1.372504	0.000000	0.000000
857.310000	0.539087	-1.136536	1.372502	0.000000	0.000000
857.320000	0.539086	-1.136544	1.372501	0.000000	0.000000
857.330000	0.539085	-1.136551	1.372499	0.000000	0.000000
857.340000	0.539083	-1.136559	1.372498	0.000000	0.000000
857.350000	0.539083	-1.136566	1.372496	0.000000	0.000000
857.360000	0.539081	-1.136572	1.372495	0.000000	0.000000
857.370000	0.539080	-1.136576	1.372493	0.000000	0.000000
857.380000	0.539079	-1.136581	1.372492	0.000000	0.000000
857.390000	0.539078	-1.136586	1.372490	0.000000	0.000000
857.400000	0.539076	-1.136592	1.372489	0.000000	0.000000
857.410000	0.539076	-1.136600	1.372487	0.000000	0.000000
857.420000	0.539074	-1.136607	1.372486	0.000000	0.000000
857.430000	0.539072	-1.136615	1.372484	0.000000	0.000000
857.440000	0.539070	-1.136624	1.372483	0.000000	0.000000
857.450000	0.539068	-1.136633	1.372481	0.000000	0.000000
857.460000	0.539066	-1.136643	1.372479	0.000000	0.000000
857.470000	0.539064	-1.136654	1.372478	0.000000	0.000000
857.480000	0.539063	-1.136666	1.372476	0.000000	0.000000
857.490000	0.539062	-1.136678	1.372475	0.000000	0.000000
857.500000	0.539061	-1.136691	1.372473	0.000000	0.000000
857.510000	0.539059	-1.136703	1.372471	0.000000	0.000000
857.520000	0.539058	-1.136715	1.372470	0.000000	0.000000
857.530000	0.539057	-1.136726	1.372468	0.000000	0.000000
857.540000	0.539056	-1.136736	1.372466	0.000000	0.000000
857.550000	0.539055	-1.136747	1.372464	0.000000	0.000000
857.560000	0.539054	-1.136758	1.372462	0.000000	0.000000
857.570000	0.539054	-1.136768	1.372460	0.000000	0.000000
857.580000	0.539053	-1.136778	1.372458	0.000000	0.000000
857.590000	0.539052	-1.136788	1.372456	0.000000	0.000000
857.600000	0.539052	-1.136798	1.372454	0.000000	0.000000
857.610000	0.539051	-1.136807	1.372452	0.000000	0.000000
857.620000	0.539051	-1.136815	1.372450	0.000000	0.000000
857.630000	0.539050	-1.136823	1.372448	0.000000	0.000000
857.640000	0.539049	-1.136831	1.372446	0.000000	0.000000
857.650000	0.539049	-1.136837	1.372444	0.000000	0.000000
857.660000	0.539047	-1.136843	1.372442	0.000000	0.000000
857.670000	0.539046	-1.136847	1.372440	0.000000	0.000000
857.680000	0.539044	-1.136850	1.372438	0.000000	0.000000
857.690000	0.539042	-1.136852	1.372436	0.000000	0.000000
857.700000	0.539040	-1.136855	1.372435	0.000000	0.000000
857.710000	0.539038	-1.136859	1.372433	0.000000	0.000000
857.720000	0.539036	-1.136862	1.372431	0.000000	0.000000
857.730000	0.539035	-1.136867	1.372429	0.000000	0.000000
857.740000	0.539034	-1.136872	1.372428	0.000000	0.000000
857.750000	0.539033	-1.136878	1.372426	0.000000	0.000000
857.760000	0.539033	-1.136884	1.372424	0.000000	0.000000
857.770000	0.539034	-1.136891	1.372422	0.000000	0.000000
857.780000	0.539034	-1.136899	1.372421	0.000000	0.000000
857.790000	0.539034	-1.136906	1.372419	0.000000	0.000000
857.800000	0.539034	-1.136913	1.372417	0.000000	0.000000
857.810000	0.539034	-1.136919	1.372415	0.000000	0.000000
857.820000	0.539033	-1.136925	1.372413	0.000000	0.000000
857.830000	0.539032	-1.136929	1.372412	0.000000	0.000000
857.840000	0.539031	-1.136933	1.372410	0.000000	0.000000
857.850000	0.539029	-1.136935	1.372408	0.000000	0.000000
857.860000	0.539028	-1.136937	1.372407	0.000000	0.000000
857.870000	0.539027	-1.136940	1.372405	0.000000	0.000000
857.880000	0.539025	-1.136943	1.372403	0.000000	0.000000
857.890000	0.539024	-1.136949	1.372402	0.000000	0.000000
857.900000	0.539024	-1.136955	1.372400	0.000000	0.000000
857.910000	0.539024	-1.136961	1.372399	0.000000	0.000000
857.920000	0.539023	-1.136967	1.372397	0.000000	0.000000
857.930000	0.539022	-1.136972	1.372396	0.000000	0.000000
857.940000	0.539022	-1.136975	1.372394	0.000000	0.000000
857.950000	0.539021	-1.136979	1.372393	0.000000	0.000000
857.960000	0.539020	-1.136983	1.372392	0.000000	0.000000
857.970000	0.539019	-1.136988	1.372391	0.000000	0.000000
857.980000	0.539018	-1.136993	1.372389	0.000000	0.000000
857.990000	0.539017	-1.136998	1.372388	0.000000	0.000000
858.000000	0.539015	-1.137002	1.372387	0.000000	0.000000
858.010000	0.539014	-1.137007	1.372386	0.000000	0.000000
858.020000	0.539012	-1.137011	1.372384	0.000000	0.000000
858.030000	0.539011	-1.137015	1.372383	0.000000	0.000000
858.040000	0.539010	-1.137018	1.372382	0.000000	0.000000
858.050000	0.539008	-1.137021	1.372381	0.000000	0.000000
858.060000	0.539006	-1.137023	1.372379	0.000000	0.000000
858.070000	0.539003	-1.137025	1.372378	0.000000	0.000000
858.080000	0.539001	-1.137027	1.372377	0.000000	0.000000
858.090000	0.538999	-1.137029	1.372375	0.000000	0.000000
858.100000	0.538997	-1.137033	1.372374	0.000000	0.000000
858.110000	0.538996	-1.137037	1.372373	0.000000	0.000000
858.120000	0.538995	-1.137043	1.372371	0.000000	0.000000
858.130000	0.538994	-1.137049	1.372370	0.000000	0.000000
858.140000	0.538993	-1.137054	1.372368	0.000000	0.000000
858.150000	0.538992	-1.137059	1.372367	0.000000	0.000000
858.160000	0.538990	-1.137062	1.372365	0.000000	0.000000
858.170000	0.538987	-1.137064	1.372364	0.000000	0.000000
858.180000	0.538985	-1.137066	1.372362	0.000000	0.000000
858.190000	0.538982	-1.137069	1.372361	0.000000	0.000000
858.200000	0.538980	-1.137072	1.372359	0.000000	0.000000
858.210000	0.538978	-1.137076	1.372357	0.000000	0.000000
858.220000	0.538976	-1.137080	1.372356	0.000000	0.000000
858.230000	0.538974	-1.137083	1.372354	0.000000	0.000000
858.240000	0.538972	-1.137087	1.372352	0.000000	0.000000
858.250000	0.538970	-1.137092	1.372350	0.000000	0.000000
858.260000	0.538968	-1.137097	1.372348	0.000000	0.000000
858.270000	0.538966	-1.137103	1.372346	0.000000	0.000000
858.280000	0.538965	-1.137110	1.372344	0.000000	0.000000
858.290000	0.538964	-1.137118	1.372342	0.000000	0.000000
858.300000	0.538963	-1.137127	1.372340	0.000000	0.000000
858.310000	0.538962	-1.137136	1.372338	0.000000	0.000000
858.320000	0.538961	-1.137147	1.372335	0.000000	0.000000
858.330000	0.538961	-1.137157	1.372333	0.000000	0.000000
858.340000	0.538961	-1.137168	1.372331	0.000000	0.000000
858.350000	0.538961	-1.137178	1.372328	0.000000	0.000000
858.360000	0.538960	-1.137188	1.372326	0.000000	0.000000
858.370000	0.538959	-1.137198	1.372323	0.000000	0.000000
858.380000	0.538958	-1.137206	1.372321	0.000000	0.000000
858.390000	0.538957	-1.137211	1.372318	0.000000	0.000000
858.400000	0.538955	-1.137215	1.372316	0.000000	0.000000
858.410000	0.538953	-1.137218	1.372313	0.000000	0.000000
858.420000	0.538951	-1.137221	1.372310	0.000000	0.000000
858.430000	0.538950	-1.137224	1.372308	0.000000	0.000000
858.440000	0.538949	-1.137228	1.372305	0.000000	0.000000
858.450000	0.538948	-1.137232	1.372302	0.000000	0.000000
858.460000	0.538948	-1.137238	1.372300	0.000000	0.000000
858.470000	0.538948	-1.137245	1.372297	0.000000	0.000000
858.480000	0.538949	-1.137255	1.372294	0.000000	0.000000
858.490000	0.538950	-1.137266	1.372292	0.000000	0.000000
858.500000	0.538951	-1.137278	1.372289	0.000000	0.000000
858.510000	0.538951	-1.137288	1.372287	0.000000	0.000000
858.520000	0.538951	-1.137296	1.372284	0.000000	0.000000
858.530000	0.538950	-1.137304	1.372282	0.000000	0.000000
858.540000	0.538949	-1.137310	1.372279	0.000000	0.000000
858.550000	0.538948	-1.137315	1.372277	0.000000	0.000000
858.560000	0.538946	-1.137319	1.372275	0.000000	0.000000
858.570000	0.538945	-1.137323	1.372272	0.000000	0.000000
858.580000	0.538943	-1.137325	1.372270	0.000000	0.000000
858.590000	0.538942	-1.137327	1.372268	0.000000	0.000000
858.600000	0.538940	-1.137328	1.372266	0.000000	0.000000
858.610000	0.538938	-1.137329	1.372264	0.000000	0.000000
858.620000	0.538937	-1.137331	1.372262	0.000000	0.000000
858.630000	0.538936	-1.137334	1.372260	0.000000	0.000000
858.640000	0.538936	-1.137338	1.372258	0.000000	0.000000
858.650000	0.538935	-1.137343	1.372256	0.000000	0.000000
858.660000	0.538934	-1.137349	1.372254	0.000000	0.000000
858.670000	0.538934	-1.137354	1.372252	0.000000	0.000000
858.680000	0.538934	-1.137358	1.372251	0.000000	0.000000
858.690000	0.538934	-1.137362	1.372249	0.000000	0.000000
858.700000	0.538934	-1.137365	1.372247	0.000000	0.000000
858.710000	0.538933	-1.137367	1.372245	0.000000	0.000000
858.720000	0.538932	-1.137367	1.372244	0.000000	0.000000
858.730000	0.538931	-1.137366	1.372242	0.000000	0.000000
858.740000	0.538930	-1.137364	1.372240	0.000000	0.000000
858.750000	0.538929	-1.137362	1.372238	0.000000	0.000000
858.760000	0.538928	-1.137360	1.372237	0.000000	0.000000
858.770000	0.538926	-1.137359	1.372235	0.000000	0.000000
858.780000	0.538925	-1.137359	1.372233	0.000000	0.000000
858.790000	0.538924	-1.137357	1.372231	0.000000	0.000000
858.800000	0.538923	-1.137356	1.372229	0.000000	0.000000
858.810000	0.538922	-1.137353	1.372228	0.000000	0.000000
858.820000	0.538920	-1.137349	1.372226	0.000000	0.000000
858.830000	0.538918	-1.137346	1.372224	0.000000	0.000000
858.840000	0.538917	-1.137344	1.372222	0.000000	0.000000
858.850000	0.538916	-1.137344	1.372220	0.000000	0.000000
858.860000	0.538915	-1.137346	1.372218	0.000000	0.000000
858.870000	0.538915	-1.137349	1.372217	0.000000	0.000000
858.880000	0.538915	-1.137354	1.372215	0.000000	0.000000
858.890000	0.538916	-1.137360	1.372213	0.000000	0.000000
858.900000	0.538917	-1.137365	1.372211	0.000000	0.000000
858.910000	0.538917	-1.137370	1.372209	0.000000	0.000000
858.920000	0.538916	-1.137373	1.372207	0.000000	0.000000
858.930000	0.538916	-1.137375	1.372205	0.000000	0.000000
858.940000	0.538915	-1.137377	1.372204	0.000000	0.000000
858.950000	0.538914	-1.137379	1.372202	0.000000	0.000000
858.960000	0.538913	-1.137380	1.372200	0.000000	0.000000
858.970000	0.538912	-1.137380	1.372198	0.000000	0.000000
858.980000	0.538911	-1.137381	1.372196	0.000000	0.000000
858.990000	0.538910	-1.137383	1.372194	0.000000	0.000000
859.000000	0.538909	-1.137384	1.372192	0.000000	0.000000
859.010000	0.538908	-1.137386	1.372190	0.000000	0.000000
859.020000	0.538908	-1.137388	1.372189	0.000000	0.000000
859.030000	0.538906	-1.137389	1.372187	0.000000	0.000000
859.040000	0.538905	-1.137391	1.372185	0.000000	0.000000
859.050000	0.538904	-1.137392	1.372183	0.000000	0.000000
859.060000	0.538902	-1.137392	1.372181	0.000000	0.000000
859.070000	0.538900	-1.137392	1.372179	0.000000	0.000000
859.080000	0.538899	-1.137391	1.372177	0.000000	0.000000
859.090000	0.538897	-1.137392	1.372175	0.000000	0.000000
859.100000	0.538896	-1.137394	1.372173	0.000000	0.000000
859.110000	0.538894	-1.137397	1.372171	0.000000	0.000000
859.120000	0.538893	-1.137398	1.372170	0.000000	0.000000
859.130000	0.538891	-1.137399	1.372168	0.000000	0.000000
859.140000	0.538889	-1.137400	1.372166	0.000000	0.000000
859.150000	0.538888	-1.137404	1.372164	0.000000	0.000000
859.160000	0.538888	-1.137410	1.372162	0.000000	0.000000
859.170000	0.538888	-1.137415	1.372160	0.000000	0.000000
859.180000	0.538888	-1.137420	1.372159	0.000000	0.000000
859.190000	0.538886	-1.137423	1.372157	0.000000	0.000000
859.200000	0.538884	-1.137423	1.372155	0.000000	0.000000
859.210000	0.538882	-1.137421	1.372153	0.000000	0.000000
859.220000	0.538880	-1.137420	1.372152	0.000000	0.000000
859.230000	0.538879	-1.137420	1.372150	0.000000	0.000000
859.240000	0.538877	-1.137422	1.372148	0.000000	0.000000
859.250000	0.538877	-1.137424	1.372147	0.000000	0.000000
859.260000	0.538876	-1.137428	1.372145	0.000000	0.000000
859.270000	0.538876	-1.137432	1.372144	0.000000	0.000000
859.280000	0.538875	-1.137437	1.372142	0.000000	0.000000
859.290000	0.538875	-1.137442	1.372141	0.000000	0.000000
859.300000	0.538875	-1.137447	1.372139	0.000000	0.000000
859.310000	0.538875	-1.137452	1.372137	0.000000	0.000000
859.320000	0.538875	-1.137457	1.372136	0.000000	0.000000
859.330000	0.538875	-1.137462	1.372134	0.000000	0.000000
859.340000	0.538875	-1.137466	1.372133	0.000000	0.000000
859.350000	0.538875	-1.137471	1.372131	0.000000	0.000000
859.360000	0.538875	-1.137476	1.372129	0.000000	0.000000
859.370000	0.538875	-1.137480	1.372128	0.000000	0.000000
859.380000	0.538875	-1.137485	1.372126	0.000000	0.000000
859.390000	0.538876	-1.137489	1.372124	0.000000	0.000000
859.400000	0.538877	-1.137494	1.372123	0.000000	0.000000
859.410000	0.538878	-1.137498	1.372121	0.000000	0.000000
859.420000	0.538878	-1.137501	1.372120	0.000000	0.000000
859.430000	0.538877	-1.137503	1.372118	0.000000	0.000000
859.440000	0.538877	-1.137505	1.372117	0.000000	0.000000
859.450000	0.538877	-1.137507	1.372115	0.000000	0.000000
859.460000	0.538876	-1.137509	1.372114	0.000000	0.000000
859.470000	0.538876	-1.137511	1.372112	0.000000	0.000000
859.480000	0.538877	-1.137513	1.372111	0.000000	0.000000
859.490000	0.538876	-1.137514	1.372110	0.000000	0.000000
859.500000	0.538876	-1.137514	1.372108	0.000000	0.000000
859.510000	0.538874	-1.137513	1.372107	0.000000	0.000000
859.520000	0.538873	-1.137511	1.372106	0.000000	0.000000
859.530000	0.538871	-1.137509	1.372105	0.000000	0.000000
859.540000	0.538870	-1.137506	1.372104	0.000000	0.000000
859.550000	0.538868	-1.137505	1.372103	0.000000	0.000000
859.560000	0.538867	-1.137505	1.372102	0.000000	0.000000
859.570000	0.538867	-1.137507	1.372101	0.000000	0.000000
859.580000	0.538867	-1.137511	1.372100	0.000000	0.000000
859.590000	0.538868	-1.137517	1.372099	0.000000	0.000000
859.600000	0.538869	-1.137524	1.372098	0.000000	0.000000
859.610000	0.538869	-1.137531	1.372096	0.000000	0.000000
859.620000	0.538870	-1.137539	1.372095	0.000000	0.000000
859.630000	0.538869	-1.137546	1.372094	0.000000	0.000000
859.640000	0.538869	-1.137552	1.372093	0.000000	0.000000
859.650000	0.538868	-1.137558	1.372092	0.000000	0.000000
859.660000	0.538866	-1.137563	1.372091	0.000000	0.000000
859.670000	0.538864	-1.137568	1.372090	0.000000	0.000000
859.680000	0.538862	-1.137573	1.372089	0.000000	0.000000
859.690000	0.538861	-1.137579	1.372088	0.000000	0.000000
859.700000	0.538859	-1.137585	1.372086	0.000000	0.000000
859.710000	0.538858	-1.137592	1.372085	0.000000	0.000000
859.720000	0.538856	-1.137600	1.372084	0.000000	0.000000
859.730000	0.538855	-1.137607	1.372083	0.000000	0.000000
859.740000	0.538853	-1.137615	1.372082	0.000000	0.000000
859.750000	0.538851	-1.137621	1.372081	0.000000	0.000000
859.760000	0.538849	-1.137626	1.372080	0.000000	0.000000
859.770000	0.538847	-1.137629	1.372079	0.000000	0.000000
859.780000	0.538845	-1.137632	1.372078	0.000000	0.000000
859.790000	0.538843	-1.137635	1.372078	0.000000	0.000000
859.800000	0.538841	-1.137638	1.372077	0.000000	0.000000
859.810000	0.538839	-1.137642	1.372076	0.000000	0.000000
859.820000	0.538838	-1.137647	1.372075	0.000000	0.000000
859.830000	0.538836	-1.137652	1.372074	0.000000	0.000000
859.840000	0.538835	-1.137657	1.372074	0.000000	0.000000
859.850000	0.538834	-1.137662	1.372073	0.000000	0.000000
859.860000	0.538832	-1.137668	1.372072	0.000000	0.000000
859.870000	0.538831	-1.137673	1.372071	0.000000	0.000000
859.880000	0.538830	-1.137678	1.372070	0.000000	0.000000
859.890000	0.538829	-1.137683	1.372070	0.000000	0.000000
859.900000	0.538827	-1.137688	1.372069	0.000000	0.000000
859.910000	0.538826	-1.137693	1.372068	0.000000	0.000000
859.920000	0.538825	-1.137698	1.372067	0.000000	0.000000
859.930000	0.538824	-1.137702	1.372066	0.000000	0.000000
859.940000	0.538822	-1.137706	1.372065	0.000000	0.000000
859.950000	0.538819	-1.137708	1.372064	0.000000	0.000000
859.960000	0.538817	-1.137711	1.372063	0.000000	0.000000
859.970000	0.538815	-1.137712	1.372063	0.000000	0.000000
859.980000	0.538812	-1.137714	1.372062	0.000000	0.000000
859.990000	0.538809	-1.137717	1.372061	0.000000	0.000000
860.000000	0.538807	-1.137720	1.372060	0.000000	0.000000
860.010000	0.538805	-1.137725	1.372059	0.000000	0.000000
860.020000	0.538804	-1.137730	1.372058	0.000000	0.000000
860.030000	0.538803	-1.137737	1.372057	0.000000	0.000000
860.040000	0.538802	-1.137744	1.372056	0.000000	0.000000
860.050000	0.538802	-1.137752	1.372055	0.000000	0.000000
860.060000	0.538802	-1.137759	1.372054	0.000000	0.000000
860.070000	0.538802	-1.137767	1.372054	0.000000	0.000000
860.080000	0.538801	-1.137774	1.372053	0.000000	0.000000
860.090000	0.538801	-1.137782	1.372052	0.000000	0.000000
860.100000	0.538801	-1.137789	1.372051	0.000000	0.000000
860.110000	0.538800	-1.137796	1.372050	0.000000	0.000000
860.120000	0.538800	-1.137803	1.372049	0.000000	0.000000
860.130000	0.538799	-1.137809	1.372048	0.000000	0.000000
860.140000	0.538799	-1.137814	1.372047	0.000000	0.000000
860.150000	0.538798	-1.137819	1.372046	0.000000	0.000000
860.160000	0.538798	-1.137823	1.372045	0.000000	0.000000
860.170000	0.538797	-1.137825	1.372044	0.000000	0.000000
860.180000	0.538795	-1.137825	1.372043	0.000000	0.000000
860.190000	0.538793	-1.137826	1.372042	0.000000	0.000000
860.200000	0.538792	-1.137831	1.372041	0.000000	0.000000
860.210000	0.538793	-1.137839	1.372040	0.000000	0.000000
860.220000	0.538793	-1.137846	1.372039	0.000000	0.000000
860.230000	0.538794	-1.137853	1.372038	0.000000	0.000000
860.240000	0.538793	-1.137860	1.372037	0.000000	0.000000
860.250000	0.538793	-1.137865	1.372036	0.000000	0.000000
860.260000	0.538792	-1.137871	1.372035	0.000000	0.000000
860.270000	0.538791	-1.137876	1.372034	0.000000	0.000000
860.280000	0.538790	-1.137881	1.372033	0.000000	0.000000
860.290000	0.538790	-1.137886	1.372032	0.000000	0.000000
860.300000	0.538789	-1.137890	1.372031	0.000000	0.000000
860.310000	0.538788	-1.137893	1.372030	0.000000	0.000000
860.320000	0.538787	-1.137896	1.372029	0.000000	0.000000
860.330000	0.538786	-1.137900	1.372028	0.000000	0.000000
860.340000	0.538787	-1.137905	1.372027	0.000000	0.000000
860.350000	0.538787	-1.137911	1.372026	0.000000	0.000000
860.360000	0.538788	-1.137917	1.372025	0.000000	0.000000
860.370000	0.538789	-1.137922	1.372025	0.000000	0.000000
860.380000	0.538790	-1.137927	1.372024	0.000000	0.000000
860.390000	0.538790	-1.137930	1.372023	0.000000	0.000000
860.400000	0.538790	-1.137933	1.372022	0.000000	0.000000
860.410000	0.538790	-1.137935	1.372022	0.000000	0.000000
860.420000	0.538789	-1.137937	1.372021	0.000000	0.000000
860.430000	0.538788	-1.137939	1.372020	0.000000	0.000000
860.440000	0.538788	-1.137940	1.372019	0.000000	0.000000
860.450000	0.538787	-1.137941	1.372018	0.000000	0.000000
860.460000	0.538786	-1.137942	1.372018	0.000000	0.000000
860.470000	0.538786	-1.137944	1.372017	0.000000	0.000000
860.480000	0.538786	-1.137948	1.372016	0.000000	0.000000
860.490000	0.538786	-1.137952	1.372015	0.000000	0.000000
860.500000	0.538787	-1.137957	1.372015	0.000000	0.000000
860.510000	0.538788	-1.137963	1.372014	0.000000	0.000000
860.520000	0.538788	-1.137969	1.372013	0.000000	0.000000
860.530000	0.538788	-1.137973	1.372012	0.000000	0.000000
860.540000	0.538788	-1.137978	1.372011	0.000000	0.000000
860.550000	0.538789	-1.137982	1.372011	0.000000	0.000000
860.560000	0.538789	-1.137985	1.372010	0.000000	0.000000
860.570000	0.538788	-1.137989	1.372009	0.000000	0.000000
860.580000	0.538789	-1.137993	1.372009	0.000000	0.000000
860.590000	0.538789	-1.137998	1.372008	0.000000	0.000000
860.600000	0.538789	-1.138003	1.372007	0.000000	0.000000
860.610000	0.538790	-1.138009	1.372006	0.000000	0.000000
860.620000	0.538790	-1.138014	1.372006	0.000000	0.000000
860.630000	0.538790	-1.138019	1.372005	0.000000	0.000000
860.640000	0.538790	-1.138025	1.372005	0.000000	0.000000
860.650000	0.538790	-1.138031	1.372004	0.000000	0.000000
860.660000	0.538791	-1.138037	1.372003	0.000000	0.000000
860.670000	0.538791	-1.138043	1.372003	0.000000	0.000000
860.680000	0.538792	-1.138049	1.372002	0.000000	0.000000
860.690000	0.538792	-1.138054	1.372001	0.000000	0.000000
860.700000	0.538792	-1.138058	1.372001	0.000000	0.000000
860.710000	0.538792	-1.138061	1.372000	0.000000	0.000000
860.720000	0.538792	-1.138063	1.372000	0.000000	0.000000
860.730000	0.538791	-1.138065	1.371999	0.000000	0.000000
860.740000	0.538791	-1.138068	1.371998	0.000000	0.000000
860.750000	0.538791	-1.138071	1.371997	0.000000	0.000000
860.760000	0.538791	-1.138074	1.371997	0.000000	0.000000
860.770000	0.538791	-1.138077	1.371996	0.000000	0.000000
860.780000	0.538791	-1.138079	1.371995	0.000000	0.000000
860.790000	0.538791	-1.138081	1.371994	0.000000	0.000000
860.800000	0.538791	-1.138084	1.371993	0.000000	0.000000
860.810000	0.538792	-1.138087	1.371992	0.000000	0.000000
860.820000	0.538792	-1.138091	1.371992	0.000000	0.000000
860.830000	0.538793	-1.138096	1.371991	0.000000	0.000000
860.840000	0.538793	-1.138100	1.371990	0.000000	0.000000
860.850000	0.538793	-1.138104	1.371989	0.000000	0.000000
860.860000	0.538793	-1.138106	1.371988	0.000000	0.000000
860.870000	0.538792	-1.138106	1.371987	0.000000	0.000000
860.880000	0.538791	-1.138105	1.371987	0.000000	0.000000
860.890000	0.538791	-1.138105	1.371986	0.000000	0.000000
860.900000	0.538790	-1.138106	1.371985	0.000000	0.000000
860.910000	0.538790	-1.138106	1.371984	0.000000	0.000000
860.920000	0.538789	-1.138107	1.371983	0.000000	0.000000
860.930000	0.538788	-1.138108	1.371982	0.000000	0.000000
860.940000	0.538787	-1.138109	1.371982	0.000000	0.000000
860.950000	0.538787	-1.138111	1.371981	0.000000	0.000000
860.960000	0.538787	-1.138114	1.371980	0.000000	0.000000
860.970000	0.538786	-1.138116	1.371979	0.000000	0.000000
860.980000	0.538786	-1.138119	1.371978	0.000000	0.000000
860.990000	0.538786	-1.138120	1.371977	0.000000	0.000000
861.000000	0.538785	-1.138121	1.371977	0.000000	0.000000
861.010000	0.538785	-1.138122	1.371976	0.000000	0.000000
861.020000	0.538785	-1.138124	1.371975	0.000000	0.000000
861.030000	0.538784	-1.138126	1.371974	0.000000	0.000000
861.040000	0.538784	-1.138128	1.371973	0.000000	0.000000
861.050000	0.538784	-1.138130	1.371973	0.000000	0.000000
861.060000	0.538783	-1.138131	1.371972	0.000000	0.000000
861.070000	0.538782	-1.138130	1.371971	0.000000	0.000000
861.080000	0.538781	-1.138129	1.371970	0.000000	0.000000
861.090000	0.538779	-1.138128	1.371969	0.000000	0.000000
861.100000	0.538778	-1.138127	1.371969	0.000000	0.000000
861.110000	0.538778	-1.138127	1.371968	0.000000	0.000000
861.120000	0.538777	-1.138127	1.371967	0.000000	0.000000
861.130000	0.538776	-1.138127	1.371966	0.000000	0.000000
861.140000	0.538775	-1.138128	1.371966	0.000000	0.000000
861.150000	0.538775	-1.138129	1.371965	0.000000	0.000000
861.160000	0.538775	-1.138132	1.371964	0.000000	0.000000
861.170000	0.538775	-1.138135	1.371963	0.000000	0.000000
861.180000	0.538776	-1.138137	1.371962	0.000000	0.000000
861.190000	0.538776	-1.138139	1.371961	0.000000	0.000000
861.200000	0.538776	-1.138141	1.371961	0.000000	0.000000
861.210000	0.538775	-1.138141	1.371960	0.000000	0.000000
861.220000	0.538775	-1.138141	1.371959	0.000000	0.000000
861.230000	0.538774	-1.138142	1.371958	0.000000	0.000000
861.240000	0.538773	-1.138142	1.371958	0.000000	0.000000
861.250000	0.538773	-1.138144	1.371957	0.000000	0.000000
861.260000	0.538772	-1.138146	1.371956	0.000000	0.000000
861.270000	0.538772	-1.138148	1.371955	0.000000	0.000000
861.280000	0.538771	-1.138150	1.371955	0.000000	0.000000
861.290000	0.538770	-1.138150	1.371954	0.000000	0.000000
861.300000	0.538769	-1.138150	1.371953	0.000000	0.000000
861.310000	0.538767	-1.138150	1.371952	0.000000	0.000000
861.320000	0.538766	-1.138150	1.371952	0.000000	0.000000
861.330000	0.538764	-1.138150	1.371951	0.000000	0.000000
861.340000	0.538763	-1.138150	1.371950	0.000000	0.000000
861.350000	0.538762	-1.138151	1.371950	0.000000	0.000000
861.360000	0.538761	-1.138152	1.371949	0.000000	0.000000
861.370000	0.538760	-1.138154	1.371948	0.000000	0.000000
861.380000	0.538759	-1.138156	1.371947	0.000000	0.000000
861.390000	0.538758	-1.138158	1.371947	0.000000	0.000000
861.400000	0.538757	-1.138159	1.371946	0.000000	0.000000
861.410000	0.538756	-1.138160	1.371945	0.000000	0.000000
861.420000	0.538755	-1.138160	1.371945	0.000000	0.000000
861.430000	0.538753	-1.138160	1.371944	0.000000	0.000000
861.440000	0.538752	-1.138159	1.371944	0.000000	0.000000
861.450000	0.538751	-1.138159	1.371943	0.000000	0.000000
861.460000	0.538750	-1.138159	1.371942	0.000000	0.000000
861.470000	0.538749	-1.138159	1.371942	0.000000	0.000000
861.480000	0.538748	-1.138159	1.371941	0.000000	0.000000
861.490000	0.538747	-1.138159	1.371941	0.000000	0.000000
861.500000	0.538745	-1.138158	1.371940	0.000000	0.000000
861.510000	0.538744	-1.138158	1.371939	0.000000	0.000000
861.520000	0.538742	-1.138157	1.371939	0.000000	0.000000
861.530000	0.538741	-1.138157	1.371938	0.000000	0.000000
861.540000	0.538740	-1.138158	1.371938	0.000000	0.000000
861.550000	0.538739	-1.138160	1.371937	0.000000	0.000000
861.560000	0.538739	-1.138162	1.371936	0.000000	0.000000
861.570000	0.538738	-1.138164	1.371935	0.000000	0.000000
861.580000	0.538738	-1.138166	1.371935	0.000000	0.000000
861.590000	0.538737	-1.138168	1.371934	0.000000	0.000000
861.600000	0.538736	-1.138169	1.371933	0.000000	0.000000
861.610000	0.538735	-1.138170	1.371932	0.000000	0.000000
861.620000	0.538734	-1.138171	1.371931	0.000000	0.000000
861.630000	0.538733	-1.138172	1.371930	0.000000	0.000000
861.640000	0.538733	-1.138172	1.371929	0.000000	0.000000
861.650000	0.538732	-1.138173	1.371928	0.000000	0.000000
861.660000	0.538732	-1.138175	1.371927	0.000000	0.000000
861.670000	0.538732	-1.138178	1.371926	0.000000	0.000000
861.680000	0.538733	-1.138181	1.371925	0.000000	0.000000
861.690000	0.538733	-1.138184	1.371924	0.000000	0.000000
861.700000	0.538733	-1.138186	1.371923	0.000000	0.000000
861.710000	0.538734	-1.138187	1.371921	0.000000	0.000000
861.720000	0.538734	-1.138188	1.371920	0.000000	0.000000
861.730000	0.538733	-1.138187	1.371919	0.000000	0.000000
861.740000	0.538732	-1.138186	1.371917	0.000000	0.000000
861.750000	0.538730	-1.138184	1.371916	0.000000	0.000000
861.760000	0.538729	-1.138183	1.371915	0.000000	0.000000
861.770000	0.538727	-1.138182	1.371913	0.000000	0.000000
861.780000	0.538726	-1.138181	1.371912	0.000000	0.000000
861.790000	0.538724	-1.138181	1.371910	0.000000	0.000000
861.800000	0.538723	-1.138182	1.371909	0.000000	0.000000
861.810000	0.538723	-1.138184	1.371907	0.000000	0.000000
861.820000	0.538723	-1.138187	1.371906	0.000000	0.000000
861.830000	0.538722	-1.138190	1.371904	0.000000	0.000000
861.840000	0.538722	-1.138192	1.371903	0.000000	0.000000
861.850000	0.538721	-1.138193	1.371901	0.000000	0.000000
861.860000	0.538721	-1.138194	1.371900	0.000000	0.000000
861.870000	0.538720	-1.138194	1.371898	0.000000	0.000000
861.880000	0.538720	-1.138195	1.371896	0.000000	0.000000
861.890000	0.538719	-1.138194	1.371895	0.000000	0.000000
861.900000	0.538719	-1.138192	1.371893	0.000000	0.000000
861.910000	0.538718	-1.138189	1.371891	0.000000	0.000000
861.920000	0.538716	-1.138185	1.371890	0.000000	0.000000
861.930000	0.538715	-1.138182	1.371888	0.000000	0.000000
861.940000	0.538715	-1.138180	1.371886	0.000000	0.000000
861.950000	0.538715	-1.138178	1.371884	0.000000	0.000000
861.960000	0.538715	-1.138177	1.371883	0.000000	0.000000
861.970000	0.538715	-1.138177	1.371881	0.000000	0.000000
861.980000	0.538716	-1.138178	1.371879	0.000000	0.000000
861.990000	0.538718	-1.138179	1.371877	0.000000	0.000000
862.000000	0.538719	-1.138180	1.371875	0.000000	0.000000
862.010000	0.538720	-1.138180	1.371873	0.000000	0.000000
862.020000	0.538721	-1.138179	1.371872	0.000000	0.000000
862.030000	0.538721	-1.138175	1.371870	0.000000	0.000000
862.040000	0.538721	-1.138172	1.371868	0.000000	0.000000
862.050000	0.538721	-1.138169	1.371866	0.000000	0.000000
862.060000	0.538722	-1.138167	1.371864	0.000000	0.000000
862.070000	0.538724	-1.138168	1.371861	0.000000	0.000000
862.080000	0.538725	-1.138170	1.371859	0.000000	0.000000
862.090000	0.538728	-1.138174	1.371857	0.000000	0.000000
862.100000	0.538731	-1.138177	1.371855	0.000000	0.000000
862.110000	0.538733	-1.138181	1.371852	0.000000	0.000000
862.120000	0.538735	-1.138183	1.371850	0.000000	0.000000
862.130000	0.538737	-1.138185	1.371848	0.000000	0.000000
862.140000	0.538738	-1.138185	1.371845	0.000000	0.000000
862.150000	0.538740	-1.138186	1.371843	0.000000	0.000000
862.160000	0.538741	-1.138187	1.371840	0.000000	0.000000
862.170000	0.538744	-1.138192	1.371838	0.000000	0.000000
862.180000	0.538747	-1.138198	1.371835	0.000000	0.000000
862.190000	0.538750	-1.138205	1.371833	0.000000	0.000000
862.200000	0.538753	-1.138212	1.371830	0.000000	0.000000
862.210000	0.538755	-1.138216	1.371828	0.000000	0.000000
862.220000	0.538757	-1.138219	1.371826	0.000000	0.000000
862.230000	0.538759	-1.138220	1.371824	0.000000	0.000000
862.240000	0.538760	-1.138219	1.371821	0.000000	0.000000
862.250000	0.538760	-1.138217	1.371819	0.000000	0.000000
862.260000	0.538761	-1.138216	1.371817	0.000000	0.000000
862.270000	0.538762	-1.138216	1.371815	0.000000	0.000000
862.280000	0.538763	-1.138216	1.371813	0.000000	0.000000
862.290000	0.538764	-1.138216	1.371812	0.000000	0.000000
862.300000	0.538766	-1.138215	1.371810	0.000000	0.000000
862.310000	0.538767	-1.138215	1.371808	0.000000	0.000000
862.320000	0.538767	-1.138213	1.371806	0.000000	0.000000
862.330000	0.538767	-1.138212	1.371805	0.000000	0.000000
862.340000	0.538767	-1.138210	1.371803	0.000000	0.000000
862.350000	0.538766	-1.138209	1.371801	0.000000	0.000000
862.360000	0.538766	-1.138208	1.371800	0.000000	0.000000
862.370000	0.538766	-1.138207	1.371798	0.000000	0.000000
862.380000	0.538766	-1.138206	1.371797	0.000000	0.000000
862.390000	0.538766	-1.138205	1.371795	0.000000	0.000000
862.400000	0.538765	-1.138204	1.371794	0.000000	0.000000
862.410000	0.538765	-1.138203	1.371793	0.000000	0.000000
862.420000	0.538765	-1.138202	1.371791	0.000000	0.000000
862.430000	0.538765	-1.138200	1.371790	0.000000	0.000000
862.440000	0.538765	-1.138200	1.371788	0.000000	0.000000
862.450000	0.538766	-1.138201	1.371787	0.000000	0.000000
862.460000	0.538768	-1.138205	1.371786	0.000000	0.000000
862.470000	0.538770	-1.138210	1.371784	0.000000	0.000000
862.480000	0.538771	-1.138215	1.371783	0.000000	0.000000
862.490000	0.538772	-1.138220	1.371782	0.000000	0.000000
862.500000	0.538773	-1.138223	1.371781	0.000000	0.000000
862.510000	0.538773	-1.138224	1.371780	0.000000	0.000000
862.520000	0.538773	-1.138224	1.371779	0.000000	0.000000
862.530000	0.538773	-1.138223	1.371778	0.000000	0.000000
862.540000	0.538773	-1.138223	1.371777	0.000000	0.000000
862.550000	0.538773	-1.138223	1.371776	0.000000	0.000000
862.560000	0.538773	-1.138223	1.371776	0.000000	0.000000
862.570000	0.538773	-1.138223	1.371775	0.000000	0.000000
862.580000	0.538772	-1.138224	1.371774	0.000000	0.000000
862.590000	0.538772	-1.138224	1.371774	0.000000	0.000000
862.600000	0.538772	-1.138224	1.371773	0.000000	0.000000
862.610000	0.538771	-1.138224	1.371773	0.000000	0.000000
862.620000	0.538771	-1.138224	1.371772	0.000000	0.000000
862.630000	0.538769	-1.138223	1.371772	0.000000	0.000000
862.640000	0.538768	-1.138221	1.371771	0.000000	0.000000
862.650000	0.538767	-1.138219	1.371771	0.000000	0.000000
862.660000	0.538765	-1.138216	1.371770	0.000000	0.000000
862.670000	0.538764	-1.138213	1.371770	0.000000	0.000000
862.680000	0.538763	-1.138211	1.371769	0.000000	0.000000
862.690000	0.538763	-1.138210	1.371769	0.000000	0.000000
862.700000	0.538762	-1.138209	1.371768	0.000000	0.000000
862.710000	0.538762	-1.138208	1.371767	0.000000	0.000000
862.720000	0.538761	-1.138207	1.371767	0.000000	0.000000
862.730000	0.538761	-1.138206	1.371766	0.000000	0.000000
862.740000	0.538760	-1.138204	1.371765	0.000000	0.000000
862.750000	0.538759	-1.138203	1.371764	0.000000	0.000000
862.760000	0.538760	-1.138203	1.371763	0.000000	0.000000
862.770000	0.538760	-1.138204	1.371762	0.000000	0.000000
862.780000	0.538762	-1.138207	1.371761	0.000000	0.000000
862.790000	0.538763	-1.138210	1.371760	0.000000	0.000000
862.800000	0.538765	-1.138213	1.371759	0.000000	0.000000
862.810000	0.538766	-1.138217	1.371758	0.000000	0.000000
862.820000	0.538768	-1.138222	1.371757	0.000000	0.000000
862.830000	0.538771	-1.138228	1.371756	0.000000	0.000000
862.840000	0.538773	-1.138235	1.371755	0.000000	0.000000
862.850000	0.538776	-1.138242	1.371753	0.000000	0.000000
862.860000	0.538778	-1.138246	1.371752	0.000000	0.000000
862.870000	0.538780	-1.138248	1.371751	0.000000	0.000000
862.880000	0.538781	-1.138250	1.371750	0.000000	0.000000
862.890000	0.538782	-1.138251	1.371748	0.000000	0.000000
862.900000	0.538783	-1.138251	1.371747	0.000000	0.000000
862.910000	0.538783	-1.138250	1.371746	0.000000	0.000000
862.920000	0.538783	-1.138247	1.371745	0.000000	0.000000
862.930000	0.538783	-1.138245	1.371743	0.000000	0.000000
862.940000	0.538784	-1.138244	1.371742	0.000000	0.000000
862.950000	0.538785	-1.138245	1.371741	0.000000	0.000000
862.960000	0.538787	-1.138247	1.371741	0.000000	0.000000
862.970000	0.538789	-1.138249	1.371740	0.000000	0.000000
862.980000	0.538792	-1.138251	1.371739	0.000000	0.000000
862.990000	0.538794	-1.138253	1.371738	0.000000	0.000000
863.000000	0.538796	-1.138254	1.371738	0.000000	0.000000
863.010000	0.538798	-1.138254	1.371737	0.000000	0.000000
863.020000	0.538799	-1.138254	1.371737	0.000000	0.000000
863.030000	0.538801	-1.138254	1.371736	0.000000	0.000000
863.040000	0.538802	-1.138253	1.371736	0.000000	0.000000
863.050000	0.538804	-1.138252	1.371736	0.000000	0.000000
863.060000	0.538805	-1.138252	1.371736	0.000000	0.000000
863.070000	0.538807	-1.138251	1.371735	0.000000	0.000000
863.080000	0.538809	-1.138250	1.371735	0.000000	0.000000
863.090000	0.538810	-1.138248	1.371735	0.000000	0.000000
863.100000	0.538811	-1.138246	1.371735	0.000000	0.000000
863.110000	0.538812	-1.138243	1.371735	0.000000	0.000000
863.120000	0.538813	-1.138240	1.371734	0.000000	0.000000
863.130000	0.538814	-1.138237	1.371734	0.000000	0.000000
863.140000	0.538815	-1.138234	1.371734	0.000000	0.000000
863.150000	0.538815	-1.138231	1.371734	0.000000	0.000000
863.160000	0.538816	-1.138228	1.371734	0.000000	0.000000
863.170000	0.538817	-1.138225	1.371734	0.000000	0.000000
863.180000	0.538817	-1.138223	1.371734	0.000000	0.000000
863.190000	0.538818	-1.138219	1.371733	0.000000	0.000000
863.200000	0.538818	-1.138215	1.371733	0.000000	0.000000
863.210000	0.538818	-1.138210	1.371733	0.000000	0.000000
863.220000	0.538818	-1.138205	1.371733	0.000000	0.000000
863.230000	0.538819	-1.138201	1.371733	0.000000	0.000000
863.240000	0.538819	-1.138199	1.371732	0.000000	0.000000
863.250000	0.538820	-1.138197	1.371732	0.000000	0.000000
863.260000	0.538821	-1.138195	1.371732	0.000000	0.000000
863.270000	0.538821	-1.138191	1.371732	0.000000	0.000000
863.280000	0.538821	-1.138186	1.371731	0.000000	0.000000
863.290000	0.538821	-1.138183	1.371731	0.000000	0.000000
863.300000	0.538822	-1.138184	1.371731	0.000000	0.000000
863.310000	0.538824	-1.138186	1.371731	0.000000	0.000000
863.320000	0.538826	-1.138188	1.371731	0.000000	0.000000
863.330000	0.538829	-1.138190	1.371731	0.000000	0.000000
863.340000	0.538830	-1.138191	1.371731	0.000000	0.000000
863.350000	0.538832	-1.138190	1.371731	0.000000	0.000000
863.360000	0.538833	-1.138188	1.371732	0.000000	0.000000
863.370000	0.538834	-1.138185	1.371732	0.000000	0.000000
863.380000	0.538835	-1.138183	1.371733	0.000000	0.000000
863.390000	0.538836	-1.138182	1.371733	0.000000	0.000000
863.400000	0.538837	-1.138181	1.371734	0.000000	0.000000
863.410000	0.538838	-1.138180	1.371734	0.000000	0.000000
863.420000	0.538839	-1.138179	1.371735	0.000000	0.000000
863.430000	0.538840	-1.138178	1.371736	0.000000	0.000000
863.440000	0.538841	-1.138177	1.371737	0.000000	0.000000
863.450000	0.538842	-1.138176	1.371738	0.000000	0.000000
863.460000	0.538842	-1.138174	1.371738	0.000000	0.000000
863.470000	0.538842	-1.138171	1.371739	0.000000	0.000000
863.480000	0.538842	-1.138167	1.371740	0.000000	0.000000
863.490000	0.538842	-1.138163	1.371741	0.000000	0.000000
863.500000	0.538841	-1.138157	1.371742	0.000000	0.000000
863.510000	0.538841	-1.138151	1.371743	0.000000	0.000000
863.520000	0.538840	-1.138146	1.371744	0.000000	0.000000
863.530000	0.538840	-1.138142	1.371745	0.000000	0.000000
863.540000	0.538840	-1.138139	1.371746	0.000000	0.000000
863.550000	0.538841	-1.138138	1.371747	0.000000	0.000000
863.560000	0.538842	-1.138138	1.371748	0.000000	0.000000
863.570000	0.538844	-1.138140	1.371749	0.000000	0.000000
863.580000	0.538847	-1.138143	1.371750	0.000000	0.000000
863.590000	0.538850	-1.138147	1.371751	0.000000	0.000000
863.600000	0.538853	-1.138151	1.371752	0.000000	0.000000
863.610000	0.538855	-1.138154	1.371753	0.000000	0.000000
863.620000	0.538858	-1.138155	1.371754	0.000000	0.000000
863.630000	0.538859	-1.138154	1.371755	0.000000	0.000000
863.640000	0.538860	-1.138151	1.371756	0.000000	0.000000
863.650000	0.538861	-1.138147	1.371757	0.000000	0.000000
863.660000	0.538861	-1.138143	1.371758	0.000000	0.000000
863.670000	0.538862	-1.138141	1.371759	0.000000	0.000000
863.680000	0.538864	-1.138138	1.371760	0.000000	0.000000
863.690000	0.538865	-1.138136	1.371761	0.000000	0.000000
863.700000	0.538867	-1.138134	1.371762	0.000000	0.000000
863.710000	0.538869	-1.138132	1.371763	0.000000	0.000000
863.720000	0.538870	-1.138129	1.371764	0.000000	0.000000
863.730000	0.538872	-1.138125	1.371766	0.000000	0.000000
863.740000	0.538874	-1.138121	1.371767	0.000000	0.000000
863.750000	0.538875	-1.138116	1.371768	0.000000	0.000000
863.760000	0.538876	-1.138109	1.371770	0.000000	0.000000
863.770000	0.538877	-1.138102	1.371771	0.000000	0.000000
863.780000	0.538878	-1.138095	1.371772	0.000000	0.000000
863.790000	0.538878	-1.138087	1.371774	0.000000	0.000000
863.800000	0.538879	-1.138081	1.371775	0.000000	0.000000
863.810000	0.538881	-1.138075	1.371777	0.000000	0.000000
863.820000	0.538883	-1.138069	1.371778	0.000000	0.000000
863.830000	0.538885	-1.138065	1.371780	0.000000	0.000000
863.840000	0.538887	-1.138061	1.371782	0.000000	0.000000
863.850000	0.538889	-1.138057	1.371783	0.000000	0.000000
863.860000	0.538891	-1.138053	1.371785	0.000000	0.000000
863.870000	0.538893	-1.138049	1.371787	0.000000	0.000000
863.880000	0.538896	-1.138045	1.371788	0.000000	0.000000
863.890000	0.538898	-1.138041	1.371790	0.000000	0.000000
863.900000	0.538900	-1.138036	1.371791	0.000000	0.000000
863.910000	0.538901	-1.138031	1.371793	0.000000	0.000000
863.920000	0.538903	-1.138025	1.371795	0.000000	0.000000
863.930000	0.538905	-1.138018	1.371796	0.000000	0.000000
863.940000	0.538907	-1.138012	1.371798	0.000000	0.000000
863.950000	0.538910	-1.138006	1.371800	0.000000	0.000000
863.960000	0.538913	-1.138000	1.371801	0.000000	0.000000
863.970000	0.538915	-1.137995	1.371803	0.000000	0.000000
863.980000	0.538918	-1.137989	1.371804	0.000000	0.000000
863.990000	0.538920	-1.137982	1.371806	0.000000	0.000000
864.000000	0.538921	-1.137973	1.371808	0.000000	0.000000
864.010000	0.538922	-1.137962	1.371809	0.000000	0.000000
864.020000	0.538923	-1.137952	1.371811	0.000000	0.000000
864.030000	0.538925	-1.137942	1.371812	0.000000	0.000000
864.040000	0.538926	-1.137935	1.371813	0.000000	0.000000
864.050000	0.538929	-1.137928	1.371815	0.000000	0.000000
864.060000	0.538931	-1.137923	1.371816	0.000000	0.000000
864.070000	0.538935	-1.137918	1.371818	0.000000	0.000000
864.080000	0.538938	-1.137913	1.371819	0.000000	0.000000
864.090000	0.538942	-1.137908	1.371820	0.000000	0.000000
864.100000	0.538945	-1.137901	1.371822	0.000000	0.000000
864.110000	0.538948	-1.137894	1.371823	0.000000	0.000000
864.120000	0.538951	-1.137885	1.371824	0.000000	0.000000
864.130000	0.538953	-1.137876	1.371826	0.000000	0.000000
864.140000	0.538955	-1.137867	1.371827	0.000000	0.000000
864.150000	0.538957	-1.137857	1.371828	0.000000	0.000000
864.160000	0.538959	-1.137847	1.371829	0.000000	0.000000
864.170000	0.538961	-1.137838	1.371830	0.000000	0.000000
864.180000	0.538964	-1.137830	1.371831	0.000000	0.000000
864.190000	0.538967	-1.137824	1.371832	0.000000	0.000000
864.200000	0.538971	-1.137820	1.371833	0.000000	0.000000
864.210000	0.538974	-1.137816	1.371834	0.000000	0.000000
864.220000	0.538977	-1.137813	1.371835	0.000000	0.000000
864.230000	0.538980	-1.137810	1.371836	0.000000	0.000000
864.240000	0.538983	-1.137806	1.371836	0.000000	0.000000
864.250000	0.538986	-1.137803	1.371837	0.000000	0.000000
864.260000	0.538990	-1.137799	1.371838	0.000000	0.000000
864.270000	0.538993	-1.137796	1.371839	0.000000	0.000000
864.280000	0.538996	-1.137793	1.371840	0.000000	0.000000
864.290000	0.538999	-1.137789	1.371841	0.000000	0.000000
864.300000	0.539002	-1.137783	1.371842	0.000000	0.000000
864.310000	0.539004	-1.137776	1.371843	0.000000	0.000000
864.320000	0.539007	-1.137766	1.371844	0.000000	0.000000
864.330000	0.539007	-1.137755	1.371845	0.000000	0.000000
864.340000	0.539008	-1.137743	1.371847	0.000000	0.000000
864.350000	0.539008	-1.137733	1.371848	0.000000	0.000000
864.360000	0.539009	-1.137723	1.371849	0.000000	0.000000
864.370000	0.539011	-1.137715	1.371850	0.000000	0.000000
864.380000	0.539013	-1.137709	1.371851	0.000000	0.000000
864.390000	0.539017	-1.137704	1.371853	0.000000	0.000000
864.400000	0.539020	-1.137701	1.371854	0.000000	0.000000
864.410000	0.539024	-1.137699	1.371855	0.000000	0.000000
864.420000	0.539028	-1.137697	1.371856	0.000000	0.000000
864.430000	0.539031	-1.137695	1.371857	0.000000	0.000000
864.440000	0.539034	-1.137690	1.371859	0.000000	0.000000
864.450000	0.539035	-1.137683	1.371860	0.000000	0.000000
864.460000	0.539038	-1.137677	1.371861	0.000000	0.000000
864.470000	0.539042	-1.137675	1.371862	0.000000	0.000000
864.480000	0.539046	-1.137675	1.371864	0.000000	0.000000
864.490000	0.539050	-1.137675	1.371865	0.000000	0.000000
864.500000	0.539054	-1.137673	1.371866	0.000000	0.000000
864.510000	0.539057	-1.137671	1.371868	0.000000	0.000000
864.520000	0.539060	-1.137667	1.371869	0.000000	0.000000
864.530000	0.539062	-1.137662	1.371871	0.000000	0.000000
864.540000	0.539064	-1.137656	1.371873	0.000000	0.000000
864.550000	0.539066	-1.137649	1.371874	0.000000	0.000000
864.560000	0.539067	-1.137641	1.371876	0.000000	0.000000
864.570000	0.539067	-1.137632	1.371878	0.000000	0.000000
864.580000	0.539067	-1.137622	1.371880	0.000000	0.000000
864.590000	0.539067	-1.137610	1.371882	0.000000	0.000000
864.600000	0.539067	-1.137598	1.371884	0.000000	0.000000
864.610000	0.539066	-1.137585	1.371886	0.000000	0.000000
864.620000	0.539065	-1.137572	1.371888	0.000000	0.000000
864.630000	0.539065	-1.137559	1.371890	0.000000	0.000000
864.640000	0.539064	-1.137547	1.371892	0.000000	0.000000
864.650000	0.539065	-1.137537	1.371894	0.000000	0.000000
864.660000	0.539065	-1.137529	1.371896	0.000000	0.000000
864.670000	0.539067	-1.137522	1.371898	0.000000	0.000000
864.680000	0.539068	-1.137515	1.371900	0.000000	0.000000
864.690000	0.539069	-1.137509	1.371902	0.000000	0.000000
864.700000	0.539070	-1.137503	1.371904	0.000000	0.000000
864.710000	0.539071	-1.137497	1.371906	0.000000	0.000000
864.720000	0.539072	-1.137492	1.371908	0.000000	0.000000
864.730000	0.539073	-1.137487	1.371910	0.000000	0.000000
864.740000	0.539074	-1.137483	1.371912	0.000000	0.000000
864.750000	0.539076	-1.137479	1.371914	0.000000	0.000000
864.760000	0.539076	-1.137474	1.371916	0.000000	0.000000
864.770000	0.539077	-1.137469	1.371917	0.000000	0.000000
864.780000	0.539077	-1.137462	1.371919	0.000000	0.000000
864.790000	0.539077	-1.137454	1.371921	0.000000	0.000000
864.800000	0.539077	-1.137446	1.371923	0.000000	0.000000
864.810000	0.539076	-1.137437	1.371925	0.000000	0.000000
864.820000	0.539074	-1.137430	1.371927	0.000000	0.000000
864.830000	0.539074	-1.137423	1.371929	0.000000	0.000000
864.840000	0.539073	-1.137416	1.371931	0.000000	0.000000
864.850000	0.539073	-1.137409	1.371933	0.000000	0.000000
864.860000	0.539072	-1.137402	1.371935	0.000000	0.000000
864.870000	0.539072	-1.137395	1.371937	0.000000	0.000000
864.880000	0.539071	-1.137387	1.371939	0.000000	0.000000
864.890000	0.539070	-1.137378	1.371941	0.000000	0.000000
864.900000	0.539069	-1.137370	1.371943	0.000000	0.000000
864.910000	0.539069	-1.137362	1.371945	0.000000	0.000000
864.920000	0.539068	-1.137354	1.371947	0.000000	0.000000
864.930000	0.539068	-1.137347	1.371949	0.000000	0.000000
864.940000	0.539067	-1.137340	1.371951	0.000000	0.000000
864.950000	0.539067	-1.137336	1.371953	0.000000	0.000000
864.960000	0.539067	-1.137332	1.371955	0.000000	0.000000
864.970000	0.539067	-1.137328	1.371956	0.000000	0.000000
864.980000	0.539067	-1.137323	1.371958	0.000000	0.000000
864.990000	0.539067	-1.137317	1.371960	0.000000	0.000000
865.000000	0.539066	-1.137311	1.371961	0.000000	0.000000
865.010000	0.539066	-1.137306	1.371963	0.000000	0.000000
865.020000	0.539065	-1.137301	1.371964	0.000000	0.000000
865.030000	0.539065	-1.137299	1.371966	0.000000	0.000000
865.040000	0.539065	-1.137297	1.371967	0.000000	0.000000
865.050000	0.539065	-1.137295	1.371969	0.000000	0.000000
865.060000	0.539064	-1.137292	1.371970	0.000000	0.000000
865.070000	0.539063	-1.137287	1.371972	0.000000	0.000000
865.080000	0.539062	-1.137281	1.371973	0.000000	0.000000
865.090000	0.539060	-1.137275	1.371975	0.000000	0.000000
865.100000	0.539058	-1.137267	1.371976	0.000000	0.000000
865.110000	0.539056	-1.137259	1.371978	0.000000	0.000000
865.120000	0.539054	-1.137251	1.371979	0.000000	0.000000
865.130000	0.539052	-1.137243	1.371981	0.000000	0.000000
865.140000	0.539051	-1.137237	1.371982	0.000000	0.000000
865.150000	0.539049	-1.137233	1.371984	0.000000	0.000000
865.160000	0.539048	-1.137230	1.371985	0.000000	0.000000
865.170000	0.539047	-1.137227	1.371987	0.000000	0.000000
865.180000	0.539047	-1.137225	1.371988	0.000000	0.000000
865.190000	0.539046	-1.137222	1.371990	0.000000	0.000000
865.200000	0.539044	-1.137219	1.371991	0.000000	0.000000
865.210000	0.539043	-1.137216	1.371993	0.000000	0.000000
865.220000	0.539041	-1.137212	1.371995	0.000000	0.000000
865.230000	0.539039	-1.137206	1.371996	0.000000	0.000000
865.240000	0.539036	-1.137200	1.371998	0.000000	0.000000
865.250000	0.539034	-1.137192	1.371999	0.000000	0.000000
865.260000	0.539031	-1.137185	1.372001	0.000000	0.000000
865.270000	0.539030	-1.137179	1.372002	0.000000	0.000000
865.280000	0.539028	-1.137173	1.372004	0.000000	0.000000
865.290000	0.539027	-1.137169	1.372006	0.000000	0.000000
865.300000	0.539027	-1.137166	1.372007	0.000000	0.000000
865.310000	0.539027	-1.137164	1.372009	0.000000	0.000000
865.320000	0.539027	-1.137164	1.372010	0.000000	0.000000
865.330000	0.539028	-1.137165	1.372012	0.000000	0.000000
865.340000	0.539029	-1.137165	1.372013	0.000000	0.000000
865.350000	0.539029	-1.137165	1.372015	0.000000	0.000000
865.360000	0.539029	-1.137161	1.372017	0.000000	0.000000
865.370000	0.539028	-1.137154	1.372018	0.000000	0.000000
865.380000	0.539026	-1.137146	1.372020	0.000000	0.000000
865.390000	0.539025	-1.137139	1.372021	0.000000	0.000000
865.400000	0.539024	-1.137135	1.372023	0.000000	0.000000
865.410000	0.539024	-1.137133	1.372025	0.000000	0.000000
865.420000	0.539024	-1.137131	1.372026	0.000000	0.000000
865.430000	0.539024	-1.137130	1.372028	0.000000	0.000000
865.440000	0.539024	-1.137129	1.372030	0.000000	0.000000
865.450000	0.539024	-1.137127	1.372031	0.000000	0.000000
865.460000	0.539024	-1.137125	1.372033	0.000000	0.000000
865.470000	0.539023	-1.137122	1.372035	0.000000	0.000000
865.480000	0.539021	-1.137118	1.372037	0.000000	0.000000
865.490000	0.539019	-1.137113	1.372038	0.000000	0.000000
865.500000	0.539017	-1.137107	1.372040	0.000000	0.000000
865.510000	0.539015	-1.137101	1.372042	0.000000	0.000000
865.520000	0.539013	-1.137094	1.372044	0.000000	0.000000
865.530000	0.539011	-1.137089	1.372045	0.000000	0.000000
865.540000	0.539009	-1.137084	1.372047	0.000000	0.000000
865.550000	0.539007	-1.137079	1.372048	0.000000	0.000000
865.560000	0.539006	-1.137076	1.372050	0.000000	0.000000
865.570000	0.539004	-1.137071	1.372051	0.000000	0.000000
865.580000	0.539002	-1.137067	1.372053	0.000000	0.000000
865.590000	0.539000	-1.137062	1.372054	0.000000	0.000000
865.600000	0.538998	-1.137057	1.372055	0.000000	0.000000
865.610000	0.538996	-1.137052	1.372056	0.000000	0.000000
865.620000	0.538995	-1.137050	1.372058	0.000000	0.000000
865.630000	0.538995	-1.137049	1.372059	0.000000	0.000000
865.640000	0.538995	-1.137050	1.372060	0.000000	0.000000
865.650000	0.538996	-1.137052	1.372061	0.000000	0.000000
865.660000	0.538996	-1.137053	1.372062	0.000000	0.000000
865.670000	0.538997	-1.137054	1.372063	0.000000	0.000000
865.680000	0.538996	-1.137054	1.372064	0.000000	0.000000
865.690000	0.538995	-1.137054	1.372065	0.000000	0.000000
865.700000	0.538994	-1.137053	1.372066	0.000000	0.000000
865.710000	0.538994	-1.137051	1.372067	0.000000	0.000000
865.720000	0.538993	-1.137049	1.372068	0.000000	0.000000
865.730000	0.538991	-1.137045	1.372069	0.000000	0.000000
865.740000	0.538990	-1.137041	1.372070	0.000000	0.000000
865.750000	0.538988	-1.137036	1.372071	0.000000	0.000000
865.760000	0.538987	-1.137031	1.372072	0.000000	0.000000
865.770000	0.538986	-1.137025	1.372072	0.000000	0.000000
865.780000	0.538984	-1.137020	1.372073	0.000000	0.000000
865.790000	0.538983	-1.137013	1.372074	0.000000	0.000000
865.800000	0.538982	-1.137007	1.372074	0.000000	0.000000
865.810000	0.538981	-1.137000	1.372075	0.000000	0.000000
865.820000	0.538980	-1.136994	1.372075	0.000000	0.000000
865.830000	0.538979	-1.136990	1.372075	0.000000	0.000000
865.840000	0.538979	-1.136988	1.372076	0.000000	0.000000
865.850000	0.538979	-1.136988	1.372076	0.000000	0.000000
865.860000	0.538980	-1.136990	1.372077	0.000000	0.000000
865.870000	0.538981	-1.136992	1.372077	0.000000	0.000000
865.880000	0.538983	-1.136996	1.372077	0.000000	0.000000
865.890000	0.538985	-1.136999	1.372078	0.000000	0.000000
865.900000	0.538986	-1.137003	1.372078	0.000000	0.000000
865.910000	0.538988	-1.137006	1.372078	0.000000	0.000000
865.920000	0.538988	-1.137006	1.372078	0.000000	0.000000
865.930000	0.538988	-1.137003	1.372079	0.000000	0.000000
865.940000	0.538987	-1.136998	1.372079	0.000000	0.000000
865.950000	0.538986	-1.136993	1.372079	0.000000	0.000000
865.960000	0.538986	-1.136990	1.372079	0.000000	0.000000
865.970000	0.538986	-1.136989	1.372080	0.000000	0.000000
865.980000	0.538987	-1.136988	1.372080	0.000000	0.000000
865.990000	0.538988	-1.136988	1.372080	0.000000	0.000000
866.000000	0.538989	-1.136987	1.372081	0.000000	0.000000
866.010000	0.538989	-1.136987	1.372081	0.000000	0.000000
866.020000	0.538989	-1.136986	1.372081	0.000000	0.000000
866.030000	0.538990	-1.136983	1.372082	0.000000	0.000000
866.040000	0.538990	-1.136980	1.372082	0.000000	0.000000
866.050000	0.538989	-1.136976	1.372082	0.000000	0.000000
866.060000	0.538988	-1.136971	1.372083	0.000000	0.000000
866.070000	0.538987	-1.136965	1.372083	0.000000	0.000000
866.080000	0.538986	-1.136960	1.372083	0.000000	0.000000
866.090000	0.538985	-1.136956	1.372084	0.000000	0.000000
866.100000	0.538984	-1.136952	1.372084	0.000000	0.000000
866.110000	0.538983	-1.136948	1.372085	0.000000	0.000000
866.120000	0.538983	-1.136944	1.372085	0.000000	0.000000
866.130000	0.538981	-1.136940	1.372085	0.000000	0.000000
866.140000	0.538980	-1.136936	1.372086	0.000000	0.000000
866.150000	0.538979	-1.136931	1.372086	0.000000	0.000000
866.160000	0.538977	-1.136925	1.372087	0.000000	0.000000
866.170000	0.538975	-1.136919	1.372087	0.000000	0.000000
866.180000	0.538973	-1.136912	1.372088	0.000000	0.000000
866.190000	0.538972	-1.136905	1.372088	0.000000	0.000000
866.200000	0.538970	-1.136899	1.372089	0.000000	0.000000
866.210000	0.538968	-1.136893	1.372089	0.000000	0.000000
866.220000	0.538967	-1.136887	1.372090	0.000000	0.000000
866.230000	0.538966	-1.136883	1.372090	0.000000	0.000000
866.240000	0.538966	-1.136880	1.372090	0.000000	0.000000
866.250000	0.538966	-1.136879	1.372091	0.000000	0.000000
866.260000	0.538968	-1.136880	1.372091	0.000000	0.000000
866.270000	0.538969	-1.136883	1.372091	0.000000	0.000000
866.280000	0.538970	-1.136886	1.372092	0.000000	0.000000
866.290000	0.538972	-1.136889	1.372092	0.000000	0.000000
866.300000	0.538973	-1.136890	1.372092	0.000000	0.000000
866.310000	0.538973	-1.136889	1.372092	0.000000	0.000000
866.320000	0.538973	-1.136887	1.372093	0.000000	0.000000
866.330000	0.538972	-1.136883	1.372093	0.000000	0.000000
866.340000	0.538971	-1.136879	1.372093	0.000000	0.000000
866.350000	0.538971	-1.136874	1.372093	0.000000	0.000000
866.360000	0.538971	-1.136871	1.372093	0.000000	0.000000
866.370000	0.538971	-1.136867	1.372093	0.000000	0.000000
866.380000	0.538971	-1.136864	1.372093	0.000000	0.000000
866.390000	0.538971	-1.136861	1.372093	0.000000	0.000000
866.400000	0.538971	-1.136856	1.372093	0.000000	0.000000
866.410000	0.538970	-1.136850	1.372093	0.000000	0.000000
866.420000	0.538969	-1.136842	1.372093	0.000000	0.000000
866.430000	0.538967	-1.136833	1.372093	0.000000	0.000000
866.440000	0.538964	-1.136822	1.372093	0.000000	0.000000
866.450000	0.538962	-1.136811	1.372093	0.000000	0.000000
866.460000	0.538959	-1.136800	1.372093	0.000000	0.000000
866.470000	0.538957	-1.136789	1.372093	0.000000	0.000000
866.480000	0.538955	-1.136781	1.372093	0.000000	0.000000
866.490000	0.538954	-1.136774	1.372094	0.000000	0.000000
866.500000	0.538954	-1.136769	1.372094	0.000000	0.000000
866.510000	0.538955	-1.136766	1.372094	0.000000	0.000000
866.520000	0.538956	-1.136765	1.372094	0.000000	0.000000
866.530000	0.538958	-1.136763	1.372094	0.000000	0.000000
866.540000	0.538960	-1.136762	1.372094	0.000000	0.000000
866.550000	0.538962	-1.136760	1.372094	0.000000	0.000000
866.560000	0.538964	-1.136759	1.372094	0.000000	0.000000
866.570000	0.538966	-1.136757	1.372094	0.000000	0.000000
866.580000	0.538968	-1.136755	1.372094	0.000000	0.000000
866.590000	0.538970	-1.136753	1.372093	0.000000	0.000000
866.600000	0.538972	-1.136751	1.372093	0.000000	0.000000
866.610000	0.538974	-1.136750	1.372093	0.000000	0.000000
866.620000	0.538976	-1.136749	1.372093	0.000000	0.000000
866.630000	0.538979	-1.136747	1.372093	0.000000	0.000000
866.640000	0.538981	-1.136746	1.372093	0.000000	0.000000
866.650000	0.538983	-1.136745	1.372093	0.000000	0.000000
866.660000	0.538985	-1.136744	1.372093	0.000000	0.000000
866.670000	0.538987	-1.136742	1.372093	0.000000	0.000000
866.680000	0.538989	-1.136741	1.372093	0.000000	0.000000
866.690000	0.538991	-1.136740	1.372093	0.000000	0.000000
866.700000	0.538994	-1.136739	1.372093	0.000000	0.000000
866.710000	0.538997	-1.136738	1.372094	0.000000	0.000000
866.720000	0.538999	-1.136737	1.372094	0.000000	0.000000
866.730000	0.539002	-1.136734	1.372094	0.000000	0.000000
866.740000	0.539004	-1.136729	1.372094	0.000000	0.000000
866.750000	0.539005	-1.136723	1.372095	0.000000	0.000000
866.760000	0.539007	-1.136717	1.372095	0.000000	0.000000
866.770000	0.539008	-1.136710	1.372095	0.000000	0.000000
866.780000	0.539008	-1.136702	1.372096	0.000000	0.000000
866.790000	0.539008	-1.136694	1.372096	0.000000	0.000000
866.800000	0.539008	-1.136685	1.372096	0.000000	0.000000
866.810000	0.539008	-1.136678	1.372096	0.000000	0.000000
866.820000	0.539010	-1.136673	1.372097	0.000000	0.000000
866.830000	0.539012	-1.136670	1.372097	0.000000	0.000000
866.840000	0.539013	-1.136666	1.372097	0.000000	0.000000
866.850000	0.539014	-1.136660	1.372097	0.000000	0.000000
866.860000	0.539015	-1.136653	1.372097	0.000000	0.000000
866.870000	0.539016	-1.136645	1.372097	0.000000	0.000000
866.880000	0.539017	-1.136639	1.372097	0.000000	0.000000
866.890000	0.539018	-1.136634	1.372097	0.000000	0.000000
866.900000	0.539019	-1.136627	1.372097	0.000000	0.000000
866.910000	0.539019	-1.136621	1.372096	0.000000	0.000000
866.920000	0.539020	-1.136615	1.372096	0.000000	0.000000
866.930000	0.539022	-1.136612	1.372096	0.000000	0.000000
866.940000	0.539024	-1.136609	1.372096	0.000000	0.000000
866.950000	0.539027	-1.136608	1.372096	0.000000	0.000000
866.960000	0.539029	-1.136607	1.372096	0.000000	0.000000
866.970000	0.539031	-1.136605	1.372095	0.000000	0.000000
866.980000	0.539033	-1.136602	1.372095	0.000000	0.000000
866.990000	0.539035	-1.136600	1.372095	0.000000	0.000000
867.000000	0.539037	-1.136596	1.372095	0.000000	0.000000
867.010000	0.539039	-1.136592	1.372095	0.000000	0.000000
867.020000	0.539041	-1.136586	1.372095	0.000000	0.000000
867.030000	0.539042	-1.136580	1.372095	0.000000	0.000000
867.040000	0.539043	-1.136573	1.372095	0.000000	0.000000
867.050000	0.539044	-1.136564	1.372095	0.000000	0.000000
867.060000	0.539045	-1.136555	1.372096	0.000000	0.000000
867.070000	0.539045	-1.136546	1.372096	0.000000	0.000000
867.080000	0.539046	-1.136538	1.372096	0.000000	0.000000
867.090000	0.539048	-1.136530	1.372096	0.000000	0.000000
867.100000	0.539049	-1.136522	1.372096	0.000000	0.000000
867.110000	0.539050	-1.136513	1.372096	0.000000	0.000000
867.120000	0.539052	-1.136504	1.372097	0.000000	0.000000
867.130000	0.539053	-1.136496	1.372097	0.000000	0.000000
867.140000	0.539054	-1.136488	1.372097	0.000000	0.000000
867.150000	0.539056	-1.136483	1.372097	0.000000	0.000000
867.160000	0.539059	-1.136482	1.372098	0.000000	0.000000
867.170000	0.539063	-1.136483	1.372098	0.000000	0.000000
867.180000	0.539068	-1.136486	1.372099	0.000000	0.000000
867.190000	0.539072	-1.136489	1.372099	0.000000	0.000000
867.200000	0.539077	-1.136491	1.372100	0.000000	0.000000
867.210000	0.539080	-1.136492	1.372100	0.000000	0.000000
867.220000	0.539083	-1.136490	1.372101	0.000000	0.000000
867.230000	0.539085	-1.136485	1.372101	0.000000	0.000000
867.240000	0.539087	-1.136477	1.372102	0.000000	0.000000
867.250000	0.539088	-1.136468	1.372103	0.000000	0.000000
867.260000	0.539089	-1.136460	1.372104	0.000000	0.000000
867.270000	0.539091	-1.136453	1.372104	0.000000	0.000000
867.280000	0.539093	-1.136447	1.372105	0.000000	0.000000
867.290000	0.539096	-1.136442	1.372106	0.000000	0.000000
867.300000	0.539099	-1.136437	1.372107	0.000000	0.000000
867.310000	0.539102	-1.136433	1.372108	0.000000	0.000000
867.320000	0.539105	-1.136431	1.372109	0.000000	0.000000
867.330000	0.539107	-1.136428	1.372110	0.000000	0.000000
867.340000	0.539110	-1.136427	1.372111	0.000000	0.000000
867.350000	0.539113	-1.136425	1.372112	0.000000	0.000000
867.360000	0.539116	-1.136424	1.372113	0.000000	0.000000
867.370000	0.539118	-1.136423	1.372114	0.000000	0.000000
867.380000	0.539121	-1.136422	1.372114	0.000000	0.000000
867.390000	0.539123	-1.136420	1.372115	0.000000	0.000000
867.400000	0.539125	-1.136417	1.372116	0.000000	0.000000
867.410000	0.539126	-1.136413	1.372117	0.000000	0.000000
867.420000	0.539128	-1.136408	1.372118	0.000000	0.000000
867.430000	0.539129	-1.136402	1.372119	0.000000	0.000000
867.440000	0.539130	-1.136397	1.372120	0.000000	0.000000
867.450000	0.539132	-1.136393	1.372120	0.000000	0.000000
867.460000	0.539134	-1.136391	1.372121	0.000000	0.000000
867.470000	0.539136	-1.136390	1.372122	0.000000	0.000000
867.480000	0.539139	-1.136390	1.372123	0.000000	0.000000
867.490000	0.539141	-1.136390	1.372124	0.000000	0.000000
867.500000	0.539144	-1.136390	1.372125	0.000000	0.000000
867.510000	0.539146	-1.136389	1.372126	0.000000	0.000000
867.520000	0.539149	-1.136389	1.372127	0.000000	0.000000
867.530000	0.539151	-1.136388	1.372128	0.000000	0.000000
867.540000	0.539152	-1.136387	1.372129	0.000000	0.000000
867.550000	0.539153	-1.136384	1.372130	0.000000	0.000000
867.560000	0.539153	-1.136380	1.372131	0.000000	0.000000
867.570000	0.539153	-1.136375	1.372132	0.000000	0.000000
867.580000	0.539153	-1.136370	1.372133	0.000000	0.000000
867.590000	0.539153	-1.136365	1.372134	0.000000	0.000000
867.600000	0.539153	-1.136360	1.372135	0.000000	0.000000
867.610000	0.539153	-1.136356	1.372135	0.000000	0.000000
867.620000	0.539153	-1.136354	1.372136	0.000000	0.000000
867.630000	0.539154	-1.136351	1.372137	0.000000	0.000000
867.640000	0.539154	-1.136349	1.372138	0.000000	0.000000
867.650000	0.539154	-1.136344	1.372139	0.000000	0.000000
867.660000	0.539153	-1.136338	1.372140	0.000000	0.000000
867.670000	0.539152	-1.136331	1.372140	0.000000	0.000000
867.680000	0.539152	-1.136326	1.372141	0.000000	0.000000
867.690000	0.539152	-1.136322	1.372142	0.000000	0.000000
867.700000	0.539153	-1.136321	1.372143	0.000000	0.000000
867.710000	0.539154	-1.136321	1.372143	0.000000	0.000000
867.720000	0.539156	-1.136321	1.372144	0.000000	0.000000
867.730000	0.539157	-1.136323	1.372144	0.000000	0.000000
867.740000	0.539159	-1.136326	1.372145	0.000000	0.000000
867.750000	0.539161	-1.136329	1.372145	0.000000	0.000000
867.760000	0.539163	-1.136332	1.372146	0.000000	0.000000
867.770000	0.539165	-1.136335	1.372146	0.000000	0.000000
867.780000	0.539167	-1.136338	1.372147	0.000000	0.000000
867.790000	0.539169	-1.136340	1.372147	0.000000	0.000000
867.800000	0.539170	-1.136342	1.372147	0.000000	0.000000
867.810000	0.539171	-1.136343	1.372148	0.000000	0.000000
867.820000	0.539173	-1.136344	1.372148	0.000000	0.000000
867.830000	0.539174	-1.136344	1.372148	0.000000	0.000000
867.840000	0.539175	-1.136344	1.372148	0.000000	0.000000
867.850000	0.539175	-1.136344	1.372149	0.000000	0.000000
867.860000	0.539176	-1.136342	1.372149	0.000000	0.000000
867.870000	0.539176	-1.136341	1.372149	0.000000	0.000000
867.880000	0.539177	-1.136339	1.372150	0.000000	0.000000
867.890000	0.539178	-1.136339	1.372150	0.000000	0.000000
867.900000	0.539180	-1.136340	1.372150	0.000000	0.000000
867.910000	0.539182	-1.136342	1.372151	0.000000	0.000000
867.920000	0.539184	-1.136343	1.372151	0.000000	0.000000
867.930000	0.539186	-1.136343	1.372152	0.000000	0.000000
867.940000	0.539188	-1.136342	1.372153	0.000000	0.000000
867.950000	0.539189	-1.136340	1.372153	0.000000	0.000000
867.960000	0.539191	-1.136338	1.372154	0.000000	0.000000
867.970000	0.539192	-1.136336	1.372155	0.000000	0.000000
867.980000	0.539192	-1.136333	1.372156	0.000000	0.000000
867.990000	0.539192	-1.136329	1.372156	0.000000	0.000000
868.000000	0.539193	-1.136325	1.372157	0.000000	0.000000
868.010000	0.539193	-1.136321	1.372158	0.000000	0.000000
868.020000	0.539193	-1.136317	1.372159	0.000000	0.000000
868.030000	0.539194	-1.136313	1.372160	0.000000	0.000000
868.040000	0.539194	-1.136309	1.372161	0.000000	0.000000
868.050000	0.539196	-1.136306	1.372162	0.000000	0.000000
868.060000	0.539197	-1.136304	1.372163	0.000000	0.000000
868.070000	0.539199	-1.136304	1.372163	0.000000	0.000000
868.080000	0.539202	-1.136305	1.372164	0.000000	0.000000
868.090000	0.539205	-1.136308	1.372165	0.000000	0.000000
868.100000	0.539208	-1.136312	1.372166	0.000000	0.000000
868.110000	0.539210	-1.136315	1.372167	0.000000	0.000000
868.120000	0.539212	-1.136315	1.372167	0.000000	0.000000
868.130000	0.539213	-1.136315	1.372168	0.000000	0.000000
868.140000	0.539214	-1.136314	1.372169	0.000000	0.000000
868.150000	0.539216	-1.136316	1.372170	0.000000	0.000000
868.160000	0.539219	-1.136318	1.372171	0.000000	0.000000
868.170000	0.539221	-1.136321	1.372171	0.000000	0.000000
868.180000	0.539223	-1.136325	1.372172	0.000000	0.000000
868.190000	0.539225	-1.136329	1.372173	0.000000	0.000000
868.200000	0.539228	-1.136334	1.372174	0.000000	0.000000
868.210000	0.539230	-1.136339	1.372175	0.000000	0.000000
868.220000	0.539233	-1.136343	1.372176	0.000000	0.000000
868.230000	0.539235	-1.136347	1.372177	0.000000	0.000000
868.240000	0.539237	-1.136350	1.372178	0.000000	0.000000
868.250000	0.539239	-1.136353	1.372179	0.000000	0.000000
868.260000	0.539241	-1.136356	1.372181	0.000000	0.000000
868.270000	0.539242	-1.136358	1.372182	0.000000	0.000000
868.280000	0.539243	-1.136358	1.372183	0.000000	0.000000
868.290000	0.539243	-1.136355	1.372185	0.000000	0.000000
868.300000	0.539241	-1.136351	1.372186	0.000000	0.000000
868.310000	0.539239	-1.136344	1.372188	0.000000	0.000000
868.320000	0.539236	-1.136338	1.372189	0.000000	0.000000
868.330000	0.539235	-1.136331	1.372191	0.000000	0.000000
868.340000	0.539233	-1.136326	1.372193	0.000000	0.000000
868.350000	0.539232	-1.136320	1.372194	0.000000	0.000000
868.360000	0.539230	-1.136316	1.372196	0.000000	0.000000
868.370000	0.539229	-1.136312	1.372197	0.000000	0.000000
868.380000	0.539228	-1.136309	1.372199	0.000000	0.000000
868.390000	0.539227	-1.136306	1.372201	0.000000	0.000000
868.400000	0.539226	-1.136305	1.372202	0.000000	0.000000
868.410000	0.539225	-1.136304	1.372204	0.000000	0.000000
868.420000	0.539224	-1.136303	1.372206	0.000000	0.000000
868.430000	0.539223	-1.136304	1.372207	0.000000	0.000000
868.440000	0.539222	-1.136305	1.372209	0.000000	0.000000
868.450000	0.539221	-1.136307	1.372211	0.000000	0.000000
868.460000	0.539221	-1.136309	1.372212	0.000000	0.000000
868.470000	0.539220	-1.136311	1.372214	0.000000	0.000000
868.480000	0.539220	-1.136313	1.372215	0.000000	0.000000
868.490000	0.539219	-1.136315	1.372217	0.000000	0.000000
868.500000	0.539218	-1.136317	1.372218	0.000000	0.000000
868.510000	0.539216	-1.136318	1.372220	0.000000	0.000000
868.520000	0.539216	-1.136320	1.372221	0.000000	0.000000
868.530000	0.539215	-1.136322	1.372222	0.000000	0.000000
868.540000	0.539215	-1.136324	1.372224	0.000000	0.000000
868.550000	0.539215	-1.136327	1.372226	0.000000	0.000000
868.560000	0.539216	-1.136331	1.372227	0.000000	0.000000
868.570000	0.539217	-1.136337	1.372229	0.000000	0.000000
868.580000	0.539218	-1.136343	1.372230	0.000000	0.000000
868.590000	0.539219	-1.136349	1.372232	0.000000	0.000000
868.600000	0.539220	-1.136354	1.372234	0.000000	0.000000
868.610000	0.539220	-1.136358	1.372236	0.000000	0.000000
868.620000	0.539219	-1.136359	1.372237	0.000000	0.000000
868.630000	0.539217	-1.136358	1.372239	0.000000	0.000000
868.640000	0.539215	-1.136357	1.372241	0.000000	0.000000
868.650000	0.539213	-1.136357	1.372243	0.000000	0.000000
868.660000	0.539212	-1.136358	1.372245	0.000000	0.000000
868.670000	0.539210	-1.136359	1.372248	0.000000	0.000000
868.680000	0.539209	-1.136361	1.372250	0.000000	0.000000
868.690000	0.539208	-1.136363	1.372252	0.000000	0.000000
868.700000	0.539207	-1.136365	1.372254	0.000000	0.000000
868.710000	0.539206	-1.136367	1.372256	0.000000	0.000000
868.720000	0.539206	-1.136370	1.372259	0.000000	0.000000
868.730000	0.539206	-1.136373	1.372261	0.000000	0.000000
868.740000	0.539206	-1.136375	1.372263	0.000000	0.000000
868.750000	0.539206	-1.136377	1.372266	0.000000	0.000000
868.760000	0.539205	-1.136377	1.372268	0.000000	0.000000
868.770000	0.539204	-1.136376	1.372270	0.000000	0.000000
868.780000	0.539203	-1.136374	1.372273	0.000000	0.000000
868.790000	0.539203	-1.136372	1.372275	0.000000	0.000000
868.800000	0.539203	-1.136370	1.372277	0.000000	0.000000
868.810000	0.539203	-1.136369	1.372280	0.000000	0.000000
868.820000	0.539204	-1.136369	1.372282	0.000000	0.000000
868.830000	0.539205	-1.136369	1.372285	0.000000	0.000000
868.840000	0.539206	-1.136370	1.372287	0.000000	0.000000
868.850000	0.539207	-1.136370	1.372290	0.000000	0.000000
868.860000	0.539208	-1.136370	1.372293	0.000000	0.000000
868.870000	0.539208	-1.136370	1.372295	0.000000	0.000000
868.880000	0.539209	-1.136369	1.372298	0.000000	0.000000
868.890000	0.539209	-1.136368	1.372301	0.000000	0.000000
868.900000	0.539209	-1.136365	1.372303	0.000000	0.000000
868.910000	0.539209	-1.136362	1.372306	0.000000	0.000000
868.920000	0.539209	-1.136359	1.372309	0.000000	0.000000
868.930000	0.539208	-1.136356	1.372311	0.000000	0.000000
868.940000	0.539209	-1.136355	1.372314	0.000000	0.000000
868.950000	0.539209	-1.136355	1.372317	0.000000	0.000000
868.960000	0.539210	-1.136355	1.372319	0.000000	0.000000
868.970000	0.539212	-1.136356	1.372322	0.000000	0.000000
868.980000	0.539214	-1.136358	1.372325	0.000000	0.000000
868.990000	0.539215	-1.136360	1.372327	0.000000	0.000000
869.000000	0.539216	-1.136362	1.372330	0.000000	0.000000
869.010000	0.539216	-1.136363	1.372332	0.000000	0.000000
869.020000	0.539216	-1.136363	1.372335	0.000000	0.000000
869.030000	0.539216	-1.136362	1.372338	0.000000	0.000000
869.040000	0.539215	-1.136360	1.372340	0.000000	0.000000
869.050000	0.539213	-1.136356	1.372343	0.000000	0.000000
869.060000	0.539212	-1.136351	1.372345	0.000000	0.000000
869.070000	0.539210	-1.136346	1.372348	0.000000	0.000000
869.080000	0.539209	-1.136341	1.372350	0.000000	0.000000
869.090000	0.539208	-1.136336	1.372353	0.000000	0.000000
869.100000	0.539207	-1.136332	1.372355	0.000000	0.000000
869.110000	0.539207	-1.136329	1.372358	0.000000	0.000000
869.120000	0.539206	-1.136327	1.372361	0.000000	0.000000
869.130000	0.539207	-1.136326	1.372363	0.000000	0.000000
869.140000	0.539207	-1.136324	1.372366	0.000000	0.000000
869.150000	0.539206	-1.136321	1.372369	0.000000	0.000000
869.160000	0.539205	-1.136318	1.372371	0.000000	0.000000
869.170000	0.539204	-1.136313	1.372374	0.000000	0.000000
869.180000	0.539203	-1.136308	1.372376	0.000000	0.000000
869.190000	0.539202	-1.136304	1.372379	0.000000	0.000000
869.200000	0.539201	-1.136300	1.372382	0.000000	0.000000
869.210000	0.539200	-1.136298	1.372384	0.000000	0.000000
869.220000	0.539200	-1.136297	1.372387	0.000000	0.000000
869.230000	0.539200	-1.136296	1.372389	0.000000	0.000000
869.240000	0.539201	-1.136296	1.372392	0.000000	0.000000
869.250000	0.539201	-1.136296	1.372394	0.000000	0.000000
869.260000	0.539201	-1.136295	1.372396	0.000000	0.000000
869.270000	0.539201	-1.136295	1.372399	0.000000	0.000000
869.280000	0.539201	-1.136294	1.372401	0.000000	0.000000
869.290000	0.539201	-1.136292	1.372404	0.000000	0.000000
869.300000	0.539201	-1.136291	1.372406	0.000000	0.000000
869.310000	0.539201	-1.136289	1.372408	0.000000	0.000000
869.320000	0.539200	-1.136287	1.372410	0.000000	0.000000
869.330000	0.539200	-1.136286	1.372413	0.000000	0.000000
869.340000	0.539200	-1.136286	1.372415	0.000000	0.000000
869.350000	0.539200	-1.136286	1.372417	0.000000	0.000000
869.360000	0.539200	-1.136287	1.372419	0.000000	0.000000
869.370000	0.539201	-1.136289	1.372422	0.000000	0.000000
869.380000	0.539201	-1.136291	1.372424	0.000000	0.000000
869.390000	0.539202	-1.136293	1.372426	0.000000	0.000000
869.400000	0.539202	-1.136295	1.372428	0.000000	0.000000
869.410000	0.539202	-1.136295	1.372431	0.000000	0.000000
869.420000	0.539202	-1.136295	1.372433	0.000000	0.000000
869.430000	0.539201	-1.136292	1.372435	0.000000	0.000000
869.440000	0.539200	-1.136288	1.372437	0.000000	0.000000
869.450000	0.539198	-1.136283	1.372440	0.000000	0.000000
869.460000	0.539196	-1.136278	1.372442	0.000000	0.000000
869.470000	0.539195	-1.136273	1.372444	0.000000	0.000000
869.480000	0.539194	-1.136270	1.372446	0.000000	0.000000
869.490000	0.539192	-1.136267	1.372448	0.000000	0.000000
869.500000	0.539192	-1.136266	1.372450	0.000000	0.000000
869.510000	0.539191	-1.136265	1.372452	0.000000	0.000000
869.520000	0.539191	-1.136265	1.372454	0.000000	0.000000
869.530000	0.539192	-1.136265	1.372456	0.000000	0.000000
869.540000	0.539192	-1.136265	1.372458	0.000000	0.000000
869.550000	0.539193	-1.136264	1.372460	0.000000	0.000000
869.560000	0.539193	-1.136264	1.372462	0.000000	0.000000
869.570000	0.539194	-1.136263	1.372464	0.000000	0.000000
869.580000	0.539194	-1.136261	1.372466	0.000000	0.000000
869.590000	0.539194	-1.136259	1.372468	0.000000	0.000000
869.600000	0.539194	-1.136256	1.372470	0.000000	0.000000
869.610000	0.539194	-1.136250	1.372471	0.000000	0.000000
869.620000	0.539193	-1.136243	1.372473	0.000000	0.000000
869.630000	0.539193	-1.136237	1.372475	0.000000	0.000000
869.640000	0.539193	-1.136232	1.372476	0.000000	0.000000
869.650000	0.539195	-1.136229	1.372478	0.000000	0.000000
869.660000	0.539196	-1.136228	1.372479	0.000000	0.000000
869.670000	0.539198	-1.136228	1.372481	0.000000	0.000000
869.680000	0.539201	-1.136228	1.372482	0.000000	0.000000
869.690000	0.539203	-1.136226	1.372484	0.000000	0.000000
869.700000	0.539204	-1.136222	1.372485	0.000000	0.000000
869.710000	0.539204	-1.136216	1.372487	0.000000	0.000000
869.720000	0.539204	-1.136209	1.372488	0.000000	0.000000
869.730000	0.539204	-1.136203	1.372490	0.000000	0.000000
869.740000	0.539205	-1.136200	1.372491	0.000000	0.000000
869.750000	0.539207	-1.136198	1.372492	0.000000	0.000000
869.760000	0.539209	-1.136197	1.372494	0.000000	0.000000
869.770000	0.539212	-1.136197	1.372495	0.000000	0.000000
869.780000	0.539215	-1.136196	1.372497	0.000000	0.000000
869.790000	0.539217	-1.136192	1.372498	0.000000	0.000000
869.800000	0.539217	-1.136184	1.372499	0.000000	0.000000
869.810000	0.539218	-1.136175	1.372501	0.000000	0.000000
869.820000	0.539218	-1.136167	1.372502	0.000000	0.000000
869.830000	0.539220	-1.136160	1.372503	0.000000	0.000000
869.840000	0.539221	-1.136154	1.372505	0.000000	0.000000
869.850000	0.539222	-1.136148	1.372506	0.000000	0.000000
869.860000	0.539223	-1.136143	1.372507	0.000000	0.000000
869.870000	0.539223	-1.136138	1.372509	0.000000	0.000000
869.880000	0.539224	-1.136133	1.372510	0.000000	0.000000
869.890000	0.539225	-1.136128	1.372511	0.000000	0.000000
869.900000	0.539226	-1.136123	1.372512	0.000000	0.000000
869.910000	0.539227	-1.136119	1.372513	0.000000	0.000000
869.920000	0.539228	-1.136116	1.372515	0.000000	0.000000
869.930000	0.539228	-1.136112	1.372516	0.000000	0.000000
869.940000	0.539229	-1.136110	1.372517	0.000000	0.000000
869.950000	0.539231	-1.136109	1.372518	0.000000	0.000000
869.960000	0.539233	-1.136109	1.372519	0.000000	0.000000
869.970000	0.539236	-1.136110	1.372520	0.000000	0.000000
869.980000	0.539238	-1.136111	1.372520	0.000000	0.000000
869.990000	0.539240	-1.136112	1.372521	0.000000	0.000000
870.000000	0.539242	-1.136113	1.372522	0.000000	0.000000
870.010000	0.539244	-1.136113	1.372523	0.000000	0.000000
870.020000	0.539246	-1.136112	1.372523	0.000000	0.000000
870.030000	0.539247	-1.136111	1.372524	0.000000	0.000000
870.040000	0.539248	-1.136109	1.372525	0.000000	0.000000
870.050000	0.539249	-1.136107	1.372525	0.000000	0.000000
870.060000	0.539250	-1.136105	1.372525	0.000000	0.000000
870.070000	0.539250	-1.136103	1.372526	0.000000	0.000000
870.080000	0.539251	-1.136100	1.372526	0.000000	0.000000
870.090000	0.539252	-1.136097	1.372526	0.000000	0.000000
870.100000	0.539252	-1.136094	1.372526	0.000000	0.000000
870.110000	0.539253	-1.136094	1.372527	0.000000	0.000000
870.120000	0.539255	-1.136095	1.372527	0.000000	0.000000
870.130000	0.539257	-1.136097	1.372527	0.000000	0.000000
870.140000	0.539259	-1.136099	1.372527	0.000000	0.000000
870.150000	0.539260	-1.136100	1.372527	0.000000	0.000000
870.160000	0.539261	-1.136099	1.372527	0.000000	0.000000
870.170000	0.539261	-1.136098	1.372527	0.000000	0.000000
870.180000	0.539262	-1.136097	1.372527	0.000000	0.000000
870.190000	0.539262	-1.136097	1.372527	0.000000	0.000000
870.200000	0.539263	-1.136097	1.372527	0.000000	0.000000
870.210000	0.539264	-1.136096	1.372527	0.000000	0.000000
870.220000	0.539264	-1.136094	1.372527	0.000000	0.000000
870.230000	0.539264	-1.136090	1.372527	0.000000	0.000000
870.240000	0.539264	-1.136087	1.372527	0.000000	0.000000
870.250000	0.539264	-1.136083	1.372527	0.000000	0.000000
870.260000	0.539263	-1.136080	1.372527	0.000000	0.000000
870.270000	0.539263	-1.136077	1.372527	0.000000	0.000000
870.280000	0.539263	-1.136076	1.372527	0.000000	0.000000
870.290000	0.539263	-1.136077	1.372527	0.000000	0.000000
870.300000	0.539264	-1.136078	1.372527	0.000000	0.000000
870.310000	0.539265	-1.136079	1.372526	0.000000	0.000000
870.320000	0.539266	-1.136081	1.372526	0.000000	0.000000
870.330000	0.539266	-1.136081	1.372526	0.000000	0.000000
870.340000	0.539267	-1.136079	1.372525	0.000000	0.000000
870.350000	0.539266	-1.136075	1.372525	0.000000	0.000000
870.360000	0.539265	-1.136070	1.372525	0.000000	0.000000
870.370000	0.539265	-1.136064	1.372524	0.000000	0.000000
870.380000	0.539264	-1.136060	1.372524	0.000000	0.000000
870.390000	0.539264	-1.136057	1.372523	0.000000	0.000000
870.400000	0.539265	-1.136055	1.372523	0.000000	0.000000
870.410000	0.539266	-1.136055	1.372522	0.000000	0.000000
870.420000	0.539267	-1.136054	1.372522	0.000000	0.000000
870.430000	0.539267	-1.136053	1.372521	0.000000	0.000000
870.440000	0.539268	-1.136050	1.372521	0.000000	0.000000
870.450000	0.539269	-1.136048	1.372520	0.000000	0.000000
870.460000	0.539270	-1.136046	1.372520	0.000000	0.000000
870.470000	0.539271	-1.136046	1.372519	0.000000	0.000000
870.480000	0.539272	-1.136046	1.372519	0.000000	0.000000
870.490000	0.539273	-1.136045	1.372518	0.000000	0.000000
870.500000	0.539274	-1.136043	1.372518	0.000000	0.000000
870.510000	0.539274	-1.136041	1.372517	0.000000	0.000000
870.520000	0.539274	-1.136037	1.372516	0.000000	0.000000
870.530000	0.539273	-1.136032	1.372516	0.000000	0.000000
870.540000	0.539272	-1.136026	1.372515	0.000000	0.000000
870.550000	0.539270	-1.136019	1.372515	0.000000	0.000000
870.560000	0.539269	-1.136011	1.372514	0.000000	0.000000
870.570000	0.539268	-1.136004	1.372514	0.000000	0.000000
870.580000	0.539268	-1.135998	1.372513	0.000000	0.000000
870.590000	0.539268	-1.135992	1.372513	0.000000	0.000000
870.600000	0.539269	-1.135989	1.372512	0.000000	0.000000
870.610000	0.539270	-1.135987	1.372511	0.000000	0.000000
870.620000	0.539272	-1.135987	1.372511	0.000000	0.000000
870.630000	0.539275	-1.135988	1.372510	0.000000	0.000000
870.640000	0.539278	-1.135989	1.372509	0.000000	0.000000
870.650000	0.539280	-1.135990	1.372508	0.000000	0.000000
870.660000	0.539282	-1.135989	1.372507	0.000000	0.000000
870.670000	0.539283	-1.135987	1.372507	0.000000	0.000000
870.680000	0.539284	-1.135985	1.372506	0.000000	0.000000
870.690000	0.539285	-1.135982	1.372505	0.000000	0.000000
870.700000	0.539286	-1.135980	1.372504	0.000000	0.000000
870.710000	0.539288	-1.135979	1.372503	0.000000	0.000000
870.720000	0.539290	-1.135978	1.372502	0.000000	0.000000
870.730000	0.539292	-1.135977	1.372501	0.000000	0.000000
870.740000	0.539294	-1.135976	1.372500	0.000000	0.000000
870.750000	0.539295	-1.135972	1.372500	0.000000	0.000000
870.760000	0.539295	-1.135966	1.372499	0.000000	0.000000
870.770000	0.539295	-1.135958	1.372498	0.000000	0.000000
870.780000	0.539295	-1.135949	1.372497	0.000000	0.000000
870.790000	0.539295	-1.135941	1.372497	0.000000	0.000000
870.800000	0.539295	-1.135934	1.372496	0.000000	0.000000
870.810000	0.539295	-1.135928	1.372495	0.000000	0.000000
870.820000	0.539295	-1.135921	1.372495	0.000000	0.000000
870.830000	0.539295	-1.135913	1.372494	0.000000	0.000000
870.840000	0.539295	-1.135906	1.372493	0.000000	0.000000
870.850000	0.539296	-1.135898	1.372493	0.000000	0.000000
870.860000	0.539296	-1.135891	1.372492	0.000000	0.000000
870.870000	0.539296	-1.135885	1.372491	0.000000	0.000000
870.880000	0.539297	-1.135880	1.372491	0.000000	0.000000
870.890000	0.539297	-1.135877	1.372490	0.000000	0.000000
870.900000	0.539298	-1.135875	1.372489	0.000000	0.000000
870.910000	0.539300	-1.135874	1.372488	0.000000	0.000000
870.920000	0.539301	-1.135874	1.372487	0.000000	0.000000
870.930000	0.539304	-1.135875	1.372487	0.000000	0.000000
870.940000	0.539306	-1.135876	1.372486	0.000000	0.000000
870.950000	0.539308	-1.135877	1.372485	0.000000	0.000000
870.960000	0.539311	-1.135876	1.372484	0.000000	0.000000
870.970000	0.539311	-1.135872	1.372484	0.000000	0.000000
870.980000	0.539311	-1.135863	1.372483	0.000000	0.000000
870.990000	0.539311	-1.135855	1.372482	0.000000	0.000000
871.000000	0.539311	-1.135847	1.372481	0.000000	0.000000
871.010000	0.539311	-1.135839	1.372481	0.000000	0.000000
871.020000	0.539311	-1.135832	1.372480	0.000000	0.000000
871.030000	0.539311	-1.135824	1.372480	0.000000	0.000000
871.040000	0.539311	-1.135815	1.372479	0.000000	0.000000
871.050000	0.539310	-1.135805	1.372479	0.000000	0.000000
871.060000	0.539309	-1.135793	1.372479	0.000000	0.000000
871.070000	0.539308	-1.135781	1.372478	0.000000	0.000000
871.080000	0.539307	-1.135768	1.372478	0.000000	0.000000
871.090000	0.539306	-1.135756	1.372478	0.000000	0.000000
871.100000	0.539306	-1.135745	1.372478	0.000000	0.000000
871.110000	0.539306	-1.135736	1.372477	0.000000	0.000000
871.120000	0.539306	-1.135726	1.372477	0.000000	0.000000
871.130000	0.539306	-1.135718	1.372477	0.000000	0.000000
871.140000	0.539307	-1.135710	1.372477	0.000000	0.000000
871.150000	0.539308	-1.135703	1.372477	0.000000	0.000000
871.160000	0.539309	-1.135697	1.372477	0.000000	0.000000
871.170000	0.539311	-1.135691	1.372476	0.000000	0.000000
871.180000	0.539312	-1.135686	1.372476	0.000000	0.000000
871.190000	0.539314	-1.135680	1.372476	0.000000	0.000000
871.200000	0.539315	-1.135672	1.372475	0.000000	0.000000
871.210000	0.539315	-1.135662	1.372475	0.000000	0.000000
871.220000	0.539317	-1.135653	1.372474	0.000000	0.000000
871.230000	0.539318	-1.135646	1.372474	0.000000	0.000000
871.240000	0.539321	-1.135641	1.372474	0.000000	0.000000
871.250000	0.539323	-1.135635	1.372473	0.000000	0.000000
871.260000	0.539325	-1.135629	1.372473	0.000000	0.000000
871.270000	0.539327	-1.135623	1.372472	0.000000	0.000000
871.280000	0.539328	-1.135617	1.372472	0.000000	0.000000
871.290000	0.539330	-1.135612	1.372472	0.000000	0.000000
871.300000	0.539331	-1.135607	1.372472	0.000000	0.000000
871.310000	0.539333	-1.135602	1.372472	0.000000	0.000000
871.320000	0.539335	-1.135597	1.372472	0.000000	0.000000
871.330000	0.539337	-1.135593	1.372472	0.000000	0.000000
871.340000	0.539339	-1.135587	1.372472	0.000000	0.000000
871.350000	0.539340	-1.135581	1.372472	0.000000	0.000000
871.360000	0.539340	-1.135572	1.372472	0.000000	0.000000
871.370000	0.539340	-1.135563	1.372473	0.000000	0.000000
871.380000	0.539340	-1.135553	1.372473	0.000000	0.000000
871.390000	0.539340	-1.135545	1.372474	0.000000	0.000000
871.400000	0.539341	-1.135539	1.372474	0.000000	0.000000
871.410000	0.539343	-1.135533	1.372475	0.000000	0.000000
871.420000	0.539344	-1.135528	1.372475	0.000000	0.000000
871.430000	0.539346	-1.135524	1.372476	0.000000	0.000000
871.440000	0.539347	-1.135519	1.372476	0.000000	0.000000
871.450000	0.539348	-1.135514	1.372477	0.000000	0.000000
871.460000	0.539349	-1.135509	1.372478	0.000000	0.000000
871.470000	0.539351	-1.135503	1.372479	0.000000	0.000000
871.480000	0.539352	-1.135498	1.372480	0.000000	0.000000
871.490000	0.539352	-1.135490	1.372480	0.000000	0.000000
871.500000	0.539352	-1.135481	1.372481	0.000000	0.000000
871.510000	0.539352	-1.135471	1.372482	0.000000	0.000000
871.520000	0.539352	-1.135461	1.372483	0.000000	0.000000
871.530000	0.539352	-1.135451	1.372484	0.000000	0.000000
871.540000	0.539352	-1.135440	1.372485	0.000000	0.000000
871.550000	0.539351	-1.135429	1.372486	0.000000	0.000000
871.560000	0.539351	-1.135420	1.372487	0.000000	0.000000
871.570000	0.539353	-1.135413	1.372488	0.000000	0.000000
871.580000	0.539354	-1.135407	1.372490	0.000000	0.000000
871.590000	0.539356	-1.135401	1.372491	0.000000	0.000000
871.600000	0.539358	-1.135394	1.372492	0.000000	0.000000
871.610000	0.539359	-1.135387	1.372494	0.000000	0.000000
871.620000	0.539359	-1.135378	1.372495	0.000000	0.000000
871.630000	0.539359	-1.135368	1.372497	0.000000	0.000000
871.640000	0.539359	-1.135356	1.372498	0.000000	0.000000
871.650000	0.539358	-1.135342	1.372500	0.000000	0.000000
871.660000	0.539357	-1.135328	1.372501	0.000000	0.000000
871.670000	0.539356	-1.135315	1.372503	0.000000	0.000000
871.680000	0.539356	-1.135303	1.372504	0.000000	0.000000
871.690000	0.539357	-1.135292	1.372506	0.000000	0.000000
871.700000	0.539356	-1.135281	1.372507	0.000000	0.000000
871.710000	0.539356	-1.135269	1.372508	0.000000	0.000000
871.720000	0.539355	-1.135257	1.372510	0.000000	0.000000
871.730000	0.539355	-1.135247	1.372511	0.000000	0.000000
871.740000	0.539356	-1.135238	1.372513	0.000000	0.000000
871.750000	0.539357	-1.135232	1.372514	0.000000	0.000000
871.760000	0.539359	-1.135228	1.372515	0.000000	0.000000
871.770000	0.539361	-1.135226	1.372516	0.000000	0.000000
871.780000	0.539364	-1.135224	1.372518	0.000000	0.000000
871.790000	0.539365	-1.135221	1.372519	0.000000	0.000000
871.800000	0.539366	-1.135215	1.372520	0.000000	0.000000
871.810000	0.539367	-1.135209	1.372521	0.000000	0.000000
871.820000	0.539368	-1.135205	1.372522	0.000000	0.000000
871.830000	0.539370	-1.135202	1.372524	0.000000	0.000000
871.840000	0.539371	-1.135199	1.372525	0.000000	0.000000
871.850000	0.539373	-1.135196	1.372526	0.000000	0.000000
871.860000	0.539374	-1.135192	1.372527	0.000000	0.000000
871.870000	0.539375	-1.135187	1.372528	0.000000	0.000000
871.880000	0.539376	-1.135182	1.372529	0.000000	0.000000
871.890000	0.539377	-1.135176	1.372531	0.000000	0.000000
871.900000	0.539378	-1.135169	1.372532	0.000000	0.000000
871.910000	0.539378	-1.135162	1.372533	0.000000	0.000000
871.920000	0.539377	-1.135154	1.372534	0.000000	0.000000
871.930000	0.539377	-1.135145	1.372535	0.000000	0.000000
871.940000	0.539376	-1.135137	1.372536	0.000000	0.000000
871.950000	0.539375	-1.135128	1.372537	0.000000	0.000000
871.960000	0.539375	-1.135120	1.372538	0.000000	0.000000
871.970000	0.539376	-1.135114	1.372539	0.000000	0.000000
871.980000	0.539378	-1.135110	1.372540	0.000000	0.000000
871.990000	0.539380	-1.135107	1.372541	0.000000	0.000000
872.000000	0.539382	-1.135104	1.372541	0.000000	0.000000
872.010000	0.539385	-1.135102	1.372542	0.000000	0.000000
872.020000	0.539387	-1.135100	1.372543	0.000000	0.000000
872.030000	0.539391	-1.135098	1.372543	0.000000	0.000000
872.040000	0.539393	-1.135095	1.372544	0.000000	0.000000
872.050000	0.539396	-1.135092	1.372544	0.000000	0.000000
872.060000	0.539399	-1.135088	1.372545	0.000000	0.000000
872.070000	0.539402	-1.135083	1.372545	0.000000	0.000000
872.080000	0.539405	-1.135078	1.372546	0.000000	0.000000
872.090000	0.539407	-1.135075	1.372546	0.000000	0.000000
872.100000	0.539411	-1.135074	1.372546	0.000000	0.000000
872.110000	0.539415	-1.135075	1.372546	0.000000	0.000000
872.120000	0.539418	-1.135075	1.372547	0.000000	0.000000
872.130000	0.539421	-1.135075	1.372547	0.000000	0.000000
872.140000	0.539423	-1.135073	1.372547	0.000000	0.000000
872.150000	0.539425	-1.135070	1.372547	0.000000	0.000000
872.160000	0.539427	-1.135068	1.372548	0.000000	0.000000
872.170000	0.539430	-1.135067	1.372548	0.000000	0.000000
872.180000	0.539433	-1.135067	1.372548	0.000000	0.000000
872.190000	0.539437	-1.135068	1.372549	0.000000	0.000000
872.200000	0.539440	-1.135069	1.372549	0.000000	0.000000
872.210000	0.539444	-1.135070	1.372550	0.000000	0.000000
872.220000	0.539448	-1.135071	1.372550	0.000000	0.000000
872.230000	0.539452	-1.135071	1.372551	0.000000	0.000000
872.240000	0.539456	-1.135071	1.372552	0.000000	0.000000
872.250000	0.539460	-1.135072	1.372552	0.000000	0.000000
872.260000	0.539463	-1.135072	1.372553	0.000000	0.000000
872.270000	0.539467	-1.135073	1.372554	0.000000	0.000000
872.280000	0.539470	-1.135072	1.372555	0.000000	0.000000
872.290000	0.539473	-1.135070	1.372556	0.000000	0.000000
872.300000	0.539476	-1.135067	1.372557	0.000000	0.000000
872.310000	0.539479	-1.135063	1.372558	0.000000	0.000000
872.320000	0.539482	-1.135059	1.372559	0.000000	0.000000
872.330000	0.539486	-1.135054	1.372560	0.000000	0.000000
872.340000	0.539489	-1.135049	1.372561	0.000000	0.000000
872.350000	0.539492	-1.135043	1.372562	0.000000	0.000000
872.360000	0.539494	-1.135037	1.372564	0.000000	0.000000
872.370000	0.539497	-1.135031	1.372565	0.000000	0.000000
872.380000	0.539499	-1.135025	1.372566	0.000000	0.000000
872.390000	0.539503	-1.135020	1.372568	0.000000	0.000000
872.400000	0.539506	-1.135017	1.372570	0.000000	0.000000
872.410000	0.539509	-1.135014	1.372571	0.000000	0.000000
872.420000	0.539512	-1.135012	1.372573	0.000000	0.000000
872.430000	0.539515	-1.135009	1.372575	0.000000	0.000000
872.440000	0.539518	-1.135006	1.372577	0.000000	0.000000
872.450000	0.539520	-1.135001	1.372578	0.000000	0.000000
872.460000	0.539522	-1.134996	1.372580	0.000000	0.000000
872.470000	0.539524	-1.134989	1.372582	0.000000	0.000000
872.480000	0.539525	-1.134982	1.372584	0.000000	0.000000
872.490000	0.539527	-1.134975	1.372586	0.000000	0.000000
872.500000	0.539529	-1.134968	1.372588	0.000000	0.000000
872.510000	0.539531	-1.134962	1.372590	0.000000	0.000000
872.520000	0.539533	-1.134956	1.372593	0.000000	0.000000
872.530000	0.539536	-1.134951	1.372595	0.000000	0.000000
872.540000	0.539539	-1.134948	1.372597	0.000000	0.000000
872.550000	0.539542	-1.134946	1.372599	0.000000	0.000000
872.560000	0.539546	-1.134944	1.372602	0.000000	0.000000
872.570000	0.539550	-1.134942	1.372604	0.000000	0.000000
872.580000	0.539553	-1.134940	1.372606	0.000000	0.000000
872.590000	0.539556	-1.134937	1.372609	0.000000	0.000000
872.600000	0.539558	-1.134932	1.372611	0.000000	0.000000
872.610000	0.539559	-1.134925	1.372614	0.000000	0.000000
872.620000	0.539560	-1.134917	1.372617	0.000000	0.000000
872.630000	0.539561	-1.134908	1.372619	0.000000	0.000000
872.640000	0.539562	-1.134898	1.372622	0.000000	0.000000
872.650000	0.539563	-1.134889	1.372624	0.000000	0.000000
872.660000	0.539564	-1.134878	1.372627	0.000000	0.000000
872.670000	0.539564	-1.134868	1.372630	0.000000	0.000000
872.680000	0.539564	-1.134858	1.372633	0.000000	0.000000
872.690000	0.539564	-1.134848	1.372636	0.000000	0.000000
872.700000	0.539565	-1.134839	1.372639	0.000000	0.000000
872.710000	0.539567	-1.134831	1.372642	0.000000	0.000000
872.720000	0.539569	-1.134824	1.372645	0.000000	0.000000
872.730000	0.539571	-1.134818	1.372648	0.000000	0.000000
872.740000	0.539574	-1.134813	1.372651	0.000000	0.000000
872.750000	0.539576	-1.134808	1.372654	0.000000	0.000000
872.760000	0.539579	-1.134805	1.372657	0.000000	0.000000
872.770000	0.539583	-1.134801	1.372660	0.000000	0.000000
872.780000	0.539585	-1.134795	1.372663	0.000000	0.000000
872.790000	0.539587	-1.134786	1.372667	0.000000	0.000000
872.800000	0.539588	-1.134777	1.372670	0.000000	0.000000
872.810000	0.539591	-1.134772	1.372673	0.000000	0.000000
872.820000	0.539593	-1.134768	1.372677	0.000000	0.000000
872.830000	0.539596	-1.134765	1.372680	0.000000	0.000000
872.840000	0.539599	-1.134761	1.372684	0.000000	0.000000
872.850000	0.539602	-1.134756	1.372687	0.000000	0.000000
872.860000	0.539605	-1.134750	1.372691	0.000000	0.000000
872.870000	0.539606	-1.134743	1.372694	0.000000	0.000000
872.880000	0.539608	-1.134735	1.372698	0.000000	0.000000
872.890000	0.539610	-1.134726	1.372702	0.000000	0.000000
872.900000	0.539611	-1.134717	1.372706	0.000000	0.000000
872.910000	0.539612	-1.134708	1.372710	0.000000	0.000000
872.920000	0.539614	-1.134698	1.372713	0.000000	0.000000
872.930000	0.539615	-1.134689	1.372717	0.000000	0.000000
872.940000	0.539618	-1.134681	1.372721	0.000000	0.000000
872.950000	0.539620	-1.134674	1.372725	0.000000	0.000000
872.960000	0.539623	-1.134667	1.372729	0.000000	0.000000
872.970000	0.539627	-1.134660	1.372733	0.000000	0.000000
872.980000	0.539631	-1.134654	1.372737	0.000000	0.000000
872.990000	0.539635	-1.134648	1.372741	0.000000	0.000000
873.000000	0.539639	-1.134643	1.372745	0.000000	0.000000
873.010000	0.539644	-1.134637	1.372749	0.000000	0.000000
873.020000	0.539648	-1.134632	1.372753	0.000000	0.000000
873.030000	0.539652	-1.134627	1.372757	0.000000	0.000000
873.040000	0.539656	-1.134622	1.372762	0.000000	0.000000
873.050000	0.539661	-1.134616	1.372766	0.000000	0.000000
873.060000	0.539665	-1.134609	1.372770	0.000000	0.000000
873.070000	0.539668	-1.134598	1.372774	0.000000	0.000000
873.080000	0.539671	-1.134587	1.372778	0.000000	0.000000
873.090000	0.539675	-1.134578	1.372782	0.000000	0.000000
873.100000	0.539679	-1.134569	1.372787	0.000000	0.000000
873.110000	0.539683	-1.134559	1.372791	0.000000	0.000000
873.120000	0.539686	-1.134548	1.372795	0.000000	0.000000
873.130000	0.539689	-1.134534	1.372800	0.000000	0.000000
873.140000	0.539692	-1.134519	1.372804	0.000000	0.000000
873.150000	0.539695	-1.134502	1.372809	0.000000	0.000000
873.160000	0.539697	-1.134486	1.372813	0.000000	0.000000
873.170000	0.539699	-1.134470	1.372818	0.000000	0.000000
873.180000	0.539702	-1.134454	1.372823	0.000000	0.000000
873.190000	0.539704	-1.134438	1.372827	0.000000	0.000000
873.200000	0.539706	-1.134423	1.372832	0.000000	0.000000
873.210000	0.539708	-1.134408	1.372837	0.000000	0.000000
873.220000	0.539710	-1.134393	1.372841	0.000000	0.000000
873.230000	0.539712	-1.134379	1.372846	0.000000	0.000000
873.240000	0.539714	-1.134365	1.372851	0.000000	0.000000
873.250000	0.539717	-1.134353	1.372856	0.000000	0.000000
873.260000	0.539719	-1.134341	1.372860	0.000000	0.000000
873.270000	0.539722	-1.134329	1.372865	0.000000	0.000000
873.280000	0.539724	-1.134318	1.372870	0.000000	0.000000
873.290000	0.539727	-1.134307	1.372874	0.000000	0.000000
873.300000	0.539731	-1.134298	1.372879	0.000000	0.000000
873.310000	0.539736	-1.134292	1.372884	0.000000	0.000000
873.320000	0.539741	-1.134288	1.372889	0.000000	0.000000
873.330000	0.539746	-1.134284	1.372894	0.000000	0.000000
873.340000	0.539750	-1.134279	1.372899	0.000000	0.000000
873.350000	0.539755	-1.134272	1.372904	0.000000	0.000000
873.360000	0.539758	-1.134264	1.372909	0.000000	0.000000
873.370000	0.539762	-1.134256	1.372914	0.000000	0.000000
873.380000	0.539764	-1.134246	1.372919	0.000000	0.000000
873.390000	0.539767	-1.134234	1.372925	0.000000	0.000000
873.400000	0.539769	-1.134222	1.372930	0.000000	0.000000
873.410000	0.539771	-1.134210	1.372936	0.000000	0.000000
873.420000	0.539773	-1.134199	1.372941	0.000000	0.000000
873.430000	0.539775	-1.134186	1.372947	0.000000	0.000000
873.440000	0.539777	-1.134174	1.372952	0.000000	0.000000
873.450000	0.539778	-1.134160	1.372958	0.000000	0.000000
873.460000	0.539780	-1.134146	1.372964	0.000000	0.000000
873.470000	0.539781	-1.134132	1.372970	0.000000	0.000000
873.480000	0.539782	-1.134117	1.372976	0.000000	0.000000
873.490000	0.539784	-1.134103	1.372981	0.000000	0.000000
873.500000	0.539785	-1.134088	1.372987	0.000000	0.000000
873.510000	0.539788	-1.134075	1.372993	0.000000	0.000000
873.520000	0.539790	-1.134062	1.372999	0.000000	0.000000
873.530000	0.539792	-1.134048	1.373005	0.000000	0.000000
873.540000	0.539794	-1.134034	1.373011	0.000000	0.000000
873.550000	0.539796	-1.134020	1.373016	0.000000	0.000000
873.560000	0.539798	-1.134005	1.373022	0.000000	0.000000
873.570000	0.539800	-1.133990	1.373028	0.000000	0.000000
873.580000	0.539802	-1.133976	1.373034	0.000000	0.000000
873.590000	0.539804	-1.133964	1.373040	0.000000	0.000000
873.600000	0.539806	-1.133952	1.373046	0.000000	0.000000
873.610000	0.539808	-1.133940	1.373051	0.000000	0.000000
873.620000	0.539811	-1.133927	1.373057	0.000000	0.000000
873.630000	0.539813	-1.133915	1.373063	0.000000	0.000000
873.640000	0.539817	-1.133905	1.373069	0.000000	0.000000
873.650000	0.539820	-1.133894	1.373075	0.000000	0.000000
873.660000	0.539823	-1.133884	1.373081	0.000000	0.000000
873.670000	0.539826	-1.133872	1.373087	0.000000	0.000000
873.680000	0.539827	-1.133857	1.373093	0.000000	0.000000
873.690000	0.539828	-1.133840	1.373099	0.000000	0.000000
873.700000	0.539828	-1.133818	1.373105	0.000000	0.000000
873.710000	0.539826	-1.133793	1.373111	0.000000	0.000000
873.720000	0.539825	-1.133768	1.373116	0.000000	0.000000
873.730000	0.539825	-1.133747	1.373122	0.000000	0.000000
873.740000	0.539825	-1.133729	1.373128	0.000000	0.000000
873.750000	0.539826	-1.133712	1.373134	0.000000	0.000000
873.760000	0.539827	-1.133698	1.373139	0.000000	0.000000
873.770000	0.539828	-1.133685	1.373145	0.000000	0.000000
873.780000	0.539830	-1.133673	1.373150	0.000000	0.000000
873.790000	0.539832	-1.133663	1.373156	0.000000	0.000000
873.800000	0.539835	-1.133652	1.373161	0.000000	0.000000
873.810000	0.539839	-1.133642	1.373167	0.000000	0.000000
873.820000	0.539842	-1.133632	1.373172	0.000000	0.000000
873.830000	0.539845	-1.133622	1.373177	0.000000	0.000000
873.840000	0.539848	-1.133611	1.373182	0.000000	0.000000
873.850000	0.539851	-1.133598	1.373187	0.000000	0.000000
873.860000	0.539852	-1.133583	1.373192	0.000000	0.000000
873.870000	0.539852	-1.133567	1.373197	0.000000	0.000000
873.880000	0.539853	-1.133550	1.373202	0.000000	0.000000
873.890000	0.539854	-1.133535	1.373206	0.000000	0.000000
873.900000	0.539855	-1.133522	1.373211	0.000000	0.000000
873.910000	0.539857	-1.133511	1.373216	0.000000	0.000000
873.920000	0.539860	-1.133502	1.373220	0.000000	0.000000
873.930000	0.539864	-1.133497	1.373225	0.000000	0.000000
873.940000	0.539868	-1.133493	1.373230	0.000000	0.000000
873.950000	0.539872	-1.133490	1.373234	0.000000	0.000000
873.960000	0.539876	-1.133487	1.373239	0.000000	0.000000
873.970000	0.539879	-1.133481	1.373243	0.000000	0.000000
873.980000	0.539881	-1.133471	1.373248	0.000000	0.000000
873.990000	0.539882	-1.133457	1.373252	0.000000	0.000000
874.000000	0.539882	-1.133439	1.373256	0.000000	0.000000
874.010000	0.539883	-1.133422	1.373261	0.000000	0.000000
874.020000	0.539884	-1.133407	1.373265	0.000000	0.000000
874.030000	0.539885	-1.133392	1.373269	0.000000	0.000000
874.040000	0.539886	-1.133377	1.373273	0.000000	0.000000
874.050000	0.539888	-1.133363	1.373277	0.000000	0.000000
874.060000	0.539889	-1.133349	1.373281	0.000000	0.000000
874.070000	0.539890	-1.133336	1.373285	0.000000	0.000000
874.080000	0.539891	-1.133324	1.373289	0.000000	0.000000
874.090000	0.539892	-1.133313	1.373293	0.000000	0.000000
874.100000	0.539894	-1.133304	1.373297	0.000000	0.000000
874.110000	0.539896	-1.133296	1.373301	0.000000	0.000000
874.120000	0.539899	-1.133289	1.373305	0.000000	0.000000
874.130000	0.539901	-1.133283	1.373308	0.000000	0.000000
874.140000	0.539902	-1.133278	1.373312	0.000000	0.000000
874.150000	0.539905	-1.133273	1.373315	0.000000	0.000000
874.160000	0.539907	-1.133268	1.373319	0.000000	0.000000
874.170000	0.539909	-1.133263	1.373322	0.000000	0.000000
874.180000	0.539911	-1.133257	1.373326	0.000000	0.000000
874.190000	0.539911	-1.133250	1.373329	0.000000	0.000000
874.200000	0.539912	-1.133242	1.373332	0.000000	0.000000
874.210000	0.539912	-1.133232	1.373335	0.000000	0.000000
874.220000	0.539912	-1.133224	1.373338	0.000000	0.000000
874.230000	0.539913	-1.133217	1.373342	0.000000	0.000000
874.240000	0.539914	-1.133212	1.373345	0.000000	0.000000
874.250000	0.539916	-1.133208	1.373348	0.000000	0.000000
874.260000	0.539917	-1.133204	1.373351	0.000000	0.000000
874.270000	0.539918	-1.133200	1.373354	0.000000	0.000000
874.280000	0.539920	-1.133195	1.373357	0.000000	0.000000
874.290000	0.539921	-1.133188	1.373360	0.000000	0.000000
874.300000	0.539921	-1.133180	1.373363	0.000000	0.000000
874.310000	0.539922	-1.133171	1.373366	0.000000	0.000000
874.320000	0.539923	-1.133164	1.373369	0.000000	0.000000
874.330000	0.539923	-1.133155	1.373372	0.000000	0.000000
874.340000	0.539924	-1.133146	1.373375	0.000000	0.000000
874.350000	0.539924	-1.133135	1.373378	0.000000	0.000000
874.360000	0.539923	-1.133123	1.373381	0.000000	0.000000
874.370000	0.539923	-1.133110	1.373384	0.000000	0.000000
874.380000	0.539922	-1.133097	1.373387	0.000000	0.000000
874.390000	0.539922	-1.133085	1.373390	0.000000	0.000000
874.400000	0.539922	-1.133073	1.373393	0.000000	0.000000
874.410000	0.539923	-1.133062	1.373396	0.000000	0.000000
874.420000	0.539925	-1.133053	1.373399	0.000000	0.000000
874.430000	0.539926	-1.133044	1.373401	0.000000	0.000000
874.440000	0.539928	-1.133036	1.373404	0.000000	0.000000
874.450000	0.539929	-1.133027	1.373407	0.000000	0.000000
874.460000	0.539930	-1.133018	1.373409	0.000000	0.000000
874.470000	0.539930	-1.133008	1.373412	0.000000	0.000000
874.480000	0.539930	-1.132998	1.373414	0.000000	0.000000
874.490000	0.539931	-1.132989	1.373417	0.000000	0.000000
874.500000	0.539932	-1.132979	1.373419	0.000000	0.000000
874.510000	0.539933	-1.132969	1.373422	0.000000	0.000000
874.520000	0.539934	-1.132959	1.373424	0.000000	0.000000
874.530000	0.539936	-1.132951	1.373426	0.000000	0.000000
874.540000	0.539938	-1.132943	1.373428	0.000000	0.000000
874.550000	0.539939	-1.132933	1.373430	0.000000	0.000000
874.560000	0.539940	-1.132923	1.373432	0.000000	0.000000
874.570000	0.539941	-1.132913	1.373434	0.000000	0.000000
874.580000	0.539942	-1.132904	1.373436	0.000000	0.000000
874.590000	0.539943	-1.132896	1.373438	0.000000	0.000000
874.600000	0.539945	-1.132889	1.373440	0.000000	0.000000
874.610000	0.539947	-1.132882	1.373441	0.000000	0.000000
874.620000	0.539948	-1.132875	1.373443	0.000000	0.000000
874.630000	0.539949	-1.132867	1.373445	0.000000	0.000000
874.640000	0.539949	-1.132859	1.373446	0.000000	0.000000
874.650000	0.539950	-1.132850	1.373448	0.000000	0.000000
874.660000	0.539950	-1.132842	1.373450	0.000000	0.000000
874.670000	0.539951	-1.132833	1.373451	0.000000	0.000000
874.680000	0.539952	-1.132822	1.373453	0.000000	0.000000
874.690000	0.539952	-1.132811	1.373454	0.000000	0.000000
874.700000	0.539953	-1.132801	1.373456	0.000000	0.000000
874.710000	0.539954	-1.132794	1.373457	0.000000	0.000000
874.720000	0.539956	-1.132788	1.373459	0.000000	0.000000
874.730000	0.539958	-1.132783	1.373460	0.000000	0.000000
874.740000	0.539959	-1.132778	1.373462	0.000000	0.000000
874.750000	0.539961	-1.132774	1.373463	0.000000	0.000000
874.760000	0.539962	-1.132769	1.373465	0.000000	0.000000
874.770000	0.539963	-1.132765	1.373467	0.000000	0.000000
874.780000	0.539964	-1.132759	1.373468	0.000000	0.000000
874.790000	0.539964	-1.132751	1.373470	0.000000	0.000000
874.800000	0.539964	-1.132742	1.373471	0.000000	0.000000
874.810000	0.539964	-1.132733	1.373473	0.000000	0.000000
874.820000	0.539964	-1.132724	1.373475	0.000000	0.000000
874.830000	0.539964	-1.132715	1.373477	0.000000	0.000000
874.840000	0.539964	-1.132707	1.373478	0.000000	0.000000
874.850000	0.539965	-1.132700	1.373480	0.000000	0.000000
874.860000	0.539965	-1.132693	1.373482	0.000000	0.000000
874.870000	0.539966	-1.132686	1.373484	0.000000	0.000000
874.880000	0.539967	-1.132679	1.373485	0.000000	0.000000
874.890000	0.539967	-1.132671	1.373487	0.000000	0.000000
874.900000	0.539968	-1.132664	1.373489	0.000000	0.000000
874.910000	0.539968	-1.132657	1.373490	0.000000	0.000000
874.920000	0.539969	-1.132651	1.373492	0.000000	0.000000
874.930000	0.539970	-1.132647	1.373494	0.000000	0.000000
874.940000	0.539971	-1.132643	1.373495	0.000000	0.000000
874.950000	0.539973	-1.132639	1.373497	0.000000	0.000000
874.960000	0.539975	-1.132635	1.373498	0.000000	0.000000
874.970000	0.539976	-1.132632	1.373500	0.000000	0.000000
874.980000	0.539978	-1.132629	1.373501	0.000000	0.000000
874.990000	0.539980	-1.132627	1.373502	0.000000	0.000000
875.000000	0.539982	-1.132625	1.373504	0.000000	0.000000
875.010000	0.539984	-1.132622	1.373505	0.000000	0.000000
875.020000	0.539985	-1.132618	1.373506	0.000000	0.000000
875.030000	0.539986	-1.132613	1.373508	0.000000	0.000000
875.040000	0.539986	-1.132608	1.373509	0.000000	0.000000
875.050000	0.539988	-1.132603	1.373510	0.000000	0.000000
875.060000	0.539989	-1.132599	1.373512	0.000000	0.000000
875.070000	0.539990	-1.132595	1.373513	0.000000	0.000000
875.080000	0.539991	-1.132592	1.373514	0.000000	0.000000
875.090000	0.539992	-1.132588	1.373516	0.000000	0.000000
875.100000	0.539994	-1.132583	1.373517	0.000000	0.000000
875.110000	0.539994	-1.132578	1.373519	0.000000	0.000000
875.120000	0.539995	-1.132571	1.373520	0.000000	0.000000
875.130000	0.539995	-1.132564	1.373522	0.000000	0.000000
875.140000	0.539995	-1.132554	1.373523	0.000000	0.000000
875.150000	0.539995	-1.132544	1.373525	0.000000	0.000000
875.160000	0.539994	-1.132533	1.373526	0.000000	0.000000
875.170000	0.539994	-1.132521	1.373528	0.000000	0.000000
875.180000	0.539993	-1.132509	1.373529	0.000000	0.000000
875.190000	0.539992	-1.132496	1.373530	0.000000	0.000000
875.200000	0.539990	-1.132483	1.373532	0.000000	0.000000
875.210000	0.539989	-1.132471	1.373533	0.000000	0.000000
875.220000	0.539989	-1.132461	1.373534	0.000000	0.000000
875.230000	0.539990	-1.132455	1.373536	0.000000	0.000000
875.240000	0.539991	-1.132452	1.373537	0.000000	0.000000
875.250000	0.539993	-1.132450	1.373538	0.000000	0.000000
875.260000	0.539996	-1.132449	1.373539	0.000000	0.000000
875.270000	0.539999	-1.132448	1.373540	0.000000	0.000000
875.280000	0.540001	-1.132447	1.373541	0.000000	0.000000
875.290000	0.540002	-1.132446	1.373542	0.000000	0.000000
875.300000	0.540003	-1.132444	1.373543	0.000000	0.000000
875.310000	0.540004	-1.132440	1.373543	0.000000	0.000000
875.320000	0.540003	-1.132432	1.373544	0.000000	0.000000
875.330000	0.540001	-1.132420	1.373545	0.000000	0.000000
875.340000	0.540000	-1.132409	1.373546	0.000000	0.000000
875.350000	0.540000	-1.132402	1.373546	0.000000	0.000000
875.360000	0.540002	-1.132400	1.373547	0.000000	0.000000
875.370000	0.540004	-1.132400	1.373548	0.000000	0.000000
875.380000	0.540006	-1.132400	1.373549	0.000000	0.000000
875.390000	0.540008	-1.132400	1.373549	0.000000	0.000000
875.400000	0.540010	-1.132399	1.373550	0.000000	0.000000
875.410000	0.540012	-1.132396	1.373551	0.000000	0.000000
875.420000	0.540013	-1.132392	1.373552	0.000000	0.000000
875.430000	0.540014	-1.132386	1.373553	0.000000	0.000000
875.440000	0.540014	-1.132377	1.373554	0.000000	0.000000
875.450000	0.540014	-1.132367	1.373555	0.000000	0.000000
875.460000	0.540013	-1.132356	1.373556	0.000000	0.000000
875.470000	0.540012	-1.132343	1.373556	0.000000	0.000000
875.480000	0.540010	-1.132331	1.373557	0.000000	0.000000
875.490000	0.540009	-1.132320	1.373558	0.000000	0.000000
875.500000	0.540007	-1.132309	1.373559	0.000000	0.000000
875.510000	0.540006	-1.132300	1.373560	0.000000	0.000000
875.520000	0.540006	-1.132292	1.373560	0.000000	0.000000
875.530000	0.540006	-1.132287	1.373561	0.000000	0.000000
875.540000	0.540007	-1.132285	1.373561	0.000000	0.000000
875.550000	0.540008	-1.132284	1.373562	0.000000	0.000000
875.560000	0.540009	-1.132284	1.373562	0.000000	0.000000
875.570000	0.540010	-1.132285	1.373563	0.000000	0.000000
875.580000	0.540011	-1.132286	1.373563	0.000000	0.000000
875.590000	0.540012	-1.132288	1.373564	0.000000	0.000000
875.600000	0.540014	-1.132290	1.373564	0.000000	0.000000
875.610000	0.540015	-1.132293	1.373565	0.000000	0.000000
875.620000	0.540016	-1.132297	1.373565	0.000000	0.000000
875.630000	0.540016	-1.132299	1.373565	0.000000	0.000000
875.640000	0.540017	-1.132301	1.373565	0.000000	0.000000
875.650000	0.540017	-1.132301	1.373566	0.000000	0.000000
875.660000	0.540017	-1.132300	1.373566	0.000000	0.000000
875.670000	0.540017	-1.132298	1.373566	0.000000	0.000000
875.680000	0.540017	-1.132299	1.373567	0.000000	0.000000
875.690000	0.540017	-1.132299	1.373567	0.000000	0.000000
875.700000	0.540018	-1.132298	1.373567	0.000000	0.000000
875.710000	0.540018	-1.132297	1.373568	0.000000	0.000000
875.720000	0.540018	-1.132294	1.373568	0.000000	0.000000
875.730000	0.540018	-1.132290	1.373569	0.000000	0.000000
875.740000	0.540017	-1.132286	1.373569	0.000000	0.000000
875.750000	0.540017	-1.132281	1.373570	0.000000	0.000000
875.760000	0.540017	-1.132278	1.373570	0.000000	0.000000
875.770000	0.540017	-1.132275	1.373571	0.000000	0.000000
875.780000	0.540018	-1.132273	1.373571	0.000000	0.000000
875.790000	0.540019	-1.132271	1.373572	0.000000	0.000000
875.800000	0.540019	-1.132269	1.373572	0.000000	0.000000
875.810000	0.540020	-1.132267	1.373573	0.000000	0.000000
875.820000	0.540021	-1.132265	1.373573	0.000000	0.000000
875.830000	0.540022	-1.132262	1.373574	0.000000	0.000000
875.840000	0.540023	-1.132260	1.373574	0.000000	0.000000
875.850000	0.540024	-1.132258	1.373575	0.000000	0.000000
875.860000	0.540024	-1.132257	1.373575	0.000000	0.000000
875.870000	0.540025	-1.132255	1.373576	0.000000	0.000000
875.880000	0.540026	-1.132253	1.373577	0.000000	0.000000
875.890000	0.540026	-1.132251	1.373577	0.000000	0.000000
875.900000	0.540026	-1.132248	1.373578	0.000000	0.000000
875.910000	0.540025	-1.132245	1.373579	0.000000	0.000000
875.920000	0.540024	-1.132240	1.373579	0.000000	0.000000
875.930000	0.540022	-1.132235	1.373580	0.000000	0.000000
875.940000	0.540021	-1.132230	1.373581	0.000000	0.000000
875.950000	0.540019	-1.132225	1.373582	0.000000	0.000000
875.960000	0.540019	-1.132221	1.373583	0.000000	0.000000
875.970000	0.540018	-1.132219	1.373584	0.000000	0.000000
875.980000	0.540019	-1.132219	1.373585	0.000000	0.000000
875.990000	0.540019	-1.132219	1.373585	0.000000	0.000000
876.000000	0.540020	-1.132218	1.373586	0.000000	0.000000
876.010000	0.540020	-1.132218	1.373587	0.000000	0.000000
876.020000	0.540020	-1.132216	1.373588	0.000000	0.000000
876.030000	0.540019	-1.132213	1.373589	0.000000	0.000000
876.040000	0.540019	-1.132209	1.373590	0.000000	0.000000
876.050000	0.540018	-1.132204	1.373591	0.000000	0.000000
876.060000	0.540016	-1.132198	1.373591	0.000000	0.000000
876.070000	0.540014	-1.132193	1.373592	0.000000	0.000000
876.080000	0.540012	-1.132187	1.373593	0.000000	0.000000
876.090000	0.540010	-1.132181	1.373593	0.000000	0.000000
876.100000	0.540008	-1.132175	1.373594	0.000000	0.000000
876.110000	0.540006	-1.132169	1.373595	0.000000	0.000000
876.120000	0.540005	-1.132164	1.373595	0.000000	0.000000
876.130000	0.540004	-1.132161	1.373596	0.000000	0.000000
876.140000	0.540005	-1.132160	1.373596	0.000000	0.000000
876.150000	0.540006	-1.132160	1.373596	0.000000	0.000000
876.160000	0.540007	-1.132160	1.373596	0.000000	0.000000
876.170000	0.540009	-1.132161	1.373597	0.000000	0.000000
876.180000	0.540010	-1.132161	1.373597	0.000000	0.000000
876.190000	0.540011	-1.132159	1.373597	0.000000	0.000000
876.200000	0.540011	-1.132155	1.373597	0.000000	0.000000
876.210000	0.540011	-1.132150	1.373597	0.000000	0.000000
876.220000	0.540011	-1.132144	1.373597	0.000000	0.000000
876.230000	0.540010	-1.132137	1.373597	0.000000	0.000000
876.240000	0.540010	-1.132131	1.373596	0.000000	0.000000
876.250000	0.540010	-1.132127	1.373596	0.000000	0.000000
876.260000	0.540011	-1.132124	1.373596	0.000000	0.000000
876.270000	0.540012	-1.132123	1.373596	0.000000	0.000000
876.280000	0.540014	-1.132124	1.373595	0.000000	0.000000
876.290000	0.540016	-1.132124	1.373595	0.000000	0.000000
876.300000	0.540018	-1.132124	1.373594	0.000000	0.000000
876.310000	0.540020	-1.132123	1.373594	0.000000	0.000000
876.320000	0.540022	-1.132121	1.373593	0.000000	0.000000
876.330000	0.540022	-1.132116	1.373592	0.000000	0.000000
876.340000	0.540023	-1.132110	1.373592	0.000000	0.000000
876.350000	0.540024	-1.132105	1.373591	0.000000	0.000000
876.360000	0.540025	-1.132101	1.373590	0.000000	0.000000
876.370000	0.540026	-1.132100	1.373590	0.000000	0.000000
876.380000	0.540029	-1.132101	1.373589	0.000000	0.000000
876.390000	0.540032	-1.132102	1.373588	0.000000	0.000000
876.400000	0.540035	-1.132103	1.373587	0.000000	0.000000
876.410000	0.540039	-1.132104	1.373587	0.000000	0.000000
876.420000	0.540041	-1.132104	1.373586	0.000000	0.000000
876.430000	0.540044	-1.132103	1.373585	0.000000	0.000000
876.440000	0.540045	-1.132101	1.373584	0.000000	0.000000
876.450000	0.540048	-1.132099	1.373584	0.000000	0.000000
876.460000	0.540050	-1.132098	1.373583	0.000000	0.000000
876.470000	0.540052	-1.132097	1.373583	0.000000	0.000000
876.480000	0.540053	-1.132094	1.373582	0.000000	0.000000
876.490000	0.540055	-1.132091	1.373581	0.000000	0.000000
876.500000	0.540056	-1.132084	1.373581	0.000000	0.000000
876.510000	0.540056	-1.132076	1.373580	0.000000	0.000000
876.520000	0.540056	-1.132068	1.373580	0.000000	0.000000
876.530000	0.540056	-1.132060	1.373580	0.000000	0.000000
876.540000	0.540058	-1.132056	1.373579	0.000000	0.000000
876.550000	0.540060	-1.132053	1.373579	0.000000	0.000000
876.560000	0.540062	-1.132052	1.373579	0.000000	0.000000
876.570000	0.540064	-1.132052	1.373578	0.000000	0.000000
876.580000	0.540067	-1.132053	1.373578	0.000000	0.000000
876.590000	0.540068	-1.132053	1.373578	0.000000	0.000000
876.600000	0.540070	-1.132051	1.373578	0.000000	0.000000
876.610000	0.540071	-1.132048	1.373578	0.000000	0.000000
876.620000	0.540071	-1.132043	1.373578	0.000000	0.000000
876.630000	0.540071	-1.132038	1.373578	0.000000	0.000000
876.640000	0.540072	-1.132034	1.373578	0.000000	0.000000
876.650000	0.540072	-1.132030	1.373578	0.000000	0.000000
876.660000	0.540073	-1.132026	1.373578	0.000000	0.000000
876.670000	0.540074	-1.132021	1.373578	0.000000	0.000000
876.680000	0.540074	-1.132015	1.373578	0.000000	0.000000
876.690000	0.540073	-1.132008	1.373578	0.000000	0.000000
876.700000	0.540072	-1.131999	1.373579	0.000000	0.000000
876.710000	0.540072	-1.131991	1.373579	0.000000	0.000000
876.720000	0.540072	-1.131984	1.373579	0.000000	0.000000
876.730000	0.540073	-1.131979	1.373580	0.000000	0.000000
876.740000	0.540074	-1.131976	1.373580	0.000000	0.000000
876.750000	0.540075	-1.131974	1.373580	0.000000	0.000000
876.760000	0.540076	-1.131972	1.373581	0.000000	0.000000
876.770000	0.540077	-1.131971	1.373581	0.000000	0.000000
876.780000	0.540078	-1.131971	1.373581	0.000000	0.000000
876.790000	0.540079	-1.131971	1.373582	0.000000	0.000000
876.800000	0.540081	-1.131972	1.373582	0.000000	0.000000
876.810000	0.540082	-1.131971	1.373582	0.000000	0.000000
876.820000	0.540083	-1.131969	1.373582	0.000000	0.000000
876.830000	0.540084	-1.131967	1.373583	0.000000	0.000000
876.840000	0.540084	-1.131964	1.373583	0.000000	0.000000
876.850000	0.540085	-1.131961	1.373583	0.000000	0.000000
876.860000	0.540085	-1.131959	1.373583	0.000000	0.000000
876.870000	0.540085	-1.131956	1.373583	0.000000	0.000000
876.880000	0.540086	-1.131954	1.373583	0.000000	0.000000
876.890000	0.540086	-1.131953	1.373584	0.000000	0.000000
876.900000	0.540087	-1.131953	1.373584	0.000000	0.000000
876.910000	0.540088	-1.131953	1.373584	0.000000	0.000000
876.920000	0.540089	-1.131952	1.373584	0.000000	0.000000
876.930000	0.540090	-1.131951	1.373584	0.000000	0.000000
876.940000	0.540091	-1.131949	1.373585	0.000000	0.000000
876.950000	0.540092	-1.131946	1.373585	0.000000	0.000000
876.960000	0.540094	-1.131942	1.373586	0.000000	0.000000
876.970000	0.540094	-1.131938	1.373586	0.000000	0.000000
876.980000	0.540095	-1.131933	1.373587	0.000000	0.000000
876.990000	0.540096	-1.131927	1.373587	0.000000	0.000000
877.000000	0.540096	-1.131922	1.373588	0.000000	0.000000
877.010000	0.540097	-1.131916	1.373589	0.000000	0.000000
877.020000	0.540098	-1.131910	1.373589	0.000000	0.000000
877.030000	0.540100	-1.131904	1.373590	0.000000	0.000000
877.040000	0.540101	-1.131897	1.373591	0.000000	0.000000
877.050000	0.540102	-1.131891	1.373592	0.000000	0.000000
877.060000	0.540103	-1.131886	1.373593	0.000000	0.000000
877.070000	0.540105	-1.131881	1.373594	0.000000	0.000000
877.080000	0.540106	-1.131876	1.373595	0.000000	0.000000
877.090000	0.540108	-1.131872	1.373596	0.000000	0.000000
877.100000	0.540109	-1.131869	1.373597	0.000000	0.000000
877.110000	0.540110	-1.131866	1.373598	0.000000	0.000000
877.120000	0.540111	-1.131863	1.373600	0.000000	0.000000
877.130000	0.540111	-1.131861	1.373601	0.000000	0.000000
877.140000	0.540111	-1.131859	1.373602	0.000000	0.000000
877.150000	0.540111	-1.131856	1.373603	0.000000	0.000000
877.160000	0.540112	-1.131853	1.373605	0.000000	0.000000
877.170000	0.540111	-1.131850	1.373606	0.000000	0.000000
877.180000	0.540111	-1.131847	1.373607	0.000000	0.000000
877.190000	0.540112	-1.131844	1.373608	0.000000	0.000000
877.200000	0.540113	-1.131842	1.373610	0.000000	0.000000
877.210000	0.540114	-1.131841	1.373611	0.000000	0.000000
877.220000	0.540115	-1.131840	1.373612	0.000000	0.000000
877.230000	0.540116	-1.131839	1.373613	0.000000	0.000000
877.240000	0.540118	-1.131837	1.373615	0.000000	0.000000
877.250000	0.540120	-1.131836	1.373616	0.000000	0.000000
877.260000	0.540121	-1.131834	1.373617	0.000000	0.000000
877.270000	0.540123	-1.131830	1.373618	0.000000	0.000000
877.280000	0.540124	-1.131825	1.373620	0.000000	0.000000
877.290000	0.540126	-1.131820	1.373621	0.000000	0.000000
877.300000	0.540128	-1.131816	1.373622	0.000000	0.000000
877.310000	0.540130	-1.131814	1.373623	0.000000	0.000000
877.320000	0.540132	-1.131812	1.373625	0.000000	0.000000
877.330000	0.540134	-1.131810	1.373626	0.000000	0.000000
877.340000	0.540136	-1.131808	1.373627	0.000000	0.000000
877.350000	0.540138	-1.131806	1.373628	0.000000	0.000000
877.360000	0.540140	-1.131803	1.373630	0.000000	0.000000
877.370000	0.540143	-1.131801	1.373631	0.000000	0.000000
877.380000	0.540145	-1.131799	1.373632	0.000000	0.000000
877.390000	0.540148	-1.131798	1.373633	0.000000	0.000000
877.400000	0.540150	-1.131797	1.373635	0.000000	0.000000
877.410000	0.540153	-1.131796	1.373636	0.000000	0.000000
877.420000	0.540155	-1.131795	1.373637	0.000000	0.000000
877.430000	0.540158	-1.131794	1.373638	0.000000	0.000000
877.440000	0.540160	-1.131793	1.373639	0.000000	0.000000
877.450000	0.540162	-1.131791	1.373640	0.000000	0.000000
877.460000	0.540163	-1.131789	1.373641	0.000000	0.000000
877.470000	0.540163	-1.131786	1.373642	0.000000	0.000000
877.480000	0.540164	-1.131782	1.373643	0.000000	0.000000
877.490000	0.540164	-1.131778	1.373644	0.000000	0.000000
877.500000	0.540163	-1.131774	1.373645	0.000000	0.000000
877.510000	0.540162	-1.131769	1.373645	0.000000	0.000000
877.520000	0.540162	-1.131764	1.373646	0.000000	0.000000
877.530000	0.540161	-1.131759	1.373647	0.000000	0.000000
877.540000	0.540161	-1.131756	1.373648	0.000000	0.000000
877.550000	0.540162	-1.131754	1.373648	0.000000	0.000000
877.560000	0.540164	-1.131753	1.373649	0.000000	0.000000
877.570000	0.540165	-1.131752	1.373650	0.000000	0.000000
877.580000	0.540167	-1.131752	1.373650	0.000000	0.000000
877.590000	0.540168	-1.131753	1.373651	0.000000	0.000000
877.600000	0.540169	-1.131754	1.373651	0.000000	0.000000
877.610000	0.540171	-1.131754	1.373652	0.000000	0.000000
877.620000	0.540172	-1.131755	1.373652	0.000000	0.000000
877.630000	0.540174	-1.131755	1.373653	0.000000	0.000000
877.640000	0.540174	-1.131754	1.373653	0.000000	0.000000
877.650000	0.540174	-1.131753	1.373654	0.000000	0.000000
877.660000	0.540174	-1.131750	1.373654	0.000000	0.000000
877.670000	0.540173	-1.131747	1.373655	0.000000	0.000000
877.680000	0.540173	-1.131742	1.373655	0.000000	0.000000
877.690000	0.540171	-1.131737	1.373656	0.000000	0.000000
877.700000	0.540170	-1.131731	1.373657	0.000000	0.000000
877.710000	0.540169	-1.131725	1.373657	0.000000	0.000000
877.720000	0.540168	-1.131721	1.373658	0.000000	0.000000
877.730000	0.540167	-1.131717	1.373658	0.000000	0.000000
877.740000	0.540167	-1.131715	1.373659	0.000000	0.000000
877.750000	0.540167	-1.131712	1.373659	0.000000	0.000000
877.760000	0.540166	-1.131709	1.373660	0.000000	0.000000
877.770000	0.540166	-1.131705	1.373661	0.000000	0.000000
877.780000	0.540165	-1.131702	1.373661	0.000000	0.000000
877.790000	0.540165	-1.131699	1.373662	0.000000	0.000000
877.800000	0.540164	-1.131697	1.373663	0.000000	0.000000
877.810000	0.540165	-1.131696	1.373664	0.000000	0.000000
877.820000	0.540166	-1.131696	1.373664	0.000000	0.000000
877.830000	0.540166	-1.131697	1.373665	0.000000	0.000000
877.840000	0.540167	-1.131699	1.373666	0.000000	0.000000
877.850000	0.540167	-1.131701	1.373667	0.000000	0.000000
877.860000	0.540167	-1.131702	1.373668	0.000000	0.000000
877.870000	0.540167	-1.131703	1.373668	0.000000	0.000000
877.880000	0.540167	-1.131703	1.373669	0.000000	0.000000
877.890000	0.540166	-1.131701	1.373670	0.000000	0.000000
877.900000	0.540165	-1.131698	1.373671	0.000000	0.000000
877.910000	0.540163	-1.131694	1.373672	0.000000	0.000000
877.920000	0.540161	-1.131689	1.373673	0.000000	0.000000
877.930000	0.540158	-1.131684	1.373674	0.000000	0.000000
877.940000	0.540156	-1.131678	1.373674	0.000000	0.000000
877.950000	0.540154	-1.131673	1.373675	0.000000	0.000000
877.960000	0.540152	-1.131669	1.373676	0.000000	0.000000
877.970000	0.540150	-1.131666	1.373677	0.000000	0.000000
877.980000	0.540148	-1.131665	1.373678	0.000000	0.000000
877.990000	0.540148	-1.131665	1.373678	0.000000	0.000000
878.000000	0.540147	-1.131667	1.373679	0.000000	0.000000
878.010000	0.540146	-1.131669	1.373680	0.000000	0.000000
878.020000	0.540146	-1.131672	1.373680	0.000000	0.000000
878.030000	0.540146	-1.131674	1.373681	0.000000	0.000000
878.040000	0.540146	-1.131676	1.373682	0.000000	0.000000
878.050000	0.540145	-1.131677	1.373682	0.000000	0.000000
878.060000	0.540144	-1.131676	1.373683	0.000000	0.000000
878.070000	0.540143	-1.131676	1.373683	0.000000	0.000000
878.080000	0.540142	-1.131675	1.373684	0.000000	0.000000
878.090000	0.540142	-1.131675	1.373684	0.000000	0.000000
878.100000	0.540141	-1.131676	1.373685	0.000000	0.000000
878.110000	0.540141	-1.131677	1.373685	0.000000	0.000000
878.120000	0.540140	-1.131678	1.373685	0.000000	0.000000
878.130000	0.540139	-1.131677	1.373686	0.000000	0.000000
878.140000	0.540138	-1.131676	1.373686	0.000000	0.000000
878.150000	0.540136	-1.131674	1.373687	0.000000	0.000000
878.160000	0.540135	-1.131673	1.373687	0.000000	0.000000
878.170000	0.540135	-1.131674	1.373688	0.000000	0.000000
878.180000	0.540135	-1.131677	1.373688	0.000000	0.000000
878.190000	0.540135	-1.131679	1.373689	0.000000	0.000000
878.200000	0.540136	-1.131681	1.373689	0.000000	0.000000
878.210000	0.540136	-1.131683	1.373690	0.000000	0.000000
878.220000	0.540136	-1.131684	1.373691	0.000000	0.000000
878.230000	0.540135	-1.131684	1.373691	0.000000	0.000000
878.240000	0.540135	-1.131683	1.373692	0.000000	0.000000
878.250000	0.540134	-1.131682	1.373693	0.000000	0.000000
878.260000	0.540133	-1.131680	1.373694	0.000000	0.000000
878.270000	0.540132	-1.131677	1.373695	0.000000	0.000000
878.280000	0.540131	-1.131673	1.373695	0.000000	0.000000
878.290000	0.540130	-1.131669	1.373696	0.000000	0.000000
878.300000	0.540128	-1.131664	1.373697	0.000000	0.000000
878.310000	0.540126	-1.131659	1.373698	0.000000	0.000000
878.320000	0.540124	-1.131654	1.373699	0.000000	0.000000
878.330000	0.540122	-1.131650	1.373700	0.000000	0.000000
878.340000	0.540121	-1.131646	1.373701	0.000000	0.000000
878.350000	0.540119	-1.131641	1.373702	0.000000	0.000000
878.360000	0.540118	-1.131637	1.373702	0.000000	0.000000
878.370000	0.540116	-1.131632	1.373703	0.000000	0.000000
878.380000	0.540115	-1.131627	1.373704	0.000000	0.000000
878.390000	0.540113	-1.131621	1.373704	0.000000	0.000000
878.400000	0.540112	-1.131615	1.373705	0.000000	0.000000
878.410000	0.540111	-1.131609	1.373705	0.000000	0.000000
878.420000	0.540110	-1.131605	1.373706	0.000000	0.000000
878.430000	0.540110	-1.131601	1.373706	0.000000	0.000000
878.440000	0.540109	-1.131599	1.373707	0.000000	0.000000
878.450000	0.540110	-1.131599	1.373707	0.000000	0.000000
878.460000	0.540111	-1.131600	1.373707	0.000000	0.000000
878.470000	0.540112	-1.131602	1.373707	0.000000	0.000000
878.480000	0.540114	-1.131605	1.373708	0.000000	0.000000
878.490000	0.540115	-1.131609	1.373708	0.000000	0.000000
878.500000	0.540116	-1.131611	1.373708	0.000000	0.000000
878.510000	0.540116	-1.131612	1.373708	0.000000	0.000000
878.520000	0.540117	-1.131612	1.373708	0.000000	0.000000
878.530000	0.540117	-1.131611	1.373708	0.000000	0.000000
878.540000	0.540116	-1.131607	1.373707	0.000000	0.000000
878.550000	0.540115	-1.131603	1.373707	0.000000	0.000000
878.560000	0.540114	-1.131597	1.373707	0.000000	0.000000
878.570000	0.540113	-1.131591	1.373707	0.000000	0.000000
878.580000	0.540112	-1.131586	1.373706	0.000000	0.000000
878.590000	0.540112	-1.131582	1.373706	0.000000	0.000000
878.600000	0.540112	-1.131580	1.373705	0.000000	0.000000
878.610000	0.540112	-1.131579	1.373705	0.000000	0.000000
878.620000	0.540113	-1.131578	1.373704	0.000000	0.000000
878.630000	0.540113	-1.131576	1.373703	0.000000	0.000000
878.640000	0.540114	-1.131575	1.373702	0.000000	0.000000
878.650000	0.540114	-1.131574	1.373702	0.000000	0.000000
878.660000	0.540115	-1.131575	1.373701	0.000000	0.000000
878.670000	0.540116	-1.131577	1.373700	0.000000	0.000000
878.680000	0.540117	-1.131578	1.373699	0.000000	0.000000
878.690000	0.540118	-1.131579	1.373699	0.000000	0.000000
878.700000	0.540118	-1.131580	1.373698	0.000000	0.000000
878.710000	0.540119	-1.131580	1.373697	0.000000	0.000000
878.720000	0.540119	-1.131580	1.373696	0.000000	0.000000
878.730000	0.540119	-1.131580	1.373695	0.000000	0.000000
878.740000	0.540119	-1.131580	1.373695	0.000000	0.000000
878.750000	0.540118	-1.131579	1.373694	0.000000	0.000000
878.760000	0.540118	-1.131578	1.373693	0.000000	0.000000
878.770000	0.540117	-1.131577	1.373692	0.000000	0.000000
878.780000	0.540116	-1.131576	1.373691	0.000000	0.000000
878.790000	0.540116	-1.131574	1.373691	0.000000	0.000000
878.800000	0.540115	-1.131572	1.373690	0.000000	0.000000
878.810000	0.540114	-1.131568	1.373689	0.000000	0.000000
878.820000	0.540112	-1.131564	1.373688	0.000000	0.000000
878.830000	0.540111	-1.131561	1.373687	0.000000	0.000000
878.840000	0.540109	-1.131559	1.373686	0.000000	0.000000
878.850000	0.540109	-1.131558	1.373685	0.000000	0.000000
878.860000	0.540108	-1.131558	1.373684	0.000000	0.000000
878.870000	0.540108	-1.131559	1.373684	0.000000	0.000000
878.880000	0.540108	-1.131561	1.373682	0.000000	0.000000
878.890000	0.540107	-1.131562	1.373681	0.000000	0.000000
878.900000	0.540107	-1.131564	1.373680	0.000000	0.000000
878.910000	0.540107	-1.131564	1.373679	0.000000	0.000000
878.920000	0.540106	-1.131564	1.373678	0.000000	0.000000
878.930000	0.540106	-1.131563	1.373677	0.000000	0.000000
878.940000	0.540106	-1.131563	1.373675	0.000000	0.000000
878.950000	0.540106	-1.131564	1.373674	0.000000	0.000000
878.960000	0.540107	-1.131567	1.373673	0.000000	0.000000
878.970000	0.540107	-1.131571	1.373671	0.000000	0.000000
878.980000	0.540107	-1.131576	1.373670	0.000000	0.000000
878.990000	0.540109	-1.131582	1.373668	0.000000	0.000000
879.000000	0.540110	-1.131589	1.373667	0.000000	0.000000
879.010000	0.540111	-1.131595	1.373665	0.000000	0.000000
879.020000	0.540111	-1.131601	1.373664	0.000000	0.000000
879.030000	0.540112	-1.131608	1.373662	0.000000	0.000000
879.040000	0.540112	-1.131615	1.373661	0.000000	0.000000
879.050000	0.540112	-1.131621	1.373659	0.000000	0.000000
879.060000	0.540112	-1.131627	1.373657	0.000000	0.000000
879.070000	0.540112	-1.131632	1.373656	0.000000	0.000000
879.080000	0.540111	-1.131635	1.373654	0.000000	0.000000
879.090000	0.540109	-1.131638	1.373652	0.000000	0.000000
879.100000	0.540107	-1.131641	1.373651	0.000000	0.000000
879.110000	0.540106	-1.131646	1.373649	0.000000	0.000000
879.120000	0.540105	-1.131652	1.373647	0.000000	0.000000
879.130000	0.540104	-1.131658	1.373646	0.000000	0.000000
879.140000	0.540103	-1.131665	1.373644	0.000000	0.000000
879.150000	0.540102	-1.131673	1.373642	0.000000	0.000000
879.160000	0.540101	-1.131681	1.373641	0.000000	0.000000
879.170000	0.540101	-1.131688	1.373639	0.000000	0.000000
879.180000	0.540100	-1.131695	1.373637	0.000000	0.000000
879.190000	0.540099	-1.131701	1.373635	0.000000	0.000000
879.200000	0.540097	-1.131705	1.373634	0.000000	0.000000
879.210000	0.540095	-1.131709	1.373632	0.000000	0.000000
879.220000	0.540093	-1.131713	1.373630	0.000000	0.000000
879.230000	0.540091	-1.131717	1.373629	0.000000	0.000000
879.240000	0.540090	-1.131722	1.373627	0.000000	0.000000
879.250000	0.540088	-1.131728	1.373626	0.000000	0.000000
879.260000	0.540087	-1.131734	1.373624	0.000000	0.000000
879.270000	0.540085	-1.131739	1.373622	0.000000	0.000000
879.280000	0.540084	-1.131744	1.373621	0.000000	0.000000
879.290000	0.540082	-1.131748	1.373619	0.000000	0.000000
879.300000	0.540080	-1.131751	1.373617	0.000000	0.000000
879.310000	0.540078	-1.131755	1.373616	0.000000	0.000000
879.320000	0.540077	-1.131759	1.373614	0.000000	0.000000
879.330000	0.540076	-1.131765	1.373612	0.000000	0.000000
879.340000	0.540074	-1.131770	1.373611	0.000000	0.000000
879.350000	0.540073	-1.131776	1.373609	0.000000	0.000000
879.360000	0.540072	-1.131780	1.373607	0.000000	0.000000
879.370000	0.540071	-1.131785	1.373606	0.000000	0.000000
879.380000	0.540069	-1.131788	1.373604	0.000000	0.000000
879.390000	0.540068	-1.131792	1.373602	0.000000	0.000000
879.400000	0.540066	-1.131795	1.373601	0.000000	0.000000
879.410000	0.540064	-1.131799	1.373599	0.000000	0.000000
879.420000	0.540063	-1.131803	1.373597	0.000000	0.000000
879.430000	0.540062	-1.131807	1.373596	0.000000	0.000000
879.440000	0.540061	-1.131811	1.373594	0.000000	0.000000
879.450000	0.540059	-1.131816	1.373593	0.000000	0.000000
879.460000	0.540058	-1.131820	1.373591	0.000000	0.000000
879.470000	0.540057	-1.131824	1.373590	0.000000	0.000000
879.480000	0.540056	-1.131828	1.373588	0.000000	0.000000
879.490000	0.540055	-1.131833	1.373587	0.000000	0.000000
879.500000	0.540053	-1.131838	1.373585	0.000000	0.000000
879.510000	0.540052	-1.131842	1.373584	0.000000	0.000000
879.520000	0.540051	-1.131846	1.373582	0.000000	0.000000
879.530000	0.540049	-1.131850	1.373581	0.000000	0.000000
879.540000	0.540047	-1.131853	1.373579	0.000000	0.000000
879.550000	0.540045	-1.131855	1.373578	0.000000	0.000000
879.560000	0.540043	-1.131856	1.373576	0.000000	0.000000
879.570000	0.540040	-1.131856	1.373575	0.000000	0.000000
879.580000	0.540038	-1.131855	1.373573	0.000000	0.000000
879.590000	0.540035	-1.131854	1.373572	0.000000	0.000000
879.600000	0.540033	-1.131855	1.373571	0.000000	0.000000
879.610000	0.540031	-1.131856	1.373569	0.000000	0.000000
879.620000	0.540029	-1.131859	1.373568	0.000000	0.000000
879.630000	0.540027	-1.131863	1.373566	0.000000	0.000000
879.640000	0.540026	-1.131868	1.373564	0.000000	0.000000
879.650000	0.540025	-1.131874	1.373563	0.000000	0.000000
879.660000	0.540025	-1.131881	1.373561	0.000000	0.000000
879.670000	0.540024	-1.131888	1.373560	0.000000	0.000000
879.680000	0.540024	-1.131894	1.373558	0.000000	0.000000
879.690000	0.540023	-1.131900	1.373557	0.000000	0.000000
879.700000	0.540022	-1.131905	1.373555	0.000000	0.000000
879.710000	0.540021	-1.131909	1.373553	0.000000	0.000000
879.720000	0.540020	-1.131913	1.373552	0.000000	0.000000
879.730000	0.540020	-1.131918	1.373550	0.000000	0.000000
879.740000	0.540019	-1.131923	1.373549	0.000000	0.000000
879.750000	0.540019	-1.131929	1.373547	0.000000	0.000000
879.760000	0.540019	-1.131935	1.373546	0.000000	0.000000
879.770000	0.540019	-1.131943	1.373544	0.000000	0.000000
879.780000	0.540020	-1.131951	1.373543	0.000000	0.000000
879.790000	0.540020	-1.131958	1.373541	0.000000	0.000000
879.800000	0.540021	-1.131964	1.373540	0.000000	0.000000
879.810000	0.540022	-1.131969	1.373539	0.000000	0.000000
879.820000	0.540022	-1.131973	1.373537	0.000000	0.000000
879.830000	0.540023	-1.131977	1.373536	0.000000	0.000000
879.840000	0.540023	-1.131981	1.373535	0.000000	0.000000
879.850000	0.540024	-1.131985	1.373534	0.000000	0.000000
879.860000	0.540024	-1.131987	1.373533	0.000000	0.000000
879.870000	0.540024	-1.131989	1.373531	0.000000	0.000000
879.880000	0.540025	-1.131989	1.373530	0.000000	0.000000
879.890000	0.540025	-1.131988	1.373529	0.000000	0.000000
879.900000	0.540024	-1.131987	1.373528	0.000000	0.000000
879.910000	0.540024	-1.131986	1.373527	0.000000	0.000000
879.920000	0.540024	-1.131987	1.373526	0.000000	0.000000
879.930000	0.540025	-1.131988	1.373524	0.000000	0.000000
879.940000	0.540026	-1.131990	1.373523	0.000000	0.000000
879.950000	0.540027	-1.131992	1.373522	0.000000	0.000000
879.960000	0.540029	-1.131994	1.373521	0.000000	0.000000
879.970000	0.540031	-1.131996	1.373520	0.000000	0.000000
879.980000	0.540033	-1.131999	1.373519	0.000000	0.000000
879.990000	0.540035	-1.132002	1.373518	0.000000	0.000000
880.000000	0.540037	-1.132005	1.373517	0.000000	0.000000
880.010000	0.540039	-1.132008	1.373516	0.000000	0.000000
880.020000	0.540041	-1.132012	1.373515	0.000000	0.000000
880.030000	0.540044	-1.132017	1.373514	0.000000	0.000000
880.040000	0.540047	-1.132023	1.373513	0.000000	0.000000
880.050000	0.540050	-1.132029	1.373512	0.000000	0.000000
880.060000	0.540053	-1.132035	1.373511	0.000000	0.000000
880.070000	0.540056	-1.132040	1.373510	0.000000	0.000000
880.080000	0.540059	-1.132044	1.373510	0.000000	0.000000
880.090000	0.540061	-1.132046	1.373509	0.000000	0.000000
880.100000	0.540063	-1.132048	1.373509	0.000000	0.000000
880.110000	0.540065	-1.132049	1.373508	0.000000	0.000000
880.120000	0.540068	-1.132050	1.373508	0.000000	0.000000
880.130000	0.540070	-1.132050	1.373508	0.000000	0.000000
880.140000	0.540072	-1.132049	1.373507	0.000000	0.000000
880.150000	0.540074	-1.132047	1.373507	0.000000	0.000000
880.160000	0.540076	-1.132045	1.373507	0.000000	0.000000
880.170000	0.540076	-1.132042	1.373507	0.000000	0.000000
880.180000	0.540077	-1.132038	1.373507	0.000000	0.000000
880.190000	0.540077	-1.132033	1.373507	0.000000	0.000000
880.200000	0.540078	-1.132027	1.373507	0.000000	0.000000
880.210000	0.540078	-1.132021	1.373507	0.000000	0.000000
880.220000	0.540078	-1.132015	1.373507	0.000000	0.000000
880.230000	0.540078	-1.132010	1.373507	0.000000	0.000000
880.240000	0.540079	-1.132006	1.373506	0.000000	0.000000
880.250000	0.540080	-1.132003	1.373506	0.000000	0.000000
880.260000	0.540080	-1.132000	1.373506	0.000000	0.000000
880.270000	0.540081	-1.131998	1.373506	0.000000	0.000000
880.280000	0.540081	-1.131996	1.373506	0.000000	0.000000
880.290000	0.540082	-1.131994	1.373506	0.000000	0.000000
880.300000	0.540083	-1.131994	1.373506	0.000000	0.000000
880.310000	0.540085	-1.131995	1.373506	0.000000	0.000000
880.320000	0.540086	-1.131997	1.373506	0.000000	0.000000
880.330000	0.540088	-1.131999	1.373506	0.000000	0.000000
880.340000	0.540089	-1.132001	1.373506	0.000000	0.000000
880.350000	0.540090	-1.132002	1.373506	0.000000	0.000000
880.360000	0.540091	-1.132003	1.373505	0.000000	0.000000
880.370000	0.540092	-1.132003	1.373505	0.000000	0.000000
880.380000	0.540094	-1.132003	1.373505	0.000000	0.000000
880.390000	0.540095	-1.132004	1.373505	0.000000	0.000000
880.400000	0.540097	-1.132007	1.373505	0.000000	0.000000
880.410000	0.540098	-1.132011	1.373505	0.000000	0.000000
880.420000	0.540100	-1.132017	1.373505	0.000000	0.000000
880.430000	0.540102	-1.132022	1.373505	0.000000	0.000000
880.440000	0.540102	-1.132027	1.373505	0.000000	0.000000
880.450000	0.540103	-1.132030	1.373505	0.000000	0.000000
880.460000	0.540104	-1.132032	1.373505	0.000000	0.000000
880.470000	0.540104	-1.132031	1.373505	0.000000	0.000000
880.480000	0.540104	-1.132031	1.373506	0.000000	0.000000
880.490000	0.540104	-1.132032	1.373506	0.000000	0.000000
880.500000	0.540105	-1.132034	1.373506	0.000000	0.000000
880.510000	0.540105	-1.132035	1.373507	0.000000	0.000000
880.520000	0.540106	-1.132037	1.373507	0.000000	0.000000
880.530000	0.540106	-1.132038	1.373508	0.000000	0.000000
880.540000	0.540106	-1.132037	1.373508	0.000000	0.000000
880.550000	0.540104	-1.132036	1.373509	0.000000	0.000000
880.560000	0.540103	-1.132034	1.373509	0.000000	0.000000
880.570000	0.540101	-1.132031	1.373510	0.000000	0.000000
880.580000	0.540099	-1.132029	1.373510	0.000000	0.000000
880.590000	0.540098	-1.132028	1.373511	0.000000	0.000000
880.600000	0.540096	-1.132027	1.373512	0.000000	0.000000
880.610000	0.540095	-1.132027	1.373513	0.000000	0.000000
880.620000	0.540093	-1.132027	1.373513	0.000000	0.000000
880.630000	0.540092	-1.132027	1.373514	0.000000	0.000000
880.640000	0.540090	-1.132028	1.373515	0.000000	0.000000
880.650000	0.540089	-1.132028	1.373515	0.000000	0.000000
880.660000	0.540088	-1.132030	1.373516	0.000000	0.000000
880.670000	0.540086	-1.132031	1.373517	0.000000	0.000000
880.680000	0.540085	-1.132032	1.373517	0.000000	0.000000
880.690000	0.540083	-1.132033	1.373518	0.000000	0.000000
880.700000	0.540081	-1.132034	1.373519	0.000000	0.000000
880.710000	0.540079	-1.132035	1.373519	0.000000	0.000000
880.720000	0.540078	-1.132036	1.373520	0.000000	0.000000
880.730000	0.540077	-1.132039	1.373521	0.000000	0.000000
880.740000	0.540076	-1.132043	1.373521	0.000000	0.000000
880.750000	0.540076	-1.132047	1.373522	0.000000	0.000000
880.760000	0.540076	-1.132051	1.373522	0.000000	0.000000
880.770000	0.540075	-1.132054	1.373523	0.000000	0.000000
880.780000	0.540075	-1.132057	1.373524	0.000000	0.000000
880.790000	0.540074	-1.132061	1.373524	0.000000	0.000000
880.800000	0.540074	-1.132064	1.373525	0.000000	0.000000
880.810000	0.540073	-1.132067	1.373526	0.000000	0.000000
880.820000	0.540073	-1.132070	1.373526	0.000000	0.000000
880.830000	0.540072	-1.132072	1.373527	0.000000	0.000000
880.840000	0.540071	-1.132074	1.373528	0.000000	0.000000
880.850000	0.540070	-1.132075	1.373528	0.000000	0.000000
880.860000	0.540068	-1.132076	1.373529	0.000000	0.000000
880.870000	0.540067	-1.132077	1.373530	0.000000	0.000000
880.880000	0.540066	-1.132078	1.373530	0.000000	0.000000
880.890000	0.540065	-1.132078	1.373531	0.000000	0.000000
880.900000	0.540064	-1.132079	1.373531	0.000000	0.000000
880.910000	0.540063	-1.132078	1.373532	0.000000	0.000000
880.920000	0.540061	-1.132078	1.373533	0.000000	0.000000
880.930000	0.540059	-1.132078	1.373533	0.000000	0.000000
880.940000	0.540057	-1.132078	1.373534	0.000000	0.000000
880.950000	0.540055	-1.132078	1.373534	0.000000	0.000000
880.960000	0.540052	-1.132078	1.373535	0.000000	0.000000
880.970000	0.540050	-1.132078	1.373535	0.000000	0.000000
880.980000	0.540047	-1.132078	1.373535	0.000000	0.000000
880.990000	0.540045	-1.132078	1.373536	0.000000	0.000000
881.000000	0.540042	-1.132077	1.373536	0.000000	0.000000
881.010000	0.540039	-1.132077	1.373536	0.000000	0.000000
881.020000	0.540037	-1.132077	1.373537	0.000000	0.000000
881.030000	0.540035	-1.132080	1.373537	0.000000	0.000000
881.040000	0.540034	-1.132084	1.373537	0.000000	0.000000
881.050000	0.540034	-1.132089	1.373537	0.000000	0.000000
881.060000	0.540034	-1.132094	1.373538	0.000000	0.000000
881.070000	0.540033	-1.132099	1.373538	0.000000	0.000000
881.080000	0.540032	-1.132101	1.373538	0.000000	0.000000
881.090000	0.540031	-1.132102	1.373538	0.000000	0.000000
881.100000	0.540030	-1.132103	1.373538	0.000000	0.000000
881.110000	0.540028	-1.132104	1.373538	0.000000	0.000000
881.120000	0.540026	-1.132104	1.373538	0.000000	0.000000
881.130000	0.540024	-1.132106	1.373538	0.000000	0.000000
881.140000	0.540022	-1.132109	1.373539	0.000000	0.000000
881.150000	0.540021	-1.132112	1.373539	0.000000	0.000000
881.160000	0.540019	-1.132117	1.373539	0.000000	0.000000
881.170000	0.540018	-1.132122	1.373539	0.000000	0.000000
881.180000	0.540016	-1.132127	1.373540	0.000000	0.000000
881.190000	0.540015	-1.132133	1.373540	0.000000	0.000000
881.200000	0.540015	-1.132138	1.373540	0.000000	0.000000
881.210000	0.540013	-1.132143	1.373541	0.000000	0.000000
881.220000	0.540012	-1.132148	1.373541	0.000000	0.000000
881.230000	0.540010	-1.132151	1.373541	0.000000	0.000000
881.240000	0.540008	-1.132154	1.373542	0.000000	0.000000
881.250000	0.540006	-1.132156	1.373542	0.000000	0.000000
881.260000	0.540004	-1.132159	1.373543	0.000000	0.000000
881.270000	0.540002	-1.132161	1.373543	0.000000	0.000000
881.280000	0.540000	-1.132163	1.373544	0.000000	0.000000
881.290000	0.539998	-1.132166	1.373545	0.000000	0.000000
881.300000	0.539996	-1.132167	1.373545	0.000000	0.000000
881.310000	0.539994	-1.132169	1.373546	0.000000	0.000000
881.320000	0.539992	-1.132171	1.373547	0.000000	0.000000
881.330000	0.539990	-1.132173	1.373547	0.000000	0.000000
881.340000	0.539989	-1.132175	1.373548	0.000000	0.000000
881.350000	0.539988	-1.132178	1.373549	0.000000	0.000000
881.360000	0.539987	-1.132180	1.373550	0.000000	0.000000
881.370000	0.539986	-1.132182	1.373551	0.000000	0.000000
881.380000	0.539985	-1.132182	1.373552	0.000000	0.000000
881.390000	0.539983	-1.132182	1.373553	0.000000	0.000000
881.400000	0.539980	-1.132181	1.373554	0.000000	0.000000
881.410000	0.539978	-1.132180	1.373555	0.000000	0.000000
881.420000	0.539976	-1.132179	1.373556	0.000000	0.000000
881.430000	0.539973	-1.132178	1.373557	0.000000	0.000000
881.440000	0.539970	-1.132176	1.373558	0.000000	0.000000
881.450000	0.539967	-1.132175	1.373559	0.000000	0.000000
881.460000	0.539964	-1.132173	1.373560	0.000000	0.000000
881.470000	0.539962	-1.132171	1.373561	0.000000	0.000000
881.480000	0.539960	-1.132170	1.373562	0.000000	0.000000
881.490000	0.539958	-1.132170	1.373563	0.000000	0.000000
881.500000	0.539956	-1.132169	1.373564	0.000000	0.000000
881.510000	0.539955	-1.132169	1.373565	0.000000	0.000000
881.520000	0.539953	-1.132170	1.373567	0.000000	0.000000
881.530000	0.539952	-1.132170	1.373568	0.000000	0.000000
881.540000	0.539951	-1.132171	1.373569	0.000000	0.000000
881.550000	0.539950	-1.132172	1.373570	0.000000	0.000000
881.560000	0.539949	-1.132172	1.373571	0.000000	0.000000
881.570000	0.539948	-1.132173	1.373573	0.000000	0.000000
881.580000	0.539947	-1.132174	1.373574	0.000000	0.000000
881.590000	0.539946	-1.132175	1.373575	0.000000	0.000000
881.600000	0.539945	-1.132177	1.373577	0.000000	0.000000
881.610000	0.539944	-1.132179	1.373578	0.000000	0.000000
881.620000	0.539943	-1.132183	1.373579	0.000000	0.000000
881.630000	0.539943	-1.132186	1.373581	0.000000	0.000000
881.640000	0.539942	-1.132190	1.373582	0.000000	0.000000
881.650000	0.539941	-1.132193	1.373584	0.000000	0.000000
881.660000	0.539940	-1.132196	1.373585	0.000000	0.000000
881.670000	0.539939	-1.132198	1.373587	0.000000	0.000000
881.680000	0.539938	-1.132200	1.373588	0.000000	0.000000
881.690000	0.539937	-1.132201	1.373590	0.000000	0.000000
881.700000	0.539936	-1.132202	1.373591	0.000000	0.000000
881.710000	0.539935	-1.132202	1.373593	0.000000	0.000000
881.720000	0.539933	-1.132202	1.373595	0.000000	0.000000
881.730000	0.539931	-1.132201	1.373596	0.000000	0.000000
881.740000	0.539930	-1.132201	1.373598	0.000000	0.000000
881.750000	0.539929	-1.132202	1.373600	0.000000	0.000000
881.760000	0.539927	-1.132203	1.373601	0.000000	0.000000
881.770000	0.539926	-1.132204	1.373603	0.000000	0.000000
881.780000	0.539925	-1.132206	1.373604	0.000000	0.000000
881.790000	0.539925	-1.132207	1.373606	0.000000	0.000000
881.800000	0.539924	-1.132208	1.373608	0.000000	0.000000
881.810000	0.539922	-1.132208	1.373610	0.000000	0.000000
881.820000	0.539920	-1.132206	1.373611	0.000000	0.000000
881.830000	0.539919	-1.132204	1.373613	0.000000	0.000000
881.840000	0.539917	-1.132201	1.373615	0.000000	0.000000
881.850000	0.539916	-1.132199	1.373616	0.000000	0.000000
881.860000	0.539916	-1.132198	1.373618	0.000000	0.000000
881.870000	0.539916	-1.132199	1.373620	0.000000	0.000000
881.880000	0.539916	-1.132202	1.373622	0.000000	0.000000
881.890000	0.539917	-1.132206	1.373623	0.000000	0.000000
881.900000	0.539917	-1.132210	1.373625	0.000000	0.000000
881.910000	0.539917	-1.132213	1.373627	0.000000	0.000000
881.920000	0.539917	-1.132215	1.373629	0.000000	0.000000
881.930000	0.539916	-1.132216	1.373631	0.000000	0.000000
881.940000	0.539916	-1.132215	1.373633	0.000000	0.000000
881.950000	0.539915	-1.132213	1.373634	0.000000	0.000000
881.960000	0.539914	-1.132211	1.373636	0.000000	0.000000
881.970000	0.539913	-1.132208	1.373638	0.000000	0.000000
881.980000	0.539912	-1.132205	1.373640	0.000000	0.000000
881.990000	0.539910	-1.132200	1.373642	0.000000	0.000000
882.000000	0.539909	-1.132196	1.373644	0.000000	0.000000
882.010000	0.539908	-1.132191	1.373646	0.000000	0.000000
882.020000	0.539907	-1.132188	1.373648	0.000000	0.000000
882.030000	0.539907	-1.132186	1.373650	0.000000	0.000000
882.040000	0.539908	-1.132186	1.373651	0.000000	0.000000
882.050000	0.539909	-1.132186	1.373653	0.000000	0.000000
882.060000	0.539909	-1.132187	1.373655	0.000000	0.000000
882.070000	0.539910	-1.132188	1.373657	0.000000	0.000000
882.080000	0.539910	-1.132187	1.373659	0.000000	0.000000
882.090000	0.539909	-1.132185	1.373661	0.000000	0.000000
882.100000	0.539908	-1.132181	1.373663	0.000000	0.000000
882.110000	0.539906	-1.132175	1.373665	0.000000	0.000000
882.120000	0.539904	-1.132170	1.373667	0.000000	0.000000
882.130000	0.539903	-1.132166	1.373669	0.000000	0.000000
882.140000	0.539902	-1.132164	1.373671	0.000000	0.000000
882.150000	0.539901	-1.132163	1.373673	0.000000	0.000000
882.160000	0.539901	-1.132164	1.373675	0.000000	0.000000
882.170000	0.539901	-1.132165	1.373676	0.000000	0.000000
882.180000	0.539902	-1.132167	1.373678	0.000000	0.000000
882.190000	0.539903	-1.132168	1.373680	0.000000	0.000000
882.200000	0.539903	-1.132170	1.373682	0.000000	0.000000
882.210000	0.539903	-1.132170	1.373684	0.000000	0.000000
882.220000	0.539903	-1.132170	1.373686	0.000000	0.000000
882.230000	0.539903	-1.132169	1.373688	0.000000	0.000000
882.240000	0.539903	-1.132166	1.373690	0.000000	0.000000
882.250000	0.539902	-1.132162	1.373692	0.000000	0.000000
882.260000	0.539901	-1.132157	1.373694	0.000000	0.000000
882.270000	0.539899	-1.132152	1.373696	0.000000	0.000000
882.280000	0.539898	-1.132148	1.373698	0.000000	0.000000
882.290000	0.539897	-1.132144	1.373699	0.000000	0.000000
882.300000	0.539896	-1.132141	1.373701	0.000000	0.000000
882.310000	0.539896	-1.132138	1.373703	0.000000	0.000000
882.320000	0.539896	-1.132136	1.373705	0.000000	0.000000
882.330000	0.539896	-1.132133	1.373707	0.000000	0.000000
882.340000	0.539896	-1.132131	1.373708	0.000000	0.000000
882.350000	0.539896	-1.132128	1.373710	0.000000	0.000000
882.360000	0.539896	-1.132126	1.373712	0.000000	0.000000
882.370000	0.539896	-1.132125	1.373714	0.000000	0.000000
882.380000	0.539897	-1.132123	1.373715	0.000000	0.000000
882.390000	0.539897	-1.132122	1.373717	0.000000	0.000000
882.400000	0.539897	-1.132121	1.373719	0.000000	0.000000
882.410000	0.539897	-1.132119	1.373720	0.000000	0.000000
882.420000	0.539896	-1.132116	1.373722	0.000000	0.000000
882.430000	0.539895	-1.132114	1.373724	0.000000	0.000000
882.440000	0.539895	-1.132111	1.373725	0.000000	0.000000
882.450000	0.539894	-1.132109	1.373727	0.000000	0.000000
882.460000	0.539893	-1.132107	1.373728	0.000000	0.000000
882.470000	0.539892	-1.132103	1.373730	0.000000	0.000000
882.480000	0.539890	-1.132099	1.373731	0.000000	0.000000
882.490000	0.539889	-1.132094	1.373732	0.000000	0.000000
882.500000	0.539888	-1.132090	1.373734	0.000000	0.000000
882.510000	0.539887	-1.132088	1.373735	0.000000	0.000000
882.520000	0.539886	-1.132086	1.373736	0.000000	0.000000
882.530000	0.539886	-1.132084	1.373738	0.000000	0.000000
882.540000	0.539886	-1.132082	1.373739	0.000000	0.000000
882.550000	0.539886	-1.132080	1.373740	0.000000	0.000000
882.560000	0.539886	-1.132078	1.373741	0.000000	0.000000
882.570000	0.539885	-1.132077	1.373742	0.000000	0.000000
882.580000	0.539886	-1.132076	1.373744	0.000000	0.000000
882.590000	0.539887	-1.132077	1.373745	0.000000	0.000000
882.600000	0.539889	-1.132079	1.373746	0.000000	0.000000
882.610000	0.539891	-1.132082	1.373747	0.000000	0.000000
882.620000	0.539893	-1.132086	1.373747	0.000000	0.000000
882.630000	0.539896	-1.132091	1.373748	0.000000	0.000000
882.640000	0.539899	-1.132096	1.373749	0.000000	0.000000
882.650000	0.539902	-1.132101	1.373750	0.000000	0.000000
882.660000	0.539905	-1.132105	1.373750	0.000000	0.000000
882.670000	0.539907	-1.132109	1.373751	0.000000	0.000000
882.680000	0.539909	-1.132111	1.373752	0.000000	0.000000
882.690000	0.539911	-1.132111	1.373752	0.000000	0.000000
882.700000	0.539912	-1.132109	1.373753	0.000000	0.000000
882.710000	0.539912	-1.132108	1.373753	0.000000	0.000000
882.720000	0.539913	-1.132106	1.373753	0.000000	0.000000
882.730000	0.539914	-1.132106	1.373754	0.000000	0.000000
882.740000	0.539915	-1.132106	1.373754	0.000000	0.000000
882.750000	0.539916	-1.132105	1.373755	0.000000	0.000000
882.760000	0.539916	-1.132105	1.373755	0.000000	0.000000
882.770000	0.539917	-1.132106	1.373755	0.000000	0.000000
882.780000	0.539918	-1.132107	1.373755	0.000000	0.000000
882.790000	0.539919	-1.132108	1.373755	0.000000	0.000000
882.800000	0.539920	-1.132108	1.373755	0.000000	0.000000
882.810000	0.539920	-1.132108	1.373756	0.000000	0.000000
882.820000	0.539920	-1.132108	1.373756	0.000000	0.000000
882.830000	0.539920	-1.132109	1.373756	0.000000	0.000000
882.840000	0.539921	-1.132111	1.373756	0.000000	0.000000
882.850000	0.539921	-1.132112	1.373756	0.000000	0.000000
882.860000	0.539921	-1.132113	1.373756	0.000000	0.000000
882.870000	0.539921	-1.132114	1.373756	0.000000	0.000000
882.880000	0.539921	-1.132116	1.373756	0.000000	0.000000
882.890000	0.539922	-1.132119	1.373756	0.000000	0.000000
882.900000	0.539923	-1.132123	1.373756	0.000000	0.000000
882.910000	0.539923	-1.132126	1.373756	0.000000	0.000000
882.920000	0.539923	-1.132129	1.373757	0.000000	0.000000
882.930000	0.539923	-1.132131	1.373757	0.000000	0.000000
882.940000	0.539923	-1.132134	1.373757	0.000000	0.000000
882.950000	0.539923	-1.132139	1.373757	0.000000	0.000000
882.960000	0.539923	-1.132144	1.373757	0.000000	0.000000
882.970000	0.539924	-1.132149	1.373757	0.000000	0.000000
882.980000	0.539923	-1.132152	1.373758	0.000000	0.000000
882.990000	0.539922	-1.132155	1.373758	0.000000	0.000000
883.000000	0.539921	-1.132155	1.373758	0.000000	0.000000
883.010000	0.539920	-1.132153	1.373758	0.000000	0.000000
883.020000	0.539918	-1.132150	1.373758	0.000000	0.000000
883.030000	0.539916	-1.132149	1.373759	0.000000	0.000000
883.040000	0.539915	-1.132150	1.373759	0.000000	0.000000
883.050000	0.539914	-1.132152	1.373759	0.000000	0.000000
883.060000	0.539914	-1.132155	1.373759	0.000000	0.000000
883.070000	0.539913	-1.132159	1.373760	0.000000	0.000000
883.080000	0.539913	-1.132163	1.373760	0.000000	0.000000
883.090000	0.539912	-1.132167	1.373760	0.000000	0.000000
883.100000	0.539912	-1.132171	1.373760	0.000000	0.000000
883.110000	0.539911	-1.132174	1.373760	0.000000	0.000000
883.120000	0.539910	-1.132176	1.373761	0.000000	0.000000
883.130000	0.539909	-1.132178	1.373761	0.000000	0.000000
883.140000	0.539908	-1.132179	1.373761	0.000000	0.000000
883.150000	0.539908	-1.132180	1.373761	0.000000	0.000000
883.160000	0.539906	-1.132180	1.373762	0.000000	0.000000
883.170000	0.539905	-1.132180	1.373762	0.000000	0.000000
883.180000	0.539903	-1.132179	1.373762	0.000000	0.000000
883.190000	0.539901	-1.132178	1.373762	0.000000	0.000000
883.200000	0.539899	-1.132177	1.373762	0.000000	0.000000
883.210000	0.539897	-1.132176	1.373762	0.000000	0.000000
883.220000	0.539896	-1.132177	1.373763	0.000000	0.000000
883.230000	0.539895	-1.132177	1.373763	0.000000	0.000000
883.240000	0.539893	-1.132178	1.373763	0.000000	0.000000
883.250000	0.539892	-1.132179	1.373763	0.000000	0.000000
883.260000	0.539891	-1.132181	1.373763	0.000000	0.000000
883.270000	0.539890	-1.132182	1.373763	0.000000	0.000000
883.280000	0.539889	-1.132184	1.373763	0.000000	0.000000
883.290000	0.539888	-1.132186	1.373763	0.000000	0.000000
883.300000	0.539887	-1.132189	1.373763	0.000000	0.000000
883.310000	0.539886	-1.132192	1.373762	0.000000	0.000000
883.320000	0.539886	-1.132196	1.373762	0.000000	0.000000
883.330000	0.539885	-1.132200	1.373762	0.000000	0.000000
883.340000	0.539883	-1.132203	1.373762	0.000000	0.000000
883.350000	0.539881	-1.132204	1.373761	0.000000	0.000000
883.360000	0.539878	-1.132205	1.373761	0.000000	0.000000
883.370000	0.539876	-1.132206	1.373761	0.000000	0.000000
883.380000	0.539875	-1.132208	1.373761	0.000000	0.000000
883.390000	0.539874	-1.132210	1.373760	0.000000	0.000000
883.400000	0.539872	-1.132214	1.373760	0.000000	0.000000
883.410000	0.539871	-1.132218	1.373760	0.000000	0.000000
883.420000	0.539870	-1.132222	1.373759	0.000000	0.000000
883.430000	0.539869	-1.132226	1.373759	0.000000	0.000000
883.440000	0.539868	-1.132231	1.373759	0.000000	0.000000
883.450000	0.539866	-1.132236	1.373759	0.000000	0.000000
883.460000	0.539865	-1.132240	1.373759	0.000000	0.000000
883.470000	0.539864	-1.132243	1.373758	0.000000	0.000000
883.480000	0.539862	-1.132246	1.373758	0.000000	0.000000
883.490000	0.539861	-1.132248	1.373758	0.000000	0.000000
883.500000	0.539859	-1.132249	1.373758	0.000000	0.000000
883.510000	0.539858	-1.132249	1.373758	0.000000	0.000000
883.520000	0.539856	-1.132248	1.373758	0.000000	0.000000
883.530000	0.539854	-1.132247	1.373758	0.000000	0.000000
883.540000	0.539852	-1.132245	1.373758	0.000000	0.000000
883.550000	0.539851	-1.132243	1.373758	0.000000	0.000000
883.560000	0.539848	-1.132239	1.373758	0.000000	0.000000
883.570000	0.539846	-1.132235	1.373757	0.000000	0.000000
883.580000	0.539844	-1.132231	1.373757	0.000000	0.000000
883.590000	0.539842	-1.132227	1.373757	0.000000	0.000000
883.600000	0.539841	-1.132225	1.373757	0.000000	0.000000
883.610000	0.539840	-1.132224	1.373757	0.000000	0.000000
883.620000	0.539839	-1.132225	1.373756	0.000000	0.000000
883.630000	0.539838	-1.132227	1.373756	0.000000	0.000000
883.640000	0.539837	-1.132229	1.373756	0.000000	0.000000
883.650000	0.539837	-1.132231	1.373755	0.000000	0.000000
883.660000	0.539837	-1.132234	1.373755	0.000000	0.000000
883.670000	0.539837	-1.132237	1.373754	0.000000	0.000000
883.680000	0.539837	-1.132241	1.373753	0.000000	0.000000
883.690000	0.539836	-1.132246	1.373753	0.000000	0.000000
883.700000	0.539836	-1.132249	1.373752	0.000000	0.000000
883.710000	0.539835	-1.132251	1.373751	0.000000	0.000000
883.720000	0.539833	-1.132253	1.373750	0.000000	0.000000
883.730000	0.539832	-1.132254	1.373749	0.000000	0.000000
883.740000	0.539830	-1.132257	1.373748	0.000000	0.000000
883.750000	0.539829	-1.132262	1.373747	0.000000	0.000000
883.760000	0.539829	-1.132268	1.373746	0.000000	0.000000
883.770000	0.539829	-1.132274	1.373745	0.000000	0.000000
883.780000	0.539829	-1.132280	1.373744	0.000000	0.000000
883.790000	0.539828	-1.132285	1.373743	0.000000	0.000000
883.800000	0.539826	-1.132289	1.373742	0.000000	0.000000
883.810000	0.539824	-1.132291	1.373741	0.000000	0.000000
883.820000	0.539822	-1.132294	1.373740	0.000000	0.000000
883.830000	0.539821	-1.132297	1.373739	0.000000	0.000000
883.840000	0.539819	-1.132301	1.373738	0.000000	0.000000
883.850000	0.539818	-1.132305	1.373737	0.000000	0.000000
883.860000	0.539818	-1.132311	1.373736	0.000000	0.000000
883.870000	0.539817	-1.132317	1.373735	0.000000	0.000000
883.880000	0.539816	-1.132322	1.373734	0.000000	0.000000
883.890000	0.539816	-1.132327	1.373733	0.000000	0.000000
883.900000	0.539815	-1.132332	1.373732	0.000000	0.000000
883.910000	0.539814	-1.132336	1.373731	0.000000	0.000000
883.920000	0.539813	-1.132339	1.373730	0.000000	0.000000
883.930000	0.539812	-1.132342	1.373728	0.000000	0.000000
883.940000	0.539810	-1.132344	1.373727	0.000000	0.000000
883.950000	0.539809	-1.132347	1.373726	0.000000	0.000000
883.960000	0.539808	-1.132351	1.373725	0.000000	0.000000
883.970000	0.539808	-1.132357	1.373724	0.000000	0.000000
883.980000	0.539808	-1.132364	1.373723	0.000000	0.000000
883.990000	0.539809	-1.132373	1.373721	0.000000	0.000000
884.000000	0.539811	-1.132383	1.373720	0.000000	0.000000
884.010000	0.539812	-1.132393	1.373719	0.000000	0.000000
884.020000	0.539813	-1.132402	1.373718	0.000000	0.000000
884.030000	0.539814	-1.132409	1.373717	0.000000	0.000000
884.040000	0.539814	-1.132414	1.373716	0.000000	0.000000
884.050000	0.539814	-1.132419	1.373715	0.000000	0.000000
884.060000	0.539814	-1.132424	1.373714	0.000000	0.000000
884.070000	0.539813	-1.132427	1.373713	0.000000	0.000000
884.080000	0.539812	-1.132430	1.373712	0.000000	0.000000
884.090000	0.539811	-1.132432	1.373711	0.000000	0.000000
884.100000	0.539810	-1.132433	1.373710	0.000000	0.000000
884.110000	0.539809	-1.132436	1.373709	0.000000	0.000000
884.120000	0.539808	-1.132438	1.373708	0.000000	0.000000
884.130000	0.539808	-1.132441	1.373707	0.000000	0.000000
884.140000	0.539808	-1.132444	1.373706	0.000000	0.000000
884.150000	0.539808	-1.132446	1.373705	0.000000	0.000000
884.160000	0.539808	-1.132448	1.373704	0.000000	0.000000
884.170000	0.539808	-1.132450	1.373703	0.000000	0.000000
884.180000	0.539807	-1.132451	1.373702	0.000000	0.000000
884.190000	0.539806	-1.132451	1.373701	0.000000	0.000000
884.200000	0.539805	-1.132450	1.373700	0.000000	0.000000
884.210000	0.539804	-1.132449	1.373700	0.000000	0.000000
884.220000	0.539802	-1.132448	1.373699	0.000000	0.000000
884.230000	0.539801	-1.132447	1.373698	0.000000	0.000000
884.240000	0.539800	-1.132448	1.373697	0.000000	0.000000
884.250000	0.539800	-1.132449	1.373696	0.000000	0.000000
884.260000	0.539800	-1.132451	1.373695	0.000000	0.000000
884.270000	0.539800	-1.132455	1.373693	0.000000	0.000000
884.280000	0.539801	-1.132460	1.373692	0.000000	0.000000
884.290000	0.539802	-1.132467	1.373691	0.000000	0.000000
884.300000	0.539803	-1.132473	1.373690	0.000000	0.000000
884.310000	0.539803	-1.132480	1.373689	0.000000	0.000000
884.320000	0.539803	-1.132486	1.373688	0.000000	0.000000
884.330000	0.539804	-1.132491	1.373687	0.000000	0.000000
884.340000	0.539804	-1.132496	1.373686	0.000000	0.000000
884.350000	0.539804	-1.132500	1.373684	0.000000	0.000000
884.360000	0.539804	-1.132504	1.373683	0.000000	0.000000
884.370000	0.539804	-1.132507	1.373682	0.000000	0.000000
884.380000	0.539804	-1.132510	1.373680	0.000000	0.000000
884.390000	0.539804	-1.132513	1.373679	0.000000	0.000000
884.400000	0.539804	-1.132516	1.373678	0.000000	0.000000
884.410000	0.539804	-1.132519	1.373676	0.000000	0.000000
884.420000	0.539804	-1.132523	1.373675	0.000000	0.000000
884.430000	0.539805	-1.132528	1.373674	0.000000	0.000000
884.440000	0.539805	-1.132532	1.373673	0.000000	0.000000
884.450000	0.539805	-1.132537	1.373671	0.000000	0.000000
884.460000	0.539805	-1.132541	1.373670	0.000000	0.000000
884.470000	0.539804	-1.132545	1.373669	0.000000	0.000000
884.480000	0.539803	-1.132548	1.373668	0.000000	0.000000
884.490000	0.539802	-1.132549	1.373666	0.000000	0.000000
884.500000	0.539801	-1.132551	1.373665	0.000000	0.000000
884.510000	0.539800	-1.132554	1.373664	0.000000	0.000000
884.520000	0.539799	-1.132558	1.373663	0.000000	0.000000
884.530000	0.539799	-1.132563	1.373662	0.000000	0.000000
884.540000	0.539799	-1.132568	1.373661	0.000000	0.000000
884.550000	0.539799	-1.132572	1.373660	0.000000	0.000000
884.560000	0.539799	-1.132576	1.373659	0.000000	0.000000
884.570000	0.539797	-1.132578	1.373658	0.000000	0.000000
884.580000	0.539796	-1.132580	1.373657	0.000000	0.000000
884.590000	0.539795	-1.132581	1.373656	0.000000	0.000000
884.600000	0.539794	-1.132582	1.373656	0.000000	0.000000
884.610000	0.539792	-1.132583	1.373655	0.000000	0.000000
884.620000	0.539791	-1.132584	1.373654	0.000000	0.000000
884.630000	0.539790	-1.132585	1.373653	0.000000	0.000000
884.640000	0.539788	-1.132586	1.373652	0.000000	0.000000
884.650000	0.539787	-1.132587	1.373651	0.000000	0.000000
884.660000	0.539786	-1.132588	1.373650	0.000000	0.000000
884.670000	0.539786	-1.132590	1.373649	0.000000	0.000000
884.680000	0.539785	-1.132591	1.373648	0.000000	0.000000
884.690000	0.539784	-1.132594	1.373647	0.000000	0.000000
884.700000	0.539784	-1.132598	1.373646	0.000000	0.000000
884.710000	0.539783	-1.132602	1.373645	0.000000	0.000000
884.720000	0.539783	-1.132605	1.373644	0.000000	0.000000
884.730000	0.539782	-1.132608	1.373643	0.000000	0.000000
884.740000	0.539781	-1.132611	1.373642	0.000000	0.000000
884.750000	0.539780	-1.132614	1.373641	0.000000	0.000000
884.760000	0.539779	-1.132617	1.373640	0.000000	0.000000
884.770000	0.539778	-1.132619	1.373639	0.000000	0.000000
884.780000	0.539776	-1.132621	1.373638	0.000000	0.000000
884.790000	0.539775	-1.132623	1.373637	0.000000	0.000000
884.800000	0.539774	-1.132624	1.373636	0.000000	0.000000
884.810000	0.539772	-1.132625	1.373635	0.000000	0.000000
884.820000	0.539770	-1.132626	1.373634	0.000000	0.000000
884.830000	0.539769	-1.132626	1.373633	0.000000	0.000000
884.840000	0.539768	-1.132626	1.373632	0.000000	0.000000
884.850000	0.539767	-1.132626	1.373632	0.000000	0.000000
884.860000	0.539765	-1.132627	1.373631	0.000000	0.000000
884.870000	0.539764	-1.132627	1.373630	0.000000	0.000000
884.880000	0.539762	-1.132626	1.373629	0.000000	0.000000
884.890000	0.539760	-1.132624	1.373628	0.000000	0.000000
884.900000	0.539758	-1.132622	1.373628	0.000000	0.000000
884.910000	0.539755	-1.132619	1.373627	0.000000	0.000000
884.920000	0.539753	-1.132616	1.373626	0.000000	0.000000
884.930000	0.539751	-1.132614	1.373625	0.000000	0.000000
884.940000	0.539750	-1.132614	1.373624	0.000000	0.000000
884.950000	0.539750	-1.132614	1.373624	0.000000	0.000000
884.960000	0.539750	-1.132615	1.373623	0.000000	0.000000
884.970000	0.539750	-1.132617	1.373622	0.000000	0.000000
884.980000	0.539749	-1.132620	1.373621	0.000000	0.000000
884.990000	0.539750	-1.132624	1.373620	0.000000	0.000000
885.000000	0.539750	-1.132628	1.373620	0.000000	0.000000
885.010000	0.539750	-1.132633	1.373619	0.000000	0.000000
885.020000	0.539750	-1.132636	1.373618	0.000000	0.000000
885.030000	0.539750	-1.132639	1.373617	0.000000	0.000000
885.040000	0.539749	-1.132640	1.373616	0.000000	0.000000
885.050000	0.539748	-1.132640	1.373616	0.000000	0.000000
885.060000	0.539747	-1.132639	1.373615	0.000000	0.000000
885.070000	0.539746	-1.132638	1.373614	0.000000	0.000000
885.080000	0.539745	-1.132636	1.373614	0.000000	0.000000
885.090000	0.539744	-1.132634	1.373613	0.000000	0.000000
885.100000	0.539744	-1.132634	1.373613	0.000000	0.000000
885.110000	0.539743	-1.132633	1.373612	0.000000	0.000000
885.120000	0.539743	-1.132633	1.373612	0.000000	0.000000
885.130000	0.539743	-1.132632	1.373611	0.000000	0.000000
885.140000	0.539743	-1.132630	1.373611	0.000000	0.000000
885.150000	0.539742	-1.132627	1.373611	0.000000	0.000000
885.160000	0.539742	-1.132624	1.373611	0.000000	0.000000
885.170000	0.539742	-1.132621	1.373610	0.000000	0.000000
885.180000	0.539741	-1.132617	1.373610	0.000000	0.000000
885.190000	0.539741	-1.132613	1.373610	0.000000	0.000000
885.200000	0.539740	-1.132609	1.373610	0.000000	0.000000
885.210000	0.539739	-1.132604	1.373610	0.000000	0.000000
885.220000	0.539738	-1.132598	1.373610	0.000000	0.000000
885.230000	0.539736	-1.132590	1.373610	0.000000	0.000000
885.240000	0.539734	-1.132582	1.373611	0.000000	0.000000
885.250000	0.539733	-1.132575	1.373611	0.000000	0.000000
885.260000	0.539732	-1.132569	1.373611	0.000000	0.000000
885.270000	0.539731	-1.132565	1.373611	0.000000	0.000000
885.280000	0.539732	-1.132563	1.373611	0.000000	0.000000
885.290000	0.539733	-1.132563	1.373611	0.000000	0.000000
885.300000	0.539734	-1.132564	1.373611	0.000000	0.000000
885.310000	0.539736	-1.132566	1.373611	0.000000	0.000000
885.320000	0.539737	-1.132569	1.373612	0.000000	0.000000
885.330000	0.539739	-1.132572	1.373612	0.000000	0.000000
885.340000	0.539741	-1.132574	1.373612	0.000000	0.000000
885.350000	0.539742	-1.132574	1.373612	0.000000	0.000000
885.360000	0.539743	-1.132571	1.373612	0.000000	0.000000
885.370000	0.539743	-1.132567	1.373612	0.000000	0.000000
885.380000	0.539742	-1.132561	1.373612	0.000000	0.000000
885.390000	0.539742	-1.132555	1.373613	0.000000	0.000000
885.400000	0.539742	-1.132550	1.373613	0.000000	0.000000
885.410000	0.539743	-1.132547	1.373613	0.000000	0.000000
885.420000	0.539744	-1.132546	1.373613	0.000000	0.000000
885.430000	0.539746	-1.132545	1.373614	0.000000	0.000000
885.440000	0.539746	-1.132544	1.373614	0.000000	0.000000
885.450000	0.539747	-1.132542	1.373615	0.000000	0.000000
885.460000	0.539746	-1.132540	1.373615	0.000000	0.000000
885.470000	0.539746	-1.132535	1.373616	0.000000	0.000000
885.480000	0.539745	-1.132529	1.373616	0.000000	0.000000
885.490000	0.539743	-1.132521	1.373617	0.000000	0.000000
885.500000	0.539741	-1.132513	1.373617	0.000000	0.000000
885.510000	0.539739	-1.132505	1.373618	0.000000	0.000000
885.520000	0.539737	-1.132498	1.373619	0.000000	0.000000
885.530000	0.539736	-1.132493	1.373619	0.000000	0.000000
885.540000	0.539736	-1.132488	1.373620	0.000000	0.000000
885.550000	0.539735	-1.132485	1.373621	0.000000	0.000000
885.560000	0.539736	-1.132482	1.373621	0.000000	0.000000
885.570000	0.539736	-1.132481	1.373622	0.000000	0.000000
885.580000	0.539736	-1.132479	1.373623	0.000000	0.000000
885.590000	0.539736	-1.132479	1.373624	0.000000	0.000000
885.600000	0.539736	-1.132478	1.373624	0.000000	0.000000
885.610000	0.539735	-1.132477	1.373625	0.000000	0.000000
885.620000	0.539734	-1.132476	1.373625	0.000000	0.000000
885.630000	0.539733	-1.132473	1.373626	0.000000	0.000000
885.640000	0.539731	-1.132468	1.373627	0.000000	0.000000
885.650000	0.539729	-1.132463	1.373627	0.000000	0.000000
885.660000	0.539727	-1.132459	1.373628	0.000000	0.000000
885.670000	0.539726	-1.132457	1.373628	0.000000	0.000000
885.680000	0.539726	-1.132457	1.373629	0.000000	0.000000
885.690000	0.539727	-1.132460	1.373629	0.000000	0.000000
885.700000	0.539729	-1.132463	1.373630	0.000000	0.000000
885.710000	0.539730	-1.132467	1.373630	0.000000	0.000000
885.720000	0.539732	-1.132471	1.373630	0.000000	0.000000
885.730000	0.539733	-1.132475	1.373631	0.000000	0.000000
885.740000	0.539735	-1.132478	1.373631	0.000000	0.000000
885.750000	0.539736	-1.132479	1.373631	0.000000	0.000000
885.760000	0.539736	-1.132477	1.373631	0.000000	0.000000
885.770000	0.539735	-1.132473	1.373632	0.000000	0.000000
885.780000	0.539734	-1.132467	1.373632	0.000000	0.000000
885.790000	0.539733	-1.132460	1.373632	0.000000	0.000000
885.800000	0.539732	-1.132455	1.373632	0.000000	0.000000
885.810000	0.539731	-1.132452	1.373632	0.000000	0.000000
885.820000	0.539732	-1.132449	1.373632	0.000000	0.000000
885.830000	0.539732	-1.132448	1.373632	0.000000	0.000000
885.840000	0.539733	-1.132447	1.373631	0.000000	0.000000
885.850000	0.539735	-1.132447	1.373631	0.000000	0.000000
885.860000	0.539737	-1.132448	1.373631	0.000000	0.000000
885.870000	0.539738	-1.132448	1.373630	0.000000	0.000000
885.880000	0.539741	-1.132448	1.373630	0.000000	0.000000
885.890000	0.539743	-1.132448	1.373630	0.000000	0.000000
885.900000	0.539745	-1.132446	1.373629	0.000000	0.000000
885.910000	0.539747	-1.132442	1.373628	0.000000	0.000000
885.920000	0.539748	-1.132436	1.373628	0.000000	0.000000
885.930000	0.539750	-1.132431	1.373627	0.000000	0.000000
885.940000	0.539752	-1.132426	1.373626	0.000000	0.000000
885.950000	0.539753	-1.132421	1.373625	0.000000	0.000000
885.960000	0.539754	-1.132416	1.373625	0.000000	0.000000
885.970000	0.539756	-1.132411	1.373624	0.000000	0.000000
885.980000	0.539758	-1.132405	1.373623	0.000000	0.000000
885.990000	0.539759	-1.132399	1.373623	0.000000	0.000000
886.000000	0.539761	-1.132393	1.373622	0.000000	0.000000
886.010000	0.539763	-1.132387	1.373621	0.000000	0.000000
886.020000	0.539765	-1.132382	1.373621	0.000000	0.000000
886.030000	0.539767	-1.132377	1.373620	0.000000	0.000000
886.040000	0.539770	-1.132374	1.373619	0.000000	0.000000
886.050000	0.539773	-1.132371	1.373619	0.000000	0.000000
886.060000	0.539775	-1.132368	1.373618	0.000000	0.000000
886.070000	0.539778	-1.132366	1.373617	0.000000	0.000000
886.080000	0.539780	-1.132364	1.373617	0.000000	0.000000
886.090000	0.539782	-1.132362	1.373616	0.000000	0.000000
886.100000	0.539785	-1.132360	1.373615	0.000000	0.000000
886.110000	0.539788	-1.132358	1.373614	0.000000	0.000000
886.120000	0.539790	-1.132354	1.373614	0.000000	0.000000
886.130000	0.539792	-1.132351	1.373613	0.000000	0.000000
886.140000	0.539794	-1.132348	1.373612	0.000000	0.000000
886.150000	0.539798	-1.132347	1.373610	0.000000	0.000000
886.160000	0.539801	-1.132347	1.373609	0.000000	0.000000
886.170000	0.539804	-1.132348	1.373608	0.000000	0.000000
886.180000	0.539808	-1.132348	1.373607	0.000000	0.000000
886.190000	0.539810	-1.132347	1.373605	0.000000	0.000000
886.200000	0.539814	-1.132347	1.373604	0.000000	0.000000
886.210000	0.539817	-1.132346	1.373602	0.000000	0.000000
886.220000	0.539819	-1.132344	1.373601	0.000000	0.000000
886.230000	0.539821	-1.132341	1.373599	0.000000	0.000000
886.240000	0.539823	-1.132340	1.373598	0.000000	0.000000
886.250000	0.539825	-1.132341	1.373596	0.000000	0.000000
886.260000	0.539827	-1.132341	1.373595	0.000000	0.000000
886.270000	0.539829	-1.132341	1.373593	0.000000	0.000000
886.280000	0.539830	-1.132341	1.373592	0.000000	0.000000
886.290000	0.539831	-1.132339	1.373591	0.000000	0.000000
886.300000	0.539832	-1.132335	1.373589	0.000000	0.000000
886.310000	0.539833	-1.132330	1.373588	0.000000	0.000000
886.320000	0.539833	-1.132325	1.373586	0.000000	0.000000
886.330000	0.539833	-1.132320	1.373585	0.000000	0.000000
886.340000	0.539834	-1.132315	1.373584	0.000000	0.000000
886.350000	0.539835	-1.132311	1.373582	0.000000	0.000000
886.360000	0.539836	-1.132309	1.373581	0.000000	0.000000
886.370000	0.539839	-1.132308	1.373579	0.000000	0.000000
886.380000	0.539841	-1.132308	1.373577	0.000000	0.000000
886.390000	0.539844	-1.132309	1.373576	0.000000	0.000000
886.400000	0.539846	-1.132310	1.373574	0.000000	0.000000
886.410000	0.539848	-1.132310	1.373573	0.000000	0.000000
886.420000	0.539849	-1.132309	1.373571	0.000000	0.000000
886.430000	0.539850	-1.132305	1.373569	0.000000	0.000000
886.440000	0.539850	-1.132302	1.373567	0.000000	0.000000
886.450000	0.539851	-1.132301	1.373566	0.000000	0.000000
886.460000	0.539853	-1.132302	1.373564	0.000000	0.000000
886.470000	0.539856	-1.132304	1.373562	0.000000	0.000000
886.480000	0.539857	-1.132305	1.373560	0.000000	0.000000
886.490000	0.539858	-1.132303	1.373559	0.000000	0.000000
886.500000	0.539859	-1.132301	1.373557	0.000000	0.000000
886.510000	0.539859	-1.132297	1.373555	0.000000	0.000000
886.520000	0.539859	-1.132292	1.373554	0.000000	0.000000
886.530000	0.539859	-1.132287	1.373552	0.000000	0.000000
886.540000	0.539859	-1.132281	1.373551	0.000000	0.000000
886.550000	0.539859	-1.132277	1.373549	0.000000	0.000000
886.560000	0.539859	-1.132275	1.373548	0.000000	0.000000
886.570000	0.539860	-1.132274	1.373547	0.000000	0.000000
886.580000	0.539861	-1.132275	1.373545	0.000000	0.000000
886.590000	0.539862	-1.132276	1.373544	0.000000	0.000000
886.600000	0.539863	-1.132277	1.373543	0.000000	0.000000
886.610000	0.539864	-1.132279	1.373542	0.000000	0.000000
886.620000	0.539865	-1.132282	1.373540	0.000000	0.000000
886.630000	0.539866	-1.132285	1.373539	0.000000	0.000000
886.640000	0.539867	-1.132288	1.373538	0.000000	0.000000
886.650000	0.539867	-1.132290	1.373537	0.000000	0.000000
886.660000	0.539867	-1.132291	1.373536	0.000000	0.000000
886.670000	0.539868	-1.132291	1.373534	0.000000	0.000000
886.680000	0.539868	-1.132290	1.373533	0.000000	0.000000
886.690000	0.539868	-1.132288	1.373532	0.000000	0.000000
886.700000	0.539868	-1.132284	1.373531	0.000000	0.000000
886.710000	0.539868	-1.132280	1.373529	0.000000	0.000000
886.720000	0.539868	-1.132276	1.373528	0.000000	0.000000
886.730000	0.539869	-1.132274	1.373527	0.000000	0.000000
886.740000	0.539870	-1.132273	1.373526	0.000000	0.000000
886.750000	0.539871	-1.132272	1.373525	0.000000	0.000000
886.760000	0.539872	-1.132271	1.373524	0.000000	0.000000
886.770000	0.539873	-1.132268	1.373523	0.000000	0.000000
886.780000	0.539873	-1.132264	1.373522	0.000000	0.000000
886.790000	0.539873	-1.132259	1.373521	0.000000	0.000000
886.800000	0.539873	-1.132254	1.373520	0.000000	0.000000
886.810000	0.539872	-1.132248	1.373519	0.000000	0.000000
886.820000	0.539871	-1.132242	1.373518	0.000000	0.000000
886.830000	0.539871	-1.132237	1.373517	0.000000	0.000000
886.840000	0.539871	-1.132234	1.373516	0.000000	0.000000
886.850000	0.539871	-1.132231	1.373516	0.000000	0.000000
886.860000	0.539873	-1.132229	1.373515	0.000000	0.000000
886.870000	0.539874	-1.132228	1.373514	0.000000	0.000000
886.880000	0.539875	-1.132226	1.373513	0.000000	0.000000
886.890000	0.539875	-1.132221	1.373512	0.000000	0.000000
886.900000	0.539875	-1.132215	1.373511	0.000000	0.000000
886.910000	0.539876	-1.132212	1.373510	0.000000	0.000000
886.920000	0.539878	-1.132213	1.373509	0.000000	0.000000
886.930000	0.539880	-1.132215	1.373507	0.000000	0.000000
886.940000	0.539883	-1.132218	1.373506	0.000000	0.000000
886.950000	0.539885	-1.132220	1.373505	0.000000	0.000000
886.960000	0.539887	-1.132222	1.373504	0.000000	0.000000
886.970000	0.539888	-1.132223	1.373503	0.000000	0.000000
886.980000	0.539889	-1.132222	1.373502	0.000000	0.000000
886.990000	0.539889	-1.132220	1.373500	0.000000	0.000000
887.000000	0.539889	-1.132218	1.373499	0.000000	0.000000
887.010000	0.539889	-1.132215	1.373498	0.000000	0.000000
887.020000	0.539888	-1.132212	1.373496	0.000000	0.000000
887.030000	0.539889	-1.132210	1.373495	0.000000	0.000000
887.040000	0.539889	-1.132209	1.373493	0.000000	0.000000
887.050000	0.539889	-1.132209	1.373492	0.000000	0.000000
887.060000	0.539890	-1.132209	1.373490	0.000000	0.000000
887.070000	0.539890	-1.132208	1.373489	0.000000	0.000000
887.080000	0.539890	-1.132205	1.373487	0.000000	0.000000
887.090000	0.539891	-1.132200	1.373485	0.000000	0.000000
887.100000	0.539890	-1.132198	1.373484	0.000000	0.000000
887.110000	0.539892	-1.132199	1.373482	0.000000	0.000000
887.120000	0.539893	-1.132203	1.373480	0.000000	0.000000
887.130000	0.539896	-1.132208	1.373478	0.000000	0.000000
887.140000	0.539898	-1.132212	1.373476	0.000000	0.000000
887.150000	0.539900	-1.132216	1.373474	0.000000	0.000000
887.160000	0.539903	-1.132218	1.373472	0.000000	0.000000
887.170000	0.539905	-1.132221	1.373470	0.000000	0.000000
887.180000	0.539908	-1.132223	1.373468	0.000000	0.000000
887.190000	0.539910	-1.132224	1.373466	0.000000	0.000000
887.200000	0.539912	-1.132223	1.373464	0.000000	0.000000
887.210000	0.539912	-1.132218	1.373462	0.000000	0.000000
887.220000	0.539912	-1.132211	1.373460	0.000000	0.000000
887.230000	0.539912	-1.132203	1.373458	0.000000	0.000000
887.240000	0.539913	-1.132197	1.373457	0.000000	0.000000
887.250000	0.539915	-1.132195	1.373455	0.000000	0.000000
887.260000	0.539917	-1.132196	1.373453	0.000000	0.000000
887.270000	0.539919	-1.132197	1.373452	0.000000	0.000000
887.280000	0.539921	-1.132198	1.373451	0.000000	0.000000
887.290000	0.539922	-1.132198	1.373449	0.000000	0.000000
887.300000	0.539923	-1.132197	1.373448	0.000000	0.000000
887.310000	0.539923	-1.132196	1.373447	0.000000	0.000000
887.320000	0.539923	-1.132194	1.373446	0.000000	0.000000
887.330000	0.539923	-1.132193	1.373445	0.000000	0.000000
887.340000	0.539923	-1.132193	1.373444	0.000000	0.000000
887.350000	0.539924	-1.132193	1.373443	0.000000	0.000000
887.360000	0.539925	-1.132193	1.373442	0.000000	0.000000
887.370000	0.539926	-1.132195	1.373441	0.000000	0.000000
887.380000	0.539928	-1.132197	1.373441	0.000000	0.000000
887.390000	0.539929	-1.132199	1.373440	0.000000	0.000000
887.400000	0.539930	-1.132202	1.373439	0.000000	0.000000
887.410000	0.539931	-1.132206	1.373439	0.000000	0.000000
887.420000	0.539932	-1.132209	1.373438	0.000000	0.000000
887.430000	0.539933	-1.132213	1.373438	0.000000	0.000000
887.440000	0.539934	-1.132216	1.373438	0.000000	0.000000
887.450000	0.539935	-1.132219	1.373437	0.000000	0.000000
887.460000	0.539936	-1.132222	1.373437	0.000000	0.000000
887.470000	0.539937	-1.132224	1.373437	0.000000	0.000000
887.480000	0.539937	-1.132225	1.373436	0.000000	0.000000
887.490000	0.539937	-1.132225	1.373436	0.000000	0.000000
887.500000	0.539938	-1.132223	1.373436	0.000000	0.000000
887.510000	0.539938	-1.132222	1.373436	0.000000	0.000000
887.520000	0.539937	-1.132219	1.373436	0.000000	0.000000
887.530000	0.539936	-1.132216	1.373436	0.000000	0.000000
887.540000	0.539935	-1.132213	1.373436	0.000000	0.000000
887.550000	0.539935	-1.132210	1.373437	0.000000	0.000000
887.560000	0.539933	-1.132208	1.373437	0.000000	0.000000
887.570000	0.539933	-1.132205	1.373437	0.000000	0.000000
887.580000	0.539933	-1.132203	1.373437	0.000000	0.000000
887.590000	0.539933	-1.132203	1.373438	0.000000	0.000000
887.600000	0.539933	-1.132202	1.373438	0.000000	0.000000
887.610000	0.539933	-1.132203	1.373439	0.000000	0.000000
887.620000	0.539933	-1.132203	1.373439	0.000000	0.000000
887.630000	0.539933	-1.132204	1.373440	0.000000	0.000000
887.640000	0.539933	-1.132203	1.373440	0.000000	0.000000
887.650000	0.539933	-1.132201	1.373441	0.000000	0.000000
887.660000	0.539932	-1.132197	1.373441	0.000000	0.000000
887.670000	0.539930	-1.132192	1.373442	0.000000	0.000000
887.680000	0.539929	-1.132189	1.373442	0.000000	0.000000
887.690000	0.539927	-1.132187	1.373443	0.000000	0.000000
887.700000	0.539927	-1.132185	1.373443	0.000000	0.000000
887.710000	0.539926	-1.132184	1.373444	0.000000	0.000000
887.720000	0.539926	-1.132183	1.373444	0.000000	0.000000
887.730000	0.539925	-1.132181	1.373445	0.000000	0.000000
887.740000	0.539925	-1.132181	1.373445	0.000000	0.000000
887.750000	0.539925	-1.132180	1.373446	0.000000	0.000000
887.760000	0.539924	-1.132179	1.373447	0.000000	0.000000
887.770000	0.539923	-1.132178	1.373447	0.000000	0.000000
887.780000	0.539923	-1.132176	1.373448	0.000000	0.000000
887.790000	0.539922	-1.132174	1.373448	0.000000	0.000000
887.800000	0.539921	-1.132172	1.373448	0.000000	0.000000
887.810000	0.539921	-1.132170	1.373449	0.000000	0.000000
887.820000	0.539920	-1.132168	1.373449	0.000000	0.000000
887.830000	0.539919	-1.132165	1.373450	0.000000	0.000000
887.840000	0.539919	-1.132163	1.373450	0.000000	0.000000
887.850000	0.539919	-1.132163	1.373451	0.000000	0.000000
887.860000	0.539919	-1.132163	1.373451	0.000000	0.000000
887.870000	0.539919	-1.132163	1.373452	0.000000	0.000000
887.880000	0.539918	-1.132163	1.373452	0.000000	0.000000
887.890000	0.539918	-1.132163	1.373453	0.000000	0.000000
887.900000	0.539917	-1.132162	1.373453	0.000000	0.000000
887.910000	0.539916	-1.132158	1.373454	0.000000	0.000000
887.920000	0.539914	-1.132154	1.373454	0.000000	0.000000
887.930000	0.539913	-1.132149	1.373455	0.000000	0.000000
887.940000	0.539911	-1.132145	1.373456	0.000000	0.000000
887.950000	0.539911	-1.132143	1.373456	0.000000	0.000000
887.960000	0.539911	-1.132142	1.373457	0.000000	0.000000
887.970000	0.539911	-1.132142	1.373458	0.000000	0.000000
887.980000	0.539911	-1.132141	1.373459	0.000000	0.000000
887.990000	0.539911	-1.132139	1.373460	0.000000	0.000000
888.000000	0.539911	-1.132137	1.373461	0.000000	0.000000
888.010000	0.539911	-1.132134	1.373462	0.000000	0.000000
888.020000	0.539911	-1.132131	1.373463	0.000000	0.000000
888.030000	0.539911	-1.132126	1.373464	0.000000	0.000000
888.040000	0.539909	-1.132121	1.373465	0.000000	0.000000
888.050000	0.539908	-1.132115	1.373466	0.000000	0.000000
888.060000	0.539907	-1.132108	1.373467	0.000000	0.000000
888.070000	0.539906	-1.132102	1.373468	0.000000	0.000000
888.080000	0.539905	-1.132097	1.373469	0.000000	0.000000
888.090000	0.539905	-1.132091	1.373470	0.000000	0.000000
888.100000	0.539904	-1.132086	1.373471	0.000000	0.000000
888.110000	0.539903	-1.132081	1.373472	0.000000	0.000000
888.120000	0.539902	-1.132076	1.373473	0.000000	0.000000
888.130000	0.539901	-1.132071	1.373474	0.000000	0.000000
888.140000	0.539901	-1.132068	1.373475	0.000000	0.000000
888.150000	0.539900	-1.132066	1.373476	0.000000	0.000000
888.160000	0.539900	-1.132065	1.373476	0.000000	0.000000
888.170000	0.539900	-1.132065	1.373477	0.000000	0.000000
888.180000	0.539900	-1.132065	1.373478	0.000000	0.000000
888.190000	0.539900	-1.132066	1.373479	0.000000	0.000000
888.200000	0.539899	-1.132066	1.373480	0.000000	0.000000
888.210000	0.539899	-1.132065	1.373481	0.000000	0.000000
888.220000	0.539899	-1.132065	1.373482	0.000000	0.000000
888.230000	0.539899	-1.132065	1.373483	0.000000	0.000000
888.240000	0.539899	-1.132064	1.373484	0.000000	0.000000
888.250000	0.539899	-1.132063	1.373484	0.000000	0.000000
888.260000	0.539899	-1.132060	1.373485	0.000000	0.000000
888.270000	0.539899	-1.132056	1.373486	0.000000	0.000000
888.280000	0.539898	-1.132049	1.373487	0.000000	0.000000
888.290000	0.539896	-1.132040	1.373489	0.000000	0.000000
888.300000	0.539893	-1.132030	1.373490	0.000000	0.000000
888.310000	0.539891	-1.132022	1.373491	0.000000	0.000000
888.320000	0.539891	-1.132017	1.373492	0.000000	0.000000
888.330000	0.539890	-1.132013	1.373493	0.000000	0.000000
888.340000	0.539891	-1.132011	1.373494	0.000000	0.000000
888.350000	0.539892	-1.132009	1.373496	0.000000	0.000000
888.360000	0.539893	-1.132008	1.373497	0.000000	0.000000
888.370000	0.539895	-1.132008	1.373498	0.000000	0.000000
888.380000	0.539897	-1.132008	1.373500	0.000000	0.000000
888.390000	0.539900	-1.132007	1.373501	0.000000	0.000000
888.400000	0.539902	-1.132006	1.373503	0.000000	0.000000
888.410000	0.539904	-1.132003	1.373504	0.000000	0.000000
888.420000	0.539905	-1.131997	1.373506	0.000000	0.000000
888.430000	0.539906	-1.131990	1.373507	0.000000	0.000000
888.440000	0.539907	-1.131980	1.373509	0.000000	0.000000
888.450000	0.539908	-1.131971	1.373510	0.000000	0.000000
888.460000	0.539910	-1.131964	1.373512	0.000000	0.000000
888.470000	0.539912	-1.131959	1.373514	0.000000	0.000000
888.480000	0.539914	-1.131956	1.373515	0.000000	0.000000
888.490000	0.539917	-1.131954	1.373517	0.000000	0.000000
888.500000	0.539920	-1.131952	1.373518	0.000000	0.000000
888.510000	0.539923	-1.131948	1.373520	0.000000	0.000000
888.520000	0.539925	-1.131942	1.373522	0.000000	0.000000
888.530000	0.539926	-1.131935	1.373524	0.000000	0.000000
888.540000	0.539928	-1.131926	1.373525	0.000000	0.000000
888.550000	0.539929	-1.131919	1.373527	0.000000	0.000000
888.560000	0.539930	-1.131912	1.373529	0.000000	0.000000
888.570000	0.539932	-1.131906	1.373531	0.000000	0.000000
888.580000	0.539935	-1.131900	1.373533	0.000000	0.000000
888.590000	0.539937	-1.131895	1.373535	0.000000	0.000000
888.600000	0.539940	-1.131889	1.373537	0.000000	0.000000
888.610000	0.539942	-1.131884	1.373539	0.000000	0.000000
888.620000	0.539945	-1.131879	1.373541	0.000000	0.000000
888.630000	0.539948	-1.131874	1.373543	0.000000	0.000000
888.640000	0.539951	-1.131869	1.373545	0.000000	0.000000
888.650000	0.539954	-1.131865	1.373548	0.000000	0.000000
888.660000	0.539957	-1.131861	1.373550	0.000000	0.000000
888.670000	0.539961	-1.131857	1.373552	0.000000	0.000000
888.680000	0.539965	-1.131853	1.373554	0.000000	0.000000
888.690000	0.539968	-1.131849	1.373557	0.000000	0.000000
888.700000	0.539971	-1.131846	1.373559	0.000000	0.000000
888.710000	0.539973	-1.131842	1.373561	0.000000	0.000000
888.720000	0.539975	-1.131837	1.373563	0.000000	0.000000
888.730000	0.539977	-1.131832	1.373566	0.000000	0.000000
888.740000	0.539979	-1.131826	1.373568	0.000000	0.000000
888.750000	0.539980	-1.131819	1.373570	0.000000	0.000000
888.760000	0.539981	-1.131813	1.373573	0.000000	0.000000
888.770000	0.539982	-1.131807	1.373575	0.000000	0.000000
888.780000	0.539984	-1.131802	1.373578	0.000000	0.000000
888.790000	0.539985	-1.131797	1.373580	0.000000	0.000000
888.800000	0.539987	-1.131794	1.373582	0.000000	0.000000
888.810000	0.539989	-1.131791	1.373585	0.000000	0.000000
888.820000	0.539990	-1.131788	1.373587	0.000000	0.000000
888.830000	0.539993	-1.131785	1.373590	0.000000	0.000000
888.840000	0.539995	-1.131782	1.373593	0.000000	0.000000
888.850000	0.539997	-1.131779	1.373595	0.000000	0.000000
888.860000	0.539999	-1.131775	1.373598	0.000000	0.000000
888.870000	0.540001	-1.131771	1.373600	0.000000	0.000000
888.880000	0.540002	-1.131766	1.373603	0.000000	0.000000
888.890000	0.540004	-1.131760	1.373606	0.000000	0.000000
888.900000	0.540006	-1.131755	1.373609	0.000000	0.000000
888.910000	0.540009	-1.131752	1.373611	0.000000	0.000000
888.920000	0.540013	-1.131748	1.373614	0.000000	0.000000
888.930000	0.540017	-1.131745	1.373617	0.000000	0.000000
888.940000	0.540021	-1.131742	1.373620	0.000000	0.000000
888.950000	0.540025	-1.131738	1.373623	0.000000	0.000000
888.960000	0.540028	-1.131733	1.373626	0.000000	0.000000
888.970000	0.540031	-1.131727	1.373629	0.000000	0.000000
888.980000	0.540033	-1.131720	1.373632	0.000000	0.000000
888.990000	0.540035	-1.131712	1.373635	0.000000	0.000000
889.000000	0.540036	-1.131703	1.373638	0.000000	0.000000
889.010000	0.540038	-1.131694	1.373641	0.000000	0.000000
889.020000	0.540039	-1.131684	1.373644	0.000000	0.000000
889.030000	0.540040	-1.131675	1.373647	0.000000	0.000000
889.040000	0.540042	-1.131666	1.373650	0.000000	0.000000
889.050000	0.540043	-1.131657	1.373653	0.000000	0.000000
889.060000	0.540044	-1.131648	1.373655	0.000000	0.000000
889.070000	0.540045	-1.131639	1.373658	0.000000	0.000000
889.080000	0.540047	-1.131630	1.373661	0.000000	0.000000
889.090000	0.540049	-1.131621	1.373664	0.000000	0.000000
889.100000	0.540051	-1.131612	1.373667	0.000000	0.000000
889.110000	0.540053	-1.131603	1.373669	0.000000	0.000000
889.120000	0.540055	-1.131595	1.373672	0.000000	0.000000
889.130000	0.540058	-1.131586	1.373674	0.000000	0.000000
889.140000	0.540060	-1.131580	1.373677	0.000000	0.000000
889.150000	0.540063	-1.131574	1.373679	0.000000	0.000000
889.160000	0.540066	-1.131570	1.373682	0.000000	0.000000
889.170000	0.540070	-1.131566	1.373684	0.000000	0.000000
889.180000	0.540074	-1.131562	1.373687	0.000000	0.000000
889.190000	0.540077	-1.131557	1.373689	0.000000	0.000000
889.200000	0.540079	-1.131550	1.373691	0.000000	0.000000
889.210000	0.540082	-1.131543	1.373694	0.000000	0.000000
889.220000	0.540084	-1.131534	1.373696	0.000000	0.000000
889.230000	0.540086	-1.131523	1.373698	0.000000	0.000000
889.240000	0.540088	-1.131511	1.373701	0.000000	0.000000
889.250000	0.540090	-1.131501	1.373703	0.000000	0.000000
889.260000	0.540092	-1.131490	1.373705	0.000000	0.000000
889.270000	0.540093	-1.131478	1.373707	0.000000	0.000000
889.280000	0.540095	-1.131465	1.373710	0.000000	0.000000
889.290000	0.540097	-1.131453	1.373712	0.000000	0.000000
889.300000	0.540099	-1.131443	1.373714	0.000000	0.000000
889.310000	0.540101	-1.131433	1.373716	0.000000	0.000000
889.320000	0.540104	-1.131424	1.373718	0.000000	0.000000
889.330000	0.540105	-1.131413	1.373720	0.000000	0.000000
889.340000	0.540106	-1.131401	1.373722	0.000000	0.000000
889.350000	0.540107	-1.131389	1.373724	0.000000	0.000000
889.360000	0.540109	-1.131379	1.373725	0.000000	0.000000
889.370000	0.540111	-1.131370	1.373727	0.000000	0.000000
889.380000	0.540112	-1.131362	1.373729	0.000000	0.000000
889.390000	0.540114	-1.131355	1.373731	0.000000	0.000000
889.400000	0.540116	-1.131348	1.373732	0.000000	0.000000
889.410000	0.540118	-1.131343	1.373734	0.000000	0.000000
889.420000	0.540121	-1.131338	1.373735	0.000000	0.000000
889.430000	0.540123	-1.131331	1.373737	0.000000	0.000000
889.440000	0.540124	-1.131322	1.373738	0.000000	0.000000
889.450000	0.540125	-1.131312	1.373739	0.000000	0.000000
889.460000	0.540126	-1.131303	1.373741	0.000000	0.000000
889.470000	0.540127	-1.131294	1.373742	0.000000	0.000000
889.480000	0.540127	-1.131284	1.373743	0.000000	0.000000
889.490000	0.540128	-1.131275	1.373745	0.000000	0.000000
889.500000	0.540129	-1.131267	1.373746	0.000000	0.000000
889.510000	0.540131	-1.131261	1.373747	0.000000	0.000000
889.520000	0.540133	-1.131256	1.373749	0.000000	0.000000
889.530000	0.540135	-1.131251	1.373750	0.000000	0.000000
889.540000	0.540138	-1.131247	1.373751	0.000000	0.000000
889.550000	0.540140	-1.131242	1.373752	0.000000	0.000000
889.560000	0.540141	-1.131236	1.373754	0.000000	0.000000
889.570000	0.540143	-1.131229	1.373755	0.000000	0.000000
889.580000	0.540144	-1.131221	1.373756	0.000000	0.000000
889.590000	0.540144	-1.131211	1.373757	0.000000	0.000000
889.600000	0.540144	-1.131200	1.373758	0.000000	0.000000
889.610000	0.540145	-1.131188	1.373759	0.000000	0.000000
889.620000	0.540145	-1.131176	1.373760	0.000000	0.000000
889.630000	0.540146	-1.131164	1.373762	0.000000	0.000000
889.640000	0.540146	-1.131151	1.373763	0.000000	0.000000
889.650000	0.540146	-1.131136	1.373764	0.000000	0.000000
889.660000	0.540146	-1.131120	1.373765	0.000000	0.000000
889.670000	0.540146	-1.131106	1.373766	0.000000	0.000000
889.680000	0.540147	-1.131095	1.373767	0.000000	0.000000
889.690000	0.540149	-1.131088	1.373767	0.000000	0.000000
889.700000	0.540152	-1.131083	1.373768	0.000000	0.000000
889.710000	0.540154	-1.131078	1.373769	0.000000	0.000000
889.720000	0.540157	-1.131073	1.373770	0.000000	0.000000
889.730000	0.540160	-1.131067	1.373771	0.000000	0.000000
889.740000	0.540162	-1.131061	1.373772	0.000000	0.000000
889.750000	0.540165	-1.131055	1.373773	0.000000	0.000000
889.760000	0.540168	-1.131047	1.373774	0.000000	0.000000
889.770000	0.540170	-1.131037	1.373775	0.000000	0.000000
889.780000	0.540170	-1.131024	1.373775	0.000000	0.000000
889.790000	0.540170	-1.131010	1.373776	0.000000	0.000000
889.800000	0.540170	-1.130997	1.373777	0.000000	0.000000
889.810000	0.540171	-1.130986	1.373778	0.000000	0.000000
889.820000	0.540172	-1.130976	1.373779	0.000000	0.000000
889.830000	0.540174	-1.130968	1.373780	0.000000	0.000000
889.840000	0.540176	-1.130963	1.373781	0.000000	0.000000
889.850000	0.540179	-1.130961	1.373782	0.000000	0.000000
889.860000	0.540183	-1.130959	1.373783	0.000000	0.000000
889.870000	0.540186	-1.130957	1.373784	0.000000	0.000000
889.880000	0.540189	-1.130955	1.373785	0.000000	0.000000
889.890000	0.540192	-1.130952	1.373786	0.000000	0.000000
889.900000	0.540194	-1.130948	1.373787	0.000000	0.000000
889.910000	0.540196	-1.130942	1.373788	0.000000	0.000000
889.920000	0.540198	-1.130934	1.373789	0.000000	0.000000
889.930000	0.540200	-1.130925	1.373791	0.000000	0.000000
889.940000	0.540201	-1.130915	1.373792	0.000000	0.000000
889.950000	0.540202	-1.130904	1.373793	0.000000	0.000000
889.960000	0.540202	-1.130891	1.373794	0.000000	0.000000
889.970000	0.540202	-1.130878	1.373795	0.000000	0.000000
889.980000	0.540201	-1.130865	1.373796	0.000000	0.000000
889.990000	0.540202	-1.130853	1.373797	0.000000	0.000000
890.000000	0.540204	-1.130846	1.373799	0.000000	0.000000
890.010000	0.540207	-1.130841	1.373800	0.000000	0.000000
890.020000	0.540210	-1.130838	1.373801	0.000000	0.000000
890.030000	0.540214	-1.130836	1.373802	0.000000	0.000000
890.040000	0.540217	-1.130834	1.373804	0.000000	0.000000
890.050000	0.540220	-1.130831	1.373805	0.000000	0.000000
890.060000	0.540222	-1.130827	1.373806	0.000000	0.000000
890.070000	0.540223	-1.130821	1.373808	0.000000	0.000000
890.080000	0.540224	-1.130812	1.373809	0.000000	0.000000
890.090000	0.540224	-1.130803	1.373811	0.000000	0.000000
890.100000	0.540225	-1.130796	1.373812	0.000000	0.000000
890.110000	0.540225	-1.130790	1.373813	0.000000	0.000000
890.120000	0.540225	-1.130783	1.373815	0.000000	0.000000
890.130000	0.540226	-1.130776	1.373816	0.000000	0.000000
890.140000	0.540226	-1.130769	1.373818	0.000000	0.000000
890.150000	0.540228	-1.130764	1.373819	0.000000	0.000000
890.160000	0.540230	-1.130761	1.373821	0.000000	0.000000
890.170000	0.540233	-1.130759	1.373822	0.000000	0.000000
890.180000	0.540236	-1.130759	1.373824	0.000000	0.000000
890.190000	0.540239	-1.130759	1.373825	0.000000	0.000000
890.200000	0.540242	-1.130759	1.373827	0.000000	0.000000
890.210000	0.540246	-1.130758	1.373828	0.000000	0.000000
890.220000	0.540248	-1.130757	1.373830	0.000000	0.000000
890.230000	0.540251	-1.130755	1.373831	0.000000	0.000000
890.240000	0.540254	-1.130753	1.373833	0.000000	0.000000
890.250000	0.540257	-1.130751	1.373834	0.000000	0.000000
890.260000	0.540260	-1.130749	1.373836	0.000000	0.000000
890.270000	0.540262	-1.130746	1.373838	0.000000	0.000000
890.280000	0.540264	-1.130742	1.373839	0.000000	0.000000
890.290000	0.540265	-1.130736	1.373841	0.000000	0.000000
890.300000	0.540266	-1.130730	1.373842	0.000000	0.000000
890.310000	0.540267	-1.130722	1.373844	0.000000	0.000000
890.320000	0.540267	-1.130714	1.373846	0.000000	0.000000
890.330000	0.540268	-1.130707	1.373847	0.000000	0.000000
890.340000	0.540268	-1.130700	1.373849	0.000000	0.000000
890.350000	0.540269	-1.130693	1.373851	0.000000	0.000000
890.360000	0.540269	-1.130686	1.373853	0.000000	0.000000
890.370000	0.540269	-1.130678	1.373854	0.000000	0.000000
890.380000	0.540269	-1.130669	1.373856	0.000000	0.000000
890.390000	0.540268	-1.130661	1.373858	0.000000	0.000000
890.400000	0.540267	-1.130653	1.373860	0.000000	0.000000
890.410000	0.540267	-1.130646	1.373861	0.000000	0.000000
890.420000	0.540266	-1.130639	1.373863	0.000000	0.000000
890.430000	0.540266	-1.130631	1.373865	0.000000	0.000000
890.440000	0.540265	-1.130622	1.373866	0.000000	0.000000
890.450000	0.540265	-1.130614	1.373868	0.000000	0.000000
890.460000	0.540265	-1.130606	1.373870	0.000000	0.000000
890.470000	0.540266	-1.130601	1.373872	0.000000	0.000000
890.480000	0.540267	-1.130598	1.373873	0.000000	0.000000
890.490000	0.540269	-1.130595	1.373875	0.000000	0.000000
890.500000	0.540271	-1.130592	1.373877	0.000000	0.000000
890.510000	0.540273	-1.130589	1.373878	0.000000	0.000000
890.520000	0.540276	-1.130586	1.373880	0.000000	0.000000
890.530000	0.540278	-1.130582	1.373882	0.000000	0.000000
890.540000	0.540280	-1.130577	1.373883	0.000000	0.000000
890.550000	0.540281	-1.130570	1.373885	0.000000	0.000000
890.560000	0.540281	-1.130562	1.373887	0.000000	0.000000
890.570000	0.540281	-1.130555	1.373888	0.000000	0.000000
890.580000	0.540281	-1.130547	1.373890	0.000000	0.000000
890.590000	0.540282	-1.130539	1.373892	0.000000	0.000000
890.600000	0.540282	-1.130529	1.373893	0.000000	0.000000
890.610000	0.540281	-1.130517	1.373895	0.000000	0.000000
890.620000	0.540280	-1.130506	1.373897	0.000000	0.000000
890.630000	0.540280	-1.130496	1.373898	0.000000	0.000000
890.640000	0.540281	-1.130488	1.373900	0.000000	0.000000
890.650000	0.540281	-1.130480	1.373902	0.000000	0.000000
890.660000	0.540281	-1.130473	1.373904	0.000000	0.000000
890.670000	0.540282	-1.130467	1.373905	0.000000	0.000000
890.680000	0.540283	-1.130462	1.373907	0.000000	0.000000
890.690000	0.540284	-1.130456	1.373909	0.000000	0.000000
890.700000	0.540285	-1.130451	1.373911	0.000000	0.000000
890.710000	0.540286	-1.130446	1.373912	0.000000	0.000000
890.720000	0.540287	-1.130440	1.373914	0.000000	0.000000
890.730000	0.540288	-1.130435	1.373915	0.000000	0.000000
890.740000	0.540290	-1.130431	1.373917	0.000000	0.000000
890.750000	0.540291	-1.130426	1.373918	0.000000	0.000000
890.760000	0.540293	-1.130421	1.373920	0.000000	0.000000
890.770000	0.540294	-1.130416	1.373921	0.000000	0.000000
890.780000	0.540295	-1.130411	1.373923	0.000000	0.000000
890.790000	0.540296	-1.130406	1.373924	0.000000	0.000000
890.800000	0.540297	-1.130402	1.373925	0.000000	0.000000
890.810000	0.540298	-1.130398	1.373927	0.000000	0.000000
890.820000	0.540299	-1.130396	1.373928	0.000000	0.000000
890.830000	0.540301	-1.130394	1.373929	0.000000	0.000000
890.840000	0.540303	-1.130392	1.373930	0.000000	0.000000
890.850000	0.540304	-1.130390	1.373931	0.000000	0.000000
890.860000	0.540306	-1.130389	1.373932	0.000000	0.000000
890.870000	0.540307	-1.130388	1.373934	0.000000	0.000000
890.880000	0.540309	-1.130386	1.373935	0.000000	0.000000
890.890000	0.540310	-1.130382	1.373936	0.000000	0.000000
890.900000	0.540310	-1.130375	1.373937	0.000000	0.000000
890.910000	0.540310	-1.130366	1.373938	0.000000	0.000000
890.920000	0.540309	-1.130358	1.373939	0.000000	0.000000
890.930000	0.540310	-1.130351	1.373940	0.000000	0.000000
890.940000	0.540310	-1.130346	1.373942	0.000000	0.000000
890.950000	0.540311	-1.130342	1.373943	0.000000	0.000000
890.960000	0.540312	-1.130338	1.373944	0.000000	0.000000
890.970000	0.540313	-1.130335	1.373945	0.000000	0.000000
890.980000	0.540314	-1.130332	1.373947	0.000000	0.000000
890.990000	0.540315	-1.130328	1.373948	0.000000	0.000000
891.000000	0.540316	-1.130324	1.373949	0.000000	0.000000
891.010000	0.540317	-1.130319	1.373951	0.000000	0.000000
891.020000	0.540317	-1.130313	1.373952	0.000000	0.000000
891.030000	0.540317	-1.130308	1.373954	0.000000	0.000000
891.040000	0.540318	-1.130302	1.373955	0.000000	0.000000
891.050000	0.540318	-1.130296	1.373956	0.000000	0.000000
891.060000	0.540317	-1.130291	1.373958	0.000000	0.000000
891.070000	0.540317	-1.130286	1.373959	0.000000	0.000000
891.080000	0.540318	-1.130284	1.373960	0.000000	0.000000
891.090000	0.540319	-1.130283	1.373961	0.000000	0.000000
891.100000	0.540320	-1.130284	1.373963	0.000000	0.000000
891.110000	0.540322	-1.130286	1.373964	0.000000	0.000000
891.120000	0.540324	-1.130288	1.373965	0.000000	0.000000
891.130000	0.540325	-1.130288	1.373966	0.000000	0.000000
891.140000	0.540325	-1.130284	1.373968	0.000000	0.000000
891.150000	0.540325	-1.130277	1.373969	0.000000	0.000000
891.160000	0.540324	-1.130270	1.373970	0.000000	0.000000
891.170000	0.540324	-1.130265	1.373971	0.000000	0.000000
891.180000	0.540325	-1.130263	1.373973	0.000000	0.000000
891.190000	0.540326	-1.130262	1.373974	0.000000	0.000000
891.200000	0.540328	-1.130262	1.373975	0.000000	0.000000
891.210000	0.540330	-1.130262	1.373976	0.000000	0.000000
891.220000	0.540332	-1.130263	1.373978	0.000000	0.000000
891.230000	0.540334	-1.130262	1.373979	0.000000	0.000000
891.240000	0.540335	-1.130260	1.373980	0.000000	0.000000
891.250000	0.540335	-1.130256	1.373982	0.000000	0.000000
891.260000	0.540334	-1.130249	1.373983	0.000000	0.000000
891.270000	0.540333	-1.130240	1.373984	0.000000	0.000000
891.280000	0.540331	-1.130230	1.373986	0.000000	0.000000
891.290000	0.540329	-1.130219	1.373987	0.000000	0.000000
891.300000	0.540328	-1.130210	1.373989	0.000000	0.000000
891.310000	0.540328	-1.130201	1.373990	0.000000	0.000000
891.320000	0.540327	-1.130194	1.373991	0.000000	0.000000
891.330000	0.540327	-1.130187	1.373993	0.000000	0.000000
891.340000	0.540326	-1.130180	1.373994	0.000000	0.000000
891.350000	0.540327	-1.130175	1.373996	0.000000	0.000000
891.360000	0.540327	-1.130172	1.373997	0.000000	0.000000
891.370000	0.540328	-1.130169	1.373998	0.000000	0.000000
891.380000	0.540328	-1.130166	1.374000	0.000000	0.000000
891.390000	0.540328	-1.130164	1.374001	0.000000	0.000000
891.400000	0.540329	-1.130162	1.374003	0.000000	0.000000
891.410000	0.540329	-1.130160	1.374004	0.000000	0.000000
891.420000	0.540329	-1.130159	1.374006	0.000000	0.000000
891.430000	0.540329	-1.130158	1.374007	0.000000	0.000000
891.440000	0.540329	-1.130155	1.374009	0.000000	0.000000
891.450000	0.540328	-1.130152	1.374011	0.000000	0.000000
891.460000	0.540328	-1.130149	1.374012	0.000000	0.000000
891.470000	0.540327	-1.130145	1.374014	0.000000	0.000000
891.480000	0.540328	-1.130143	1.374015	0.000000	0.000000
891.490000	0.540329	-1.130141	1.374017	0.000000	0.000000
891.500000	0.540331	-1.130141	1.374019	0.000000	0.000000
891.510000	0.540333	-1.130141	1.374020	0.000000	0.000000
891.520000	0.540335	-1.130141	1.374022	0.000000	0.000000
891.530000	0.540336	-1.130140	1.374024	0.000000	0.000000
891.540000	0.540337	-1.130137	1.374025	0.000000	0.000000
891.550000	0.540337	-1.130133	1.374027	0.000000	0.000000
891.560000	0.540337	-1.130126	1.374029	0.000000	0.000000
891.570000	0.540336	-1.130118	1.374030	0.000000	0.000000
891.580000	0.540336	-1.130110	1.374032	0.000000	0.000000
891.590000	0.540336	-1.130102	1.374034	0.000000	0.000000
891.600000	0.540336	-1.130094	1.374035	0.000000	0.000000
891.610000	0.540337	-1.130087	1.374037	0.000000	0.000000
891.620000	0.540338	-1.130080	1.374039	0.000000	0.000000
891.630000	0.540340	-1.130073	1.374040	0.000000	0.000000
891.640000	0.540341	-1.130066	1.374042	0.000000	0.000000
891.650000	0.540343	-1.130059	1.374043	0.000000	0.000000
891.660000	0.540345	-1.130053	1.374045	0.000000	0.000000
891.670000	0.540346	-1.130048	1.374046	0.000000	0.000000
891.680000	0.540349	-1.130043	1.374047	0.000000	0.000000
891.690000	0.540351	-1.130038	1.374049	0.000000	0.000000
891.700000	0.540354	-1.130033	1.374050	0.000000	0.000000
891.710000	0.540356	-1.130028	1.374052	0.000000	0.000000
891.720000	0.540359	-1.130022	1.374053	0.000000	0.000000
891.730000	0.540361	-1.130016	1.374054	0.000000	0.000000
891.740000	0.540363	-1.130011	1.374056	0.000000	0.000000
891.750000	0.540364	-1.130004	1.374057	0.000000	0.000000
891.760000	0.540364	-1.129997	1.374058	0.000000	0.000000
891.770000	0.540365	-1.129988	1.374059	0.000000	0.000000
891.780000	0.540365	-1.129980	1.374061	0.000000	0.000000
891.790000	0.540365	-1.129973	1.374062	0.000000	0.000000
891.800000	0.540366	-1.129966	1.374063	0.000000	0.000000
891.810000	0.540367	-1.129961	1.374064	0.000000	0.000000
891.820000	0.540369	-1.129957	1.374065	0.000000	0.000000
891.830000	0.540371	-1.129953	1.374066	0.000000	0.000000
891.840000	0.540373	-1.129950	1.374067	0.000000	0.000000
891.850000	0.540375	-1.129947	1.374068	0.000000	0.000000
891.860000	0.540377	-1.129942	1.374068	0.000000	0.000000
891.870000	0.540379	-1.129938	1.374069	0.000000	0.000000
891.880000	0.540381	-1.129935	1.374070	0.000000	0.000000
891.890000	0.540383	-1.129932	1.374070	0.000000	0.000000
891.900000	0.540385	-1.129931	1.374071	0.000000	0.000000
891.910000	0.540388	-1.129930	1.374071	0.000000	0.000000
891.920000	0.540391	-1.129929	1.374071	0.000000	0.000000
891.930000	0.540394	-1.129930	1.374072	0.000000	0.000000
891.940000	0.540397	-1.129931	1.374072	0.000000	0.000000
891.950000	0.540400	-1.129931	1.374072	0.000000	0.000000
891.960000	0.540402	-1.129928	1.374072	0.000000	0.000000
891.970000	0.540404	-1.129922	1.374073	0.000000	0.000000
891.980000	0.540404	-1.129916	1.374073	0.000000	0.000000
891.990000	0.540405	-1.129909	1.374073	0.000000	0.000000
892.000000	0.540406	-1.129905	1.374074	0.000000	0.000000
892.010000	0.540408	-1.129902	1.374074	0.000000	0.000000
892.020000	0.540411	-1.129901	1.374074	0.000000	0.000000
892.030000	0.540413	-1.129901	1.374075	0.000000	0.000000
892.040000	0.540416	-1.129900	1.374075	0.000000	0.000000
892.050000	0.540417	-1.129898	1.374076	0.000000	0.000000
892.060000	0.540418	-1.129895	1.374076	0.000000	0.000000
892.070000	0.540419	-1.129891	1.374077	0.000000	0.000000
892.080000	0.540420	-1.129886	1.374077	0.000000	0.000000
892.090000	0.540420	-1.129881	1.374078	0.000000	0.000000
892.100000	0.540419	-1.129876	1.374078	0.000000	0.000000
892.110000	0.540419	-1.129869	1.374079	0.000000	0.000000
892.120000	0.540418	-1.129862	1.374079	0.000000	0.000000
892.130000	0.540417	-1.129856	1.374080	0.000000	0.000000
892.140000	0.540416	-1.129850	1.374081	0.000000	0.000000
892.150000	0.540415	-1.129846	1.374081	0.000000	0.000000
892.160000	0.540415	-1.129844	1.374082	0.000000	0.000000
892.170000	0.540415	-1.129844	1.374082	0.000000	0.000000
892.180000	0.540415	-1.129845	1.374082	0.000000	0.000000
892.190000	0.540415	-1.129847	1.374083	0.000000	0.000000
892.200000	0.540416	-1.129849	1.374083	0.000000	0.000000
892.210000	0.540416	-1.129851	1.374084	0.000000	0.000000
892.220000	0.540416	-1.129852	1.374084	0.000000	0.000000
892.230000	0.540416	-1.129853	1.374084	0.000000	0.000000
892.240000	0.540417	-1.129854	1.374084	0.000000	0.000000
892.250000	0.540417	-1.129856	1.374085	0.000000	0.000000
892.260000	0.540417	-1.129859	1.374085	0.000000	0.000000
892.270000	0.540418	-1.129863	1.374085	0.000000	0.000000
892.280000	0.540418	-1.129867	1.374085	0.000000	0.000000
892.290000	0.540418	-1.129869	1.374085	0.000000	0.000000
892.300000	0.540418	-1.129872	1.374085	0.000000	0.000000
892.310000	0.540417	-1.129874	1.374085	0.000000	0.000000
892.320000	0.540417	-1.129875	1.374085	0.000000	0.000000
892.330000	0.540417	-1.129876	1.374086	0.000000	0.000000
892.340000	0.540417	-1.129877	1.374086	0.000000	0.000000
892.350000	0.540417	-1.129877	1.374086	0.000000	0.000000
892.360000	0.540416	-1.129876	1.374085	0.000000	0.000000
892.370000	0.540416	-1.129873	1.374085	0.000000	0.000000
892.380000	0.540414	-1.129869	1.374085	0.000000	0.000000
892.390000	0.540413	-1.129865	1.374085	0.000000	0.000000
892.400000	0.540412	-1.129862	1.374085	0.000000	0.000000
892.410000	0.540411	-1.129861	1.374085	0.000000	0.000000
892.420000	0.540411	-1.129862	1.374085	0.000000	0.000000
892.430000	0.540411	-1.129864	1.374085	0.000000	0.000000
892.440000	0.540412	-1.129868	1.374084	0.000000	0.000000
892.450000	0.540412	-1.129873	1.374084	0.000000	0.000000
892.460000	0.540413	-1.129877	1.374084	0.000000	0.000000
892.470000	0.540414	-1.129881	1.374084	0.000000	0.000000
892.480000	0.540414	-1.129885	1.374083	0.000000	0.000000
892.490000	0.540414	-1.129888	1.374083	0.000000	0.000000
892.500000	0.540414	-1.129891	1.374083	0.000000	0.000000
892.510000	0.540414	-1.129894	1.374082	0.000000	0.000000
892.520000	0.540414	-1.129897	1.374082	0.000000	0.000000
892.530000	0.540414	-1.129901	1.374081	0.000000	0.000000
892.540000	0.540414	-1.129906	1.374080	0.000000	0.000000
892.550000	0.540415	-1.129912	1.374080	0.000000	0.000000
892.560000	0.540417	-1.129917	1.374079	0.000000	0.000000
892.570000	0.540418	-1.129923	1.374078	0.000000	0.000000
892.580000	0.540420	-1.129926	1.374077	0.000000	0.000000
892.590000	0.540420	-1.129927	1.374076	0.000000	0.000000
892.600000	0.540420	-1.129925	1.374075	0.000000	0.000000
892.610000	0.540420	-1.129924	1.374074	0.000000	0.000000
892.620000	0.540420	-1.129923	1.374073	0.000000	0.000000
892.630000	0.540421	-1.129925	1.374072	0.000000	0.000000
892.640000	0.540422	-1.129927	1.374071	0.000000	0.000000
892.650000	0.540423	-1.129930	1.374070	0.000000	0.000000
892.660000	0.540424	-1.129933	1.374068	0.000000	0.000000
892.670000	0.540426	-1.129938	1.374067	0.000000	0.000000
892.680000	0.540427	-1.129942	1.374066	0.000000	0.000000
892.690000	0.540428	-1.129945	1.374064	0.000000	0.000000
892.700000	0.540429	-1.129948	1.374063	0.000000	0.000000
892.710000	0.540430	-1.129950	1.374062	0.000000	0.000000
892.720000	0.540430	-1.129953	1.374060	0.000000	0.000000
892.730000	0.540431	-1.129956	1.374059	0.000000	0.000000
892.740000	0.540432	-1.129961	1.374057	0.000000	0.000000
892.750000	0.540434	-1.129967	1.374056	0.000000	0.000000
892.760000	0.540435	-1.129972	1.374054	0.000000	0.000000
892.770000	0.540435	-1.129976	1.374053	0.000000	0.000000
892.780000	0.540435	-1.129979	1.374051	0.000000	0.000000
892.790000	0.540435	-1.129981	1.374050	0.000000	0.000000
892.800000	0.540435	-1.129983	1.374048	0.000000	0.000000
892.810000	0.540435	-1.129984	1.374047	0.000000	0.000000
892.820000	0.540435	-1.129984	1.374046	0.000000	0.000000
892.830000	0.540434	-1.129985	1.374044	0.000000	0.000000
892.840000	0.540434	-1.129987	1.374043	0.000000	0.000000
892.850000	0.540434	-1.129988	1.374042	0.000000	0.000000
892.860000	0.540433	-1.129989	1.374041	0.000000	0.000000
892.870000	0.540433	-1.129991	1.374040	0.000000	0.000000
892.880000	0.540432	-1.129992	1.374039	0.000000	0.000000
892.890000	0.540431	-1.129992	1.374038	0.000000	0.000000
892.900000	0.540430	-1.129992	1.374037	0.000000	0.000000
892.910000	0.540430	-1.129991	1.374037	0.000000	0.000000
892.920000	0.540428	-1.129990	1.374036	0.000000	0.000000
892.930000	0.540427	-1.129989	1.374035	0.000000	0.000000
892.940000	0.540426	-1.129988	1.374034	0.000000	0.000000
892.950000	0.540424	-1.129987	1.374033	0.000000	0.000000
892.960000	0.540423	-1.129986	1.374032	0.000000	0.000000
892.970000	0.540421	-1.129984	1.374031	0.000000	0.000000
892.980000	0.540419	-1.129983	1.374030	0.000000	0.000000
892.990000	0.540418	-1.129983	1.374029	0.000000	0.000000
893.000000	0.540417	-1.129984	1.374028	0.000000	0.000000
893.010000	0.540416	-1.129988	1.374027	0.000000	0.000000
893.020000	0.540416	-1.129993	1.374026	0.000000	0.000000
893.030000	0.540417	-1.129999	1.374025	0.000000	0.000000
893.040000	0.540418	-1.130005	1.374024	0.000000	0.000000
893.050000	0.540419	-1.130012	1.374023	0.000000	0.000000
893.060000	0.540420	-1.130018	1.374022	0.000000	0.000000
893.070000	0.540421	-1.130025	1.374021	0.000000	0.000000
893.080000	0.540421	-1.130031	1.374019	0.000000	0.000000
893.090000	0.540421	-1.130036	1.374018	0.000000	0.000000
893.100000	0.540420	-1.130039	1.374017	0.000000	0.000000
893.110000	0.540420	-1.130042	1.374015	0.000000	0.000000
893.120000	0.540420	-1.130046	1.374014	0.000000	0.000000
893.130000	0.540420	-1.130052	1.374013	0.000000	0.000000
893.140000	0.540420	-1.130058	1.374011	0.000000	0.000000
893.150000	0.540421	-1.130066	1.374010	0.000000	0.000000
893.160000	0.540422	-1.130073	1.374009	0.000000	0.000000
893.170000	0.540423	-1.130080	1.374007	0.000000	0.000000
893.180000	0.540423	-1.130087	1.374006	0.000000	0.000000
893.190000	0.540422	-1.130092	1.374005	0.000000	0.000000
893.200000	0.540422	-1.130097	1.374004	0.000000	0.000000
893.210000	0.540422	-1.130102	1.374003	0.000000	0.000000
893.220000	0.540422	-1.130106	1.374001	0.000000	0.000000
893.230000	0.540422	-1.130110	1.374000	0.000000	0.000000
893.240000	0.540422	-1.130115	1.373999	0.000000	0.000000
893.250000	0.540422	-1.130119	1.373998	0.000000	0.000000
893.260000	0.540422	-1.130124	1.373997	0.000000	0.000000
893.270000	0.540422	-1.130128	1.373996	0.000000	0.000000
893.280000	0.540422	-1.130131	1.373995	0.000000	0.000000
893.290000	0.540421	-1.130135	1.373993	0.000000	0.000000
893.300000	0.540420	-1.130139	1.373992	0.000000	0.000000
893.310000	0.540420	-1.130142	1.373991	0.000000	0.000000
893.320000	0.540419	-1.130146	1.373990	0.000000	0.000000
893.330000	0.540419	-1.130151	1.373989	0.000000	0.000000
893.340000	0.540418	-1.130155	1.373988	0.000000	0.000000
893.350000	0.540418	-1.130160	1.373987	0.000000	0.000000
893.360000	0.540418	-1.130164	1.373986	0.000000	0.000000
893.370000	0.540418	-1.130167	1.373985	0.000000	0.000000
893.380000	0.540417	-1.130169	1.373984	0.000000	0.000000
893.390000	0.540416	-1.130171	1.373983	0.000000	0.000000
893.400000	0.540415	-1.130172	1.373982	0.000000	0.000000
893.410000	0.540414	-1.130174	1.373981	0.000000	0.000000
893.420000	0.540414	-1.130177	1.373980	0.000000	0.000000
893.430000	0.540413	-1.130180	1.373979	0.000000	0.000000
893.440000	0.540413	-1.130184	1.373978	0.000000	0.000000
893.450000	0.540412	-1.130188	1.373977	0.000000	0.000000
893.460000	0.540412	-1.130193	1.373975	0.000000	0.000000
893.470000	0.540412	-1.130198	1.373974	0.000000	0.000000
893.480000	0.540412	-1.130203	1.373973	0.000000	0.000000
893.490000	0.540412	-1.130209	1.373972	0.000000	0.000000
893.500000	0.540412	-1.130214	1.373971	0.000000	0.000000
893.510000	0.540413	-1.130219	1.373970	0.000000	0.000000
893.520000	0.540413	-1.130223	1.373968	0.000000	0.000000
893.530000	0.540412	-1.130227	1.373967	0.000000	0.000000
893.540000	0.540412	-1.130231	1.373966	0.000000	0.000000
893.550000	0.540412	-1.130235	1.373965	0.000000	0.000000
893.560000	0.540412	-1.130241	1.373963	0.000000	0.000000
893.570000	0.540413	-1.130249	1.373962	0.000000	0.000000
893.580000	0.540414	-1.130256	1.373961	0.000000	0.000000
893.590000	0.540416	-1.130264	1.373959	0.000000	0.000000
893.600000	0.540417	-1.130270	1.373958	0.000000	0.000000
893.610000	0.540419	-1.130275	1.373957	0.000000	0.000000
893.620000	0.540419	-1.130278	1.373956	0.000000	0.000000
893.630000	0.540420	-1.130280	1.373954	0.000000	0.000000
893.640000	0.540420	-1.130281	1.373953	0.000000	0.000000
893.650000	0.540421	-1.130282	1.373952	0.000000	0.000000
893.660000	0.540421	-1.130284	1.373951	0.000000	0.000000
893.670000	0.540422	-1.130288	1.373950	0.000000	0.000000
893.680000	0.540424	-1.130293	1.373949	0.000000	0.000000
893.690000	0.540425	-1.130298	1.373948	0.000000	0.000000
893.700000	0.540427	-1.130303	1.373947	0.000000	0.000000
893.710000	0.540429	-1.130308	1.373946	0.000000	0.000000
893.720000	0.540430	-1.130312	1.373945	0.000000	0.000000
893.730000	0.540431	-1.130316	1.373944	0.000000	0.000000
893.740000	0.540432	-1.130319	1.373943	0.000000	0.000000
893.750000	0.540433	-1.130322	1.373942	0.000000	0.000000
893.760000	0.540433	-1.130325	1.373941	0.000000	0.000000
893.770000	0.540434	-1.130327	1.373940	0.000000	0.000000
893.780000	0.540434	-1.130328	1.373939	0.000000	0.000000
893.790000	0.540434	-1.130330	1.373938	0.000000	0.000000
893.800000	0.540434	-1.130330	1.373937	0.000000	0.000000
893.810000	0.540434	-1.130331	1.373936	0.000000	0.000000
893.820000	0.540434	-1.130332	1.373935	0.000000	0.000000
893.830000	0.540435	-1.130336	1.373934	0.000000	0.000000
893.840000	0.540436	-1.130340	1.373933	0.000000	0.000000
893.850000	0.540437	-1.130346	1.373932	0.000000	0.000000
893.860000	0.540438	-1.130352	1.373931	0.000000	0.000000
893.870000	0.540440	-1.130357	1.373930	0.000000	0.000000
893.880000	0.540441	-1.130362	1.373929	0.000000	0.000000
893.890000	0.540442	-1.130366	1.373928	0.000000	0.000000
893.900000	0.540442	-1.130369	1.373927	0.000000	0.000000
893.910000	0.540441	-1.130371	1.373926	0.000000	0.000000
893.920000	0.540441	-1.130372	1.373925	0.000000	0.000000
893.930000	0.540442	-1.130374	1.373924	0.000000	0.000000
893.940000	0.540442	-1.130377	1.373923	0.000000	0.000000
893.950000	0.540442	-1.130379	1.373922	0.000000	0.000000
893.960000	0.540442	-1.130382	1.373921	0.000000	0.000000
893.970000	0.540443	-1.130386	1.373921	0.000000	0.000000
893.980000	0.540443	-1.130389	1.373920	0.000000	0.000000
893.990000	0.540444	-1.130393	1.373919	0.000000	0.000000
894.000000	0.540445	-1.130397	1.373919	0.000000	0.000000
894.010000	0.540445	-1.130400	1.373918	0.000000	0.000000
894.020000	0.540445	-1.130403	1.373918	0.000000	0.000000
894.030000	0.540446	-1.130405	1.373917	0.000000	0.000000
894.040000	0.540446	-1.130406	1.373916	0.000000	0.000000
894.050000	0.540446	-1.130407	1.373916	0.000000	0.000000
894.060000	0.540445	-1.130406	1.373915	0.000000	0.000000
894.070000	0.540444	-1.130405	1.373915	0.000000	0.000000
894.080000	0.540443	-1.130403	1.373914	0.000000	0.000000
894.090000	0.540442	-1.130402	1.373914	0.000000	0.000000
894.100000	0.540442	-1.130401	1.373913	0.000000	0.000000
894.110000	0.540442	-1.130401	1.373913	0.000000	0.000000
894.120000	0.540443	-1.130401	1.373912	0.000000	0.000000
894.130000	0.540443	-1.130401	1.373912	0.000000	0.000000
894.140000	0.540444	-1.130400	1.373911	0.000000	0.000000
894.150000	0.540444	-1.130399	1.373911	0.000000	0.000000
894.160000	0.540444	-1.130396	1.373910	0.000000	0.000000
894.170000	0.540443	-1.130392	1.373909	0.000000	0.000000
894.180000	0.540441	-1.130387	1.373909	0.000000	0.000000
894.190000	0.540440	-1.130382	1.373908	0.000000	0.000000
894.200000	0.540439	-1.130378	1.373908	0.000000	0.000000
894.210000	0.540439	-1.130376	1.373907	0.000000	0.000000
894.220000	0.540439	-1.130376	1.373907	0.000000	0.000000
894.230000	0.540440	-1.130377	1.373906	0.000000	0.000000
894.240000	0.540441	-1.130380	1.373905	0.000000	0.000000
894.250000	0.540442	-1.130383	1.373905	0.000000	0.000000
894.260000	0.540443	-1.130386	1.373904	0.000000	0.000000
894.270000	0.540444	-1.130388	1.373904	0.000000	0.000000
894.280000	0.540445	-1.130390	1.373903	0.000000	0.000000
894.290000	0.540444	-1.130389	1.373902	0.000000	0.000000
894.300000	0.540443	-1.130387	1.373902	0.000000	0.000000
894.310000	0.540443	-1.130384	1.373901	0.000000	0.000000
894.320000	0.540442	-1.130383	1.373900	0.000000	0.000000
894.330000	0.540442	-1.130383	1.373900	0.000000	0.000000
894.340000	0.540442	-1.130384	1.373899	0.000000	0.000000
894.350000	0.540443	-1.130387	1.373898	0.000000	0.000000
894.360000	0.540444	-1.130390	1.373898	0.000000	0.000000
894.370000	0.540445	-1.130394	1.373897	0.000000	0.000000
894.380000	0.540446	-1.130398	1.373896	0.000000	0.000000
894.390000	0.540447	-1.130401	1.373896	0.000000	0.000000
894.400000	0.540448	-1.130403	1.373895	0.000000	0.000000
894.410000	0.540448	-1.130402	1.373895	0.000000	0.000000
894.420000	0.540448	-1.130400	1.373894	0.000000	0.000000
894.430000	0.540448	-1.130396	1.373893	0.000000	0.000000
894.440000	0.540447	-1.130390	1.373893	0.000000	0.000000
894.450000	0.540445	-1.130384	1.373892	0.000000	0.000000
894.460000	0.540445	-1.130377	1.373892	0.000000	0.000000
894.470000	0.540444	-1.130371	1.373891	0.000000	0.000000
894.480000	0.540444	-1.130367	1.373891	0.000000	0.000000
894.490000	0.540444	-1.130363	1.373891	0.000000	0.000000
894.500000	0.540444	-1.130359	1.373890	0.000000	0.000000
894.510000	0.540445	-1.130353	1.373890	0.000000	0.000000
894.520000	0.540445	-1.130348	1.373890	0.000000	0.000000
894.530000	0.540446	-1.130344	1.373889	0.000000	0.000000
894.540000	0.540448	-1.130341	1.373889	0.000000	0.000000
894.550000	0.540450	-1.130338	1.373889	0.000000	0.000000
894.560000	0.540451	-1.130336	1.373889	0.000000	0.000000
894.570000	0.540453	-1.130335	1.373889	0.000000	0.000000
894.580000	0.540454	-1.130333	1.373889	0.000000	0.000000
894.590000	0.540456	-1.130331	1.373889	0.000000	0.000000
894.600000	0.540458	-1.130328	1.373889	0.000000	0.000000
894.610000	0.540460	-1.130324	1.373890	0.000000	0.000000
894.620000	0.540461	-1.130319	1.373890	0.000000	0.000000
894.630000	0.540461	-1.130312	1.373890	0.000000	0.000000
894.640000	0.540461	-1.130303	1.373891	0.000000	0.000000
894.650000	0.540461	-1.130295	1.373891	0.000000	0.000000
894.660000	0.540461	-1.130289	1.373891	0.000000	0.000000
894.670000	0.540462	-1.130284	1.373892	0.000000	0.000000
894.680000	0.540462	-1.130279	1.373892	0.000000	0.000000
894.690000	0.540463	-1.130273	1.373893	0.000000	0.000000
894.700000	0.540463	-1.130267	1.373894	0.000000	0.000000
894.710000	0.540463	-1.130260	1.373894	0.000000	0.000000
894.720000	0.540463	-1.130254	1.373895	0.000000	0.000000
894.730000	0.540463	-1.130250	1.373896	0.000000	0.000000
894.740000	0.540463	-1.130246	1.373896	0.000000	0.000000
894.750000	0.540464	-1.130242	1.373897	0.000000	0.000000
894.760000	0.540464	-1.130239	1.373898	0.000000	0.000000
894.770000	0.540465	-1.130236	1.373898	0.000000	0.000000
894.780000	0.540467	-1.130234	1.373899	0.000000	0.000000
894.790000	0.540468	-1.130233	1.373900	0.000000	0.000000
894.800000	0.540469	-1.130231	1.373901	0.000000	0.000000
894.810000	0.540470	-1.130229	1.373902	0.000000	0.000000
894.820000	0.540471	-1.130227	1.373903	0.000000	0.000000
894.830000	0.540472	-1.130224	1.373903	0.000000	0.000000
894.840000	0.540474	-1.130221	1.373904	0.000000	0.000000
894.850000	0.540475	-1.130218	1.373905	0.000000	0.000000
894.860000	0.540477	-1.130214	1.373906	0.000000	0.000000
894.870000	0.540477	-1.130208	1.373907	0.000000	0.000000
894.880000	0.540477	-1.130199	1.373908	0.000000	0.000000
894.890000	0.540476	-1.130188	1.373909	0.000000	0.000000
894.900000	0.540475	-1.130178	1.373910	0.000000	0.000000
894.910000	0.540475	-1.130169	1.373912	0.000000	0.000000
894.920000	0.540475	-1.130163	1.373913	0.000000	0.000000
894.930000	0.540476	-1.130157	1.373914	0.000000	0.000000
894.940000	0.540476	-1.130152	1.373915	0.000000	0.000000
894.950000	0.540477	-1.130148	1.373917	0.000000	0.000000
894.960000	0.540478	-1.130146	1.373918	0.000000	0.000000
894.970000	0.540479	-1.130144	1.373919	0.000000	0.000000
894.980000	0.540480	-1.130143	1.373921	0.000000	0.000000
894.990000	0.540482	-1.130142	1.373923	0.000000	0.000000
895.000000	0.540483	-1.130142	1.373924	0.000000	0.000000
895.010000	0.540484	-1.130140	1.373926	0.000000	0.000000
895.020000	0.540485	-1.130138	1.373927	0.000000	0.000000
895.030000	0.540485	-1.130134	1.373929	0.000000	0.000000
895.040000	0.540485	-1.130128	1.373931	0.000000	0.000000
895.050000	0.540484	-1.130120	1.373933	0.000000	0.000000
895.060000	0.540483	-1.130111	1.373934	0.000000	0.000000
895.070000	0.540481	-1.130101	1.373936	0.000000	0.000000
895.080000	0.540480	-1.130092	1.373938	0.000000	0.000000
895.090000	0.540479	-1.130084	1.373940	0.000000	0.000000
895.100000	0.540478	-1.130075	1.373942	0.000000	0.000000
895.110000	0.540477	-1.130067	1.373944	0.000000	0.000000
895.120000	0.540475	-1.130059	1.373946	0.000000	0.000000
895.130000	0.540474	-1.130051	1.373948	0.000000	0.000000
895.140000	0.540473	-1.130042	1.373950	0.000000	0.000000
895.150000	0.540472	-1.130033	1.373952	0.000000	0.000000
895.160000	0.540471	-1.130024	1.373954	0.000000	0.000000
895.170000	0.540470	-1.130016	1.373956	0.000000	0.000000
895.180000	0.540469	-1.130008	1.373959	0.000000	0.000000
895.190000	0.540468	-1.130000	1.373961	0.000000	0.000000
895.200000	0.540468	-1.129993	1.373963	0.000000	0.000000
895.210000	0.540467	-1.129986	1.373965	0.000000	0.000000
895.220000	0.540467	-1.129979	1.373967	0.000000	0.000000
895.230000	0.540468	-1.129971	1.373969	0.000000	0.000000
895.240000	0.540468	-1.129963	1.373972	0.000000	0.000000
895.250000	0.540467	-1.129954	1.373974	0.000000	0.000000
895.260000	0.540467	-1.129944	1.373976	0.000000	0.000000
895.270000	0.540467	-1.129937	1.373978	0.000000	0.000000
895.280000	0.540467	-1.129930	1.373980	0.000000	0.000000
895.290000	0.540467	-1.129923	1.373982	0.000000	0.000000
895.300000	0.540467	-1.129916	1.373984	0.000000	0.000000
895.310000	0.540467	-1.129909	1.373986	0.000000	0.000000
895.320000	0.540467	-1.129903	1.373989	0.000000	0.000000
895.330000	0.540466	-1.129897	1.373991	0.000000	0.000000
895.340000	0.540466	-1.129892	1.373993	0.000000	0.000000
895.350000	0.540466	-1.129887	1.373995	0.000000	0.000000
895.360000	0.540466	-1.129882	1.373997	0.000000	0.000000
895.370000	0.540466	-1.129877	1.374000	0.000000	0.000000
895.380000	0.540466	-1.129872	1.374002	0.000000	0.000000
895.390000	0.540467	-1.129868	1.374004	0.000000	0.000000
895.400000	0.540468	-1.129863	1.374007	0.000000	0.000000
895.410000	0.540469	-1.129856	1.374009	0.000000	0.000000
895.420000	0.540469	-1.129848	1.374011	0.000000	0.000000
895.430000	0.540468	-1.129836	1.374014	0.000000	0.000000
895.440000	0.540467	-1.129821	1.374016	0.000000	0.000000
895.450000	0.540466	-1.129806	1.374018	0.000000	0.000000
895.460000	0.540466	-1.129795	1.374021	0.000000	0.000000
895.470000	0.540467	-1.129787	1.374023	0.000000	0.000000
895.480000	0.540469	-1.129781	1.374026	0.000000	0.000000
895.490000	0.540470	-1.129775	1.374028	0.000000	0.000000
895.500000	0.540471	-1.129769	1.374031	0.000000	0.000000
895.510000	0.540472	-1.129763	1.374033	0.000000	0.000000
895.520000	0.540473	-1.129756	1.374036	0.000000	0.000000
895.530000	0.540473	-1.129750	1.374039	0.000000	0.000000
895.540000	0.540473	-1.129742	1.374041	0.000000	0.000000
895.550000	0.540472	-1.129733	1.374044	0.000000	0.000000
895.560000	0.540471	-1.129722	1.374046	0.000000	0.000000
895.570000	0.540469	-1.129711	1.374049	0.000000	0.000000
895.580000	0.540468	-1.129700	1.374052	0.000000	0.000000
895.590000	0.540467	-1.129689	1.374054	0.000000	0.000000
895.600000	0.540466	-1.129679	1.374057	0.000000	0.000000
895.610000	0.540464	-1.129669	1.374060	0.000000	0.000000
895.620000	0.540463	-1.129659	1.374063	0.000000	0.000000
895.630000	0.540463	-1.129650	1.374065	0.000000	0.000000
895.640000	0.540463	-1.129642	1.374068	0.000000	0.000000
895.650000	0.540463	-1.129636	1.374071	0.000000	0.000000
895.660000	0.540463	-1.129630	1.374074	0.000000	0.000000
895.670000	0.540464	-1.129625	1.374077	0.000000	0.000000
895.680000	0.540465	-1.129619	1.374080	0.000000	0.000000
895.690000	0.540465	-1.129613	1.374083	0.000000	0.000000
895.700000	0.540465	-1.129606	1.374086	0.000000	0.000000
895.710000	0.540464	-1.129597	1.374089	0.000000	0.000000
895.720000	0.540463	-1.129587	1.374092	0.000000	0.000000
895.730000	0.540461	-1.129575	1.374095	0.000000	0.000000
895.740000	0.540459	-1.129562	1.374098	0.000000	0.000000
895.750000	0.540457	-1.129550	1.374101	0.000000	0.000000
895.760000	0.540455	-1.129537	1.374104	0.000000	0.000000
895.770000	0.540453	-1.129526	1.374108	0.000000	0.000000
895.780000	0.540451	-1.129515	1.374111	0.000000	0.000000
895.790000	0.540449	-1.129506	1.374114	0.000000	0.000000
895.800000	0.540448	-1.129497	1.374118	0.000000	0.000000
895.810000	0.540446	-1.129489	1.374121	0.000000	0.000000
895.820000	0.540445	-1.129482	1.374125	0.000000	0.000000
895.830000	0.540444	-1.129475	1.374128	0.000000	0.000000
895.840000	0.540443	-1.129469	1.374132	0.000000	0.000000
895.850000	0.540442	-1.129462	1.374135	0.000000	0.000000
895.860000	0.540441	-1.129455	1.374139	0.000000	0.000000
895.870000	0.540440	-1.129447	1.374143	0.000000	0.000000
895.880000	0.540438	-1.129439	1.374146	0.000000	0.000000
895.890000	0.540436	-1.129429	1.374150	0.000000	0.000000
895.900000	0.540433	-1.129419	1.374154	0.000000	0.000000
895.910000	0.540431	-1.129409	1.374158	0.000000	0.000000
895.920000	0.540429	-1.129400	1.374161	0.000000	0.000000
895.930000	0.540428	-1.129392	1.374165	0.000000	0.000000
895.940000	0.540427	-1.129384	1.374169	0.000000	0.000000
895.950000	0.540426	-1.129376	1.374173	0.000000	0.000000
895.960000	0.540425	-1.129370	1.374176	0.000000	0.000000
895.970000	0.540425	-1.129363	1.374180	0.000000	0.000000
895.980000	0.540425	-1.129356	1.374184	0.000000	0.000000
895.990000	0.540424	-1.129348	1.374188	0.000000	0.000000
896.000000	0.540424	-1.129341	1.374191	0.000000	0.000000
896.010000	0.540423	-1.129333	1.374195	0.000000	0.000000
896.020000	0.540423	-1.129325	1.374199	0.000000	0.000000
896.030000	0.540422	-1.129318	1.374203	0.000000	0.000000
896.040000	0.540422	-1.129310	1.374207	0.000000	0.000000
896.050000	0.540422	-1.129303	1.374211	0.000000	0.000000
896.060000	0.540422	-1.129296	1.374215	0.000000	0.000000
896.070000	0.540422	-1.129289	1.374219	0.000000	0.000000
896.080000	0.540422	-1.129282	1.374223	0.000000	0.000000
896.090000	0.540422	-1.129275	1.374227	0.000000	0.000000
896.100000	0.540421	-1.129267	1.374231	0.000000	0.000000
896.110000	0.540421	-1.129259	1.374235	0.000000	0.000000
896.120000	0.540420	-1.129251	1.374239	0.000000	0.000000
896.130000	0.540420	-1.129244	1.374243	0.000000	0.000000
896.140000	0.540420	-1.129236	1.374247	0.000000	0.000000
896.150000	0.540419	-1.129228	1.374251	0.000000	0.000000
896.160000	0.540419	-1.129221	1.374255	0.000000	0.000000
896.170000	0.540419	-1.129214	1.374259	0.000000	0.000000
896.180000	0.540419	-1.129208	1.374263	0.000000	0.000000
896.190000	0.540419	-1.129202	1.374268	0.000000	0.000000
896.200000	0.540418	-1.129196	1.374272	0.000000	0.000000
896.210000	0.540418	-1.129191	1.374276	0.000000	0.000000
896.220000	0.540418	-1.129185	1.374280	0.000000	0.000000
896.230000	0.540418	-1.129178	1.374284	0.000000	0.000000
896.240000	0.540417	-1.129172	1.374288	0.000000	0.000000
896.250000	0.540416	-1.129165	1.374292	0.000000	0.000000
896.260000	0.540416	-1.129159	1.374296	0.000000	0.000000
896.270000	0.540415	-1.129154	1.374301	0.000000	0.000000
896.280000	0.540415	-1.129148	1.374305	0.000000	0.000000
896.290000	0.540415	-1.129142	1.374309	0.000000	0.000000
896.300000	0.540415	-1.129137	1.374313	0.000000	0.000000
896.310000	0.540415	-1.129131	1.374318	0.000000	0.000000
896.320000	0.540414	-1.129125	1.374322	0.000000	0.000000
896.330000	0.540413	-1.129119	1.374326	0.000000	0.000000
896.340000	0.540412	-1.129113	1.374331	0.000000	0.000000
896.350000	0.540411	-1.129107	1.374335	0.000000	0.000000
896.360000	0.540410	-1.129102	1.374339	0.000000	0.000000
896.370000	0.540409	-1.129096	1.374343	0.000000	0.000000
896.380000	0.540408	-1.129090	1.374348	0.000000	0.000000
896.390000	0.540406	-1.129084	1.374352	0.000000	0.000000
896.400000	0.540405	-1.129079	1.374356	0.000000	0.000000
896.410000	0.540405	-1.129074	1.374361	0.000000	0.000000
896.420000	0.540404	-1.129068	1.374365	0.000000	0.000000
896.430000	0.540404	-1.129062	1.374369	0.000000	0.000000
896.440000	0.540403	-1.129056	1.374373	0.000000	0.000000
896.450000	0.540403	-1.129049	1.374378	0.000000	0.000000
896.460000	0.540402	-1.129042	1.374382	0.000000	0.000000
896.470000	0.540401	-1.129034	1.374386	0.000000	0.000000
896.480000	0.540399	-1.129025	1.374390	0.000000	0.000000
896.490000	0.540398	-1.129017	1.374394	0.000000	0.000000
896.500000	0.540396	-1.129010	1.374398	0.000000	0.000000
896.510000	0.540395	-1.129002	1.374402	0.000000	0.000000
896.520000	0.540394	-1.128995	1.374406	0.000000	0.000000
896.530000	0.540392	-1.128989	1.374409	0.000000	0.000000
896.540000	0.540391	-1.128983	1.374413	0.000000	0.000000
896.550000	0.540390	-1.128978	1.374417	0.000000	0.000000
896.560000	0.540389	-1.128974	1.374421	0.000000	0.000000
896.570000	0.540390	-1.128971	1.374424	0.000000	0.000000
896.580000	0.540390	-1.128969	1.374428	0.000000	0.000000
896.590000	0.540390	-1.128967	1.374432	0.000000	0.000000
896.600000	0.540391	-1.128965	1.374435	0.000000	0.000000
896.610000	0.540392	-1.128963	1.374439	0.000000	0.000000
896.620000	0.540394	-1.128962	1.374443	0.000000	0.000000
896.630000	0.540395	-1.128960	1.374446	0.000000	0.000000
896.640000	0.540395	-1.128957	1.374450	0.000000	0.000000
896.650000	0.540395	-1.128953	1.374453	0.000000	0.000000
896.660000	0.540396	-1.128949	1.374457	0.000000	0.000000
896.670000	0.540396	-1.128946	1.374460	0.000000	0.000000
896.680000	0.540397	-1.128942	1.374464	0.000000	0.000000
896.690000	0.540397	-1.128938	1.374468	0.000000	0.000000
896.700000	0.540397	-1.128933	1.374471	0.000000	0.000000
896.710000	0.540396	-1.128928	1.374475	0.000000	0.000000
896.720000	0.540396	-1.128922	1.374478	0.000000	0.000000
896.730000	0.540396	-1.128916	1.374482	0.000000	0.000000
896.740000	0.540395	-1.128908	1.374485	0.000000	0.000000
896.750000	0.540394	-1.128901	1.374489	0.000000	0.000000
896.760000	0.540392	-1.128893	1.374492	0.000000	0.000000
896.770000	0.540391	-1.128886	1.374496	0.000000	0.000000
896.780000	0.540390	-1.128879	1.374499	0.000000	0.000000
896.790000	0.540389	-1.128872	1.374503	0.000000	0.000000
896.800000	0.540388	-1.128867	1.374506	0.000000	0.000000
896.810000	0.540387	-1.128861	1.374510	0.000000	0.000000
896.820000	0.540386	-1.128856	1.374513	0.000000	0.000000
896.830000	0.540386	-1.128850	1.374517	0.000000	0.000000
896.840000	0.540384	-1.128844	1.374520	0.000000	0.000000
896.850000	0.540383	-1.128837	1.374523	0.000000	0.000000
896.860000	0.540382	-1.128830	1.374527	0.000000	0.000000
896.870000	0.540381	-1.128823	1.374530	0.000000	0.000000
896.880000	0.540380	-1.128818	1.374534	0.000000	0.000000
896.890000	0.540380	-1.128814	1.374537	0.000000	0.000000
896.900000	0.540380	-1.128810	1.374541	0.000000	0.000000
896.910000	0.540380	-1.128808	1.374544	0.000000	0.000000
896.920000	0.540381	-1.128805	1.374547	0.000000	0.000000
896.930000	0.540381	-1.128804	1.374551	0.000000	0.000000
896.940000	0.540382	-1.128802	1.374554	0.000000	0.000000
896.950000	0.540383	-1.128800	1.374558	0.000000	0.000000
896.960000	0.540383	-1.128798	1.374561	0.000000	0.000000
896.970000	0.540384	-1.128796	1.374564	0.000000	0.000000
896.980000	0.540385	-1.128795	1.374568	0.000000	0.000000
896.990000	0.540386	-1.128796	1.374571	0.000000	0.000000
897.000000	0.540388	-1.128797	1.374574	0.000000	0.000000
897.010000	0.540389	-1.128797	1.374578	0.000000	0.000000
897.020000	0.540390	-1.128795	1.374581	0.000000	0.000000
897.030000	0.540390	-1.128790	1.374584	0.000000	0.000000
897.040000	0.540389	-1.128783	1.374587	0.000000	0.000000
897.050000	0.540388	-1.128774	1.374591	0.000000	0.000000
897.060000	0.540387	-1.128765	1.374594	0.000000	0.000000
897.070000	0.540386	-1.128757	1.374597	0.000000	0.000000
897.080000	0.540385	-1.128751	1.374600	0.000000	0.000000
897.090000	0.540385	-1.128745	1.374604	0.000000	0.000000
897.100000	0.540385	-1.128741	1.374607	0.000000	0.000000
897.110000	0.540386	-1.128737	1.374610	0.000000	0.000000
897.120000	0.540386	-1.128732	1.374614	0.000000	0.000000
897.130000	0.540387	-1.128728	1.374617	0.000000	0.000000
897.140000	0.540388	-1.128722	1.374620	0.000000	0.000000
897.150000	0.540389	-1.128715	1.374624	0.000000	0.000000
897.160000	0.540389	-1.128706	1.374627	0.000000	0.000000
897.170000	0.540390	-1.128695	1.374630	0.000000	0.000000
897.180000	0.540389	-1.128682	1.374634	0.000000	0.000000
897.190000	0.540388	-1.128669	1.374637	0.000000	0.000000
897.200000	0.540387	-1.128655	1.374640	0.000000	0.000000
897.210000	0.540387	-1.128642	1.374644	0.000000	0.000000
897.220000	0.540387	-1.128629	1.374647	0.000000	0.000000
897.230000	0.540388	-1.128617	1.374650	0.000000	0.000000
897.240000	0.540388	-1.128605	1.374654	0.000000	0.000000
897.250000	0.540388	-1.128595	1.374657	0.000000	0.000000
897.260000	0.540389	-1.128586	1.374660	0.000000	0.000000
897.270000	0.540391	-1.128581	1.374663	0.000000	0.000000
897.280000	0.540392	-1.128577	1.374666	0.000000	0.000000
897.290000	0.540395	-1.128574	1.374669	0.000000	0.000000
897.300000	0.540397	-1.128570	1.374672	0.000000	0.000000
897.310000	0.540399	-1.128566	1.374675	0.000000	0.000000
897.320000	0.540400	-1.128558	1.374678	0.000000	0.000000
897.330000	0.540400	-1.128548	1.374680	0.000000	0.000000
897.340000	0.540399	-1.128536	1.374683	0.000000	0.000000
897.350000	0.540399	-1.128526	1.374686	0.000000	0.000000
897.360000	0.540399	-1.128518	1.374689	0.000000	0.000000
897.370000	0.540400	-1.128511	1.374691	0.000000	0.000000
897.380000	0.540401	-1.128505	1.374694	0.000000	0.000000
897.390000	0.540402	-1.128500	1.374697	0.000000	0.000000
897.400000	0.540404	-1.128497	1.374699	0.000000	0.000000
897.410000	0.540407	-1.128496	1.374702	0.000000	0.000000
897.420000	0.540409	-1.128495	1.374704	0.000000	0.000000
897.430000	0.540412	-1.128494	1.374707	0.000000	0.000000
897.440000	0.540414	-1.128493	1.374710	0.000000	0.000000
897.450000	0.540416	-1.128491	1.374712	0.000000	0.000000
897.460000	0.540417	-1.128487	1.374715	0.000000	0.000000
897.470000	0.540416	-1.128480	1.374718	0.000000	0.000000
897.480000	0.540415	-1.128472	1.374720	0.000000	0.000000
897.490000	0.540413	-1.128461	1.374723	0.000000	0.000000
897.500000	0.540411	-1.128450	1.374725	0.000000	0.000000
897.510000	0.540409	-1.128440	1.374728	0.000000	0.000000
897.520000	0.540408	-1.128431	1.374731	0.000000	0.000000
897.530000	0.540406	-1.128424	1.374733	0.000000	0.000000
897.540000	0.540405	-1.128418	1.374736	0.000000	0.000000
897.550000	0.540405	-1.128413	1.374738	0.000000	0.000000
897.560000	0.540404	-1.128409	1.374741	0.000000	0.000000
897.570000	0.540405	-1.128407	1.374744	0.000000	0.000000
897.580000	0.540406	-1.128406	1.374746	0.000000	0.000000
897.590000	0.540407	-1.128406	1.374749	0.000000	0.000000
897.600000	0.540408	-1.128406	1.374752	0.000000	0.000000
897.610000	0.540409	-1.128405	1.374754	0.000000	0.000000
897.620000	0.540409	-1.128403	1.374757	0.000000	0.000000
897.630000	0.540409	-1.128399	1.374760	0.000000	0.000000
897.640000	0.540409	-1.128394	1.374762	0.000000	0.000000
897.650000	0.540409	-1.128389	1.374765	0.000000	0.000000
897.660000	0.540409	-1.128385	1.374768	0.000000	0.000000
897.670000	0.540410	-1.128381	1.374771	0.000000	0.000000
897.680000	0.540410	-1.128378	1.374773	0.000000	0.000000
897.690000	0.540410	-1.128375	1.374776	0.000000	0.000000
897.700000	0.540410	-1.128371	1.374779	0.000000	0.000000
897.710000	0.540410	-1.128366	1.374782	0.000000	0.000000
897.720000	0.540410	-1.128360	1.374785	0.000000	0.000000
897.730000	0.540409	-1.128354	1.374788	0.000000	0.000000
897.740000	0.540408	-1.128347	1.374791	0.000000	0.000000
897.750000	0.540407	-1.128341	1.374795	0.000000	0.000000
897.760000	0.540406	-1.128335	1.374798	0.000000	0.000000
897.770000	0.540406	-1.128328	1.374801	0.000000	0.000000
897.780000	0.540405	-1.128322	1.374804	0.000000	0.000000
897.790000	0.540403	-1.128315	1.374808	0.000000	0.000000
897.800000	0.540402	-1.128307	1.374811	0.000000	0.000000
897.810000	0.540400	-1.128300	1.374815	0.000000	0.000000
897.820000	0.540399	-1.128292	1.374818	0.000000	0.000000
897.830000	0.540397	-1.128285	1.374822	0.000000	0.000000
897.840000	0.540396	-1.128277	1.374825	0.000000	0.000000
897.850000	0.540394	-1.128269	1.374829	0.000000	0.000000
897.860000	0.540393	-1.128262	1.374832	0.000000	0.000000
897.870000	0.540392	-1.128256	1.374836	0.000000	0.000000
897.880000	0.540392	-1.128251	1.374839	0.000000	0.000000
897.890000	0.540392	-1.128246	1.374843	0.000000	0.000000
897.900000	0.540391	-1.128241	1.374846	0.000000	0.000000
897.910000	0.540390	-1.128235	1.374850	0.000000	0.000000
897.920000	0.540389	-1.128227	1.374853	0.000000	0.000000
897.930000	0.540387	-1.128219	1.374857	0.000000	0.000000
897.940000	0.540386	-1.128212	1.374860	0.000000	0.000000
897.950000	0.540385	-1.128207	1.374864	0.000000	0.000000
897.960000	0.540385	-1.128204	1.374868	0.000000	0.000000
897.970000	0.540385	-1.128202	1.374871	0.000000	0.000000
897.980000	0.540386	-1.128200	1.374875	0.000000	0.000000
897.990000	0.540387	-1.128199	1.374879	0.000000	0.000000
898.000000	0.540388	-1.128198	1.374883	0.000000	0.000000
898.010000	0.540389	-1.128196	1.374887	0.000000	0.000000
898.020000	0.540390	-1.128195	1.374891	0.000000	0.000000
898.030000	0.540391	-1.128192	1.374895	0.000000	0.000000
898.040000	0.540391	-1.128189	1.374899	0.000000	0.000000
898.050000	0.540392	-1.128186	1.374903	0.000000	0.000000
898.060000	0.540392	-1.128182	1.374907	0.000000	0.000000
898.070000	0.540392	-1.128177	1.374911	0.000000	0.000000
898.080000	0.540392	-1.128173	1.374915	0.000000	0.000000
898.090000	0.540392	-1.128170	1.374919	0.000000	0.000000
898.100000	0.540392	-1.128166	1.374924	0.000000	0.000000
898.110000	0.540392	-1.128162	1.374928	0.000000	0.000000
898.120000	0.540392	-1.128158	1.374932	0.000000	0.000000
898.130000	0.540392	-1.128154	1.374937	0.000000	0.000000
898.140000	0.540393	-1.128149	1.374941	0.000000	0.000000
898.150000	0.540393	-1.128145	1.374946	0.000000	0.000000
898.160000	0.540393	-1.128140	1.374951	0.000000	0.000000
898.170000	0.540394	-1.128136	1.374955	0.000000	0.000000
898.180000	0.540395	-1.128133	1.374960	0.000000	0.000000
898.190000	0.540397	-1.128130	1.374965	0.000000	0.000000
898.200000	0.540398	-1.128126	1.374970	0.000000	0.000000
898.210000	0.540399	-1.128121	1.374975	0.000000	0.000000
898.220000	0.540400	-1.128115	1.374980	0.000000	0.000000
898.230000	0.540399	-1.128107	1.374985	0.000000	0.000000
898.240000	0.540399	-1.128099	1.374990	0.000000	0.000000
898.250000	0.540399	-1.128091	1.374995	0.000000	0.000000
898.260000	0.540400	-1.128086	1.375001	0.000000	0.000000
898.270000	0.540401	-1.128082	1.375006	0.000000	0.000000
898.280000	0.540402	-1.128078	1.375011	0.000000	0.000000
898.290000	0.540403	-1.128074	1.375017	0.000000	0.000000
898.300000	0.540405	-1.128069	1.375022	0.000000	0.000000
898.310000	0.540405	-1.128063	1.375028	0.000000	0.000000
898.320000	0.540405	-1.128055	1.375034	0.000000	0.000000
898.330000	0.540404	-1.128046	1.375039	0.000000	0.000000
898.340000	0.540403	-1.128036	1.375045	0.000000	0.000000
898.350000	0.540403	-1.128026	1.375051	0.000000	0.000000
898.360000	0.540402	-1.128016	1.375057	0.000000	0.000000
898.370000	0.540401	-1.128007	1.375062	0.000000	0.000000
898.380000	0.540401	-1.127998	1.375068	0.000000	0.000000
898.390000	0.540401	-1.127991	1.375074	0.000000	0.000000
898.400000	0.540401	-1.127985	1.375080	0.000000	0.000000
898.410000	0.540401	-1.127978	1.375086	0.000000	0.000000
898.420000	0.540401	-1.127972	1.375092	0.000000	0.000000
898.430000	0.540401	-1.127966	1.375098	0.000000	0.000000
898.440000	0.540401	-1.127961	1.375105	0.000000	0.000000
898.450000	0.540402	-1.127956	1.375111	0.000000	0.000000
898.460000	0.540404	-1.127951	1.375117	0.000000	0.000000
898.470000	0.540405	-1.127946	1.375123	0.000000	0.000000
898.480000	0.540406	-1.127941	1.375129	0.000000	0.000000
898.490000	0.540406	-1.127936	1.375136	0.000000	0.000000
898.500000	0.540406	-1.127929	1.375142	0.000000	0.000000
898.510000	0.540406	-1.127922	1.375148	0.000000	0.000000
898.520000	0.540406	-1.127914	1.375155	0.000000	0.000000
898.530000	0.540406	-1.127906	1.375161	0.000000	0.000000
898.540000	0.540406	-1.127898	1.375167	0.000000	0.000000
898.550000	0.540406	-1.127889	1.375174	0.000000	0.000000
898.560000	0.540405	-1.127881	1.375180	0.000000	0.000000
898.570000	0.540404	-1.127873	1.375186	0.000000	0.000000
898.580000	0.540404	-1.127866	1.375193	0.000000	0.000000
898.590000	0.540404	-1.127861	1.375199	0.000000	0.000000
898.600000	0.540405	-1.127857	1.375206	0.000000	0.000000
898.610000	0.540405	-1.127854	1.375212	0.000000	0.000000
898.620000	0.540406	-1.127851	1.375218	0.000000	0.000000
898.630000	0.540406	-1.127848	1.375225	0.000000	0.000000
898.640000	0.540406	-1.127844	1.375231	0.000000	0.000000
898.650000	0.540405	-1.127837	1.375237	0.000000	0.000000
898.660000	0.540404	-1.127830	1.375244	0.000000	0.000000
898.670000	0.540403	-1.127821	1.375250	0.000000	0.000000
898.680000	0.540402	-1.127813	1.375257	0.000000	0.000000
898.690000	0.540402	-1.127805	1.375263	0.000000	0.000000
898.700000	0.540401	-1.127797	1.375269	0.000000	0.000000
898.710000	0.540401	-1.127789	1.375276	0.000000	0.000000
898.720000	0.540400	-1.127781	1.375282	0.000000	0.000000
898.730000	0.540399	-1.127773	1.375288	0.000000	0.000000
898.740000	0.540399	-1.127766	1.375295	0.000000	0.000000
898.750000	0.540399	-1.127759	1.375301	0.000000	0.000000
898.760000	0.540398	-1.127753	1.375307	0.000000	0.000000
898.770000	0.540397	-1.127745	1.375314	0.000000	0.000000
898.780000	0.540396	-1.127737	1.375320	0.000000	0.000000
898.790000	0.540395	-1.127729	1.375326	0.000000	0.000000
898.800000	0.540394	-1.127722	1.375332	0.000000	0.000000
898.810000	0.540392	-1.127715	1.375339	0.000000	0.000000
898.820000	0.540392	-1.127708	1.375345	0.000000	0.000000
898.830000	0.540391	-1.127702	1.375351	0.000000	0.000000
898.840000	0.540390	-1.127695	1.375357	0.000000	0.000000
898.850000	0.540389	-1.127688	1.375363	0.000000	0.000000
898.860000	0.540388	-1.127682	1.375369	0.000000	0.000000
898.870000	0.540388	-1.127677	1.375375	0.000000	0.000000
898.880000	0.540388	-1.127672	1.375381	0.000000	0.000000
898.890000	0.540389	-1.127669	1.375386	0.000000	0.000000
898.900000	0.540390	-1.127666	1.375392	0.000000	0.000000
898.910000	0.540391	-1.127662	1.375398	0.000000	0.000000
898.920000	0.540392	-1.127656	1.375404	0.000000	0.000000
898.930000	0.540392	-1.127649	1.375409	0.000000	0.000000
898.940000	0.540391	-1.127640	1.375415	0.000000	0.000000
898.950000	0.540391	-1.127630	1.375421	0.000000	0.000000
898.960000	0.540390	-1.127621	1.375426	0.000000	0.000000
898.970000	0.540389	-1.127612	1.375432	0.000000	0.000000
898.980000	0.540389	-1.127604	1.375438	0.000000	0.000000
898.990000	0.540390	-1.127598	1.375443	0.000000	0.000000
899.000000	0.540391	-1.127592	1.375449	0.000000	0.000000
899.010000	0.540391	-1.127586	1.375455	0.000000	0.000000
899.020000	0.540392	-1.127578	1.375460	0.000000	0.000000
899.030000	0.540393	-1.127570	1.375466	0.000000	0.000000
899.040000	0.540393	-1.127562	1.375471	0.000000	0.000000
899.050000	0.540394	-1.127554	1.375477	0.000000	0.000000
899.060000	0.540395	-1.127546	1.375482	0.000000	0.000000
899.070000	0.540397	-1.127538	1.375488	0.000000	0.000000
899.080000	0.540398	-1.127528	1.375494	0.000000	0.000000
899.090000	0.540398	-1.127517	1.375499	0.000000	0.000000
899.100000	0.540398	-1.127506	1.375505	0.000000	0.000000
899.110000	0.540398	-1.127497	1.375510	0.000000	0.000000
899.120000	0.540399	-1.127488	1.375516	0.000000	0.000000
899.130000	0.540400	-1.127481	1.375521	0.000000	0.000000
899.140000	0.540401	-1.127473	1.375527	0.000000	0.000000
899.150000	0.540402	-1.127465	1.375532	0.000000	0.000000
899.160000	0.540403	-1.127457	1.375538	0.000000	0.000000
899.170000	0.540404	-1.127447	1.375543	0.000000	0.000000
899.180000	0.540404	-1.127437	1.375549	0.000000	0.000000
899.190000	0.540405	-1.127428	1.375554	0.000000	0.000000
899.200000	0.540405	-1.127420	1.375560	0.000000	0.000000
899.210000	0.540406	-1.127413	1.375566	0.000000	0.000000
899.220000	0.540408	-1.127407	1.375571	0.000000	0.000000
899.230000	0.540410	-1.127401	1.375577	0.000000	0.000000
899.240000	0.540411	-1.127395	1.375582	0.000000	0.000000
899.250000	0.540413	-1.127388	1.375588	0.000000	0.000000
899.260000	0.540415	-1.127382	1.375594	0.000000	0.000000
899.270000	0.540416	-1.127375	1.375600	0.000000	0.000000
899.280000	0.540417	-1.127367	1.375605	0.000000	0.000000
899.290000	0.540418	-1.127357	1.375611	0.000000	0.000000
899.300000	0.540418	-1.127346	1.375617	0.000000	0.000000
899.310000	0.540418	-1.127333	1.375623	0.000000	0.000000
899.320000	0.540417	-1.127320	1.375629	0.000000	0.000000
899.330000	0.540416	-1.127306	1.375635	0.000000	0.000000
899.340000	0.540416	-1.127292	1.375641	0.000000	0.000000
899.350000	0.540415	-1.127278	1.375647	0.000000	0.000000
899.360000	0.540415	-1.127265	1.375653	0.000000	0.000000
899.370000	0.540415	-1.127252	1.375659	0.000000	0.000000
899.380000	0.540415	-1.127241	1.375665	0.000000	0.000000
899.390000	0.540415	-1.127231	1.375671	0.000000	0.000000
899.400000	0.540416	-1.127222	1.375677	0.000000	0.000000
899.410000	0.540417	-1.127214	1.375684	0.000000	0.000000
899.420000	0.540418	-1.127207	1.375690	0.000000	0.000000
899.430000	0.540420	-1.127200	1.375696	0.000000	0.000000
899.440000	0.540421	-1.127192	1.375702	0.000000	0.000000
899.450000	0.540422	-1.127182	1.375708	0.000000	0.000000
899.460000	0.540422	-1.127169	1.375714	0.000000	0.000000
899.470000	0.540421	-1.127155	1.375721	0.000000	0.000000
899.480000	0.540422	-1.127146	1.375727	0.000000	0.000000
899.490000	0.540423	-1.127139	1.375733	0.000000	0.000000
899.500000	0.540426	-1.127134	1.375739	0.000000	0.000000
899.510000	0.540428	-1.127130	1.375745	0.000000	0.000000
899.520000	0.540430	-1.127125	1.375751	0.000000	0.000000
899.530000	0.540431	-1.127120	1.375757	0.000000	0.000000
899.540000	0.540432	-1.127113	1.375763	0.000000	0.000000
899.550000	0.540432	-1.127105	1.375769	0.000000	0.000000
899.560000	0.540432	-1.127097	1.375775	0.000000	0.000000
899.570000	0.540432	-1.127088	1.375781	0.000000	0.000000
899.580000	0.540431	-1.127079	1.375787	0.000000	0.000000
899.590000	0.540431	-1.127069	1.375793	0.000000	0.000000
899.600000	0.540430	-1.127059	1.375799	0.000000	0.000000
899.610000	0.540429	-1.127046	1.375805	0.000000	0.000000
899.620000	0.540428	-1.127031	1.375811	0.000000	0.000000
899.630000	0.540426	-1.127015	1.375817	0.000000	0.000000
899.640000	0.540424	-1.126999	1.375823	0.000000	0.000000
899.650000	0.540423	-1.126983	1.375829	0.000000	0.000000
899.660000	0.540422	-1.126968	1.375835	0.000000	0.000000
899.670000	0.540422	-1.126954	1.375841	0.000000	0.000000
899.680000	0.540422	-1.126941	1.375846	0.000000	0.000000
899.690000	0.540422	-1.126928	1.375852	0.000000	0.000000
899.700000	0.540423	-1.126915	1.375858	0.000000	0.000000
899.710000	0.540424	-1.126902	1.375864	0.000000	0.000000
899.720000	0.540425	-1.126890	1.375870	0.000000	0.000000
899.730000	0.540426	-1.126877	1.375875	0.000000	0.000000
899.740000	0.540427	-1.126864	1.375881	0.000000	0.000000
899.750000	0.540428	-1.126852	1.375887	0.000000	0.000000
899.760000	0.540429	-1.126840	1.375892	0.000000	0.000000
899.770000	0.540430	-1.126828	1.375898	0.000000	0.000000
899.780000	0.540431	-1.126816	1.375903	0.000000	0.000000
899.790000	0.540432	-1.126805	1.375909	0.000000	0.000000
899.800000	0.540432	-1.126795	1.375914	0.000000	0.000000
899.810000	0.540433	-1.126786	1.375920	0.000000	0.000000
899.820000	0.540434	-1.126778	1.375925	0.000000	0.000000
899.830000	0.540436	-1.126771	1.375930	0.000000	0.000000
899.840000	0.540436	-1.126762	1.375936	0.000000	0.000000
899.850000	0.540437	-1.126753	1.375941	0.000000	0.000000
899.860000	0.540436	-1.126743	1.375946	0.000000	0.000000
899.870000	0.540436	-1.126733	1.375951	0.000000	0.000000
899.880000	0.540436	-1.126723	1.375956	0.000000	0.000000
899.890000	0.540437	-1.126716	1.375961	0.000000	0.000000
899.900000	0.540438	-1.126709	1.375966	0.000000	0.000000
899.910000	0.540439	-1.126702	1.375972	0.000000	0.000000
899.920000	0.540440	-1.126694	1.375977	0.000000	0.000000
899.930000	0.540441	-1.126686	1.375982	0.000000	0.000000
899.940000	0.540441	-1.126676	1.375987	0.000000	0.000000
899.950000	0.540441	-1.126665	1.375992	0.000000	0.000000
899.960000	0.540441	-1.126653	1.375997	0.000000	0.000000
899.970000	0.540441	-1.126642	1.376002	0.000000	0.000000
899.980000	0.540441	-1.126633	1.376007	0.000000	0.000000
899.990000	0.540442	-1.126623	1.376012	0.000000	0.000000
