t	Ecin	Epot	Rg	buf4	buf5
45000.000000	0.500023	0.511006	0.798088	0.658290	-0.001054
45001.000000	0.500024	0.511008	0.798090	0.658293	-0.001058
45002.000000	0.500022	0.511007	0.798094	0.658300	-0.001065
45003.000000	0.500022	0.511008	0.798098	0.658307	-0.001079
45004.000000	0.500022	0.511009	0.798103	0.658316	-0.001085
45005.000000	0.500019	0.511004	0.798103	0.658316	-0.001079
45006.000000	0.500015	0.510998	0.798105	0.658318	-0.001068
45007.000000	0.500016	0.510992	0.798107	0.658322	-0.001053
45008.000000	0.500021	0.510992	0.798106	0.658319	-0.001049
45009.000000	0.500019	0.510990	0.798106	0.658318	-0.001058
45010.000000	0.500016	0.510986	0.798106	0.658318	-0.001061
45011.000000	0.500015	0.510985	0.798106	0.658319	-0.001051
45012.000000	0.500013	0.510986	0.798109	0.658324	-0.001039
45013.000000	0.500010	0.510982	0.798111	0.658326	-0.001032
45014.000000	0.500013	0.510978	0.798108	0.658321	-0.001028
45015.000000	0.500007	0.510971	0.798108	0.658321	-0.001032
45016.000000	0.500006	0.510965	0.798110	0.658324	-0.001038
45017.000000	0.500004	0.510960	0.798109	0.658323	-0.001041
45018.000000	0.499999	0.510954	0.798105	0.658317	-0.001042
45019.000000	0.499996	0.510950	0.798102	0.658311	-0.001046
45020.000000	0.499995	0.510949	0.798098	0.658306	-0.001048
45021.000000	0.499996	0.510944	0.798097	0.658304	-0.001040
45022.000000	0.499996	0.510940	0.798096	0.658301	-0.001032
45023.000000	0.499994	0.510939	0.798097	0.658303	-0.001026
45024.000000	0.499992	0.510934	0.798101	0.658310	-0.001017
45025.000000	0.499990	0.510933	0.798104	0.658313	-0.001005
45026.000000	0.499987	0.510930	0.798107	0.658319	-0.000989
45027.000000	0.499982	0.510921	0.798106	0.658318	-0.000985
45028.000000	0.499981	0.510920	0.798105	0.658315	-0.000988
45029.000000	0.499987	0.510932	0.798109	0.658323	-0.000986
45030.000000	0.499985	0.510934	0.798111	0.658326	-0.000981
45031.000000	0.499983	0.510929	0.798107	0.658319	-0.000983
45032.000000	0.499982	0.510924	0.798103	0.658314	-0.000985
45033.000000	0.499981	0.510929	0.798102	0.658312	-0.000983
45034.000000	0.499983	0.510932	0.798099	0.658307	-0.000976
45035.000000	0.499988	0.510935	0.798096	0.658302	-0.000975
45036.000000	0.499990	0.510935	0.798097	0.658304	-0.000984
45037.000000	0.499991	0.510934	0.798095	0.658301	-0.000989
45038.000000	0.499995	0.510936	0.798093	0.658298	-0.000990
45039.000000	0.499996	0.510937	0.798093	0.658298	-0.000983
45040.000000	0.499996	0.510933	0.798095	0.658301	-0.000983
45041.000000	0.499995	0.510927	0.798093	0.658298	-0.000988
45042.000000	0.499991	0.510918	0.798093	0.658297	-0.001000
45043.000000	0.499986	0.510914	0.798094	0.658298	-0.001012
45044.000000	0.499984	0.510915	0.798098	0.658306	-0.001018
45045.000000	0.499987	0.510922	0.798099	0.658306	-0.001015
45046.000000	0.499993	0.510944	0.798095	0.658300	-0.001015
45047.000000	0.499993	0.510949	0.798094	0.658298	-0.001016
45048.000000	0.499991	0.510955	0.798096	0.658301	-0.001013
45049.000000	0.499993	0.510949	0.798097	0.658303	-0.001018
45050.000000	0.499991	0.510947	0.798097	0.658302	-0.001028
45051.000000	0.499995	0.510954	0.798100	0.658307	-0.001035
45052.000000	0.499994	0.510952	0.798103	0.658312	-0.001030
45053.000000	0.499998	0.510949	0.798106	0.658317	-0.001021
45054.000000	0.499998	0.510943	0.798104	0.658313	-0.001017
45055.000000	0.499998	0.510942	0.798103	0.658310	-0.001011
45056.000000	0.499994	0.510943	0.798099	0.658305	-0.001008
45057.000000	0.499996	0.510948	0.798094	0.658298	-0.001014
45058.000000	0.500001	0.510952	0.798089	0.658290	-0.001015
45059.000000	0.500007	0.510947	0.798085	0.658284	-0.001018
45060.000000	0.500009	0.510945	0.798082	0.658280	-0.001024
45061.000000	0.500012	0.510952	0.798080	0.658276	-0.001019
45062.000000	0.500020	0.510957	0.798078	0.658272	-0.001018
45063.000000	0.500019	0.510959	0.798075	0.658268	-0.001023
45064.000000	0.500020	0.510959	0.798070	0.658261	-0.001026
45065.000000	0.500022	0.510963	0.798071	0.658262	-0.001020
45066.000000	0.500019	0.510961	0.798069	0.658259	-0.001018
45067.000000	0.500015	0.510959	0.798064	0.658251	-0.001020
45068.000000	0.500014	0.510960	0.798061	0.658247	-0.001024
45069.000000	0.500011	0.510962	0.798060	0.658245	-0.001035
45070.000000	0.500011	0.510956	0.798057	0.658240	-0.001042
45071.000000	0.500008	0.510953	0.798055	0.658237	-0.001036
45072.000000	0.500010	0.510946	0.798052	0.658232	-0.001032
45073.000000	0.500012	0.510941	0.798047	0.658224	-0.001039
45074.000000	0.500010	0.510934	0.798048	0.658226	-0.001050
45075.000000	0.500008	0.510927	0.798053	0.658234	-0.001059
45076.000000	0.500009	0.510922	0.798049	0.658228	-0.001060
45077.000000	0.500007	0.510915	0.798047	0.658225	-0.001063
45078.000000	0.500003	0.510908	0.798046	0.658224	-0.001069
45079.000000	0.500000	0.510903	0.798046	0.658223	-0.001074
45080.000000	0.499996	0.510902	0.798050	0.658229	-0.001081
45081.000000	0.499996	0.510903	0.798052	0.658232	-0.001079
45082.000000	0.499997	0.510904	0.798051	0.658231	-0.001084
45083.000000	0.499994	0.510898	0.798048	0.658226	-0.001091
45084.000000	0.499993	0.510898	0.798045	0.658221	-0.001091
45085.000000	0.499993	0.510901	0.798047	0.658223	-0.001086
45086.000000	0.499994	0.510907	0.798045	0.658221	-0.001077
45087.000000	0.499992	0.510906	0.798042	0.658216	-0.001076
45088.000000	0.499988	0.510901	0.798041	0.658213	-0.001073
45089.000000	0.499984	0.510896	0.798041	0.658213	-0.001070
45090.000000	0.499981	0.510891	0.798043	0.658217	-0.001063
45091.000000	0.499977	0.510890	0.798045	0.658219	-0.001054
45092.000000	0.499973	0.510885	0.798050	0.658227	-0.001053
45093.000000	0.499974	0.510882	0.798051	0.658230	-0.001062
45094.000000	0.499974	0.510886	0.798055	0.658236	-0.001075
45095.000000	0.499972	0.510881	0.798056	0.658237	-0.001077
45096.000000	0.499977	0.510878	0.798054	0.658233	-0.001071
45097.000000	0.499976	0.510877	0.798051	0.658229	-0.001069
45098.000000	0.499973	0.510879	0.798050	0.658227	-0.001067
45099.000000	0.499970	0.510879	0.798048	0.658223	-0.001061
45100.000000	0.499970	0.510879	0.798048	0.658223	-0.001059
45101.000000	0.499969	0.510879	0.798048	0.658223	-0.001063
45102.000000	0.499980	0.510884	0.798049	0.658224	-0.001074
45103.000000	0.499984	0.510887	0.798050	0.658226	-0.001068
45104.000000	0.499990	0.510885	0.798050	0.658225	-0.001064
45105.000000	0.499995	0.510881	0.798050	0.658225	-0.001073
45106.000000	0.499993	0.510873	0.798047	0.658221	-0.001080
45107.000000	0.499990	0.510868	0.798051	0.658227	-0.001086
45108.000000	0.499987	0.510862	0.798052	0.658230	-0.001092
45109.000000	0.499983	0.510859	0.798049	0.658224	-0.001100
45110.000000	0.499981	0.510854	0.798047	0.658221	-0.001108
45111.000000	0.499988	0.510869	0.798046	0.658220	-0.001108
45112.000000	0.499988	0.510875	0.798044	0.658216	-0.001106
45113.000000	0.499985	0.510871	0.798042	0.658213	-0.001116
45114.000000	0.499981	0.510866	0.798046	0.658219	-0.001133
45115.000000	0.499980	0.510861	0.798045	0.658218	-0.001140
45116.000000	0.499981	0.510854	0.798044	0.658216	-0.001142
45117.000000	0.499987	0.510854	0.798048	0.658223	-0.001136
45118.000000	0.499989	0.510856	0.798053	0.658232	-0.001118
45119.000000	0.499987	0.510862	0.798058	0.658240	-0.001101
45120.000000	0.499988	0.510869	0.798056	0.658237	-0.001094
45121.000000	0.499992	0.510867	0.798056	0.658236	-0.001089
45122.000000	0.499988	0.510862	0.798057	0.658238	-0.001083
45123.000000	0.499988	0.510864	0.798062	0.658246	-0.001075
45124.000000	0.499984	0.510861	0.798063	0.658248	-0.001068
45125.000000	0.499980	0.510864	0.798068	0.658257	-0.001055
45126.000000	0.499979	0.510871	0.798071	0.658261	-0.001041
45127.000000	0.499976	0.510871	0.798073	0.658263	-0.001030
45128.000000	0.499974	0.510865	0.798072	0.658262	-0.001032
45129.000000	0.499974	0.510862	0.798073	0.658263	-0.001043
45130.000000	0.499971	0.510859	0.798068	0.658256	-0.001049
45131.000000	0.499970	0.510853	0.798065	0.658251	-0.001051
45132.000000	0.499972	0.510851	0.798063	0.658248	-0.001056
45133.000000	0.499976	0.510854	0.798068	0.658256	-0.001075
45134.000000	0.499981	0.510861	0.798066	0.658254	-0.001079
45135.000000	0.499978	0.510858	0.798064	0.658249	-0.001081
45136.000000	0.499974	0.510853	0.798063	0.658248	-0.001091
45137.000000	0.499969	0.510845	0.798060	0.658243	-0.001095
45138.000000	0.499965	0.510842	0.798056	0.658237	-0.001093
45139.000000	0.499961	0.510837	0.798052	0.658231	-0.001091
45140.000000	0.499957	0.510835	0.798047	0.658223	-0.001085
45141.000000	0.499954	0.510832	0.798046	0.658222	-0.001073
45142.000000	0.499956	0.510833	0.798050	0.658230	-0.001057
45143.000000	0.499956	0.510841	0.798053	0.658233	-0.001046
45144.000000	0.499952	0.510840	0.798058	0.658242	-0.001041
45145.000000	0.499947	0.510838	0.798064	0.658254	-0.001034
45146.000000	0.499943	0.510833	0.798066	0.658257	-0.001030
45147.000000	0.499943	0.510832	0.798066	0.658257	-0.001029
45148.000000	0.499940	0.510829	0.798066	0.658255	-0.001030
45149.000000	0.499942	0.510831	0.798066	0.658255	-0.001032
45150.000000	0.499943	0.510831	0.798065	0.658253	-0.001037
45151.000000	0.499941	0.510833	0.798065	0.658254	-0.001044
45152.000000	0.499939	0.510832	0.798061	0.658248	-0.001040
45153.000000	0.499941	0.510834	0.798059	0.658244	-0.001035
45154.000000	0.499949	0.510846	0.798057	0.658241	-0.001039
45155.000000	0.499953	0.510866	0.798060	0.658246	-0.001052
45156.000000	0.499954	0.510869	0.798059	0.658244	-0.001059
45157.000000	0.499962	0.510879	0.798058	0.658242	-0.001054
45158.000000	0.499963	0.510888	0.798058	0.658242	-0.001042
45159.000000	0.499965	0.510890	0.798058	0.658240	-0.001038
45160.000000	0.499966	0.510890	0.798058	0.658241	-0.001044
45161.000000	0.499970	0.510893	0.798057	0.658239	-0.001046
45162.000000	0.499970	0.510888	0.798052	0.658231	-0.001048
45163.000000	0.499969	0.510890	0.798055	0.658237	-0.001049
45164.000000	0.499977	0.510888	0.798059	0.658243	-0.001038
45165.000000	0.499977	0.510888	0.798060	0.658245	-0.001031
45166.000000	0.499975	0.510884	0.798057	0.658240	-0.001029
45167.000000	0.499973	0.510881	0.798058	0.658241	-0.001026
45168.000000	0.499968	0.510874	0.798064	0.658251	-0.001016
45169.000000	0.499965	0.510871	0.798067	0.658257	-0.001004
45170.000000	0.499966	0.510865	0.798065	0.658254	-0.001001
45171.000000	0.499966	0.510860	0.798066	0.658254	-0.001010
45172.000000	0.499962	0.510854	0.798065	0.658253	-0.001018
45173.000000	0.499960	0.510848	0.798066	0.658253	-0.001011
45174.000000	0.499958	0.510840	0.798067	0.658256	-0.001000
45175.000000	0.499954	0.510838	0.798067	0.658255	-0.000996
45176.000000	0.499955	0.510846	0.798070	0.658260	-0.001001
45177.000000	0.499957	0.510841	0.798074	0.658267	-0.001017
45178.000000	0.499958	0.510844	0.798075	0.658268	-0.001027
45179.000000	0.499955	0.510845	0.798072	0.658263	-0.001037
45180.000000	0.499955	0.510848	0.798075	0.658267	-0.001048
45181.000000	0.499952	0.510844	0.798077	0.658271	-0.001046
45182.000000	0.499950	0.510841	0.798079	0.658273	-0.001040
45183.000000	0.499949	0.510835	0.798077	0.658271	-0.001037
45184.000000	0.499950	0.510828	0.798077	0.658270	-0.001036
45185.000000	0.499948	0.510825	0.798079	0.658272	-0.001049
45186.000000	0.499943	0.510818	0.798081	0.658276	-0.001064
45187.000000	0.499940	0.510814	0.798083	0.658279	-0.001072
45188.000000	0.499938	0.510819	0.798083	0.658278	-0.001066
45189.000000	0.499938	0.510817	0.798079	0.658272	-0.001064
45190.000000	0.499938	0.510827	0.798075	0.658266	-0.001065
45191.000000	0.499938	0.510828	0.798074	0.658264	-0.001060
45192.000000	0.499939	0.510827	0.798075	0.658265	-0.001050
45193.000000	0.499942	0.510831	0.798074	0.658263	-0.001053
45194.000000	0.499941	0.510829	0.798075	0.658264	-0.001064
45195.000000	0.499939	0.510822	0.798076	0.658266	-0.001074
45196.000000	0.499934	0.510816	0.798077	0.658266	-0.001086
45197.000000	0.499931	0.510815	0.798075	0.658263	-0.001091
45198.000000	0.499931	0.510811	0.798077	0.658266	-0.001085
45199.000000	0.499931	0.510808	0.798079	0.658271	-0.001074
45200.000000	0.499927	0.510802	0.798077	0.658266	-0.001074
45201.000000	0.499923	0.510796	0.798080	0.658272	-0.001085
45202.000000	0.499921	0.510798	0.798084	0.658280	-0.001094
45203.000000	0.499920	0.510798	0.798081	0.658275	-0.001093
45204.000000	0.499918	0.510798	0.798079	0.658271	-0.001086
45205.000000	0.499917	0.510805	0.798081	0.658275	-0.001074
45206.000000	0.499919	0.510814	0.798079	0.658271	-0.001071
45207.000000	0.499915	0.510814	0.798077	0.658267	-0.001079
45208.000000	0.499913	0.510819	0.798075	0.658265	-0.001085
45209.000000	0.499915	0.510815	0.798076	0.658265	-0.001095
45210.000000	0.499919	0.510814	0.798073	0.658261	-0.001100
45211.000000	0.499920	0.510819	0.798072	0.658258	-0.001099
45212.000000	0.499917	0.510814	0.798074	0.658263	-0.001094
45213.000000	0.499913	0.510813	0.798076	0.658265	-0.001085
45214.000000	0.499908	0.510809	0.798076	0.658265	-0.001075
45215.000000	0.499901	0.510800	0.798074	0.658261	-0.001071
45216.000000	0.499897	0.510791	0.798073	0.658259	-0.001078
45217.000000	0.499897	0.510787	0.798072	0.658257	-0.001084
45218.000000	0.499897	0.510783	0.798072	0.658257	-0.001085
45219.000000	0.499894	0.510776	0.798070	0.658254	-0.001085
45220.000000	0.499892	0.510782	0.798068	0.658250	-0.001082
45221.000000	0.499892	0.510782	0.798068	0.658249	-0.001077
45222.000000	0.499891	0.510792	0.798071	0.658254	-0.001067
45223.000000	0.499887	0.510787	0.798073	0.658257	-0.001060
45224.000000	0.499886	0.510782	0.798071	0.658254	-0.001063
45225.000000	0.499885	0.510785	0.798069	0.658251	-0.001070
45226.000000	0.499884	0.510782	0.798069	0.658250	-0.001072
45227.000000	0.499889	0.510787	0.798071	0.658254	-0.001060
45228.000000	0.499891	0.510788	0.798072	0.658254	-0.001047
45229.000000	0.499896	0.510797	0.798069	0.658250	-0.001043
45230.000000	0.499899	0.510806	0.798067	0.658247	-0.001052
45231.000000	0.499900	0.510810	0.798064	0.658242	-0.001056
45232.000000	0.499904	0.510815	0.798068	0.658249	-0.001061
45233.000000	0.499904	0.510810	0.798067	0.658247	-0.001067
45234.000000	0.499902	0.510807	0.798070	0.658250	-0.001081
45235.000000	0.499901	0.510798	0.798070	0.658251	-0.001092
45236.000000	0.499900	0.510793	0.798069	0.658249	-0.001094
45237.000000	0.499898	0.510796	0.798070	0.658251	-0.001089
45238.000000	0.499897	0.510798	0.798073	0.658255	-0.001089
45239.000000	0.499897	0.510790	0.798071	0.658251	-0.001092
45240.000000	0.499901	0.510792	0.798067	0.658246	-0.001093
45241.000000	0.499898	0.510786	0.798065	0.658243	-0.001091
45242.000000	0.499895	0.510783	0.798062	0.658237	-0.001088
45243.000000	0.499892	0.510779	0.798058	0.658231	-0.001087
45244.000000	0.499890	0.510774	0.798052	0.658223	-0.001088
45245.000000	0.499893	0.510771	0.798050	0.658219	-0.001088
45246.000000	0.499903	0.510781	0.798048	0.658216	-0.001087
45247.000000	0.499908	0.510789	0.798043	0.658209	-0.001084
45248.000000	0.499905	0.510791	0.798042	0.658207	-0.001086
45249.000000	0.499899	0.510786	0.798041	0.658205	-0.001087
45250.000000	0.499893	0.510782	0.798041	0.658205	-0.001083
45251.000000	0.499893	0.510776	0.798038	0.658199	-0.001080
45252.000000	0.499889	0.510770	0.798034	0.658193	-0.001084
45253.000000	0.499886	0.510766	0.798030	0.658187	-0.001086
45254.000000	0.499884	0.510762	0.798029	0.658186	-0.001085
45255.000000	0.499885	0.510768	0.798034	0.658195	-0.001078
45256.000000	0.499887	0.510766	0.798037	0.658199	-0.001066
45257.000000	0.499883	0.510766	0.798037	0.658199	-0.001062
45258.000000	0.499884	0.510767	0.798037	0.658198	-0.001070
45259.000000	0.499886	0.510761	0.798032	0.658191	-0.001070
45260.000000	0.499887	0.510759	0.798034	0.658194	-0.001063
45261.000000	0.499883	0.510756	0.798035	0.658194	-0.001054
45262.000000	0.499881	0.510759	0.798035	0.658194	-0.001044
45263.000000	0.499881	0.510761	0.798039	0.658201	-0.001030
45264.000000	0.499884	0.510772	0.798036	0.658196	-0.001030
45265.000000	0.499885	0.510783	0.798031	0.658189	-0.001030
45266.000000	0.499887	0.510792	0.798027	0.658183	-0.001025
45267.000000	0.499889	0.510797	0.798026	0.658182	-0.001021
45268.000000	0.499888	0.510794	0.798029	0.658186	-0.001019
45269.000000	0.499886	0.510792	0.798031	0.658189	-0.001024
45270.000000	0.499884	0.510790	0.798033	0.658191	-0.001038
45271.000000	0.499881	0.510792	0.798033	0.658191	-0.001050
45272.000000	0.499882	0.510793	0.798028	0.658185	-0.001051
45273.000000	0.499882	0.510802	0.798028	0.658183	-0.001045
45274.000000	0.499887	0.510812	0.798029	0.658184	-0.001037
45275.000000	0.499888	0.510816	0.798029	0.658185	-0.001030
45276.000000	0.499885	0.510810	0.798033	0.658191	-0.001019
45277.000000	0.499888	0.510807	0.798032	0.658190	-0.001015
45278.000000	0.499891	0.510807	0.798034	0.658193	-0.001029
45279.000000	0.499898	0.510805	0.798034	0.658192	-0.001032
45280.000000	0.499897	0.510802	0.798038	0.658198	-0.001018
45281.000000	0.499895	0.510797	0.798040	0.658202	-0.001006
45282.000000	0.499898	0.510794	0.798041	0.658203	-0.001009
45283.000000	0.499901	0.510791	0.798042	0.658204	-0.001017
45284.000000	0.499900	0.510793	0.798042	0.658204	-0.001022
45285.000000	0.499901	0.510793	0.798042	0.658203	-0.001024
45286.000000	0.499905	0.510792	0.798039	0.658199	-0.001023
45287.000000	0.499911	0.510797	0.798044	0.658207	-0.001025
45288.000000	0.499909	0.510791	0.798047	0.658212	-0.001025
45289.000000	0.499906	0.510786	0.798052	0.658220	-0.001017
45290.000000	0.499903	0.510787	0.798056	0.658228	-0.001008
45291.000000	0.499903	0.510782	0.798056	0.658227	-0.000997
45292.000000	0.499904	0.510787	0.798055	0.658226	-0.000991
45293.000000	0.499902	0.510790	0.798059	0.658232	-0.000995
45294.000000	0.499901	0.510791	0.798063	0.658238	-0.001007
45295.000000	0.499899	0.510788	0.798060	0.658234	-0.001011
45296.000000	0.499898	0.510783	0.798060	0.658232	-0.001006
45297.000000	0.499894	0.510784	0.798060	0.658233	-0.000995
45298.000000	0.499894	0.510793	0.798065	0.658241	-0.000980
45299.000000	0.499891	0.510787	0.798067	0.658245	-0.000969
45300.000000	0.499890	0.510785	0.798064	0.658240	-0.000967
45301.000000	0.499894	0.510791	0.798061	0.658235	-0.000967
45302.000000	0.499901	0.510797	0.798063	0.658239	-0.000971
45303.000000	0.499905	0.510796	0.798066	0.658244	-0.000970
45304.000000	0.499903	0.510794	0.798064	0.658240	-0.000973
45305.000000	0.499901	0.510790	0.798060	0.658235	-0.000973
45306.000000	0.499902	0.510785	0.798061	0.658235	-0.000966
45307.000000	0.499900	0.510780	0.798064	0.658240	-0.000957
45308.000000	0.499899	0.510773	0.798061	0.658235	-0.000958
45309.000000	0.499898	0.510768	0.798064	0.658240	-0.000970
45310.000000	0.499901	0.510761	0.798065	0.658242	-0.000983
45311.000000	0.499900	0.510755	0.798066	0.658243	-0.000983
45312.000000	0.499901	0.510758	0.798069	0.658248	-0.000979
45313.000000	0.499905	0.510772	0.798070	0.658248	-0.000981
45314.000000	0.499908	0.510770	0.798066	0.658242	-0.000982
45315.000000	0.499912	0.510768	0.798063	0.658238	-0.000980
45316.000000	0.499913	0.510773	0.798059	0.658232	-0.000978
45317.000000	0.499919	0.510791	0.798055	0.658226	-0.000975
45318.000000	0.499929	0.510802	0.798053	0.658222	-0.000972
45319.000000	0.499936	0.510804	0.798050	0.658217	-0.000974
45320.000000	0.499938	0.510805	0.798047	0.658213	-0.000984
45321.000000	0.499939	0.510808	0.798043	0.658207	-0.000983
45322.000000	0.499943	0.510820	0.798040	0.658202	-0.000976
45323.000000	0.499948	0.510822	0.798039	0.658200	-0.000971
45324.000000	0.499948	0.510821	0.798042	0.658205	-0.000973
45325.000000	0.499947	0.510820	0.798044	0.658207	-0.000970
45326.000000	0.499944	0.510823	0.798048	0.658215	-0.000958
45327.000000	0.499944	0.510830	0.798050	0.658217	-0.000947
45328.000000	0.499943	0.510832	0.798053	0.658222	-0.000937
45329.000000	0.499943	0.510829	0.798054	0.658224	-0.000926
45330.000000	0.499953	0.510834	0.798052	0.658220	-0.000925
45331.000000	0.499954	0.510834	0.798053	0.658223	-0.000916
45332.000000	0.499950	0.510830	0.798057	0.658228	-0.000900
45333.000000	0.499951	0.510827	0.798062	0.658238	-0.000884
45334.000000	0.499951	0.510824	0.798068	0.658249	-0.000882
45335.000000	0.499953	0.510832	0.798075	0.658262	-0.000886
45336.000000	0.499954	0.510836	0.798079	0.658268	-0.000899
45337.000000	0.499955	0.510836	0.798080	0.658270	-0.000910
45338.000000	0.499953	0.510835	0.798083	0.658275	-0.000916
45339.000000	0.499949	0.510836	0.798090	0.658286	-0.000916
45340.000000	0.499950	0.510840	0.798095	0.658296	-0.000913
45341.000000	0.499952	0.510842	0.798092	0.658291	-0.000912
45342.000000	0.499953	0.510851	0.798090	0.658287	-0.000913
45343.000000	0.499952	0.510856	0.798088	0.658284	-0.000909
45344.000000	0.499948	0.510852	0.798083	0.658277	-0.000905
45345.000000	0.499949	0.510855	0.798078	0.658270	-0.000909
45346.000000	0.499947	0.510851	0.798076	0.658266	-0.000908
45347.000000	0.499950	0.510851	0.798081	0.658275	-0.000911
45348.000000	0.499948	0.510849	0.798081	0.658275	-0.000918
45349.000000	0.499945	0.510854	0.798080	0.658273	-0.000927
45350.000000	0.499947	0.510860	0.798079	0.658271	-0.000932
45351.000000	0.499948	0.510870	0.798074	0.658263	-0.000931
45352.000000	0.499952	0.510874	0.798070	0.658258	-0.000926
45353.000000	0.499954	0.510870	0.798066	0.658251	-0.000921
45354.000000	0.499950	0.510865	0.798066	0.658251	-0.000920
45355.000000	0.499944	0.510857	0.798063	0.658247	-0.000926
45356.000000	0.499941	0.510850	0.798063	0.658246	-0.000935
45357.000000	0.499940	0.510845	0.798059	0.658240	-0.000943
45358.000000	0.499941	0.510849	0.798057	0.658237	-0.000948
45359.000000	0.499944	0.510849	0.798060	0.658241	-0.000939
45360.000000	0.499950	0.510845	0.798059	0.658239	-0.000928
45361.000000	0.499951	0.510841	0.798054	0.658232	-0.000927
45362.000000	0.499952	0.510844	0.798052	0.658229	-0.000921
45363.000000	0.499967	0.510855	0.798053	0.658230	-0.000924
45364.000000	0.499969	0.510855	0.798052	0.658228	-0.000924
45365.000000	0.499968	0.510859	0.798052	0.658227	-0.000925
45366.000000	0.499965	0.510865	0.798047	0.658221	-0.000922
45367.000000	0.499965	0.510867	0.798046	0.658218	-0.000923
45368.000000	0.499963	0.510864	0.798045	0.658217	-0.000924
45369.000000	0.499963	0.510867	0.798049	0.658223	-0.000915
45370.000000	0.499962	0.510874	0.798053	0.658231	-0.000902
45371.000000	0.499966	0.510875	0.798053	0.658229	-0.000902
45372.000000	0.499966	0.510882	0.798056	0.658235	-0.000913
45373.000000	0.499965	0.510881	0.798062	0.658246	-0.000923
45374.000000	0.499966	0.510876	0.798062	0.658245	-0.000924
45375.000000	0.499961	0.510870	0.798065	0.658250	-0.000912
45376.000000	0.499960	0.510870	0.798066	0.658251	-0.000901
45377.000000	0.499966	0.510870	0.798062	0.658245	-0.000902
45378.000000	0.499972	0.510876	0.798060	0.658242	-0.000897
45379.000000	0.499972	0.510883	0.798061	0.658243	-0.000886
45380.000000	0.499972	0.510884	0.798062	0.658244	-0.000890
45381.000000	0.499970	0.510876	0.798064	0.658248	-0.000900
45382.000000	0.499968	0.510867	0.798065	0.658249	-0.000900
45383.000000	0.499969	0.510864	0.798064	0.658247	-0.000896
45384.000000	0.499969	0.510861	0.798060	0.658241	-0.000900
45385.000000	0.499965	0.510857	0.798062	0.658244	-0.000912
45386.000000	0.499963	0.510852	0.798062	0.658243	-0.000923
45387.000000	0.499962	0.510851	0.798067	0.658252	-0.000930
45388.000000	0.499961	0.510852	0.798068	0.658254	-0.000927
45389.000000	0.499962	0.510850	0.798066	0.658251	-0.000926
45390.000000	0.499968	0.510849	0.798065	0.658248	-0.000926
45391.000000	0.499968	0.510845	0.798070	0.658256	-0.000920
45392.000000	0.499965	0.510844	0.798068	0.658253	-0.000917
45393.000000	0.499962	0.510839	0.798063	0.658246	-0.000919
45394.000000	0.499961	0.510834	0.798061	0.658243	-0.000926
45395.000000	0.499957	0.510828	0.798067	0.658254	-0.000944
45396.000000	0.499962	0.510831	0.798068	0.658255	-0.000954
45397.000000	0.499964	0.510832	0.798069	0.658256	-0.000956
45398.000000	0.499966	0.510833	0.798067	0.658253	-0.000953
45399.000000	0.499964	0.510830	0.798070	0.658258	-0.000948
45400.000000	0.499960	0.510829	0.798071	0.658259	-0.000944
45401.000000	0.499959	0.510832	0.798074	0.658263	-0.000950
45402.000000	0.499957	0.510836	0.798081	0.658277	-0.000957
45403.000000	0.499956	0.510839	0.798086	0.658284	-0.000965
45404.000000	0.499958	0.510839	0.798092	0.658297	-0.000979
45405.000000	0.499957	0.510838	0.798095	0.658302	-0.000980
45406.000000	0.499956	0.510833	0.798093	0.658298	-0.000979
45407.000000	0.499956	0.510840	0.798091	0.658294	-0.000978
45408.000000	0.499961	0.510850	0.798090	0.658292	-0.000980
45409.000000	0.499964	0.510853	0.798089	0.658290	-0.000972
45410.000000	0.499961	0.510853	0.798087	0.658288	-0.000962
45411.000000	0.499959	0.510854	0.798092	0.658295	-0.000944
45412.000000	0.499959	0.510854	0.798093	0.658298	-0.000931
45413.000000	0.499959	0.510849	0.798093	0.658296	-0.000926
45414.000000	0.499959	0.510846	0.798094	0.658299	-0.000925
45415.000000	0.499962	0.510847	0.798091	0.658294	-0.000923
45416.000000	0.499967	0.510855	0.798091	0.658293	-0.000928
45417.000000	0.499977	0.510850	0.798094	0.658298	-0.000933
45418.000000	0.499986	0.510849	0.798095	0.658300	-0.000933
45419.000000	0.499992	0.510845	0.798093	0.658296	-0.000930
45420.000000	0.499995	0.510847	0.798098	0.658303	-0.000937
45421.000000	0.499993	0.510847	0.798099	0.658305	-0.000939
45422.000000	0.499990	0.510846	0.798100	0.658307	-0.000936
45423.000000	0.499991	0.510859	0.798104	0.658313	-0.000928
45424.000000	0.499993	0.510874	0.798102	0.658310	-0.000928
45425.000000	0.499993	0.510878	0.798101	0.658308	-0.000932
45426.000000	0.499990	0.510875	0.798104	0.658313	-0.000926
45427.000000	0.499989	0.510875	0.798105	0.658314	-0.000917
45428.000000	0.499988	0.510876	0.798105	0.658313	-0.000911
45429.000000	0.499987	0.510881	0.798099	0.658305	-0.000908
45430.000000	0.499990	0.510888	0.798097	0.658302	-0.000902
45431.000000	0.499991	0.510894	0.798095	0.658298	-0.000907
45432.000000	0.499993	0.510906	0.798090	0.658291	-0.000906
45433.000000	0.499992	0.510904	0.798085	0.658284	-0.000903
45434.000000	0.499990	0.510900	0.798082	0.658279	-0.000907
45435.000000	0.499991	0.510898	0.798083	0.658280	-0.000915
45436.000000	0.499994	0.510895	0.798084	0.658281	-0.000924
45437.000000	0.499995	0.510893	0.798085	0.658283	-0.000930
45438.000000	0.499998	0.510900	0.798090	0.658292	-0.000938
45439.000000	0.500000	0.510910	0.798095	0.658301	-0.000936
45440.000000	0.500006	0.510920	0.798093	0.658299	-0.000933
45441.000000	0.500007	0.510922	0.798089	0.658292	-0.000935
45442.000000	0.500007	0.510919	0.798087	0.658288	-0.000943
45443.000000	0.500003	0.510918	0.798090	0.658293	-0.000953
45444.000000	0.500006	0.510921	0.798096	0.658305	-0.000947
45445.000000	0.500008	0.510917	0.798097	0.658306	-0.000934
45446.000000	0.500007	0.510914	0.798097	0.658306	-0.000928
45447.000000	0.500005	0.510912	0.798097	0.658305	-0.000921
45448.000000	0.500008	0.510938	0.798094	0.658300	-0.000918
45449.000000	0.500008	0.510950	0.798091	0.658296	-0.000912
45450.000000	0.500007	0.510960	0.798092	0.658298	-0.000902
45451.000000	0.500006	0.510966	0.798092	0.658297	-0.000903
45452.000000	0.500005	0.510973	0.798093	0.658298	-0.000908
45453.000000	0.500007	0.510972	0.798091	0.658296	-0.000917
45454.000000	0.500012	0.510984	0.798090	0.658293	-0.000915
45455.000000	0.500014	0.510991	0.798092	0.658297	-0.000909
45456.000000	0.500014	0.510993	0.798094	0.658300	-0.000909
45457.000000	0.500017	0.510993	0.798094	0.658299	-0.000916
45458.000000	0.500019	0.510988	0.798093	0.658298	-0.000920
45459.000000	0.500019	0.510987	0.798094	0.658298	-0.000921
45460.000000	0.500021	0.510985	0.798095	0.658299	-0.000913
45461.000000	0.500019	0.510982	0.798094	0.658297	-0.000906
45462.000000	0.500021	0.510980	0.798095	0.658299	-0.000893
45463.000000	0.500021	0.510977	0.798092	0.658294	-0.000885
45464.000000	0.500023	0.510978	0.798088	0.658289	-0.000880
45465.000000	0.500027	0.510993	0.798086	0.658285	-0.000873
45466.000000	0.500025	0.510990	0.798085	0.658283	-0.000874
45467.000000	0.500022	0.510990	0.798084	0.658281	-0.000885
45468.000000	0.500019	0.510986	0.798080	0.658275	-0.000893
45469.000000	0.500019	0.510981	0.798084	0.658282	-0.000881
45470.000000	0.500022	0.510978	0.798085	0.658284	-0.000871
45471.000000	0.500023	0.510974	0.798082	0.658278	-0.000871
45472.000000	0.500020	0.510970	0.798076	0.658271	-0.000868
45473.000000	0.500020	0.510969	0.798077	0.658272	-0.000870
45474.000000	0.500024	0.510981	0.798082	0.658280	-0.000871
45475.000000	0.500022	0.510987	0.798082	0.658280	-0.000867
45476.000000	0.500019	0.510990	0.798080	0.658277	-0.000860
45477.000000	0.500019	0.510991	0.798082	0.658280	-0.000848
45478.000000	0.500016	0.510992	0.798081	0.658278	-0.000845
45479.000000	0.500015	0.510988	0.798079	0.658275	-0.000845
45480.000000	0.500013	0.510980	0.798079	0.658273	-0.000838
45481.000000	0.500015	0.510975	0.798084	0.658282	-0.000820
45482.000000	0.500013	0.510970	0.798086	0.658286	-0.000805
45483.000000	0.500010	0.510975	0.798090	0.658292	-0.000792
45484.000000	0.500009	0.510976	0.798091	0.658293	-0.000784
45485.000000	0.500011	0.510982	0.798087	0.658287	-0.000778
45486.000000	0.500010	0.510989	0.798086	0.658285	-0.000773
45487.000000	0.500008	0.510986	0.798082	0.658279	-0.000769
45488.000000	0.500014	0.510993	0.798080	0.658276	-0.000764
45489.000000	0.500015	0.511001	0.798080	0.658275	-0.000756
45490.000000	0.500016	0.511012	0.798083	0.658281	-0.000745
45491.000000	0.500012	0.511013	0.798083	0.658280	-0.000739
45492.000000	0.500011	0.511012	0.798087	0.658287	-0.000731
45493.000000	0.500008	0.511007	0.798092	0.658295	-0.000733
45494.000000	0.500009	0.511003	0.798090	0.658292	-0.000739
45495.000000	0.500011	0.511000	0.798090	0.658291	-0.000749
45496.000000	0.500008	0.510992	0.798086	0.658285	-0.000757
45497.000000	0.500012	0.510997	0.798089	0.658291	-0.000763
45498.000000	0.500017	0.510993	0.798089	0.658291	-0.000766
45499.000000	0.500014	0.510991	0.798086	0.658286	-0.000770
45500.000000	0.500018	0.511002	0.798082	0.658280	-0.000778
45501.000000	0.500016	0.510998	0.798080	0.658276	-0.000778
45502.000000	0.500015	0.510993	0.798077	0.658272	-0.000777
45503.000000	0.500017	0.510987	0.798078	0.658273	-0.000787
45504.000000	0.500019	0.510981	0.798082	0.658280	-0.000802
45505.000000	0.500015	0.510976	0.798083	0.658280	-0.000812
45506.000000	0.500012	0.510973	0.798085	0.658284	-0.000821
45507.000000	0.500014	0.510982	0.798087	0.658285	-0.000822
45508.000000	0.500018	0.510988	0.798088	0.658287	-0.000825
45509.000000	0.500017	0.510992	0.798094	0.658299	-0.000839
45510.000000	0.500015	0.510983	0.798095	0.658300	-0.000850
45511.000000	0.500015	0.510979	0.798092	0.658295	-0.000858
45512.000000	0.500016	0.510980	0.798092	0.658296	-0.000867
45513.000000	0.500017	0.510979	0.798094	0.658297	-0.000880
45514.000000	0.500023	0.510986	0.798091	0.658294	-0.000881
45515.000000	0.500023	0.510994	0.798092	0.658294	-0.000875
45516.000000	0.500030	0.511009	0.798088	0.658288	-0.000870
45517.000000	0.500039	0.511034	0.798089	0.658290	-0.000875
45518.000000	0.500040	0.511042	0.798091	0.658292	-0.000876
45519.000000	0.500037	0.511047	0.798090	0.658292	-0.000874
45520.000000	0.500034	0.511049	0.798091	0.658293	-0.000878
45521.000000	0.500036	0.511046	0.798093	0.658296	-0.000882
45522.000000	0.500038	0.511047	0.798090	0.658291	-0.000884
45523.000000	0.500039	0.511046	0.798085	0.658284	-0.000883
45524.000000	0.500044	0.511045	0.798086	0.658284	-0.000890
45525.000000	0.500046	0.511050	0.798086	0.658284	-0.000898
45526.000000	0.500045	0.511053	0.798083	0.658280	-0.000896
45527.000000	0.500047	0.511054	0.798079	0.658274	-0.000892
45528.000000	0.500045	0.511048	0.798078	0.658272	-0.000888
45529.000000	0.500041	0.511050	0.798077	0.658269	-0.000887
45530.000000	0.500039	0.511057	0.798075	0.658266	-0.000894
45531.000000	0.500038	0.511065	0.798076	0.658267	-0.000900
45532.000000	0.500037	0.511067	0.798079	0.658272	-0.000899
45533.000000	0.500037	0.511069	0.798081	0.658276	-0.000885
45534.000000	0.500036	0.511068	0.798083	0.658278	-0.000873
45535.000000	0.500034	0.511065	0.798079	0.658273	-0.000867
45536.000000	0.500035	0.511066	0.798081	0.658275	-0.000860
45537.000000	0.500036	0.511066	0.798083	0.658278	-0.000863
45538.000000	0.500043	0.511067	0.798082	0.658277	-0.000868
45539.000000	0.500051	0.511066	0.798088	0.658287	-0.000868
45540.000000	0.500052	0.511059	0.798084	0.658282	-0.000865
45541.000000	0.500052	0.511063	0.798081	0.658277	-0.000868
45542.000000	0.500057	0.511059	0.798078	0.658272	-0.000875
45543.000000	0.500055	0.511050	0.798078	0.658271	-0.000887
45544.000000	0.500057	0.511051	0.798077	0.658269	-0.000893
45545.000000	0.500058	0.511050	0.798075	0.658266	-0.000892
45546.000000	0.500057	0.511054	0.798075	0.658265	-0.000887
45547.000000	0.500053	0.511050	0.798072	0.658260	-0.000879
45548.000000	0.500051	0.511047	0.798072	0.658260	-0.000867
45549.000000	0.500051	0.511050	0.798077	0.658268	-0.000851
45550.000000	0.500050	0.511051	0.798079	0.658273	-0.000837
45551.000000	0.500053	0.511061	0.798082	0.658277	-0.000839
45552.000000	0.500050	0.511063	0.798086	0.658284	-0.000847
45553.000000	0.500048	0.511061	0.798087	0.658285	-0.000851
45554.000000	0.500048	0.511064	0.798083	0.658280	-0.000856
45555.000000	0.500050	0.511066	0.798085	0.658282	-0.000860
45556.000000	0.500047	0.511064	0.798082	0.658277	-0.000862
45557.000000	0.500041	0.511059	0.798077	0.658271	-0.000863
45558.000000	0.500038	0.511055	0.798073	0.658264	-0.000862
45559.000000	0.500048	0.511055	0.798071	0.658261	-0.000856
45560.000000	0.500048	0.511056	0.798074	0.658267	-0.000845
45561.000000	0.500044	0.511048	0.798073	0.658265	-0.000837
45562.000000	0.500044	0.511042	0.798072	0.658263	-0.000842
45563.000000	0.500045	0.511038	0.798075	0.658268	-0.000858
45564.000000	0.500040	0.511032	0.798076	0.658268	-0.000861
45565.000000	0.500037	0.511026	0.798075	0.658268	-0.000860
45566.000000	0.500037	0.511022	0.798072	0.658262	-0.000859
45567.000000	0.500036	0.511019	0.798069	0.658257	-0.000853
45568.000000	0.500034	0.511015	0.798070	0.658258	-0.000842
45569.000000	0.500036	0.511014	0.798075	0.658268	-0.000828
45570.000000	0.500041	0.511012	0.798077	0.658271	-0.000837
45571.000000	0.500042	0.511009	0.798082	0.658279	-0.000854
45572.000000	0.500042	0.511005	0.798088	0.658290	-0.000866
45573.000000	0.500040	0.510998	0.798089	0.658292	-0.000868
45574.000000	0.500037	0.510993	0.798089	0.658291	-0.000863
45575.000000	0.500039	0.510989	0.798083	0.658283	-0.000866
45576.000000	0.500042	0.510984	0.798079	0.658277	-0.000860
45577.000000	0.500040	0.510982	0.798078	0.658274	-0.000853
45578.000000	0.500037	0.510984	0.798077	0.658272	-0.000846
45579.000000	0.500036	0.510985	0.798078	0.658274	-0.000835
45580.000000	0.500031	0.510981	0.798081	0.658280	-0.000819
45581.000000	0.500033	0.510980	0.798082	0.658280	-0.000812
45582.000000	0.500033	0.510978	0.798080	0.658277	-0.000813
45583.000000	0.500030	0.510975	0.798081	0.658278	-0.000822
45584.000000	0.500026	0.510975	0.798086	0.658286	-0.000841
45585.000000	0.500022	0.510973	0.798092	0.658299	-0.000862
45586.000000	0.500024	0.510976	0.798095	0.658303	-0.000876
45587.000000	0.500025	0.510975	0.798093	0.658300	-0.000884
45588.000000	0.500026	0.510976	0.798096	0.658304	-0.000899
45589.000000	0.500024	0.510978	0.798095	0.658303	-0.000908
45590.000000	0.500022	0.510985	0.798096	0.658303	-0.000905
45591.000000	0.500021	0.510985	0.798101	0.658313	-0.000906
45592.000000	0.500026	0.510987	0.798102	0.658314	-0.000908
45593.000000	0.500026	0.510992	0.798101	0.658312	-0.000905
45594.000000	0.500025	0.510992	0.798101	0.658311	-0.000896
45595.000000	0.500023	0.511001	0.798100	0.658309	-0.000892
45596.000000	0.500025	0.511008	0.798098	0.658306	-0.000892
45597.000000	0.500023	0.511018	0.798097	0.658304	-0.000893
45598.000000	0.500022	0.511018	0.798094	0.658300	-0.000892
45599.000000	0.500017	0.511012	0.798094	0.658298	-0.000887
45600.000000	0.500018	0.511008	0.798095	0.658301	-0.000881
45601.000000	0.500024	0.511007	0.798095	0.658300	-0.000875
45602.000000	0.500028	0.511009	0.798098	0.658305	-0.000878
45603.000000	0.500028	0.511011	0.798105	0.658317	-0.000885
45604.000000	0.500034	0.511010	0.798109	0.658324	-0.000887
45605.000000	0.500035	0.511014	0.798107	0.658322	-0.000879
45606.000000	0.500031	0.511010	0.798110	0.658326	-0.000871
45607.000000	0.500031	0.511005	0.798108	0.658322	-0.000864
45608.000000	0.500034	0.511011	0.798109	0.658323	-0.000858
45609.000000	0.500036	0.511012	0.798112	0.658328	-0.000856
45610.000000	0.500036	0.511022	0.798112	0.658328	-0.000859
45611.000000	0.500037	0.511034	0.798109	0.658324	-0.000865
45612.000000	0.500037	0.511039	0.798113	0.658330	-0.000874
45613.000000	0.500036	0.511034	0.798115	0.658334	-0.000880
45614.000000	0.500043	0.511033	0.798118	0.658337	-0.000871
45615.000000	0.500041	0.511031	0.798120	0.658341	-0.000858
45616.000000	0.500040	0.511026	0.798120	0.658341	-0.000860
45617.000000	0.500038	0.511026	0.798119	0.658338	-0.000862
45618.000000	0.500040	0.511028	0.798117	0.658336	-0.000854
45619.000000	0.500039	0.511033	0.798116	0.658333	-0.000852
45620.000000	0.500041	0.511043	0.798119	0.658338	-0.000848
45621.000000	0.500048	0.511055	0.798121	0.658341	-0.000836
45622.000000	0.500052	0.511067	0.798126	0.658350	-0.000821
45623.000000	0.500052	0.511064	0.798122	0.658344	-0.000818
45624.000000	0.500049	0.511057	0.798120	0.658340	-0.000824
45625.000000	0.500044	0.511056	0.798118	0.658337	-0.000829
45626.000000	0.500046	0.511056	0.798116	0.658333	-0.000832
45627.000000	0.500043	0.511051	0.798110	0.658325	-0.000827
45628.000000	0.500037	0.511044	0.798107	0.658320	-0.000824
45629.000000	0.500039	0.511044	0.798109	0.658323	-0.000833
45630.000000	0.500038	0.511043	0.798109	0.658324	-0.000842
45631.000000	0.500042	0.511036	0.798106	0.658319	-0.000846
45632.000000	0.500043	0.511034	0.798107	0.658319	-0.000838
45633.000000	0.500043	0.511035	0.798108	0.658321	-0.000833
45634.000000	0.500047	0.511039	0.798106	0.658318	-0.000832
45635.000000	0.500044	0.511035	0.798104	0.658314	-0.000833
45636.000000	0.500042	0.511035	0.798102	0.658312	-0.000838
45637.000000	0.500039	0.511033	0.798103	0.658312	-0.000842
45638.000000	0.500041	0.511031	0.798108	0.658322	-0.000855
45639.000000	0.500039	0.511028	0.798108	0.658321	-0.000865
45640.000000	0.500038	0.511020	0.798107	0.658319	-0.000859
45641.000000	0.500039	0.511013	0.798107	0.658319	-0.000847
45642.000000	0.500041	0.511015	0.798108	0.658321	-0.000839
45643.000000	0.500044	0.511011	0.798112	0.658326	-0.000839
45644.000000	0.500049	0.511014	0.798115	0.658332	-0.000851
45645.000000	0.500057	0.511032	0.798119	0.658338	-0.000864
45646.000000	0.500060	0.511033	0.798124	0.658347	-0.000875
45647.000000	0.500059	0.511029	0.798122	0.658345	-0.000874
45648.000000	0.500063	0.511032	0.798126	0.658351	-0.000872
45649.000000	0.500067	0.511036	0.798129	0.658357	-0.000878
45650.000000	0.500068	0.511043	0.798135	0.658368	-0.000888
45651.000000	0.500073	0.511043	0.798138	0.658372	-0.000891
45652.000000	0.500071	0.511036	0.798139	0.658373	-0.000885
45653.000000	0.500072	0.511033	0.798139	0.658373	-0.000875
45654.000000	0.500070	0.511035	0.798135	0.658367	-0.000872
45655.000000	0.500068	0.511031	0.798131	0.658360	-0.000870
45656.000000	0.500066	0.511031	0.798129	0.658357	-0.000879
45657.000000	0.500066	0.511034	0.798131	0.658360	-0.000892
45658.000000	0.500069	0.511041	0.798133	0.658363	-0.000898
45659.000000	0.500069	0.511038	0.798134	0.658364	-0.000895
45660.000000	0.500067	0.511039	0.798139	0.658373	-0.000885
45661.000000	0.500070	0.511043	0.798138	0.658371	-0.000886
45662.000000	0.500069	0.511039	0.798137	0.658369	-0.000892
45663.000000	0.500067	0.511040	0.798138	0.658371	-0.000895
45664.000000	0.500065	0.511041	0.798135	0.658366	-0.000895
45665.000000	0.500066	0.511042	0.798136	0.658367	-0.000890
45666.000000	0.500073	0.511046	0.798139	0.658372	-0.000884
45667.000000	0.500079	0.511053	0.798142	0.658377	-0.000882
45668.000000	0.500083	0.511056	0.798139	0.658372	-0.000882
45669.000000	0.500087	0.511049	0.798137	0.658370	-0.000879
45670.000000	0.500086	0.511045	0.798139	0.658373	-0.000875
45671.000000	0.500084	0.511040	0.798143	0.658378	-0.000870
45672.000000	0.500084	0.511041	0.798145	0.658381	-0.000872
45673.000000	0.500085	0.511046	0.798148	0.658386	-0.000887
45674.000000	0.500089	0.511054	0.798152	0.658394	-0.000901
45675.000000	0.500084	0.511052	0.798152	0.658392	-0.000901
45676.000000	0.500082	0.511051	0.798149	0.658388	-0.000903
45677.000000	0.500077	0.511050	0.798143	0.658380	-0.000903
45678.000000	0.500073	0.511047	0.798137	0.658371	-0.000901
45679.000000	0.500073	0.511043	0.798133	0.658365	-0.000900
45680.000000	0.500074	0.511041	0.798134	0.658367	-0.000913
45681.000000	0.500077	0.511036	0.798135	0.658368	-0.000922
45682.000000	0.500079	0.511031	0.798132	0.658364	-0.000919
45683.000000	0.500084	0.511031	0.798133	0.658366	-0.000909
45684.000000	0.500082	0.511030	0.798128	0.658358	-0.000907
45685.000000	0.500081	0.511028	0.798131	0.658362	-0.000913
45686.000000	0.500080	0.511023	0.798137	0.658374	-0.000907
45687.000000	0.500078	0.511016	0.798140	0.658379	-0.000893
45688.000000	0.500080	0.511025	0.798143	0.658383	-0.000883
45689.000000	0.500094	0.511043	0.798146	0.658391	-0.000883
45690.000000	0.500099	0.511040	0.798142	0.658384	-0.000883
45691.000000	0.500096	0.511037	0.798145	0.658390	-0.000873
45692.000000	0.500096	0.511036	0.798149	0.658397	-0.000861
45693.000000	0.500098	0.511034	0.798150	0.658398	-0.000855
45694.000000	0.500096	0.511031	0.798153	0.658403	-0.000847
45695.000000	0.500093	0.511029	0.798151	0.658399	-0.000840
45696.000000	0.500095	0.511034	0.798147	0.658394	-0.000841
45697.000000	0.500095	0.511031	0.798148	0.658395	-0.000847
45698.000000	0.500093	0.511031	0.798152	0.658401	-0.000851
45699.000000	0.500093	0.511025	0.798154	0.658405	-0.000845
45700.000000	0.500092	0.511030	0.798156	0.658407	-0.000832
45701.000000	0.500093	0.511029	0.798157	0.658409	-0.000820
45702.000000	0.500095	0.511026	0.798159	0.658411	-0.000818
45703.000000	0.500099	0.511031	0.798163	0.658419	-0.000816
45704.000000	0.500117	0.511042	0.798164	0.658420	-0.000818
45705.000000	0.500126	0.511051	0.798165	0.658422	-0.000808
45706.000000	0.500128	0.511059	0.798168	0.658427	-0.000804
45707.000000	0.500128	0.511059	0.798172	0.658434	-0.000807
45708.000000	0.500126	0.511055	0.798175	0.658438	-0.000810
45709.000000	0.500123	0.511055	0.798174	0.658436	-0.000806
45710.000000	0.500121	0.511056	0.798172	0.658433	-0.000808
45711.000000	0.500120	0.511051	0.798173	0.658434	-0.000815
45712.000000	0.500123	0.511049	0.798178	0.658443	-0.000826
45713.000000	0.500122	0.511049	0.798174	0.658437	-0.000828
45714.000000	0.500118	0.511046	0.798171	0.658432	-0.000823
45715.000000	0.500116	0.511044	0.798167	0.658426	-0.000818
45716.000000	0.500117	0.511045	0.798164	0.658421	-0.000815
45717.000000	0.500118	0.511049	0.798163	0.658419	-0.000808
45718.000000	0.500117	0.511045	0.798161	0.658416	-0.000799
45719.000000	0.500121	0.511042	0.798162	0.658417	-0.000797
45720.000000	0.500119	0.511036	0.798162	0.658417	-0.000802
45721.000000	0.500120	0.511034	0.798165	0.658421	-0.000804
45722.000000	0.500116	0.511028	0.798168	0.658426	-0.000805
45723.000000	0.500112	0.511023	0.798173	0.658434	-0.000801
45724.000000	0.500115	0.511020	0.798172	0.658433	-0.000795
45725.000000	0.500114	0.511019	0.798177	0.658442	-0.000785
45726.000000	0.500111	0.511017	0.798179	0.658445	-0.000784
45727.000000	0.500114	0.511016	0.798180	0.658445	-0.000790
45728.000000	0.500116	0.511026	0.798184	0.658452	-0.000789
45729.000000	0.500116	0.511026	0.798183	0.658451	-0.000792
45730.000000	0.500112	0.511021	0.798186	0.658456	-0.000804
45731.000000	0.500107	0.511019	0.798188	0.658458	-0.000816
45732.000000	0.500103	0.511014	0.798188	0.658457	-0.000824
45733.000000	0.500098	0.511011	0.798193	0.658468	-0.000832
45734.000000	0.500096	0.511014	0.798196	0.658473	-0.000840
45735.000000	0.500100	0.511025	0.798197	0.658473	-0.000847
45736.000000	0.500104	0.511029	0.798199	0.658476	-0.000854
45737.000000	0.500100	0.511026	0.798203	0.658482	-0.000864
45738.000000	0.500098	0.511022	0.798208	0.658491	-0.000872
45739.000000	0.500095	0.511018	0.798212	0.658498	-0.000874
45740.000000	0.500093	0.511013	0.798214	0.658501	-0.000881
45741.000000	0.500093	0.511007	0.798213	0.658500	-0.000887
45742.000000	0.500099	0.511005	0.798213	0.658498	-0.000882
45743.000000	0.500102	0.511002	0.798216	0.658505	-0.000877
45744.000000	0.500106	0.511003	0.798216	0.658504	-0.000875
45745.000000	0.500106	0.511006	0.798217	0.658504	-0.000873
45746.000000	0.500108	0.511005	0.798214	0.658500	-0.000871
45747.000000	0.500105	0.511000	0.798213	0.658497	-0.000866
45748.000000	0.500100	0.510996	0.798212	0.658496	-0.000862
45749.000000	0.500094	0.510988	0.798215	0.658501	-0.000861
45750.000000	0.500088	0.510981	0.798219	0.658507	-0.000862
45751.000000	0.500090	0.510974	0.798219	0.658507	-0.000871
45752.000000	0.500089	0.510971	0.798222	0.658512	-0.000883
45753.000000	0.500088	0.510970	0.798220	0.658508	-0.000886
45754.000000	0.500088	0.510980	0.798222	0.658511	-0.000886
45755.000000	0.500090	0.510978	0.798221	0.658511	-0.000890
45756.000000	0.500089	0.510973	0.798219	0.658507	-0.000888
45757.000000	0.500086	0.510969	0.798223	0.658514	-0.000884
45758.000000	0.500082	0.510968	0.798226	0.658518	-0.000876
45759.000000	0.500081	0.510971	0.798228	0.658522	-0.000862
45760.000000	0.500078	0.510971	0.798229	0.658524	-0.000851
45761.000000	0.500078	0.510971	0.798230	0.658524	-0.000843
45762.000000	0.500077	0.510969	0.798227	0.658520	-0.000838
45763.000000	0.500077	0.510968	0.798226	0.658518	-0.000841
45764.000000	0.500077	0.510967	0.798223	0.658513	-0.000846
45765.000000	0.500078	0.510974	0.798220	0.658508	-0.000844
45766.000000	0.500076	0.510979	0.798221	0.658510	-0.000840
45767.000000	0.500082	0.510989	0.798224	0.658513	-0.000830
45768.000000	0.500083	0.510997	0.798224	0.658513	-0.000830
45769.000000	0.500082	0.510990	0.798223	0.658512	-0.000839
45770.000000	0.500079	0.510982	0.798223	0.658512	-0.000850
45771.000000	0.500077	0.510978	0.798223	0.658511	-0.000860
45772.000000	0.500078	0.510979	0.798226	0.658515	-0.000865
45773.000000	0.500077	0.510984	0.798229	0.658521	-0.000859
45774.000000	0.500079	0.510987	0.798227	0.658518	-0.000858
45775.000000	0.500084	0.510996	0.798227	0.658518	-0.000867
45776.000000	0.500086	0.511005	0.798230	0.658523	-0.000879
45777.000000	0.500083	0.511012	0.798233	0.658527	-0.000887
45778.000000	0.500081	0.511012	0.798232	0.658525	-0.000892
45779.000000	0.500082	0.511016	0.798229	0.658520	-0.000893
45780.000000	0.500085	0.511014	0.798227	0.658518	-0.000889
45781.000000	0.500089	0.511012	0.798226	0.658515	-0.000885
45782.000000	0.500088	0.511010	0.798221	0.658508	-0.000885
45783.000000	0.500087	0.511017	0.798221	0.658507	-0.000887
45784.000000	0.500086	0.511017	0.798219	0.658504	-0.000892
45785.000000	0.500085	0.511018	0.798219	0.658505	-0.000896
45786.000000	0.500085	0.511019	0.798223	0.658511	-0.000900
45787.000000	0.500084	0.511021	0.798222	0.658509	-0.000907
45788.000000	0.500079	0.511019	0.798223	0.658511	-0.000919
45789.000000	0.500076	0.511013	0.798224	0.658511	-0.000926
45790.000000	0.500072	0.511011	0.798222	0.658508	-0.000932
45791.000000	0.500070	0.511010	0.798221	0.658507	-0.000936
45792.000000	0.500069	0.511009	0.798218	0.658502	-0.000932
45793.000000	0.500066	0.511008	0.798216	0.658498	-0.000925
45794.000000	0.500070	0.511021	0.798218	0.658501	-0.000921
45795.000000	0.500069	0.511021	0.798214	0.658494	-0.000921
45796.000000	0.500070	0.511019	0.798212	0.658491	-0.000921
45797.000000	0.500066	0.511013	0.798207	0.658485	-0.000917
45798.000000	0.500062	0.511009	0.798208	0.658486	-0.000905
45799.000000	0.500059	0.511005	0.798210	0.658488	-0.000896
45800.000000	0.500060	0.511002	0.798210	0.658488	-0.000895
45801.000000	0.500065	0.510999	0.798205	0.658481	-0.000896
45802.000000	0.500063	0.510992	0.798204	0.658479	-0.000885
45803.000000	0.500067	0.510985	0.798205	0.658480	-0.000873
45804.000000	0.500072	0.510987	0.798205	0.658480	-0.000868
45805.000000	0.500072	0.510986	0.798203	0.658476	-0.000869
45806.000000	0.500072	0.510983	0.798202	0.658474	-0.000877
45807.000000	0.500067	0.510980	0.798206	0.658482	-0.000894
45808.000000	0.500065	0.510975	0.798211	0.658490	-0.000905
45809.000000	0.500063	0.510967	0.798212	0.658492	-0.000906
45810.000000	0.500064	0.510970	0.798208	0.658485	-0.000904
45811.000000	0.500068	0.510978	0.798207	0.658483	-0.000906
45812.000000	0.500070	0.510981	0.798208	0.658486	-0.000906
45813.000000	0.500068	0.510976	0.798206	0.658482	-0.000900
45814.000000	0.500071	0.510970	0.798204	0.658478	-0.000905
45815.000000	0.500068	0.510963	0.798206	0.658482	-0.000916
45816.000000	0.500064	0.510957	0.798208	0.658485	-0.000925
45817.000000	0.500062	0.510955	0.798204	0.658479	-0.000924
45818.000000	0.500064	0.510965	0.798205	0.658479	-0.000920
45819.000000	0.500066	0.510971	0.798201	0.658474	-0.000916
45820.000000	0.500059	0.510965	0.798198	0.658469	-0.000909
45821.000000	0.500057	0.510961	0.798198	0.658469	-0.000898
45822.000000	0.500060	0.510958	0.798200	0.658472	-0.000898
45823.000000	0.500066	0.510957	0.798207	0.658484	-0.000915
45824.000000	0.500065	0.510952	0.798209	0.658488	-0.000922
45825.000000	0.500064	0.510949	0.798214	0.658495	-0.000916
45826.000000	0.500066	0.510963	0.798214	0.658495	-0.000903
45827.000000	0.500067	0.510972	0.798213	0.658494	-0.000895
45828.000000	0.500066	0.510973	0.798215	0.658497	-0.000896
45829.000000	0.500063	0.510970	0.798219	0.658504	-0.000899
45830.000000	0.500060	0.510968	0.798216	0.658499	-0.000903
45831.000000	0.500059	0.510969	0.798212	0.658493	-0.000907
45832.000000	0.500059	0.510976	0.798210	0.658489	-0.000908
45833.000000	0.500058	0.510975	0.798212	0.658492	-0.000905
45834.000000	0.500057	0.510972	0.798215	0.658498	-0.000900
45835.000000	0.500058	0.510973	0.798211	0.658493	-0.000904
45836.000000	0.500061	0.510973	0.798208	0.658487	-0.000910
45837.000000	0.500060	0.510968	0.798205	0.658483	-0.000906
45838.000000	0.500063	0.510973	0.798210	0.658491	-0.000887
45839.000000	0.500064	0.510981	0.798211	0.658493	-0.000874
45840.000000	0.500063	0.510986	0.798211	0.658492	-0.000870
45841.000000	0.500069	0.511004	0.798210	0.658491	-0.000871
45842.000000	0.500074	0.511008	0.798212	0.658493	-0.000875
45843.000000	0.500073	0.511010	0.798214	0.658496	-0.000875
45844.000000	0.500073	0.511008	0.798208	0.658489	-0.000871
45845.000000	0.500071	0.511007	0.798204	0.658482	-0.000872
45846.000000	0.500069	0.511012	0.798202	0.658479	-0.000873
45847.000000	0.500076	0.511023	0.798199	0.658474	-0.000872
45848.000000	0.500078	0.511036	0.798199	0.658474	-0.000867
45849.000000	0.500085	0.511037	0.798199	0.658474	-0.000872
45850.000000	0.500090	0.511037	0.798200	0.658475	-0.000879
45851.000000	0.500087	0.511037	0.798198	0.658471	-0.000887
45852.000000	0.500087	0.511041	0.798200	0.658474	-0.000894
45853.000000	0.500091	0.511036	0.798201	0.658475	-0.000894
45854.000000	0.500096	0.511040	0.798198	0.658471	-0.000887
45855.000000	0.500090	0.511035	0.798193	0.658464	-0.000886
45856.000000	0.500090	0.511030	0.798193	0.658463	-0.000878
45857.000000	0.500088	0.511025	0.798196	0.658468	-0.000863
45858.000000	0.500086	0.511022	0.798195	0.658467	-0.000856
45859.000000	0.500089	0.511016	0.798194	0.658464	-0.000857
45860.000000	0.500090	0.511010	0.798191	0.658459	-0.000857
45861.000000	0.500093	0.511006	0.798189	0.658455	-0.000854
45862.000000	0.500094	0.511006	0.798184	0.658449	-0.000850
45863.000000	0.500099	0.511006	0.798183	0.658446	-0.000851
45864.000000	0.500103	0.511001	0.798185	0.658450	-0.000865
45865.000000	0.500099	0.510996	0.798187	0.658453	-0.000875
45866.000000	0.500096	0.510991	0.798191	0.658460	-0.000887
45867.000000	0.500103	0.510991	0.798193	0.658463	-0.000897
45868.000000	0.500109	0.510992	0.798192	0.658461	-0.000899
45869.000000	0.500109	0.510990	0.798194	0.658464	-0.000892
45870.000000	0.500110	0.510991	0.798198	0.658471	-0.000884
45871.000000	0.500106	0.510992	0.798197	0.658469	-0.000888
45872.000000	0.500102	0.510990	0.798194	0.658465	-0.000891
45873.000000	0.500103	0.510991	0.798193	0.658462	-0.000893
45874.000000	0.500111	0.510996	0.798196	0.658467	-0.000886
45875.000000	0.500112	0.510998	0.798197	0.658468	-0.000884
45876.000000	0.500111	0.510995	0.798197	0.658469	-0.000876
45877.000000	0.500111	0.510996	0.798202	0.658478	-0.000861
45878.000000	0.500110	0.510992	0.798201	0.658475	-0.000851
45879.000000	0.500108	0.510990	0.798202	0.658476	-0.000847
45880.000000	0.500107	0.510992	0.798200	0.658473	-0.000842
45881.000000	0.500107	0.510996	0.798201	0.658474	-0.000834
45882.000000	0.500111	0.511002	0.798198	0.658470	-0.000835
45883.000000	0.500112	0.511008	0.798204	0.658479	-0.000837
45884.000000	0.500112	0.511010	0.798208	0.658487	-0.000835
45885.000000	0.500117	0.511012	0.798211	0.658492	-0.000827
45886.000000	0.500118	0.511009	0.798210	0.658490	-0.000829
45887.000000	0.500115	0.510999	0.798205	0.658483	-0.000834
45888.000000	0.500114	0.510994	0.798208	0.658487	-0.000836
45889.000000	0.500118	0.511002	0.798213	0.658496	-0.000844
45890.000000	0.500133	0.511018	0.798213	0.658496	-0.000851
45891.000000	0.500137	0.511016	0.798208	0.658489	-0.000852
45892.000000	0.500138	0.511016	0.798203	0.658481	-0.000857
45893.000000	0.500138	0.511016	0.798205	0.658484	-0.000865
45894.000000	0.500134	0.511009	0.798206	0.658486	-0.000875
45895.000000	0.500131	0.511004	0.798203	0.658481	-0.000879
45896.000000	0.500127	0.511000	0.798204	0.658483	-0.000886
45897.000000	0.500127	0.510994	0.798206	0.658485	-0.000899
45898.000000	0.500131	0.510996	0.798206	0.658485	-0.000905
45899.000000	0.500133	0.511003	0.798204	0.658482	-0.000909
45900.000000	0.500139	0.511006	0.798207	0.658487	-0.000910
45901.000000	0.500142	0.511001	0.798206	0.658484	-0.000906
45902.000000	0.500141	0.510999	0.798205	0.658483	-0.000910
45903.000000	0.500138	0.510998	0.798203	0.658479	-0.000915
45904.000000	0.500140	0.511006	0.798205	0.658482	-0.000927
45905.000000	0.500140	0.511002	0.798207	0.658486	-0.000941
45906.000000	0.500141	0.510998	0.798209	0.658488	-0.000947
45907.000000	0.500142	0.511001	0.798209	0.658488	-0.000948
45908.000000	0.500144	0.511006	0.798208	0.658486	-0.000950
45909.000000	0.500142	0.511004	0.798206	0.658482	-0.000952
45910.000000	0.500136	0.511002	0.798205	0.658481	-0.000956
45911.000000	0.500132	0.511001	0.798204	0.658478	-0.000956
45912.000000	0.500129	0.510998	0.798205	0.658479	-0.000957
45913.000000	0.500126	0.510994	0.798199	0.658471	-0.000957
45914.000000	0.500126	0.510987	0.798197	0.658469	-0.000953
45915.000000	0.500125	0.510978	0.798202	0.658476	-0.000946
45916.000000	0.500129	0.510972	0.798201	0.658474	-0.000940
45917.000000	0.500128	0.510971	0.798200	0.658472	-0.000935
45918.000000	0.500126	0.510965	0.798204	0.658479	-0.000931
45919.000000	0.500123	0.510961	0.798203	0.658477	-0.000928
45920.000000	0.500130	0.510958	0.798201	0.658474	-0.000928
45921.000000	0.500143	0.510969	0.798202	0.658475	-0.000937
45922.000000	0.500138	0.510963	0.798198	0.658470	-0.000931
45923.000000	0.500136	0.510963	0.798193	0.658462	-0.000933
45924.000000	0.500134	0.510965	0.798190	0.658458	-0.000940
45925.000000	0.500135	0.510963	0.798191	0.658459	-0.000947
45926.000000	0.500139	0.510961	0.798189	0.658456	-0.000952
45927.000000	0.500151	0.510960	0.798193	0.658462	-0.000964
45928.000000	0.500146	0.510956	0.798194	0.658463	-0.000971
45929.000000	0.500145	0.510952	0.798192	0.658460	-0.000976
45930.000000	0.500142	0.510949	0.798192	0.658459	-0.000982
45931.000000	0.500141	0.510945	0.798190	0.658455	-0.000984
45932.000000	0.500138	0.510937	0.798189	0.658454	-0.000987
45933.000000	0.500137	0.510931	0.798193	0.658461	-0.000974
45934.000000	0.500138	0.510931	0.798200	0.658473	-0.000955
45935.000000	0.500137	0.510933	0.798199	0.658472	-0.000950
45936.000000	0.500133	0.510928	0.798199	0.658471	-0.000951
45937.000000	0.500130	0.510922	0.798197	0.658467	-0.000951
45938.000000	0.500129	0.510924	0.798196	0.658465	-0.000953
45939.000000	0.500131	0.510929	0.798195	0.658464	-0.000958
45940.000000	0.500132	0.510924	0.798196	0.658465	-0.000948
45941.000000	0.500135	0.510920	0.798198	0.658469	-0.000933
45942.000000	0.500132	0.510916	0.798200	0.658471	-0.000928
45943.000000	0.500126	0.510911	0.798199	0.658469	-0.000927
45944.000000	0.500122	0.510903	0.798198	0.658467	-0.000927
45945.000000	0.500119	0.510897	0.798195	0.658462	-0.000922
45946.000000	0.500115	0.510898	0.798193	0.658459	-0.000917
45947.000000	0.500115	0.510903	0.798189	0.658453	-0.000914
45948.000000	0.500112	0.510901	0.798185	0.658447	-0.000909
45949.000000	0.500106	0.510896	0.798184	0.658445	-0.000906
45950.000000	0.500103	0.510896	0.798180	0.658439	-0.000909
45951.000000	0.500100	0.510892	0.798175	0.658431	-0.000912
45952.000000	0.500104	0.510901	0.798175	0.658431	-0.000917
45953.000000	0.500110	0.510908	0.798175	0.658431	-0.000927
45954.000000	0.500115	0.510914	0.798179	0.658438	-0.000941
45955.000000	0.500113	0.510915	0.798176	0.658434	-0.000940
45956.000000	0.500112	0.510910	0.798178	0.658436	-0.000932
45957.000000	0.500121	0.510910	0.798184	0.658447	-0.000929
45958.000000	0.500126	0.510909	0.798187	0.658452	-0.000944
45959.000000	0.500131	0.510913	0.798189	0.658455	-0.000945
45960.000000	0.500133	0.510916	0.798187	0.658452	-0.000938
45961.000000	0.500133	0.510917	0.798185	0.658449	-0.000932
45962.000000	0.500131	0.510917	0.798189	0.658456	-0.000921
45963.000000	0.500132	0.510920	0.798194	0.658464	-0.000916
45964.000000	0.500132	0.510918	0.798196	0.658468	-0.000911
45965.000000	0.500134	0.510915	0.798198	0.658470	-0.000904
45966.000000	0.500130	0.510913	0.798194	0.658464	-0.000903
45967.000000	0.500125	0.510908	0.798192	0.658461	-0.000910
45968.000000	0.500124	0.510905	0.798194	0.658464	-0.000914
45969.000000	0.500124	0.510901	0.798197	0.658467	-0.000907
45970.000000	0.500120	0.510896	0.798196	0.658466	-0.000899
45971.000000	0.500117	0.510890	0.798193	0.658461	-0.000900
45972.000000	0.500110	0.510883	0.798193	0.658460	-0.000906
45973.000000	0.500103	0.510878	0.798190	0.658456	-0.000908
45974.000000	0.500105	0.510877	0.798189	0.658454	-0.000914
45975.000000	0.500110	0.510885	0.798190	0.658455	-0.000926
45976.000000	0.500110	0.510892	0.798187	0.658450	-0.000930
45977.000000	0.500110	0.510895	0.798181	0.658442	-0.000929
45978.000000	0.500113	0.510895	0.798184	0.658446	-0.000923
45979.000000	0.500109	0.510894	0.798182	0.658443	-0.000920
45980.000000	0.500112	0.510893	0.798180	0.658440	-0.000913
45981.000000	0.500115	0.510895	0.798185	0.658448	-0.000901
45982.000000	0.500112	0.510897	0.798185	0.658449	-0.000894
45983.000000	0.500110	0.510905	0.798183	0.658445	-0.000896
45984.000000	0.500109	0.510901	0.798180	0.658440	-0.000898
45985.000000	0.500104	0.510896	0.798176	0.658434	-0.000898
45986.000000	0.500101	0.510900	0.798172	0.658428	-0.000896
45987.000000	0.500098	0.510894	0.798169	0.658424	-0.000892
45988.000000	0.500094	0.510888	0.798165	0.658417	-0.000893
45989.000000	0.500094	0.510883	0.798164	0.658416	-0.000894
45990.000000	0.500100	0.510884	0.798167	0.658420	-0.000884
45991.000000	0.500102	0.510890	0.798162	0.658413	-0.000887
45992.000000	0.500102	0.510887	0.798158	0.658408	-0.000887
45993.000000	0.500100	0.510886	0.798157	0.658405	-0.000881
45994.000000	0.500103	0.510887	0.798155	0.658401	-0.000882
45995.000000	0.500101	0.510882	0.798155	0.658402	-0.000891
45996.000000	0.500099	0.510879	0.798160	0.658411	-0.000904
45997.000000	0.500099	0.510876	0.798160	0.658410	-0.000904
45998.000000	0.500097	0.510873	0.798157	0.658405	-0.000908
45999.000000	0.500096	0.510874	0.798154	0.658401	-0.000914
46000.000000	0.500094	0.510885	0.798154	0.658400	-0.000918
46001.000000	0.500091	0.510886	0.798154	0.658399	-0.000926
46002.000000	0.500091	0.510885	0.798158	0.658406	-0.000936
46003.000000	0.500089	0.510879	0.798156	0.658403	-0.000934
46004.000000	0.500087	0.510876	0.798152	0.658397	-0.000929
46005.000000	0.500084	0.510872	0.798153	0.658398	-0.000925
46006.000000	0.500085	0.510869	0.798151	0.658395	-0.000926
46007.000000	0.500086	0.510861	0.798148	0.658390	-0.000925
46008.000000	0.500082	0.510853	0.798146	0.658387	-0.000920
46009.000000	0.500081	0.510844	0.798143	0.658382	-0.000917
46010.000000	0.500085	0.510836	0.798145	0.658385	-0.000920
46011.000000	0.500083	0.510833	0.798146	0.658387	-0.000928
46012.000000	0.500079	0.510829	0.798143	0.658382	-0.000927
46013.000000	0.500078	0.510829	0.798141	0.658378	-0.000923
46014.000000	0.500075	0.510830	0.798139	0.658375	-0.000915
46015.000000	0.500072	0.510835	0.798142	0.658380	-0.000900
46016.000000	0.500078	0.510836	0.798141	0.658379	-0.000891
46017.000000	0.500083	0.510840	0.798142	0.658379	-0.000900
46018.000000	0.500084	0.510845	0.798144	0.658383	-0.000910
46019.000000	0.500088	0.510863	0.798144	0.658382	-0.000921
46020.000000	0.500089	0.510874	0.798140	0.658377	-0.000921
46021.000000	0.500085	0.510875	0.798136	0.658371	-0.000917
46022.000000	0.500082	0.510869	0.798134	0.658366	-0.000911
46023.000000	0.500087	0.510865	0.798132	0.658363	-0.000916
46024.000000	0.500088	0.510867	0.798130	0.658360	-0.000922
46025.000000	0.500085	0.510862	0.798129	0.658359	-0.000917
46026.000000	0.500083	0.510867	0.798130	0.658360	-0.000906
46027.000000	0.500085	0.510868	0.798129	0.658357	-0.000901
46028.000000	0.500086	0.510863	0.798131	0.658361	-0.000910
46029.000000	0.500092	0.510860	0.798129	0.658358	-0.000914
46030.000000	0.500093	0.510856	0.798131	0.658361	-0.000905
46031.000000	0.500088	0.510851	0.798138	0.658372	-0.000885
46032.000000	0.500087	0.510846	0.798138	0.658372	-0.000876
46033.000000	0.500086	0.510838	0.798135	0.658368	-0.000874
46034.000000	0.500086	0.510837	0.798135	0.658368	-0.000879
46035.000000	0.500083	0.510846	0.798138	0.658372	-0.000888
46036.000000	0.500077	0.510842	0.798138	0.658371	-0.000895
46037.000000	0.500074	0.510837	0.798137	0.658370	-0.000894
46038.000000	0.500067	0.510828	0.798136	0.658367	-0.000890
46039.000000	0.500067	0.510823	0.798135	0.658365	-0.000882
46040.000000	0.500069	0.510821	0.798138	0.658370	-0.000867
46041.000000	0.500071	0.510825	0.798137	0.658370	-0.000855
46042.000000	0.500069	0.510833	0.798136	0.658367	-0.000847
46043.000000	0.500071	0.510841	0.798138	0.658371	-0.000833
46044.000000	0.500069	0.510847	0.798139	0.658372	-0.000822
46045.000000	0.500074	0.510849	0.798137	0.658368	-0.000819
46046.000000	0.500081	0.510846	0.798140	0.658372	-0.000832
46047.000000	0.500081	0.510844	0.798138	0.658369	-0.000839
46048.000000	0.500074	0.510841	0.798136	0.658366	-0.000839
46049.000000	0.500071	0.510843	0.798133	0.658361	-0.000839
46050.000000	0.500073	0.510858	0.798130	0.658356	-0.000836
46051.000000	0.500074	0.510866	0.798127	0.658352	-0.000833
46052.000000	0.500074	0.510866	0.798125	0.658349	-0.000840
46053.000000	0.500074	0.510865	0.798122	0.658344	-0.000845
46054.000000	0.500074	0.510864	0.798125	0.658349	-0.000841
46055.000000	0.500068	0.510858	0.798129	0.658355	-0.000842
46056.000000	0.500063	0.510852	0.798129	0.658355	-0.000847
46057.000000	0.500063	0.510858	0.798127	0.658351	-0.000845
46058.000000	0.500063	0.510871	0.798127	0.658351	-0.000838
46059.000000	0.500067	0.510869	0.798129	0.658354	-0.000827
46060.000000	0.500073	0.510865	0.798131	0.658357	-0.000823
46061.000000	0.500071	0.510863	0.798128	0.658352	-0.000826
46062.000000	0.500068	0.510863	0.798130	0.658356	-0.000837
46063.000000	0.500064	0.510863	0.798132	0.658358	-0.000845
46064.000000	0.500063	0.510859	0.798132	0.658358	-0.000851
46065.000000	0.500061	0.510867	0.798130	0.658355	-0.000852
46066.000000	0.500058	0.510862	0.798128	0.658351	-0.000849
46067.000000	0.500053	0.510862	0.798129	0.658353	-0.000843
46068.000000	0.500049	0.510861	0.798132	0.658356	-0.000836
46069.000000	0.500044	0.510857	0.798131	0.658355	-0.000831
46070.000000	0.500043	0.510855	0.798126	0.658348	-0.000832
46071.000000	0.500041	0.510852	0.798126	0.658347	-0.000840
46072.000000	0.500038	0.510847	0.798124	0.658343	-0.000842
46073.000000	0.500040	0.510846	0.798122	0.658340	-0.000838
46074.000000	0.500046	0.510851	0.798121	0.658338	-0.000836
46075.000000	0.500054	0.510848	0.798118	0.658334	-0.000832
46076.000000	0.500054	0.510841	0.798117	0.658331	-0.000827
46077.000000	0.500051	0.510838	0.798114	0.658326	-0.000825
46078.000000	0.500057	0.510852	0.798109	0.658320	-0.000824
46079.000000	0.500058	0.510859	0.798109	0.658320	-0.000823
46080.000000	0.500052	0.510851	0.798108	0.658318	-0.000823
46081.000000	0.500048	0.510848	0.798109	0.658318	-0.000829
46082.000000	0.500046	0.510847	0.798105	0.658312	-0.000835
46083.000000	0.500045	0.510844	0.798105	0.658312	-0.000834
46084.000000	0.500046	0.510843	0.798108	0.658318	-0.000833
46085.000000	0.500052	0.510841	0.798106	0.658314	-0.000828
46086.000000	0.500054	0.510847	0.798108	0.658316	-0.000820
46087.000000	0.500056	0.510856	0.798108	0.658316	-0.000815
46088.000000	0.500051	0.510856	0.798109	0.658318	-0.000818
46089.000000	0.500050	0.510854	0.798107	0.658315	-0.000827
46090.000000	0.500045	0.510852	0.798106	0.658312	-0.000830
46091.000000	0.500042	0.510853	0.798106	0.658312	-0.000830
46092.000000	0.500044	0.510849	0.798105	0.658310	-0.000823
46093.000000	0.500048	0.510847	0.798104	0.658308	-0.000817
46094.000000	0.500052	0.510841	0.798103	0.658307	-0.000821
46095.000000	0.500058	0.510842	0.798106	0.658312	-0.000832
46096.000000	0.500058	0.510837	0.798102	0.658305	-0.000827
46097.000000	0.500053	0.510828	0.798097	0.658298	-0.000821
46098.000000	0.500050	0.510823	0.798094	0.658294	-0.000822
46099.000000	0.500053	0.510824	0.798093	0.658292	-0.000826
46100.000000	0.500054	0.510825	0.798091	0.658288	-0.000829
46101.000000	0.500055	0.510822	0.798090	0.658287	-0.000834
46102.000000	0.500057	0.510824	0.798097	0.658299	-0.000831
46103.000000	0.500056	0.510821	0.798097	0.658299	-0.000822
46104.000000	0.500054	0.510815	0.798092	0.658293	-0.000815
46105.000000	0.500049	0.510809	0.798088	0.658287	-0.000808
46106.000000	0.500048	0.510804	0.798085	0.658281	-0.000808
46107.000000	0.500050	0.510802	0.798083	0.658279	-0.000813
46108.000000	0.500055	0.510798	0.798081	0.658275	-0.000819
46109.000000	0.500063	0.510802	0.798080	0.658273	-0.000830
46110.000000	0.500069	0.510802	0.798078	0.658270	-0.000828
46111.000000	0.500068	0.510799	0.798080	0.658272	-0.000822
46112.000000	0.500067	0.510799	0.798078	0.658268	-0.000814
46113.000000	0.500067	0.510800	0.798074	0.658263	-0.000812
46114.000000	0.500061	0.510793	0.798077	0.658267	-0.000824
46115.000000	0.500060	0.510792	0.798082	0.658275	-0.000834
46116.000000	0.500064	0.510799	0.798081	0.658273	-0.000833
46117.000000	0.500070	0.510809	0.798081	0.658273	-0.000825
46118.000000	0.500069	0.510809	0.798079	0.658271	-0.000818
46119.000000	0.500073	0.510806	0.798080	0.658271	-0.000811
46120.000000	0.500077	0.510803	0.798082	0.658274	-0.000813
46121.000000	0.500078	0.510796	0.798083	0.658275	-0.000822
46122.000000	0.500077	0.510795	0.798083	0.658275	-0.000833
46123.000000	0.500081	0.510792	0.798079	0.658269	-0.000833
46124.000000	0.500081	0.510789	0.798080	0.658271	-0.000827
46125.000000	0.500082	0.510785	0.798082	0.658272	-0.000826
46126.000000	0.500081	0.510780	0.798083	0.658274	-0.000829
46127.000000	0.500079	0.510781	0.798081	0.658271	-0.000839
46128.000000	0.500081	0.510782	0.798078	0.658267	-0.000840
46129.000000	0.500079	0.510778	0.798077	0.658264	-0.000835
46130.000000	0.500075	0.510776	0.798073	0.658258	-0.000833
46131.000000	0.500072	0.510770	0.798070	0.658253	-0.000828
46132.000000	0.500069	0.510768	0.798069	0.658253	-0.000817
46133.000000	0.500072	0.510770	0.798067	0.658248	-0.000819
46134.000000	0.500074	0.510778	0.798065	0.658245	-0.000828
46135.000000	0.500071	0.510781	0.798061	0.658239	-0.000833
46136.000000	0.500073	0.510787	0.798060	0.658238	-0.000836
46137.000000	0.500073	0.510786	0.798063	0.658243	-0.000846
46138.000000	0.500068	0.510780	0.798066	0.658247	-0.000857
46139.000000	0.500064	0.510777	0.798070	0.658253	-0.000865
46140.000000	0.500060	0.510772	0.798071	0.658255	-0.000873
46141.000000	0.500056	0.510772	0.798076	0.658263	-0.000882
46142.000000	0.500053	0.510770	0.798080	0.658269	-0.000891
46143.000000	0.500050	0.510764	0.798081	0.658271	-0.000899
46144.000000	0.500050	0.510763	0.798080	0.658269	-0.000896
46145.000000	0.500052	0.510762	0.798075	0.658262	-0.000891
46146.000000	0.500053	0.510757	0.798071	0.658257	-0.000897
46147.000000	0.500053	0.510751	0.798071	0.658256	-0.000900
46148.000000	0.500058	0.510747	0.798073	0.658258	-0.000909
46149.000000	0.500061	0.510748	0.798075	0.658262	-0.000917
46150.000000	0.500065	0.510742	0.798070	0.658254	-0.000920
46151.000000	0.500063	0.510737	0.798065	0.658247	-0.000918
46152.000000	0.500062	0.510739	0.798063	0.658244	-0.000916
46153.000000	0.500061	0.510746	0.798060	0.658239	-0.000917
46154.000000	0.500063	0.510746	0.798058	0.658236	-0.000909
46155.000000	0.500063	0.510738	0.798056	0.658232	-0.000899
46156.000000	0.500062	0.510730	0.798055	0.658231	-0.000896
46157.000000	0.500059	0.510725	0.798057	0.658233	-0.000895
46158.000000	0.500054	0.510724	0.798054	0.658229	-0.000903
46159.000000	0.500049	0.510721	0.798050	0.658222	-0.000910
46160.000000	0.500050	0.510720	0.798049	0.658220	-0.000907
46161.000000	0.500048	0.510720	0.798049	0.658221	-0.000900
46162.000000	0.500044	0.510719	0.798047	0.658217	-0.000901
46163.000000	0.500045	0.510722	0.798051	0.658223	-0.000916
46164.000000	0.500052	0.510724	0.798056	0.658232	-0.000930
46165.000000	0.500055	0.510725	0.798057	0.658233	-0.000934
46166.000000	0.500053	0.510726	0.798054	0.658229	-0.000938
46167.000000	0.500060	0.510730	0.798054	0.658229	-0.000935
46168.000000	0.500066	0.510743	0.798056	0.658234	-0.000926
46169.000000	0.500064	0.510744	0.798054	0.658230	-0.000929
46170.000000	0.500063	0.510742	0.798052	0.658227	-0.000929
46171.000000	0.500060	0.510740	0.798055	0.658232	-0.000923
46172.000000	0.500059	0.510740	0.798055	0.658232	-0.000921
46173.000000	0.500061	0.510741	0.798050	0.658225	-0.000920
46174.000000	0.500061	0.510740	0.798045	0.658217	-0.000913
46175.000000	0.500060	0.510736	0.798047	0.658221	-0.000903
46176.000000	0.500060	0.510733	0.798049	0.658224	-0.000891
46177.000000	0.500061	0.510744	0.798045	0.658217	-0.000892
46178.000000	0.500065	0.510744	0.798041	0.658211	-0.000896
46179.000000	0.500067	0.510745	0.798043	0.658215	-0.000900
46180.000000	0.500066	0.510744	0.798047	0.658221	-0.000910
46181.000000	0.500062	0.510736	0.798045	0.658218	-0.000913
46182.000000	0.500063	0.510738	0.798044	0.658217	-0.000908
46183.000000	0.500060	0.510745	0.798047	0.658222	-0.000901
46184.000000	0.500056	0.510739	0.798047	0.658221	-0.000903
46185.000000	0.500050	0.510737	0.798045	0.658218	-0.000912
46186.000000	0.500048	0.510738	0.798044	0.658215	-0.000920
46187.000000	0.500044	0.510731	0.798043	0.658214	-0.000921
46188.000000	0.500043	0.510730	0.798040	0.658209	-0.000917
46189.000000	0.500052	0.510735	0.798042	0.658211	-0.000903
46190.000000	0.500061	0.510736	0.798042	0.658211	-0.000891
46191.000000	0.500056	0.510730	0.798038	0.658205	-0.000888
46192.000000	0.500052	0.510724	0.798033	0.658199	-0.000887
46193.000000	0.500053	0.510726	0.798030	0.658194	-0.000889
46194.000000	0.500050	0.510723	0.798026	0.658187	-0.000894
46195.000000	0.500051	0.510725	0.798027	0.658189	-0.000897
46196.000000	0.500052	0.510730	0.798029	0.658192	-0.000904
46197.000000	0.500054	0.510729	0.798032	0.658197	-0.000918
46198.000000	0.500052	0.510729	0.798033	0.658198	-0.000921
46199.000000	0.500050	0.510729	0.798037	0.658205	-0.000916
46200.000000	0.500056	0.510740	0.798037	0.658205	-0.000916
46201.000000	0.500061	0.510746	0.798036	0.658203	-0.000921
46202.000000	0.500062	0.510747	0.798033	0.658198	-0.000924
46203.000000	0.500063	0.510742	0.798031	0.658195	-0.000931
46204.000000	0.500060	0.510739	0.798030	0.658192	-0.000935
46205.000000	0.500062	0.510745	0.798026	0.658187	-0.000931
46206.000000	0.500065	0.510742	0.798024	0.658183	-0.000928
46207.000000	0.500066	0.510740	0.798021	0.658178	-0.000933
46208.000000	0.500069	0.510744	0.798024	0.658183	-0.000943
46209.000000	0.500065	0.510741	0.798027	0.658188	-0.000950
46210.000000	0.500062	0.510740	0.798031	0.658194	-0.000950
46211.000000	0.500062	0.510734	0.798033	0.658198	-0.000948
46212.000000	0.500059	0.510726	0.798031	0.658195	-0.000942
46213.000000	0.500053	0.510721	0.798034	0.658199	-0.000940
46214.000000	0.500054	0.510725	0.798034	0.658200	-0.000938
46215.000000	0.500052	0.510731	0.798036	0.658202	-0.000925
46216.000000	0.500054	0.510731	0.798034	0.658199	-0.000917
46217.000000	0.500052	0.510730	0.798031	0.658194	-0.000908
46218.000000	0.500047	0.510725	0.798027	0.658188	-0.000903
46219.000000	0.500043	0.510717	0.798026	0.658186	-0.000899
46220.000000	0.500043	0.510717	0.798023	0.658181	-0.000896
46221.000000	0.500047	0.510720	0.798021	0.658177	-0.000894
46222.000000	0.500046	0.510723	0.798021	0.658177	-0.000888
46223.000000	0.500047	0.510727	0.798024	0.658182	-0.000881
46224.000000	0.500053	0.510726	0.798029	0.658190	-0.000880
46225.000000	0.500051	0.510722	0.798032	0.658197	-0.000880
46226.000000	0.500049	0.510719	0.798037	0.658205	-0.000870
46227.000000	0.500048	0.510719	0.798035	0.658202	-0.000864
46228.000000	0.500052	0.510725	0.798037	0.658204	-0.000857
46229.000000	0.500059	0.510725	0.798036	0.658203	-0.000857
46230.000000	0.500057	0.510718	0.798032	0.658197	-0.000863
46231.000000	0.500052	0.510714	0.798030	0.658193	-0.000870
46232.000000	0.500052	0.510710	0.798024	0.658185	-0.000872
46233.000000	0.500051	0.510708	0.798021	0.658180	-0.000868
46234.000000	0.500052	0.510704	0.798019	0.658177	-0.000864
46235.000000	0.500055	0.510707	0.798018	0.658175	-0.000865
46236.000000	0.500053	0.510709	0.798014	0.658169	-0.000865
46237.000000	0.500057	0.510706	0.798017	0.658175	-0.000873
46238.000000	0.500055	0.510705	0.798020	0.658178	-0.000874
46239.000000	0.500055	0.510706	0.798021	0.658181	-0.000872
46240.000000	0.500059	0.510709	0.798021	0.658181	-0.000868
46241.000000	0.500055	0.510711	0.798018	0.658176	-0.000865
46242.000000	0.500053	0.510716	0.798018	0.658175	-0.000861
46243.000000	0.500053	0.510726	0.798015	0.658171	-0.000862
46244.000000	0.500050	0.510725	0.798011	0.658164	-0.000863
46245.000000	0.500047	0.510718	0.798008	0.658159	-0.000857
46246.000000	0.500045	0.510712	0.798011	0.658164	-0.000848
46247.000000	0.500044	0.510708	0.798014	0.658170	-0.000845
46248.000000	0.500045	0.510706	0.798013	0.658168	-0.000845
46249.000000	0.500045	0.510700	0.798009	0.658162	-0.000846
46250.000000	0.500039	0.510694	0.798008	0.658159	-0.000851
46251.000000	0.500035	0.510688	0.798007	0.658158	-0.000855
46252.000000	0.500036	0.510688	0.798011	0.658165	-0.000872
46253.000000	0.500036	0.510682	0.798013	0.658167	-0.000886
46254.000000	0.500041	0.510679	0.798010	0.658162	-0.000890
46255.000000	0.500042	0.510675	0.798012	0.658167	-0.000877
46256.000000	0.500042	0.510673	0.798013	0.658168	-0.000864
46257.000000	0.500042	0.510668	0.798011	0.658164	-0.000866
46258.000000	0.500050	0.510667	0.798012	0.658166	-0.000870
46259.000000	0.500052	0.510673	0.798014	0.658169	-0.000877
46260.000000	0.500052	0.510670	0.798016	0.658171	-0.000889
46261.000000	0.500049	0.510669	0.798017	0.658173	-0.000903
46262.000000	0.500046	0.510672	0.798017	0.658172	-0.000910
46263.000000	0.500046	0.510672	0.798019	0.658176	-0.000917
46264.000000	0.500040	0.510669	0.798023	0.658183	-0.000925
46265.000000	0.500038	0.510664	0.798027	0.658190	-0.000938
46266.000000	0.500037	0.510659	0.798026	0.658187	-0.000944
46267.000000	0.500033	0.510652	0.798025	0.658186	-0.000943
46268.000000	0.500029	0.510646	0.798021	0.658179	-0.000948
46269.000000	0.500026	0.510644	0.798020	0.658178	-0.000954
46270.000000	0.500025	0.510639	0.798022	0.658181	-0.000951
46271.000000	0.500026	0.510638	0.798026	0.658186	-0.000943
46272.000000	0.500027	0.510644	0.798027	0.658188	-0.000933
46273.000000	0.500023	0.510644	0.798029	0.658191	-0.000920
46274.000000	0.500021	0.510645	0.798026	0.658187	-0.000912
46275.000000	0.500017	0.510640	0.798022	0.658181	-0.000912
46276.000000	0.500013	0.510635	0.798023	0.658181	-0.000917
46277.000000	0.500016	0.510631	0.798027	0.658189	-0.000919
46278.000000	0.500020	0.510628	0.798032	0.658197	-0.000913
46279.000000	0.500025	0.510627	0.798033	0.658198	-0.000902
46280.000000	0.500026	0.510629	0.798034	0.658201	-0.000896
46281.000000	0.500025	0.510626	0.798033	0.658198	-0.000902
46282.000000	0.500025	0.510620	0.798030	0.658194	-0.000910
46283.000000	0.500024	0.510615	0.798030	0.658193	-0.000921
46284.000000	0.500022	0.510614	0.798030	0.658193	-0.000931
46285.000000	0.500025	0.510620	0.798028	0.658189	-0.000936
46286.000000	0.500023	0.510618	0.798026	0.658186	-0.000943
46287.000000	0.500025	0.510623	0.798031	0.658194	-0.000953
46288.000000	0.500022	0.510623	0.798035	0.658200	-0.000962
46289.000000	0.500022	0.510628	0.798037	0.658203	-0.000964
46290.000000	0.500026	0.510634	0.798034	0.658199	-0.000963
46291.000000	0.500025	0.510637	0.798033	0.658198	-0.000965
46292.000000	0.500020	0.510630	0.798037	0.658203	-0.000964
46293.000000	0.500016	0.510626	0.798037	0.658204	-0.000963
46294.000000	0.500019	0.510623	0.798035	0.658200	-0.000967
46295.000000	0.500016	0.510616	0.798034	0.658198	-0.000972
46296.000000	0.500012	0.510612	0.798035	0.658199	-0.000972
46297.000000	0.500011	0.510608	0.798031	0.658194	-0.000966
46298.000000	0.500014	0.510606	0.798030	0.658192	-0.000974
46299.000000	0.500018	0.510608	0.798033	0.658198	-0.000983
46300.000000	0.500019	0.510614	0.798035	0.658200	-0.000981
46301.000000	0.500022	0.510613	0.798034	0.658198	-0.000975
46302.000000	0.500020	0.510613	0.798038	0.658205	-0.000972
46303.000000	0.500021	0.510617	0.798036	0.658201	-0.000974
46304.000000	0.500018	0.510619	0.798032	0.658195	-0.000979
46305.000000	0.500024	0.510626	0.798027	0.658189	-0.000978
46306.000000	0.500026	0.510629	0.798023	0.658182	-0.000972
46307.000000	0.500026	0.510635	0.798020	0.658178	-0.000970
46308.000000	0.500023	0.510639	0.798020	0.658177	-0.000970
46309.000000	0.500021	0.510648	0.798018	0.658174	-0.000976
46310.000000	0.500018	0.510651	0.798013	0.658167	-0.000977
46311.000000	0.500017	0.510656	0.798014	0.658168	-0.000986
46312.000000	0.500021	0.510663	0.798019	0.658176	-0.000997
46313.000000	0.500022	0.510661	0.798023	0.658184	-0.000994
46314.000000	0.500025	0.510661	0.798021	0.658181	-0.000988
46315.000000	0.500023	0.510658	0.798022	0.658181	-0.000991
46316.000000	0.500022	0.510658	0.798023	0.658183	-0.000995
46317.000000	0.500024	0.510656	0.798021	0.658180	-0.000993
46318.000000	0.500020	0.510654	0.798026	0.658189	-0.000987
46319.000000	0.500018	0.510657	0.798030	0.658196	-0.000975
46320.000000	0.500017	0.510667	0.798035	0.658204	-0.000959
46321.000000	0.500018	0.510670	0.798033	0.658201	-0.000948
46322.000000	0.500020	0.510678	0.798032	0.658199	-0.000948
46323.000000	0.500027	0.510677	0.798034	0.658203	-0.000961
46324.000000	0.500031	0.510677	0.798036	0.658205	-0.000969
46325.000000	0.500031	0.510681	0.798039	0.658210	-0.000979
46326.000000	0.500031	0.510685	0.798045	0.658222	-0.000997
46327.000000	0.500034	0.510689	0.798044	0.658219	-0.001004
46328.000000	0.500038	0.510695	0.798042	0.658217	-0.001011
46329.000000	0.500035	0.510695	0.798039	0.658211	-0.001017
46330.000000	0.500032	0.510694	0.798035	0.658205	-0.001022
46331.000000	0.500032	0.510695	0.798033	0.658202	-0.001025
46332.000000	0.500030	0.510698	0.798039	0.658213	-0.001026
46333.000000	0.500030	0.510706	0.798041	0.658217	-0.001019
46334.000000	0.500029	0.510708	0.798043	0.658219	-0.001006
46335.000000	0.500029	0.510711	0.798042	0.658218	-0.000999
46336.000000	0.500030	0.510713	0.798039	0.658213	-0.000990
46337.000000	0.500032	0.510716	0.798040	0.658215	-0.000989
46338.000000	0.500030	0.510717	0.798040	0.658213	-0.000989
46339.000000	0.500027	0.510716	0.798039	0.658212	-0.000990
46340.000000	0.500031	0.510717	0.798041	0.658214	-0.000995
46341.000000	0.500037	0.510715	0.798039	0.658211	-0.000999
46342.000000	0.500035	0.510708	0.798036	0.658206	-0.001000
46343.000000	0.500034	0.510706	0.798034	0.658203	-0.001001
46344.000000	0.500036	0.510711	0.798037	0.658208	-0.001004
46345.000000	0.500038	0.510722	0.798039	0.658210	-0.001008
46346.000000	0.500039	0.510728	0.798037	0.658207	-0.001011
46347.000000	0.500038	0.510729	0.798034	0.658202	-0.001009
46348.000000	0.500040	0.510739	0.798031	0.658198	-0.001001
46349.000000	0.500046	0.510744	0.798034	0.658203	-0.000987
46350.000000	0.500049	0.510747	0.798036	0.658206	-0.000974
46351.000000	0.500051	0.510752	0.798036	0.658205	-0.000967
46352.000000	0.500052	0.510758	0.798035	0.658204	-0.000959
46353.000000	0.500050	0.510759	0.798031	0.658198	-0.000958
46354.000000	0.500050	0.510754	0.798031	0.658198	-0.000962
46355.000000	0.500048	0.510747	0.798030	0.658196	-0.000963
46356.000000	0.500042	0.510741	0.798025	0.658189	-0.000955
46357.000000	0.500045	0.510745	0.798025	0.658189	-0.000952
46358.000000	0.500049	0.510756	0.798022	0.658183	-0.000956
46359.000000	0.500050	0.510760	0.798021	0.658181	-0.000958
46360.000000	0.500049	0.510757	0.798020	0.658179	-0.000958
46361.000000	0.500046	0.510752	0.798017	0.658175	-0.000959
46362.000000	0.500043	0.510752	0.798016	0.658173	-0.000961
46363.000000	0.500043	0.510751	0.798018	0.658176	-0.000969
46364.000000	0.500042	0.510750	0.798016	0.658172	-0.000970
46365.000000	0.500042	0.510750	0.798014	0.658169	-0.000964
46366.000000	0.500048	0.510753	0.798015	0.658170	-0.000953
46367.000000	0.500048	0.510752	0.798014	0.658168	-0.000944
46368.000000	0.500049	0.510753	0.798017	0.658173	-0.000929
46369.000000	0.500056	0.510752	0.798017	0.658173	-0.000927
46370.000000	0.500051	0.510746	0.798015	0.658170	-0.000937
46371.000000	0.500049	0.510741	0.798012	0.658164	-0.000943
46372.000000	0.500045	0.510736	0.798006	0.658156	-0.000941
46373.000000	0.500043	0.510736	0.798004	0.658154	-0.000940
46374.000000	0.500042	0.510732	0.798010	0.658164	-0.000938
46375.000000	0.500042	0.510730	0.798010	0.658163	-0.000933
46376.000000	0.500038	0.510733	0.798011	0.658164	-0.000926
46377.000000	0.500042	0.510745	0.798015	0.658172	-0.000917
46378.000000	0.500054	0.510756	0.798013	0.658169	-0.000913
46379.000000	0.500055	0.510756	0.798009	0.658163	-0.000911
46380.000000	0.500052	0.510755	0.798006	0.658158	-0.000908
46381.000000	0.500049	0.510751	0.798005	0.658155	-0.000905
46382.000000	0.500045	0.510746	0.798002	0.658150	-0.000903
46383.000000	0.500041	0.510739	0.797999	0.658146	-0.000900
46384.000000	0.500042	0.510740	0.798002	0.658150	-0.000895
46385.000000	0.500038	0.510739	0.798006	0.658158	-0.000900
46386.000000	0.500039	0.510747	0.798010	0.658165	-0.000915
46387.000000	0.500040	0.510750	0.798012	0.658168	-0.000930
46388.000000	0.500041	0.510764	0.798016	0.658176	-0.000939
46389.000000	0.500042	0.510774	0.798018	0.658179	-0.000948
46390.000000	0.500048	0.510794	0.798018	0.658178	-0.000950
46391.000000	0.500050	0.510795	0.798017	0.658175	-0.000948
46392.000000	0.500048	0.510792	0.798014	0.658171	-0.000943
46393.000000	0.500048	0.510789	0.798010	0.658165	-0.000940
46394.000000	0.500053	0.510788	0.798011	0.658166	-0.000936
46395.000000	0.500051	0.510791	0.798010	0.658164	-0.000930
46396.000000	0.500053	0.510796	0.798008	0.658161	-0.000923
46397.000000	0.500063	0.510810	0.798009	0.658161	-0.000916
46398.000000	0.500073	0.510835	0.798008	0.658159	-0.000920
46399.000000	0.500079	0.510853	0.798012	0.658166	-0.000936
46400.000000	0.500091	0.510868	0.798017	0.658175	-0.000953
46401.000000	0.500095	0.510868	0.798014	0.658171	-0.000958
46402.000000	0.500097	0.510869	0.798016	0.658174	-0.000961
46403.000000	0.500099	0.510866	0.798015	0.658173	-0.000955
46404.000000	0.500095	0.510858	0.798014	0.658171	-0.000944
46405.000000	0.500093	0.510852	0.798015	0.658172	-0.000933
46406.000000	0.500089	0.510851	0.798012	0.658167	-0.000935
46407.000000	0.500087	0.510854	0.798010	0.658163	-0.000936
46408.000000	0.500085	0.510853	0.798013	0.658167	-0.000941
46409.000000	0.500085	0.510848	0.798011	0.658165	-0.000946
46410.000000	0.500085	0.510846	0.798012	0.658167	-0.000946
46411.000000	0.500084	0.510844	0.798015	0.658173	-0.000941
46412.000000	0.500082	0.510842	0.798014	0.658170	-0.000937
46413.000000	0.500082	0.510841	0.798012	0.658167	-0.000933
46414.000000	0.500082	0.510836	0.798009	0.658161	-0.000933
46415.000000	0.500077	0.510829	0.798007	0.658158	-0.000938
46416.000000	0.500078	0.510829	0.798007	0.658159	-0.000947
46417.000000	0.500075	0.510829	0.798006	0.658157	-0.000954
46418.000000	0.500077	0.510829	0.798003	0.658153	-0.000960
46419.000000	0.500073	0.510827	0.798005	0.658155	-0.000969
46420.000000	0.500069	0.510826	0.798005	0.658154	-0.000973
46421.000000	0.500068	0.510825	0.798002	0.658150	-0.000973
46422.000000	0.500070	0.510824	0.797999	0.658145	-0.000975
46423.000000	0.500077	0.510829	0.797999	0.658144	-0.000983
46424.000000	0.500078	0.510826	0.797999	0.658144	-0.000993
46425.000000	0.500077	0.510824	0.797998	0.658142	-0.000998
46426.000000	0.500074	0.510824	0.797997	0.658141	-0.000995
46427.000000	0.500071	0.510824	0.797997	0.658141	-0.000999
46428.000000	0.500067	0.510818	0.797998	0.658142	-0.001006
46429.000000	0.500064	0.510816	0.798001	0.658147	-0.001012
46430.000000	0.500065	0.510815	0.798005	0.658154	-0.001012
46431.000000	0.500068	0.510824	0.798012	0.658165	-0.001000
46432.000000	0.500072	0.510832	0.798013	0.658168	-0.000992
46433.000000	0.500072	0.510837	0.798012	0.658166	-0.000995
46434.000000	0.500071	0.510835	0.798012	0.658165	-0.001006
46435.000000	0.500069	0.510837	0.798013	0.658166	-0.001013
46436.000000	0.500065	0.510835	0.798013	0.658166	-0.001015
46437.000000	0.500066	0.510838	0.798011	0.658163	-0.001019
46438.000000	0.500070	0.510840	0.798014	0.658168	-0.001024
46439.000000	0.500070	0.510840	0.798017	0.658173	-0.001038
46440.000000	0.500072	0.510844	0.798017	0.658171	-0.001042
46441.000000	0.500071	0.510842	0.798021	0.658178	-0.001036
46442.000000	0.500067	0.510840	0.798024	0.658183	-0.001036
46443.000000	0.500067	0.510836	0.798024	0.658184	-0.001044
46444.000000	0.500067	0.510835	0.798024	0.658183	-0.001050
46445.000000	0.500066	0.510838	0.798029	0.658191	-0.001057
46446.000000	0.500066	0.510849	0.798024	0.658184	-0.001063
46447.000000	0.500063	0.510856	0.798022	0.658181	-0.001070
46448.000000	0.500064	0.510856	0.798020	0.658177	-0.001072
46449.000000	0.500060	0.510851	0.798020	0.658177	-0.001069
46450.000000	0.500059	0.510850	0.798018	0.658174	-0.001066
46451.000000	0.500062	0.510850	0.798018	0.658173	-0.001070
46452.000000	0.500060	0.510845	0.798017	0.658172	-0.001079
46453.000000	0.500057	0.510840	0.798015	0.658168	-0.001082
46454.000000	0.500059	0.510840	0.798018	0.658173	-0.001094
46455.000000	0.500062	0.510839	0.798018	0.658173	-0.001102
46456.000000	0.500066	0.510845	0.798017	0.658171	-0.001099
46457.000000	0.500065	0.510843	0.798015	0.658168	-0.001106
46458.000000	0.500065	0.510841	0.798013	0.658165	-0.001111
46459.000000	0.500069	0.510838	0.798010	0.658160	-0.001105
46460.000000	0.500065	0.510836	0.798008	0.658156	-0.001099
46461.000000	0.500063	0.510833	0.798010	0.658159	-0.001095
46462.000000	0.500061	0.510830	0.798010	0.658160	-0.001095
46463.000000	0.500059	0.510826	0.798010	0.658158	-0.001098
46464.000000	0.500058	0.510822	0.798008	0.658156	-0.001100
46465.000000	0.500061	0.510822	0.798008	0.658155	-0.001107
46466.000000	0.500060	0.510820	0.798005	0.658150	-0.001110
46467.000000	0.500060	0.510820	0.798006	0.658152	-0.001111
46468.000000	0.500060	0.510818	0.798007	0.658153	-0.001115
46469.000000	0.500059	0.510819	0.798006	0.658151	-0.001121
46470.000000	0.500057	0.510814	0.798006	0.658151	-0.001130
46471.000000	0.500052	0.510807	0.798006	0.658149	-0.001129
46472.000000	0.500050	0.510804	0.798007	0.658151	-0.001123
46473.000000	0.500050	0.510803	0.798010	0.658156	-0.001119
46474.000000	0.500050	0.510806	0.798010	0.658155	-0.001118
46475.000000	0.500049	0.510809	0.798011	0.658157	-0.001119
46476.000000	0.500048	0.510805	0.798015	0.658163	-0.001122
46477.000000	0.500050	0.510807	0.798015	0.658164	-0.001119
46478.000000	0.500056	0.510814	0.798019	0.658170	-0.001121
46479.000000	0.500063	0.510816	0.798018	0.658169	-0.001124
46480.000000	0.500062	0.510811	0.798018	0.658167	-0.001129
46481.000000	0.500060	0.510807	0.798019	0.658169	-0.001137
46482.000000	0.500058	0.510807	0.798024	0.658179	-0.001150
46483.000000	0.500056	0.510809	0.798025	0.658180	-0.001158
46484.000000	0.500059	0.510819	0.798027	0.658183	-0.001150
46485.000000	0.500058	0.510825	0.798032	0.658191	-0.001134
46486.000000	0.500056	0.510825	0.798037	0.658199	-0.001117
46487.000000	0.500052	0.510820	0.798037	0.658199	-0.001110
46488.000000	0.500051	0.510812	0.798036	0.658198	-0.001103
46489.000000	0.500047	0.510807	0.798041	0.658207	-0.001087
46490.000000	0.500045	0.510809	0.798047	0.658218	-0.001073
46491.000000	0.500046	0.510806	0.798049	0.658220	-0.001067
46492.000000	0.500047	0.510800	0.798046	0.658215	-0.001069
46493.000000	0.500045	0.510800	0.798042	0.658210	-0.001075
46494.000000	0.500053	0.510804	0.798043	0.658210	-0.001068
46495.000000	0.500053	0.510806	0.798047	0.658218	-0.001057
46496.000000	0.500054	0.510800	0.798047	0.658218	-0.001056
46497.000000	0.500055	0.510798	0.798044	0.658213	-0.001054
46498.000000	0.500055	0.510798	0.798042	0.658209	-0.001049
46499.000000	0.500052	0.510792	0.798040	0.658206	-0.001045
46500.000000	0.500052	0.510788	0.798042	0.658209	-0.001045
46501.000000	0.500052	0.510790	0.798047	0.658219	-0.001057
46502.000000	0.500053	0.510794	0.798049	0.658221	-0.001069
46503.000000	0.500058	0.510801	0.798049	0.658222	-0.001062
46504.000000	0.500055	0.510805	0.798051	0.658225	-0.001048
46505.000000	0.500055	0.510809	0.798050	0.658222	-0.001038
46506.000000	0.500050	0.510803	0.798049	0.658220	-0.001034
46507.000000	0.500049	0.510803	0.798054	0.658230	-0.001044
46508.000000	0.500049	0.510810	0.798058	0.658236	-0.001053
46509.000000	0.500049	0.510812	0.798056	0.658233	-0.001055
46510.000000	0.500047	0.510809	0.798054	0.658229	-0.001053
46511.000000	0.500045	0.510810	0.798056	0.658232	-0.001041
46512.000000	0.500044	0.510803	0.798054	0.658229	-0.001035
46513.000000	0.500043	0.510800	0.798054	0.658228	-0.001037
46514.000000	0.500048	0.510806	0.798056	0.658233	-0.001033
46515.000000	0.500054	0.510807	0.798053	0.658228	-0.001034
46516.000000	0.500057	0.510815	0.798055	0.658230	-0.001047
46517.000000	0.500059	0.510820	0.798053	0.658227	-0.001054
46518.000000	0.500058	0.510818	0.798049	0.658221	-0.001050
46519.000000	0.500059	0.510817	0.798043	0.658213	-0.001052
46520.000000	0.500064	0.510827	0.798038	0.658206	-0.001057
46521.000000	0.500064	0.510835	0.798041	0.658211	-0.001073
46522.000000	0.500061	0.510834	0.798045	0.658217	-0.001088
46523.000000	0.500066	0.510836	0.798047	0.658220	-0.001099
46524.000000	0.500063	0.510838	0.798049	0.658223	-0.001105
46525.000000	0.500063	0.510838	0.798052	0.658228	-0.001100
46526.000000	0.500057	0.510831	0.798052	0.658228	-0.001093
46527.000000	0.500054	0.510827	0.798051	0.658226	-0.001085
46528.000000	0.500052	0.510823	0.798048	0.658220	-0.001082
46529.000000	0.500050	0.510822	0.798049	0.658223	-0.001071
46530.000000	0.500046	0.510824	0.798055	0.658234	-0.001054
46531.000000	0.500047	0.510833	0.798057	0.658236	-0.001047
46532.000000	0.500052	0.510840	0.798054	0.658232	-0.001042
46533.000000	0.500052	0.510844	0.798053	0.658230	-0.001037
46534.000000	0.500053	0.510849	0.798055	0.658232	-0.001030
46535.000000	0.500056	0.510853	0.798054	0.658231	-0.001022
46536.000000	0.500062	0.510855	0.798051	0.658225	-0.001020
46537.000000	0.500062	0.510853	0.798047	0.658221	-0.001013
46538.000000	0.500058	0.510852	0.798043	0.658214	-0.001011
46539.000000	0.500056	0.510850	0.798043	0.658213	-0.001015
46540.000000	0.500058	0.510858	0.798042	0.658212	-0.001019
46541.000000	0.500057	0.510857	0.798040	0.658208	-0.001026
46542.000000	0.500058	0.510857	0.798039	0.658206	-0.001032
46543.000000	0.500058	0.510863	0.798035	0.658201	-0.001037
46544.000000	0.500055	0.510862	0.798035	0.658201	-0.001045
46545.000000	0.500053	0.510855	0.798036	0.658201	-0.001058
46546.000000	0.500052	0.510854	0.798033	0.658196	-0.001060
46547.000000	0.500051	0.510850	0.798031	0.658193	-0.001057
46548.000000	0.500052	0.510854	0.798026	0.658186	-0.001054
46549.000000	0.500054	0.510859	0.798022	0.658180	-0.001051
46550.000000	0.500051	0.510860	0.798023	0.658181	-0.001045
46551.000000	0.500049	0.510854	0.798021	0.658178	-0.001038
46552.000000	0.500044	0.510849	0.798021	0.658178	-0.001029
46553.000000	0.500040	0.510843	0.798026	0.658187	-0.001022
46554.000000	0.500036	0.510838	0.798032	0.658198	-0.001014
46555.000000	0.500033	0.510831	0.798035	0.658201	-0.001008
46556.000000	0.500031	0.510831	0.798037	0.658205	-0.001006
46557.000000	0.500031	0.510831	0.798040	0.658209	-0.001013
46558.000000	0.500038	0.510831	0.798038	0.658207	-0.001016
46559.000000	0.500037	0.510827	0.798034	0.658200	-0.001020
46560.000000	0.500040	0.510825	0.798028	0.658192	-0.001015
46561.000000	0.500043	0.510826	0.798025	0.658187	-0.001011
46562.000000	0.500041	0.510820	0.798022	0.658182	-0.001007
46563.000000	0.500044	0.510819	0.798023	0.658183	-0.001009
46564.000000	0.500041	0.510816	0.798025	0.658187	-0.001016
46565.000000	0.500037	0.510812	0.798023	0.658184	-0.001023
46566.000000	0.500041	0.510817	0.798021	0.658180	-0.001025
46567.000000	0.500040	0.510822	0.798017	0.658175	-0.001019
46568.000000	0.500036	0.510819	0.798013	0.658168	-0.001021
46569.000000	0.500033	0.510815	0.798011	0.658164	-0.001025
46570.000000	0.500029	0.510812	0.798008	0.658159	-0.001030
46571.000000	0.500032	0.510811	0.798013	0.658168	-0.001046
46572.000000	0.500033	0.510806	0.798012	0.658167	-0.001054
46573.000000	0.500032	0.510803	0.798015	0.658171	-0.001058
46574.000000	0.500031	0.510805	0.798015	0.658171	-0.001059
46575.000000	0.500031	0.510806	0.798011	0.658165	-0.001060
46576.000000	0.500030	0.510805	0.798010	0.658163	-0.001066
46577.000000	0.500028	0.510804	0.798013	0.658168	-0.001074
46578.000000	0.500025	0.510798	0.798013	0.658167	-0.001078
46579.000000	0.500022	0.510792	0.798012	0.658166	-0.001081
46580.000000	0.500018	0.510786	0.798014	0.658168	-0.001074
46581.000000	0.500015	0.510784	0.798015	0.658169	-0.001068
46582.000000	0.500019	0.510784	0.798010	0.658163	-0.001068
46583.000000	0.500016	0.510779	0.798009	0.658161	-0.001069
46584.000000	0.500014	0.510777	0.798006	0.658157	-0.001066
46585.000000	0.500013	0.510781	0.798005	0.658154	-0.001058
46586.000000	0.500013	0.510779	0.798004	0.658153	-0.001057
46587.000000	0.500013	0.510772	0.798003	0.658151	-0.001058
46588.000000	0.500011	0.510764	0.798003	0.658149	-0.001065
46589.000000	0.500011	0.510767	0.798005	0.658152	-0.001075
46590.000000	0.500010	0.510764	0.798011	0.658163	-0.001073
46591.000000	0.500012	0.510768	0.798015	0.658171	-0.001057
46592.000000	0.500016	0.510779	0.798011	0.658165	-0.001054
46593.000000	0.500016	0.510781	0.798007	0.658159	-0.001055
46594.000000	0.500018	0.510784	0.798010	0.658163	-0.001048
46595.000000	0.500022	0.510787	0.798011	0.658165	-0.001045
46596.000000	0.500025	0.510795	0.798007	0.658159	-0.001044
46597.000000	0.500027	0.510799	0.798005	0.658156	-0.001041
46598.000000	0.500022	0.510795	0.798003	0.658153	-0.001034
46599.000000	0.500017	0.510794	0.798002	0.658151	-0.001029
46600.000000	0.500015	0.510790	0.798006	0.658156	-0.001036
46601.000000	0.500016	0.510787	0.798008	0.658159	-0.001050
46602.000000	0.500021	0.510793	0.798007	0.658157	-0.001058
46603.000000	0.500030	0.510802	0.798009	0.658161	-0.001057
46604.000000	0.500033	0.510805	0.798009	0.658161	-0.001052
46605.000000	0.500028	0.510800	0.798005	0.658155	-0.001049
46606.000000	0.500025	0.510794	0.798000	0.658147	-0.001052
46607.000000	0.500024	0.510788	0.797997	0.658143	-0.001056
46608.000000	0.500018	0.510782	0.798000	0.658148	-0.001064
46609.000000	0.500015	0.510782	0.798000	0.658148	-0.001070
46610.000000	0.500015	0.510776	0.798000	0.658147	-0.001064
46611.000000	0.500010	0.510771	0.798002	0.658151	-0.001056
46612.000000	0.500008	0.510765	0.798004	0.658153	-0.001053
46613.000000	0.500007	0.510760	0.798009	0.658161	-0.001037
46614.000000	0.500004	0.510757	0.798011	0.658165	-0.001024
46615.000000	0.500002	0.510761	0.798011	0.658164	-0.001018
46616.000000	0.499998	0.510759	0.798011	0.658165	-0.001012
46617.000000	0.499997	0.510753	0.798011	0.658164	-0.001015
46618.000000	0.499998	0.510752	0.798009	0.658160	-0.001015
46619.000000	0.500010	0.510757	0.798005	0.658155	-0.001017
46620.000000	0.500020	0.510768	0.798005	0.658155	-0.001022
46621.000000	0.500033	0.510769	0.798005	0.658154	-0.001015
46622.000000	0.500040	0.510775	0.798004	0.658153	-0.001018
46623.000000	0.500042	0.510779	0.798005	0.658155	-0.001031
46624.000000	0.500045	0.510776	0.798001	0.658149	-0.001030
46625.000000	0.500054	0.510783	0.798002	0.658151	-0.001023
46626.000000	0.500059	0.510782	0.798000	0.658147	-0.001018
46627.000000	0.500054	0.510780	0.797997	0.658143	-0.001015
46628.000000	0.500050	0.510774	0.797998	0.658143	-0.001009
46629.000000	0.500047	0.510773	0.797999	0.658145	-0.001000
46630.000000	0.500045	0.510772	0.798001	0.658148	-0.000994
46631.000000	0.500046	0.510779	0.798006	0.658157	-0.000986
46632.000000	0.500044	0.510785	0.798011	0.658165	-0.000984
46633.000000	0.500044	0.510791	0.798015	0.658172	-0.000985
46634.000000	0.500042	0.510801	0.798013	0.658169	-0.000981
46635.000000	0.500042	0.510812	0.798009	0.658162	-0.000982
46636.000000	0.500041	0.510817	0.798005	0.658157	-0.000978
46637.000000	0.500036	0.510813	0.798003	0.658153	-0.000973
46638.000000	0.500030	0.510807	0.798002	0.658152	-0.000969
46639.000000	0.500026	0.510806	0.797999	0.658147	-0.000969
46640.000000	0.500026	0.510811	0.798000	0.658147	-0.000975
46641.000000	0.500025	0.510813	0.797997	0.658143	-0.000979
46642.000000	0.500024	0.510816	0.797993	0.658136	-0.000979
46643.000000	0.500023	0.510818	0.797991	0.658134	-0.000983
46644.000000	0.500020	0.510813	0.797991	0.658133	-0.000979
46645.000000	0.500022	0.510807	0.797990	0.658131	-0.000980
46646.000000	0.500018	0.510804	0.797993	0.658137	-0.000989
46647.000000	0.500017	0.510803	0.797999	0.658147	-0.001003
46648.000000	0.500018	0.510804	0.797998	0.658146	-0.001004
46649.000000	0.500022	0.510810	0.798000	0.658147	-0.000996
46650.000000	0.500024	0.510821	0.798001	0.658149	-0.000990
46651.000000	0.500027	0.510822	0.798002	0.658150	-0.000981
46652.000000	0.500029	0.510820	0.798000	0.658147	-0.000983
46653.000000	0.500026	0.510820	0.797996	0.658142	-0.000987
46654.000000	0.500024	0.510822	0.797992	0.658135	-0.000987
46655.000000	0.500025	0.510822	0.797989	0.658130	-0.000986
46656.000000	0.500024	0.510821	0.797989	0.658131	-0.000987
46657.000000	0.500024	0.510826	0.797994	0.658138	-0.000993
46658.000000	0.500025	0.510838	0.797996	0.658142	-0.001001
46659.000000	0.500026	0.510842	0.798000	0.658148	-0.001015
46660.000000	0.500029	0.510848	0.798003	0.658153	-0.001030
46661.000000	0.500028	0.510849	0.798005	0.658156	-0.001041
46662.000000	0.500025	0.510845	0.798005	0.658157	-0.001042
46663.000000	0.500028	0.510843	0.798008	0.658161	-0.001033
46664.000000	0.500034	0.510850	0.798010	0.658164	-0.001029
46665.000000	0.500031	0.510852	0.798009	0.658163	-0.001033
46666.000000	0.500030	0.510856	0.798014	0.658171	-0.001037
46667.000000	0.500031	0.510860	0.798014	0.658172	-0.001036
46668.000000	0.500030	0.510861	0.798009	0.658164	-0.001035
46669.000000	0.500026	0.510854	0.798009	0.658164	-0.001046
46670.000000	0.500022	0.510849	0.798011	0.658167	-0.001062
46671.000000	0.500020	0.510843	0.798010	0.658165	-0.001074
46672.000000	0.500019	0.510837	0.798009	0.658163	-0.001083
46673.000000	0.500017	0.510833	0.798008	0.658161	-0.001087
46674.000000	0.500015	0.510830	0.798004	0.658155	-0.001093
46675.000000	0.500015	0.510832	0.798004	0.658155	-0.001100
46676.000000	0.500012	0.510834	0.798003	0.658153	-0.001098
46677.000000	0.500008	0.510831	0.798004	0.658154	-0.001095
46678.000000	0.500009	0.510827	0.798008	0.658160	-0.001105
46679.000000	0.500012	0.510827	0.798012	0.658167	-0.001121
46680.000000	0.500011	0.510829	0.798016	0.658173	-0.001131
46681.000000	0.500012	0.510834	0.798021	0.658183	-0.001127
46682.000000	0.500012	0.510835	0.798027	0.658193	-0.001114
46683.000000	0.500009	0.510835	0.798026	0.658191	-0.001112
46684.000000	0.500007	0.510830	0.798025	0.658189	-0.001116
46685.000000	0.500008	0.510827	0.798025	0.658189	-0.001126
46686.000000	0.500006	0.510827	0.798021	0.658183	-0.001129
46687.000000	0.500004	0.510831	0.798017	0.658177	-0.001127
46688.000000	0.500007	0.510831	0.798015	0.658173	-0.001122
46689.000000	0.500010	0.510837	0.798018	0.658178	-0.001114
46690.000000	0.500008	0.510834	0.798013	0.658172	-0.001109
46691.000000	0.500006	0.510843	0.798015	0.658174	-0.001110
46692.000000	0.500008	0.510854	0.798018	0.658180	-0.001121
46693.000000	0.500003	0.510855	0.798021	0.658184	-0.001137
46694.000000	0.499998	0.510853	0.798026	0.658192	-0.001154
46695.000000	0.499996	0.510849	0.798028	0.658196	-0.001167
46696.000000	0.499994	0.510849	0.798031	0.658201	-0.001182
46697.000000	0.499995	0.510852	0.798033	0.658203	-0.001191
46698.000000	0.499992	0.510853	0.798033	0.658202	-0.001191
46699.000000	0.499995	0.510858	0.798030	0.658199	-0.001195
46700.000000	0.500000	0.510866	0.798035	0.658207	-0.001208
46701.000000	0.500001	0.510867	0.798034	0.658205	-0.001215
46702.000000	0.499996	0.510865	0.798033	0.658203	-0.001208
46703.000000	0.499995	0.510866	0.798034	0.658204	-0.001200
46704.000000	0.499993	0.510862	0.798031	0.658200	-0.001195
46705.000000	0.499992	0.510859	0.798033	0.658203	-0.001189
46706.000000	0.499991	0.510854	0.798032	0.658201	-0.001182
46707.000000	0.499988	0.510853	0.798030	0.658197	-0.001176
46708.000000	0.499989	0.510860	0.798029	0.658196	-0.001178
46709.000000	0.499993	0.510860	0.798030	0.658196	-0.001188
46710.000000	0.499994	0.510858	0.798030	0.658197	-0.001195
46711.000000	0.499990	0.510860	0.798029	0.658195	-0.001192
46712.000000	0.499989	0.510867	0.798034	0.658202	-0.001188
46713.000000	0.499988	0.510871	0.798039	0.658211	-0.001177
46714.000000	0.499986	0.510866	0.798041	0.658215	-0.001166
46715.000000	0.499987	0.510865	0.798041	0.658214	-0.001161
46716.000000	0.499988	0.510872	0.798040	0.658212	-0.001166
46717.000000	0.499985	0.510872	0.798042	0.658215	-0.001178
46718.000000	0.499986	0.510870	0.798045	0.658220	-0.001192
46719.000000	0.499989	0.510875	0.798044	0.658219	-0.001194
46720.000000	0.499988	0.510872	0.798048	0.658224	-0.001179
46721.000000	0.499984	0.510869	0.798049	0.658227	-0.001166
46722.000000	0.499983	0.510866	0.798048	0.658225	-0.001160
46723.000000	0.499983	0.510864	0.798046	0.658221	-0.001158
46724.000000	0.499983	0.510870	0.798044	0.658218	-0.001163
46725.000000	0.499983	0.510872	0.798046	0.658220	-0.001168
46726.000000	0.499984	0.510868	0.798045	0.658219	-0.001170
46727.000000	0.499983	0.510867	0.798043	0.658215	-0.001170
46728.000000	0.499981	0.510863	0.798044	0.658217	-0.001178
46729.000000	0.499979	0.510863	0.798048	0.658224	-0.001182
46730.000000	0.499977	0.510861	0.798051	0.658228	-0.001188
46731.000000	0.499974	0.510860	0.798052	0.658229	-0.001196
46732.000000	0.499974	0.510861	0.798055	0.658234	-0.001212
46733.000000	0.499974	0.510859	0.798054	0.658233	-0.001220
46734.000000	0.499972	0.510862	0.798049	0.658225	-0.001218
46735.000000	0.499970	0.510867	0.798043	0.658218	-0.001220
46736.000000	0.499970	0.510869	0.798040	0.658212	-0.001227
46737.000000	0.499976	0.510891	0.798041	0.658214	-0.001236
46738.000000	0.499980	0.510909	0.798041	0.658214	-0.001246
46739.000000	0.499980	0.510916	0.798040	0.658211	-0.001253
46740.000000	0.499983	0.510924	0.798037	0.658207	-0.001250
46741.000000	0.499986	0.510932	0.798036	0.658204	-0.001242
46742.000000	0.499986	0.510935	0.798037	0.658206	-0.001240
46743.000000	0.499986	0.510946	0.798037	0.658206	-0.001244
46744.000000	0.499986	0.510945	0.798038	0.658206	-0.001253
46745.000000	0.499994	0.510948	0.798037	0.658205	-0.001250
46746.000000	0.499999	0.510952	0.798042	0.658213	-0.001244
46747.000000	0.499998	0.510953	0.798044	0.658217	-0.001248
46748.000000	0.499997	0.510950	0.798048	0.658223	-0.001259
46749.000000	0.500000	0.510957	0.798052	0.658230	-0.001265
46750.000000	0.500008	0.510963	0.798058	0.658241	-0.001254
46751.000000	0.500007	0.510961	0.798059	0.658242	-0.001244
46752.000000	0.500004	0.510954	0.798062	0.658247	-0.001231
46753.000000	0.500005	0.510947	0.798062	0.658246	-0.001223
46754.000000	0.500003	0.510945	0.798062	0.658246	-0.001216
46755.000000	0.500003	0.510942	0.798059	0.658242	-0.001221
46756.000000	0.500010	0.510945	0.798056	0.658236	-0.001224
46757.000000	0.500015	0.510941	0.798056	0.658237	-0.001235
46758.000000	0.500020	0.510958	0.798052	0.658230	-0.001234
46759.000000	0.500022	0.510967	0.798048	0.658225	-0.001227
46760.000000	0.500023	0.510972	0.798047	0.658223	-0.001225
46761.000000	0.500025	0.510974	0.798048	0.658224	-0.001228
46762.000000	0.500024	0.510982	0.798046	0.658220	-0.001236
46763.000000	0.500025	0.510990	0.798045	0.658219	-0.001239
46764.000000	0.500027	0.510991	0.798045	0.658217	-0.001247
46765.000000	0.500034	0.510997	0.798043	0.658214	-0.001248
46766.000000	0.500042	0.511015	0.798041	0.658212	-0.001246
46767.000000	0.500048	0.511035	0.798040	0.658210	-0.001249
46768.000000	0.500052	0.511040	0.798035	0.658203	-0.001245
46769.000000	0.500054	0.511048	0.798033	0.658199	-0.001243
46770.000000	0.500056	0.511048	0.798033	0.658199	-0.001247
46771.000000	0.500052	0.511046	0.798028	0.658191	-0.001246
46772.000000	0.500051	0.511047	0.798024	0.658186	-0.001241
46773.000000	0.500049	0.511044	0.798025	0.658187	-0.001236
46774.000000	0.500047	0.511038	0.798029	0.658193	-0.001231
46775.000000	0.500044	0.511034	0.798027	0.658190	-0.001227
46776.000000	0.500042	0.511036	0.798026	0.658188	-0.001232
46777.000000	0.500038	0.511034	0.798028	0.658191	-0.001245
46778.000000	0.500035	0.511031	0.798026	0.658187	-0.001254
46779.000000	0.500036	0.511030	0.798028	0.658191	-0.001255
46780.000000	0.500034	0.511025	0.798030	0.658194	-0.001249
46781.000000	0.500033	0.511021	0.798030	0.658194	-0.001239
46782.000000	0.500029	0.511021	0.798029	0.658191	-0.001236
46783.000000	0.500024	0.511016	0.798031	0.658194	-0.001235
46784.000000	0.500022	0.511013	0.798036	0.658204	-0.001221
46785.000000	0.500024	0.511014	0.798037	0.658204	-0.001213
46786.000000	0.500025	0.511015	0.798032	0.658198	-0.001216
46787.000000	0.500023	0.511015	0.798029	0.658193	-0.001223
46788.000000	0.500023	0.511013	0.798025	0.658187	-0.001229
46789.000000	0.500020	0.511007	0.798022	0.658182	-0.001225
46790.000000	0.500016	0.511000	0.798019	0.658178	-0.001220
46791.000000	0.500012	0.510992	0.798016	0.658173	-0.001216
46792.000000	0.500010	0.510985	0.798015	0.658170	-0.001221
46793.000000	0.500005	0.510978	0.798016	0.658172	-0.001230
46794.000000	0.500006	0.510979	0.798019	0.658176	-0.001234
46795.000000	0.500011	0.510981	0.798019	0.658177	-0.001229
46796.000000	0.500013	0.510995	0.798019	0.658176	-0.001222
46797.000000	0.500015	0.510995	0.798017	0.658173	-0.001226
46798.000000	0.500015	0.510990	0.798016	0.658170	-0.001234
46799.000000	0.500013	0.510992	0.798017	0.658172	-0.001239
46800.000000	0.500008	0.510990	0.798016	0.658169	-0.001245
46801.000000	0.500003	0.510984	0.798014	0.658166	-0.001250
46802.000000	0.500008	0.510983	0.798014	0.658166	-0.001248
46803.000000	0.500009	0.510984	0.798012	0.658163	-0.001245
46804.000000	0.500008	0.510980	0.798009	0.658158	-0.001240
46805.000000	0.500006	0.510982	0.798007	0.658155	-0.001231
46806.000000	0.500005	0.510986	0.798007	0.658155	-0.001222
46807.000000	0.500000	0.510981	0.798004	0.658150	-0.001216
46808.000000	0.500000	0.510982	0.798003	0.658148	-0.001205
46809.000000	0.500007	0.510985	0.798002	0.658147	-0.001198
46810.000000	0.500007	0.510985	0.798005	0.658150	-0.001194
46811.000000	0.500004	0.510984	0.798008	0.658155	-0.001194
46812.000000	0.500006	0.510985	0.798005	0.658150	-0.001202
46813.000000	0.500003	0.510982	0.798002	0.658147	-0.001199
46814.000000	0.500002	0.510980	0.798003	0.658147	-0.001190
46815.000000	0.499999	0.510978	0.798000	0.658143	-0.001185
46816.000000	0.499997	0.510976	0.797999	0.658141	-0.001181
46817.000000	0.499999	0.510975	0.797999	0.658140	-0.001178
46818.000000	0.500000	0.510973	0.798000	0.658141	-0.001184
46819.000000	0.499999	0.510975	0.797999	0.658140	-0.001193
46820.000000	0.499997	0.510971	0.798002	0.658144	-0.001202
46821.000000	0.499996	0.510969	0.798005	0.658148	-0.001214
46822.000000	0.499996	0.510967	0.798003	0.658145	-0.001219
46823.000000	0.499994	0.510963	0.798004	0.658146	-0.001213
46824.000000	0.499998	0.510963	0.798002	0.658143	-0.001210
46825.000000	0.499993	0.510959	0.797998	0.658137	-0.001207
46826.000000	0.499989	0.510959	0.797995	0.658132	-0.001197
46827.000000	0.499988	0.510957	0.797991	0.658126	-0.001195
46828.000000	0.499988	0.510962	0.797994	0.658131	-0.001209
46829.000000	0.499991	0.510964	0.797995	0.658133	-0.001216
46830.000000	0.499993	0.510969	0.797997	0.658135	-0.001210
46831.000000	0.500000	0.510974	0.797998	0.658137	-0.001204
46832.000000	0.500002	0.510981	0.798000	0.658140	-0.001211
46833.000000	0.500000	0.510991	0.798006	0.658151	-0.001224
46834.000000	0.500002	0.510999	0.798008	0.658154	-0.001235
46835.000000	0.500005	0.511000	0.798004	0.658149	-0.001241
46836.000000	0.500002	0.510997	0.798001	0.658143	-0.001237
46837.000000	0.500007	0.510993	0.797998	0.658139	-0.001234
46838.000000	0.500010	0.510986	0.797998	0.658138	-0.001233
46839.000000	0.500010	0.510984	0.797999	0.658139	-0.001230
46840.000000	0.500008	0.510979	0.798000	0.658140	-0.001225
46841.000000	0.500007	0.510976	0.798001	0.658142	-0.001218
46842.000000	0.500005	0.510978	0.798002	0.658143	-0.001204
46843.000000	0.500001	0.510973	0.798007	0.658153	-0.001187
46844.000000	0.499997	0.510967	0.798013	0.658162	-0.001181
46845.000000	0.499995	0.510969	0.798012	0.658161	-0.001185
46846.000000	0.499995	0.510971	0.798007	0.658153	-0.001191
46847.000000	0.499999	0.510966	0.798004	0.658149	-0.001186
46848.000000	0.499999	0.510960	0.798007	0.658154	-0.001174
46849.000000	0.499996	0.510957	0.798006	0.658152	-0.001166
46850.000000	0.499992	0.510950	0.798007	0.658153	-0.001155
46851.000000	0.499987	0.510944	0.798009	0.658157	-0.001142
46852.000000	0.499989	0.510942	0.798016	0.658168	-0.001132
46853.000000	0.499993	0.510937	0.798017	0.658171	-0.001135
46854.000000	0.499992	0.510933	0.798022	0.658178	-0.001146
46855.000000	0.499992	0.510944	0.798021	0.658176	-0.001151
46856.000000	0.499990	0.510954	0.798020	0.658175	-0.001150
46857.000000	0.499989	0.510954	0.798019	0.658172	-0.001142
46858.000000	0.499986	0.510955	0.798018	0.658171	-0.001134
46859.000000	0.499987	0.510954	0.798020	0.658173	-0.001128
46860.000000	0.499983	0.510958	0.798020	0.658173	-0.001122
46861.000000	0.499980	0.510956	0.798020	0.658173	-0.001117
46862.000000	0.499982	0.510959	0.798015	0.658166	-0.001119
46863.000000	0.499981	0.510964	0.798012	0.658162	-0.001129
46864.000000	0.499980	0.510969	0.798009	0.658157	-0.001136
46865.000000	0.499982	0.510973	0.798007	0.658153	-0.001137
46866.000000	0.499985	0.510975	0.798005	0.658149	-0.001142
46867.000000	0.499985	0.510976	0.798000	0.658142	-0.001146
46868.000000	0.499981	0.510978	0.797996	0.658137	-0.001143
46869.000000	0.499982	0.510975	0.797996	0.658135	-0.001136
46870.000000	0.499985	0.510971	0.797994	0.658133	-0.001138
46871.000000	0.499985	0.510967	0.797992	0.658129	-0.001144
46872.000000	0.499985	0.510961	0.797991	0.658128	-0.001151
46873.000000	0.499990	0.510965	0.797989	0.658125	-0.001158
46874.000000	0.499993	0.510966	0.797990	0.658125	-0.001158
46875.000000	0.499998	0.510967	0.797990	0.658125	-0.001167
46876.000000	0.500003	0.510964	0.797990	0.658125	-0.001166
46877.000000	0.500006	0.510964	0.797996	0.658136	-0.001151
46878.000000	0.500004	0.510963	0.798000	0.658143	-0.001137
46879.000000	0.500002	0.510964	0.797999	0.658141	-0.001138
46880.000000	0.500001	0.510967	0.798003	0.658148	-0.001150
46881.000000	0.500001	0.510963	0.798008	0.658156	-0.001161
46882.000000	0.500000	0.510961	0.798005	0.658152	-0.001163
46883.000000	0.499997	0.510960	0.798003	0.658148	-0.001165
46884.000000	0.499997	0.510960	0.798004	0.658150	-0.001172
46885.000000	0.499996	0.510963	0.798009	0.658158	-0.001167
46886.000000	0.499993	0.510961	0.798011	0.658161	-0.001158
46887.000000	0.499989	0.510958	0.798010	0.658159	-0.001152
46888.000000	0.499988	0.510958	0.798013	0.658165	-0.001150
46889.000000	0.499994	0.510964	0.798015	0.658168	-0.001151
46890.000000	0.499997	0.510960	0.798018	0.658173	-0.001155
46891.000000	0.500002	0.510960	0.798018	0.658174	-0.001154
46892.000000	0.500004	0.510962	0.798015	0.658168	-0.001149
46893.000000	0.500008	0.510964	0.798009	0.658161	-0.001143
46894.000000	0.500007	0.510957	0.798008	0.658159	-0.001144
46895.000000	0.500004	0.510950	0.798009	0.658159	-0.001142
46896.000000	0.500004	0.510946	0.798005	0.658153	-0.001138
46897.000000	0.500000	0.510940	0.798002	0.658148	-0.001135
46898.000000	0.499993	0.510933	0.797999	0.658144	-0.001137
46899.000000	0.499991	0.510933	0.797999	0.658143	-0.001139
46900.000000	0.499988	0.510931	0.798001	0.658146	-0.001138
46901.000000	0.499987	0.510930	0.798003	0.658150	-0.001132
46902.000000	0.499984	0.510929	0.798009	0.658161	-0.001121
46903.000000	0.499983	0.510926	0.798010	0.658162	-0.001120
46904.000000	0.499984	0.510924	0.798005	0.658155	-0.001122
46905.000000	0.499986	0.510924	0.798004	0.658152	-0.001125
46906.000000	0.499987	0.510939	0.798005	0.658154	-0.001133
46907.000000	0.499995	0.510943	0.798007	0.658157	-0.001142
46908.000000	0.499991	0.510941	0.798007	0.658157	-0.001151
46909.000000	0.499988	0.510939	0.798008	0.658158	-0.001157
46910.000000	0.499988	0.510936	0.798009	0.658159	-0.001159
46911.000000	0.499989	0.510941	0.798004	0.658151	-0.001162
46912.000000	0.499986	0.510942	0.798003	0.658150	-0.001152
46913.000000	0.499984	0.510942	0.798009	0.658160	-0.001141
46914.000000	0.499982	0.510941	0.798009	0.658161	-0.001140
46915.000000	0.499981	0.510938	0.798009	0.658159	-0.001138
46916.000000	0.499984	0.510941	0.798004	0.658153	-0.001140
46917.000000	0.499983	0.510948	0.798001	0.658148	-0.001141
46918.000000	0.499988	0.510955	0.797999	0.658145	-0.001142
46919.000000	0.499988	0.510951	0.797997	0.658140	-0.001145
46920.000000	0.499985	0.510948	0.797994	0.658136	-0.001149
46921.000000	0.499985	0.510943	0.797997	0.658141	-0.001161
46922.000000	0.499989	0.510944	0.797997	0.658141	-0.001170
46923.000000	0.499985	0.510950	0.797996	0.658139	-0.001176
46924.000000	0.499986	0.510961	0.797993	0.658134	-0.001181
46925.000000	0.499983	0.510962	0.797993	0.658134	-0.001188
46926.000000	0.499979	0.510959	0.797997	0.658140	-0.001200
46927.000000	0.499974	0.510957	0.797999	0.658145	-0.001212
46928.000000	0.499973	0.510960	0.798001	0.658148	-0.001222
46929.000000	0.499969	0.510957	0.798001	0.658146	-0.001231
46930.000000	0.499965	0.510952	0.798000	0.658144	-0.001242
46931.000000	0.499964	0.510944	0.797999	0.658142	-0.001250
46932.000000	0.499964	0.510938	0.798003	0.658150	-0.001255
46933.000000	0.499969	0.510933	0.798003	0.658149	-0.001256
46934.000000	0.499972	0.510933	0.798003	0.658149	-0.001249
46935.000000	0.499969	0.510932	0.797999	0.658143	-0.001245
46936.000000	0.499965	0.510926	0.797997	0.658140	-0.001239
46937.000000	0.499963	0.510920	0.797996	0.658138	-0.001235
46938.000000	0.499964	0.510918	0.797995	0.658136	-0.001236
46939.000000	0.499962	0.510918	0.797991	0.658130	-0.001232
46940.000000	0.499965	0.510927	0.797988	0.658126	-0.001226
46941.000000	0.499964	0.510924	0.797984	0.658119	-0.001222
46942.000000	0.499960	0.510920	0.797982	0.658117	-0.001216
46943.000000	0.499956	0.510919	0.797985	0.658120	-0.001209
46944.000000	0.499958	0.510921	0.797985	0.658121	-0.001203
46945.000000	0.499956	0.510919	0.797984	0.658118	-0.001207
46946.000000	0.499955	0.510920	0.797983	0.658116	-0.001213
46947.000000	0.499960	0.510933	0.797988	0.658126	-0.001219
46948.000000	0.499961	0.510934	0.797991	0.658131	-0.001215
46949.000000	0.499961	0.510934	0.797991	0.658131	-0.001205
46950.000000	0.499958	0.510934	0.797993	0.658133	-0.001195
46951.000000	0.499955	0.510930	0.797994	0.658136	-0.001191
46952.000000	0.499955	0.510931	0.797998	0.658142	-0.001198
46953.000000	0.499955	0.510936	0.798003	0.658149	-0.001213
46954.000000	0.499953	0.510937	0.798004	0.658152	-0.001225
46955.000000	0.499955	0.510940	0.798004	0.658151	-0.001227
46956.000000	0.499956	0.510941	0.798002	0.658147	-0.001220
46957.000000	0.499955	0.510944	0.797998	0.658141	-0.001219
46958.000000	0.499956	0.510945	0.797997	0.658140	-0.001225
46959.000000	0.499961	0.510958	0.798003	0.658151	-0.001221
46960.000000	0.499965	0.510955	0.798007	0.658159	-0.001204
46961.000000	0.499967	0.510953	0.798009	0.658162	-0.001200
46962.000000	0.499966	0.510953	0.798010	0.658163	-0.001201
46963.000000	0.499963	0.510950	0.798015	0.658170	-0.001195
46964.000000	0.499959	0.510947	0.798016	0.658172	-0.001184
46965.000000	0.499955	0.510939	0.798016	0.658171	-0.001174
46966.000000	0.499950	0.510933	0.798014	0.658169	-0.001169
46967.000000	0.499949	0.510938	0.798011	0.658164	-0.001172
46968.000000	0.499956	0.510940	0.798007	0.658158	-0.001165
46969.000000	0.499960	0.510933	0.798009	0.658162	-0.001165
46970.000000	0.499963	0.510930	0.798010	0.658162	-0.001176
46971.000000	0.499962	0.510930	0.798009	0.658160	-0.001184
46972.000000	0.499961	0.510938	0.798010	0.658162	-0.001190
46973.000000	0.499962	0.510940	0.798013	0.658166	-0.001196
46974.000000	0.499963	0.510940	0.798010	0.658162	-0.001202
46975.000000	0.499960	0.510939	0.798007	0.658157	-0.001207
46976.000000	0.499955	0.510933	0.798005	0.658153	-0.001204
46977.000000	0.499952	0.510926	0.798001	0.658147	-0.001202
46978.000000	0.499952	0.510920	0.798002	0.658149	-0.001196
46979.000000	0.499952	0.510915	0.798000	0.658145	-0.001196
46980.000000	0.499954	0.510913	0.798001	0.658147	-0.001201
46981.000000	0.499956	0.510912	0.798005	0.658153	-0.001207
46982.000000	0.499952	0.510910	0.798005	0.658153	-0.001217
46983.000000	0.499949	0.510906	0.798009	0.658160	-0.001232
46984.000000	0.499945	0.510901	0.798012	0.658165	-0.001248
46985.000000	0.499944	0.510896	0.798010	0.658161	-0.001253
46986.000000	0.499946	0.510898	0.798011	0.658163	-0.001250
46987.000000	0.499944	0.510900	0.798012	0.658165	-0.001249
46988.000000	0.499942	0.510901	0.798011	0.658163	-0.001251
46989.000000	0.499941	0.510902	0.798012	0.658164	-0.001255
46990.000000	0.499943	0.510910	0.798016	0.658172	-0.001249
46991.000000	0.499948	0.510908	0.798019	0.658177	-0.001236
46992.000000	0.499946	0.510905	0.798016	0.658172	-0.001243
46993.000000	0.499944	0.510904	0.798017	0.658173	-0.001255
46994.000000	0.499943	0.510902	0.798016	0.658171	-0.001261
46995.000000	0.499946	0.510904	0.798016	0.658171	-0.001255
46996.000000	0.499947	0.510902	0.798016	0.658170	-0.001248
46997.000000	0.499946	0.510901	0.798015	0.658169	-0.001243
46998.000000	0.499943	0.510899	0.798014	0.658166	-0.001240
46999.000000	0.499942	0.510897	0.798012	0.658163	-0.001235
47000.000000	0.499941	0.510898	0.798011	0.658161	-0.001224
47001.000000	0.499940	0.510896	0.798013	0.658164	-0.001211
47002.000000	0.499938	0.510890	0.798010	0.658159	-0.001205
47003.000000	0.499936	0.510888	0.798006	0.658153	-0.001203
47004.000000	0.499935	0.510889	0.798009	0.658158	-0.001215
47005.000000	0.499940	0.510891	0.798014	0.658166	-0.001221
47006.000000	0.499944	0.510900	0.798017	0.658172	-0.001208
47007.000000	0.499946	0.510906	0.798023	0.658183	-0.001194
47008.000000	0.499942	0.510900	0.798028	0.658191	-0.001187
47009.000000	0.499942	0.510899	0.798025	0.658187	-0.001188
47010.000000	0.499942	0.510897	0.798027	0.658191	-0.001178
47011.000000	0.499942	0.510899	0.798032	0.658200	-0.001161
47012.000000	0.499946	0.510904	0.798037	0.658207	-0.001149
47013.000000	0.499946	0.510914	0.798035	0.658204	-0.001145
47014.000000	0.499944	0.510918	0.798031	0.658198	-0.001145
47015.000000	0.499946	0.510922	0.798029	0.658194	-0.001152
47016.000000	0.499949	0.510934	0.798026	0.658191	-0.001148
47017.000000	0.499955	0.510942	0.798032	0.658200	-0.001131
47018.000000	0.499958	0.510948	0.798030	0.658196	-0.001130
47019.000000	0.499964	0.510959	0.798032	0.658200	-0.001138
47020.000000	0.499966	0.510968	0.798037	0.658209	-0.001141
47021.000000	0.499964	0.510969	0.798034	0.658205	-0.001145
47022.000000	0.499966	0.510969	0.798029	0.658198	-0.001142
47023.000000	0.499967	0.510965	0.798025	0.658192	-0.001140
47024.000000	0.499967	0.510963	0.798024	0.658189	-0.001141
47025.000000	0.499965	0.510962	0.798023	0.658187	-0.001137
47026.000000	0.499962	0.510960	0.798025	0.658190	-0.001125
47027.000000	0.499963	0.510964	0.798030	0.658199	-0.001119
47028.000000	0.499961	0.510964	0.798035	0.658209	-0.001120
47029.000000	0.499958	0.510957	0.798032	0.658204	-0.001121
47030.000000	0.499956	0.510955	0.798027	0.658196	-0.001122
47031.000000	0.499952	0.510949	0.798028	0.658198	-0.001129
47032.000000	0.499952	0.510942	0.798031	0.658202	-0.001141
47033.000000	0.499951	0.510943	0.798034	0.658209	-0.001156
47034.000000	0.499948	0.510938	0.798035	0.658210	-0.001170
47035.000000	0.499949	0.510939	0.798038	0.658215	-0.001184
47036.000000	0.499947	0.510939	0.798036	0.658211	-0.001194
47037.000000	0.499945	0.510946	0.798035	0.658208	-0.001196
47038.000000	0.499948	0.510954	0.798031	0.658203	-0.001193
47039.000000	0.499945	0.510953	0.798031	0.658202	-0.001190
47040.000000	0.499942	0.510948	0.798034	0.658207	-0.001187
47041.000000	0.499938	0.510939	0.798033	0.658205	-0.001191
47042.000000	0.499934	0.510938	0.798031	0.658202	-0.001195
47043.000000	0.499934	0.510940	0.798030	0.658200	-0.001194
47044.000000	0.499932	0.510944	0.798028	0.658196	-0.001186
47045.000000	0.499933	0.510942	0.798025	0.658192	-0.001181
47046.000000	0.499935	0.510944	0.798030	0.658201	-0.001172
47047.000000	0.499936	0.510942	0.798032	0.658204	-0.001163
47048.000000	0.499934	0.510938	0.798033	0.658205	-0.001159
47049.000000	0.499931	0.510933	0.798035	0.658207	-0.001166
47050.000000	0.499933	0.510932	0.798033	0.658204	-0.001172
47051.000000	0.499936	0.510931	0.798030	0.658200	-0.001177
47052.000000	0.499936	0.510930	0.798035	0.658209	-0.001193
47053.000000	0.499935	0.510927	0.798035	0.658209	-0.001201
47054.000000	0.499933	0.510924	0.798032	0.658203	-0.001202
47055.000000	0.499932	0.510922	0.798028	0.658198	-0.001202
47056.000000	0.499930	0.510920	0.798027	0.658195	-0.001207
47057.000000	0.499932	0.510924	0.798032	0.658206	-0.001220
47058.000000	0.499931	0.510918	0.798035	0.658210	-0.001228
47059.000000	0.499934	0.510916	0.798039	0.658217	-0.001224
47060.000000	0.499930	0.510917	0.798041	0.658219	-0.001215
47061.000000	0.499931	0.510917	0.798042	0.658220	-0.001206
47062.000000	0.499930	0.510914	0.798040	0.658218	-0.001200
47063.000000	0.499932	0.510912	0.798039	0.658215	-0.001193
47064.000000	0.499927	0.510912	0.798039	0.658215	-0.001191
47065.000000	0.499924	0.510911	0.798040	0.658215	-0.001190
47066.000000	0.499928	0.510906	0.798041	0.658217	-0.001191
47067.000000	0.499924	0.510898	0.798040	0.658215	-0.001196
47068.000000	0.499923	0.510891	0.798037	0.658210	-0.001196
47069.000000	0.499918	0.510883	0.798040	0.658215	-0.001188
47070.000000	0.499917	0.510886	0.798046	0.658227	-0.001191
47071.000000	0.499919	0.510891	0.798050	0.658233	-0.001200
47072.000000	0.499918	0.510893	0.798052	0.658236	-0.001213
47073.000000	0.499917	0.510891	0.798057	0.658244	-0.001229
47074.000000	0.499918	0.510890	0.798059	0.658248	-0.001235
47075.000000	0.499917	0.510890	0.798057	0.658245	-0.001229
47076.000000	0.499913	0.510887	0.798055	0.658241	-0.001230
47077.000000	0.499911	0.510888	0.798054	0.658239	-0.001240
47078.000000	0.499909	0.510884	0.798052	0.658236	-0.001247
47079.000000	0.499908	0.510884	0.798049	0.658231	-0.001244
47080.000000	0.499910	0.510893	0.798050	0.658233	-0.001235
47081.000000	0.499914	0.510888	0.798049	0.658231	-0.001231
47082.000000	0.499916	0.510887	0.798047	0.658228	-0.001240
47083.000000	0.499914	0.510881	0.798045	0.658224	-0.001249
47084.000000	0.499915	0.510879	0.798044	0.658221	-0.001258
47085.000000	0.499916	0.510880	0.798046	0.658224	-0.001270
47086.000000	0.499920	0.510886	0.798043	0.658220	-0.001274
47087.000000	0.499919	0.510889	0.798042	0.658218	-0.001264
47088.000000	0.499922	0.510888	0.798041	0.658216	-0.001265
47089.000000	0.499918	0.510884	0.798046	0.658226	-0.001280
47090.000000	0.499913	0.510879	0.798052	0.658236	-0.001289
47091.000000	0.499910	0.510875	0.798053	0.658238	-0.001293
47092.000000	0.499910	0.510873	0.798059	0.658248	-0.001299
47093.000000	0.499909	0.510873	0.798059	0.658248	-0.001305
47094.000000	0.499907	0.510870	0.798057	0.658245	-0.001299
47095.000000	0.499905	0.510863	0.798056	0.658243	-0.001289
47096.000000	0.499901	0.510856	0.798054	0.658240	-0.001282
47097.000000	0.499896	0.510849	0.798056	0.658243	-0.001280
47098.000000	0.499893	0.510847	0.798061	0.658252	-0.001282
47099.000000	0.499896	0.510845	0.798059	0.658248	-0.001284
47100.000000	0.499894	0.510846	0.798063	0.658255	-0.001281
47101.000000	0.499897	0.510846	0.798064	0.658258	-0.001276
47102.000000	0.499903	0.510845	0.798062	0.658254	-0.001278
47103.000000	0.499903	0.510839	0.798063	0.658255	-0.001279
47104.000000	0.499907	0.510840	0.798067	0.658261	-0.001276
47105.000000	0.499910	0.510861	0.798070	0.658267	-0.001272
47106.000000	0.499916	0.510878	0.798070	0.658266	-0.001273
47107.000000	0.499917	0.510887	0.798066	0.658261	-0.001270
47108.000000	0.499917	0.510893	0.798069	0.658266	-0.001265
47109.000000	0.499920	0.510899	0.798069	0.658266	-0.001262
47110.000000	0.499925	0.510906	0.798073	0.658272	-0.001249
47111.000000	0.499925	0.510907	0.798073	0.658272	-0.001238
47112.000000	0.499923	0.510905	0.798072	0.658270	-0.001237
47113.000000	0.499923	0.510902	0.798072	0.658269	-0.001240
47114.000000	0.499925	0.510899	0.798069	0.658264	-0.001237
47115.000000	0.499925	0.510899	0.798067	0.658261	-0.001235
47116.000000	0.499929	0.510901	0.798066	0.658259	-0.001240
47117.000000	0.499928	0.510903	0.798063	0.658254	-0.001247
47118.000000	0.499932	0.510900	0.798061	0.658251	-0.001254
47119.000000	0.499930	0.510894	0.798062	0.658253	-0.001268
47120.000000	0.499929	0.510890	0.798064	0.658255	-0.001279
47121.000000	0.499932	0.510888	0.798064	0.658255	-0.001276
47122.000000	0.499933	0.510885	0.798065	0.658257	-0.001281
47123.000000	0.499933	0.510886	0.798069	0.658264	-0.001296
47124.000000	0.499930	0.510890	0.798070	0.658265	-0.001309
47125.000000	0.499928	0.510892	0.798075	0.658274	-0.001322
47126.000000	0.499927	0.510889	0.798080	0.658282	-0.001323
47127.000000	0.499927	0.510884	0.798085	0.658292	-0.001315
47128.000000	0.499925	0.510878	0.798088	0.658297	-0.001305
47129.000000	0.499922	0.510874	0.798087	0.658294	-0.001298
47130.000000	0.499923	0.510871	0.798084	0.658290	-0.001294
47131.000000	0.499923	0.510867	0.798086	0.658292	-0.001296
47132.000000	0.499919	0.510865	0.798081	0.658286	-0.001292
47133.000000	0.499919	0.510868	0.798077	0.658279	-0.001288
47134.000000	0.499928	0.510878	0.798074	0.658275	-0.001282
47135.000000	0.499930	0.510883	0.798076	0.658278	-0.001279
47136.000000	0.499927	0.510887	0.798081	0.658287	-0.001274
47137.000000	0.499929	0.510889	0.798087	0.658297	-0.001260
47138.000000	0.499932	0.510886	0.798091	0.658304	-0.001248
47139.000000	0.499932	0.510886	0.798093	0.658308	-0.001250
47140.000000	0.499931	0.510887	0.798095	0.658310	-0.001256
47141.000000	0.499932	0.510885	0.798095	0.658309	-0.001258
47142.000000	0.499934	0.510881	0.798090	0.658303	-0.001256
47143.000000	0.499931	0.510874	0.798090	0.658302	-0.001253
47144.000000	0.499929	0.510868	0.798088	0.658298	-0.001247
47145.000000	0.499928	0.510863	0.798090	0.658302	-0.001237
47146.000000	0.499931	0.510859	0.798090	0.658301	-0.001233
47147.000000	0.499932	0.510859	0.798095	0.658311	-0.001240
47148.000000	0.499934	0.510863	0.798096	0.658312	-0.001247
47149.000000	0.499939	0.510864	0.798092	0.658306	-0.001245
47150.000000	0.499939	0.510865	0.798095	0.658312	-0.001244
47151.000000	0.499934	0.510864	0.798099	0.658318	-0.001246
47152.000000	0.499933	0.510861	0.798104	0.658327	-0.001251
47153.000000	0.499935	0.510854	0.798105	0.658328	-0.001264
47154.000000	0.499932	0.510847	0.798110	0.658338	-0.001274
47155.000000	0.499930	0.510842	0.798115	0.658345	-0.001269
47156.000000	0.499931	0.510840	0.798113	0.658343	-0.001264
47157.000000	0.499931	0.510837	0.798112	0.658341	-0.001271
47158.000000	0.499930	0.510834	0.798117	0.658350	-0.001290
47159.000000	0.499925	0.510829	0.798117	0.658349	-0.001301
47160.000000	0.499920	0.510823	0.798114	0.658345	-0.001310
47161.000000	0.499918	0.510821	0.798115	0.658346	-0.001315
47162.000000	0.499917	0.510819	0.798112	0.658342	-0.001310
47163.000000	0.499914	0.510816	0.798110	0.658337	-0.001309
47164.000000	0.499908	0.510811	0.798110	0.658337	-0.001312
47165.000000	0.499907	0.510805	0.798111	0.658339	-0.001315
47166.000000	0.499910	0.510821	0.798114	0.658344	-0.001318
47167.000000	0.499918	0.510827	0.798111	0.658339	-0.001319
47168.000000	0.499925	0.510837	0.798110	0.658338	-0.001313
47169.000000	0.499930	0.510836	0.798113	0.658342	-0.001305
47170.000000	0.499926	0.510829	0.798113	0.658342	-0.001303
47171.000000	0.499922	0.510825	0.798110	0.658336	-0.001302
47172.000000	0.499923	0.510830	0.798105	0.658329	-0.001302
47173.000000	0.499922	0.510830	0.798106	0.658331	-0.001314
47174.000000	0.499919	0.510829	0.798111	0.658340	-0.001330
47175.000000	0.499915	0.510823	0.798114	0.658344	-0.001342
47176.000000	0.499918	0.510822	0.798116	0.658347	-0.001351
47177.000000	0.499919	0.510822	0.798117	0.658349	-0.001353
47178.000000	0.499920	0.510823	0.798117	0.658348	-0.001347
47179.000000	0.499924	0.510836	0.798117	0.658347	-0.001338
47180.000000	0.499929	0.510850	0.798117	0.658347	-0.001329
47181.000000	0.499932	0.510853	0.798115	0.658344	-0.001328
47182.000000	0.499931	0.510846	0.798111	0.658338	-0.001332
47183.000000	0.499933	0.510846	0.798113	0.658341	-0.001323
47184.000000	0.499931	0.510843	0.798117	0.658349	-0.001308
47185.000000	0.499927	0.510839	0.798123	0.658359	-0.001295
47186.000000	0.499923	0.510836	0.798125	0.658363	-0.001286
47187.000000	0.499920	0.510835	0.798128	0.658367	-0.001283
47188.000000	0.499917	0.510835	0.798129	0.658368	-0.001283
47189.000000	0.499919	0.510835	0.798126	0.658363	-0.001279
47190.000000	0.499916	0.510834	0.798125	0.658360	-0.001277
47191.000000	0.499917	0.510837	0.798123	0.658358	-0.001274
47192.000000	0.499919	0.510840	0.798120	0.658353	-0.001270
47193.000000	0.499920	0.510839	0.798119	0.658351	-0.001266
47194.000000	0.499918	0.510837	0.798121	0.658355	-0.001264
47195.000000	0.499922	0.510841	0.798125	0.658361	-0.001259
47196.000000	0.499922	0.510847	0.798126	0.658362	-0.001261
47197.000000	0.499920	0.510848	0.798128	0.658366	-0.001271
47198.000000	0.499920	0.510847	0.798127	0.658364	-0.001277
47199.000000	0.499926	0.510852	0.798127	0.658363	-0.001267
47200.000000	0.499932	0.510854	0.798130	0.658369	-0.001258
47201.000000	0.499934	0.510854	0.798130	0.658368	-0.001260
47202.000000	0.499933	0.510853	0.798127	0.658363	-0.001259
47203.000000	0.499931	0.510854	0.798126	0.658361	-0.001259
47204.000000	0.499927	0.510855	0.798128	0.658364	-0.001268
47205.000000	0.499926	0.510857	0.798130	0.658368	-0.001276
47206.000000	0.499931	0.510861	0.798131	0.658368	-0.001281
47207.000000	0.499931	0.510862	0.798130	0.658367	-0.001278
47208.000000	0.499930	0.510862	0.798134	0.658374	-0.001275
47209.000000	0.499927	0.510858	0.798132	0.658370	-0.001275
47210.000000	0.499926	0.510852	0.798131	0.658369	-0.001267
47211.000000	0.499925	0.510850	0.798133	0.658371	-0.001253
47212.000000	0.499929	0.510849	0.798133	0.658371	-0.001244
47213.000000	0.499927	0.510844	0.798130	0.658367	-0.001245
47214.000000	0.499925	0.510835	0.798129	0.658364	-0.001251
47215.000000	0.499924	0.510833	0.798128	0.658362	-0.001253
47216.000000	0.499921	0.510834	0.798131	0.658367	-0.001258
47217.000000	0.499916	0.510831	0.798137	0.658378	-0.001269
47218.000000	0.499914	0.510834	0.798141	0.658385	-0.001281
47219.000000	0.499914	0.510834	0.798144	0.658390	-0.001295
47220.000000	0.499918	0.510840	0.798140	0.658384	-0.001297
47221.000000	0.499920	0.510839	0.798140	0.658383	-0.001294
47222.000000	0.499914	0.510832	0.798139	0.658381	-0.001286
47223.000000	0.499912	0.510827	0.798135	0.658376	-0.001283
47224.000000	0.499912	0.510823	0.798132	0.658371	-0.001280
47225.000000	0.499910	0.510824	0.798127	0.658364	-0.001280
47226.000000	0.499910	0.510826	0.798128	0.658366	-0.001288
47227.000000	0.499906	0.510822	0.798127	0.658363	-0.001294
47228.000000	0.499905	0.510815	0.798125	0.658360	-0.001295
47229.000000	0.499903	0.510808	0.798123	0.658357	-0.001297
47230.000000	0.499901	0.510803	0.798128	0.658365	-0.001306
47231.000000	0.499903	0.510798	0.798125	0.658360	-0.001307
47232.000000	0.499905	0.510797	0.798124	0.658359	-0.001311
47233.000000	0.499904	0.510796	0.798128	0.658366	-0.001326
47234.000000	0.499902	0.510791	0.798129	0.658367	-0.001334
47235.000000	0.499898	0.510789	0.798128	0.658365	-0.001334
47236.000000	0.499895	0.510784	0.798127	0.658363	-0.001336
47237.000000	0.499890	0.510781	0.798129	0.658366	-0.001344
47238.000000	0.499888	0.510777	0.798130	0.658367	-0.001352
47239.000000	0.499889	0.510781	0.798130	0.658367	-0.001358
47240.000000	0.499885	0.510779	0.798127	0.658363	-0.001360
47241.000000	0.499885	0.510775	0.798126	0.658360	-0.001354
47242.000000	0.499891	0.510781	0.798127	0.658361	-0.001347
47243.000000	0.499890	0.510787	0.798126	0.658359	-0.001341
47244.000000	0.499893	0.510794	0.798122	0.658354	-0.001340
47245.000000	0.499897	0.510804	0.798126	0.658361	-0.001350
47246.000000	0.499897	0.510808	0.798129	0.658365	-0.001364
47247.000000	0.499897	0.510806	0.798131	0.658368	-0.001377
47248.000000	0.499898	0.510806	0.798128	0.658363	-0.001381
47249.000000	0.499893	0.510807	0.798122	0.658355	-0.001378
47250.000000	0.499893	0.510810	0.798119	0.658350	-0.001379
47251.000000	0.499896	0.510819	0.798120	0.658352	-0.001381
47252.000000	0.499894	0.510823	0.798120	0.658352	-0.001379
47253.000000	0.499893	0.510832	0.798124	0.658358	-0.001370
47254.000000	0.499888	0.510831	0.798124	0.658358	-0.001363
47255.000000	0.499889	0.510829	0.798122	0.658355	-0.001353
47256.000000	0.499884	0.510828	0.798120	0.658351	-0.001350
47257.000000	0.499878	0.510823	0.798118	0.658348	-0.001345
47258.000000	0.499873	0.510818	0.798117	0.658346	-0.001342
47259.000000	0.499870	0.510820	0.798121	0.658353	-0.001348
47260.000000	0.499869	0.510821	0.798126	0.658362	-0.001361
47261.000000	0.499866	0.510821	0.798128	0.658365	-0.001372
47262.000000	0.499864	0.510814	0.798128	0.658364	-0.001375
47263.000000	0.499863	0.510812	0.798129	0.658365	-0.001374
47264.000000	0.499863	0.510816	0.798131	0.658368	-0.001369
47265.000000	0.499867	0.510815	0.798133	0.658371	-0.001365
47266.000000	0.499867	0.510809	0.798131	0.658368	-0.001369
47267.000000	0.499872	0.510809	0.798133	0.658370	-0.001380
47268.000000	0.499877	0.510815	0.798137	0.658377	-0.001389
47269.000000	0.499880	0.510812	0.798139	0.658381	-0.001386
47270.000000	0.499886	0.510810	0.798140	0.658383	-0.001376
47271.000000	0.499889	0.510811	0.798140	0.658383	-0.001374
47272.000000	0.499894	0.510821	0.798140	0.658383	-0.001374
47273.000000	0.499899	0.510821	0.798139	0.658381	-0.001382
47274.000000	0.499899	0.510822	0.798139	0.658380	-0.001387
47275.000000	0.499900	0.510822	0.798136	0.658376	-0.001386
47276.000000	0.499899	0.510821	0.798137	0.658376	-0.001379
47277.000000	0.499896	0.510824	0.798136	0.658375	-0.001376
47278.000000	0.499895	0.510831	0.798134	0.658372	-0.001376
47279.000000	0.499893	0.510835	0.798131	0.658368	-0.001379
47280.000000	0.499897	0.510838	0.798131	0.658367	-0.001384
47281.000000	0.499903	0.510835	0.798135	0.658374	-0.001392
47282.000000	0.499908	0.510832	0.798136	0.658375	-0.001385
47283.000000	0.499915	0.510828	0.798135	0.658373	-0.001378
47284.000000	0.499919	0.510830	0.798131	0.658367	-0.001382
47285.000000	0.499919	0.510835	0.798134	0.658373	-0.001396
47286.000000	0.499920	0.510846	0.798140	0.658382	-0.001406
47287.000000	0.499918	0.510848	0.798143	0.658387	-0.001410
47288.000000	0.499919	0.510844	0.798141	0.658383	-0.001415
47289.000000	0.499915	0.510842	0.798137	0.658378	-0.001419
47290.000000	0.499915	0.510835	0.798135	0.658375	-0.001419
47291.000000	0.499920	0.510831	0.798134	0.658373	-0.001422
47292.000000	0.499921	0.510828	0.798139	0.658380	-0.001425
47293.000000	0.499918	0.510824	0.798142	0.658386	-0.001424
47294.000000	0.499918	0.510824	0.798145	0.658391	-0.001431
47295.000000	0.499912	0.510819	0.798148	0.658395	-0.001435
47296.000000	0.499912	0.510815	0.798146	0.658392	-0.001432
47297.000000	0.499914	0.510813	0.798144	0.658388	-0.001425
47298.000000	0.499914	0.510814	0.798141	0.658384	-0.001418
47299.000000	0.499915	0.510815	0.798139	0.658381	-0.001411
47300.000000	0.499917	0.510818	0.798138	0.658378	-0.001403
47301.000000	0.499921	0.510819	0.798139	0.658379	-0.001392
47302.000000	0.499928	0.510823	0.798141	0.658383	-0.001386
47303.000000	0.499931	0.510816	0.798142	0.658385	-0.001393
47304.000000	0.499931	0.510813	0.798147	0.658393	-0.001402
47305.000000	0.499932	0.510812	0.798146	0.658391	-0.001404
47306.000000	0.499938	0.510812	0.798142	0.658386	-0.001404
47307.000000	0.499936	0.510805	0.798139	0.658381	-0.001402
47308.000000	0.499933	0.510802	0.798138	0.658378	-0.001401
47309.000000	0.499934	0.510803	0.798137	0.658376	-0.001400
47310.000000	0.499934	0.510797	0.798137	0.658375	-0.001405
47311.000000	0.499931	0.510791	0.798137	0.658376	-0.001411
47312.000000	0.499930	0.510788	0.798140	0.658380	-0.001423
47313.000000	0.499928	0.510787	0.798141	0.658383	-0.001433
47314.000000	0.499924	0.510785	0.798137	0.658376	-0.001436
47315.000000	0.499928	0.510784	0.798134	0.658372	-0.001432
47316.000000	0.499930	0.510788	0.798138	0.658378	-0.001417
47317.000000	0.499933	0.510795	0.798139	0.658380	-0.001405
47318.000000	0.499937	0.510810	0.798139	0.658379	-0.001403
47319.000000	0.499938	0.510821	0.798138	0.658379	-0.001401
47320.000000	0.499940	0.510820	0.798138	0.658377	-0.001403
47321.000000	0.499938	0.510820	0.798142	0.658384	-0.001401
47322.000000	0.499938	0.510821	0.798146	0.658391	-0.001388
47323.000000	0.499935	0.510814	0.798145	0.658390	-0.001377
47324.000000	0.499931	0.510808	0.798141	0.658384	-0.001378
47325.000000	0.499928	0.510805	0.798139	0.658381	-0.001388
47326.000000	0.499931	0.510804	0.798139	0.658380	-0.001391
47327.000000	0.499930	0.510798	0.798135	0.658375	-0.001386
47328.000000	0.499929	0.510800	0.798134	0.658372	-0.001380
47329.000000	0.499925	0.510802	0.798131	0.658367	-0.001379
47330.000000	0.499929	0.510804	0.798129	0.658364	-0.001371
47331.000000	0.499932	0.510808	0.798129	0.658363	-0.001365
47332.000000	0.499934	0.510807	0.798128	0.658361	-0.001373
47333.000000	0.499938	0.510808	0.798128	0.658362	-0.001382
47334.000000	0.499939	0.510814	0.798128	0.658361	-0.001374
47335.000000	0.499936	0.510818	0.798132	0.658369	-0.001357
47336.000000	0.499940	0.510828	0.798134	0.658371	-0.001345
47337.000000	0.499947	0.510838	0.798137	0.658377	-0.001333
47338.000000	0.499949	0.510845	0.798138	0.658377	-0.001329
47339.000000	0.499949	0.510847	0.798137	0.658377	-0.001322
47340.000000	0.499950	0.510852	0.798138	0.658377	-0.001312
47341.000000	0.499953	0.510857	0.798136	0.658374	-0.001319
47342.000000	0.499951	0.510858	0.798134	0.658371	-0.001329
47343.000000	0.499945	0.510857	0.798135	0.658372	-0.001337
47344.000000	0.499942	0.510862	0.798133	0.658369	-0.001345
47345.000000	0.499941	0.510864	0.798134	0.658370	-0.001357
47346.000000	0.499942	0.510866	0.798136	0.658372	-0.001368
47347.000000	0.499944	0.510863	0.798138	0.658376	-0.001375
47348.000000	0.499943	0.510860	0.798134	0.658370	-0.001370
47349.000000	0.499942	0.510860	0.798131	0.658364	-0.001372
47350.000000	0.499943	0.510866	0.798133	0.658368	-0.001367
47351.000000	0.499948	0.510861	0.798136	0.658373	-0.001358
47352.000000	0.499952	0.510856	0.798134	0.658369	-0.001359
47353.000000	0.499953	0.510859	0.798132	0.658367	-0.001353
47354.000000	0.499954	0.510866	0.798134	0.658370	-0.001346
47355.000000	0.499954	0.510866	0.798139	0.658379	-0.001336
47356.000000	0.499959	0.510871	0.798139	0.658379	-0.001328
47357.000000	0.499959	0.510874	0.798140	0.658379	-0.001321
47358.000000	0.499956	0.510870	0.798143	0.658384	-0.001310
47359.000000	0.499956	0.510867	0.798148	0.658393	-0.001294
47360.000000	0.499956	0.510861	0.798150	0.658396	-0.001281
47361.000000	0.499955	0.510857	0.798147	0.658392	-0.001276
47362.000000	0.499952	0.510859	0.798142	0.658385	-0.001280
47363.000000	0.499950	0.510855	0.798138	0.658379	-0.001285
47364.000000	0.499957	0.510857	0.798135	0.658374	-0.001285
47365.000000	0.499957	0.510864	0.798133	0.658370	-0.001283
47366.000000	0.499955	0.510867	0.798129	0.658365	-0.001283
47367.000000	0.499960	0.510869	0.798130	0.658366	-0.001291
47368.000000	0.499961	0.510867	0.798131	0.658366	-0.001287
47369.000000	0.499959	0.510869	0.798132	0.658368	-0.001274
47370.000000	0.499957	0.510863	0.798132	0.658368	-0.001263
47371.000000	0.499958	0.510861	0.798129	0.658363	-0.001263
47372.000000	0.499960	0.510862	0.798129	0.658363	-0.001271
47373.000000	0.499958	0.510860	0.798134	0.658371	-0.001285
47374.000000	0.499959	0.510860	0.798138	0.658379	-0.001298
47375.000000	0.499962	0.510864	0.798140	0.658382	-0.001306
47376.000000	0.499965	0.510879	0.798140	0.658382	-0.001301
47377.000000	0.499974	0.510890	0.798138	0.658378	-0.001297
47378.000000	0.499976	0.510893	0.798140	0.658382	-0.001299
47379.000000	0.499977	0.510890	0.798145	0.658391	-0.001300
47380.000000	0.499974	0.510882	0.798145	0.658390	-0.001300
47381.000000	0.499972	0.510877	0.798147	0.658392	-0.001299
47382.000000	0.499970	0.510874	0.798151	0.658399	-0.001303
47383.000000	0.499966	0.510868	0.798152	0.658402	-0.001305
47384.000000	0.499962	0.510863	0.798154	0.658404	-0.001305
47385.000000	0.499961	0.510863	0.798157	0.658409	-0.001308
47386.000000	0.499961	0.510864	0.798157	0.658408	-0.001310
47387.000000	0.499963	0.510871	0.798155	0.658405	-0.001309
47388.000000	0.499961	0.510871	0.798153	0.658401	-0.001304
47389.000000	0.499957	0.510865	0.798154	0.658404	-0.001302
47390.000000	0.499958	0.510863	0.798154	0.658403	-0.001305
47391.000000	0.499955	0.510857	0.798152	0.658399	-0.001311
47392.000000	0.499952	0.510851	0.798152	0.658400	-0.001318
47393.000000	0.499951	0.510851	0.798158	0.658409	-0.001327
47394.000000	0.499950	0.510847	0.798159	0.658412	-0.001333
47395.000000	0.499955	0.510842	0.798160	0.658412	-0.001337
47396.000000	0.499953	0.510839	0.798162	0.658416	-0.001325
47397.000000	0.499952	0.510837	0.798165	0.658421	-0.001311
47398.000000	0.499947	0.510834	0.798164	0.658419	-0.001305
47399.000000	0.499946	0.510834	0.798161	0.658415	-0.001303
47400.000000	0.499949	0.510828	0.798159	0.658411	-0.001304
47401.000000	0.499950	0.510833	0.798159	0.658410	-0.001309
47402.000000	0.499945	0.510833	0.798157	0.658407	-0.001317
47403.000000	0.499943	0.510833	0.798156	0.658405	-0.001312
47404.000000	0.499940	0.510827	0.798160	0.658413	-0.001300
47405.000000	0.499939	0.510822	0.798164	0.658420	-0.001290
47406.000000	0.499938	0.510822	0.798171	0.658432	-0.001276
47407.000000	0.499939	0.510827	0.798172	0.658434	-0.001269
47408.000000	0.499936	0.510828	0.798171	0.658431	-0.001266
47409.000000	0.499932	0.510824	0.798167	0.658425	-0.001264
47410.000000	0.499931	0.510823	0.798163	0.658420	-0.001267
47411.000000	0.499927	0.510817	0.798164	0.658421	-0.001278
47412.000000	0.499921	0.510810	0.798164	0.658421	-0.001287
47413.000000	0.499920	0.510805	0.798165	0.658422	-0.001291
47414.000000	0.499917	0.510802	0.798165	0.658421	-0.001287
47415.000000	0.499913	0.510798	0.798166	0.658422	-0.001278
47416.000000	0.499908	0.510793	0.798164	0.658419	-0.001275
47417.000000	0.499906	0.510787	0.798159	0.658412	-0.001273
47418.000000	0.499905	0.510783	0.798157	0.658408	-0.001270
47419.000000	0.499903	0.510779	0.798159	0.658412	-0.001273
47420.000000	0.499901	0.510774	0.798160	0.658413	-0.001279
47421.000000	0.499898	0.510774	0.798155	0.658407	-0.001282
47422.000000	0.499899	0.510774	0.798159	0.658413	-0.001286
47423.000000	0.499898	0.510772	0.798158	0.658411	-0.001285
47424.000000	0.499893	0.510768	0.798156	0.658408	-0.001276
47425.000000	0.499894	0.510767	0.798152	0.658401	-0.001271
47426.000000	0.499894	0.510763	0.798151	0.658400	-0.001269
47427.000000	0.499890	0.510757	0.798152	0.658401	-0.001262
47428.000000	0.499888	0.510756	0.798157	0.658409	-0.001254
47429.000000	0.499889	0.510755	0.798156	0.658408	-0.001252
47430.000000	0.499890	0.510755	0.798153	0.658403	-0.001252
47431.000000	0.499891	0.510759	0.798152	0.658401	-0.001254
47432.000000	0.499889	0.510762	0.798157	0.658410	-0.001268
47433.000000	0.499886	0.510757	0.798162	0.658418	-0.001284
47434.000000	0.499887	0.510758	0.798162	0.658419	-0.001292
47435.000000	0.499884	0.510760	0.798162	0.658418	-0.001293
47436.000000	0.499884	0.510762	0.798167	0.658426	-0.001299
47437.000000	0.499880	0.510755	0.798169	0.658428	-0.001304
47438.000000	0.499878	0.510750	0.798166	0.658424	-0.001308
47439.000000	0.499876	0.510748	0.798164	0.658421	-0.001303
47440.000000	0.499872	0.510742	0.798165	0.658422	-0.001294
47441.000000	0.499872	0.510736	0.798169	0.658428	-0.001297
47442.000000	0.499873	0.510737	0.798172	0.658434	-0.001308
47443.000000	0.499881	0.510736	0.798173	0.658436	-0.001311
47444.000000	0.499883	0.510733	0.798173	0.658436	-0.001308
47445.000000	0.499890	0.510728	0.798170	0.658431	-0.001310
47446.000000	0.499891	0.510736	0.798169	0.658428	-0.001311
47447.000000	0.499895	0.510750	0.798168	0.658427	-0.001315
47448.000000	0.499897	0.510764	0.798166	0.658424	-0.001318
47449.000000	0.499902	0.510782	0.798164	0.658419	-0.001319
47450.000000	0.499902	0.510788	0.798162	0.658416	-0.001321
47451.000000	0.499900	0.510795	0.798159	0.658412	-0.001317
47452.000000	0.499900	0.510795	0.798156	0.658407	-0.001318
47453.000000	0.499900	0.510792	0.798157	0.658409	-0.001328
47454.000000	0.499903	0.510795	0.798155	0.658405	-0.001333
47455.000000	0.499900	0.510795	0.798153	0.658401	-0.001329
47456.000000	0.499901	0.510796	0.798154	0.658404	-0.001323
47457.000000	0.499902	0.510793	0.798156	0.658407	-0.001319
47458.000000	0.499897	0.510788	0.798153	0.658402	-0.001313
47459.000000	0.499894	0.510783	0.798152	0.658399	-0.001304
47460.000000	0.499890	0.510780	0.798149	0.658395	-0.001295
47461.000000	0.499887	0.510778	0.798152	0.658400	-0.001286
47462.000000	0.499893	0.510781	0.798151	0.658399	-0.001291
47463.000000	0.499894	0.510782	0.798151	0.658398	-0.001302
47464.000000	0.499898	0.510784	0.798153	0.658400	-0.001295
47465.000000	0.499899	0.510791	0.798157	0.658408	-0.001278
47466.000000	0.499903	0.510793	0.798159	0.658411	-0.001273
47467.000000	0.499903	0.510788	0.798159	0.658411	-0.001277
47468.000000	0.499899	0.510785	0.798159	0.658411	-0.001284
47469.000000	0.499896	0.510779	0.798159	0.658410	-0.001294
47470.000000	0.499900	0.510776	0.798160	0.658411	-0.001299
47471.000000	0.499907	0.510776	0.798161	0.658412	-0.001290
47472.000000	0.499903	0.510775	0.798163	0.658415	-0.001283
47473.000000	0.499902	0.510775	0.798163	0.658414	-0.001280
47474.000000	0.499911	0.510779	0.798160	0.658410	-0.001275
47475.000000	0.499911	0.510779	0.798160	0.658410	-0.001266
47476.000000	0.499913	0.510782	0.798158	0.658406	-0.001269
47477.000000	0.499911	0.510778	0.798157	0.658405	-0.001277
47478.000000	0.499911	0.510775	0.798161	0.658410	-0.001282
47479.000000	0.499913	0.510775	0.798159	0.658408	-0.001283
47480.000000	0.499915	0.510776	0.798157	0.658405	-0.001285
47481.000000	0.499911	0.510771	0.798160	0.658410	-0.001298
47482.000000	0.499908	0.510767	0.798163	0.658415	-0.001307
47483.000000	0.499908	0.510762	0.798166	0.658419	-0.001309
47484.000000	0.499909	0.510755	0.798165	0.658417	-0.001316
47485.000000	0.499905	0.510749	0.798167	0.658419	-0.001323
47486.000000	0.499900	0.510743	0.798166	0.658419	-0.001325
47487.000000	0.499900	0.510741	0.798168	0.658421	-0.001320
47488.000000	0.499898	0.510743	0.798172	0.658428	-0.001307
47489.000000	0.499893	0.510741	0.798176	0.658435	-0.001294
47490.000000	0.499896	0.510738	0.798180	0.658441	-0.001294
47491.000000	0.499904	0.510734	0.798180	0.658440	-0.001302
47492.000000	0.499903	0.510729	0.798184	0.658448	-0.001310
47493.000000	0.499901	0.510726	0.798187	0.658452	-0.001306
47494.000000	0.499896	0.510720	0.798189	0.658456	-0.001298
47495.000000	0.499896	0.510719	0.798195	0.658466	-0.001298
47496.000000	0.499892	0.510714	0.798194	0.658465	-0.001299
47497.000000	0.499893	0.510713	0.798191	0.658460	-0.001304
47498.000000	0.499895	0.510713	0.798192	0.658461	-0.001304
47499.000000	0.499893	0.510711	0.798197	0.658471	-0.001300
47500.000000	0.499891	0.510708	0.798198	0.658471	-0.001301
47501.000000	0.499886	0.510702	0.798197	0.658469	-0.001312
47502.000000	0.499887	0.510701	0.798201	0.658476	-0.001326
47503.000000	0.499888	0.510701	0.798203	0.658481	-0.001334
47504.000000	0.499885	0.510698	0.798198	0.658474	-0.001333
47505.000000	0.499887	0.510702	0.798202	0.658480	-0.001328
47506.000000	0.499889	0.510702	0.798201	0.658478	-0.001325
47507.000000	0.499890	0.510702	0.798198	0.658473	-0.001321
47508.000000	0.499887	0.510695	0.798194	0.658468	-0.001318
47509.000000	0.499884	0.510695	0.798195	0.658469	-0.001316
47510.000000	0.499881	0.510700	0.798197	0.658472	-0.001316
47511.000000	0.499880	0.510703	0.798201	0.658478	-0.001315
47512.000000	0.499878	0.510707	0.798200	0.658476	-0.001319
47513.000000	0.499877	0.510707	0.798196	0.658470	-0.001322
47514.000000	0.499876	0.510705	0.798192	0.658464	-0.001327
47515.000000	0.499877	0.510710	0.798187	0.658457	-0.001329
47516.000000	0.499882	0.510714	0.798188	0.658459	-0.001321
47517.000000	0.499883	0.510719	0.798189	0.658460	-0.001311
47518.000000	0.499882	0.510721	0.798192	0.658464	-0.001307
47519.000000	0.499882	0.510725	0.798195	0.658470	-0.001300
47520.000000	0.499881	0.510729	0.798194	0.658468	-0.001294
47521.000000	0.499884	0.510730	0.798192	0.658464	-0.001294
47522.000000	0.499883	0.510731	0.798197	0.658474	-0.001280
47523.000000	0.499879	0.510723	0.798200	0.658478	-0.001265
47524.000000	0.499883	0.510723	0.798201	0.658480	-0.001257
47525.000000	0.499880	0.510716	0.798203	0.658483	-0.001264
47526.000000	0.499873	0.510709	0.798208	0.658491	-0.001279
47527.000000	0.499869	0.510704	0.798210	0.658494	-0.001288
47528.000000	0.499868	0.510702	0.798212	0.658498	-0.001285
47529.000000	0.499872	0.510710	0.798213	0.658499	-0.001278
47530.000000	0.499873	0.510712	0.798210	0.658494	-0.001277
47531.000000	0.499872	0.510711	0.798213	0.658498	-0.001285
47532.000000	0.499872	0.510706	0.798214	0.658500	-0.001290
47533.000000	0.499872	0.510705	0.798213	0.658499	-0.001296
47534.000000	0.499871	0.510704	0.798209	0.658492	-0.001300
47535.000000	0.499871	0.510707	0.798204	0.658485	-0.001304
47536.000000	0.499867	0.510705	0.798201	0.658480	-0.001307
47537.000000	0.499865	0.510699	0.798197	0.658474	-0.001308
47538.000000	0.499866	0.510697	0.798196	0.658472	-0.001305
47539.000000	0.499864	0.510692	0.798195	0.658470	-0.001312
47540.000000	0.499861	0.510688	0.798191	0.658464	-0.001317
47541.000000	0.499858	0.510687	0.798188	0.658460	-0.001314
47542.000000	0.499854	0.510685	0.798187	0.658458	-0.001314
47543.000000	0.499852	0.510688	0.798189	0.658460	-0.001325
47544.000000	0.499853	0.510688	0.798188	0.658459	-0.001335
47545.000000	0.499853	0.510690	0.798188	0.658458	-0.001345
47546.000000	0.499854	0.510691	0.798192	0.658465	-0.001358
47547.000000	0.499856	0.510690	0.798195	0.658470	-0.001353
47548.000000	0.499856	0.510694	0.798194	0.658469	-0.001343
47549.000000	0.499856	0.510696	0.798191	0.658463	-0.001340
47550.000000	0.499856	0.510699	0.798190	0.658461	-0.001337
47551.000000	0.499853	0.510696	0.798187	0.658457	-0.001334
47552.000000	0.499851	0.510688	0.798184	0.658452	-0.001332
47553.000000	0.499848	0.510685	0.798183	0.658450	-0.001332
47554.000000	0.499843	0.510680	0.798179	0.658445	-0.001333
47555.000000	0.499839	0.510675	0.798176	0.658439	-0.001332
47556.000000	0.499835	0.510674	0.798174	0.658437	-0.001329
47557.000000	0.499832	0.510680	0.798171	0.658431	-0.001329
47558.000000	0.499834	0.510682	0.798170	0.658430	-0.001327
47559.000000	0.499834	0.510688	0.798170	0.658429	-0.001327
47560.000000	0.499837	0.510695	0.798169	0.658428	-0.001334
47561.000000	0.499837	0.510701	0.798171	0.658431	-0.001346
47562.000000	0.499836	0.510703	0.798173	0.658434	-0.001353
47563.000000	0.499837	0.510703	0.798173	0.658434	-0.001353
47564.000000	0.499843	0.510703	0.798172	0.658431	-0.001352
47565.000000	0.499840	0.510700	0.798170	0.658428	-0.001346
47566.000000	0.499840	0.510700	0.798174	0.658435	-0.001329
47567.000000	0.499841	0.510702	0.798173	0.658433	-0.001326
47568.000000	0.499840	0.510699	0.798169	0.658427	-0.001328
47569.000000	0.499840	0.510700	0.798165	0.658421	-0.001326
47570.000000	0.499842	0.510713	0.798163	0.658418	-0.001320
47571.000000	0.499843	0.510725	0.798164	0.658419	-0.001321
47572.000000	0.499842	0.510730	0.798162	0.658415	-0.001326
47573.000000	0.499837	0.510723	0.798156	0.658407	-0.001330
47574.000000	0.499835	0.510718	0.798156	0.658406	-0.001333
47575.000000	0.499831	0.510712	0.798160	0.658414	-0.001344
47576.000000	0.499827	0.510707	0.798164	0.658421	-0.001358
47577.000000	0.499825	0.510702	0.798166	0.658422	-0.001373
47578.000000	0.499822	0.510697	0.798164	0.658419	-0.001379
47579.000000	0.499819	0.510693	0.798162	0.658416	-0.001374
47580.000000	0.499821	0.510699	0.798158	0.658410	-0.001376
47581.000000	0.499821	0.510699	0.798155	0.658405	-0.001380
47582.000000	0.499826	0.510697	0.798156	0.658408	-0.001372
47583.000000	0.499833	0.510693	0.798154	0.658403	-0.001371
47584.000000	0.499833	0.510693	0.798158	0.658411	-0.001372
47585.000000	0.499829	0.510688	0.798158	0.658410	-0.001369
47586.000000	0.499827	0.510686	0.798155	0.658405	-0.001366
47587.000000	0.499827	0.510684	0.798156	0.658407	-0.001366
47588.000000	0.499824	0.510685	0.798162	0.658418	-0.001377
47589.000000	0.499821	0.510682	0.798165	0.658424	-0.001392
47590.000000	0.499822	0.510685	0.798164	0.658422	-0.001402
47591.000000	0.499818	0.510681	0.798159	0.658415	-0.001402
47592.000000	0.499815	0.510681	0.798154	0.658407	-0.001402
47593.000000	0.499814	0.510681	0.798153	0.658405	-0.001399
47594.000000	0.499814	0.510683	0.798155	0.658408	-0.001395
47595.000000	0.499813	0.510681	0.798158	0.658413	-0.001408
47596.000000	0.499809	0.510681	0.798163	0.658422	-0.001423
47597.000000	0.499809	0.510680	0.798164	0.658423	-0.001433
47598.000000	0.499807	0.510678	0.798162	0.658419	-0.001437
47599.000000	0.499804	0.510677	0.798157	0.658412	-0.001443
47600.000000	0.499803	0.510673	0.798154	0.658407	-0.001437
47601.000000	0.499803	0.510676	0.798158	0.658414	-0.001431
47602.000000	0.499808	0.510680	0.798155	0.658411	-0.001427
47603.000000	0.499806	0.510677	0.798156	0.658412	-0.001414
47604.000000	0.499808	0.510679	0.798158	0.658415	-0.001403
47605.000000	0.499804	0.510672	0.798158	0.658414	-0.001392
47606.000000	0.499803	0.510674	0.798155	0.658410	-0.001388
47607.000000	0.499803	0.510678	0.798157	0.658413	-0.001388
47608.000000	0.499809	0.510685	0.798162	0.658421	-0.001374
47609.000000	0.499812	0.510691	0.798163	0.658422	-0.001364
47610.000000	0.499814	0.510691	0.798164	0.658423	-0.001360
47611.000000	0.499819	0.510700	0.798163	0.658421	-0.001351
47612.000000	0.499818	0.510715	0.798165	0.658424	-0.001344
47613.000000	0.499817	0.510713	0.798168	0.658429	-0.001334
47614.000000	0.499814	0.510712	0.798166	0.658427	-0.001333
47615.000000	0.499811	0.510711	0.798166	0.658425	-0.001329
47616.000000	0.499810	0.510706	0.798170	0.658434	-0.001324
47617.000000	0.499809	0.510700	0.798171	0.658434	-0.001325
47618.000000	0.499805	0.510694	0.798171	0.658435	-0.001331
47619.000000	0.499805	0.510700	0.798168	0.658429	-0.001333
47620.000000	0.499809	0.510705	0.798165	0.658425	-0.001330
47621.000000	0.499813	0.510710	0.798166	0.658425	-0.001322
47622.000000	0.499816	0.510723	0.798167	0.658428	-0.001311
47623.000000	0.499815	0.510729	0.798172	0.658435	-0.001299
47624.000000	0.499817	0.510729	0.798172	0.658436	-0.001292
47625.000000	0.499812	0.510725	0.798172	0.658436	-0.001287
47626.000000	0.499816	0.510724	0.798175	0.658439	-0.001289
47627.000000	0.499818	0.510724	0.798181	0.658450	-0.001297
47628.000000	0.499817	0.510723	0.798185	0.658458	-0.001305
47629.000000	0.499817	0.510724	0.798188	0.658463	-0.001315
47630.000000	0.499816	0.510726	0.798187	0.658461	-0.001320
47631.000000	0.499815	0.510732	0.798189	0.658463	-0.001318
47632.000000	0.499814	0.510734	0.798189	0.658464	-0.001315
47633.000000	0.499810	0.510732	0.798192	0.658468	-0.001316
47634.000000	0.499809	0.510734	0.798191	0.658466	-0.001321
47635.000000	0.499807	0.510730	0.798193	0.658468	-0.001327
47636.000000	0.499804	0.510727	0.798190	0.658464	-0.001328
47637.000000	0.499802	0.510726	0.798187	0.658459	-0.001332
47638.000000	0.499801	0.510730	0.798190	0.658466	-0.001348
47639.000000	0.499805	0.510733	0.798195	0.658474	-0.001363
47640.000000	0.499805	0.510735	0.798201	0.658485	-0.001363
47641.000000	0.499801	0.510730	0.798205	0.658491	-0.001357
47642.000000	0.499798	0.510725	0.798207	0.658494	-0.001357
47643.000000	0.499797	0.510727	0.798211	0.658501	-0.001362
47644.000000	0.499801	0.510736	0.798209	0.658498	-0.001361
47645.000000	0.499809	0.510749	0.798209	0.658498	-0.001353
47646.000000	0.499814	0.510754	0.798208	0.658496	-0.001351
47647.000000	0.499810	0.510753	0.798203	0.658489	-0.001351
47648.000000	0.499807	0.510752	0.798198	0.658482	-0.001354
47649.000000	0.499804	0.510748	0.798194	0.658476	-0.001358
47650.000000	0.499807	0.510744	0.798194	0.658475	-0.001355
47651.000000	0.499809	0.510746	0.798190	0.658469	-0.001355
47652.000000	0.499810	0.510755	0.798189	0.658467	-0.001358
47653.000000	0.499809	0.510762	0.798193	0.658473	-0.001350
47654.000000	0.499807	0.510762	0.798195	0.658476	-0.001342
47655.000000	0.499806	0.510753	0.798195	0.658476	-0.001340
47656.000000	0.499804	0.510750	0.798197	0.658479	-0.001344
47657.000000	0.499806	0.510747	0.798198	0.658481	-0.001349
47658.000000	0.499806	0.510748	0.798196	0.658478	-0.001346
47659.000000	0.499807	0.510755	0.798200	0.658484	-0.001348
47660.000000	0.499804	0.510751	0.798200	0.658483	-0.001352
47661.000000	0.499800	0.510747	0.798196	0.658478	-0.001354
47662.000000	0.499795	0.510739	0.798194	0.658474	-0.001352
47663.000000	0.499797	0.510737	0.798194	0.658473	-0.001347
47664.000000	0.499794	0.510730	0.798191	0.658469	-0.001343
47665.000000	0.499796	0.510727	0.798187	0.658463	-0.001342
47666.000000	0.499800	0.510733	0.798185	0.658460	-0.001337
47667.000000	0.499796	0.510730	0.798181	0.658453	-0.001335
47668.000000	0.499794	0.510728	0.798177	0.658447	-0.001332
47669.000000	0.499791	0.510730	0.798175	0.658444	-0.001331
47670.000000	0.499788	0.510728	0.798177	0.658447	-0.001333
47671.000000	0.499787	0.510723	0.798174	0.658443	-0.001330
47672.000000	0.499785	0.510722	0.798173	0.658440	-0.001331
47673.000000	0.499781	0.510719	0.798171	0.658438	-0.001336
47674.000000	0.499780	0.510718	0.798166	0.658430	-0.001341
47675.000000	0.499781	0.510722	0.798162	0.658424	-0.001339
47676.000000	0.499781	0.510719	0.798159	0.658419	-0.001338
47677.000000	0.499778	0.510714	0.798155	0.658413	-0.001338
47678.000000	0.499774	0.510708	0.798152	0.658409	-0.001343
47679.000000	0.499770	0.510702	0.798152	0.658408	-0.001352
47680.000000	0.499768	0.510700	0.798156	0.658414	-0.001364
47681.000000	0.499767	0.510696	0.798154	0.658412	-0.001369
47682.000000	0.499767	0.510691	0.798156	0.658414	-0.001369
47683.000000	0.499774	0.510684	0.798157	0.658415	-0.001361
47684.000000	0.499772	0.510680	0.798158	0.658417	-0.001347
47685.000000	0.499774	0.510682	0.798163	0.658426	-0.001334
47686.000000	0.499775	0.510685	0.798164	0.658426	-0.001334
47687.000000	0.499772	0.510686	0.798164	0.658427	-0.001345
47688.000000	0.499773	0.510685	0.798165	0.658428	-0.001355
47689.000000	0.499775	0.510685	0.798164	0.658426	-0.001362
47690.000000	0.499777	0.510690	0.798159	0.658419	-0.001362
47691.000000	0.499778	0.510691	0.798155	0.658413	-0.001360
47692.000000	0.499779	0.510697	0.798153	0.658409	-0.001363
47693.000000	0.499785	0.510700	0.798155	0.658412	-0.001364
47694.000000	0.499792	0.510703	0.798158	0.658418	-0.001351
47695.000000	0.499793	0.510701	0.798162	0.658424	-0.001340
47696.000000	0.499792	0.510695	0.798165	0.658429	-0.001335
47697.000000	0.499790	0.510695	0.798166	0.658431	-0.001341
47698.000000	0.499792	0.510691	0.798166	0.658430	-0.001351
47699.000000	0.499789	0.510684	0.798164	0.658426	-0.001354
47700.000000	0.499785	0.510684	0.798162	0.658423	-0.001356
47701.000000	0.499788	0.510683	0.798159	0.658418	-0.001354
47702.000000	0.499793	0.510677	0.798157	0.658415	-0.001344
47703.000000	0.499800	0.510677	0.798158	0.658416	-0.001339
47704.000000	0.499800	0.510676	0.798158	0.658415	-0.001345
47705.000000	0.499797	0.510672	0.798155	0.658411	-0.001346
47706.000000	0.499793	0.510669	0.798151	0.658405	-0.001344
47707.000000	0.499791	0.510670	0.798148	0.658400	-0.001343
47708.000000	0.499789	0.510663	0.798147	0.658398	-0.001348
47709.000000	0.499787	0.510661	0.798149	0.658401	-0.001360
47710.000000	0.499788	0.510672	0.798153	0.658408	-0.001376
47711.000000	0.499787	0.510675	0.798150	0.658404	-0.001379
47712.000000	0.499786	0.510676	0.798147	0.658399	-0.001378
47713.000000	0.499784	0.510675	0.798145	0.658396	-0.001383
47714.000000	0.499782	0.510670	0.798146	0.658397	-0.001388
47715.000000	0.499780	0.510663	0.798144	0.658393	-0.001387
47716.000000	0.499780	0.510658	0.798141	0.658389	-0.001383
47717.000000	0.499781	0.510655	0.798143	0.658391	-0.001376
47718.000000	0.499781	0.510656	0.798145	0.658394	-0.001367
47719.000000	0.499780	0.510658	0.798141	0.658388	-0.001368
47720.000000	0.499779	0.510657	0.798136	0.658382	-0.001368
47721.000000	0.499777	0.510654	0.798134	0.658378	-0.001368
47722.000000	0.499773	0.510651	0.798131	0.658374	-0.001367
47723.000000	0.499773	0.510651	0.798129	0.658369	-0.001368
47724.000000	0.499775	0.510658	0.798130	0.658371	-0.001371
47725.000000	0.499774	0.510659	0.798130	0.658370	-0.001378
47726.000000	0.499775	0.510656	0.798127	0.658367	-0.001380
47727.000000	0.499773	0.510651	0.798123	0.658361	-0.001373
47728.000000	0.499775	0.510653	0.798120	0.658356	-0.001370
47729.000000	0.499775	0.510654	0.798116	0.658349	-0.001370
47730.000000	0.499775	0.510650	0.798116	0.658349	-0.001360
47731.000000	0.499772	0.510649	0.798120	0.658355	-0.001346
47732.000000	0.499772	0.510650	0.798121	0.658357	-0.001333
47733.000000	0.499774	0.510652	0.798121	0.658357	-0.001328
47734.000000	0.499777	0.510656	0.798120	0.658354	-0.001323
47735.000000	0.499776	0.510660	0.798115	0.658347	-0.001321
47736.000000	0.499774	0.510658	0.798111	0.658341	-0.001319
47737.000000	0.499774	0.510659	0.798109	0.658339	-0.001327
47738.000000	0.499771	0.510666	0.798115	0.658349	-0.001346
47739.000000	0.499770	0.510668	0.798117	0.658352	-0.001358
47740.000000	0.499766	0.510664	0.798116	0.658350	-0.001356
47741.000000	0.499765	0.510664	0.798113	0.658346	-0.001352
47742.000000	0.499769	0.510670	0.798114	0.658347	-0.001345
47743.000000	0.499774	0.510672	0.798117	0.658351	-0.001339
47744.000000	0.499774	0.510666	0.798115	0.658349	-0.001335
47745.000000	0.499774	0.510665	0.798119	0.658355	-0.001346
47746.000000	0.499774	0.510668	0.798122	0.658360	-0.001360
47747.000000	0.499773	0.510662	0.798119	0.658355	-0.001365
47748.000000	0.499768	0.510657	0.798116	0.658350	-0.001361
47749.000000	0.499767	0.510654	0.798113	0.658346	-0.001362
47750.000000	0.499769	0.510655	0.798110	0.658341	-0.001360
47751.000000	0.499776	0.510659	0.798112	0.658344	-0.001354
47752.000000	0.499782	0.510657	0.798111	0.658343	-0.001355
47753.000000	0.499777	0.510655	0.798112	0.658344	-0.001361
47754.000000	0.499777	0.510654	0.798109	0.658339	-0.001364
47755.000000	0.499775	0.510649	0.798105	0.658333	-0.001367
47756.000000	0.499775	0.510651	0.798105	0.658333	-0.001368
47757.000000	0.499774	0.510650	0.798106	0.658334	-0.001375
47758.000000	0.499770	0.510646	0.798103	0.658330	-0.001380
47759.000000	0.499768	0.510645	0.798101	0.658326	-0.001378
47760.000000	0.499770	0.510651	0.798100	0.658324	-0.001376
47761.000000	0.499771	0.510662	0.798097	0.658320	-0.001378
47762.000000	0.499770	0.510658	0.798093	0.658314	-0.001376
47763.000000	0.499768	0.510654	0.798096	0.658319	-0.001375
47764.000000	0.499766	0.510655	0.798095	0.658316	-0.001375
47765.000000	0.499764	0.510659	0.798093	0.658313	-0.001376
47766.000000	0.499764	0.510667	0.798096	0.658319	-0.001377
47767.000000	0.499764	0.510667	0.798099	0.658323	-0.001374
47768.000000	0.499766	0.510659	0.798101	0.658326	-0.001372
47769.000000	0.499762	0.510657	0.798105	0.658333	-0.001375
47770.000000	0.499764	0.510663	0.798105	0.658332	-0.001379
47771.000000	0.499766	0.510672	0.798101	0.658327	-0.001382
47772.000000	0.499770	0.510684	0.798098	0.658322	-0.001380
47773.000000	0.499773	0.510698	0.798097	0.658319	-0.001384
47774.000000	0.499773	0.510698	0.798095	0.658316	-0.001392
47775.000000	0.499771	0.510691	0.798090	0.658309	-0.001390
47776.000000	0.499769	0.510684	0.798085	0.658302	-0.001389
47777.000000	0.499768	0.510682	0.798081	0.658297	-0.001396
47778.000000	0.499764	0.510681	0.798077	0.658290	-0.001395
47779.000000	0.499765	0.510680	0.798075	0.658286	-0.001395
47780.000000	0.499764	0.510678	0.798071	0.658281	-0.001393
47781.000000	0.499763	0.510679	0.798067	0.658275	-0.001392
47782.000000	0.499759	0.510678	0.798063	0.658269	-0.001389
47783.000000	0.499755	0.510670	0.798059	0.658262	-0.001385
47784.000000	0.499758	0.510668	0.798058	0.658261	-0.001386
47785.000000	0.499762	0.510662	0.798055	0.658256	-0.001386
47786.000000	0.499760	0.510656	0.798052	0.658251	-0.001388
47787.000000	0.499756	0.510650	0.798050	0.658248	-0.001389
47788.000000	0.499756	0.510649	0.798048	0.658244	-0.001394
47789.000000	0.499757	0.510655	0.798043	0.658238	-0.001397
47790.000000	0.499759	0.510657	0.798041	0.658234	-0.001394
47791.000000	0.499757	0.510655	0.798039	0.658231	-0.001392
47792.000000	0.499759	0.510661	0.798041	0.658233	-0.001394
47793.000000	0.499762	0.510659	0.798044	0.658239	-0.001409
47794.000000	0.499762	0.510660	0.798045	0.658240	-0.001418
47795.000000	0.499765	0.510664	0.798043	0.658237	-0.001416
47796.000000	0.499768	0.510662	0.798043	0.658236	-0.001411
47797.000000	0.499768	0.510662	0.798048	0.658245	-0.001414
47798.000000	0.499766	0.510660	0.798046	0.658242	-0.001417
47799.000000	0.499764	0.510663	0.798044	0.658238	-0.001420
47800.000000	0.499765	0.510668	0.798044	0.658237	-0.001415
47801.000000	0.499766	0.510670	0.798046	0.658241	-0.001405
47802.000000	0.499770	0.510681	0.798046	0.658241	-0.001407
47803.000000	0.499770	0.510679	0.798045	0.658239	-0.001414
47804.000000	0.499769	0.510679	0.798044	0.658237	-0.001415
47805.000000	0.499769	0.510686	0.798041	0.658232	-0.001422
47806.000000	0.499769	0.510689	0.798042	0.658233	-0.001432
47807.000000	0.499770	0.510685	0.798043	0.658235	-0.001433
47808.000000	0.499769	0.510685	0.798044	0.658236	-0.001423
47809.000000	0.499767	0.510679	0.798041	0.658231	-0.001415
47810.000000	0.499763	0.510681	0.798039	0.658228	-0.001406
47811.000000	0.499760	0.510678	0.798041	0.658231	-0.001395
47812.000000	0.499756	0.510671	0.798041	0.658231	-0.001392
47813.000000	0.499752	0.510666	0.798041	0.658231	-0.001398
47814.000000	0.499749	0.510664	0.798039	0.658227	-0.001397
47815.000000	0.499755	0.510675	0.798040	0.658228	-0.001396
47816.000000	0.499763	0.510686	0.798037	0.658224	-0.001400
47817.000000	0.499763	0.510692	0.798034	0.658219	-0.001403
47818.000000	0.499763	0.510701	0.798031	0.658214	-0.001403
47819.000000	0.499766	0.510707	0.798032	0.658216	-0.001415
47820.000000	0.499769	0.510705	0.798036	0.658223	-0.001427
47821.000000	0.499771	0.510705	0.798037	0.658224	-0.001422
47822.000000	0.499775	0.510707	0.798036	0.658222	-0.001411
47823.000000	0.499775	0.510712	0.798041	0.658231	-0.001415
47824.000000	0.499778	0.510717	0.798046	0.658240	-0.001426
47825.000000	0.499780	0.510716	0.798049	0.658245	-0.001437
47826.000000	0.499784	0.510712	0.798050	0.658246	-0.001434
47827.000000	0.499781	0.510705	0.798053	0.658251	-0.001434
47828.000000	0.499781	0.510703	0.798055	0.658254	-0.001434
47829.000000	0.499780	0.510702	0.798054	0.658253	-0.001430
47830.000000	0.499779	0.510699	0.798058	0.658258	-0.001422
47831.000000	0.499779	0.510699	0.798060	0.658262	-0.001419
47832.000000	0.499778	0.510700	0.798063	0.658266	-0.001425
47833.000000	0.499781	0.510702	0.798063	0.658266	-0.001430
47834.000000	0.499779	0.510705	0.798061	0.658262	-0.001433
47835.000000	0.499776	0.510703	0.798059	0.658259	-0.001439
47836.000000	0.499774	0.510701	0.798059	0.658259	-0.001439
47837.000000	0.499775	0.510703	0.798060	0.658260	-0.001439
47838.000000	0.499776	0.510707	0.798062	0.658264	-0.001440
47839.000000	0.499771	0.510704	0.798059	0.658259	-0.001445
47840.000000	0.499766	0.510698	0.798056	0.658255	-0.001450
47841.000000	0.499766	0.510692	0.798054	0.658251	-0.001457
47842.000000	0.499767	0.510688	0.798050	0.658246	-0.001453
47843.000000	0.499767	0.510681	0.798050	0.658244	-0.001445
47844.000000	0.499766	0.510678	0.798045	0.658238	-0.001446
47845.000000	0.499766	0.510677	0.798047	0.658240	-0.001453
47846.000000	0.499767	0.510679	0.798049	0.658244	-0.001452
47847.000000	0.499769	0.510681	0.798046	0.658240	-0.001446
47848.000000	0.499770	0.510681	0.798043	0.658234	-0.001452
47849.000000	0.499773	0.510692	0.798041	0.658232	-0.001459
47850.000000	0.499774	0.510697	0.798040	0.658230	-0.001461
47851.000000	0.499775	0.510699	0.798036	0.658223	-0.001464
47852.000000	0.499773	0.510695	0.798036	0.658224	-0.001472
47853.000000	0.499770	0.510688	0.798042	0.658235	-0.001488
47854.000000	0.499770	0.510693	0.798046	0.658241	-0.001501
47855.000000	0.499769	0.510689	0.798042	0.658236	-0.001502
47856.000000	0.499768	0.510692	0.798040	0.658232	-0.001492
47857.000000	0.499769	0.510696	0.798037	0.658227	-0.001490
47858.000000	0.499770	0.510701	0.798034	0.658222	-0.001493
47859.000000	0.499768	0.510705	0.798034	0.658222	-0.001489
47860.000000	0.499764	0.510705	0.798037	0.658227	-0.001475
47861.000000	0.499760	0.510700	0.798040	0.658232	-0.001460
47862.000000	0.499759	0.510697	0.798041	0.658233	-0.001450
47863.000000	0.499757	0.510695	0.798042	0.658234	-0.001440
47864.000000	0.499755	0.510695	0.798037	0.658228	-0.001441
47865.000000	0.499753	0.510688	0.798040	0.658231	-0.001451
47866.000000	0.499750	0.510682	0.798040	0.658232	-0.001457
47867.000000	0.499752	0.510681	0.798043	0.658236	-0.001450
47868.000000	0.499757	0.510679	0.798043	0.658236	-0.001441
47869.000000	0.499758	0.510675	0.798041	0.658233	-0.001435
47870.000000	0.499753	0.510668	0.798046	0.658241	-0.001428
47871.000000	0.499753	0.510663	0.798048	0.658244	-0.001425
47872.000000	0.499751	0.510658	0.798051	0.658250	-0.001420
47873.000000	0.499756	0.510662	0.798056	0.658258	-0.001415
47874.000000	0.499761	0.510662	0.798056	0.658258	-0.001420
47875.000000	0.499763	0.510658	0.798058	0.658261	-0.001432
47876.000000	0.499762	0.510654	0.798063	0.658269	-0.001445
47877.000000	0.499761	0.510648	0.798066	0.658273	-0.001454
47878.000000	0.499762	0.510642	0.798064	0.658270	-0.001455
47879.000000	0.499761	0.510642	0.798065	0.658272	-0.001459
47880.000000	0.499762	0.510639	0.798067	0.658276	-0.001458
47881.000000	0.499765	0.510645	0.798069	0.658279	-0.001447
47882.000000	0.499766	0.510645	0.798073	0.658286	-0.001437
47883.000000	0.499766	0.510649	0.798077	0.658293	-0.001436
47884.000000	0.499763	0.510652	0.798080	0.658297	-0.001445
47885.000000	0.499761	0.510645	0.798085	0.658305	-0.001453
47886.000000	0.499759	0.510640	0.798090	0.658316	-0.001455
47887.000000	0.499755	0.510634	0.798091	0.658316	-0.001454
47888.000000	0.499757	0.510628	0.798091	0.658316	-0.001451
47889.000000	0.499756	0.510621	0.798091	0.658315	-0.001448
47890.000000	0.499757	0.510624	0.798094	0.658321	-0.001452
47891.000000	0.499754	0.510628	0.798098	0.658327	-0.001461
47892.000000	0.499753	0.510629	0.798101	0.658332	-0.001473
47893.000000	0.499748	0.510632	0.798102	0.658334	-0.001487
47894.000000	0.499745	0.510628	0.798099	0.658329	-0.001495
47895.000000	0.499747	0.510634	0.798100	0.658329	-0.001486
47896.000000	0.499750	0.510639	0.798104	0.658337	-0.001478
47897.000000	0.499749	0.510636	0.798107	0.658342	-0.001481
47898.000000	0.499747	0.510632	0.798108	0.658342	-0.001491
47899.000000	0.499744	0.510629	0.798111	0.658348	-0.001501
47900.000000	0.499743	0.510623	0.798113	0.658350	-0.001511
47901.000000	0.499748	0.510617	0.798116	0.658356	-0.001521
47902.000000	0.499753	0.510617	0.798113	0.658352	-0.001519
47903.000000	0.499761	0.510619	0.798115	0.658355	-0.001506
47904.000000	0.499769	0.510620	0.798114	0.658353	-0.001500
47905.000000	0.499766	0.510615	0.798115	0.658354	-0.001504
47906.000000	0.499766	0.510617	0.798118	0.658359	-0.001509
47907.000000	0.499766	0.510614	0.798116	0.658356	-0.001505
47908.000000	0.499761	0.510609	0.798114	0.658352	-0.001500
47909.000000	0.499762	0.510615	0.798115	0.658354	-0.001494
47910.000000	0.499761	0.510616	0.798117	0.658358	-0.001490
47911.000000	0.499763	0.510611	0.798115	0.658355	-0.001486
47912.000000	0.499763	0.510607	0.798119	0.658361	-0.001478
47913.000000	0.499763	0.510604	0.798120	0.658363	-0.001485
47914.000000	0.499763	0.510600	0.798121	0.658364	-0.001495
47915.000000	0.499764	0.510597	0.798124	0.658369	-0.001500
47916.000000	0.499768	0.510599	0.798129	0.658378	-0.001493
47917.000000	0.499776	0.510604	0.798133	0.658384	-0.001479
47918.000000	0.499776	0.510600	0.798136	0.658390	-0.001481
47919.000000	0.499780	0.510608	0.798139	0.658394	-0.001490
47920.000000	0.499779	0.510614	0.798144	0.658403	-0.001491
47921.000000	0.499779	0.510624	0.798148	0.658409	-0.001481
47922.000000	0.499778	0.510626	0.798149	0.658411	-0.001470
47923.000000	0.499777	0.510624	0.798154	0.658419	-0.001459
47924.000000	0.499780	0.510621	0.798153	0.658418	-0.001457
47925.000000	0.499782	0.510619	0.798156	0.658423	-0.001458
47926.000000	0.499784	0.510630	0.798153	0.658418	-0.001462
47927.000000	0.499786	0.510635	0.798153	0.658418	-0.001461
47928.000000	0.499791	0.510636	0.798152	0.658415	-0.001464
47929.000000	0.499789	0.510637	0.798156	0.658424	-0.001469
47930.000000	0.499787	0.510640	0.798160	0.658429	-0.001474
47931.000000	0.499786	0.510647	0.798162	0.658432	-0.001480
47932.000000	0.499787	0.510654	0.798157	0.658426	-0.001485
47933.000000	0.499788	0.510654	0.798155	0.658422	-0.001479
47934.000000	0.499785	0.510650	0.798158	0.658428	-0.001463
47935.000000	0.499782	0.510648	0.798162	0.658434	-0.001450
47936.000000	0.499777	0.510641	0.798163	0.658436	-0.001437
47937.000000	0.499772	0.510639	0.798163	0.658434	-0.001427
47938.000000	0.499768	0.510634	0.798160	0.658431	-0.001421
47939.000000	0.499766	0.510629	0.798158	0.658427	-0.001416
47940.000000	0.499771	0.510629	0.798161	0.658431	-0.001431
47941.000000	0.499770	0.510623	0.798161	0.658432	-0.001438
47942.000000	0.499769	0.510623	0.798161	0.658431	-0.001438
47943.000000	0.499770	0.510618	0.798158	0.658427	-0.001443
47944.000000	0.499771	0.510626	0.798163	0.658436	-0.001450
47945.000000	0.499773	0.510628	0.798160	0.658431	-0.001449
47946.000000	0.499769	0.510626	0.798157	0.658426	-0.001456
47947.000000	0.499773	0.510628	0.798159	0.658430	-0.001467
47948.000000	0.499772	0.510626	0.798160	0.658431	-0.001471
47949.000000	0.499771	0.510622	0.798165	0.658440	-0.001479
47950.000000	0.499771	0.510618	0.798169	0.658447	-0.001492
47951.000000	0.499767	0.510616	0.798175	0.658456	-0.001507
47952.000000	0.499767	0.510617	0.798174	0.658455	-0.001517
47953.000000	0.499768	0.510622	0.798170	0.658450	-0.001519
47954.000000	0.499776	0.510635	0.798167	0.658444	-0.001514
47955.000000	0.499779	0.510641	0.798166	0.658443	-0.001520
47956.000000	0.499777	0.510638	0.798164	0.658439	-0.001527
47957.000000	0.499775	0.510634	0.798161	0.658434	-0.001527
47958.000000	0.499773	0.510637	0.798161	0.658435	-0.001533
47959.000000	0.499770	0.510633	0.798162	0.658436	-0.001540
47960.000000	0.499768	0.510631	0.798163	0.658436	-0.001546
47961.000000	0.499774	0.510631	0.798161	0.658434	-0.001550
47962.000000	0.499773	0.510636	0.798160	0.658432	-0.001553
47963.000000	0.499773	0.510635	0.798163	0.658436	-0.001563
47964.000000	0.499774	0.510632	0.798169	0.658446	-0.001568
47965.000000	0.499780	0.510628	0.798172	0.658452	-0.001561
47966.000000	0.499783	0.510639	0.798177	0.658460	-0.001545
47967.000000	0.499783	0.510651	0.798178	0.658461	-0.001531
47968.000000	0.499786	0.510655	0.798173	0.658455	-0.001530
47969.000000	0.499789	0.510671	0.798173	0.658454	-0.001540
47970.000000	0.499789	0.510678	0.798173	0.658455	-0.001548
47971.000000	0.499790	0.510681	0.798172	0.658453	-0.001551
47972.000000	0.499791	0.510681	0.798169	0.658448	-0.001554
47973.000000	0.499798	0.510687	0.798166	0.658442	-0.001552
47974.000000	0.499800	0.510686	0.798162	0.658437	-0.001551
47975.000000	0.499797	0.510682	0.798161	0.658435	-0.001552
47976.000000	0.499792	0.510680	0.798161	0.658434	-0.001561
47977.000000	0.499788	0.510674	0.798164	0.658438	-0.001573
47978.000000	0.499787	0.510667	0.798166	0.658442	-0.001582
47979.000000	0.499793	0.510682	0.798165	0.658441	-0.001584
47980.000000	0.499791	0.510679	0.798164	0.658439	-0.001574
47981.000000	0.499786	0.510673	0.798167	0.658443	-0.001564
47982.000000	0.499785	0.510671	0.798171	0.658450	-0.001550
47983.000000	0.499784	0.510674	0.798175	0.658456	-0.001539
47984.000000	0.499784	0.510681	0.798178	0.658461	-0.001534
47985.000000	0.499787	0.510690	0.798178	0.658461	-0.001533
47986.000000	0.499786	0.510694	0.798176	0.658458	-0.001539
47987.000000	0.499789	0.510696	0.798174	0.658454	-0.001539
47988.000000	0.499793	0.510705	0.798175	0.658456	-0.001528
47989.000000	0.499793	0.510704	0.798178	0.658460	-0.001520
47990.000000	0.499789	0.510703	0.798177	0.658459	-0.001516
47991.000000	0.499786	0.510700	0.798175	0.658456	-0.001512
47992.000000	0.499783	0.510694	0.798170	0.658449	-0.001507
47993.000000	0.499780	0.510690	0.798173	0.658452	-0.001508
47994.000000	0.499778	0.510688	0.798176	0.658458	-0.001515
47995.000000	0.499779	0.510690	0.798178	0.658460	-0.001528
47996.000000	0.499777	0.510687	0.798176	0.658457	-0.001536
47997.000000	0.499773	0.510681	0.798172	0.658451	-0.001540
47998.000000	0.499775	0.510678	0.798169	0.658447	-0.001537
47999.000000	0.499779	0.510685	0.798170	0.658449	-0.001525
48000.000000	0.499779	0.510691	0.798171	0.658450	-0.001517
48001.000000	0.499778	0.510690	0.798170	0.658447	-0.001518
48002.000000	0.499778	0.510689	0.798175	0.658457	-0.001531
48003.000000	0.499776	0.510687	0.798176	0.658457	-0.001536
48004.000000	0.499774	0.510685	0.798175	0.658456	-0.001533
48005.000000	0.499774	0.510692	0.798175	0.658455	-0.001528
48006.000000	0.499776	0.510692	0.798172	0.658451	-0.001531
48007.000000	0.499775	0.510689	0.798175	0.658456	-0.001535
48008.000000	0.499778	0.510682	0.798173	0.658453	-0.001539
48009.000000	0.499780	0.510680	0.798171	0.658449	-0.001539
48010.000000	0.499785	0.510686	0.798168	0.658445	-0.001531
48011.000000	0.499791	0.510687	0.798171	0.658449	-0.001519
48012.000000	0.499790	0.510684	0.798169	0.658446	-0.001518
48013.000000	0.499790	0.510683	0.798167	0.658443	-0.001524
48014.000000	0.499790	0.510682	0.798166	0.658440	-0.001532
48015.000000	0.499793	0.510681	0.798166	0.658440	-0.001536
48016.000000	0.499795	0.510689	0.798167	0.658442	-0.001540
48017.000000	0.499794	0.510695	0.798168	0.658443	-0.001541
48018.000000	0.499794	0.510700	0.798168	0.658442	-0.001535
48019.000000	0.499793	0.510693	0.798165	0.658437	-0.001536
48020.000000	0.499789	0.510688	0.798167	0.658440	-0.001543
48021.000000	0.499785	0.510682	0.798170	0.658446	-0.001548
48022.000000	0.499782	0.510676	0.798168	0.658443	-0.001548
48023.000000	0.499780	0.510672	0.798165	0.658438	-0.001546
48024.000000	0.499779	0.510666	0.798163	0.658435	-0.001551
48025.000000	0.499778	0.510663	0.798161	0.658431	-0.001557
48026.000000	0.499782	0.510666	0.798161	0.658430	-0.001559
48027.000000	0.499792	0.510673	0.798162	0.658433	-0.001560
48028.000000	0.499795	0.510677	0.798164	0.658436	-0.001569
48029.000000	0.499792	0.510675	0.798161	0.658431	-0.001571
48030.000000	0.499792	0.510672	0.798162	0.658433	-0.001580
48031.000000	0.499795	0.510670	0.798165	0.658438	-0.001589
48032.000000	0.499792	0.510664	0.798163	0.658435	-0.001594
48033.000000	0.499789	0.510665	0.798163	0.658434	-0.001598
48034.000000	0.499786	0.510667	0.798163	0.658434	-0.001597
48035.000000	0.499786	0.510662	0.798167	0.658440	-0.001587
48036.000000	0.499788	0.510663	0.798170	0.658446	-0.001573
48037.000000	0.499789	0.510662	0.798167	0.658441	-0.001572
48038.000000	0.499791	0.510661	0.798162	0.658434	-0.001573
48039.000000	0.499791	0.510661	0.798159	0.658430	-0.001571
48040.000000	0.499797	0.510664	0.798158	0.658427	-0.001570
48041.000000	0.499799	0.510666	0.798163	0.658435	-0.001569
48042.000000	0.499799	0.510666	0.798165	0.658439	-0.001577
48043.000000	0.499800	0.510670	0.798169	0.658447	-0.001587
48044.000000	0.499805	0.510672	0.798168	0.658444	-0.001591
48045.000000	0.499805	0.510668	0.798164	0.658438	-0.001596
48046.000000	0.499802	0.510670	0.798162	0.658435	-0.001603
48047.000000	0.499800	0.510668	0.798158	0.658429	-0.001606
48048.000000	0.499799	0.510665	0.798157	0.658427	-0.001603
48049.000000	0.499800	0.510665	0.798161	0.658434	-0.001597
48050.000000	0.499801	0.510667	0.798162	0.658435	-0.001594
48051.000000	0.499800	0.510670	0.798165	0.658440	-0.001594
48052.000000	0.499802	0.510672	0.798167	0.658443	-0.001586
48053.000000	0.499804	0.510680	0.798170	0.658448	-0.001571
48054.000000	0.499801	0.510685	0.798170	0.658448	-0.001567
48055.000000	0.499801	0.510686	0.798170	0.658447	-0.001571
48056.000000	0.499804	0.510684	0.798168	0.658444	-0.001578
48057.000000	0.499799	0.510677	0.798166	0.658441	-0.001577
48058.000000	0.499794	0.510669	0.798167	0.658441	-0.001572
48059.000000	0.499792	0.510663	0.798169	0.658444	-0.001569
48060.000000	0.499793	0.510655	0.798166	0.658440	-0.001571
48061.000000	0.499797	0.510657	0.798162	0.658434	-0.001569
48062.000000	0.499800	0.510664	0.798161	0.658432	-0.001571
48063.000000	0.499801	0.510665	0.798161	0.658431	-0.001578
48064.000000	0.499800	0.510665	0.798158	0.658427	-0.001581
48065.000000	0.499797	0.510667	0.798155	0.658423	-0.001579
48066.000000	0.499796	0.510666	0.798153	0.658419	-0.001573
48067.000000	0.499794	0.510664	0.798151	0.658415	-0.001567
48068.000000	0.499792	0.510659	0.798149	0.658411	-0.001570
48069.000000	0.499789	0.510653	0.798150	0.658413	-0.001577
48070.000000	0.499788	0.510652	0.798146	0.658407	-0.001576
48071.000000	0.499790	0.510660	0.798147	0.658408	-0.001565
48072.000000	0.499789	0.510658	0.798151	0.658416	-0.001552
48073.000000	0.499786	0.510656	0.798153	0.658419	-0.001545
48074.000000	0.499788	0.510668	0.798153	0.658418	-0.001538
48075.000000	0.499792	0.510680	0.798156	0.658423	-0.001528
48076.000000	0.499795	0.510699	0.798159	0.658429	-0.001515
48077.000000	0.499793	0.510697	0.798156	0.658424	-0.001507
48078.000000	0.499792	0.510696	0.798159	0.658430	-0.001504
48079.000000	0.499789	0.510690	0.798164	0.658438	-0.001503
48080.000000	0.499787	0.510688	0.798164	0.658437	-0.001502
48081.000000	0.499785	0.510684	0.798162	0.658435	-0.001508
48082.000000	0.499789	0.510690	0.798161	0.658432	-0.001507
48083.000000	0.499791	0.510689	0.798162	0.658433	-0.001497
48084.000000	0.499788	0.510683	0.798161	0.658431	-0.001491
48085.000000	0.499785	0.510681	0.798158	0.658427	-0.001482
48086.000000	0.499785	0.510681	0.798155	0.658422	-0.001473
48087.000000	0.499784	0.510692	0.798151	0.658416	-0.001469
48088.000000	0.499785	0.510707	0.798147	0.658410	-0.001470
48089.000000	0.499790	0.510709	0.798142	0.658403	-0.001470
48090.000000	0.499789	0.510709	0.798139	0.658399	-0.001470
48091.000000	0.499791	0.510710	0.798139	0.658398	-0.001466
48092.000000	0.499795	0.510714	0.798137	0.658395	-0.001469
48093.000000	0.499798	0.510716	0.798133	0.658389	-0.001470
48094.000000	0.499797	0.510717	0.798130	0.658383	-0.001468
48095.000000	0.499798	0.510715	0.798129	0.658382	-0.001463
48096.000000	0.499799	0.510712	0.798132	0.658386	-0.001453
48097.000000	0.499805	0.510722	0.798128	0.658381	-0.001450
48098.000000	0.499809	0.510725	0.798125	0.658375	-0.001453
48099.000000	0.499807	0.510726	0.798122	0.658371	-0.001457
48100.000000	0.499805	0.510731	0.798119	0.658367	-0.001462
48101.000000	0.499804	0.510726	0.798119	0.658365	-0.001462
48102.000000	0.499801	0.510721	0.798119	0.658365	-0.001461
48103.000000	0.499797	0.510713	0.798122	0.658371	-0.001461
48104.000000	0.499793	0.510710	0.798124	0.658373	-0.001464
48105.000000	0.499788	0.510701	0.798123	0.658371	-0.001471
48106.000000	0.499789	0.510705	0.798124	0.658372	-0.001478
48107.000000	0.499792	0.510709	0.798123	0.658370	-0.001484
48108.000000	0.499801	0.510704	0.798121	0.658368	-0.001487
48109.000000	0.499803	0.510697	0.798122	0.658369	-0.001493
48110.000000	0.499801	0.510689	0.798119	0.658364	-0.001497
48111.000000	0.499801	0.510684	0.798115	0.658358	-0.001495
48112.000000	0.499802	0.510684	0.798116	0.658360	-0.001488
48113.000000	0.499803	0.510686	0.798119	0.658364	-0.001481
48114.000000	0.499800	0.510683	0.798117	0.658361	-0.001478
48115.000000	0.499806	0.510691	0.798113	0.658355	-0.001481
48116.000000	0.499804	0.510686	0.798114	0.658356	-0.001482
48117.000000	0.499806	0.510687	0.798119	0.658364	-0.001484
48118.000000	0.499808	0.510688	0.798120	0.658365	-0.001487
48119.000000	0.499810	0.510690	0.798117	0.658361	-0.001491
48120.000000	0.499811	0.510691	0.798115	0.658358	-0.001500
48121.000000	0.499812	0.510692	0.798118	0.658362	-0.001515
48122.000000	0.499810	0.510699	0.798114	0.658356	-0.001524
48123.000000	0.499805	0.510698	0.798111	0.658351	-0.001532
48124.000000	0.499802	0.510700	0.798112	0.658353	-0.001540
48125.000000	0.499804	0.510700	0.798115	0.658358	-0.001543
48126.000000	0.499806	0.510700	0.798112	0.658353	-0.001542
48127.000000	0.499806	0.510699	0.798111	0.658351	-0.001543
48128.000000	0.499804	0.510696	0.798111	0.658350	-0.001533
48129.000000	0.499801	0.510690	0.798108	0.658347	-0.001527
48130.000000	0.499799	0.510684	0.798104	0.658340	-0.001527
48131.000000	0.499793	0.510679	0.798101	0.658335	-0.001528
48132.000000	0.499792	0.510677	0.798100	0.658333	-0.001530
48133.000000	0.499788	0.510676	0.798101	0.658336	-0.001520
48134.000000	0.499785	0.510669	0.798104	0.658339	-0.001513
48135.000000	0.499782	0.510661	0.798103	0.658338	-0.001509
48136.000000	0.499779	0.510663	0.798102	0.658336	-0.001504
48137.000000	0.499783	0.510664	0.798100	0.658332	-0.001502
48138.000000	0.499783	0.510661	0.798097	0.658328	-0.001505
48139.000000	0.499785	0.510657	0.798094	0.658323	-0.001506
48140.000000	0.499784	0.510653	0.798091	0.658318	-0.001504
48141.000000	0.499785	0.510650	0.798091	0.658319	-0.001506
48142.000000	0.499791	0.510648	0.798094	0.658322	-0.001502
48143.000000	0.499794	0.510660	0.798098	0.658329	-0.001493
48144.000000	0.499795	0.510670	0.798097	0.658328	-0.001487
48145.000000	0.499792	0.510669	0.798097	0.658328	-0.001478
48146.000000	0.499791	0.510666	0.798102	0.658335	-0.001469
48147.000000	0.499790	0.510664	0.798106	0.658343	-0.001470
48148.000000	0.499797	0.510669	0.798107	0.658344	-0.001466
48149.000000	0.499800	0.510664	0.798104	0.658340	-0.001460
48150.000000	0.499798	0.510661	0.798103	0.658338	-0.001462
48151.000000	0.499795	0.510660	0.798105	0.658340	-0.001467
48152.000000	0.499795	0.510657	0.798102	0.658335	-0.001467
48153.000000	0.499793	0.510657	0.798097	0.658328	-0.001470
48154.000000	0.499796	0.510656	0.798098	0.658329	-0.001465
48155.000000	0.499792	0.510652	0.798102	0.658336	-0.001458
48156.000000	0.499787	0.510647	0.798102	0.658337	-0.001452
48157.000000	0.499782	0.510639	0.798100	0.658333	-0.001446
48158.000000	0.499779	0.510634	0.798099	0.658331	-0.001440
48159.000000	0.499779	0.510628	0.798096	0.658326	-0.001444
48160.000000	0.499777	0.510633	0.798095	0.658324	-0.001453
48161.000000	0.499778	0.510637	0.798094	0.658322	-0.001459
48162.000000	0.499780	0.510638	0.798092	0.658319	-0.001461
48163.000000	0.499776	0.510633	0.798091	0.658317	-0.001457
48164.000000	0.499773	0.510626	0.798091	0.658316	-0.001457
48165.000000	0.499773	0.510628	0.798089	0.658313	-0.001453
48166.000000	0.499774	0.510628	0.798085	0.658307	-0.001446
48167.000000	0.499775	0.510626	0.798087	0.658310	-0.001437
48168.000000	0.499776	0.510618	0.798088	0.658312	-0.001427
48169.000000	0.499774	0.510610	0.798087	0.658310	-0.001420
48170.000000	0.499772	0.510614	0.798090	0.658315	-0.001419
48171.000000	0.499772	0.510620	0.798086	0.658309	-0.001416
48172.000000	0.499770	0.510621	0.798084	0.658306	-0.001418
48173.000000	0.499769	0.510618	0.798084	0.658306	-0.001427
48174.000000	0.499773	0.510621	0.798088	0.658312	-0.001442
48175.000000	0.499774	0.510629	0.798088	0.658311	-0.001450
48176.000000	0.499777	0.510631	0.798086	0.658309	-0.001458
48177.000000	0.499775	0.510625	0.798085	0.658306	-0.001464
48178.000000	0.499780	0.510627	0.798082	0.658302	-0.001467
48179.000000	0.499784	0.510632	0.798081	0.658300	-0.001474
48180.000000	0.499789	0.510634	0.798079	0.658297	-0.001471
48181.000000	0.499789	0.510632	0.798081	0.658299	-0.001459
48182.000000	0.499792	0.510628	0.798078	0.658295	-0.001456
48183.000000	0.499795	0.510632	0.798078	0.658295	-0.001450
48184.000000	0.499797	0.510639	0.798081	0.658299	-0.001448
48185.000000	0.499797	0.510639	0.798082	0.658300	-0.001449
48186.000000	0.499792	0.510638	0.798084	0.658304	-0.001444
48187.000000	0.499788	0.510636	0.798083	0.658301	-0.001442
48188.000000	0.499787	0.510635	0.798081	0.658298	-0.001440
48189.000000	0.499788	0.510632	0.798077	0.658291	-0.001437
48190.000000	0.499792	0.510633	0.798075	0.658289	-0.001433
48191.000000	0.499792	0.510640	0.798075	0.658288	-0.001435
48192.000000	0.499794	0.510650	0.798076	0.658289	-0.001445
48193.000000	0.499796	0.510658	0.798078	0.658293	-0.001454
48194.000000	0.499795	0.510660	0.798082	0.658299	-0.001456
48195.000000	0.499798	0.510669	0.798081	0.658298	-0.001449
48196.000000	0.499798	0.510672	0.798083	0.658300	-0.001436
48197.000000	0.499798	0.510677	0.798087	0.658307	-0.001425
48198.000000	0.499798	0.510673	0.798088	0.658308	-0.001421
48199.000000	0.499796	0.510670	0.798086	0.658304	-0.001421
48200.000000	0.499794	0.510667	0.798086	0.658304	-0.001429
48201.000000	0.499796	0.510658	0.798084	0.658301	-0.001437
48202.000000	0.499796	0.510653	0.798083	0.658300	-0.001440
48203.000000	0.499794	0.510658	0.798081	0.658295	-0.001442
48204.000000	0.499792	0.510661	0.798077	0.658290	-0.001450
48205.000000	0.499794	0.510664	0.798076	0.658288	-0.001456
48206.000000	0.499794	0.510664	0.798076	0.658287	-0.001458
48207.000000	0.499796	0.510658	0.798074	0.658284	-0.001460
48208.000000	0.499795	0.510654	0.798076	0.658288	-0.001465
48209.000000	0.499794	0.510650	0.798074	0.658284	-0.001473
48210.000000	0.499796	0.510651	0.798077	0.658288	-0.001482
48211.000000	0.499797	0.510652	0.798083	0.658299	-0.001495
48212.000000	0.499800	0.510660	0.798084	0.658301	-0.001506
48213.000000	0.499798	0.510666	0.798083	0.658298	-0.001511
48214.000000	0.499797	0.510668	0.798080	0.658294	-0.001519
48215.000000	0.499796	0.510667	0.798083	0.658300	-0.001534
48216.000000	0.499793	0.510668	0.798088	0.658308	-0.001545
48217.000000	0.499791	0.510669	0.798087	0.658306	-0.001552
48218.000000	0.499791	0.510670	0.798089	0.658309	-0.001553
48219.000000	0.499793	0.510670	0.798092	0.658313	-0.001560
48220.000000	0.499791	0.510670	0.798096	0.658322	-0.001569
48221.000000	0.499785	0.510667	0.798102	0.658332	-0.001577
48222.000000	0.499784	0.510662	0.798105	0.658336	-0.001586
48223.000000	0.499782	0.510661	0.798102	0.658332	-0.001591
48224.000000	0.499778	0.510660	0.798098	0.658326	-0.001592
48225.000000	0.499776	0.510656	0.798097	0.658323	-0.001591
48226.000000	0.499776	0.510651	0.798097	0.658324	-0.001586
48227.000000	0.499773	0.510654	0.798096	0.658322	-0.001580
48228.000000	0.499777	0.510661	0.798094	0.658318	-0.001578
48229.000000	0.499779	0.510663	0.798092	0.658316	-0.001588
48230.000000	0.499780	0.510669	0.798095	0.658320	-0.001601
48231.000000	0.499786	0.510688	0.798098	0.658324	-0.001608
48232.000000	0.499791	0.510703	0.798096	0.658321	-0.001605
48233.000000	0.499796	0.510713	0.798096	0.658321	-0.001594
48234.000000	0.499796	0.510723	0.798100	0.658328	-0.001584
48235.000000	0.499791	0.510720	0.798104	0.658334	-0.001577
48236.000000	0.499788	0.510715	0.798104	0.658334	-0.001575
48237.000000	0.499784	0.510711	0.798099	0.658328	-0.001573
48238.000000	0.499782	0.510707	0.798095	0.658322	-0.001566
48239.000000	0.499778	0.510704	0.798093	0.658318	-0.001562
48240.000000	0.499776	0.510701	0.798091	0.658315	-0.001566
48241.000000	0.499776	0.510698	0.798092	0.658317	-0.001566
48242.000000	0.499781	0.510703	0.798096	0.658323	-0.001572
48243.000000	0.499786	0.510710	0.798096	0.658323	-0.001579
48244.000000	0.499786	0.510707	0.798095	0.658320	-0.001579
48245.000000	0.499788	0.510712	0.798097	0.658324	-0.001566
48246.000000	0.499792	0.510713	0.798094	0.658321	-0.001558
48247.000000	0.499794	0.510715	0.798090	0.658314	-0.001561
48248.000000	0.499791	0.510710	0.798088	0.658310	-0.001561
48249.000000	0.499786	0.510702	0.798085	0.658307	-0.001560
48250.000000	0.499785	0.510698	0.798082	0.658301	-0.001558
48251.000000	0.499784	0.510697	0.798080	0.658298	-0.001555
48252.000000	0.499781	0.510696	0.798081	0.658299	-0.001545
48253.000000	0.499784	0.510697	0.798084	0.658305	-0.001532
48254.000000	0.499784	0.510693	0.798089	0.658313	-0.001537
48255.000000	0.499783	0.510690	0.798093	0.658320	-0.001548
48256.000000	0.499782	0.510686	0.798095	0.658323	-0.001552
48257.000000	0.499783	0.510685	0.798096	0.658324	-0.001543
48258.000000	0.499790	0.510694	0.798097	0.658326	-0.001531
48259.000000	0.499794	0.510697	0.798096	0.658324	-0.001538
48260.000000	0.499797	0.510703	0.798096	0.658324	-0.001547
48261.000000	0.499805	0.510706	0.798093	0.658319	-0.001541
48262.000000	0.499810	0.510715	0.798092	0.658317	-0.001538
48263.000000	0.499815	0.510718	0.798094	0.658320	-0.001541
48264.000000	0.499815	0.510723	0.798095	0.658321	-0.001552
48265.000000	0.499814	0.510720	0.798094	0.658319	-0.001560
48266.000000	0.499812	0.510718	0.798092	0.658317	-0.001558
48267.000000	0.499810	0.510716	0.798094	0.658319	-0.001548
48268.000000	0.499815	0.510714	0.798091	0.658314	-0.001546
48269.000000	0.499814	0.510717	0.798088	0.658309	-0.001553
48270.000000	0.499812	0.510714	0.798087	0.658307	-0.001559
48271.000000	0.499806	0.510709	0.798085	0.658304	-0.001562
48272.000000	0.499803	0.510708	0.798082	0.658300	-0.001561
48273.000000	0.499800	0.510703	0.798080	0.658296	-0.001559
48274.000000	0.499807	0.510700	0.798075	0.658289	-0.001557
48275.000000	0.499810	0.510696	0.798070	0.658282	-0.001559
48276.000000	0.499811	0.510690	0.798068	0.658279	-0.001555
48277.000000	0.499810	0.510688	0.798071	0.658283	-0.001543
48278.000000	0.499810	0.510689	0.798073	0.658286	-0.001541
48279.000000	0.499811	0.510695	0.798074	0.658287	-0.001543
48280.000000	0.499809	0.510702	0.798077	0.658292	-0.001543
48281.000000	0.499809	0.510701	0.798079	0.658294	-0.001549
48282.000000	0.499811	0.510706	0.798081	0.658298	-0.001561
48283.000000	0.499817	0.510711	0.798086	0.658307	-0.001561
48284.000000	0.499823	0.510717	0.798087	0.658309	-0.001560
48285.000000	0.499826	0.510731	0.798084	0.658303	-0.001557
48286.000000	0.499825	0.510734	0.798080	0.658297	-0.001558
48287.000000	0.499823	0.510743	0.798080	0.658297	-0.001565
48288.000000	0.499825	0.510753	0.798077	0.658293	-0.001569
48289.000000	0.499830	0.510758	0.798076	0.658291	-0.001574
48290.000000	0.499830	0.510760	0.798079	0.658295	-0.001587
48291.000000	0.499829	0.510761	0.798076	0.658291	-0.001596
48292.000000	0.499826	0.510769	0.798074	0.658288	-0.001606
48293.000000	0.499830	0.510779	0.798070	0.658281	-0.001610
48294.000000	0.499830	0.510780	0.798064	0.658273	-0.001604
48295.000000	0.499833	0.510785	0.798060	0.658267	-0.001600
48296.000000	0.499832	0.510783	0.798059	0.658266	-0.001601
48297.000000	0.499824	0.510775	0.798058	0.658263	-0.001604
48298.000000	0.499823	0.510775	0.798057	0.658261	-0.001602
48299.000000	0.499824	0.510775	0.798058	0.658263	-0.001591
48300.000000	0.499830	0.510787	0.798058	0.658263	-0.001583
48301.000000	0.499836	0.510799	0.798057	0.658261	-0.001587
48302.000000	0.499835	0.510796	0.798056	0.658258	-0.001591
48303.000000	0.499833	0.510791	0.798056	0.658258	-0.001596
48304.000000	0.499831	0.510790	0.798054	0.658255	-0.001597
48305.000000	0.499833	0.510787	0.798053	0.658253	-0.001589
48306.000000	0.499828	0.510784	0.798054	0.658255	-0.001577
48307.000000	0.499827	0.510785	0.798053	0.658253	-0.001570
48308.000000	0.499826	0.510786	0.798054	0.658253	-0.001565
48309.000000	0.499826	0.510781	0.798052	0.658250	-0.001570
48310.000000	0.499824	0.510780	0.798052	0.658250	-0.001577
48311.000000	0.499827	0.510787	0.798049	0.658245	-0.001580
48312.000000	0.499828	0.510787	0.798054	0.658254	-0.001581
48313.000000	0.499830	0.510785	0.798058	0.658260	-0.001575
48314.000000	0.499831	0.510787	0.798060	0.658264	-0.001565
48315.000000	0.499828	0.510783	0.798061	0.658264	-0.001552
48316.000000	0.499825	0.510780	0.798066	0.658274	-0.001537
48317.000000	0.499823	0.510773	0.798066	0.658273	-0.001539
48318.000000	0.499820	0.510769	0.798064	0.658270	-0.001543
48319.000000	0.499816	0.510765	0.798061	0.658265	-0.001544
48320.000000	0.499815	0.510764	0.798059	0.658262	-0.001538
48321.000000	0.499819	0.510764	0.798063	0.658269	-0.001531
48322.000000	0.499824	0.510770	0.798065	0.658272	-0.001540
48323.000000	0.499826	0.510770	0.798069	0.658279	-0.001556
48324.000000	0.499823	0.510768	0.798070	0.658281	-0.001565
48325.000000	0.499824	0.510767	0.798071	0.658282	-0.001576
48326.000000	0.499827	0.510765	0.798068	0.658277	-0.001577
48327.000000	0.499828	0.510760	0.798065	0.658273	-0.001581
48328.000000	0.499827	0.510755	0.798069	0.658279	-0.001593
48329.000000	0.499825	0.510752	0.798073	0.658286	-0.001601
48330.000000	0.499826	0.510754	0.798078	0.658294	-0.001607
48331.000000	0.499829	0.510758	0.798082	0.658301	-0.001601
48332.000000	0.499827	0.510756	0.798083	0.658302	-0.001596
48333.000000	0.499826	0.510760	0.798081	0.658299	-0.001593
48334.000000	0.499823	0.510760	0.798077	0.658293	-0.001590
48335.000000	0.499821	0.510759	0.798077	0.658293	-0.001593
48336.000000	0.499819	0.510756	0.798078	0.658294	-0.001596
48337.000000	0.499818	0.510759	0.798077	0.658293	-0.001600
48338.000000	0.499819	0.510759	0.798079	0.658296	-0.001602
48339.000000	0.499823	0.510762	0.798084	0.658305	-0.001599
48340.000000	0.499820	0.510765	0.798087	0.658309	-0.001596
48341.000000	0.499817	0.510764	0.798091	0.658316	-0.001586
48342.000000	0.499815	0.510766	0.798090	0.658313	-0.001577
48343.000000	0.499813	0.510767	0.798088	0.658311	-0.001570
48344.000000	0.499816	0.510765	0.798085	0.658306	-0.001567
48345.000000	0.499812	0.510760	0.798087	0.658308	-0.001566
48346.000000	0.499812	0.510755	0.798088	0.658311	-0.001568
48347.000000	0.499808	0.510748	0.798091	0.658315	-0.001564
48348.000000	0.499807	0.510745	0.798097	0.658325	-0.001559
48349.000000	0.499810	0.510746	0.798098	0.658326	-0.001554
48350.000000	0.499813	0.510751	0.798103	0.658335	-0.001537
48351.000000	0.499815	0.510754	0.798100	0.658331	-0.001533
48352.000000	0.499817	0.510750	0.798095	0.658324	-0.001535
48353.000000	0.499812	0.510748	0.798090	0.658317	-0.001535
48354.000000	0.499815	0.510749	0.798090	0.658315	-0.001537
48355.000000	0.499811	0.510744	0.798087	0.658312	-0.001538
48356.000000	0.499807	0.510742	0.798084	0.658307	-0.001537
48357.000000	0.499802	0.510736	0.798084	0.658305	-0.001530
48358.000000	0.499802	0.510740	0.798082	0.658303	-0.001522
48359.000000	0.499803	0.510738	0.798080	0.658300	-0.001520
48360.000000	0.499805	0.510737	0.798081	0.658301	-0.001524
48361.000000	0.499808	0.510739	0.798079	0.658297	-0.001526
48362.000000	0.499810	0.510736	0.798077	0.658295	-0.001522
48363.000000	0.499810	0.510737	0.798077	0.658294	-0.001517
48364.000000	0.499809	0.510740	0.798079	0.658296	-0.001522
48365.000000	0.499807	0.510738	0.798076	0.658292	-0.001524
48366.000000	0.499808	0.510735	0.798074	0.658289	-0.001529
48367.000000	0.499810	0.510734	0.798077	0.658293	-0.001525
48368.000000	0.499809	0.510730	0.798079	0.658296	-0.001522
48369.000000	0.499807	0.510727	0.798073	0.658289	-0.001522
48370.000000	0.499807	0.510725	0.798069	0.658283	-0.001524
48371.000000	0.499806	0.510723	0.798069	0.658282	-0.001516
48372.000000	0.499807	0.510720	0.798073	0.658289	-0.001507
48373.000000	0.499805	0.510723	0.798074	0.658291	-0.001498
48374.000000	0.499803	0.510725	0.798074	0.658290	-0.001488
48375.000000	0.499808	0.510733	0.798071	0.658285	-0.001488
48376.000000	0.499805	0.510735	0.798071	0.658285	-0.001499
48377.000000	0.499804	0.510728	0.798072	0.658286	-0.001507
48378.000000	0.499803	0.510726	0.798076	0.658293	-0.001503
48379.000000	0.499799	0.510726	0.798077	0.658295	-0.001495
48380.000000	0.499797	0.510727	0.798079	0.658298	-0.001484
48381.000000	0.499794	0.510724	0.798081	0.658300	-0.001473
48382.000000	0.499795	0.510720	0.798078	0.658296	-0.001465
48383.000000	0.499800	0.510723	0.798073	0.658289	-0.001464
48384.000000	0.499805	0.510721	0.798071	0.658286	-0.001466
48385.000000	0.499802	0.510719	0.798069	0.658282	-0.001475
48386.000000	0.499804	0.510716	0.798068	0.658280	-0.001482
48387.000000	0.499805	0.510715	0.798068	0.658279	-0.001482
48388.000000	0.499804	0.510717	0.798071	0.658284	-0.001472
48389.000000	0.499802	0.510725	0.798075	0.658291	-0.001459
48390.000000	0.499806	0.510738	0.798072	0.658287	-0.001452
48391.000000	0.499810	0.510749	0.798073	0.658289	-0.001455
48392.000000	0.499816	0.510762	0.798078	0.658298	-0.001455
48393.000000	0.499816	0.510763	0.798082	0.658305	-0.001449
48394.000000	0.499814	0.510762	0.798081	0.658302	-0.001441
48395.000000	0.499814	0.510762	0.798082	0.658305	-0.001432
48396.000000	0.499816	0.510760	0.798083	0.658306	-0.001426
48397.000000	0.499820	0.510762	0.798086	0.658312	-0.001416
48398.000000	0.499826	0.510769	0.798086	0.658311	-0.001416
48399.000000	0.499826	0.510773	0.798085	0.658309	-0.001423
48400.000000	0.499827	0.510777	0.798085	0.658310	-0.001430
48401.000000	0.499828	0.510783	0.798084	0.658308	-0.001432
48402.000000	0.499828	0.510789	0.798085	0.658308	-0.001439
48403.000000	0.499825	0.510790	0.798087	0.658310	-0.001447
48404.000000	0.499826	0.510791	0.798085	0.658308	-0.001450
48405.000000	0.499827	0.510791	0.798085	0.658307	-0.001455
48406.000000	0.499827	0.510788	0.798084	0.658306	-0.001456
48407.000000	0.499829	0.510786	0.798086	0.658309	-0.001458
48408.000000	0.499832	0.510790	0.798085	0.658307	-0.001464
48409.000000	0.499834	0.510787	0.798086	0.658308	-0.001463
48410.000000	0.499834	0.510783	0.798088	0.658313	-0.001459
48411.000000	0.499831	0.510778	0.798086	0.658309	-0.001461
48412.000000	0.499832	0.510775	0.798086	0.658308	-0.001467
48413.000000	0.499832	0.510772	0.798091	0.658317	-0.001478
48414.000000	0.499834	0.510771	0.798091	0.658318	-0.001484
48415.000000	0.499835	0.510767	0.798090	0.658315	-0.001485
48416.000000	0.499832	0.510764	0.798087	0.658311	-0.001486
48417.000000	0.499833	0.510769	0.798084	0.658307	-0.001480
48418.000000	0.499831	0.510770	0.798079	0.658300	-0.001483
48419.000000	0.499830	0.510773	0.798077	0.658296	-0.001489
48420.000000	0.499827	0.510772	0.798078	0.658297	-0.001488
48421.000000	0.499830	0.510775	0.798078	0.658297	-0.001483
48422.000000	0.499832	0.510788	0.798078	0.658296	-0.001484
48423.000000	0.499833	0.510809	0.798079	0.658297	-0.001479
48424.000000	0.499836	0.510812	0.798079	0.658296	-0.001477
48425.000000	0.499833	0.510808	0.798081	0.658300	-0.001483
48426.000000	0.499834	0.510808	0.798084	0.658306	-0.001495
48427.000000	0.499836	0.510811	0.798084	0.658305	-0.001500
48428.000000	0.499834	0.510817	0.798086	0.658307	-0.001502
48429.000000	0.499833	0.510819	0.798091	0.658316	-0.001502
48430.000000	0.499831	0.510813	0.798089	0.658313	-0.001509
48431.000000	0.499829	0.510812	0.798085	0.658307	-0.001516
48432.000000	0.499829	0.510811	0.798085	0.658306	-0.001519
48433.000000	0.499830	0.510807	0.798082	0.658301	-0.001524
48434.000000	0.499829	0.510801	0.798083	0.658304	-0.001533
48435.000000	0.499829	0.510796	0.798086	0.658308	-0.001536
48436.000000	0.499832	0.510795	0.798086	0.658307	-0.001533
48437.000000	0.499830	0.510795	0.798083	0.658303	-0.001534
48438.000000	0.499832	0.510799	0.798081	0.658299	-0.001540
48439.000000	0.499831	0.510796	0.798079	0.658296	-0.001545
48440.000000	0.499832	0.510791	0.798076	0.658292	-0.001545
48441.000000	0.499830	0.510784	0.798074	0.658289	-0.001551
48442.000000	0.499825	0.510777	0.798074	0.658288	-0.001554
48443.000000	0.499824	0.510776	0.798070	0.658282	-0.001554
48444.000000	0.499826	0.510780	0.798071	0.658283	-0.001552
48445.000000	0.499825	0.510780	0.798072	0.658284	-0.001546
48446.000000	0.499826	0.510788	0.798071	0.658283	-0.001538
48447.000000	0.499828	0.510798	0.798069	0.658279	-0.001539
48448.000000	0.499831	0.510804	0.798073	0.658286	-0.001545
48449.000000	0.499839	0.510798	0.798072	0.658285	-0.001541
48450.000000	0.499845	0.510795	0.798074	0.658287	-0.001534
48451.000000	0.499840	0.510787	0.798070	0.658281	-0.001530
48452.000000	0.499835	0.510781	0.798068	0.658278	-0.001527
48453.000000	0.499832	0.510778	0.798070	0.658281	-0.001532
48454.000000	0.499831	0.510780	0.798073	0.658286	-0.001542
48455.000000	0.499832	0.510773	0.798072	0.658283	-0.001552
48456.000000	0.499831	0.510769	0.798068	0.658277	-0.001551
48457.000000	0.499833	0.510767	0.798071	0.658283	-0.001541
48458.000000	0.499840	0.510762	0.798073	0.658286	-0.001535
48459.000000	0.499842	0.510767	0.798078	0.658294	-0.001534
48460.000000	0.499842	0.510768	0.798076	0.658291	-0.001537
48461.000000	0.499842	0.510764	0.798073	0.658286	-0.001541
48462.000000	0.499839	0.510761	0.798074	0.658287	-0.001543
48463.000000	0.499838	0.510760	0.798070	0.658282	-0.001542
48464.000000	0.499835	0.510756	0.798070	0.658282	-0.001533
48465.000000	0.499834	0.510756	0.798072	0.658285	-0.001522
48466.000000	0.499828	0.510752	0.798071	0.658282	-0.001516
48467.000000	0.499824	0.510747	0.798069	0.658279	-0.001515
48468.000000	0.499822	0.510752	0.798069	0.658278	-0.001513
48469.000000	0.499822	0.510755	0.798073	0.658286	-0.001499
48470.000000	0.499817	0.510748	0.798073	0.658285	-0.001491
48471.000000	0.499815	0.510747	0.798070	0.658280	-0.001488
48472.000000	0.499811	0.510745	0.798067	0.658276	-0.001485
48473.000000	0.499815	0.510742	0.798065	0.658273	-0.001482
48474.000000	0.499818	0.510745	0.798069	0.658279	-0.001483
48475.000000	0.499820	0.510747	0.798072	0.658284	-0.001488
48476.000000	0.499824	0.510749	0.798069	0.658279	-0.001495
48477.000000	0.499826	0.510747	0.798068	0.658278	-0.001498
48478.000000	0.499825	0.510744	0.798066	0.658275	-0.001496
48479.000000	0.499825	0.510744	0.798066	0.658274	-0.001500
48480.000000	0.499825	0.510749	0.798070	0.658281	-0.001508
48481.000000	0.499823	0.510746	0.798072	0.658284	-0.001514
48482.000000	0.499830	0.510749	0.798074	0.658288	-0.001510
48483.000000	0.499836	0.510757	0.798075	0.658288	-0.001512
48484.000000	0.499846	0.510771	0.798078	0.658293	-0.001521
48485.000000	0.499844	0.510770	0.798082	0.658299	-0.001526
48486.000000	0.499840	0.510768	0.798083	0.658301	-0.001531
48487.000000	0.499838	0.510765	0.798086	0.658307	-0.001535
48488.000000	0.499839	0.510772	0.798090	0.658314	-0.001536
48489.000000	0.499837	0.510771	0.798089	0.658311	-0.001532
48490.000000	0.499834	0.510768	0.798090	0.658313	-0.001531
48491.000000	0.499832	0.510764	0.798091	0.658314	-0.001527
48492.000000	0.499833	0.510768	0.798092	0.658316	-0.001517
48493.000000	0.499830	0.510769	0.798088	0.658310	-0.001513
48494.000000	0.499826	0.510762	0.798083	0.658302	-0.001515
48495.000000	0.499821	0.510761	0.798079	0.658296	-0.001516
48496.000000	0.499816	0.510759	0.798076	0.658291	-0.001516
48497.000000	0.499811	0.510756	0.798074	0.658289	-0.001515
48498.000000	0.499810	0.510754	0.798076	0.658291	-0.001511
48499.000000	0.499810	0.510751	0.798077	0.658292	-0.001513
48500.000000	0.499806	0.510751	0.798080	0.658297	-0.001523
48501.000000	0.499803	0.510749	0.798085	0.658306	-0.001532
48502.000000	0.499802	0.510750	0.798087	0.658309	-0.001538
48503.000000	0.499804	0.510754	0.798085	0.658306	-0.001536
48504.000000	0.499805	0.510761	0.798089	0.658313	-0.001533
48505.000000	0.499803	0.510759	0.798089	0.658313	-0.001526
48506.000000	0.499800	0.510759	0.798091	0.658316	-0.001513
48507.000000	0.499808	0.510768	0.798092	0.658317	-0.001504
48508.000000	0.499809	0.510772	0.798088	0.658311	-0.001508
48509.000000	0.499809	0.510772	0.798083	0.658304	-0.001511
48510.000000	0.499806	0.510766	0.798079	0.658298	-0.001505
48511.000000	0.499807	0.510764	0.798081	0.658300	-0.001499
48512.000000	0.499806	0.510762	0.798081	0.658301	-0.001496
48513.000000	0.499807	0.510757	0.798084	0.658306	-0.001506
48514.000000	0.499806	0.510755	0.798080	0.658300	-0.001512
48515.000000	0.499807	0.510763	0.798078	0.658297	-0.001507
48516.000000	0.499807	0.510771	0.798078	0.658297	-0.001499
48517.000000	0.499805	0.510775	0.798079	0.658296	-0.001492
48518.000000	0.499805	0.510774	0.798080	0.658299	-0.001482
48519.000000	0.499806	0.510774	0.798084	0.658305	-0.001482
48520.000000	0.499811	0.510777	0.798085	0.658307	-0.001493
48521.000000	0.499810	0.510775	0.798089	0.658313	-0.001501
48522.000000	0.499807	0.510772	0.798092	0.658319	-0.001501
48523.000000	0.499809	0.510775	0.798093	0.658319	-0.001497
48524.000000	0.499807	0.510780	0.798096	0.658325	-0.001498
48525.000000	0.499809	0.510782	0.798097	0.658325	-0.001496
48526.000000	0.499810	0.510785	0.798094	0.658321	-0.001497
48527.000000	0.499808	0.510785	0.798093	0.658319	-0.001494
48528.000000	0.499811	0.510785	0.798088	0.658313	-0.001493
48529.000000	0.499810	0.510785	0.798090	0.658315	-0.001496
48530.000000	0.499809	0.510788	0.798090	0.658316	-0.001496
48531.000000	0.499812	0.510791	0.798088	0.658313	-0.001490
48532.000000	0.499812	0.510786	0.798091	0.658318	-0.001480
48533.000000	0.499811	0.510789	0.798094	0.658323	-0.001470
48534.000000	0.499807	0.510789	0.798093	0.658320	-0.001466
48535.000000	0.499807	0.510795	0.798089	0.658315	-0.001465
48536.000000	0.499810	0.510806	0.798088	0.658312	-0.001460
48537.000000	0.499807	0.510805	0.798091	0.658317	-0.001450
48538.000000	0.499804	0.510800	0.798092	0.658318	-0.001441
48539.000000	0.499802	0.510796	0.798088	0.658312	-0.001437
48540.000000	0.499798	0.510792	0.798091	0.658317	-0.001443
48541.000000	0.499799	0.510789	0.798094	0.658322	-0.001445
48542.000000	0.499801	0.510788	0.798095	0.658323	-0.001447
48543.000000	0.499803	0.510786	0.798098	0.658328	-0.001455
48544.000000	0.499799	0.510783	0.798102	0.658334	-0.001459
48545.000000	0.499798	0.510785	0.798100	0.658332	-0.001462
48546.000000	0.499797	0.510786	0.798096	0.658326	-0.001467
48547.000000	0.499799	0.510792	0.798096	0.658325	-0.001465
48548.000000	0.499795	0.510788	0.798097	0.658326	-0.001458
48549.000000	0.499792	0.510783	0.798096	0.658325	-0.001452
48550.000000	0.499792	0.510778	0.798093	0.658320	-0.001451
48551.000000	0.499790	0.510771	0.798089	0.658314	-0.001452
48552.000000	0.499790	0.510771	0.798087	0.658311	-0.001458
48553.000000	0.499794	0.510769	0.798090	0.658315	-0.001470
48554.000000	0.499795	0.510766	0.798089	0.658314	-0.001474
48555.000000	0.499791	0.510763	0.798089	0.658313	-0.001479
48556.000000	0.499790	0.510772	0.798090	0.658315	-0.001484
48557.000000	0.499791	0.510774	0.798092	0.658317	-0.001488
48558.000000	0.499790	0.510775	0.798091	0.658315	-0.001494
48559.000000	0.499788	0.510779	0.798090	0.658313	-0.001501
48560.000000	0.499787	0.510777	0.798089	0.658311	-0.001503
48561.000000	0.499783	0.510775	0.798092	0.658317	-0.001507
48562.000000	0.499783	0.510775	0.798094	0.658321	-0.001507
48563.000000	0.499783	0.510776	0.798092	0.658316	-0.001504
48564.000000	0.499782	0.510782	0.798090	0.658313	-0.001509
48565.000000	0.499780	0.510790	0.798089	0.658311	-0.001517
48566.000000	0.499781	0.510791	0.798091	0.658314	-0.001531
48567.000000	0.499783	0.510793	0.798086	0.658308	-0.001532
48568.000000	0.499783	0.510790	0.798083	0.658303	-0.001532
48569.000000	0.499781	0.510785	0.798084	0.658304	-0.001541
48570.000000	0.499780	0.510792	0.798085	0.658305	-0.001552
48571.000000	0.499776	0.510786	0.798082	0.658300	-0.001557
48572.000000	0.499776	0.510782	0.798079	0.658295	-0.001556
48573.000000	0.499772	0.510774	0.798080	0.658297	-0.001553
48574.000000	0.499770	0.510769	0.798086	0.658307	-0.001557
48575.000000	0.499766	0.510766	0.798087	0.658309	-0.001567
48576.000000	0.499764	0.510764	0.798086	0.658307	-0.001570
48577.000000	0.499763	0.510763	0.798084	0.658304	-0.001575
48578.000000	0.499763	0.510763	0.798083	0.658302	-0.001581
48579.000000	0.499758	0.510762	0.798085	0.658304	-0.001586
48580.000000	0.499755	0.510763	0.798086	0.658307	-0.001591
48581.000000	0.499758	0.510763	0.798087	0.658307	-0.001589
48582.000000	0.499755	0.510759	0.798089	0.658311	-0.001579
48583.000000	0.499750	0.510754	0.798092	0.658316	-0.001564
48584.000000	0.499751	0.510751	0.798089	0.658311	-0.001558
48585.000000	0.499747	0.510748	0.798084	0.658304	-0.001563
48586.000000	0.499748	0.510743	0.798079	0.658297	-0.001562
48587.000000	0.499749	0.510747	0.798080	0.658298	-0.001557
48588.000000	0.499746	0.510744	0.798082	0.658302	-0.001551
48589.000000	0.499747	0.510747	0.798083	0.658302	-0.001548
48590.000000	0.499747	0.510748	0.798079	0.658296	-0.001551
48591.000000	0.499750	0.510754	0.798081	0.658299	-0.001560
48592.000000	0.499761	0.510773	0.798084	0.658305	-0.001562
48593.000000	0.499767	0.510783	0.798087	0.658310	-0.001562
48594.000000	0.499768	0.510798	0.798093	0.658320	-0.001563
48595.000000	0.499768	0.510794	0.798094	0.658322	-0.001567
48596.000000	0.499768	0.510797	0.798093	0.658321	-0.001563
48597.000000	0.499771	0.510802	0.798098	0.658330	-0.001546
48598.000000	0.499773	0.510800	0.798096	0.658326	-0.001539
48599.000000	0.499776	0.510803	0.798092	0.658320	-0.001538
48600.000000	0.499774	0.510799	0.798089	0.658316	-0.001534
48601.000000	0.499779	0.510800	0.798090	0.658317	-0.001522
48602.000000	0.499775	0.510796	0.798089	0.658315	-0.001514
48603.000000	0.499771	0.510800	0.798088	0.658312	-0.001508
48604.000000	0.499771	0.510794	0.798087	0.658311	-0.001509
48605.000000	0.499773	0.510795	0.798090	0.658316	-0.001521
48606.000000	0.499773	0.510801	0.798088	0.658312	-0.001527
48607.000000	0.499779	0.510812	0.798087	0.658311	-0.001528
48608.000000	0.499777	0.510813	0.798086	0.658308	-0.001527
48609.000000	0.499772	0.510807	0.798081	0.658302	-0.001527
48610.000000	0.499774	0.510811	0.798078	0.658297	-0.001522
48611.000000	0.499769	0.510806	0.798074	0.658291	-0.001517
48612.000000	0.499772	0.510802	0.798075	0.658292	-0.001507
48613.000000	0.499774	0.510795	0.798078	0.658296	-0.001499
48614.000000	0.499773	0.510790	0.798082	0.658304	-0.001500
48615.000000	0.499774	0.510786	0.798084	0.658306	-0.001504
48616.000000	0.499778	0.510783	0.798086	0.658310	-0.001510
48617.000000	0.499783	0.510785	0.798085	0.658309	-0.001513
48618.000000	0.499784	0.510781	0.798081	0.658304	-0.001517
48619.000000	0.499782	0.510776	0.798076	0.658296	-0.001521
48620.000000	0.499782	0.510776	0.798071	0.658289	-0.001524
48621.000000	0.499782	0.510776	0.798069	0.658285	-0.001523
48622.000000	0.499784	0.510782	0.798070	0.658287	-0.001516
48623.000000	0.499788	0.510785	0.798070	0.658287	-0.001509
48624.000000	0.499792	0.510783	0.798065	0.658281	-0.001508
48625.000000	0.499795	0.510781	0.798063	0.658277	-0.001509
48626.000000	0.499795	0.510777	0.798060	0.658272	-0.001507
48627.000000	0.499792	0.510773	0.798060	0.658271	-0.001504
48628.000000	0.499792	0.510768	0.798059	0.658270	-0.001499
48629.000000	0.499798	0.510771	0.798056	0.658265	-0.001500
48630.000000	0.499800	0.510775	0.798056	0.658264	-0.001494
48631.000000	0.499804	0.510772	0.798058	0.658268	-0.001484
48632.000000	0.499806	0.510776	0.798056	0.658265	-0.001481
48633.000000	0.499807	0.510777	0.798054	0.658261	-0.001481
48634.000000	0.499806	0.510777	0.798054	0.658261	-0.001477
48635.000000	0.499806	0.510776	0.798057	0.658266	-0.001463
48636.000000	0.499813	0.510775	0.798061	0.658273	-0.001455
48637.000000	0.499808	0.510773	0.798066	0.658281	-0.001452
48638.000000	0.499803	0.510775	0.798068	0.658284	-0.001445
48639.000000	0.499803	0.510778	0.798069	0.658287	-0.001443
48640.000000	0.499800	0.510775	0.798074	0.658295	-0.001446
48641.000000	0.499795	0.510773	0.798080	0.658306	-0.001457
48642.000000	0.499793	0.510773	0.798084	0.658312	-0.001473
48643.000000	0.499796	0.510780	0.798084	0.658313	-0.001483
48644.000000	0.499795	0.510783	0.798082	0.658309	-0.001483
48645.000000	0.499792	0.510779	0.798079	0.658304	-0.001481
48646.000000	0.499791	0.510778	0.798076	0.658300	-0.001479
48647.000000	0.499792	0.510778	0.798075	0.658297	-0.001486
48648.000000	0.499789	0.510774	0.798073	0.658293	-0.001493
48649.000000	0.499787	0.510771	0.798069	0.658288	-0.001497
48650.000000	0.499787	0.510766	0.798065	0.658281	-0.001496
48651.000000	0.499784	0.510764	0.798064	0.658281	-0.001496
48652.000000	0.499784	0.510763	0.798063	0.658278	-0.001495
48653.000000	0.499782	0.510763	0.798058	0.658271	-0.001496
48654.000000	0.499778	0.510764	0.798055	0.658266	-0.001504
48655.000000	0.499774	0.510763	0.798054	0.658265	-0.001514
48656.000000	0.499777	0.510765	0.798053	0.658262	-0.001512
48657.000000	0.499780	0.510766	0.798049	0.658257	-0.001507
48658.000000	0.499777	0.510759	0.798045	0.658251	-0.001509
48659.000000	0.499772	0.510754	0.798042	0.658246	-0.001506
48660.000000	0.499767	0.510747	0.798040	0.658243	-0.001499
48661.000000	0.499766	0.510743	0.798040	0.658243	-0.001487
48662.000000	0.499762	0.510739	0.798038	0.658239	-0.001482
48663.000000	0.499759	0.510734	0.798036	0.658235	-0.001479
48664.000000	0.499759	0.510730	0.798037	0.658237	-0.001480
48665.000000	0.499764	0.510728	0.798042	0.658245	-0.001492
48666.000000	0.499764	0.510729	0.798044	0.658249	-0.001506
48667.000000	0.499761	0.510726	0.798046	0.658252	-0.001517
48668.000000	0.499758	0.510724	0.798045	0.658251	-0.001519
48669.000000	0.499755	0.510719	0.798042	0.658245	-0.001520
48670.000000	0.499761	0.510720	0.798041	0.658244	-0.001509
48671.000000	0.499760	0.510719	0.798042	0.658245	-0.001501
48672.000000	0.499759	0.510718	0.798044	0.658249	-0.001491
48673.000000	0.499759	0.510716	0.798048	0.658255	-0.001479
48674.000000	0.499761	0.510712	0.798049	0.658256	-0.001470
48675.000000	0.499760	0.510713	0.798054	0.658265	-0.001466
48676.000000	0.499757	0.510709	0.798051	0.658261	-0.001465
48677.000000	0.499754	0.510703	0.798050	0.658260	-0.001460
48678.000000	0.499750	0.510699	0.798054	0.658266	-0.001450
48679.000000	0.499750	0.510702	0.798054	0.658265	-0.001440
48680.000000	0.499752	0.510707	0.798054	0.658266	-0.001434
48681.000000	0.499754	0.510703	0.798054	0.658265	-0.001435
48682.000000	0.499752	0.510707	0.798051	0.658260	-0.001435
48683.000000	0.499750	0.510713	0.798050	0.658258	-0.001430
48684.000000	0.499751	0.510712	0.798049	0.658257	-0.001433
48685.000000	0.499751	0.510711	0.798048	0.658254	-0.001435
48686.000000	0.499752	0.510713	0.798045	0.658250	-0.001434
48687.000000	0.499758	0.510713	0.798045	0.658249	-0.001438
48688.000000	0.499757	0.510711	0.798043	0.658246	-0.001438
48689.000000	0.499759	0.510715	0.798046	0.658250	-0.001430
48690.000000	0.499757	0.510717	0.798049	0.658255	-0.001419
48691.000000	0.499757	0.510719	0.798052	0.658260	-0.001406
48692.000000	0.499753	0.510717	0.798052	0.658261	-0.001396
48693.000000	0.499754	0.510717	0.798052	0.658260	-0.001396
48694.000000	0.499756	0.510720	0.798049	0.658255	-0.001394
48695.000000	0.499760	0.510725	0.798047	0.658253	-0.001394
48696.000000	0.499763	0.510727	0.798050	0.658257	-0.001389
48697.000000	0.499764	0.510726	0.798052	0.658261	-0.001374
48698.000000	0.499767	0.510733	0.798053	0.658262	-0.001374
48699.000000	0.499766	0.510733	0.798053	0.658262	-0.001382
48700.000000	0.499763	0.510734	0.798055	0.658264	-0.001393
48701.000000	0.499760	0.510733	0.798060	0.658272	-0.001401
48702.000000	0.499757	0.510728	0.798063	0.658278	-0.001410
48703.000000	0.499754	0.510723	0.798064	0.658279	-0.001420
48704.000000	0.499755	0.510723	0.798061	0.658274	-0.001422
48705.000000	0.499755	0.510725	0.798058	0.658270	-0.001413
48706.000000	0.499757	0.510730	0.798056	0.658267	-0.001407
48707.000000	0.499758	0.510732	0.798055	0.658264	-0.001402
48708.000000	0.499760	0.510736	0.798052	0.658261	-0.001398
48709.000000	0.499761	0.510737	0.798057	0.658268	-0.001382
48710.000000	0.499762	0.510739	0.798060	0.658273	-0.001375
48711.000000	0.499763	0.510733	0.798063	0.658279	-0.001370
48712.000000	0.499767	0.510729	0.798063	0.658277	-0.001372
48713.000000	0.499768	0.510724	0.798064	0.658279	-0.001374
48714.000000	0.499774	0.510718	0.798066	0.658282	-0.001384
48715.000000	0.499776	0.510711	0.798066	0.658283	-0.001394
48716.000000	0.499780	0.510709	0.798063	0.658277	-0.001391
48717.000000	0.499790	0.510711	0.798060	0.658272	-0.001386
48718.000000	0.499789	0.510707	0.798055	0.658266	-0.001379
48719.000000	0.499785	0.510700	0.798054	0.658263	-0.001373
48720.000000	0.499785	0.510700	0.798052	0.658260	-0.001369
48721.000000	0.499800	0.510703	0.798051	0.658259	-0.001376
48722.000000	0.499808	0.510706	0.798052	0.658260	-0.001385
48723.000000	0.499812	0.510715	0.798054	0.658263	-0.001381
48724.000000	0.499812	0.510717	0.798052	0.658260	-0.001379
48725.000000	0.499810	0.510719	0.798053	0.658261	-0.001386
48726.000000	0.499810	0.510718	0.798052	0.658260	-0.001388
48727.000000	0.499809	0.510715	0.798056	0.658266	-0.001375
48728.000000	0.499804	0.510708	0.798059	0.658271	-0.001363
48729.000000	0.499801	0.510712	0.798060	0.658272	-0.001353
48730.000000	0.499804	0.510717	0.798057	0.658267	-0.001357
48731.000000	0.499802	0.510722	0.798060	0.658274	-0.001373
48732.000000	0.499801	0.510722	0.798064	0.658279	-0.001388
48733.000000	0.499800	0.510718	0.798062	0.658277	-0.001394
48734.000000	0.499800	0.510721	0.798060	0.658272	-0.001395
48735.000000	0.499802	0.510718	0.798056	0.658267	-0.001393
48736.000000	0.499805	0.510723	0.798056	0.658266	-0.001397
48737.000000	0.499805	0.510720	0.798052	0.658261	-0.001401
48738.000000	0.499804	0.510717	0.798048	0.658254	-0.001395
48739.000000	0.499802	0.510714	0.798046	0.658251	-0.001389
48740.000000	0.499799	0.510708	0.798043	0.658247	-0.001387
48741.000000	0.499799	0.510704	0.798043	0.658245	-0.001386
48742.000000	0.499799	0.510704	0.798041	0.658242	-0.001383
48743.000000	0.499797	0.510698	0.798038	0.658237	-0.001378
48744.000000	0.499797	0.510693	0.798037	0.658235	-0.001367
48745.000000	0.499794	0.510689	0.798035	0.658232	-0.001362
48746.000000	0.499793	0.510688	0.798033	0.658229	-0.001358
48747.000000	0.499791	0.510685	0.798029	0.658223	-0.001355
48748.000000	0.499787	0.510685	0.798027	0.658220	-0.001360
48749.000000	0.499786	0.510683	0.798025	0.658216	-0.001358
48750.000000	0.499782	0.510680	0.798023	0.658214	-0.001354
48751.000000	0.499779	0.510675	0.798020	0.658209	-0.001354
48752.000000	0.499777	0.510670	0.798019	0.658206	-0.001353
48753.000000	0.499779	0.510679	0.798017	0.658202	-0.001347
48754.000000	0.499784	0.510683	0.798016	0.658201	-0.001344
48755.000000	0.499791	0.510679	0.798017	0.658202	-0.001354
48756.000000	0.499790	0.510675	0.798018	0.658204	-0.001350
48757.000000	0.499790	0.510672	0.798022	0.658211	-0.001336
48758.000000	0.499788	0.510667	0.798024	0.658213	-0.001328
48759.000000	0.499786	0.510663	0.798023	0.658211	-0.001327
48760.000000	0.499782	0.510659	0.798019	0.658206	-0.001327
48761.000000	0.499779	0.510657	0.798020	0.658207	-0.001334
48762.000000	0.499781	0.510658	0.798019	0.658205	-0.001338
48763.000000	0.499779	0.510659	0.798016	0.658200	-0.001340
48764.000000	0.499779	0.510659	0.798012	0.658194	-0.001346
48765.000000	0.499776	0.510653	0.798011	0.658192	-0.001352
48766.000000	0.499775	0.510649	0.798009	0.658189	-0.001351
48767.000000	0.499774	0.510647	0.798008	0.658187	-0.001346
48768.000000	0.499776	0.510651	0.798011	0.658191	-0.001336
48769.000000	0.499773	0.510652	0.798011	0.658191	-0.001336
48770.000000	0.499770	0.510653	0.798008	0.658187	-0.001335
48771.000000	0.499768	0.510650	0.798007	0.658184	-0.001333
48772.000000	0.499768	0.510656	0.798010	0.658190	-0.001330
48773.000000	0.499767	0.510656	0.798012	0.658194	-0.001328
48774.000000	0.499768	0.510660	0.798013	0.658193	-0.001328
48775.000000	0.499767	0.510664	0.798011	0.658191	-0.001325
48776.000000	0.499766	0.510669	0.798009	0.658187	-0.001323
48777.000000	0.499764	0.510668	0.798007	0.658184	-0.001323
48778.000000	0.499759	0.510663	0.798006	0.658182	-0.001326
48779.000000	0.499757	0.510657	0.798008	0.658185	-0.001337
48780.000000	0.499760	0.510653	0.798011	0.658190	-0.001351
48781.000000	0.499760	0.510649	0.798015	0.658196	-0.001362
48782.000000	0.499762	0.510655	0.798019	0.658203	-0.001365
48783.000000	0.499767	0.510660	0.798023	0.658211	-0.001359
48784.000000	0.499765	0.510658	0.798028	0.658220	-0.001347
48785.000000	0.499761	0.510650	0.798030	0.658223	-0.001338
48786.000000	0.499761	0.510651	0.798026	0.658217	-0.001339
48787.000000	0.499760	0.510655	0.798026	0.658217	-0.001348
48788.000000	0.499758	0.510658	0.798028	0.658220	-0.001357
48789.000000	0.499764	0.510660	0.798027	0.658218	-0.001355
48790.000000	0.499766	0.510663	0.798031	0.658225	-0.001340
48791.000000	0.499763	0.510656	0.798032	0.658227	-0.001336
48792.000000	0.499763	0.510650	0.798028	0.658221	-0.001338
48793.000000	0.499766	0.510646	0.798029	0.658222	-0.001326
48794.000000	0.499769	0.510643	0.798032	0.658227	-0.001311
48795.000000	0.499772	0.510643	0.798029	0.658223	-0.001309
48796.000000	0.499772	0.510645	0.798026	0.658218	-0.001307
48797.000000	0.499777	0.510644	0.798028	0.658221	-0.001309
48798.000000	0.499782	0.510654	0.798031	0.658225	-0.001319
48799.000000	0.499782	0.510658	0.798033	0.658228	-0.001331
48800.000000	0.499779	0.510653	0.798031	0.658226	-0.001337
48801.000000	0.499777	0.510650	0.798029	0.658223	-0.001340
48802.000000	0.499778	0.510651	0.798027	0.658219	-0.001336
48803.000000	0.499778	0.510655	0.798031	0.658225	-0.001320
48804.000000	0.499782	0.510656	0.798030	0.658224	-0.001311
48805.000000	0.499781	0.510655	0.798033	0.658228	-0.001297
48806.000000	0.499779	0.510651	0.798032	0.658226	-0.001287
48807.000000	0.499774	0.510648	0.798030	0.658223	-0.001280
48808.000000	0.499771	0.510646	0.798032	0.658226	-0.001275
48809.000000	0.499767	0.510640	0.798032	0.658225	-0.001273
48810.000000	0.499766	0.510640	0.798032	0.658226	-0.001271
48811.000000	0.499771	0.510638	0.798034	0.658229	-0.001262
48812.000000	0.499771	0.510634	0.798036	0.658232	-0.001254
48813.000000	0.499773	0.510631	0.798034	0.658229	-0.001256
48814.000000	0.499775	0.510631	0.798034	0.658228	-0.001252
48815.000000	0.499777	0.510628	0.798035	0.658230	-0.001243
48816.000000	0.499781	0.510628	0.798034	0.658229	-0.001242
48817.000000	0.499784	0.510631	0.798034	0.658228	-0.001250
48818.000000	0.499785	0.510631	0.798035	0.658229	-0.001252
48819.000000	0.499785	0.510626	0.798037	0.658232	-0.001244
48820.000000	0.499789	0.510621	0.798041	0.658239	-0.001247
48821.000000	0.499786	0.510618	0.798043	0.658243	-0.001260
48822.000000	0.499785	0.510622	0.798044	0.658244	-0.001267
48823.000000	0.499784	0.510623	0.798044	0.658243	-0.001269
48824.000000	0.499786	0.510624	0.798044	0.658243	-0.001277
48825.000000	0.499786	0.510625	0.798046	0.658246	-0.001282
48826.000000	0.499781	0.510622	0.798052	0.658258	-0.001282
48827.000000	0.499777	0.510616	0.798054	0.658260	-0.001280
48828.000000	0.499776	0.510612	0.798051	0.658255	-0.001280
48829.000000	0.499773	0.510607	0.798052	0.658257	-0.001281
48830.000000	0.499769	0.510606	0.798054	0.658260	-0.001286
48831.000000	0.499771	0.510602	0.798050	0.658254	-0.001286
48832.000000	0.499770	0.510598	0.798046	0.658248	-0.001280
48833.000000	0.499775	0.510593	0.798044	0.658245	-0.001278
48834.000000	0.499774	0.510592	0.798043	0.658244	-0.001269
48835.000000	0.499773	0.510588	0.798040	0.658238	-0.001270
48836.000000	0.499772	0.510587	0.798040	0.658239	-0.001282
48837.000000	0.499772	0.510583	0.798044	0.658245	-0.001299
48838.000000	0.499771	0.510578	0.798041	0.658240	-0.001303
48839.000000	0.499773	0.510574	0.798039	0.658237	-0.001294
48840.000000	0.499771	0.510573	0.798039	0.658237	-0.001285
48841.000000	0.499771	0.510578	0.798039	0.658236	-0.001276
48842.000000	0.499772	0.510572	0.798038	0.658234	-0.001274
48843.000000	0.499774	0.510569	0.798038	0.658235	-0.001280
48844.000000	0.499772	0.510562	0.798038	0.658234	-0.001272
48845.000000	0.499775	0.510563	0.798039	0.658234	-0.001271
48846.000000	0.499778	0.510572	0.798042	0.658241	-0.001278
48847.000000	0.499778	0.510573	0.798041	0.658238	-0.001275
48848.000000	0.499779	0.510574	0.798042	0.658239	-0.001264
48849.000000	0.499777	0.510573	0.798045	0.658245	-0.001249
48850.000000	0.499777	0.510575	0.798050	0.658253	-0.001241
48851.000000	0.499774	0.510570	0.798046	0.658248	-0.001238
48852.000000	0.499776	0.510564	0.798045	0.658246	-0.001239
48853.000000	0.499776	0.510561	0.798050	0.658254	-0.001251
48854.000000	0.499774	0.510555	0.798055	0.658263	-0.001267
48855.000000	0.499772	0.510548	0.798056	0.658264	-0.001268
48856.000000	0.499770	0.510551	0.798059	0.658269	-0.001256
48857.000000	0.499769	0.510548	0.798062	0.658275	-0.001241
48858.000000	0.499771	0.510545	0.798062	0.658274	-0.001238
48859.000000	0.499769	0.510538	0.798060	0.658271	-0.001235
48860.000000	0.499765	0.510534	0.798060	0.658271	-0.001227
48861.000000	0.499765	0.510531	0.798060	0.658270	-0.001224
48862.000000	0.499766	0.510533	0.798062	0.658274	-0.001228
48863.000000	0.499763	0.510533	0.798065	0.658278	-0.001220
48864.000000	0.499766	0.510529	0.798067	0.658281	-0.001207
48865.000000	0.499768	0.510523	0.798066	0.658279	-0.001209
48866.000000	0.499766	0.510528	0.798069	0.658283	-0.001221
48867.000000	0.499766	0.510527	0.798071	0.658288	-0.001231
48868.000000	0.499768	0.510528	0.798068	0.658282	-0.001231
48869.000000	0.499772	0.510533	0.798070	0.658285	-0.001226
48870.000000	0.499772	0.510530	0.798073	0.658291	-0.001224
48871.000000	0.499769	0.510524	0.798072	0.658289	-0.001230
48872.000000	0.499772	0.510523	0.798068	0.658284	-0.001234
48873.000000	0.499774	0.510528	0.798069	0.658284	-0.001228
48874.000000	0.499778	0.510531	0.798074	0.658292	-0.001217
48875.000000	0.499778	0.510528	0.798074	0.658293	-0.001209
48876.000000	0.499778	0.510525	0.798071	0.658288	-0.001206
48877.000000	0.499778	0.510534	0.798068	0.658284	-0.001212
48878.000000	0.499780	0.510553	0.798070	0.658286	-0.001219
48879.000000	0.499783	0.510575	0.798070	0.658287	-0.001223
48880.000000	0.499781	0.510583	0.798072	0.658290	-0.001223
48881.000000	0.499784	0.510582	0.798070	0.658286	-0.001222
48882.000000	0.499785	0.510579	0.798068	0.658283	-0.001228
48883.000000	0.499789	0.510576	0.798067	0.658281	-0.001232
48884.000000	0.499794	0.510580	0.798066	0.658278	-0.001228
48885.000000	0.499798	0.510580	0.798066	0.658278	-0.001227
48886.000000	0.499795	0.510578	0.798064	0.658275	-0.001225
48887.000000	0.499796	0.510585	0.798062	0.658272	-0.001220
48888.000000	0.499795	0.510594	0.798062	0.658271	-0.001213
48889.000000	0.499795	0.510592	0.798059	0.658266	-0.001211
48890.000000	0.499797	0.510591	0.798055	0.658260	-0.001215
48891.000000	0.499801	0.510598	0.798054	0.658258	-0.001216
48892.000000	0.499808	0.510605	0.798053	0.658257	-0.001212
48893.000000	0.499808	0.510615	0.798055	0.658260	-0.001208
48894.000000	0.499808	0.510620	0.798055	0.658260	-0.001204
48895.000000	0.499810	0.510624	0.798055	0.658260	-0.001210
48896.000000	0.499810	0.510629	0.798055	0.658259	-0.001215
48897.000000	0.499808	0.510631	0.798059	0.658265	-0.001208
48898.000000	0.499807	0.510635	0.798063	0.658274	-0.001207
48899.000000	0.499805	0.510636	0.798064	0.658274	-0.001210
48900.000000	0.499801	0.510629	0.798062	0.658271	-0.001211
48901.000000	0.499799	0.510622	0.798062	0.658271	-0.001209
48902.000000	0.499803	0.510617	0.798065	0.658276	-0.001199
48903.000000	0.499808	0.510614	0.798066	0.658277	-0.001198
48904.000000	0.499804	0.510611	0.798065	0.658275	-0.001206
48905.000000	0.499806	0.510620	0.798064	0.658273	-0.001211
48906.000000	0.499810	0.510625	0.798062	0.658270	-0.001216
48907.000000	0.499810	0.510631	0.798062	0.658270	-0.001216
48908.000000	0.499809	0.510638	0.798066	0.658275	-0.001212
48909.000000	0.499811	0.510643	0.798068	0.658279	-0.001215
48910.000000	0.499809	0.510638	0.798067	0.658277	-0.001222
48911.000000	0.499808	0.510638	0.798064	0.658273	-0.001227
48912.000000	0.499808	0.510641	0.798064	0.658272	-0.001229
48913.000000	0.499809	0.510646	0.798068	0.658280	-0.001227
48914.000000	0.499810	0.510648	0.798068	0.658279	-0.001216
48915.000000	0.499810	0.510651	0.798073	0.658286	-0.001201
48916.000000	0.499815	0.510654	0.798074	0.658288	-0.001207
48917.000000	0.499818	0.510655	0.798074	0.658288	-0.001218
48918.000000	0.499816	0.510653	0.798073	0.658286	-0.001218
48919.000000	0.499812	0.510651	0.798073	0.658286	-0.001214
48920.000000	0.499806	0.510646	0.798072	0.658284	-0.001211
48921.000000	0.499801	0.510645	0.798070	0.658280	-0.001205
48922.000000	0.499798	0.510642	0.798065	0.658273	-0.001197
48923.000000	0.499802	0.510645	0.798062	0.658268	-0.001196
48924.000000	0.499804	0.510648	0.798059	0.658263	-0.001195
48925.000000	0.499803	0.510644	0.798055	0.658258	-0.001192
48926.000000	0.499805	0.510642	0.798058	0.658263	-0.001193
48927.000000	0.499801	0.510638	0.798062	0.658269	-0.001189
48928.000000	0.499806	0.510636	0.798065	0.658274	-0.001175
48929.000000	0.499815	0.510632	0.798066	0.658276	-0.001164
48930.000000	0.499821	0.510629	0.798065	0.658274	-0.001165
48931.000000	0.499822	0.510628	0.798065	0.658273	-0.001164
48932.000000	0.499822	0.510633	0.798070	0.658283	-0.001150
48933.000000	0.499825	0.510639	0.798074	0.658290	-0.001133
48934.000000	0.499826	0.510640	0.798073	0.658288	-0.001128
48935.000000	0.499820	0.510632	0.798071	0.658285	-0.001130
48936.000000	0.499819	0.510628	0.798075	0.658291	-0.001143
48937.000000	0.499821	0.510627	0.798073	0.658288	-0.001150
48938.000000	0.499822	0.510623	0.798074	0.658289	-0.001139
48939.000000	0.499822	0.510616	0.798077	0.658295	-0.001124
48940.000000	0.499821	0.510615	0.798082	0.658303	-0.001121
48941.000000	0.499823	0.510617	0.798084	0.658306	-0.001123
48942.000000	0.499826	0.510626	0.798085	0.658308	-0.001133
48943.000000	0.499831	0.510627	0.798084	0.658305	-0.001141
48944.000000	0.499833	0.510624	0.798079	0.658298	-0.001138
48945.000000	0.499837	0.510622	0.798077	0.658295	-0.001136
48946.000000	0.499841	0.510624	0.798078	0.658297	-0.001128
48947.000000	0.499841	0.510626	0.798075	0.658292	-0.001130
48948.000000	0.499840	0.510624	0.798072	0.658287	-0.001134
48949.000000	0.499838	0.510622	0.798070	0.658283	-0.001125
48950.000000	0.499837	0.510616	0.798066	0.658278	-0.001119
48951.000000	0.499835	0.510613	0.798064	0.658275	-0.001117
48952.000000	0.499836	0.510608	0.798066	0.658277	-0.001118
48953.000000	0.499835	0.510604	0.798064	0.658274	-0.001121
48954.000000	0.499830	0.510600	0.798061	0.658269	-0.001121
48955.000000	0.499826	0.510595	0.798058	0.658264	-0.001120
48956.000000	0.499828	0.510594	0.798060	0.658267	-0.001126
48957.000000	0.499828	0.510594	0.798065	0.658275	-0.001126
48958.000000	0.499825	0.510587	0.798062	0.658271	-0.001122
48959.000000	0.499822	0.510581	0.798059	0.658266	-0.001116
48960.000000	0.499821	0.510580	0.798061	0.658270	-0.001120
48961.000000	0.499824	0.510581	0.798065	0.658277	-0.001132
48962.000000	0.499822	0.510580	0.798060	0.658271	-0.001138
48963.000000	0.499828	0.510585	0.798061	0.658271	-0.001135
48964.000000	0.499831	0.510592	0.798063	0.658274	-0.001129
48965.000000	0.499828	0.510586	0.798067	0.658282	-0.001117
48966.000000	0.499826	0.510582	0.798067	0.658281	-0.001111
48967.000000	0.499823	0.510580	0.798064	0.658276	-0.001113
48968.000000	0.499821	0.510576	0.798062	0.658274	-0.001113
48969.000000	0.499821	0.510572	0.798060	0.658270	-0.001108
48970.000000	0.499820	0.510570	0.798062	0.658273	-0.001105
48971.000000	0.499814	0.510564	0.798065	0.658278	-0.001107
48972.000000	0.499816	0.510558	0.798066	0.658278	-0.001105
48973.000000	0.499814	0.510554	0.798064	0.658275	-0.001101
48974.000000	0.499812	0.510552	0.798062	0.658272	-0.001108
48975.000000	0.499810	0.510548	0.798061	0.658270	-0.001115
48976.000000	0.499807	0.510547	0.798059	0.658267	-0.001119
48977.000000	0.499803	0.510542	0.798059	0.658266	-0.001127
48978.000000	0.499807	0.510540	0.798056	0.658261	-0.001131
48979.000000	0.499812	0.510545	0.798055	0.658259	-0.001137
48980.000000	0.499811	0.510544	0.798052	0.658255	-0.001139
48981.000000	0.499811	0.510546	0.798051	0.658253	-0.001138
48982.000000	0.499813	0.510547	0.798053	0.658256	-0.001135
48983.000000	0.499813	0.510549	0.798059	0.658266	-0.001133
48984.000000	0.499812	0.510542	0.798058	0.658265	-0.001127
48985.000000	0.499811	0.510540	0.798056	0.658261	-0.001126
48986.000000	0.499813	0.510545	0.798053	0.658256	-0.001130
48987.000000	0.499815	0.510552	0.798050	0.658251	-0.001128
48988.000000	0.499816	0.510555	0.798046	0.658245	-0.001127
48989.000000	0.499814	0.510556	0.798043	0.658241	-0.001133
48990.000000	0.499817	0.510559	0.798039	0.658235	-0.001136
48991.000000	0.499822	0.510572	0.798038	0.658232	-0.001129
48992.000000	0.499822	0.510573	0.798039	0.658235	-0.001120
48993.000000	0.499820	0.510573	0.798041	0.658237	-0.001115
48994.000000	0.499824	0.510572	0.798046	0.658246	-0.001113
48995.000000	0.499823	0.510570	0.798048	0.658249	-0.001111
48996.000000	0.499825	0.510570	0.798044	0.658244	-0.001110
48997.000000	0.499826	0.510569	0.798043	0.658241	-0.001117
48998.000000	0.499822	0.510565	0.798043	0.658241	-0.001121
48999.000000	0.499823	0.510567	0.798047	0.658248	-0.001113
49000.000000	0.499826	0.510575	0.798049	0.658251	-0.001107
49001.000000	0.499824	0.510575	0.798044	0.658245	-0.001109
49002.000000	0.499830	0.510582	0.798044	0.658244	-0.001111
49003.000000	0.499827	0.510579	0.798048	0.658252	-0.001114
49004.000000	0.499824	0.510573	0.798052	0.658257	-0.001117
49005.000000	0.499829	0.510580	0.798054	0.658261	-0.001130
49006.000000	0.499833	0.510588	0.798059	0.658270	-0.001143
49007.000000	0.499833	0.510588	0.798058	0.658268	-0.001140
49008.000000	0.499828	0.510583	0.798055	0.658263	-0.001133
49009.000000	0.499827	0.510578	0.798052	0.658259	-0.001130
49010.000000	0.499824	0.510574	0.798052	0.658258	-0.001128
49011.000000	0.499822	0.510568	0.798052	0.658258	-0.001130
49012.000000	0.499822	0.510562	0.798049	0.658253	-0.001135
49013.000000	0.499820	0.510558	0.798049	0.658253	-0.001147
49014.000000	0.499815	0.510556	0.798052	0.658259	-0.001162
49015.000000	0.499820	0.510556	0.798053	0.658259	-0.001172
49016.000000	0.499823	0.510553	0.798051	0.658257	-0.001169
49017.000000	0.499820	0.510546	0.798048	0.658251	-0.001173
49018.000000	0.499815	0.510541	0.798045	0.658247	-0.001174
49019.000000	0.499815	0.510541	0.798043	0.658244	-0.001168
49020.000000	0.499810	0.510537	0.798047	0.658251	-0.001155
49021.000000	0.499809	0.510536	0.798050	0.658255	-0.001145
49022.000000	0.499810	0.510532	0.798051	0.658256	-0.001148
49023.000000	0.499806	0.510530	0.798053	0.658260	-0.001154
49024.000000	0.499805	0.510526	0.798055	0.658261	-0.001164
49025.000000	0.499807	0.510527	0.798056	0.658263	-0.001174
49026.000000	0.499809	0.510534	0.798055	0.658262	-0.001181
49027.000000	0.499810	0.510529	0.798059	0.658269	-0.001179
49028.000000	0.499809	0.510526	0.798061	0.658271	-0.001171
49029.000000	0.499813	0.510533	0.798059	0.658268	-0.001174
49030.000000	0.499814	0.510536	0.798056	0.658264	-0.001177
49031.000000	0.499812	0.510533	0.798055	0.658261	-0.001171
49032.000000	0.499809	0.510531	0.798058	0.658267	-0.001162
49033.000000	0.499806	0.510526	0.798062	0.658273	-0.001164
49034.000000	0.499803	0.510522	0.798067	0.658281	-0.001166
49035.000000	0.499801	0.510518	0.798068	0.658284	-0.001162
49036.000000	0.499801	0.510516	0.798070	0.658286	-0.001153
49037.000000	0.499799	0.510511	0.798071	0.658288	-0.001145
49038.000000	0.499795	0.510506	0.798070	0.658286	-0.001138
49039.000000	0.499791	0.510499	0.798067	0.658281	-0.001138
49040.000000	0.499788	0.510496	0.798067	0.658280	-0.001146
49041.000000	0.499786	0.510503	0.798064	0.658276	-0.001151
49042.000000	0.499784	0.510509	0.798063	0.658273	-0.001157
49043.000000	0.499783	0.510506	0.798065	0.658276	-0.001163
49044.000000	0.499777	0.510501	0.798064	0.658275	-0.001164
49045.000000	0.499777	0.510502	0.798061	0.658271	-0.001165
49046.000000	0.499777	0.510500	0.798058	0.658266	-0.001163
49047.000000	0.499777	0.510501	0.798060	0.658268	-0.001153
49048.000000	0.499776	0.510502	0.798064	0.658276	-0.001136
49049.000000	0.499774	0.510499	0.798065	0.658277	-0.001124
49050.000000	0.499771	0.510494	0.798064	0.658274	-0.001119
49051.000000	0.499768	0.510491	0.798060	0.658269	-0.001120
49052.000000	0.499766	0.510485	0.798056	0.658263	-0.001121
49053.000000	0.499765	0.510488	0.798057	0.658264	-0.001132
49054.000000	0.499766	0.510496	0.798058	0.658265	-0.001143
49055.000000	0.499765	0.510499	0.798054	0.658260	-0.001146
49056.000000	0.499764	0.510498	0.798050	0.658254	-0.001145
49057.000000	0.499760	0.510494	0.798045	0.658247	-0.001143
49058.000000	0.499759	0.510488	0.798042	0.658242	-0.001147
49059.000000	0.499758	0.510485	0.798040	0.658239	-0.001153
49060.000000	0.499758	0.510482	0.798042	0.658241	-0.001153
49061.000000	0.499758	0.510481	0.798043	0.658243	-0.001151
49062.000000	0.499760	0.510486	0.798047	0.658250	-0.001140
49063.000000	0.499759	0.510491	0.798046	0.658248	-0.001133
49064.000000	0.499759	0.510497	0.798045	0.658247	-0.001132
49065.000000	0.499758	0.510495	0.798042	0.658242	-0.001137
49066.000000	0.499757	0.510493	0.798040	0.658237	-0.001135
49067.000000	0.499755	0.510485	0.798040	0.658238	-0.001130
49068.000000	0.499750	0.510481	0.798043	0.658243	-0.001127
49069.000000	0.499748	0.510476	0.798047	0.658250	-0.001128
49070.000000	0.499748	0.510470	0.798046	0.658248	-0.001132
49071.000000	0.499746	0.510465	0.798043	0.658244	-0.001134
49072.000000	0.499741	0.510462	0.798042	0.658241	-0.001137
49073.000000	0.499735	0.510455	0.798042	0.658241	-0.001135
49074.000000	0.499732	0.510453	0.798042	0.658239	-0.001133
49075.000000	0.499728	0.510448	0.798041	0.658239	-0.001140
49076.000000	0.499729	0.510448	0.798039	0.658234	-0.001139
49077.000000	0.499727	0.510446	0.798038	0.658233	-0.001130
49078.000000	0.499729	0.510438	0.798039	0.658234	-0.001118
49079.000000	0.499725	0.510434	0.798036	0.658229	-0.001115
49080.000000	0.499724	0.510429	0.798035	0.658227	-0.001114
49081.000000	0.499724	0.510427	0.798034	0.658225	-0.001121
49082.000000	0.499726	0.510426	0.798033	0.658223	-0.001125
49083.000000	0.499724	0.510423	0.798031	0.658220	-0.001121
49084.000000	0.499725	0.510422	0.798028	0.658216	-0.001126
49085.000000	0.499724	0.510417	0.798031	0.658221	-0.001140
49086.000000	0.499724	0.510412	0.798028	0.658216	-0.001137
49087.000000	0.499727	0.510407	0.798027	0.658214	-0.001137
49088.000000	0.499733	0.510413	0.798032	0.658222	-0.001147
49089.000000	0.499735	0.510413	0.798036	0.658229	-0.001146
49090.000000	0.499734	0.510407	0.798039	0.658234	-0.001139
49091.000000	0.499734	0.510408	0.798035	0.658228	-0.001139
49092.000000	0.499735	0.510414	0.798038	0.658233	-0.001147
49093.000000	0.499739	0.510418	0.798040	0.658237	-0.001157
49094.000000	0.499741	0.510417	0.798038	0.658234	-0.001154
49095.000000	0.499736	0.510418	0.798042	0.658241	-0.001144
49096.000000	0.499733	0.510421	0.798043	0.658241	-0.001135
49097.000000	0.499734	0.510421	0.798041	0.658239	-0.001130
49098.000000	0.499734	0.510426	0.798041	0.658237	-0.001128
49099.000000	0.499738	0.510439	0.798040	0.658236	-0.001129
49100.000000	0.499737	0.510438	0.798043	0.658241	-0.001136
49101.000000	0.499737	0.510437	0.798042	0.658239	-0.001142
49102.000000	0.499742	0.510435	0.798039	0.658235	-0.001148
49103.000000	0.499746	0.510432	0.798042	0.658239	-0.001151
49104.000000	0.499745	0.510428	0.798040	0.658235	-0.001149
49105.000000	0.499743	0.510427	0.798039	0.658234	-0.001152
49106.000000	0.499743	0.510428	0.798040	0.658235	-0.001161
49107.000000	0.499747	0.510428	0.798041	0.658235	-0.001172
49108.000000	0.499748	0.510425	0.798046	0.658246	-0.001168
49109.000000	0.499747	0.510421	0.798047	0.658247	-0.001164
49110.000000	0.499745	0.510418	0.798046	0.658245	-0.001167
49111.000000	0.499743	0.510417	0.798042	0.658238	-0.001168
49112.000000	0.499738	0.510412	0.798040	0.658236	-0.001166
49113.000000	0.499736	0.510408	0.798044	0.658242	-0.001165
49114.000000	0.499734	0.510408	0.798047	0.658246	-0.001162
49115.000000	0.499737	0.510417	0.798046	0.658245	-0.001157
49116.000000	0.499735	0.510422	0.798048	0.658248	-0.001144
49117.000000	0.499737	0.510423	0.798049	0.658249	-0.001136
49118.000000	0.499735	0.510421	0.798047	0.658245	-0.001141
49119.000000	0.499731	0.510415	0.798047	0.658245	-0.001149
49120.000000	0.499725	0.510410	0.798046	0.658244	-0.001155
49121.000000	0.499723	0.510413	0.798045	0.658242	-0.001158
49122.000000	0.499721	0.510411	0.798046	0.658243	-0.001154
49123.000000	0.499719	0.510408	0.798048	0.658246	-0.001143
49124.000000	0.499719	0.510407	0.798050	0.658249	-0.001133
49125.000000	0.499717	0.510404	0.798049	0.658246	-0.001130
49126.000000	0.499713	0.510401	0.798048	0.658246	-0.001120
49127.000000	0.499714	0.510397	0.798050	0.658248	-0.001110
49128.000000	0.499711	0.510396	0.798052	0.658250	-0.001107
49129.000000	0.499712	0.510400	0.798049	0.658247	-0.001109
49130.000000	0.499710	0.510402	0.798046	0.658242	-0.001110
49131.000000	0.499707	0.510403	0.798041	0.658235	-0.001110
49132.000000	0.499704	0.510398	0.798036	0.658228	-0.001107
49133.000000	0.499705	0.510393	0.798034	0.658224	-0.001111
49134.000000	0.499704	0.510391	0.798035	0.658226	-0.001109
49135.000000	0.499704	0.510386	0.798033	0.658221	-0.001104
49136.000000	0.499702	0.510385	0.798028	0.658215	-0.001098
49137.000000	0.499705	0.510386	0.798026	0.658211	-0.001102
49138.000000	0.499707	0.510382	0.798026	0.658211	-0.001100
49139.000000	0.499706	0.510383	0.798029	0.658217	-0.001092
49140.000000	0.499708	0.510382	0.798024	0.658210	-0.001090
49141.000000	0.499709	0.510382	0.798026	0.658212	-0.001100
49142.000000	0.499706	0.510377	0.798028	0.658215	-0.001114
49143.000000	0.499703	0.510377	0.798033	0.658226	-0.001129
49144.000000	0.499704	0.510380	0.798035	0.658229	-0.001140
49145.000000	0.499712	0.510381	0.798032	0.658224	-0.001144
49146.000000	0.499714	0.510384	0.798031	0.658222	-0.001146
49147.000000	0.499715	0.510386	0.798032	0.658222	-0.001143
49148.000000	0.499710	0.510381	0.798033	0.658224	-0.001133
49149.000000	0.499707	0.510377	0.798033	0.658223	-0.001124
49150.000000	0.499708	0.510383	0.798028	0.658217	-0.001123
49151.000000	0.499708	0.510387	0.798024	0.658211	-0.001120
49152.000000	0.499705	0.510383	0.798020	0.658204	-0.001118
49153.000000	0.499704	0.510380	0.798015	0.658198	-0.001120
49154.000000	0.499705	0.510377	0.798014	0.658196	-0.001116
49155.000000	0.499706	0.510374	0.798019	0.658205	-0.001109
49156.000000	0.499704	0.510376	0.798022	0.658209	-0.001104
49157.000000	0.499707	0.510375	0.798024	0.658213	-0.001094
49158.000000	0.499708	0.510369	0.798021	0.658208	-0.001090
49159.000000	0.499703	0.510364	0.798019	0.658205	-0.001092
49160.000000	0.499700	0.510357	0.798016	0.658200	-0.001091
49161.000000	0.499702	0.510355	0.798016	0.658200	-0.001083
49162.000000	0.499698	0.510352	0.798019	0.658205	-0.001077
49163.000000	0.499694	0.510346	0.798020	0.658206	-0.001072
49164.000000	0.499694	0.510344	0.798024	0.658212	-0.001059
49165.000000	0.499694	0.510347	0.798025	0.658214	-0.001051
49166.000000	0.499691	0.510347	0.798025	0.658214	-0.001047
49167.000000	0.499695	0.510357	0.798026	0.658216	-0.001036
49168.000000	0.499698	0.510366	0.798030	0.658223	-0.001022
49169.000000	0.499699	0.510368	0.798030	0.658221	-0.001019
49170.000000	0.499697	0.510366	0.798026	0.658216	-0.001021
49171.000000	0.499700	0.510364	0.798026	0.658216	-0.001025
49172.000000	0.499697	0.510361	0.798029	0.658220	-0.001028
49173.000000	0.499694	0.510354	0.798030	0.658223	-0.001036
49174.000000	0.499692	0.510350	0.798033	0.658227	-0.001032
49175.000000	0.499698	0.510359	0.798035	0.658230	-0.001023
49176.000000	0.499703	0.510365	0.798037	0.658233	-0.001021
49177.000000	0.499708	0.510368	0.798034	0.658229	-0.001027
49178.000000	0.499710	0.510362	0.798029	0.658222	-0.001027
49179.000000	0.499710	0.510360	0.798027	0.658219	-0.001023
49180.000000	0.499711	0.510359	0.798026	0.658216	-0.001018
49181.000000	0.499712	0.510354	0.798023	0.658212	-0.001016
49182.000000	0.499707	0.510349	0.798021	0.658208	-0.001015
49183.000000	0.499706	0.510343	0.798024	0.658214	-0.001014
49184.000000	0.499709	0.510336	0.798026	0.658217	-0.001012
49185.000000	0.499711	0.510331	0.798024	0.658214	-0.001011
49186.000000	0.499713	0.510327	0.798025	0.658215	-0.001014
49187.000000	0.499713	0.510323	0.798024	0.658212	-0.001016
49188.000000	0.499714	0.510317	0.798025	0.658214	-0.001007
49189.000000	0.499713	0.510317	0.798028	0.658219	-0.001001
49190.000000	0.499712	0.510317	0.798027	0.658217	-0.001002
49191.000000	0.499709	0.510312	0.798025	0.658214	-0.001006
49192.000000	0.499708	0.510308	0.798026	0.658215	-0.001010
49193.000000	0.499706	0.510311	0.798026	0.658215	-0.001018
49194.000000	0.499702	0.510308	0.798027	0.658216	-0.001026
49195.000000	0.499703	0.510302	0.798029	0.658218	-0.001039
49196.000000	0.499704	0.510297	0.798030	0.658221	-0.001048
49197.000000	0.499707	0.510296	0.798027	0.658215	-0.001045
49198.000000	0.499707	0.510292	0.798025	0.658213	-0.001048
49199.000000	0.499705	0.510289	0.798023	0.658209	-0.001046
49200.000000	0.499708	0.510291	0.798025	0.658213	-0.001050
49201.000000	0.499703	0.510288	0.798027	0.658215	-0.001059
49202.000000	0.499704	0.510283	0.798031	0.658222	-0.001075
49203.000000	0.499709	0.510281	0.798033	0.658225	-0.001083
49204.000000	0.499710	0.510281	0.798032	0.658223	-0.001074
49205.000000	0.499709	0.510280	0.798032	0.658223	-0.001066
49206.000000	0.499708	0.510275	0.798029	0.658219	-0.001064
49207.000000	0.499707	0.510269	0.798029	0.658218	-0.001069
49208.000000	0.499708	0.510265	0.798030	0.658219	-0.001067
49209.000000	0.499705	0.510257	0.798032	0.658223	-0.001056
49210.000000	0.499703	0.510254	0.798037	0.658231	-0.001038
49211.000000	0.499699	0.510252	0.798035	0.658228	-0.001030
49212.000000	0.499697	0.510250	0.798033	0.658225	-0.001023
49213.000000	0.499696	0.510251	0.798037	0.658232	-0.001026
49214.000000	0.499699	0.510249	0.798037	0.658232	-0.001033
49215.000000	0.499700	0.510252	0.798034	0.658227	-0.001037
49216.000000	0.499695	0.510246	0.798032	0.658223	-0.001040
49217.000000	0.499693	0.510237	0.798034	0.658225	-0.001034
49218.000000	0.499696	0.510238	0.798033	0.658225	-0.001025
49219.000000	0.499693	0.510240	0.798029	0.658218	-0.001026
49220.000000	0.499693	0.510247	0.798027	0.658216	-0.001027
49221.000000	0.499695	0.510262	0.798029	0.658218	-0.001023
49222.000000	0.499696	0.510263	0.798033	0.658226	-0.001016
49223.000000	0.499693	0.510266	0.798039	0.658236	-0.001009
49224.000000	0.499691	0.510272	0.798043	0.658243	-0.001003
49225.000000	0.499688	0.510276	0.798047	0.658250	-0.001004
49226.000000	0.499683	0.510275	0.798047	0.658250	-0.001006
49227.000000	0.499680	0.510272	0.798045	0.658246	-0.001010
49228.000000	0.499677	0.510272	0.798048	0.658251	-0.001021
49229.000000	0.499673	0.510274	0.798047	0.658249	-0.001026
49230.000000	0.499674	0.510283	0.798045	0.658245	-0.001031
49231.000000	0.499673	0.510287	0.798046	0.658247	-0.001038
49232.000000	0.499673	0.510290	0.798045	0.658245	-0.001042
49233.000000	0.499674	0.510290	0.798048	0.658249	-0.001053
49234.000000	0.499673	0.510287	0.798046	0.658247	-0.001056
49235.000000	0.499672	0.510282	0.798044	0.658244	-0.001048
49236.000000	0.499672	0.510280	0.798044	0.658243	-0.001039
49237.000000	0.499671	0.510282	0.798041	0.658238	-0.001034
49238.000000	0.499670	0.510287	0.798036	0.658231	-0.001031
49239.000000	0.499675	0.510297	0.798033	0.658226	-0.001033
49240.000000	0.499675	0.510314	0.798033	0.658226	-0.001043
49241.000000	0.499678	0.510319	0.798035	0.658229	-0.001052
49242.000000	0.499677	0.510320	0.798036	0.658230	-0.001055
49243.000000	0.499675	0.510320	0.798038	0.658233	-0.001061
49244.000000	0.499673	0.510323	0.798041	0.658239	-0.001070
49245.000000	0.499674	0.510322	0.798040	0.658236	-0.001068
49246.000000	0.499678	0.510329	0.798037	0.658231	-0.001065
49247.000000	0.499679	0.510327	0.798036	0.658230	-0.001057
49248.000000	0.499681	0.510330	0.798035	0.658228	-0.001052
49249.000000	0.499680	0.510326	0.798031	0.658222	-0.001057
49250.000000	0.499681	0.510323	0.798028	0.658218	-0.001058
49251.000000	0.499680	0.510318	0.798027	0.658216	-0.001065
49252.000000	0.499679	0.510319	0.798027	0.658216	-0.001076
49253.000000	0.499679	0.510314	0.798024	0.658210	-0.001075
49254.000000	0.499676	0.510310	0.798021	0.658206	-0.001076
49255.000000	0.499676	0.510317	0.798018	0.658201	-0.001076
49256.000000	0.499677	0.510327	0.798016	0.658197	-0.001077
49257.000000	0.499676	0.510333	0.798010	0.658190	-0.001078
49258.000000	0.499673	0.510331	0.798008	0.658186	-0.001079
49259.000000	0.499672	0.510332	0.798008	0.658186	-0.001077
49260.000000	0.499672	0.510342	0.798004	0.658180	-0.001072
49261.000000	0.499673	0.510355	0.798002	0.658176	-0.001071
49262.000000	0.499674	0.510361	0.798003	0.658179	-0.001072
49263.000000	0.499672	0.510357	0.798004	0.658180	-0.001076
49264.000000	0.499670	0.510350	0.798005	0.658180	-0.001083
49265.000000	0.499669	0.510348	0.798008	0.658186	-0.001089
49266.000000	0.499670	0.510343	0.798004	0.658180	-0.001087
49267.000000	0.499670	0.510349	0.798003	0.658178	-0.001087
49268.000000	0.499675	0.510355	0.798002	0.658177	-0.001083
49269.000000	0.499679	0.510359	0.798004	0.658178	-0.001074
49270.000000	0.499683	0.510364	0.798003	0.658177	-0.001066
49271.000000	0.499685	0.510368	0.798005	0.658180	-0.001065
49272.000000	0.499682	0.510367	0.798010	0.658189	-0.001075
49273.000000	0.499685	0.510362	0.798012	0.658192	-0.001081
49274.000000	0.499686	0.510361	0.798015	0.658196	-0.001074
49275.000000	0.499685	0.510359	0.798018	0.658201	-0.001062
49276.000000	0.499686	0.510356	0.798019	0.658204	-0.001050
49277.000000	0.499685	0.510349	0.798019	0.658203	-0.001053
49278.000000	0.499687	0.510352	0.798025	0.658214	-0.001061
49279.000000	0.499685	0.510347	0.798028	0.658219	-0.001068
49280.000000	0.499681	0.510344	0.798034	0.658229	-0.001076
49281.000000	0.499680	0.510345	0.798036	0.658233	-0.001084
49282.000000	0.499679	0.510346	0.798033	0.658229	-0.001089
49283.000000	0.499680	0.510353	0.798033	0.658228	-0.001092
49284.000000	0.499682	0.510359	0.798036	0.658232	-0.001089
49285.000000	0.499682	0.510363	0.798035	0.658231	-0.001083
49286.000000	0.499681	0.510365	0.798035	0.658230	-0.001074
49287.000000	0.499682	0.510367	0.798037	0.658233	-0.001061
49288.000000	0.499680	0.510365	0.798040	0.658238	-0.001048
49289.000000	0.499679	0.510363	0.798045	0.658247	-0.001037
49290.000000	0.499680	0.510367	0.798048	0.658252	-0.001037
49291.000000	0.499679	0.510372	0.798045	0.658248	-0.001044
49292.000000	0.499679	0.510375	0.798042	0.658243	-0.001051
49293.000000	0.499685	0.510374	0.798039	0.658238	-0.001054
49294.000000	0.499688	0.510373	0.798036	0.658233	-0.001057
49295.000000	0.499692	0.510372	0.798036	0.658234	-0.001065
49296.000000	0.499693	0.510375	0.798039	0.658238	-0.001077
49297.000000	0.499695	0.510373	0.798043	0.658244	-0.001082
49298.000000	0.499694	0.510371	0.798046	0.658249	-0.001077
49299.000000	0.499698	0.510376	0.798050	0.658257	-0.001067
49300.000000	0.499702	0.510380	0.798052	0.658258	-0.001055
49301.000000	0.499704	0.510383	0.798057	0.658268	-0.001041
49302.000000	0.499704	0.510380	0.798058	0.658270	-0.001037
49303.000000	0.499700	0.510371	0.798055	0.658265	-0.001041
49304.000000	0.499702	0.510372	0.798054	0.658264	-0.001048
49305.000000	0.499702	0.510372	0.798056	0.658265	-0.001049
49306.000000	0.499700	0.510366	0.798055	0.658264	-0.001045
49307.000000	0.499696	0.510359	0.798053	0.658261	-0.001036
49308.000000	0.499693	0.510356	0.798053	0.658260	-0.001027
49309.000000	0.499688	0.510353	0.798052	0.658259	-0.001020
49310.000000	0.499687	0.510350	0.798054	0.658261	-0.001018
49311.000000	0.499684	0.510343	0.798054	0.658261	-0.001023
49312.000000	0.499683	0.510338	0.798056	0.658264	-0.001031
49313.000000	0.499679	0.510333	0.798052	0.658258	-0.001029
49314.000000	0.499676	0.510328	0.798053	0.658261	-0.001032
49315.000000	0.499674	0.510322	0.798059	0.658270	-0.001037
49316.000000	0.499676	0.510320	0.798058	0.658269	-0.001032
49317.000000	0.499677	0.510314	0.798055	0.658263	-0.001031
49318.000000	0.499679	0.510315	0.798051	0.658258	-0.001036
49319.000000	0.499684	0.510318	0.798050	0.658257	-0.001046
49320.000000	0.499690	0.510323	0.798054	0.658264	-0.001050
49321.000000	0.499690	0.510323	0.798057	0.658268	-0.001039
49322.000000	0.499690	0.510322	0.798059	0.658272	-0.001029
49323.000000	0.499691	0.510318	0.798058	0.658269	-0.001030
49324.000000	0.499691	0.510322	0.798058	0.658270	-0.001036
49325.000000	0.499689	0.510325	0.798060	0.658272	-0.001041
49326.000000	0.499690	0.510331	0.798059	0.658270	-0.001045
49327.000000	0.499688	0.510333	0.798057	0.658267	-0.001044
49328.000000	0.499688	0.510338	0.798055	0.658264	-0.001041
49329.000000	0.499685	0.510334	0.798058	0.658268	-0.001029
49330.000000	0.499682	0.510328	0.798062	0.658277	-0.001018
49331.000000	0.499681	0.510326	0.798061	0.658273	-0.001021
49332.000000	0.499681	0.510324	0.798062	0.658275	-0.001026
49333.000000	0.499680	0.510321	0.798063	0.658277	-0.001037
49334.000000	0.499678	0.510319	0.798063	0.658276	-0.001046
49335.000000	0.499676	0.510315	0.798059	0.658271	-0.001051
49336.000000	0.499680	0.510309	0.798058	0.658269	-0.001050
49337.000000	0.499682	0.510307	0.798060	0.658272	-0.001041
49338.000000	0.499682	0.510306	0.798060	0.658271	-0.001037
49339.000000	0.499677	0.510299	0.798055	0.658264	-0.001042
49340.000000	0.499672	0.510298	0.798050	0.658257	-0.001047
49341.000000	0.499669	0.510296	0.798046	0.658251	-0.001052
49342.000000	0.499671	0.510298	0.798041	0.658244	-0.001051
49343.000000	0.499672	0.510301	0.798041	0.658243	-0.001049
49344.000000	0.499669	0.510305	0.798044	0.658249	-0.001051
49345.000000	0.499667	0.510298	0.798048	0.658254	-0.001053
49346.000000	0.499664	0.510294	0.798048	0.658255	-0.001055
49347.000000	0.499661	0.510288	0.798043	0.658248	-0.001056
49348.000000	0.499658	0.510280	0.798038	0.658240	-0.001057
49349.000000	0.499655	0.510273	0.798033	0.658233	-0.001056
49350.000000	0.499656	0.510271	0.798035	0.658238	-0.001065
49351.000000	0.499657	0.510275	0.798036	0.658238	-0.001073
49352.000000	0.499656	0.510275	0.798037	0.658239	-0.001081
49353.000000	0.499655	0.510272	0.798040	0.658245	-0.001090
49354.000000	0.499655	0.510270	0.798044	0.658252	-0.001086
49355.000000	0.499650	0.510262	0.798048	0.658258	-0.001074
49356.000000	0.499647	0.510260	0.798049	0.658259	-0.001061
49357.000000	0.499651	0.510260	0.798046	0.658255	-0.001061
49358.000000	0.499653	0.510260	0.798047	0.658257	-0.001069
49359.000000	0.499650	0.510262	0.798050	0.658261	-0.001075
49360.000000	0.499648	0.510265	0.798049	0.658259	-0.001075
49361.000000	0.499644	0.510262	0.798050	0.658259	-0.001067
49362.000000	0.499640	0.510259	0.798048	0.658256	-0.001062
49363.000000	0.499640	0.510256	0.798047	0.658255	-0.001064
49364.000000	0.499642	0.510251	0.798046	0.658252	-0.001061
49365.000000	0.499646	0.510250	0.798049	0.658259	-0.001054
49366.000000	0.499647	0.510244	0.798050	0.658260	-0.001054
49367.000000	0.499648	0.510240	0.798046	0.658254	-0.001055
49368.000000	0.499649	0.510235	0.798047	0.658255	-0.001054
49369.000000	0.499646	0.510233	0.798051	0.658262	-0.001049
49370.000000	0.499643	0.510237	0.798052	0.658265	-0.001045
49371.000000	0.499641	0.510239	0.798052	0.658265	-0.001038
49372.000000	0.499636	0.510236	0.798052	0.658263	-0.001030
49373.000000	0.499631	0.510233	0.798052	0.658263	-0.001020
49374.000000	0.499631	0.510233	0.798047	0.658256	-0.001015
49375.000000	0.499632	0.510232	0.798046	0.658254	-0.001017
49376.000000	0.499636	0.510228	0.798046	0.658254	-0.001025
49377.000000	0.499635	0.510224	0.798052	0.658264	-0.001038
49378.000000	0.499631	0.510218	0.798055	0.658270	-0.001040
49379.000000	0.499629	0.510220	0.798059	0.658276	-0.001037
49380.000000	0.499627	0.510219	0.798061	0.658280	-0.001031
49381.000000	0.499635	0.510229	0.798061	0.658280	-0.001023
49382.000000	0.499641	0.510234	0.798065	0.658285	-0.001013
49383.000000	0.499639	0.510231	0.798063	0.658282	-0.001011
49384.000000	0.499639	0.510228	0.798060	0.658278	-0.001015
49385.000000	0.499639	0.510225	0.798059	0.658275	-0.001016
49386.000000	0.499642	0.510219	0.798060	0.658277	-0.001017
49387.000000	0.499649	0.510222	0.798066	0.658287	-0.001019
49388.000000	0.499649	0.510225	0.798071	0.658297	-0.001027
49389.000000	0.499646	0.510224	0.798072	0.658299	-0.001035
49390.000000	0.499644	0.510221	0.798070	0.658295	-0.001042
49391.000000	0.499648	0.510225	0.798073	0.658299	-0.001052
49392.000000	0.499653	0.510221	0.798072	0.658297	-0.001054
49393.000000	0.499650	0.510222	0.798067	0.658291	-0.001056
49394.000000	0.499649	0.510218	0.798067	0.658290	-0.001053
49395.000000	0.499645	0.510216	0.798067	0.658290	-0.001048
49396.000000	0.499642	0.510217	0.798071	0.658296	-0.001046
49397.000000	0.499642	0.510213	0.798071	0.658296	-0.001049
49398.000000	0.499643	0.510211	0.798070	0.658293	-0.001046
49399.000000	0.499641	0.510213	0.798065	0.658287	-0.001042
49400.000000	0.499641	0.510220	0.798063	0.658283	-0.001039
49401.000000	0.499643	0.510235	0.798066	0.658289	-0.001034
49402.000000	0.499642	0.510236	0.798070	0.658296	-0.001031
49403.000000	0.499643	0.510231	0.798073	0.658300	-0.001035
49404.000000	0.499643	0.510227	0.798072	0.658298	-0.001043
49405.000000	0.499644	0.510221	0.798070	0.658296	-0.001045
49406.000000	0.499645	0.510219	0.798071	0.658296	-0.001036
49407.000000	0.499641	0.510218	0.798075	0.658303	-0.001029
49408.000000	0.499641	0.510223	0.798077	0.658307	-0.001026
49409.000000	0.499641	0.510218	0.798076	0.658304	-0.001025
49410.000000	0.499639	0.510226	0.798077	0.658306	-0.001020
49411.000000	0.499640	0.510226	0.798080	0.658312	-0.001020
49412.000000	0.499637	0.510225	0.798083	0.658317	-0.001026
49413.000000	0.499633	0.510224	0.798083	0.658316	-0.001028
49414.000000	0.499633	0.510222	0.798085	0.658319	-0.001031
49415.000000	0.499630	0.510222	0.798086	0.658320	-0.001035
49416.000000	0.499631	0.510224	0.798083	0.658315	-0.001037
49417.000000	0.499627	0.510223	0.798081	0.658311	-0.001035
49418.000000	0.499624	0.510218	0.798079	0.658308	-0.001036
49419.000000	0.499623	0.510211	0.798078	0.658306	-0.001042
49420.000000	0.499628	0.510211	0.798079	0.658308	-0.001052
49421.000000	0.499630	0.510206	0.798079	0.658308	-0.001058
49422.000000	0.499636	0.510205	0.798082	0.658314	-0.001053
49423.000000	0.499639	0.510210	0.798084	0.658317	-0.001040
49424.000000	0.499637	0.510207	0.798081	0.658312	-0.001032
49425.000000	0.499635	0.510203	0.798078	0.658306	-0.001027
49426.000000	0.499631	0.510202	0.798076	0.658304	-0.001031
49427.000000	0.499629	0.510202	0.798074	0.658300	-0.001036
49428.000000	0.499629	0.510211	0.798072	0.658297	-0.001038
49429.000000	0.499631	0.510223	0.798069	0.658292	-0.001033
49430.000000	0.499634	0.510232	0.798068	0.658290	-0.001030
49431.000000	0.499635	0.510237	0.798065	0.658286	-0.001024
49432.000000	0.499635	0.510234	0.798066	0.658287	-0.001022
49433.000000	0.499638	0.510233	0.798068	0.658289	-0.001031
49434.000000	0.499641	0.510238	0.798068	0.658291	-0.001037
49435.000000	0.499641	0.510242	0.798065	0.658285	-0.001032
49436.000000	0.499637	0.510244	0.798066	0.658287	-0.001030
49437.000000	0.499638	0.510247	0.798066	0.658286	-0.001029
49438.000000	0.499642	0.510254	0.798062	0.658280	-0.001032
49439.000000	0.499643	0.510260	0.798060	0.658278	-0.001038
49440.000000	0.499640	0.510261	0.798057	0.658272	-0.001042
49441.000000	0.499642	0.510256	0.798056	0.658271	-0.001038
49442.000000	0.499644	0.510249	0.798054	0.658269	-0.001032
49443.000000	0.499643	0.510245	0.798051	0.658264	-0.001027
49444.000000	0.499643	0.510244	0.798050	0.658262	-0.001024
49445.000000	0.499639	0.510237	0.798051	0.658264	-0.001021
49446.000000	0.499639	0.510234	0.798054	0.658269	-0.001028
49447.000000	0.499635	0.510227	0.798057	0.658273	-0.001040
49448.000000	0.499634	0.510224	0.798058	0.658274	-0.001051
49449.000000	0.499636	0.510223	0.798060	0.658277	-0.001052
49450.000000	0.499635	0.510222	0.798061	0.658278	-0.001044
49451.000000	0.499632	0.510220	0.798064	0.658283	-0.001036
49452.000000	0.499629	0.510216	0.798064	0.658283	-0.001035
49453.000000	0.499631	0.510216	0.798062	0.658279	-0.001040
49454.000000	0.499635	0.510215	0.798061	0.658277	-0.001042
49455.000000	0.499640	0.510209	0.798062	0.658279	-0.001040
49456.000000	0.499639	0.510203	0.798061	0.658277	-0.001039
49457.000000	0.499638	0.510207	0.798063	0.658280	-0.001042
49458.000000	0.499644	0.510208	0.798061	0.658277	-0.001044
49459.000000	0.499650	0.510210	0.798061	0.658277	-0.001041
49460.000000	0.499653	0.510222	0.798057	0.658271	-0.001036
49461.000000	0.499655	0.510235	0.798057	0.658271	-0.001027
49462.000000	0.499653	0.510235	0.798061	0.658277	-0.001013
49463.000000	0.499654	0.510234	0.798058	0.658273	-0.001012
49464.000000	0.499661	0.510243	0.798058	0.658272	-0.001022
49465.000000	0.499662	0.510243	0.798056	0.658268	-0.001029
49466.000000	0.499659	0.510239	0.798053	0.658264	-0.001030
49467.000000	0.499656	0.510238	0.798052	0.658262	-0.001035
49468.000000	0.499653	0.510236	0.798050	0.658259	-0.001042
49469.000000	0.499653	0.510242	0.798046	0.658253	-0.001041
49470.000000	0.499654	0.510253	0.798042	0.658247	-0.001039
49471.000000	0.499653	0.510252	0.798040	0.658243	-0.001035
49472.000000	0.499653	0.510249	0.798038	0.658240	-0.001035
49473.000000	0.499653	0.510246	0.798038	0.658240	-0.001038
49474.000000	0.499651	0.510250	0.798036	0.658236	-0.001044
49475.000000	0.499646	0.510247	0.798032	0.658230	-0.001045
49476.000000	0.499649	0.510248	0.798028	0.658225	-0.001050
49477.000000	0.499650	0.510245	0.798026	0.658221	-0.001056
49478.000000	0.499653	0.510249	0.798023	0.658217	-0.001057
49479.000000	0.499657	0.510249	0.798022	0.658214	-0.001054
49480.000000	0.499658	0.510246	0.798023	0.658215	-0.001052
49481.000000	0.499656	0.510249	0.798026	0.658222	-0.001047
49482.000000	0.499657	0.510252	0.798029	0.658227	-0.001041
49483.000000	0.499661	0.510257	0.798031	0.658228	-0.001039
49484.000000	0.499664	0.510258	0.798033	0.658231	-0.001038
49485.000000	0.499667	0.510258	0.798031	0.658228	-0.001035
49486.000000	0.499669	0.510257	0.798030	0.658226	-0.001031
49487.000000	0.499675	0.510256	0.798030	0.658226	-0.001029
49488.000000	0.499680	0.510264	0.798028	0.658223	-0.001030
49489.000000	0.499682	0.510275	0.798026	0.658220	-0.001029
49490.000000	0.499682	0.510278	0.798027	0.658222	-0.001022
49491.000000	0.499683	0.510278	0.798029	0.658224	-0.001012
49492.000000	0.499679	0.510275	0.798032	0.658229	-0.001006
49493.000000	0.499678	0.510274	0.798037	0.658237	-0.001008
49494.000000	0.499682	0.510275	0.798035	0.658235	-0.001013
49495.000000	0.499677	0.510269	0.798033	0.658231	-0.001011
49496.000000	0.499672	0.510264	0.798030	0.658227	-0.001012
49497.000000	0.499672	0.510263	0.798028	0.658223	-0.001009
49498.000000	0.499670	0.510264	0.798027	0.658222	-0.000999
49499.000000	0.499679	0.510272	0.798028	0.658222	-0.000996
49500.000000	0.499688	0.510281	0.798031	0.658229	-0.001002
49501.000000	0.499694	0.510287	0.798036	0.658237	-0.001011
49502.000000	0.499697	0.510286	0.798033	0.658232	-0.001010
49503.000000	0.499694	0.510286	0.798031	0.658229	-0.001014
49504.000000	0.499690	0.510281	0.798033	0.658232	-0.001023
49505.000000	0.499687	0.510274	0.798035	0.658236	-0.001029
49506.000000	0.499689	0.510272	0.798041	0.658246	-0.001038
49507.000000	0.499688	0.510268	0.798043	0.658250	-0.001047
49508.000000	0.499684	0.510264	0.798045	0.658252	-0.001052
49509.000000	0.499681	0.510264	0.798044	0.658251	-0.001055
49510.000000	0.499680	0.510269	0.798042	0.658247	-0.001060
49511.000000	0.499685	0.510271	0.798041	0.658245	-0.001066
49512.000000	0.499688	0.510276	0.798041	0.658247	-0.001072
49513.000000	0.499686	0.510270	0.798045	0.658253	-0.001082
49514.000000	0.499683	0.510264	0.798048	0.658257	-0.001091
49515.000000	0.499679	0.510266	0.798050	0.658260	-0.001096
49516.000000	0.499680	0.510272	0.798051	0.658262	-0.001098
49517.000000	0.499682	0.510274	0.798048	0.658258	-0.001096
49518.000000	0.499682	0.510274	0.798044	0.658252	-0.001098
49519.000000	0.499680	0.510274	0.798042	0.658248	-0.001099
49520.000000	0.499676	0.510275	0.798042	0.658248	-0.001101
49521.000000	0.499672	0.510271	0.798047	0.658256	-0.001109
49522.000000	0.499668	0.510270	0.798049	0.658259	-0.001121
49523.000000	0.499672	0.510271	0.798052	0.658265	-0.001129
49524.000000	0.499673	0.510272	0.798056	0.658271	-0.001128
49525.000000	0.499675	0.510277	0.798058	0.658274	-0.001129
49526.000000	0.499675	0.510281	0.798060	0.658278	-0.001132
49527.000000	0.499674	0.510282	0.798058	0.658275	-0.001127
49528.000000	0.499670	0.510278	0.798057	0.658272	-0.001122
49529.000000	0.499672	0.510282	0.798062	0.658281	-0.001109
49530.000000	0.499676	0.510281	0.798059	0.658276	-0.001107
49531.000000	0.499677	0.510283	0.798055	0.658270	-0.001114
49532.000000	0.499678	0.510288	0.798056	0.658271	-0.001119
49533.000000	0.499676	0.510286	0.798056	0.658271	-0.001122
49534.000000	0.499673	0.510287	0.798059	0.658276	-0.001118
49535.000000	0.499672	0.510294	0.798061	0.658280	-0.001112
49536.000000	0.499672	0.510297	0.798060	0.658278	-0.001112
49537.000000	0.499670	0.510299	0.798058	0.658275	-0.001118
49538.000000	0.499674	0.510298	0.798057	0.658273	-0.001121
49539.000000	0.499675	0.510295	0.798056	0.658271	-0.001112
49540.000000	0.499676	0.510291	0.798056	0.658270	-0.001105
49541.000000	0.499674	0.510291	0.798052	0.658265	-0.001104
49542.000000	0.499671	0.510286	0.798053	0.658265	-0.001111
49543.000000	0.499673	0.510282	0.798058	0.658275	-0.001129
49544.000000	0.499668	0.510275	0.798060	0.658279	-0.001142
49545.000000	0.499667	0.510270	0.798058	0.658275	-0.001146
49546.000000	0.499671	0.510269	0.798055	0.658270	-0.001146
49547.000000	0.499672	0.510265	0.798056	0.658271	-0.001150
49548.000000	0.499675	0.510267	0.798058	0.658275	-0.001149
49549.000000	0.499671	0.510265	0.798057	0.658272	-0.001144
49550.000000	0.499672	0.510270	0.798059	0.658277	-0.001136
49551.000000	0.499674	0.510276	0.798059	0.658276	-0.001127
49552.000000	0.499672	0.510271	0.798060	0.658277	-0.001124
49553.000000	0.499670	0.510263	0.798063	0.658282	-0.001120
49554.000000	0.499665	0.510259	0.798066	0.658287	-0.001111
49555.000000	0.499664	0.510263	0.798067	0.658288	-0.001104
49556.000000	0.499662	0.510261	0.798064	0.658283	-0.001102
49557.000000	0.499663	0.510265	0.798060	0.658278	-0.001102
49558.000000	0.499666	0.510264	0.798064	0.658284	-0.001113
49559.000000	0.499662	0.510258	0.798067	0.658289	-0.001114
49560.000000	0.499657	0.510251	0.798066	0.658287	-0.001116
49561.000000	0.499657	0.510249	0.798062	0.658281	-0.001116
49562.000000	0.499654	0.510248	0.798064	0.658284	-0.001105
49563.000000	0.499655	0.510249	0.798066	0.658288	-0.001091
49564.000000	0.499653	0.510246	0.798072	0.658297	-0.001080
49565.000000	0.499651	0.510242	0.798072	0.658298	-0.001077
49566.000000	0.499649	0.510244	0.798069	0.658293	-0.001077
49567.000000	0.499651	0.510257	0.798070	0.658295	-0.001080
49568.000000	0.499649	0.510256	0.798076	0.658305	-0.001086
49569.000000	0.499649	0.510252	0.798074	0.658303	-0.001089
49570.000000	0.499645	0.510251	0.798074	0.658301	-0.001096
49571.000000	0.499645	0.510251	0.798070	0.658295	-0.001102
49572.000000	0.499645	0.510247	0.798067	0.658291	-0.001102
49573.000000	0.499643	0.510242	0.798071	0.658297	-0.001091
49574.000000	0.499643	0.510240	0.798074	0.658304	-0.001081
49575.000000	0.499647	0.510241	0.798072	0.658299	-0.001081
49576.000000	0.499648	0.510243	0.798075	0.658305	-0.001086
49577.000000	0.499648	0.510244	0.798079	0.658311	-0.001081
49578.000000	0.499645	0.510240	0.798079	0.658311	-0.001069
49579.000000	0.499642	0.510239	0.798079	0.658311	-0.001059
49580.000000	0.499642	0.510234	0.798077	0.658308	-0.001057
49581.000000	0.499638	0.510233	0.798078	0.658309	-0.001061
49582.000000	0.499634	0.510233	0.798082	0.658316	-0.001067
49583.000000	0.499633	0.510228	0.798085	0.658320	-0.001069
49584.000000	0.499630	0.510227	0.798087	0.658324	-0.001068
49585.000000	0.499628	0.510228	0.798088	0.658324	-0.001064
49586.000000	0.499631	0.510224	0.798085	0.658321	-0.001057
49587.000000	0.499630	0.510219	0.798089	0.658326	-0.001063
49588.000000	0.499630	0.510222	0.798087	0.658323	-0.001064
49589.000000	0.499629	0.510223	0.798086	0.658322	-0.001054
49590.000000	0.499626	0.510219	0.798088	0.658324	-0.001041
49591.000000	0.499625	0.510213	0.798090	0.658328	-0.001037
49592.000000	0.499625	0.510212	0.798091	0.658330	-0.001040
49593.000000	0.499625	0.510212	0.798090	0.658328	-0.001045
49594.000000	0.499623	0.510207	0.798089	0.658325	-0.001041
49595.000000	0.499624	0.510208	0.798084	0.658318	-0.001037
49596.000000	0.499625	0.510213	0.798082	0.658315	-0.001038
49597.000000	0.499629	0.510214	0.798080	0.658311	-0.001033
49598.000000	0.499630	0.510217	0.798079	0.658309	-0.001026
49599.000000	0.499629	0.510213	0.798078	0.658307	-0.001027
49600.000000	0.499627	0.510209	0.798080	0.658311	-0.001031
49601.000000	0.499625	0.510209	0.798085	0.658319	-0.001027
49602.000000	0.499623	0.510209	0.798084	0.658317	-0.001026
49603.000000	0.499627	0.510210	0.798081	0.658313	-0.001025
49604.000000	0.499628	0.510209	0.798081	0.658313	-0.001016
49605.000000	0.499628	0.510205	0.798081	0.658312	-0.001017
49606.000000	0.499625	0.510204	0.798080	0.658310	-0.001025
49607.000000	0.499628	0.510207	0.798082	0.658313	-0.001027
49608.000000	0.499628	0.510209	0.798082	0.658314	-0.001026
49609.000000	0.499627	0.510209	0.798082	0.658312	-0.001022
49610.000000	0.499625	0.510207	0.798085	0.658318	-0.001019
49611.000000	0.499624	0.510208	0.798082	0.658314	-0.001019
49612.000000	0.499628	0.510217	0.798081	0.658312	-0.001013
49613.000000	0.499630	0.510230	0.798080	0.658309	-0.001009
49614.000000	0.499635	0.510243	0.798082	0.658312	-0.001011
49615.000000	0.499634	0.510246	0.798084	0.658317	-0.001015
49616.000000	0.499631	0.510248	0.798081	0.658311	-0.001013
49617.000000	0.499627	0.510245	0.798081	0.658311	-0.001002
49618.000000	0.499626	0.510248	0.798082	0.658312	-0.000993
49619.000000	0.499630	0.510251	0.798084	0.658316	-0.000983
49620.000000	0.499628	0.510248	0.798086	0.658319	-0.000983
49621.000000	0.499628	0.510250	0.798084	0.658316	-0.000990
49622.000000	0.499627	0.510259	0.798079	0.658309	-0.000990
49623.000000	0.499627	0.510271	0.798080	0.658310	-0.000982
49624.000000	0.499634	0.510281	0.798083	0.658316	-0.000972
49625.000000	0.499636	0.510285	0.798083	0.658315	-0.000966
49626.000000	0.499638	0.510295	0.798084	0.658316	-0.000965
49627.000000	0.499640	0.510306	0.798083	0.658315	-0.000961
49628.000000	0.499643	0.510308	0.798087	0.658321	-0.000958
49629.000000	0.499642	0.510307	0.798084	0.658317	-0.000961
49630.000000	0.499642	0.510304	0.798079	0.658310	-0.000964
49631.000000	0.499646	0.510303	0.798078	0.658308	-0.000963
49632.000000	0.499649	0.510303	0.798078	0.658307	-0.000963
49633.000000	0.499647	0.510300	0.798079	0.658308	-0.000955
49634.000000	0.499646	0.510302	0.798080	0.658310	-0.000944
49635.000000	0.499653	0.510307	0.798080	0.658310	-0.000943
49636.000000	0.499656	0.510317	0.798080	0.658310	-0.000947
49637.000000	0.499662	0.510344	0.798080	0.658309	-0.000939
49638.000000	0.499664	0.510359	0.798080	0.658309	-0.000929
49639.000000	0.499665	0.510363	0.798077	0.658304	-0.000927
49640.000000	0.499668	0.510371	0.798077	0.658304	-0.000928
49641.000000	0.499666	0.510378	0.798078	0.658306	-0.000934
49642.000000	0.499669	0.510387	0.798082	0.658313	-0.000932
49643.000000	0.499670	0.510391	0.798080	0.658309	-0.000930
49644.000000	0.499669	0.510390	0.798081	0.658311	-0.000943
49645.000000	0.499667	0.510391	0.798083	0.658315	-0.000955
49646.000000	0.499666	0.510393	0.798086	0.658318	-0.000959
49647.000000	0.499664	0.510390	0.798088	0.658321	-0.000964
49648.000000	0.499659	0.510383	0.798092	0.658328	-0.000968
49649.000000	0.499653	0.510379	0.798093	0.658329	-0.000966
49650.000000	0.499650	0.510376	0.798091	0.658326	-0.000963
49651.000000	0.499653	0.510377	0.798091	0.658326	-0.000970
49652.000000	0.499657	0.510380	0.798090	0.658325	-0.000970
49653.000000	0.499659	0.510378	0.798087	0.658319	-0.000970
49654.000000	0.499662	0.510382	0.798086	0.658318	-0.000980
49655.000000	0.499663	0.510384	0.798084	0.658315	-0.000987
49656.000000	0.499662	0.510382	0.798084	0.658314	-0.000990
49657.000000	0.499660	0.510383	0.798089	0.658323	-0.001002
49658.000000	0.499662	0.510383	0.798089	0.658323	-0.001012
49659.000000	0.499660	0.510379	0.798086	0.658318	-0.001012
49660.000000	0.499658	0.510377	0.798083	0.658313	-0.001007
49661.000000	0.499654	0.510372	0.798081	0.658310	-0.001005
49662.000000	0.499655	0.510366	0.798078	0.658306	-0.001002
49663.000000	0.499661	0.510371	0.798076	0.658302	-0.000999
49664.000000	0.499668	0.510380	0.798073	0.658298	-0.001004
49665.000000	0.499670	0.510380	0.798073	0.658297	-0.001013
49666.000000	0.499672	0.510378	0.798070	0.658293	-0.001008
49667.000000	0.499668	0.510372	0.798070	0.658291	-0.001001
49668.000000	0.499663	0.510366	0.798070	0.658291	-0.001000
49669.000000	0.499664	0.510365	0.798070	0.658291	-0.001003
49670.000000	0.499663	0.510363	0.798070	0.658290	-0.001000
49671.000000	0.499667	0.510367	0.798072	0.658293	-0.000987
49672.000000	0.499663	0.510367	0.798077	0.658302	-0.000974
49673.000000	0.499660	0.510361	0.798079	0.658305	-0.000969
49674.000000	0.499660	0.510359	0.798083	0.658313	-0.000975
49675.000000	0.499663	0.510361	0.798088	0.658321	-0.000988
49676.000000	0.499669	0.510364	0.798092	0.658328	-0.000999
49677.000000	0.499669	0.510362	0.798088	0.658322	-0.001002
49678.000000	0.499667	0.510358	0.798084	0.658316	-0.001005
49679.000000	0.499669	0.510357	0.798084	0.658315	-0.001013
49680.000000	0.499680	0.510364	0.798086	0.658319	-0.001021
49681.000000	0.499683	0.510363	0.798083	0.658314	-0.001020
49682.000000	0.499682	0.510355	0.798083	0.658314	-0.001008
49683.000000	0.499683	0.510351	0.798085	0.658318	-0.000997
49684.000000	0.499682	0.510348	0.798086	0.658318	-0.000993
49685.000000	0.499680	0.510347	0.798087	0.658320	-0.000998
49686.000000	0.499680	0.510350	0.798090	0.658325	-0.001012
49687.000000	0.499683	0.510356	0.798093	0.658329	-0.001026
49688.000000	0.499690	0.510368	0.798095	0.658332	-0.001028
49689.000000	0.499689	0.510371	0.798094	0.658331	-0.001030
49690.000000	0.499686	0.510366	0.798094	0.658331	-0.001041
49691.000000	0.499682	0.510361	0.798098	0.658338	-0.001056
49692.000000	0.499680	0.510360	0.798099	0.658338	-0.001067
49693.000000	0.499681	0.510359	0.798100	0.658340	-0.001072
49694.000000	0.499678	0.510364	0.798099	0.658338	-0.001069
49695.000000	0.499676	0.510358	0.798096	0.658334	-0.001068
49696.000000	0.499673	0.510361	0.798094	0.658330	-0.001065
49697.000000	0.499669	0.510365	0.798093	0.658328	-0.001061
49698.000000	0.499665	0.510362	0.798094	0.658329	-0.001055
49699.000000	0.499666	0.510362	0.798091	0.658324	-0.001056
49700.000000	0.499663	0.510360	0.798086	0.658317	-0.001053
49701.000000	0.499662	0.510355	0.798082	0.658311	-0.001050
49702.000000	0.499661	0.510353	0.798080	0.658308	-0.001051
49703.000000	0.499660	0.510354	0.798085	0.658318	-0.001065
49704.000000	0.499659	0.510353	0.798089	0.658324	-0.001078
49705.000000	0.499658	0.510352	0.798093	0.658330	-0.001084
49706.000000	0.499654	0.510352	0.798093	0.658330	-0.001083
49707.000000	0.499654	0.510349	0.798091	0.658327	-0.001085
49708.000000	0.499652	0.510344	0.798090	0.658325	-0.001090
49709.000000	0.499652	0.510351	0.798090	0.658324	-0.001093
49710.000000	0.499653	0.510355	0.798090	0.658324	-0.001094
49711.000000	0.499655	0.510361	0.798091	0.658325	-0.001088
49712.000000	0.499652	0.510356	0.798087	0.658319	-0.001084
49713.000000	0.499650	0.510353	0.798085	0.658317	-0.001085
49714.000000	0.499649	0.510360	0.798086	0.658317	-0.001087
49715.000000	0.499650	0.510368	0.798086	0.658317	-0.001083
49716.000000	0.499649	0.510368	0.798087	0.658318	-0.001078
49717.000000	0.499650	0.510366	0.798090	0.658323	-0.001080
49718.000000	0.499647	0.510361	0.798095	0.658332	-0.001090
49719.000000	0.499644	0.510356	0.798096	0.658333	-0.001098
49720.000000	0.499643	0.510354	0.798093	0.658328	-0.001098
49721.000000	0.499640	0.510350	0.798090	0.658324	-0.001099
49722.000000	0.499638	0.510348	0.798088	0.658321	-0.001107
49723.000000	0.499642	0.510360	0.798091	0.658326	-0.001116
49724.000000	0.499647	0.510361	0.798094	0.658330	-0.001118
49725.000000	0.499648	0.510363	0.798092	0.658328	-0.001113
49726.000000	0.499648	0.510366	0.798098	0.658338	-0.001095
49727.000000	0.499649	0.510379	0.798100	0.658341	-0.001082
49728.000000	0.499648	0.510380	0.798099	0.658339	-0.001075
49729.000000	0.499646	0.510380	0.798097	0.658335	-0.001073
49730.000000	0.499642	0.510380	0.798095	0.658333	-0.001074
49731.000000	0.499641	0.510376	0.798093	0.658329	-0.001080
49732.000000	0.499640	0.510375	0.798089	0.658323	-0.001084
49733.000000	0.499640	0.510372	0.798088	0.658321	-0.001090
49734.000000	0.499643	0.510369	0.798090	0.658325	-0.001100
49735.000000	0.499644	0.510366	0.798087	0.658320	-0.001101
49736.000000	0.499643	0.510365	0.798083	0.658313	-0.001098
49737.000000	0.499646	0.510368	0.798083	0.658314	-0.001089
49738.000000	0.499647	0.510366	0.798080	0.658310	-0.001089
49739.000000	0.499649	0.510362	0.798080	0.658308	-0.001096
49740.000000	0.499652	0.510362	0.798082	0.658311	-0.001105
49741.000000	0.499658	0.510361	0.798086	0.658319	-0.001108
49742.000000	0.499660	0.510362	0.798091	0.658328	-0.001096
49743.000000	0.499658	0.510359	0.798092	0.658329	-0.001085
49744.000000	0.499654	0.510352	0.798095	0.658333	-0.001083
49745.000000	0.499651	0.510348	0.798096	0.658334	-0.001080
49746.000000	0.499653	0.510358	0.798095	0.658333	-0.001071
49747.000000	0.499657	0.510368	0.798094	0.658331	-0.001064
49748.000000	0.499657	0.510384	0.798092	0.658328	-0.001067
49749.000000	0.499658	0.510397	0.798088	0.658322	-0.001071
49750.000000	0.499654	0.510400	0.798084	0.658315	-0.001069
49751.000000	0.499652	0.510402	0.798080	0.658310	-0.001066
49752.000000	0.499651	0.510403	0.798078	0.658307	-0.001068
49753.000000	0.499655	0.510408	0.798082	0.658313	-0.001070
49754.000000	0.499653	0.510411	0.798085	0.658317	-0.001062
49755.000000	0.499651	0.510408	0.798084	0.658317	-0.001054
49756.000000	0.499654	0.510416	0.798082	0.658313	-0.001051
49757.000000	0.499653	0.510412	0.798079	0.658308	-0.001048
49758.000000	0.499656	0.510408	0.798079	0.658309	-0.001046
49759.000000	0.499654	0.510404	0.798080	0.658309	-0.001048
49760.000000	0.499651	0.510398	0.798078	0.658306	-0.001050
49761.000000	0.499653	0.510404	0.798078	0.658306	-0.001054
49762.000000	0.499652	0.510403	0.798079	0.658307	-0.001056
49763.000000	0.499650	0.510399	0.798077	0.658304	-0.001057
49764.000000	0.499649	0.510400	0.798073	0.658297	-0.001056
49765.000000	0.499650	0.510401	0.798073	0.658298	-0.001067
49766.000000	0.499649	0.510404	0.798072	0.658295	-0.001071
49767.000000	0.499646	0.510402	0.798070	0.658292	-0.001079
49768.000000	0.499642	0.510398	0.798073	0.658297	-0.001093
49769.000000	0.499637	0.510393	0.798072	0.658295	-0.001103
49770.000000	0.499634	0.510388	0.798075	0.658300	-0.001110
49771.000000	0.499633	0.510382	0.798074	0.658299	-0.001116
49772.000000	0.499632	0.510380	0.798071	0.658294	-0.001123
49773.000000	0.499634	0.510377	0.798068	0.658289	-0.001122
49774.000000	0.499630	0.510374	0.798067	0.658287	-0.001118
49775.000000	0.499623	0.510369	0.798066	0.658285	-0.001116
49776.000000	0.499622	0.510366	0.798063	0.658280	-0.001112
49777.000000	0.499616	0.510363	0.798058	0.658273	-0.001111
49778.000000	0.499614	0.510368	0.798055	0.658268	-0.001107
49779.000000	0.499615	0.510366	0.798052	0.658263	-0.001109
49780.000000	0.499620	0.510367	0.798052	0.658264	-0.001115
49781.000000	0.499618	0.510366	0.798049	0.658258	-0.001119
49782.000000	0.499620	0.510363	0.798046	0.658255	-0.001117
49783.000000	0.499616	0.510359	0.798051	0.658263	-0.001108
49784.000000	0.499619	0.510357	0.798051	0.658263	-0.001103
49785.000000	0.499620	0.510362	0.798046	0.658256	-0.001103
49786.000000	0.499621	0.510374	0.798042	0.658250	-0.001110
49787.000000	0.499624	0.510379	0.798047	0.658258	-0.001127
49788.000000	0.499625	0.510374	0.798046	0.658257	-0.001131
49789.000000	0.499624	0.510372	0.798049	0.658260	-0.001126
49790.000000	0.499622	0.510375	0.798051	0.658264	-0.001117
49791.000000	0.499624	0.510376	0.798054	0.658270	-0.001103
49792.000000	0.499633	0.510376	0.798055	0.658270	-0.001097
49793.000000	0.499629	0.510371	0.798056	0.658272	-0.001098
49794.000000	0.499628	0.510365	0.798057	0.658274	-0.001099
49795.000000	0.499634	0.510365	0.798058	0.658275	-0.001108
49796.000000	0.499633	0.510362	0.798062	0.658280	-0.001116
49797.000000	0.499642	0.510364	0.798059	0.658276	-0.001116
49798.000000	0.499645	0.510368	0.798063	0.658283	-0.001108
49799.000000	0.499642	0.510368	0.798063	0.658282	-0.001101
49800.000000	0.499639	0.510365	0.798062	0.658281	-0.001100
49801.000000	0.499637	0.510360	0.798063	0.658282	-0.001102
49802.000000	0.499635	0.510360	0.798066	0.658287	-0.001103
49803.000000	0.499640	0.510359	0.798065	0.658285	-0.001096
49804.000000	0.499645	0.510363	0.798068	0.658290	-0.001095
49805.000000	0.499643	0.510360	0.798070	0.658293	-0.001101
49806.000000	0.499638	0.510354	0.798067	0.658288	-0.001101
49807.000000	0.499636	0.510348	0.798066	0.658287	-0.001100
49808.000000	0.499637	0.510344	0.798065	0.658284	-0.001100
49809.000000	0.499636	0.510339	0.798063	0.658281	-0.001097
49810.000000	0.499630	0.510333	0.798058	0.658274	-0.001098
49811.000000	0.499627	0.510327	0.798057	0.658272	-0.001106
49812.000000	0.499630	0.510331	0.798063	0.658283	-0.001123
49813.000000	0.499630	0.510334	0.798064	0.658285	-0.001131
49814.000000	0.499627	0.510328	0.798066	0.658288	-0.001130
49815.000000	0.499624	0.510325	0.798066	0.658287	-0.001124
49816.000000	0.499628	0.510318	0.798063	0.658283	-0.001120
49817.000000	0.499632	0.510318	0.798065	0.658286	-0.001115
49818.000000	0.499635	0.510328	0.798068	0.658292	-0.001101
49819.000000	0.499634	0.510332	0.798069	0.658293	-0.001088
49820.000000	0.499636	0.510332	0.798067	0.658288	-0.001084
49821.000000	0.499633	0.510325	0.798063	0.658282	-0.001083
49822.000000	0.499634	0.510325	0.798060	0.658278	-0.001083
49823.000000	0.499634	0.510332	0.798060	0.658278	-0.001086
49824.000000	0.499630	0.510330	0.798060	0.658277	-0.001091
49825.000000	0.499627	0.510330	0.798059	0.658275	-0.001094
49826.000000	0.499625	0.510333	0.798057	0.658273	-0.001097
49827.000000	0.499625	0.510335	0.798056	0.658270	-0.001101
49828.000000	0.499622	0.510334	0.798051	0.658263	-0.001100
49829.000000	0.499623	0.510327	0.798049	0.658259	-0.001096
49830.000000	0.499621	0.510321	0.798046	0.658255	-0.001091
49831.000000	0.499622	0.510315	0.798043	0.658251	-0.001098
49832.000000	0.499621	0.510314	0.798045	0.658254	-0.001110
49833.000000	0.499622	0.510317	0.798046	0.658254	-0.001111
49834.000000	0.499620	0.510313	0.798048	0.658256	-0.001100
49835.000000	0.499619	0.510309	0.798050	0.658260	-0.001086
49836.000000	0.499616	0.510303	0.798048	0.658257	-0.001079
49837.000000	0.499615	0.510302	0.798046	0.658253	-0.001083
49838.000000	0.499614	0.510298	0.798045	0.658252	-0.001093
49839.000000	0.499613	0.510298	0.798044	0.658250	-0.001098
49840.000000	0.499610	0.510292	0.798045	0.658251	-0.001093
49841.000000	0.499607	0.510288	0.798045	0.658250	-0.001087
49842.000000	0.499603	0.510284	0.798042	0.658245	-0.001094
49843.000000	0.499599	0.510286	0.798042	0.658246	-0.001106
49844.000000	0.499599	0.510291	0.798041	0.658243	-0.001112
49845.000000	0.499599	0.510296	0.798040	0.658242	-0.001117
49846.000000	0.499600	0.510303	0.798039	0.658240	-0.001120
49847.000000	0.499598	0.510300	0.798036	0.658235	-0.001115
49848.000000	0.499601	0.510302	0.798037	0.658236	-0.001111
49849.000000	0.499607	0.510299	0.798036	0.658235	-0.001117
49850.000000	0.499607	0.510296	0.798036	0.658234	-0.001121
49851.000000	0.499604	0.510294	0.798036	0.658234	-0.001114
49852.000000	0.499603	0.510291	0.798041	0.658243	-0.001098
49853.000000	0.499610	0.510289	0.798040	0.658241	-0.001091
49854.000000	0.499614	0.510285	0.798037	0.658237	-0.001093
49855.000000	0.499614	0.510282	0.798034	0.658232	-0.001096
49856.000000	0.499616	0.510280	0.798033	0.658230	-0.001093
49857.000000	0.499619	0.510276	0.798036	0.658235	-0.001081
49858.000000	0.499618	0.510275	0.798042	0.658245	-0.001068
49859.000000	0.499616	0.510270	0.798044	0.658249	-0.001054
49860.000000	0.499615	0.510267	0.798048	0.658256	-0.001039
49861.000000	0.499613	0.510264	0.798049	0.658257	-0.001037
49862.000000	0.499611	0.510271	0.798048	0.658255	-0.001039
49863.000000	0.499615	0.510279	0.798048	0.658254	-0.001047
49864.000000	0.499623	0.510296	0.798051	0.658259	-0.001055
49865.000000	0.499627	0.510306	0.798049	0.658256	-0.001058
49866.000000	0.499632	0.510313	0.798046	0.658251	-0.001052
49867.000000	0.499635	0.510317	0.798043	0.658247	-0.001047
49868.000000	0.499636	0.510324	0.798043	0.658246	-0.001041
49869.000000	0.499637	0.510330	0.798039	0.658240	-0.001038
49870.000000	0.499639	0.510337	0.798035	0.658234	-0.001041
49871.000000	0.499635	0.510338	0.798035	0.658235	-0.001050
49872.000000	0.499634	0.510339	0.798039	0.658241	-0.001064
49873.000000	0.499633	0.510333	0.798041	0.658244	-0.001073
49874.000000	0.499629	0.510325	0.798042	0.658246	-0.001070
49875.000000	0.499624	0.510318	0.798041	0.658243	-0.001064
49876.000000	0.499623	0.510312	0.798036	0.658237	-0.001066
49877.000000	0.499625	0.510309	0.798038	0.658238	-0.001074
49878.000000	0.499626	0.510307	0.798036	0.658235	-0.001073
49879.000000	0.499628	0.510307	0.798032	0.658230	-0.001071
49880.000000	0.499633	0.510314	0.798030	0.658226	-0.001075
49881.000000	0.499638	0.510334	0.798029	0.658225	-0.001074
49882.000000	0.499638	0.510339	0.798026	0.658219	-0.001071
49883.000000	0.499637	0.510344	0.798022	0.658213	-0.001068
49884.000000	0.499636	0.510343	0.798021	0.658212	-0.001064
49885.000000	0.499636	0.510338	0.798024	0.658216	-0.001060
49886.000000	0.499634	0.510335	0.798028	0.658223	-0.001059
49887.000000	0.499636	0.510335	0.798029	0.658225	-0.001052
49888.000000	0.499635	0.510338	0.798031	0.658228	-0.001051
49889.000000	0.499636	0.510342	0.798029	0.658225	-0.001049
49890.000000	0.499637	0.510352	0.798028	0.658223	-0.001047
49891.000000	0.499641	0.510362	0.798027	0.658221	-0.001044
49892.000000	0.499644	0.510374	0.798025	0.658217	-0.001037
49893.000000	0.499647	0.510375	0.798021	0.658212	-0.001036
49894.000000	0.499647	0.510372	0.798024	0.658217	-0.001039
49895.000000	0.499651	0.510369	0.798025	0.658218	-0.001046
49896.000000	0.499657	0.510368	0.798021	0.658213	-0.001044
49897.000000	0.499658	0.510361	0.798020	0.658209	-0.001050
49898.000000	0.499659	0.510357	0.798019	0.658208	-0.001050
49899.000000	0.499660	0.510355	0.798017	0.658205	-0.001049
49900.000000	0.499660	0.510349	0.798019	0.658207	-0.001044
49901.000000	0.499656	0.510346	0.798018	0.658206	-0.001038
49902.000000	0.499655	0.510345	0.798017	0.658204	-0.001032
49903.000000	0.499651	0.510341	0.798016	0.658201	-0.001023
49904.000000	0.499654	0.510348	0.798012	0.658196	-0.001019
49905.000000	0.499656	0.510349	0.798010	0.658192	-0.001015
49906.000000	0.499658	0.510348	0.798007	0.658188	-0.001018
49907.000000	0.499657	0.510344	0.798005	0.658185	-0.001022
49908.000000	0.499655	0.510341	0.798003	0.658181	-0.001025
49909.000000	0.499659	0.510340	0.798007	0.658187	-0.001033
49910.000000	0.499660	0.510340	0.798009	0.658190	-0.001035
49911.000000	0.499661	0.510346	0.798008	0.658189	-0.001034
49912.000000	0.499668	0.510352	0.798006	0.658185	-0.001038
49913.000000	0.499669	0.510354	0.798005	0.658184	-0.001033
49914.000000	0.499668	0.510359	0.798008	0.658188	-0.001019
49915.000000	0.499666	0.510361	0.798012	0.658196	-0.001004
49916.000000	0.499669	0.510370	0.798010	0.658192	-0.001002
49917.000000	0.499672	0.510379	0.798008	0.658189	-0.001009
49918.000000	0.499675	0.510380	0.798008	0.658189	-0.001012
49919.000000	0.499671	0.510375	0.798009	0.658190	-0.001012
49920.000000	0.499671	0.510370	0.798013	0.658197	-0.001011
49921.000000	0.499670	0.510370	0.798013	0.658196	-0.001008
49922.000000	0.499671	0.510372	0.798012	0.658195	-0.000998
49923.000000	0.499667	0.510366	0.798011	0.658192	-0.000991
49924.000000	0.499665	0.510365	0.798009	0.658189	-0.000992
49925.000000	0.499667	0.510369	0.798008	0.658186	-0.000992
49926.000000	0.499672	0.510373	0.798008	0.658188	-0.000983
49927.000000	0.499676	0.510372	0.798011	0.658193	-0.000981
49928.000000	0.499676	0.510372	0.798011	0.658192	-0.000987
49929.000000	0.499674	0.510367	0.798012	0.658192	-0.000985
49930.000000	0.499678	0.510368	0.798009	0.658188	-0.000981
49931.000000	0.499681	0.510370	0.798011	0.658191	-0.000983
49932.000000	0.499678	0.510368	0.798012	0.658193	-0.000981
49933.000000	0.499675	0.510366	0.798010	0.658189	-0.000980
49934.000000	0.499674	0.510366	0.798007	0.658185	-0.000979
49935.000000	0.499675	0.510369	0.798007	0.658184	-0.000981
49936.000000	0.499683	0.510376	0.798009	0.658187	-0.000983
49937.000000	0.499690	0.510385	0.798008	0.658186	-0.000980
49938.000000	0.499691	0.510390	0.798003	0.658179	-0.000977
49939.000000	0.499689	0.510388	0.798000	0.658173	-0.000974
49940.000000	0.499686	0.510391	0.798000	0.658174	-0.000969
49941.000000	0.499690	0.510398	0.798001	0.658175	-0.000967
49942.000000	0.499695	0.510405	0.798003	0.658179	-0.000964
49943.000000	0.499694	0.510405	0.798001	0.658175	-0.000966
49944.000000	0.499689	0.510403	0.797998	0.658170	-0.000969
49945.000000	0.499690	0.510404	0.797997	0.658169	-0.000974
49946.000000	0.499690	0.510404	0.797998	0.658169	-0.000974
49947.000000	0.499695	0.510411	0.797999	0.658171	-0.000972
49948.000000	0.499693	0.510407	0.797997	0.658168	-0.000968
49949.000000	0.499697	0.510413	0.797996	0.658167	-0.000970
49950.000000	0.499701	0.510423	0.797994	0.658163	-0.000973
49951.000000	0.499699	0.510424	0.797995	0.658164	-0.000966
49952.000000	0.499695	0.510422	0.797998	0.658169	-0.000955
49953.000000	0.499693	0.510424	0.797998	0.658169	-0.000948
49954.000000	0.499688	0.510423	0.797994	0.658163	-0.000948
49955.000000	0.499687	0.510429	0.797990	0.658157	-0.000951
49956.000000	0.499686	0.510425	0.797986	0.658151	-0.000947
49957.000000	0.499684	0.510424	0.797984	0.658147	-0.000948
49958.000000	0.499690	0.510433	0.797982	0.658144	-0.000952
49959.000000	0.499696	0.510453	0.797982	0.658145	-0.000954
49960.000000	0.499699	0.510460	0.797987	0.658153	-0.000944
49961.000000	0.499702	0.510466	0.797988	0.658154	-0.000932
49962.000000	0.499699	0.510465	0.797987	0.658153	-0.000925
49963.000000	0.499699	0.510464	0.797988	0.658154	-0.000919
49964.000000	0.499703	0.510466	0.797986	0.658151	-0.000915
49965.000000	0.499700	0.510459	0.797984	0.658147	-0.000918
49966.000000	0.499698	0.510460	0.797980	0.658142	-0.000921
49967.000000	0.499695	0.510456	0.797978	0.658137	-0.000921
49968.000000	0.499695	0.510451	0.797976	0.658134	-0.000915
49969.000000	0.499697	0.510452	0.797977	0.658137	-0.000911
49970.000000	0.499698	0.510450	0.797976	0.658134	-0.000915
49971.000000	0.499705	0.510450	0.797974	0.658132	-0.000909
49972.000000	0.499708	0.510460	0.797974	0.658130	-0.000902
49973.000000	0.499708	0.510472	0.797971	0.658126	-0.000900
49974.000000	0.499708	0.510475	0.797968	0.658121	-0.000900
49975.000000	0.499706	0.510475	0.797968	0.658121	-0.000896
49976.000000	0.499706	0.510474	0.797968	0.658120	-0.000896
49977.000000	0.499713	0.510477	0.797969	0.658122	-0.000906
49978.000000	0.499710	0.510470	0.797965	0.658116	-0.000907
49979.000000	0.499706	0.510463	0.797963	0.658112	-0.000906
49980.000000	0.499708	0.510468	0.797961	0.658109	-0.000908
49981.000000	0.499708	0.510470	0.797964	0.658114	-0.000921
49982.000000	0.499711	0.510471	0.797963	0.658112	-0.000928
49983.000000	0.499715	0.510478	0.797960	0.658108	-0.000922
49984.000000	0.499712	0.510479	0.797964	0.658114	-0.000907
49985.000000	0.499711	0.510480	0.797969	0.658123	-0.000889
49986.000000	0.499714	0.510476	0.797970	0.658124	-0.000880
49987.000000	0.499715	0.510478	0.797970	0.658124	-0.000879
49988.000000	0.499713	0.510477	0.797967	0.658120	-0.000884
49989.000000	0.499714	0.510479	0.797963	0.658114	-0.000886
49990.000000	0.499715	0.510490	0.797965	0.658116	-0.000885
49991.000000	0.499718	0.510494	0.797964	0.658114	-0.000888
49992.000000	0.499718	0.510495	0.797962	0.658112	-0.000895
49993.000000	0.499716	0.510496	0.797965	0.658116	-0.000908
49994.000000	0.499715	0.510492	0.797969	0.658122	-0.000915
49995.000000	0.499712	0.510488	0.797966	0.658118	-0.000915
49996.000000	0.499710	0.510490	0.797966	0.658118	-0.000923
49997.000000	0.499712	0.510489	0.797968	0.658120	-0.000931
49998.000000	0.499710	0.510488	0.797969	0.658121	-0.000931
49999.000000	0.499712	0.510488	0.797972	0.658128	-0.000927
