t	Ecin	Epot	Rg	buf4	buf5
500.000000	0.541732	-1.148257	1.382809	0.000000	0.000000
500.010000	0.541734	-1.148263	1.382806	0.000000	0.000000
500.020000	0.541735	-1.148268	1.382802	0.000000	0.000000
500.030000	0.541737	-1.148273	1.382798	0.000000	0.000000
500.040000	0.541739	-1.148277	1.382795	0.000000	0.000000
500.050000	0.541740	-1.148281	1.382791	0.000000	0.000000
500.060000	0.541743	-1.148288	1.382787	0.000000	0.000000
500.070000	0.541746	-1.148297	1.382784	0.000000	0.000000
500.080000	0.541750	-1.148308	1.382780	0.000000	0.000000
500.090000	0.541753	-1.148319	1.382776	0.000000	0.000000
500.100000	0.541756	-1.148330	1.382772	0.000000	0.000000
500.110000	0.541759	-1.148340	1.382769	0.000000	0.000000
500.120000	0.541761	-1.148347	1.382765	0.000000	0.000000
500.130000	0.541761	-1.148351	1.382761	0.000000	0.000000
500.140000	0.541761	-1.148352	1.382757	0.000000	0.000000
500.150000	0.541760	-1.148351	1.382754	0.000000	0.000000
500.160000	0.541759	-1.148349	1.382750	0.000000	0.000000
500.170000	0.541759	-1.148349	1.382746	0.000000	0.000000
500.180000	0.541759	-1.148349	1.382742	0.000000	0.000000
500.190000	0.541760	-1.148351	1.382738	0.000000	0.000000
500.200000	0.541761	-1.148354	1.382734	0.000000	0.000000
500.210000	0.541762	-1.148358	1.382730	0.000000	0.000000
500.220000	0.541763	-1.148363	1.382726	0.000000	0.000000
500.230000	0.541764	-1.148369	1.382722	0.000000	0.000000
500.240000	0.541765	-1.148376	1.382718	0.000000	0.000000
500.250000	0.541767	-1.148385	1.382714	0.000000	0.000000
500.260000	0.541769	-1.148397	1.382709	0.000000	0.000000
500.270000	0.541772	-1.148411	1.382705	0.000000	0.000000
500.280000	0.541775	-1.148427	1.382701	0.000000	0.000000
500.290000	0.541777	-1.148444	1.382696	0.000000	0.000000
500.300000	0.541779	-1.148459	1.382692	0.000000	0.000000
500.310000	0.541780	-1.148471	1.382687	0.000000	0.000000
500.320000	0.541779	-1.148478	1.382682	0.000000	0.000000
500.330000	0.541777	-1.148479	1.382678	0.000000	0.000000
500.340000	0.541775	-1.148479	1.382673	0.000000	0.000000
500.350000	0.541773	-1.148479	1.382668	0.000000	0.000000
500.360000	0.541771	-1.148479	1.382663	0.000000	0.000000
500.370000	0.541769	-1.148479	1.382658	0.000000	0.000000
500.380000	0.541767	-1.148477	1.382654	0.000000	0.000000
500.390000	0.541764	-1.148477	1.382649	0.000000	0.000000
500.400000	0.541763	-1.148479	1.382644	0.000000	0.000000
500.410000	0.541763	-1.148484	1.382640	0.000000	0.000000
500.420000	0.541764	-1.148493	1.382635	0.000000	0.000000
500.430000	0.541766	-1.148504	1.382630	0.000000	0.000000
500.440000	0.541769	-1.148515	1.382626	0.000000	0.000000
500.450000	0.541771	-1.148525	1.382622	0.000000	0.000000
500.460000	0.541773	-1.148534	1.382617	0.000000	0.000000
500.470000	0.541774	-1.148542	1.382613	0.000000	0.000000
500.480000	0.541776	-1.148549	1.382609	0.000000	0.000000
500.490000	0.541777	-1.148555	1.382604	0.000000	0.000000
500.500000	0.541777	-1.148558	1.382600	0.000000	0.000000
500.510000	0.541776	-1.148558	1.382596	0.000000	0.000000
500.520000	0.541775	-1.148556	1.382592	0.000000	0.000000
500.530000	0.541775	-1.148557	1.382587	0.000000	0.000000
500.540000	0.541775	-1.148561	1.382583	0.000000	0.000000
500.550000	0.541776	-1.148569	1.382579	0.000000	0.000000
500.560000	0.541777	-1.148576	1.382575	0.000000	0.000000
500.570000	0.541778	-1.148583	1.382571	0.000000	0.000000
500.580000	0.541777	-1.148589	1.382567	0.000000	0.000000
500.590000	0.541776	-1.148594	1.382563	0.000000	0.000000
500.600000	0.541775	-1.148598	1.382559	0.000000	0.000000
500.610000	0.541773	-1.148602	1.382555	0.000000	0.000000
500.620000	0.541771	-1.148606	1.382552	0.000000	0.000000
500.630000	0.541770	-1.148614	1.382548	0.000000	0.000000
500.640000	0.541770	-1.148623	1.382544	0.000000	0.000000
500.650000	0.541771	-1.148635	1.382540	0.000000	0.000000
500.660000	0.541773	-1.148647	1.382537	0.000000	0.000000
500.670000	0.541775	-1.148659	1.382533	0.000000	0.000000
500.680000	0.541776	-1.148668	1.382530	0.000000	0.000000
500.690000	0.541776	-1.148674	1.382526	0.000000	0.000000
500.700000	0.541774	-1.148676	1.382522	0.000000	0.000000
500.710000	0.541772	-1.148675	1.382519	0.000000	0.000000
500.720000	0.541770	-1.148672	1.382515	0.000000	0.000000
500.730000	0.541769	-1.148669	1.382512	0.000000	0.000000
500.740000	0.541767	-1.148670	1.382509	0.000000	0.000000
500.750000	0.541767	-1.148675	1.382505	0.000000	0.000000
500.760000	0.541768	-1.148683	1.382502	0.000000	0.000000
500.770000	0.541769	-1.148694	1.382499	0.000000	0.000000
500.780000	0.541773	-1.148708	1.382495	0.000000	0.000000
500.790000	0.541775	-1.148721	1.382492	0.000000	0.000000
500.800000	0.541777	-1.148732	1.382489	0.000000	0.000000
500.810000	0.541778	-1.148743	1.382486	0.000000	0.000000
500.820000	0.541779	-1.148751	1.382483	0.000000	0.000000
500.830000	0.541780	-1.148760	1.382480	0.000000	0.000000
500.840000	0.541780	-1.148769	1.382476	0.000000	0.000000
500.850000	0.541781	-1.148779	1.382473	0.000000	0.000000
500.860000	0.541781	-1.148788	1.382470	0.000000	0.000000
500.870000	0.541781	-1.148795	1.382467	0.000000	0.000000
500.880000	0.541781	-1.148801	1.382463	0.000000	0.000000
500.890000	0.541780	-1.148806	1.382460	0.000000	0.000000
500.900000	0.541780	-1.148811	1.382457	0.000000	0.000000
500.910000	0.541781	-1.148815	1.382454	0.000000	0.000000
500.920000	0.541780	-1.148820	1.382450	0.000000	0.000000
500.930000	0.541780	-1.148824	1.382447	0.000000	0.000000
500.940000	0.541779	-1.148826	1.382444	0.000000	0.000000
500.950000	0.541778	-1.148828	1.382440	0.000000	0.000000
500.960000	0.541776	-1.148828	1.382437	0.000000	0.000000
500.970000	0.541774	-1.148826	1.382434	0.000000	0.000000
500.980000	0.541771	-1.148823	1.382430	0.000000	0.000000
500.990000	0.541767	-1.148819	1.382427	0.000000	0.000000
501.000000	0.541763	-1.148816	1.382424	0.000000	0.000000
501.010000	0.541760	-1.148815	1.382421	0.000000	0.000000
501.020000	0.541756	-1.148816	1.382418	0.000000	0.000000
501.030000	0.541754	-1.148820	1.382415	0.000000	0.000000
501.040000	0.541753	-1.148825	1.382412	0.000000	0.000000
501.050000	0.541752	-1.148831	1.382409	0.000000	0.000000
501.060000	0.541751	-1.148838	1.382406	0.000000	0.000000
501.070000	0.541751	-1.148846	1.382403	0.000000	0.000000
501.080000	0.541750	-1.148854	1.382400	0.000000	0.000000
501.090000	0.541749	-1.148862	1.382397	0.000000	0.000000
501.100000	0.541749	-1.148870	1.382393	0.000000	0.000000
501.110000	0.541747	-1.148878	1.382390	0.000000	0.000000
501.120000	0.541745	-1.148885	1.382387	0.000000	0.000000
501.130000	0.541743	-1.148891	1.382384	0.000000	0.000000
501.140000	0.541741	-1.148896	1.382381	0.000000	0.000000
501.150000	0.541738	-1.148901	1.382378	0.000000	0.000000
501.160000	0.541736	-1.148907	1.382375	0.000000	0.000000
501.170000	0.541734	-1.148915	1.382371	0.000000	0.000000
501.180000	0.541732	-1.148924	1.382368	0.000000	0.000000
501.190000	0.541731	-1.148934	1.382365	0.000000	0.000000
501.200000	0.541731	-1.148944	1.382362	0.000000	0.000000
501.210000	0.541730	-1.148953	1.382359	0.000000	0.000000
501.220000	0.541730	-1.148959	1.382356	0.000000	0.000000
501.230000	0.541729	-1.148964	1.382354	0.000000	0.000000
501.240000	0.541728	-1.148966	1.382351	0.000000	0.000000
501.250000	0.541725	-1.148967	1.382348	0.000000	0.000000
501.260000	0.541723	-1.148968	1.382345	0.000000	0.000000
501.270000	0.541720	-1.148970	1.382342	0.000000	0.000000
501.280000	0.541718	-1.148973	1.382340	0.000000	0.000000
501.290000	0.541716	-1.148976	1.382337	0.000000	0.000000
501.300000	0.541714	-1.148981	1.382335	0.000000	0.000000
501.310000	0.541712	-1.148986	1.382332	0.000000	0.000000
501.320000	0.541711	-1.148993	1.382329	0.000000	0.000000
501.330000	0.541711	-1.149000	1.382327	0.000000	0.000000
501.340000	0.541710	-1.149008	1.382325	0.000000	0.000000
501.350000	0.541709	-1.149016	1.382322	0.000000	0.000000
501.360000	0.541708	-1.149023	1.382320	0.000000	0.000000
501.370000	0.541707	-1.149030	1.382317	0.000000	0.000000
501.380000	0.541705	-1.149035	1.382315	0.000000	0.000000
501.390000	0.541702	-1.149039	1.382312	0.000000	0.000000
501.400000	0.541699	-1.149042	1.382310	0.000000	0.000000
501.410000	0.541697	-1.149044	1.382307	0.000000	0.000000
501.420000	0.541694	-1.149045	1.382305	0.000000	0.000000
501.430000	0.541691	-1.149045	1.382302	0.000000	0.000000
501.440000	0.541687	-1.149044	1.382300	0.000000	0.000000
501.450000	0.541684	-1.149043	1.382297	0.000000	0.000000
501.460000	0.541681	-1.149043	1.382295	0.000000	0.000000
501.470000	0.541680	-1.149047	1.382292	0.000000	0.000000
501.480000	0.541679	-1.149053	1.382290	0.000000	0.000000
501.490000	0.541680	-1.149063	1.382287	0.000000	0.000000
501.500000	0.541681	-1.149075	1.382285	0.000000	0.000000
501.510000	0.541683	-1.149086	1.382282	0.000000	0.000000
501.520000	0.541684	-1.149096	1.382280	0.000000	0.000000
501.530000	0.541685	-1.149105	1.382278	0.000000	0.000000
501.540000	0.541686	-1.149113	1.382275	0.000000	0.000000
501.550000	0.541687	-1.149122	1.382273	0.000000	0.000000
501.560000	0.541689	-1.149130	1.382270	0.000000	0.000000
501.570000	0.541692	-1.149138	1.382268	0.000000	0.000000
501.580000	0.541694	-1.149145	1.382266	0.000000	0.000000
501.590000	0.541696	-1.149153	1.382263	0.000000	0.000000
501.600000	0.541699	-1.149159	1.382261	0.000000	0.000000
501.610000	0.541700	-1.149160	1.382259	0.000000	0.000000
501.620000	0.541700	-1.149156	1.382256	0.000000	0.000000
501.630000	0.541698	-1.149148	1.382254	0.000000	0.000000
501.640000	0.541697	-1.149140	1.382252	0.000000	0.000000
501.650000	0.541697	-1.149135	1.382249	0.000000	0.000000
501.660000	0.541696	-1.149132	1.382247	0.000000	0.000000
501.670000	0.541696	-1.149129	1.382245	0.000000	0.000000
501.680000	0.541695	-1.149127	1.382242	0.000000	0.000000
501.690000	0.541695	-1.149126	1.382240	0.000000	0.000000
501.700000	0.541695	-1.149124	1.382237	0.000000	0.000000
501.710000	0.541695	-1.149123	1.382235	0.000000	0.000000
501.720000	0.541695	-1.149121	1.382232	0.000000	0.000000
501.730000	0.541695	-1.149118	1.382230	0.000000	0.000000
501.740000	0.541693	-1.149114	1.382227	0.000000	0.000000
501.750000	0.541692	-1.149109	1.382225	0.000000	0.000000
501.760000	0.541691	-1.149103	1.382222	0.000000	0.000000
501.770000	0.541689	-1.149097	1.382219	0.000000	0.000000
501.780000	0.541689	-1.149092	1.382217	0.000000	0.000000
501.790000	0.541689	-1.149087	1.382214	0.000000	0.000000
501.800000	0.541689	-1.149083	1.382211	0.000000	0.000000
501.810000	0.541690	-1.149079	1.382208	0.000000	0.000000
501.820000	0.541691	-1.149076	1.382205	0.000000	0.000000
501.830000	0.541692	-1.149073	1.382202	0.000000	0.000000
501.840000	0.541693	-1.149070	1.382199	0.000000	0.000000
501.850000	0.541694	-1.149068	1.382196	0.000000	0.000000
501.860000	0.541694	-1.149067	1.382193	0.000000	0.000000
501.870000	0.541697	-1.149070	1.382190	0.000000	0.000000
501.880000	0.541700	-1.149076	1.382187	0.000000	0.000000
501.890000	0.541703	-1.149083	1.382183	0.000000	0.000000
501.900000	0.541706	-1.149088	1.382180	0.000000	0.000000
501.910000	0.541707	-1.149089	1.382177	0.000000	0.000000
501.920000	0.541707	-1.149085	1.382174	0.000000	0.000000
501.930000	0.541705	-1.149078	1.382171	0.000000	0.000000
501.940000	0.541704	-1.149069	1.382167	0.000000	0.000000
501.950000	0.541704	-1.149065	1.382164	0.000000	0.000000
501.960000	0.541705	-1.149065	1.382161	0.000000	0.000000
501.970000	0.541707	-1.149069	1.382158	0.000000	0.000000
501.980000	0.541709	-1.149075	1.382155	0.000000	0.000000
501.990000	0.541711	-1.149080	1.382152	0.000000	0.000000
502.000000	0.541712	-1.149084	1.382150	0.000000	0.000000
502.010000	0.541713	-1.149085	1.382147	0.000000	0.000000
502.020000	0.541713	-1.149084	1.382144	0.000000	0.000000
502.030000	0.541713	-1.149081	1.382142	0.000000	0.000000
502.040000	0.541713	-1.149079	1.382139	0.000000	0.000000
502.050000	0.541715	-1.149079	1.382137	0.000000	0.000000
502.060000	0.541716	-1.149081	1.382134	0.000000	0.000000
502.070000	0.541718	-1.149082	1.382132	0.000000	0.000000
502.080000	0.541718	-1.149083	1.382130	0.000000	0.000000
502.090000	0.541719	-1.149083	1.382128	0.000000	0.000000
502.100000	0.541719	-1.149081	1.382126	0.000000	0.000000
502.110000	0.541719	-1.149078	1.382123	0.000000	0.000000
502.120000	0.541718	-1.149072	1.382121	0.000000	0.000000
502.130000	0.541716	-1.149062	1.382119	0.000000	0.000000
502.140000	0.541714	-1.149048	1.382117	0.000000	0.000000
502.150000	0.541710	-1.149032	1.382115	0.000000	0.000000
502.160000	0.541706	-1.149018	1.382113	0.000000	0.000000
502.170000	0.541703	-1.149006	1.382111	0.000000	0.000000
502.180000	0.541701	-1.148998	1.382109	0.000000	0.000000
502.190000	0.541700	-1.148994	1.382107	0.000000	0.000000
502.200000	0.541699	-1.148992	1.382104	0.000000	0.000000
502.210000	0.541699	-1.148992	1.382102	0.000000	0.000000
502.220000	0.541699	-1.148990	1.382100	0.000000	0.000000
502.230000	0.541698	-1.148986	1.382097	0.000000	0.000000
502.240000	0.541698	-1.148985	1.382095	0.000000	0.000000
502.250000	0.541700	-1.148988	1.382092	0.000000	0.000000
502.260000	0.541703	-1.148993	1.382089	0.000000	0.000000
502.270000	0.541705	-1.148999	1.382087	0.000000	0.000000
502.280000	0.541707	-1.149002	1.382084	0.000000	0.000000
502.290000	0.541709	-1.149005	1.382081	0.000000	0.000000
502.300000	0.541710	-1.149007	1.382078	0.000000	0.000000
502.310000	0.541711	-1.149009	1.382075	0.000000	0.000000
502.320000	0.541712	-1.149011	1.382072	0.000000	0.000000
502.330000	0.541712	-1.149012	1.382069	0.000000	0.000000
502.340000	0.541712	-1.149011	1.382066	0.000000	0.000000
502.350000	0.541711	-1.149009	1.382063	0.000000	0.000000
502.360000	0.541710	-1.149005	1.382060	0.000000	0.000000
502.370000	0.541710	-1.149001	1.382057	0.000000	0.000000
502.380000	0.541709	-1.148998	1.382054	0.000000	0.000000
502.390000	0.541710	-1.148995	1.382051	0.000000	0.000000
502.400000	0.541710	-1.148992	1.382048	0.000000	0.000000
502.410000	0.541710	-1.148987	1.382045	0.000000	0.000000
502.420000	0.541708	-1.148979	1.382043	0.000000	0.000000
502.430000	0.541707	-1.148969	1.382040	0.000000	0.000000
502.440000	0.541706	-1.148958	1.382038	0.000000	0.000000
502.450000	0.541705	-1.148949	1.382036	0.000000	0.000000
502.460000	0.541704	-1.148940	1.382034	0.000000	0.000000
502.470000	0.541703	-1.148931	1.382032	0.000000	0.000000
502.480000	0.541703	-1.148922	1.382029	0.000000	0.000000
502.490000	0.541702	-1.148914	1.382027	0.000000	0.000000
502.500000	0.541701	-1.148909	1.382025	0.000000	0.000000
502.510000	0.541701	-1.148907	1.382023	0.000000	0.000000
502.520000	0.541702	-1.148906	1.382021	0.000000	0.000000
502.530000	0.541703	-1.148906	1.382019	0.000000	0.000000
502.540000	0.541703	-1.148907	1.382017	0.000000	0.000000
502.550000	0.541705	-1.148908	1.382015	0.000000	0.000000
502.560000	0.541708	-1.148913	1.382013	0.000000	0.000000
502.570000	0.541712	-1.148919	1.382011	0.000000	0.000000
502.580000	0.541715	-1.148923	1.382008	0.000000	0.000000
502.590000	0.541716	-1.148920	1.382006	0.000000	0.000000
502.600000	0.541713	-1.148909	1.382004	0.000000	0.000000
502.610000	0.541710	-1.148896	1.382001	0.000000	0.000000
502.620000	0.541708	-1.148886	1.381999	0.000000	0.000000
502.630000	0.541707	-1.148881	1.381997	0.000000	0.000000
502.640000	0.541706	-1.148881	1.381994	0.000000	0.000000
502.650000	0.541707	-1.148882	1.381992	0.000000	0.000000
502.660000	0.541708	-1.148884	1.381990	0.000000	0.000000
502.670000	0.541708	-1.148885	1.381987	0.000000	0.000000
502.680000	0.541709	-1.148886	1.381985	0.000000	0.000000
502.690000	0.541711	-1.148889	1.381983	0.000000	0.000000
502.700000	0.541713	-1.148892	1.381981	0.000000	0.000000
502.710000	0.541715	-1.148895	1.381978	0.000000	0.000000
502.720000	0.541716	-1.148896	1.381976	0.000000	0.000000
502.730000	0.541717	-1.148895	1.381974	0.000000	0.000000
502.740000	0.541717	-1.148891	1.381972	0.000000	0.000000
502.750000	0.541716	-1.148884	1.381969	0.000000	0.000000
502.760000	0.541714	-1.148875	1.381967	0.000000	0.000000
502.770000	0.541712	-1.148864	1.381965	0.000000	0.000000
502.780000	0.541709	-1.148852	1.381963	0.000000	0.000000
502.790000	0.541707	-1.148842	1.381960	0.000000	0.000000
502.800000	0.541705	-1.148833	1.381958	0.000000	0.000000
502.810000	0.541705	-1.148827	1.381956	0.000000	0.000000
502.820000	0.541706	-1.148823	1.381954	0.000000	0.000000
502.830000	0.541707	-1.148821	1.381951	0.000000	0.000000
502.840000	0.541710	-1.148822	1.381949	0.000000	0.000000
502.850000	0.541712	-1.148822	1.381946	0.000000	0.000000
502.860000	0.541714	-1.148822	1.381944	0.000000	0.000000
502.870000	0.541716	-1.148818	1.381941	0.000000	0.000000
502.880000	0.541716	-1.148811	1.381939	0.000000	0.000000
502.890000	0.541716	-1.148801	1.381936	0.000000	0.000000
502.900000	0.541715	-1.148795	1.381933	0.000000	0.000000
502.910000	0.541717	-1.148793	1.381931	0.000000	0.000000
502.920000	0.541719	-1.148794	1.381928	0.000000	0.000000
502.930000	0.541721	-1.148794	1.381925	0.000000	0.000000
502.940000	0.541721	-1.148792	1.381922	0.000000	0.000000
502.950000	0.541720	-1.148786	1.381919	0.000000	0.000000
502.960000	0.541718	-1.148780	1.381917	0.000000	0.000000
502.970000	0.541718	-1.148778	1.381914	0.000000	0.000000
502.980000	0.541719	-1.148781	1.381911	0.000000	0.000000
502.990000	0.541721	-1.148786	1.381908	0.000000	0.000000
503.000000	0.541723	-1.148791	1.381905	0.000000	0.000000
503.010000	0.541726	-1.148796	1.381903	0.000000	0.000000
503.020000	0.541729	-1.148800	1.381900	0.000000	0.000000
503.030000	0.541731	-1.148803	1.381897	0.000000	0.000000
503.040000	0.541733	-1.148803	1.381894	0.000000	0.000000
503.050000	0.541732	-1.148800	1.381891	0.000000	0.000000
503.060000	0.541730	-1.148792	1.381889	0.000000	0.000000
503.070000	0.541728	-1.148782	1.381886	0.000000	0.000000
503.080000	0.541725	-1.148774	1.381883	0.000000	0.000000
503.090000	0.541724	-1.148770	1.381880	0.000000	0.000000
503.100000	0.541724	-1.148771	1.381877	0.000000	0.000000
503.110000	0.541724	-1.148774	1.381875	0.000000	0.000000
503.120000	0.541725	-1.148780	1.381872	0.000000	0.000000
503.130000	0.541727	-1.148788	1.381869	0.000000	0.000000
503.140000	0.541729	-1.148798	1.381866	0.000000	0.000000
503.150000	0.541731	-1.148807	1.381864	0.000000	0.000000
503.160000	0.541733	-1.148817	1.381861	0.000000	0.000000
503.170000	0.541735	-1.148825	1.381858	0.000000	0.000000
503.180000	0.541737	-1.148832	1.381855	0.000000	0.000000
503.190000	0.541737	-1.148836	1.381853	0.000000	0.000000
503.200000	0.541737	-1.148836	1.381850	0.000000	0.000000
503.210000	0.541735	-1.148831	1.381847	0.000000	0.000000
503.220000	0.541733	-1.148824	1.381844	0.000000	0.000000
503.230000	0.541732	-1.148820	1.381842	0.000000	0.000000
503.240000	0.541732	-1.148820	1.381839	0.000000	0.000000
503.250000	0.541733	-1.148823	1.381837	0.000000	0.000000
503.260000	0.541735	-1.148828	1.381834	0.000000	0.000000
503.270000	0.541736	-1.148833	1.381832	0.000000	0.000000
503.280000	0.541737	-1.148837	1.381830	0.000000	0.000000
503.290000	0.541738	-1.148839	1.381827	0.000000	0.000000
503.300000	0.541737	-1.148838	1.381825	0.000000	0.000000
503.310000	0.541736	-1.148836	1.381823	0.000000	0.000000
503.320000	0.541734	-1.148832	1.381821	0.000000	0.000000
503.330000	0.541732	-1.148828	1.381819	0.000000	0.000000
503.340000	0.541731	-1.148824	1.381817	0.000000	0.000000
503.350000	0.541729	-1.148821	1.381815	0.000000	0.000000
503.360000	0.541726	-1.148817	1.381813	0.000000	0.000000
503.370000	0.541724	-1.148813	1.381811	0.000000	0.000000
503.380000	0.541722	-1.148809	1.381808	0.000000	0.000000
503.390000	0.541719	-1.148804	1.381806	0.000000	0.000000
503.400000	0.541716	-1.148800	1.381804	0.000000	0.000000
503.410000	0.541714	-1.148798	1.381802	0.000000	0.000000
503.420000	0.541713	-1.148798	1.381800	0.000000	0.000000
503.430000	0.541712	-1.148800	1.381798	0.000000	0.000000
503.440000	0.541713	-1.148805	1.381795	0.000000	0.000000
503.450000	0.541715	-1.148811	1.381793	0.000000	0.000000
503.460000	0.541717	-1.148817	1.381791	0.000000	0.000000
503.470000	0.541719	-1.148824	1.381788	0.000000	0.000000
503.480000	0.541721	-1.148831	1.381786	0.000000	0.000000
503.490000	0.541723	-1.148837	1.381784	0.000000	0.000000
503.500000	0.541725	-1.148840	1.381782	0.000000	0.000000
503.510000	0.541725	-1.148839	1.381779	0.000000	0.000000
503.520000	0.541726	-1.148835	1.381777	0.000000	0.000000
503.530000	0.541725	-1.148829	1.381775	0.000000	0.000000
503.540000	0.541724	-1.148822	1.381773	0.000000	0.000000
503.550000	0.541723	-1.148815	1.381771	0.000000	0.000000
503.560000	0.541722	-1.148810	1.381769	0.000000	0.000000
503.570000	0.541723	-1.148808	1.381767	0.000000	0.000000
503.580000	0.541724	-1.148810	1.381765	0.000000	0.000000
503.590000	0.541725	-1.148813	1.381764	0.000000	0.000000
503.600000	0.541727	-1.148818	1.381762	0.000000	0.000000
503.610000	0.541729	-1.148824	1.381760	0.000000	0.000000
503.620000	0.541731	-1.148831	1.381759	0.000000	0.000000
503.630000	0.541732	-1.148838	1.381757	0.000000	0.000000
503.640000	0.541733	-1.148846	1.381756	0.000000	0.000000
503.650000	0.541734	-1.148853	1.381754	0.000000	0.000000
503.660000	0.541735	-1.148859	1.381752	0.000000	0.000000
503.670000	0.541735	-1.148864	1.381751	0.000000	0.000000
503.680000	0.541735	-1.148867	1.381749	0.000000	0.000000
503.690000	0.541734	-1.148868	1.381747	0.000000	0.000000
503.700000	0.541732	-1.148868	1.381745	0.000000	0.000000
503.710000	0.541731	-1.148868	1.381744	0.000000	0.000000
503.720000	0.541729	-1.148868	1.381742	0.000000	0.000000
503.730000	0.541728	-1.148868	1.381740	0.000000	0.000000
503.740000	0.541729	-1.148869	1.381739	0.000000	0.000000
503.750000	0.541730	-1.148873	1.381737	0.000000	0.000000
503.760000	0.541733	-1.148878	1.381735	0.000000	0.000000
503.770000	0.541735	-1.148884	1.381734	0.000000	0.000000
503.780000	0.541737	-1.148890	1.381733	0.000000	0.000000
503.790000	0.541738	-1.148893	1.381732	0.000000	0.000000
503.800000	0.541739	-1.148893	1.381731	0.000000	0.000000
503.810000	0.541739	-1.148890	1.381730	0.000000	0.000000
503.820000	0.541739	-1.148885	1.381729	0.000000	0.000000
503.830000	0.541738	-1.148877	1.381728	0.000000	0.000000
503.840000	0.541738	-1.148868	1.381727	0.000000	0.000000
503.850000	0.541738	-1.148857	1.381727	0.000000	0.000000
503.860000	0.541737	-1.148847	1.381726	0.000000	0.000000
503.870000	0.541738	-1.148839	1.381726	0.000000	0.000000
503.880000	0.541740	-1.148833	1.381726	0.000000	0.000000
503.890000	0.541743	-1.148830	1.381726	0.000000	0.000000
503.900000	0.541745	-1.148827	1.381725	0.000000	0.000000
503.910000	0.541749	-1.148825	1.381725	0.000000	0.000000
503.920000	0.541751	-1.148824	1.381725	0.000000	0.000000
503.930000	0.541755	-1.148825	1.381726	0.000000	0.000000
503.940000	0.541758	-1.148827	1.381726	0.000000	0.000000
503.950000	0.541762	-1.148827	1.381726	0.000000	0.000000
503.960000	0.541763	-1.148826	1.381726	0.000000	0.000000
503.970000	0.541764	-1.148821	1.381726	0.000000	0.000000
503.980000	0.541762	-1.148811	1.381727	0.000000	0.000000
503.990000	0.541759	-1.148797	1.381727	0.000000	0.000000
504.000000	0.541755	-1.148779	1.381728	0.000000	0.000000
504.010000	0.541751	-1.148762	1.381728	0.000000	0.000000
504.020000	0.541748	-1.148747	1.381729	0.000000	0.000000
504.030000	0.541746	-1.148737	1.381729	0.000000	0.000000
504.040000	0.541746	-1.148731	1.381730	0.000000	0.000000
504.050000	0.541746	-1.148727	1.381731	0.000000	0.000000
504.060000	0.541748	-1.148726	1.381732	0.000000	0.000000
504.070000	0.541749	-1.148726	1.381733	0.000000	0.000000
504.080000	0.541751	-1.148725	1.381734	0.000000	0.000000
504.090000	0.541753	-1.148723	1.381735	0.000000	0.000000
504.100000	0.541753	-1.148719	1.381737	0.000000	0.000000
504.110000	0.541753	-1.148713	1.381738	0.000000	0.000000
504.120000	0.541753	-1.148702	1.381739	0.000000	0.000000
504.130000	0.541751	-1.148687	1.381741	0.000000	0.000000
504.140000	0.541749	-1.148669	1.381742	0.000000	0.000000
504.150000	0.541745	-1.148647	1.381744	0.000000	0.000000
504.160000	0.541742	-1.148626	1.381745	0.000000	0.000000
504.170000	0.541739	-1.148606	1.381746	0.000000	0.000000
504.180000	0.541738	-1.148588	1.381748	0.000000	0.000000
504.190000	0.541736	-1.148574	1.381749	0.000000	0.000000
504.200000	0.541736	-1.148562	1.381750	0.000000	0.000000
504.210000	0.541737	-1.148553	1.381751	0.000000	0.000000
504.220000	0.541738	-1.148546	1.381752	0.000000	0.000000
504.230000	0.541739	-1.148540	1.381753	0.000000	0.000000
504.240000	0.541741	-1.148535	1.381754	0.000000	0.000000
504.250000	0.541742	-1.148529	1.381755	0.000000	0.000000
504.260000	0.541744	-1.148522	1.381756	0.000000	0.000000
504.270000	0.541745	-1.148513	1.381757	0.000000	0.000000
504.280000	0.541745	-1.148503	1.381758	0.000000	0.000000
504.290000	0.541745	-1.148492	1.381758	0.000000	0.000000
504.300000	0.541745	-1.148481	1.381759	0.000000	0.000000
504.310000	0.541746	-1.148471	1.381760	0.000000	0.000000
504.320000	0.541746	-1.148463	1.381760	0.000000	0.000000
504.330000	0.541748	-1.148457	1.381761	0.000000	0.000000
504.340000	0.541750	-1.148451	1.381761	0.000000	0.000000
504.350000	0.541751	-1.148446	1.381762	0.000000	0.000000
504.360000	0.541752	-1.148440	1.381762	0.000000	0.000000
504.370000	0.541753	-1.148432	1.381763	0.000000	0.000000
504.380000	0.541753	-1.148423	1.381763	0.000000	0.000000
504.390000	0.541752	-1.148411	1.381763	0.000000	0.000000
504.400000	0.541749	-1.148399	1.381764	0.000000	0.000000
504.410000	0.541747	-1.148386	1.381764	0.000000	0.000000
504.420000	0.541746	-1.148374	1.381765	0.000000	0.000000
504.430000	0.541745	-1.148364	1.381765	0.000000	0.000000
504.440000	0.541745	-1.148358	1.381766	0.000000	0.000000
504.450000	0.541746	-1.148355	1.381766	0.000000	0.000000
504.460000	0.541748	-1.148353	1.381767	0.000000	0.000000
504.470000	0.541751	-1.148352	1.381767	0.000000	0.000000
504.480000	0.541754	-1.148349	1.381768	0.000000	0.000000
504.490000	0.541756	-1.148342	1.381768	0.000000	0.000000
504.500000	0.541757	-1.148329	1.381769	0.000000	0.000000
504.510000	0.541757	-1.148312	1.381769	0.000000	0.000000
504.520000	0.541757	-1.148296	1.381770	0.000000	0.000000
504.530000	0.541759	-1.148284	1.381770	0.000000	0.000000
504.540000	0.541763	-1.148276	1.381771	0.000000	0.000000
504.550000	0.541767	-1.148270	1.381771	0.000000	0.000000
504.560000	0.541771	-1.148264	1.381772	0.000000	0.000000
504.570000	0.541775	-1.148255	1.381772	0.000000	0.000000
504.580000	0.541778	-1.148244	1.381773	0.000000	0.000000
504.590000	0.541779	-1.148229	1.381773	0.000000	0.000000
504.600000	0.541781	-1.148212	1.381774	0.000000	0.000000
504.610000	0.541782	-1.148194	1.381774	0.000000	0.000000
504.620000	0.541783	-1.148176	1.381775	0.000000	0.000000
504.630000	0.541783	-1.148156	1.381775	0.000000	0.000000
504.640000	0.541784	-1.148137	1.381776	0.000000	0.000000
504.650000	0.541785	-1.148120	1.381776	0.000000	0.000000
504.660000	0.541787	-1.148105	1.381777	0.000000	0.000000
504.670000	0.541788	-1.148091	1.381777	0.000000	0.000000
504.680000	0.541788	-1.148078	1.381777	0.000000	0.000000
504.690000	0.541789	-1.148065	1.381778	0.000000	0.000000
504.700000	0.541791	-1.148053	1.381778	0.000000	0.000000
504.710000	0.541793	-1.148043	1.381779	0.000000	0.000000
504.720000	0.541797	-1.148037	1.381779	0.000000	0.000000
504.730000	0.541801	-1.148033	1.381779	0.000000	0.000000
504.740000	0.541805	-1.148030	1.381780	0.000000	0.000000
504.750000	0.541809	-1.148027	1.381780	0.000000	0.000000
504.760000	0.541813	-1.148024	1.381781	0.000000	0.000000
504.770000	0.541816	-1.148020	1.381781	0.000000	0.000000
504.780000	0.541819	-1.148014	1.381781	0.000000	0.000000
504.790000	0.541822	-1.148005	1.381782	0.000000	0.000000
504.800000	0.541824	-1.147992	1.381782	0.000000	0.000000
504.810000	0.541825	-1.147976	1.381782	0.000000	0.000000
504.820000	0.541825	-1.147959	1.381783	0.000000	0.000000
504.830000	0.541826	-1.147943	1.381783	0.000000	0.000000
504.840000	0.541828	-1.147929	1.381784	0.000000	0.000000
504.850000	0.541830	-1.147917	1.381784	0.000000	0.000000
504.860000	0.541834	-1.147907	1.381785	0.000000	0.000000
504.870000	0.541838	-1.147899	1.381786	0.000000	0.000000
504.880000	0.541843	-1.147892	1.381786	0.000000	0.000000
504.890000	0.541848	-1.147885	1.381787	0.000000	0.000000
504.900000	0.541853	-1.147876	1.381788	0.000000	0.000000
504.910000	0.541857	-1.147864	1.381789	0.000000	0.000000
504.920000	0.541859	-1.147849	1.381790	0.000000	0.000000
504.930000	0.541860	-1.147828	1.381791	0.000000	0.000000
504.940000	0.541858	-1.147802	1.381792	0.000000	0.000000
504.950000	0.541856	-1.147774	1.381793	0.000000	0.000000
504.960000	0.541854	-1.147747	1.381794	0.000000	0.000000
504.970000	0.541853	-1.147722	1.381796	0.000000	0.000000
504.980000	0.541854	-1.147701	1.381797	0.000000	0.000000
504.990000	0.541854	-1.147682	1.381798	0.000000	0.000000
505.000000	0.541855	-1.147665	1.381800	0.000000	0.000000
505.010000	0.541856	-1.147649	1.381802	0.000000	0.000000
505.020000	0.541857	-1.147635	1.381803	0.000000	0.000000
505.030000	0.541858	-1.147621	1.381805	0.000000	0.000000
505.040000	0.541860	-1.147607	1.381806	0.000000	0.000000
505.050000	0.541861	-1.147593	1.381808	0.000000	0.000000
505.060000	0.541861	-1.147576	1.381810	0.000000	0.000000
505.070000	0.541861	-1.147557	1.381811	0.000000	0.000000
505.080000	0.541860	-1.147537	1.381813	0.000000	0.000000
505.090000	0.541858	-1.147515	1.381815	0.000000	0.000000
505.100000	0.541856	-1.147493	1.381816	0.000000	0.000000
505.110000	0.541854	-1.147472	1.381818	0.000000	0.000000
505.120000	0.541852	-1.147452	1.381819	0.000000	0.000000
505.130000	0.541852	-1.147437	1.381821	0.000000	0.000000
505.140000	0.541852	-1.147424	1.381822	0.000000	0.000000
505.150000	0.541854	-1.147416	1.381824	0.000000	0.000000
505.160000	0.541856	-1.147410	1.381825	0.000000	0.000000
505.170000	0.541860	-1.147406	1.381827	0.000000	0.000000
505.180000	0.541863	-1.147403	1.381828	0.000000	0.000000
505.190000	0.541866	-1.147398	1.381829	0.000000	0.000000
505.200000	0.541868	-1.147391	1.381831	0.000000	0.000000
505.210000	0.541869	-1.147382	1.381832	0.000000	0.000000
505.220000	0.541869	-1.147370	1.381833	0.000000	0.000000
505.230000	0.541869	-1.147355	1.381834	0.000000	0.000000
505.240000	0.541868	-1.147338	1.381836	0.000000	0.000000
505.250000	0.541867	-1.147318	1.381837	0.000000	0.000000
505.260000	0.541865	-1.147297	1.381838	0.000000	0.000000
505.270000	0.541862	-1.147277	1.381839	0.000000	0.000000
505.280000	0.541861	-1.147258	1.381840	0.000000	0.000000
505.290000	0.541861	-1.147240	1.381841	0.000000	0.000000
505.300000	0.541861	-1.147225	1.381842	0.000000	0.000000
505.310000	0.541861	-1.147211	1.381843	0.000000	0.000000
505.320000	0.541863	-1.147200	1.381844	0.000000	0.000000
505.330000	0.541866	-1.147190	1.381845	0.000000	0.000000
505.340000	0.541868	-1.147179	1.381846	0.000000	0.000000
505.350000	0.541869	-1.147164	1.381847	0.000000	0.000000
505.360000	0.541869	-1.147148	1.381848	0.000000	0.000000
505.370000	0.541870	-1.147134	1.381848	0.000000	0.000000
505.380000	0.541872	-1.147122	1.381849	0.000000	0.000000
505.390000	0.541873	-1.147110	1.381850	0.000000	0.000000
505.400000	0.541874	-1.147096	1.381850	0.000000	0.000000
505.410000	0.541874	-1.147081	1.381851	0.000000	0.000000
505.420000	0.541875	-1.147066	1.381852	0.000000	0.000000
505.430000	0.541876	-1.147050	1.381852	0.000000	0.000000
505.440000	0.541877	-1.147036	1.381853	0.000000	0.000000
505.450000	0.541878	-1.147022	1.381853	0.000000	0.000000
505.460000	0.541879	-1.147009	1.381854	0.000000	0.000000
505.470000	0.541881	-1.146997	1.381855	0.000000	0.000000
505.480000	0.541882	-1.146988	1.381855	0.000000	0.000000
505.490000	0.541884	-1.146980	1.381855	0.000000	0.000000
505.500000	0.541885	-1.146973	1.381856	0.000000	0.000000
505.510000	0.541886	-1.146964	1.381856	0.000000	0.000000
505.520000	0.541887	-1.146954	1.381857	0.000000	0.000000
505.530000	0.541888	-1.146945	1.381857	0.000000	0.000000
505.540000	0.541889	-1.146938	1.381857	0.000000	0.000000
505.550000	0.541891	-1.146935	1.381857	0.000000	0.000000
505.560000	0.541895	-1.146934	1.381857	0.000000	0.000000
505.570000	0.541899	-1.146934	1.381857	0.000000	0.000000
505.580000	0.541902	-1.146932	1.381857	0.000000	0.000000
505.590000	0.541905	-1.146929	1.381858	0.000000	0.000000
505.600000	0.541908	-1.146925	1.381858	0.000000	0.000000
505.610000	0.541911	-1.146921	1.381858	0.000000	0.000000
505.620000	0.541913	-1.146918	1.381858	0.000000	0.000000
505.630000	0.541916	-1.146916	1.381858	0.000000	0.000000
505.640000	0.541919	-1.146914	1.381858	0.000000	0.000000
505.650000	0.541921	-1.146911	1.381858	0.000000	0.000000
505.660000	0.541922	-1.146907	1.381858	0.000000	0.000000
505.670000	0.541922	-1.146902	1.381859	0.000000	0.000000
505.680000	0.541922	-1.146893	1.381859	0.000000	0.000000
505.690000	0.541920	-1.146881	1.381859	0.000000	0.000000
505.700000	0.541918	-1.146866	1.381859	0.000000	0.000000
505.710000	0.541916	-1.146853	1.381859	0.000000	0.000000
505.720000	0.541915	-1.146846	1.381859	0.000000	0.000000
505.730000	0.541916	-1.146841	1.381859	0.000000	0.000000
505.740000	0.541916	-1.146838	1.381858	0.000000	0.000000
505.750000	0.541918	-1.146835	1.381858	0.000000	0.000000
505.760000	0.541920	-1.146833	1.381858	0.000000	0.000000
505.770000	0.541921	-1.146831	1.381858	0.000000	0.000000
505.780000	0.541922	-1.146830	1.381857	0.000000	0.000000
505.790000	0.541923	-1.146828	1.381857	0.000000	0.000000
505.800000	0.541923	-1.146827	1.381856	0.000000	0.000000
505.810000	0.541923	-1.146825	1.381856	0.000000	0.000000
505.820000	0.541924	-1.146823	1.381855	0.000000	0.000000
505.830000	0.541924	-1.146820	1.381854	0.000000	0.000000
505.840000	0.541925	-1.146819	1.381853	0.000000	0.000000
505.850000	0.541925	-1.146819	1.381853	0.000000	0.000000
505.860000	0.541926	-1.146819	1.381852	0.000000	0.000000
505.870000	0.541928	-1.146820	1.381851	0.000000	0.000000
505.880000	0.541930	-1.146820	1.381850	0.000000	0.000000
505.890000	0.541931	-1.146819	1.381849	0.000000	0.000000
505.900000	0.541932	-1.146817	1.381848	0.000000	0.000000
505.910000	0.541933	-1.146814	1.381847	0.000000	0.000000
505.920000	0.541935	-1.146813	1.381846	0.000000	0.000000
505.930000	0.541938	-1.146813	1.381845	0.000000	0.000000
505.940000	0.541941	-1.146814	1.381844	0.000000	0.000000
505.950000	0.541944	-1.146815	1.381843	0.000000	0.000000
505.960000	0.541947	-1.146816	1.381842	0.000000	0.000000
505.970000	0.541950	-1.146817	1.381841	0.000000	0.000000
505.980000	0.541953	-1.146817	1.381840	0.000000	0.000000
505.990000	0.541956	-1.146817	1.381839	0.000000	0.000000
506.000000	0.541959	-1.146817	1.381838	0.000000	0.000000
506.010000	0.541961	-1.146816	1.381838	0.000000	0.000000
506.020000	0.541962	-1.146814	1.381837	0.000000	0.000000
506.030000	0.541963	-1.146811	1.381836	0.000000	0.000000
506.040000	0.541962	-1.146805	1.381836	0.000000	0.000000
506.050000	0.541963	-1.146799	1.381835	0.000000	0.000000
506.060000	0.541963	-1.146794	1.381835	0.000000	0.000000
506.070000	0.541965	-1.146791	1.381835	0.000000	0.000000
506.080000	0.541967	-1.146789	1.381834	0.000000	0.000000
506.090000	0.541970	-1.146787	1.381834	0.000000	0.000000
506.100000	0.541973	-1.146784	1.381834	0.000000	0.000000
506.110000	0.541975	-1.146779	1.381835	0.000000	0.000000
506.120000	0.541977	-1.146772	1.381835	0.000000	0.000000
506.130000	0.541979	-1.146764	1.381835	0.000000	0.000000
506.140000	0.541980	-1.146754	1.381836	0.000000	0.000000
506.150000	0.541981	-1.146743	1.381836	0.000000	0.000000
506.160000	0.541982	-1.146732	1.381837	0.000000	0.000000
506.170000	0.541982	-1.146722	1.381838	0.000000	0.000000
506.180000	0.541984	-1.146712	1.381839	0.000000	0.000000
506.190000	0.541984	-1.146703	1.381840	0.000000	0.000000
506.200000	0.541986	-1.146696	1.381840	0.000000	0.000000
506.210000	0.541988	-1.146690	1.381841	0.000000	0.000000
506.220000	0.541990	-1.146685	1.381842	0.000000	0.000000
506.230000	0.541993	-1.146681	1.381843	0.000000	0.000000
506.240000	0.541995	-1.146677	1.381844	0.000000	0.000000
506.250000	0.541996	-1.146674	1.381845	0.000000	0.000000
506.260000	0.541997	-1.146669	1.381846	0.000000	0.000000
506.270000	0.541998	-1.146664	1.381847	0.000000	0.000000
506.280000	0.541999	-1.146658	1.381848	0.000000	0.000000
506.290000	0.542000	-1.146651	1.381848	0.000000	0.000000
506.300000	0.542000	-1.146643	1.381849	0.000000	0.000000
506.310000	0.542002	-1.146636	1.381850	0.000000	0.000000
506.320000	0.542003	-1.146628	1.381851	0.000000	0.000000
506.330000	0.542005	-1.146620	1.381852	0.000000	0.000000
506.340000	0.542007	-1.146612	1.381852	0.000000	0.000000
506.350000	0.542010	-1.146605	1.381853	0.000000	0.000000
506.360000	0.542013	-1.146599	1.381854	0.000000	0.000000
506.370000	0.542016	-1.146593	1.381855	0.000000	0.000000
506.380000	0.542019	-1.146588	1.381857	0.000000	0.000000
506.390000	0.542021	-1.146581	1.381858	0.000000	0.000000
506.400000	0.542021	-1.146573	1.381859	0.000000	0.000000
506.410000	0.542021	-1.146564	1.381860	0.000000	0.000000
506.420000	0.542021	-1.146555	1.381862	0.000000	0.000000
506.430000	0.542020	-1.146546	1.381863	0.000000	0.000000
506.440000	0.542019	-1.146534	1.381864	0.000000	0.000000
506.450000	0.542018	-1.146521	1.381866	0.000000	0.000000
506.460000	0.542017	-1.146506	1.381867	0.000000	0.000000
506.470000	0.542016	-1.146489	1.381869	0.000000	0.000000
506.480000	0.542015	-1.146473	1.381870	0.000000	0.000000
506.490000	0.542014	-1.146461	1.381872	0.000000	0.000000
506.500000	0.542015	-1.146451	1.381873	0.000000	0.000000
506.510000	0.542016	-1.146444	1.381875	0.000000	0.000000
506.520000	0.542019	-1.146436	1.381877	0.000000	0.000000
506.530000	0.542021	-1.146427	1.381878	0.000000	0.000000
506.540000	0.542022	-1.146415	1.381880	0.000000	0.000000
506.550000	0.542023	-1.146400	1.381882	0.000000	0.000000
506.560000	0.542022	-1.146382	1.381884	0.000000	0.000000
506.570000	0.542022	-1.146363	1.381885	0.000000	0.000000
506.580000	0.542023	-1.146348	1.381887	0.000000	0.000000
506.590000	0.542026	-1.146336	1.381889	0.000000	0.000000
506.600000	0.542029	-1.146326	1.381892	0.000000	0.000000
506.610000	0.542032	-1.146314	1.381894	0.000000	0.000000
506.620000	0.542035	-1.146301	1.381896	0.000000	0.000000
506.630000	0.542037	-1.146286	1.381898	0.000000	0.000000
506.640000	0.542038	-1.146268	1.381901	0.000000	0.000000
506.650000	0.542038	-1.146249	1.381903	0.000000	0.000000
506.660000	0.542037	-1.146228	1.381905	0.000000	0.000000
506.670000	0.542035	-1.146206	1.381908	0.000000	0.000000
506.680000	0.542034	-1.146183	1.381910	0.000000	0.000000
506.690000	0.542032	-1.146159	1.381912	0.000000	0.000000
506.700000	0.542031	-1.146136	1.381914	0.000000	0.000000
506.710000	0.542031	-1.146114	1.381917	0.000000	0.000000
506.720000	0.542031	-1.146092	1.381919	0.000000	0.000000
506.730000	0.542032	-1.146072	1.381921	0.000000	0.000000
506.740000	0.542034	-1.146053	1.381923	0.000000	0.000000
506.750000	0.542037	-1.146037	1.381924	0.000000	0.000000
506.760000	0.542042	-1.146024	1.381926	0.000000	0.000000
506.770000	0.542047	-1.146013	1.381928	0.000000	0.000000
506.780000	0.542052	-1.146004	1.381929	0.000000	0.000000
506.790000	0.542057	-1.145994	1.381930	0.000000	0.000000
506.800000	0.542062	-1.145984	1.381931	0.000000	0.000000
506.810000	0.542067	-1.145973	1.381933	0.000000	0.000000
506.820000	0.542074	-1.145964	1.381934	0.000000	0.000000
506.830000	0.542081	-1.145956	1.381934	0.000000	0.000000
506.840000	0.542089	-1.145951	1.381935	0.000000	0.000000
506.850000	0.542098	-1.145945	1.381936	0.000000	0.000000
506.860000	0.542106	-1.145936	1.381937	0.000000	0.000000
506.870000	0.542112	-1.145923	1.381938	0.000000	0.000000
506.880000	0.542118	-1.145910	1.381939	0.000000	0.000000
506.890000	0.542125	-1.145897	1.381940	0.000000	0.000000
506.900000	0.542131	-1.145884	1.381941	0.000000	0.000000
506.910000	0.542137	-1.145870	1.381942	0.000000	0.000000
506.920000	0.542141	-1.145855	1.381943	0.000000	0.000000
506.930000	0.542145	-1.145838	1.381944	0.000000	0.000000
506.940000	0.542147	-1.145819	1.381945	0.000000	0.000000
506.950000	0.542149	-1.145798	1.381946	0.000000	0.000000
506.960000	0.542151	-1.145774	1.381947	0.000000	0.000000
506.970000	0.542152	-1.145749	1.381948	0.000000	0.000000
506.980000	0.542153	-1.145724	1.381949	0.000000	0.000000
506.990000	0.542155	-1.145699	1.381951	0.000000	0.000000
507.000000	0.542156	-1.145675	1.381952	0.000000	0.000000
507.010000	0.542158	-1.145651	1.381953	0.000000	0.000000
507.020000	0.542160	-1.145627	1.381954	0.000000	0.000000
507.030000	0.542162	-1.145605	1.381954	0.000000	0.000000
507.040000	0.542164	-1.145583	1.381955	0.000000	0.000000
507.050000	0.542166	-1.145562	1.381956	0.000000	0.000000
507.060000	0.542167	-1.145540	1.381956	0.000000	0.000000
507.070000	0.542169	-1.145517	1.381956	0.000000	0.000000
507.080000	0.542170	-1.145493	1.381956	0.000000	0.000000
507.090000	0.542170	-1.145468	1.381956	0.000000	0.000000
507.100000	0.542170	-1.145443	1.381956	0.000000	0.000000
507.110000	0.542172	-1.145424	1.381956	0.000000	0.000000
507.120000	0.542175	-1.145413	1.381956	0.000000	0.000000
507.130000	0.542181	-1.145410	1.381955	0.000000	0.000000
507.140000	0.542188	-1.145411	1.381955	0.000000	0.000000
507.150000	0.542195	-1.145411	1.381954	0.000000	0.000000
507.160000	0.542200	-1.145407	1.381953	0.000000	0.000000
507.170000	0.542203	-1.145394	1.381953	0.000000	0.000000
507.180000	0.542205	-1.145376	1.381952	0.000000	0.000000
507.190000	0.542206	-1.145358	1.381951	0.000000	0.000000
507.200000	0.542209	-1.145345	1.381951	0.000000	0.000000
507.210000	0.542212	-1.145333	1.381950	0.000000	0.000000
507.220000	0.542216	-1.145322	1.381949	0.000000	0.000000
507.230000	0.542219	-1.145310	1.381948	0.000000	0.000000
507.240000	0.542223	-1.145299	1.381947	0.000000	0.000000
507.250000	0.542228	-1.145288	1.381947	0.000000	0.000000
507.260000	0.542232	-1.145279	1.381946	0.000000	0.000000
507.270000	0.542236	-1.145269	1.381945	0.000000	0.000000
507.280000	0.542241	-1.145257	1.381945	0.000000	0.000000
507.290000	0.542244	-1.145241	1.381944	0.000000	0.000000
507.300000	0.542246	-1.145222	1.381943	0.000000	0.000000
507.310000	0.542247	-1.145199	1.381943	0.000000	0.000000
507.320000	0.542246	-1.145175	1.381942	0.000000	0.000000
507.330000	0.542246	-1.145150	1.381941	0.000000	0.000000
507.340000	0.542246	-1.145124	1.381940	0.000000	0.000000
507.350000	0.542246	-1.145098	1.381940	0.000000	0.000000
507.360000	0.542247	-1.145077	1.381939	0.000000	0.000000
507.370000	0.542249	-1.145062	1.381938	0.000000	0.000000
507.380000	0.542252	-1.145051	1.381937	0.000000	0.000000
507.390000	0.542255	-1.145044	1.381937	0.000000	0.000000
507.400000	0.542259	-1.145039	1.381936	0.000000	0.000000
507.410000	0.542262	-1.145034	1.381935	0.000000	0.000000
507.420000	0.542264	-1.145028	1.381934	0.000000	0.000000
507.430000	0.542266	-1.145020	1.381933	0.000000	0.000000
507.440000	0.542267	-1.145012	1.381932	0.000000	0.000000
507.450000	0.542269	-1.145007	1.381932	0.000000	0.000000
507.460000	0.542271	-1.145004	1.381931	0.000000	0.000000
507.470000	0.542274	-1.145001	1.381930	0.000000	0.000000
507.480000	0.542276	-1.144997	1.381929	0.000000	0.000000
507.490000	0.542278	-1.144990	1.381928	0.000000	0.000000
507.500000	0.542280	-1.144981	1.381927	0.000000	0.000000
507.510000	0.542282	-1.144972	1.381926	0.000000	0.000000
507.520000	0.542284	-1.144963	1.381925	0.000000	0.000000
507.530000	0.542288	-1.144955	1.381924	0.000000	0.000000
507.540000	0.542291	-1.144947	1.381923	0.000000	0.000000
507.550000	0.542293	-1.144939	1.381922	0.000000	0.000000
507.560000	0.542294	-1.144930	1.381921	0.000000	0.000000
507.570000	0.542296	-1.144922	1.381920	0.000000	0.000000
507.580000	0.542298	-1.144914	1.381919	0.000000	0.000000
507.590000	0.542301	-1.144907	1.381918	0.000000	0.000000
507.600000	0.542303	-1.144900	1.381917	0.000000	0.000000
507.610000	0.542305	-1.144894	1.381916	0.000000	0.000000
507.620000	0.542307	-1.144888	1.381915	0.000000	0.000000
507.630000	0.542309	-1.144883	1.381913	0.000000	0.000000
507.640000	0.542313	-1.144879	1.381912	0.000000	0.000000
507.650000	0.542317	-1.144875	1.381910	0.000000	0.000000
507.660000	0.542320	-1.144875	1.381909	0.000000	0.000000
507.670000	0.542325	-1.144877	1.381907	0.000000	0.000000
507.680000	0.542329	-1.144882	1.381905	0.000000	0.000000
507.690000	0.542335	-1.144888	1.381903	0.000000	0.000000
507.700000	0.542340	-1.144894	1.381901	0.000000	0.000000
507.710000	0.542344	-1.144899	1.381899	0.000000	0.000000
507.720000	0.542349	-1.144902	1.381897	0.000000	0.000000
507.730000	0.542353	-1.144903	1.381895	0.000000	0.000000
507.740000	0.542356	-1.144903	1.381892	0.000000	0.000000
507.750000	0.542359	-1.144902	1.381890	0.000000	0.000000
507.760000	0.542362	-1.144903	1.381887	0.000000	0.000000
507.770000	0.542365	-1.144907	1.381885	0.000000	0.000000
507.780000	0.542368	-1.144912	1.381882	0.000000	0.000000
507.790000	0.542371	-1.144917	1.381879	0.000000	0.000000
507.800000	0.542374	-1.144923	1.381877	0.000000	0.000000
507.810000	0.542378	-1.144928	1.381874	0.000000	0.000000
507.820000	0.542380	-1.144931	1.381871	0.000000	0.000000
507.830000	0.542382	-1.144931	1.381868	0.000000	0.000000
507.840000	0.542384	-1.144926	1.381865	0.000000	0.000000
507.850000	0.542384	-1.144917	1.381862	0.000000	0.000000
507.860000	0.542383	-1.144908	1.381859	0.000000	0.000000
507.870000	0.542384	-1.144900	1.381856	0.000000	0.000000
507.880000	0.542385	-1.144892	1.381853	0.000000	0.000000
507.890000	0.542386	-1.144885	1.381850	0.000000	0.000000
507.900000	0.542387	-1.144881	1.381847	0.000000	0.000000
507.910000	0.542390	-1.144881	1.381844	0.000000	0.000000
507.920000	0.542393	-1.144884	1.381840	0.000000	0.000000
507.930000	0.542397	-1.144889	1.381837	0.000000	0.000000
507.940000	0.542401	-1.144895	1.381834	0.000000	0.000000
507.950000	0.542405	-1.144902	1.381831	0.000000	0.000000
507.960000	0.542409	-1.144908	1.381828	0.000000	0.000000
507.970000	0.542412	-1.144913	1.381825	0.000000	0.000000
507.980000	0.542414	-1.144916	1.381823	0.000000	0.000000
507.990000	0.542416	-1.144918	1.381820	0.000000	0.000000
508.000000	0.542417	-1.144920	1.381817	0.000000	0.000000
508.010000	0.542418	-1.144923	1.381815	0.000000	0.000000
508.020000	0.542419	-1.144927	1.381812	0.000000	0.000000
508.030000	0.542421	-1.144930	1.381810	0.000000	0.000000
508.040000	0.542421	-1.144930	1.381807	0.000000	0.000000
508.050000	0.542421	-1.144926	1.381805	0.000000	0.000000
508.060000	0.542420	-1.144920	1.381803	0.000000	0.000000
508.070000	0.542420	-1.144915	1.381801	0.000000	0.000000
508.080000	0.542420	-1.144909	1.381798	0.000000	0.000000
508.090000	0.542420	-1.144905	1.381796	0.000000	0.000000
508.100000	0.542419	-1.144901	1.381794	0.000000	0.000000
508.110000	0.542419	-1.144896	1.381792	0.000000	0.000000
508.120000	0.542419	-1.144891	1.381790	0.000000	0.000000
508.130000	0.542419	-1.144886	1.381787	0.000000	0.000000
508.140000	0.542419	-1.144882	1.381785	0.000000	0.000000
508.150000	0.542419	-1.144878	1.381783	0.000000	0.000000
508.160000	0.542420	-1.144875	1.381780	0.000000	0.000000
508.170000	0.542421	-1.144874	1.381778	0.000000	0.000000
508.180000	0.542422	-1.144873	1.381775	0.000000	0.000000
508.190000	0.542424	-1.144874	1.381773	0.000000	0.000000
508.200000	0.542427	-1.144876	1.381770	0.000000	0.000000
508.210000	0.542429	-1.144878	1.381768	0.000000	0.000000
508.220000	0.542431	-1.144878	1.381765	0.000000	0.000000
508.230000	0.542433	-1.144874	1.381762	0.000000	0.000000
508.240000	0.542433	-1.144867	1.381760	0.000000	0.000000
508.250000	0.542433	-1.144860	1.381757	0.000000	0.000000
508.260000	0.542434	-1.144855	1.381754	0.000000	0.000000
508.270000	0.542435	-1.144851	1.381752	0.000000	0.000000
508.280000	0.542438	-1.144850	1.381749	0.000000	0.000000
508.290000	0.542441	-1.144850	1.381746	0.000000	0.000000
508.300000	0.542445	-1.144853	1.381744	0.000000	0.000000
508.310000	0.542450	-1.144856	1.381741	0.000000	0.000000
508.320000	0.542454	-1.144859	1.381738	0.000000	0.000000
508.330000	0.542457	-1.144860	1.381735	0.000000	0.000000
508.340000	0.542459	-1.144860	1.381733	0.000000	0.000000
508.350000	0.542460	-1.144857	1.381730	0.000000	0.000000
508.360000	0.542461	-1.144855	1.381727	0.000000	0.000000
508.370000	0.542462	-1.144853	1.381724	0.000000	0.000000
508.380000	0.542463	-1.144851	1.381721	0.000000	0.000000
508.390000	0.542463	-1.144850	1.381718	0.000000	0.000000
508.400000	0.542463	-1.144847	1.381715	0.000000	0.000000
508.410000	0.542463	-1.144844	1.381712	0.000000	0.000000
508.420000	0.542463	-1.144841	1.381709	0.000000	0.000000
508.430000	0.542463	-1.144838	1.381706	0.000000	0.000000
508.440000	0.542464	-1.144838	1.381703	0.000000	0.000000
508.450000	0.542465	-1.144839	1.381700	0.000000	0.000000
508.460000	0.542465	-1.144839	1.381697	0.000000	0.000000
508.470000	0.542466	-1.144839	1.381694	0.000000	0.000000
508.480000	0.542467	-1.144842	1.381691	0.000000	0.000000
508.490000	0.542470	-1.144850	1.381687	0.000000	0.000000
508.500000	0.542474	-1.144859	1.381684	0.000000	0.000000
508.510000	0.542477	-1.144868	1.381681	0.000000	0.000000
508.520000	0.542480	-1.144876	1.381678	0.000000	0.000000
508.530000	0.542482	-1.144882	1.381675	0.000000	0.000000
508.540000	0.542483	-1.144888	1.381672	0.000000	0.000000
508.550000	0.542485	-1.144894	1.381669	0.000000	0.000000
508.560000	0.542486	-1.144899	1.381666	0.000000	0.000000
508.570000	0.542487	-1.144906	1.381663	0.000000	0.000000
508.580000	0.542489	-1.144911	1.381660	0.000000	0.000000
508.590000	0.542489	-1.144917	1.381658	0.000000	0.000000
508.600000	0.542490	-1.144920	1.381655	0.000000	0.000000
508.610000	0.542492	-1.144922	1.381652	0.000000	0.000000
508.620000	0.542493	-1.144923	1.381649	0.000000	0.000000
508.630000	0.542494	-1.144921	1.381646	0.000000	0.000000
508.640000	0.542494	-1.144918	1.381642	0.000000	0.000000
508.650000	0.542493	-1.144913	1.381639	0.000000	0.000000
508.660000	0.542492	-1.144907	1.381636	0.000000	0.000000
508.670000	0.542490	-1.144901	1.381633	0.000000	0.000000
508.680000	0.542489	-1.144899	1.381630	0.000000	0.000000
508.690000	0.542489	-1.144900	1.381627	0.000000	0.000000
508.700000	0.542489	-1.144903	1.381624	0.000000	0.000000
508.710000	0.542490	-1.144909	1.381621	0.000000	0.000000
508.720000	0.542491	-1.144914	1.381618	0.000000	0.000000
508.730000	0.542493	-1.144920	1.381614	0.000000	0.000000
508.740000	0.542495	-1.144927	1.381611	0.000000	0.000000
508.750000	0.542497	-1.144935	1.381608	0.000000	0.000000
508.760000	0.542499	-1.144943	1.381605	0.000000	0.000000
508.770000	0.542500	-1.144952	1.381601	0.000000	0.000000
508.780000	0.542502	-1.144962	1.381598	0.000000	0.000000
508.790000	0.542505	-1.144974	1.381594	0.000000	0.000000
508.800000	0.542507	-1.144986	1.381591	0.000000	0.000000
508.810000	0.542510	-1.144998	1.381587	0.000000	0.000000
508.820000	0.542512	-1.145008	1.381583	0.000000	0.000000
508.830000	0.542513	-1.145018	1.381580	0.000000	0.000000
508.840000	0.542514	-1.145027	1.381576	0.000000	0.000000
508.850000	0.542515	-1.145037	1.381572	0.000000	0.000000
508.860000	0.542516	-1.145048	1.381568	0.000000	0.000000
508.870000	0.542517	-1.145058	1.381565	0.000000	0.000000
508.880000	0.542516	-1.145068	1.381561	0.000000	0.000000
508.890000	0.542516	-1.145078	1.381557	0.000000	0.000000
508.900000	0.542516	-1.145090	1.381554	0.000000	0.000000
508.910000	0.542517	-1.145105	1.381551	0.000000	0.000000
508.920000	0.542517	-1.145122	1.381547	0.000000	0.000000
508.930000	0.542518	-1.145140	1.381544	0.000000	0.000000
508.940000	0.542519	-1.145159	1.381541	0.000000	0.000000
508.950000	0.542520	-1.145177	1.381538	0.000000	0.000000
508.960000	0.542520	-1.145194	1.381535	0.000000	0.000000
508.970000	0.542521	-1.145210	1.381533	0.000000	0.000000
508.980000	0.542520	-1.145226	1.381530	0.000000	0.000000
508.990000	0.542519	-1.145240	1.381527	0.000000	0.000000
509.000000	0.542518	-1.145253	1.381525	0.000000	0.000000
509.010000	0.542516	-1.145265	1.381523	0.000000	0.000000
509.020000	0.542514	-1.145275	1.381521	0.000000	0.000000
509.030000	0.542512	-1.145284	1.381519	0.000000	0.000000
509.040000	0.542509	-1.145290	1.381517	0.000000	0.000000
509.050000	0.542505	-1.145295	1.381515	0.000000	0.000000
509.060000	0.542501	-1.145299	1.381513	0.000000	0.000000
509.070000	0.542498	-1.145303	1.381511	0.000000	0.000000
509.080000	0.542494	-1.145307	1.381509	0.000000	0.000000
509.090000	0.542490	-1.145310	1.381508	0.000000	0.000000
509.100000	0.542487	-1.145314	1.381506	0.000000	0.000000
509.110000	0.542483	-1.145318	1.381504	0.000000	0.000000
509.120000	0.542480	-1.145322	1.381503	0.000000	0.000000
509.130000	0.542476	-1.145327	1.381501	0.000000	0.000000
509.140000	0.542473	-1.145333	1.381500	0.000000	0.000000
509.150000	0.542469	-1.145340	1.381498	0.000000	0.000000
509.160000	0.542466	-1.145347	1.381497	0.000000	0.000000
509.170000	0.542463	-1.145356	1.381495	0.000000	0.000000
509.180000	0.542460	-1.145365	1.381494	0.000000	0.000000
509.190000	0.542458	-1.145375	1.381492	0.000000	0.000000
509.200000	0.542456	-1.145385	1.381491	0.000000	0.000000
509.210000	0.542454	-1.145393	1.381489	0.000000	0.000000
509.220000	0.542451	-1.145400	1.381488	0.000000	0.000000
509.230000	0.542448	-1.145405	1.381486	0.000000	0.000000
509.240000	0.542445	-1.145409	1.381484	0.000000	0.000000
509.250000	0.542441	-1.145413	1.381483	0.000000	0.000000
509.260000	0.542438	-1.145418	1.381481	0.000000	0.000000
509.270000	0.542435	-1.145423	1.381479	0.000000	0.000000
509.280000	0.542432	-1.145429	1.381477	0.000000	0.000000
509.290000	0.542429	-1.145435	1.381475	0.000000	0.000000
509.300000	0.542426	-1.145439	1.381473	0.000000	0.000000
509.310000	0.542421	-1.145441	1.381472	0.000000	0.000000
509.320000	0.542417	-1.145442	1.381470	0.000000	0.000000
509.330000	0.542414	-1.145443	1.381468	0.000000	0.000000
509.340000	0.542410	-1.145446	1.381466	0.000000	0.000000
509.350000	0.542408	-1.145450	1.381465	0.000000	0.000000
509.360000	0.542406	-1.145456	1.381463	0.000000	0.000000
509.370000	0.542405	-1.145464	1.381461	0.000000	0.000000
509.380000	0.542404	-1.145473	1.381460	0.000000	0.000000
509.390000	0.542403	-1.145483	1.381458	0.000000	0.000000
509.400000	0.542402	-1.145493	1.381457	0.000000	0.000000
509.410000	0.542401	-1.145502	1.381455	0.000000	0.000000
509.420000	0.542399	-1.145511	1.381454	0.000000	0.000000
509.430000	0.542397	-1.145518	1.381453	0.000000	0.000000
509.440000	0.542394	-1.145525	1.381451	0.000000	0.000000
509.450000	0.542391	-1.145531	1.381450	0.000000	0.000000
509.460000	0.542388	-1.145536	1.381449	0.000000	0.000000
509.470000	0.542386	-1.145540	1.381447	0.000000	0.000000
509.480000	0.542383	-1.145544	1.381446	0.000000	0.000000
509.490000	0.542380	-1.145547	1.381444	0.000000	0.000000
509.500000	0.542377	-1.145550	1.381443	0.000000	0.000000
509.510000	0.542374	-1.145551	1.381441	0.000000	0.000000
509.520000	0.542372	-1.145554	1.381440	0.000000	0.000000
509.530000	0.542370	-1.145558	1.381438	0.000000	0.000000
509.540000	0.542370	-1.145564	1.381436	0.000000	0.000000
509.550000	0.542370	-1.145573	1.381435	0.000000	0.000000
509.560000	0.542370	-1.145582	1.381433	0.000000	0.000000
509.570000	0.542370	-1.145592	1.381431	0.000000	0.000000
509.580000	0.542371	-1.145602	1.381429	0.000000	0.000000
509.590000	0.542371	-1.145611	1.381427	0.000000	0.000000
509.600000	0.542371	-1.145620	1.381425	0.000000	0.000000
509.610000	0.542371	-1.145628	1.381423	0.000000	0.000000
509.620000	0.542371	-1.145635	1.381421	0.000000	0.000000
509.630000	0.542370	-1.145642	1.381419	0.000000	0.000000
509.640000	0.542370	-1.145650	1.381417	0.000000	0.000000
509.650000	0.542369	-1.145657	1.381414	0.000000	0.000000
509.660000	0.542369	-1.145664	1.381412	0.000000	0.000000
509.670000	0.542369	-1.145671	1.381410	0.000000	0.000000
509.680000	0.542369	-1.145678	1.381408	0.000000	0.000000
509.690000	0.542368	-1.145686	1.381406	0.000000	0.000000
509.700000	0.542368	-1.145693	1.381403	0.000000	0.000000
509.710000	0.542368	-1.145700	1.381401	0.000000	0.000000
509.720000	0.542368	-1.145707	1.381399	0.000000	0.000000
509.730000	0.542368	-1.145713	1.381397	0.000000	0.000000
509.740000	0.542367	-1.145718	1.381394	0.000000	0.000000
509.750000	0.542366	-1.145721	1.381392	0.000000	0.000000
509.760000	0.542364	-1.145722	1.381390	0.000000	0.000000
509.770000	0.542362	-1.145722	1.381387	0.000000	0.000000
509.780000	0.542360	-1.145723	1.381385	0.000000	0.000000
509.790000	0.542359	-1.145726	1.381383	0.000000	0.000000
509.800000	0.542359	-1.145730	1.381380	0.000000	0.000000
509.810000	0.542359	-1.145736	1.381378	0.000000	0.000000
509.820000	0.542361	-1.145743	1.381375	0.000000	0.000000
509.830000	0.542362	-1.145751	1.381372	0.000000	0.000000
509.840000	0.542363	-1.145759	1.381370	0.000000	0.000000
509.850000	0.542364	-1.145768	1.381367	0.000000	0.000000
509.860000	0.542365	-1.145777	1.381364	0.000000	0.000000
509.870000	0.542366	-1.145787	1.381362	0.000000	0.000000
509.880000	0.542367	-1.145798	1.381359	0.000000	0.000000
509.890000	0.542369	-1.145810	1.381356	0.000000	0.000000
509.900000	0.542371	-1.145822	1.381353	0.000000	0.000000
509.910000	0.542372	-1.145834	1.381351	0.000000	0.000000
509.920000	0.542374	-1.145844	1.381348	0.000000	0.000000
509.930000	0.542373	-1.145851	1.381345	0.000000	0.000000
509.940000	0.542372	-1.145854	1.381343	0.000000	0.000000
509.950000	0.542370	-1.145855	1.381340	0.000000	0.000000
509.960000	0.542368	-1.145855	1.381338	0.000000	0.000000
509.970000	0.542366	-1.145857	1.381335	0.000000	0.000000
509.980000	0.542365	-1.145860	1.381333	0.000000	0.000000
509.990000	0.542365	-1.145866	1.381330	0.000000	0.000000
510.000000	0.542366	-1.145872	1.381328	0.000000	0.000000
510.010000	0.542367	-1.145878	1.381326	0.000000	0.000000
510.020000	0.542368	-1.145883	1.381324	0.000000	0.000000
510.030000	0.542369	-1.145888	1.381321	0.000000	0.000000
510.040000	0.542370	-1.145891	1.381319	0.000000	0.000000
510.050000	0.542370	-1.145894	1.381317	0.000000	0.000000
510.060000	0.542370	-1.145895	1.381315	0.000000	0.000000
510.070000	0.542370	-1.145897	1.381312	0.000000	0.000000
510.080000	0.542369	-1.145897	1.381310	0.000000	0.000000
510.090000	0.542368	-1.145898	1.381307	0.000000	0.000000
510.100000	0.542368	-1.145898	1.381305	0.000000	0.000000
510.110000	0.542368	-1.145898	1.381302	0.000000	0.000000
510.120000	0.542368	-1.145899	1.381300	0.000000	0.000000
510.130000	0.542370	-1.145901	1.381297	0.000000	0.000000
510.140000	0.542371	-1.145906	1.381295	0.000000	0.000000
510.150000	0.542374	-1.145913	1.381292	0.000000	0.000000
510.160000	0.542378	-1.145921	1.381290	0.000000	0.000000
510.170000	0.542381	-1.145930	1.381287	0.000000	0.000000
510.180000	0.542385	-1.145939	1.381285	0.000000	0.000000
510.190000	0.542388	-1.145946	1.381282	0.000000	0.000000
510.200000	0.542391	-1.145951	1.381280	0.000000	0.000000
510.210000	0.542393	-1.145955	1.381278	0.000000	0.000000
510.220000	0.542397	-1.145960	1.381275	0.000000	0.000000
510.230000	0.542400	-1.145966	1.381273	0.000000	0.000000
510.240000	0.542402	-1.145971	1.381271	0.000000	0.000000
510.250000	0.542405	-1.145977	1.381269	0.000000	0.000000
510.260000	0.542408	-1.145983	1.381267	0.000000	0.000000
510.270000	0.542412	-1.145989	1.381266	0.000000	0.000000
510.280000	0.542415	-1.145996	1.381264	0.000000	0.000000
510.290000	0.542418	-1.146004	1.381262	0.000000	0.000000
510.300000	0.542421	-1.146010	1.381261	0.000000	0.000000
510.310000	0.542424	-1.146017	1.381260	0.000000	0.000000
510.320000	0.542427	-1.146023	1.381259	0.000000	0.000000
510.330000	0.542429	-1.146029	1.381258	0.000000	0.000000
510.340000	0.542430	-1.146034	1.381257	0.000000	0.000000
510.350000	0.542432	-1.146039	1.381256	0.000000	0.000000
510.360000	0.542434	-1.146043	1.381255	0.000000	0.000000
510.370000	0.542436	-1.146048	1.381255	0.000000	0.000000
510.380000	0.542438	-1.146051	1.381254	0.000000	0.000000
510.390000	0.542439	-1.146053	1.381254	0.000000	0.000000
510.400000	0.542439	-1.146055	1.381254	0.000000	0.000000
510.410000	0.542440	-1.146057	1.381253	0.000000	0.000000
510.420000	0.542441	-1.146058	1.381253	0.000000	0.000000
510.430000	0.542442	-1.146060	1.381253	0.000000	0.000000
510.440000	0.542445	-1.146061	1.381253	0.000000	0.000000
510.450000	0.542448	-1.146061	1.381253	0.000000	0.000000
510.460000	0.542450	-1.146063	1.381253	0.000000	0.000000
510.470000	0.542453	-1.146065	1.381253	0.000000	0.000000
510.480000	0.542456	-1.146070	1.381254	0.000000	0.000000
510.490000	0.542459	-1.146075	1.381254	0.000000	0.000000
510.500000	0.542462	-1.146081	1.381254	0.000000	0.000000
510.510000	0.542465	-1.146086	1.381255	0.000000	0.000000
510.520000	0.542469	-1.146090	1.381256	0.000000	0.000000
510.530000	0.542470	-1.146091	1.381256	0.000000	0.000000
510.540000	0.542471	-1.146090	1.381257	0.000000	0.000000
510.550000	0.542471	-1.146090	1.381258	0.000000	0.000000
510.560000	0.542473	-1.146091	1.381259	0.000000	0.000000
510.570000	0.542475	-1.146093	1.381260	0.000000	0.000000
510.580000	0.542477	-1.146095	1.381261	0.000000	0.000000
510.590000	0.542480	-1.146097	1.381262	0.000000	0.000000
510.600000	0.542483	-1.146098	1.381263	0.000000	0.000000
510.610000	0.542485	-1.146098	1.381264	0.000000	0.000000
510.620000	0.542488	-1.146097	1.381265	0.000000	0.000000
510.630000	0.542489	-1.146095	1.381266	0.000000	0.000000
510.640000	0.542490	-1.146092	1.381267	0.000000	0.000000
510.650000	0.542491	-1.146089	1.381268	0.000000	0.000000
510.660000	0.542491	-1.146088	1.381269	0.000000	0.000000
510.670000	0.542492	-1.146087	1.381270	0.000000	0.000000
510.680000	0.542493	-1.146087	1.381271	0.000000	0.000000
510.690000	0.542494	-1.146087	1.381272	0.000000	0.000000
510.700000	0.542495	-1.146086	1.381273	0.000000	0.000000
510.710000	0.542496	-1.146085	1.381274	0.000000	0.000000
510.720000	0.542496	-1.146083	1.381275	0.000000	0.000000
510.730000	0.542496	-1.146080	1.381276	0.000000	0.000000
510.740000	0.542496	-1.146078	1.381277	0.000000	0.000000
510.750000	0.542496	-1.146076	1.381278	0.000000	0.000000
510.760000	0.542496	-1.146074	1.381279	0.000000	0.000000
510.770000	0.542496	-1.146071	1.381280	0.000000	0.000000
510.780000	0.542496	-1.146068	1.381281	0.000000	0.000000
510.790000	0.542495	-1.146065	1.381282	0.000000	0.000000
510.800000	0.542496	-1.146065	1.381283	0.000000	0.000000
510.810000	0.542497	-1.146068	1.381284	0.000000	0.000000
510.820000	0.542498	-1.146072	1.381285	0.000000	0.000000
510.830000	0.542499	-1.146077	1.381286	0.000000	0.000000
510.840000	0.542500	-1.146082	1.381287	0.000000	0.000000
510.850000	0.542502	-1.146085	1.381287	0.000000	0.000000
510.860000	0.542503	-1.146087	1.381288	0.000000	0.000000
510.870000	0.542503	-1.146088	1.381289	0.000000	0.000000
510.880000	0.542503	-1.146086	1.381290	0.000000	0.000000
510.890000	0.542503	-1.146085	1.381291	0.000000	0.000000
510.900000	0.542503	-1.146086	1.381292	0.000000	0.000000
510.910000	0.542505	-1.146087	1.381293	0.000000	0.000000
510.920000	0.542505	-1.146089	1.381293	0.000000	0.000000
510.930000	0.542506	-1.146088	1.381294	0.000000	0.000000
510.940000	0.542506	-1.146085	1.381295	0.000000	0.000000
510.950000	0.542505	-1.146078	1.381296	0.000000	0.000000
510.960000	0.542504	-1.146070	1.381297	0.000000	0.000000
510.970000	0.542503	-1.146060	1.381298	0.000000	0.000000
510.980000	0.542502	-1.146053	1.381299	0.000000	0.000000
510.990000	0.542501	-1.146048	1.381299	0.000000	0.000000
511.000000	0.542502	-1.146045	1.381300	0.000000	0.000000
511.010000	0.542504	-1.146044	1.381301	0.000000	0.000000
511.020000	0.542505	-1.146043	1.381302	0.000000	0.000000
511.030000	0.542505	-1.146041	1.381303	0.000000	0.000000
511.040000	0.542506	-1.146038	1.381303	0.000000	0.000000
511.050000	0.542505	-1.146033	1.381304	0.000000	0.000000
511.060000	0.542505	-1.146027	1.381305	0.000000	0.000000
511.070000	0.542504	-1.146019	1.381305	0.000000	0.000000
511.080000	0.542504	-1.146009	1.381306	0.000000	0.000000
511.090000	0.542502	-1.145998	1.381306	0.000000	0.000000
511.100000	0.542501	-1.145986	1.381306	0.000000	0.000000
511.110000	0.542500	-1.145975	1.381306	0.000000	0.000000
511.120000	0.542499	-1.145965	1.381307	0.000000	0.000000
511.130000	0.542498	-1.145958	1.381307	0.000000	0.000000
511.140000	0.542499	-1.145953	1.381306	0.000000	0.000000
511.150000	0.542500	-1.145952	1.381306	0.000000	0.000000
511.160000	0.542502	-1.145953	1.381306	0.000000	0.000000
511.170000	0.542504	-1.145956	1.381306	0.000000	0.000000
511.180000	0.542505	-1.145959	1.381305	0.000000	0.000000
511.190000	0.542507	-1.145961	1.381305	0.000000	0.000000
511.200000	0.542508	-1.145960	1.381304	0.000000	0.000000
511.210000	0.542510	-1.145958	1.381303	0.000000	0.000000
511.220000	0.542512	-1.145955	1.381303	0.000000	0.000000
511.230000	0.542514	-1.145951	1.381302	0.000000	0.000000
511.240000	0.542516	-1.145949	1.381301	0.000000	0.000000
511.250000	0.542518	-1.145947	1.381300	0.000000	0.000000
511.260000	0.542521	-1.145946	1.381299	0.000000	0.000000
511.270000	0.542524	-1.145946	1.381298	0.000000	0.000000
511.280000	0.542526	-1.145947	1.381297	0.000000	0.000000
511.290000	0.542528	-1.145948	1.381295	0.000000	0.000000
511.300000	0.542530	-1.145947	1.381294	0.000000	0.000000
511.310000	0.542531	-1.145944	1.381293	0.000000	0.000000
511.320000	0.542532	-1.145937	1.381292	0.000000	0.000000
511.330000	0.542532	-1.145928	1.381291	0.000000	0.000000
511.340000	0.542531	-1.145917	1.381289	0.000000	0.000000
511.350000	0.542531	-1.145906	1.381288	0.000000	0.000000
511.360000	0.542532	-1.145896	1.381287	0.000000	0.000000
511.370000	0.542532	-1.145888	1.381285	0.000000	0.000000
511.380000	0.542533	-1.145883	1.381284	0.000000	0.000000
511.390000	0.542534	-1.145878	1.381282	0.000000	0.000000
511.400000	0.542535	-1.145875	1.381280	0.000000	0.000000
511.410000	0.542536	-1.145873	1.381278	0.000000	0.000000
511.420000	0.542537	-1.145869	1.381276	0.000000	0.000000
511.430000	0.542537	-1.145865	1.381274	0.000000	0.000000
511.440000	0.542537	-1.145863	1.381272	0.000000	0.000000
511.450000	0.542539	-1.145862	1.381269	0.000000	0.000000
511.460000	0.542542	-1.145865	1.381267	0.000000	0.000000
511.470000	0.542544	-1.145868	1.381264	0.000000	0.000000
511.480000	0.542548	-1.145873	1.381262	0.000000	0.000000
511.490000	0.542551	-1.145877	1.381259	0.000000	0.000000
511.500000	0.542554	-1.145882	1.381256	0.000000	0.000000
511.510000	0.542557	-1.145886	1.381254	0.000000	0.000000
511.520000	0.542560	-1.145887	1.381251	0.000000	0.000000
511.530000	0.542561	-1.145887	1.381248	0.000000	0.000000
511.540000	0.542563	-1.145886	1.381246	0.000000	0.000000
511.550000	0.542565	-1.145890	1.381243	0.000000	0.000000
511.560000	0.542568	-1.145895	1.381241	0.000000	0.000000
511.570000	0.542570	-1.145900	1.381238	0.000000	0.000000
511.580000	0.542571	-1.145903	1.381236	0.000000	0.000000
511.590000	0.542570	-1.145903	1.381234	0.000000	0.000000
511.600000	0.542569	-1.145901	1.381232	0.000000	0.000000
511.610000	0.542568	-1.145896	1.381230	0.000000	0.000000
511.620000	0.542565	-1.145889	1.381228	0.000000	0.000000
511.630000	0.542562	-1.145880	1.381226	0.000000	0.000000
511.640000	0.542558	-1.145870	1.381224	0.000000	0.000000
511.650000	0.542554	-1.145859	1.381222	0.000000	0.000000
511.660000	0.542550	-1.145849	1.381220	0.000000	0.000000
511.670000	0.542547	-1.145840	1.381219	0.000000	0.000000
511.680000	0.542544	-1.145832	1.381217	0.000000	0.000000
511.690000	0.542541	-1.145825	1.381215	0.000000	0.000000
511.700000	0.542539	-1.145819	1.381213	0.000000	0.000000
511.710000	0.542537	-1.145815	1.381211	0.000000	0.000000
511.720000	0.542535	-1.145812	1.381209	0.000000	0.000000
511.730000	0.542534	-1.145811	1.381208	0.000000	0.000000
511.740000	0.542534	-1.145813	1.381205	0.000000	0.000000
511.750000	0.542535	-1.145818	1.381203	0.000000	0.000000
511.760000	0.542536	-1.145825	1.381201	0.000000	0.000000
511.770000	0.542538	-1.145834	1.381199	0.000000	0.000000
511.780000	0.542540	-1.145843	1.381196	0.000000	0.000000
511.790000	0.542541	-1.145852	1.381194	0.000000	0.000000
511.800000	0.542541	-1.145858	1.381191	0.000000	0.000000
511.810000	0.542541	-1.145862	1.381188	0.000000	0.000000
511.820000	0.542539	-1.145862	1.381185	0.000000	0.000000
511.830000	0.542537	-1.145862	1.381183	0.000000	0.000000
511.840000	0.542536	-1.145865	1.381180	0.000000	0.000000
511.850000	0.542536	-1.145869	1.381177	0.000000	0.000000
511.860000	0.542537	-1.145874	1.381174	0.000000	0.000000
511.870000	0.542538	-1.145879	1.381171	0.000000	0.000000
511.880000	0.542539	-1.145883	1.381168	0.000000	0.000000
511.890000	0.542540	-1.145887	1.381165	0.000000	0.000000
511.900000	0.542542	-1.145890	1.381163	0.000000	0.000000
511.910000	0.542542	-1.145893	1.381160	0.000000	0.000000
511.920000	0.542543	-1.145896	1.381157	0.000000	0.000000
511.930000	0.542544	-1.145900	1.381154	0.000000	0.000000
511.940000	0.542545	-1.145905	1.381152	0.000000	0.000000
511.950000	0.542546	-1.145912	1.381149	0.000000	0.000000
511.960000	0.542548	-1.145920	1.381146	0.000000	0.000000
511.970000	0.542549	-1.145927	1.381144	0.000000	0.000000
511.980000	0.542551	-1.145934	1.381141	0.000000	0.000000
511.990000	0.542552	-1.145940	1.381138	0.000000	0.000000
512.000000	0.542552	-1.145947	1.381136	0.000000	0.000000
512.010000	0.542553	-1.145953	1.381133	0.000000	0.000000
512.020000	0.542555	-1.145960	1.381130	0.000000	0.000000
512.030000	0.542556	-1.145967	1.381127	0.000000	0.000000
512.040000	0.542557	-1.145972	1.381124	0.000000	0.000000
512.050000	0.542557	-1.145975	1.381121	0.000000	0.000000
512.060000	0.542556	-1.145977	1.381118	0.000000	0.000000
512.070000	0.542555	-1.145977	1.381115	0.000000	0.000000
512.080000	0.542553	-1.145978	1.381112	0.000000	0.000000
512.090000	0.542552	-1.145978	1.381108	0.000000	0.000000
512.100000	0.542551	-1.145979	1.381105	0.000000	0.000000
512.110000	0.542549	-1.145980	1.381102	0.000000	0.000000
512.120000	0.542548	-1.145981	1.381098	0.000000	0.000000
512.130000	0.542546	-1.145983	1.381095	0.000000	0.000000
512.140000	0.542546	-1.145986	1.381091	0.000000	0.000000
512.150000	0.542546	-1.145992	1.381088	0.000000	0.000000
512.160000	0.542547	-1.145999	1.381085	0.000000	0.000000
512.170000	0.542548	-1.146007	1.381081	0.000000	0.000000
512.180000	0.542549	-1.146015	1.381078	0.000000	0.000000
512.190000	0.542550	-1.146023	1.381075	0.000000	0.000000
512.200000	0.542551	-1.146030	1.381072	0.000000	0.000000
512.210000	0.542551	-1.146035	1.381069	0.000000	0.000000
512.220000	0.542551	-1.146039	1.381066	0.000000	0.000000
512.230000	0.542551	-1.146042	1.381063	0.000000	0.000000
512.240000	0.542551	-1.146045	1.381060	0.000000	0.000000
512.250000	0.542552	-1.146049	1.381057	0.000000	0.000000
512.260000	0.542553	-1.146054	1.381054	0.000000	0.000000
512.270000	0.542556	-1.146060	1.381052	0.000000	0.000000
512.280000	0.542558	-1.146067	1.381049	0.000000	0.000000
512.290000	0.542559	-1.146072	1.381046	0.000000	0.000000
512.300000	0.542561	-1.146076	1.381043	0.000000	0.000000
512.310000	0.542562	-1.146081	1.381041	0.000000	0.000000
512.320000	0.542564	-1.146085	1.381038	0.000000	0.000000
512.330000	0.542565	-1.146091	1.381035	0.000000	0.000000
512.340000	0.542566	-1.146097	1.381032	0.000000	0.000000
512.350000	0.542567	-1.146103	1.381029	0.000000	0.000000
512.360000	0.542567	-1.146109	1.381026	0.000000	0.000000
512.370000	0.542568	-1.146114	1.381023	0.000000	0.000000
512.380000	0.542568	-1.146118	1.381019	0.000000	0.000000
512.390000	0.542568	-1.146122	1.381016	0.000000	0.000000
512.400000	0.542568	-1.146126	1.381013	0.000000	0.000000
512.410000	0.542569	-1.146132	1.381009	0.000000	0.000000
512.420000	0.542570	-1.146140	1.381006	0.000000	0.000000
512.430000	0.542572	-1.146150	1.381002	0.000000	0.000000
512.440000	0.542575	-1.146163	1.380999	0.000000	0.000000
512.450000	0.542577	-1.146174	1.380995	0.000000	0.000000
512.460000	0.542578	-1.146183	1.380992	0.000000	0.000000
512.470000	0.542578	-1.146188	1.380988	0.000000	0.000000
512.480000	0.542577	-1.146189	1.380985	0.000000	0.000000
512.490000	0.542576	-1.146189	1.380981	0.000000	0.000000
512.500000	0.542576	-1.146192	1.380978	0.000000	0.000000
512.510000	0.542577	-1.146200	1.380975	0.000000	0.000000
512.520000	0.542579	-1.146211	1.380972	0.000000	0.000000
512.530000	0.542581	-1.146224	1.380969	0.000000	0.000000
512.540000	0.542583	-1.146236	1.380966	0.000000	0.000000
512.550000	0.542585	-1.146246	1.380964	0.000000	0.000000
512.560000	0.542587	-1.146253	1.380961	0.000000	0.000000
512.570000	0.542587	-1.146257	1.380959	0.000000	0.000000
512.580000	0.542588	-1.146259	1.380957	0.000000	0.000000
512.590000	0.542588	-1.146259	1.380955	0.000000	0.000000
512.600000	0.542587	-1.146260	1.380953	0.000000	0.000000
512.610000	0.542586	-1.146261	1.380951	0.000000	0.000000
512.620000	0.542584	-1.146262	1.380949	0.000000	0.000000
512.630000	0.542582	-1.146262	1.380947	0.000000	0.000000
512.640000	0.542581	-1.146261	1.380946	0.000000	0.000000
512.650000	0.542579	-1.146260	1.380944	0.000000	0.000000
512.660000	0.542578	-1.146259	1.380943	0.000000	0.000000
512.670000	0.542577	-1.146258	1.380941	0.000000	0.000000
512.680000	0.542576	-1.146258	1.380940	0.000000	0.000000
512.690000	0.542576	-1.146260	1.380938	0.000000	0.000000
512.700000	0.542576	-1.146262	1.380937	0.000000	0.000000
512.710000	0.542574	-1.146264	1.380936	0.000000	0.000000
512.720000	0.542574	-1.146265	1.380934	0.000000	0.000000
512.730000	0.542574	-1.146267	1.380933	0.000000	0.000000
512.740000	0.542573	-1.146267	1.380932	0.000000	0.000000
512.750000	0.542572	-1.146267	1.380931	0.000000	0.000000
512.760000	0.542571	-1.146267	1.380929	0.000000	0.000000
512.770000	0.542570	-1.146269	1.380928	0.000000	0.000000
512.780000	0.542571	-1.146274	1.380927	0.000000	0.000000
512.790000	0.542573	-1.146282	1.380926	0.000000	0.000000
512.800000	0.542575	-1.146291	1.380924	0.000000	0.000000
512.810000	0.542577	-1.146301	1.380923	0.000000	0.000000
512.820000	0.542579	-1.146311	1.380922	0.000000	0.000000
512.830000	0.542580	-1.146320	1.380920	0.000000	0.000000
512.840000	0.542581	-1.146327	1.380919	0.000000	0.000000
512.850000	0.542583	-1.146333	1.380917	0.000000	0.000000
512.860000	0.542583	-1.146337	1.380916	0.000000	0.000000
512.870000	0.542582	-1.146339	1.380914	0.000000	0.000000
512.880000	0.542582	-1.146341	1.380912	0.000000	0.000000
512.890000	0.542581	-1.146342	1.380911	0.000000	0.000000
512.900000	0.542581	-1.146344	1.380909	0.000000	0.000000
512.910000	0.542581	-1.146346	1.380907	0.000000	0.000000
512.920000	0.542581	-1.146349	1.380906	0.000000	0.000000
512.930000	0.542581	-1.146354	1.380904	0.000000	0.000000
512.940000	0.542583	-1.146360	1.380902	0.000000	0.000000
512.950000	0.542585	-1.146368	1.380900	0.000000	0.000000
512.960000	0.542588	-1.146377	1.380898	0.000000	0.000000
512.970000	0.542593	-1.146386	1.380896	0.000000	0.000000
512.980000	0.542597	-1.146396	1.380894	0.000000	0.000000
512.990000	0.542602	-1.146404	1.380892	0.000000	0.000000
513.000000	0.542606	-1.146411	1.380890	0.000000	0.000000
513.010000	0.542608	-1.146415	1.380887	0.000000	0.000000
513.020000	0.542609	-1.146415	1.380885	0.000000	0.000000
513.030000	0.542609	-1.146412	1.380883	0.000000	0.000000
513.040000	0.542609	-1.146408	1.380881	0.000000	0.000000
513.050000	0.542607	-1.146405	1.380878	0.000000	0.000000
513.060000	0.542607	-1.146402	1.380876	0.000000	0.000000
513.070000	0.542607	-1.146402	1.380874	0.000000	0.000000
513.080000	0.542609	-1.146405	1.380871	0.000000	0.000000
513.090000	0.542611	-1.146408	1.380869	0.000000	0.000000
513.100000	0.542614	-1.146412	1.380867	0.000000	0.000000
513.110000	0.542617	-1.146416	1.380864	0.000000	0.000000
513.120000	0.542621	-1.146421	1.380862	0.000000	0.000000
513.130000	0.542625	-1.146426	1.380860	0.000000	0.000000
513.140000	0.542629	-1.146430	1.380858	0.000000	0.000000
513.150000	0.542633	-1.146432	1.380855	0.000000	0.000000
513.160000	0.542636	-1.146432	1.380853	0.000000	0.000000
513.170000	0.542639	-1.146429	1.380851	0.000000	0.000000
513.180000	0.542641	-1.146425	1.380848	0.000000	0.000000
513.190000	0.542644	-1.146421	1.380846	0.000000	0.000000
513.200000	0.542646	-1.146416	1.380843	0.000000	0.000000
513.210000	0.542648	-1.146411	1.380841	0.000000	0.000000
513.220000	0.542651	-1.146408	1.380838	0.000000	0.000000
513.230000	0.542654	-1.146407	1.380836	0.000000	0.000000
513.240000	0.542657	-1.146408	1.380833	0.000000	0.000000
513.250000	0.542661	-1.146410	1.380831	0.000000	0.000000
513.260000	0.542665	-1.146414	1.380828	0.000000	0.000000
513.270000	0.542669	-1.146418	1.380825	0.000000	0.000000
513.280000	0.542672	-1.146421	1.380822	0.000000	0.000000
513.290000	0.542676	-1.146422	1.380820	0.000000	0.000000
513.300000	0.542679	-1.146422	1.380817	0.000000	0.000000
513.310000	0.542682	-1.146422	1.380814	0.000000	0.000000
513.320000	0.542685	-1.146423	1.380812	0.000000	0.000000
513.330000	0.542689	-1.146427	1.380809	0.000000	0.000000
513.340000	0.542692	-1.146433	1.380807	0.000000	0.000000
513.350000	0.542697	-1.146440	1.380804	0.000000	0.000000
513.360000	0.542701	-1.146447	1.380801	0.000000	0.000000
513.370000	0.542704	-1.146454	1.380799	0.000000	0.000000
513.380000	0.542708	-1.146460	1.380797	0.000000	0.000000
513.390000	0.542712	-1.146463	1.380794	0.000000	0.000000
513.400000	0.542716	-1.146463	1.380792	0.000000	0.000000
513.410000	0.542718	-1.146460	1.380789	0.000000	0.000000
513.420000	0.542720	-1.146453	1.380787	0.000000	0.000000
513.430000	0.542720	-1.146444	1.380785	0.000000	0.000000
513.440000	0.542720	-1.146433	1.380783	0.000000	0.000000
513.450000	0.542720	-1.146423	1.380780	0.000000	0.000000
513.460000	0.542721	-1.146414	1.380778	0.000000	0.000000
513.470000	0.542722	-1.146407	1.380776	0.000000	0.000000
513.480000	0.542723	-1.146401	1.380774	0.000000	0.000000
513.490000	0.542725	-1.146397	1.380771	0.000000	0.000000
513.500000	0.542728	-1.146394	1.380769	0.000000	0.000000
513.510000	0.542731	-1.146392	1.380767	0.000000	0.000000
513.520000	0.542735	-1.146391	1.380765	0.000000	0.000000
513.530000	0.542740	-1.146390	1.380762	0.000000	0.000000
513.540000	0.542745	-1.146389	1.380760	0.000000	0.000000
513.550000	0.542750	-1.146389	1.380758	0.000000	0.000000
513.560000	0.542754	-1.146388	1.380755	0.000000	0.000000
513.570000	0.542758	-1.146387	1.380753	0.000000	0.000000
513.580000	0.542763	-1.146388	1.380750	0.000000	0.000000
513.590000	0.542769	-1.146389	1.380748	0.000000	0.000000
513.600000	0.542775	-1.146392	1.380746	0.000000	0.000000
513.610000	0.542781	-1.146395	1.380743	0.000000	0.000000
513.620000	0.542786	-1.146396	1.380741	0.000000	0.000000
513.630000	0.542791	-1.146394	1.380739	0.000000	0.000000
513.640000	0.542794	-1.146390	1.380737	0.000000	0.000000
513.650000	0.542796	-1.146384	1.380735	0.000000	0.000000
513.660000	0.542797	-1.146378	1.380733	0.000000	0.000000
513.670000	0.542798	-1.146372	1.380730	0.000000	0.000000
513.680000	0.542799	-1.146366	1.380728	0.000000	0.000000
513.690000	0.542801	-1.146361	1.380726	0.000000	0.000000
513.700000	0.542801	-1.146357	1.380725	0.000000	0.000000
513.710000	0.542802	-1.146353	1.380723	0.000000	0.000000
513.720000	0.542802	-1.146349	1.380721	0.000000	0.000000
513.730000	0.542803	-1.146346	1.380719	0.000000	0.000000
513.740000	0.542803	-1.146342	1.380717	0.000000	0.000000
513.750000	0.542803	-1.146339	1.380715	0.000000	0.000000
513.760000	0.542804	-1.146336	1.380713	0.000000	0.000000
513.770000	0.542805	-1.146334	1.380711	0.000000	0.000000
513.780000	0.542808	-1.146334	1.380709	0.000000	0.000000
513.790000	0.542812	-1.146337	1.380707	0.000000	0.000000
513.800000	0.542815	-1.146340	1.380705	0.000000	0.000000
513.810000	0.542819	-1.146344	1.380703	0.000000	0.000000
513.820000	0.542822	-1.146343	1.380700	0.000000	0.000000
513.830000	0.542823	-1.146338	1.380698	0.000000	0.000000
513.840000	0.542824	-1.146331	1.380696	0.000000	0.000000
513.850000	0.542826	-1.146327	1.380694	0.000000	0.000000
513.860000	0.542829	-1.146326	1.380692	0.000000	0.000000
513.870000	0.542832	-1.146325	1.380690	0.000000	0.000000
513.880000	0.542836	-1.146325	1.380687	0.000000	0.000000
513.890000	0.542838	-1.146321	1.380685	0.000000	0.000000
513.900000	0.542838	-1.146314	1.380683	0.000000	0.000000
513.910000	0.542839	-1.146306	1.380681	0.000000	0.000000
513.920000	0.542841	-1.146303	1.380678	0.000000	0.000000
513.930000	0.542844	-1.146304	1.380676	0.000000	0.000000
513.940000	0.542848	-1.146307	1.380674	0.000000	0.000000
513.950000	0.542852	-1.146313	1.380672	0.000000	0.000000
513.960000	0.542857	-1.146319	1.380670	0.000000	0.000000
513.970000	0.542860	-1.146324	1.380667	0.000000	0.000000
513.980000	0.542863	-1.146328	1.380665	0.000000	0.000000
513.990000	0.542866	-1.146330	1.380663	0.000000	0.000000
514.000000	0.542867	-1.146330	1.380661	0.000000	0.000000
514.010000	0.542868	-1.146331	1.380659	0.000000	0.000000
514.020000	0.542870	-1.146331	1.380657	0.000000	0.000000
514.030000	0.542873	-1.146333	1.380655	0.000000	0.000000
514.040000	0.542875	-1.146335	1.380653	0.000000	0.000000
514.050000	0.542878	-1.146339	1.380652	0.000000	0.000000
514.060000	0.542882	-1.146344	1.380650	0.000000	0.000000
514.070000	0.542885	-1.146350	1.380648	0.000000	0.000000
514.080000	0.542890	-1.146358	1.380646	0.000000	0.000000
514.090000	0.542893	-1.146365	1.380645	0.000000	0.000000
514.100000	0.542897	-1.146373	1.380643	0.000000	0.000000
514.110000	0.542901	-1.146380	1.380641	0.000000	0.000000
514.120000	0.542904	-1.146386	1.380640	0.000000	0.000000
514.130000	0.542905	-1.146390	1.380638	0.000000	0.000000
514.140000	0.542907	-1.146393	1.380636	0.000000	0.000000
514.150000	0.542906	-1.146393	1.380635	0.000000	0.000000
514.160000	0.542906	-1.146392	1.380633	0.000000	0.000000
514.170000	0.542906	-1.146390	1.380632	0.000000	0.000000
514.180000	0.542906	-1.146389	1.380630	0.000000	0.000000
514.190000	0.542905	-1.146390	1.380629	0.000000	0.000000
514.200000	0.542906	-1.146392	1.380627	0.000000	0.000000
514.210000	0.542906	-1.146396	1.380626	0.000000	0.000000
514.220000	0.542907	-1.146400	1.380624	0.000000	0.000000
514.230000	0.542908	-1.146404	1.380623	0.000000	0.000000
514.240000	0.542908	-1.146407	1.380621	0.000000	0.000000
514.250000	0.542908	-1.146410	1.380620	0.000000	0.000000
514.260000	0.542908	-1.146412	1.380618	0.000000	0.000000
514.270000	0.542908	-1.146413	1.380617	0.000000	0.000000
514.280000	0.542909	-1.146417	1.380615	0.000000	0.000000
514.290000	0.542910	-1.146422	1.380614	0.000000	0.000000
514.300000	0.542911	-1.146429	1.380612	0.000000	0.000000
514.310000	0.542913	-1.146436	1.380610	0.000000	0.000000
514.320000	0.542914	-1.146443	1.380609	0.000000	0.000000
514.330000	0.542916	-1.146450	1.380607	0.000000	0.000000
514.340000	0.542917	-1.146455	1.380606	0.000000	0.000000
514.350000	0.542918	-1.146460	1.380604	0.000000	0.000000
514.360000	0.542919	-1.146464	1.380603	0.000000	0.000000
514.370000	0.542919	-1.146466	1.380601	0.000000	0.000000
514.380000	0.542919	-1.146467	1.380599	0.000000	0.000000
514.390000	0.542919	-1.146467	1.380598	0.000000	0.000000
514.400000	0.542918	-1.146466	1.380596	0.000000	0.000000
514.410000	0.542917	-1.146463	1.380594	0.000000	0.000000
514.420000	0.542916	-1.146461	1.380592	0.000000	0.000000
514.430000	0.542916	-1.146460	1.380591	0.000000	0.000000
514.440000	0.542917	-1.146461	1.380589	0.000000	0.000000
514.450000	0.542919	-1.146465	1.380587	0.000000	0.000000
514.460000	0.542921	-1.146471	1.380585	0.000000	0.000000
514.470000	0.542925	-1.146481	1.380582	0.000000	0.000000
514.480000	0.542929	-1.146492	1.380580	0.000000	0.000000
514.490000	0.542932	-1.146505	1.380578	0.000000	0.000000
514.500000	0.542936	-1.146518	1.380575	0.000000	0.000000
514.510000	0.542939	-1.146531	1.380573	0.000000	0.000000
514.520000	0.542941	-1.146542	1.380570	0.000000	0.000000
514.530000	0.542944	-1.146552	1.380568	0.000000	0.000000
514.540000	0.542945	-1.146560	1.380565	0.000000	0.000000
514.550000	0.542947	-1.146566	1.380562	0.000000	0.000000
514.560000	0.542949	-1.146571	1.380559	0.000000	0.000000
514.570000	0.542951	-1.146575	1.380557	0.000000	0.000000
514.580000	0.542952	-1.146578	1.380553	0.000000	0.000000
514.590000	0.542955	-1.146583	1.380550	0.000000	0.000000
514.600000	0.542958	-1.146590	1.380547	0.000000	0.000000
514.610000	0.542963	-1.146598	1.380544	0.000000	0.000000
514.620000	0.542967	-1.146608	1.380541	0.000000	0.000000
514.630000	0.542972	-1.146619	1.380538	0.000000	0.000000
514.640000	0.542977	-1.146631	1.380535	0.000000	0.000000
514.650000	0.542981	-1.146641	1.380531	0.000000	0.000000
514.660000	0.542985	-1.146649	1.380528	0.000000	0.000000
514.670000	0.542988	-1.146652	1.380525	0.000000	0.000000
514.680000	0.542989	-1.146652	1.380522	0.000000	0.000000
514.690000	0.542990	-1.146651	1.380519	0.000000	0.000000
514.700000	0.542992	-1.146652	1.380516	0.000000	0.000000
514.710000	0.542993	-1.146652	1.380513	0.000000	0.000000
514.720000	0.542994	-1.146651	1.380510	0.000000	0.000000
514.730000	0.542996	-1.146649	1.380507	0.000000	0.000000
514.740000	0.542997	-1.146648	1.380504	0.000000	0.000000
514.750000	0.542999	-1.146648	1.380501	0.000000	0.000000
514.760000	0.543001	-1.146649	1.380498	0.000000	0.000000
514.770000	0.543003	-1.146653	1.380495	0.000000	0.000000
514.780000	0.543006	-1.146659	1.380491	0.000000	0.000000
514.790000	0.543009	-1.146668	1.380488	0.000000	0.000000
514.800000	0.543012	-1.146677	1.380485	0.000000	0.000000
514.810000	0.543016	-1.146686	1.380482	0.000000	0.000000
514.820000	0.543020	-1.146694	1.380479	0.000000	0.000000
514.830000	0.543023	-1.146698	1.380476	0.000000	0.000000
514.840000	0.543024	-1.146697	1.380473	0.000000	0.000000
514.850000	0.543024	-1.146692	1.380471	0.000000	0.000000
514.860000	0.543024	-1.146683	1.380468	0.000000	0.000000
514.870000	0.543023	-1.146675	1.380465	0.000000	0.000000
514.880000	0.543023	-1.146670	1.380462	0.000000	0.000000
514.890000	0.543023	-1.146669	1.380459	0.000000	0.000000
514.900000	0.543025	-1.146672	1.380457	0.000000	0.000000
514.910000	0.543026	-1.146678	1.380454	0.000000	0.000000
514.920000	0.543028	-1.146684	1.380452	0.000000	0.000000
514.930000	0.543030	-1.146690	1.380449	0.000000	0.000000
514.940000	0.543031	-1.146695	1.380447	0.000000	0.000000
514.950000	0.543032	-1.146697	1.380445	0.000000	0.000000
514.960000	0.543032	-1.146697	1.380442	0.000000	0.000000
514.970000	0.543031	-1.146695	1.380440	0.000000	0.000000
514.980000	0.543030	-1.146692	1.380438	0.000000	0.000000
514.990000	0.543028	-1.146689	1.380436	0.000000	0.000000
515.000000	0.543027	-1.146686	1.380434	0.000000	0.000000
515.010000	0.543025	-1.146682	1.380432	0.000000	0.000000
515.020000	0.543022	-1.146677	1.380430	0.000000	0.000000
515.030000	0.543020	-1.146672	1.380428	0.000000	0.000000
515.040000	0.543017	-1.146666	1.380426	0.000000	0.000000
515.050000	0.543015	-1.146660	1.380424	0.000000	0.000000
515.060000	0.543014	-1.146656	1.380422	0.000000	0.000000
515.070000	0.543014	-1.146654	1.380420	0.000000	0.000000
515.080000	0.543015	-1.146654	1.380418	0.000000	0.000000
515.090000	0.543016	-1.146656	1.380416	0.000000	0.000000
515.100000	0.543017	-1.146659	1.380415	0.000000	0.000000
515.110000	0.543018	-1.146662	1.380413	0.000000	0.000000
515.120000	0.543021	-1.146665	1.380411	0.000000	0.000000
515.130000	0.543023	-1.146666	1.380409	0.000000	0.000000
515.140000	0.543024	-1.146665	1.380407	0.000000	0.000000
515.150000	0.543024	-1.146660	1.380405	0.000000	0.000000
515.160000	0.543024	-1.146653	1.380403	0.000000	0.000000
515.170000	0.543023	-1.146644	1.380401	0.000000	0.000000
515.180000	0.543023	-1.146639	1.380399	0.000000	0.000000
515.190000	0.543024	-1.146638	1.380397	0.000000	0.000000
515.200000	0.543027	-1.146640	1.380395	0.000000	0.000000
515.210000	0.543030	-1.146645	1.380393	0.000000	0.000000
515.220000	0.543032	-1.146650	1.380391	0.000000	0.000000
515.230000	0.543034	-1.146655	1.380389	0.000000	0.000000
515.240000	0.543036	-1.146660	1.380386	0.000000	0.000000
515.250000	0.543038	-1.146665	1.380384	0.000000	0.000000
515.260000	0.543040	-1.146670	1.380382	0.000000	0.000000
515.270000	0.543042	-1.146676	1.380380	0.000000	0.000000
515.280000	0.543044	-1.146681	1.380377	0.000000	0.000000
515.290000	0.543045	-1.146686	1.380375	0.000000	0.000000
515.300000	0.543046	-1.146691	1.380372	0.000000	0.000000
515.310000	0.543047	-1.146696	1.380369	0.000000	0.000000
515.320000	0.543047	-1.146700	1.380367	0.000000	0.000000
515.330000	0.543046	-1.146702	1.380364	0.000000	0.000000
515.340000	0.543044	-1.146702	1.380361	0.000000	0.000000
515.350000	0.543042	-1.146703	1.380358	0.000000	0.000000
515.360000	0.543041	-1.146706	1.380355	0.000000	0.000000
515.370000	0.543041	-1.146712	1.380352	0.000000	0.000000
515.380000	0.543042	-1.146721	1.380349	0.000000	0.000000
515.390000	0.543042	-1.146733	1.380346	0.000000	0.000000
515.400000	0.543042	-1.146746	1.380343	0.000000	0.000000
515.410000	0.543043	-1.146760	1.380340	0.000000	0.000000
515.420000	0.543044	-1.146773	1.380337	0.000000	0.000000
515.430000	0.543046	-1.146787	1.380334	0.000000	0.000000
515.440000	0.543047	-1.146801	1.380331	0.000000	0.000000
515.450000	0.543049	-1.146815	1.380328	0.000000	0.000000
515.460000	0.543050	-1.146829	1.380325	0.000000	0.000000
515.470000	0.543052	-1.146843	1.380322	0.000000	0.000000
515.480000	0.543054	-1.146856	1.380319	0.000000	0.000000
515.490000	0.543056	-1.146870	1.380316	0.000000	0.000000
515.500000	0.543057	-1.146882	1.380313	0.000000	0.000000
515.510000	0.543059	-1.146893	1.380310	0.000000	0.000000
515.520000	0.543059	-1.146901	1.380307	0.000000	0.000000
515.530000	0.543058	-1.146907	1.380303	0.000000	0.000000
515.540000	0.543056	-1.146913	1.380300	0.000000	0.000000
515.550000	0.543055	-1.146921	1.380297	0.000000	0.000000
515.560000	0.543055	-1.146931	1.380294	0.000000	0.000000
515.570000	0.543055	-1.146942	1.380291	0.000000	0.000000
515.580000	0.543056	-1.146954	1.380287	0.000000	0.000000
515.590000	0.543055	-1.146966	1.380284	0.000000	0.000000
515.600000	0.543054	-1.146975	1.380281	0.000000	0.000000
515.610000	0.543052	-1.146981	1.380277	0.000000	0.000000
515.620000	0.543049	-1.146984	1.380274	0.000000	0.000000
515.630000	0.543047	-1.146987	1.380271	0.000000	0.000000
515.640000	0.543045	-1.146991	1.380267	0.000000	0.000000
515.650000	0.543044	-1.146997	1.380264	0.000000	0.000000
515.660000	0.543044	-1.147006	1.380261	0.000000	0.000000
515.670000	0.543044	-1.147017	1.380257	0.000000	0.000000
515.680000	0.543044	-1.147029	1.380254	0.000000	0.000000
515.690000	0.543045	-1.147043	1.380251	0.000000	0.000000
515.700000	0.543046	-1.147058	1.380248	0.000000	0.000000
515.710000	0.543047	-1.147073	1.380244	0.000000	0.000000
515.720000	0.543048	-1.147088	1.380241	0.000000	0.000000
515.730000	0.543049	-1.147102	1.380238	0.000000	0.000000
515.740000	0.543050	-1.147115	1.380235	0.000000	0.000000
515.750000	0.543052	-1.147127	1.380232	0.000000	0.000000
515.760000	0.543052	-1.147137	1.380230	0.000000	0.000000
515.770000	0.543053	-1.147145	1.380227	0.000000	0.000000
515.780000	0.543053	-1.147151	1.380224	0.000000	0.000000
515.790000	0.543052	-1.147156	1.380221	0.000000	0.000000
515.800000	0.543051	-1.147160	1.380219	0.000000	0.000000
515.810000	0.543050	-1.147164	1.380216	0.000000	0.000000
515.820000	0.543050	-1.147169	1.380214	0.000000	0.000000
515.830000	0.543050	-1.147173	1.380212	0.000000	0.000000
515.840000	0.543050	-1.147178	1.380209	0.000000	0.000000
515.850000	0.543050	-1.147182	1.380207	0.000000	0.000000
515.860000	0.543050	-1.147185	1.380205	0.000000	0.000000
515.870000	0.543049	-1.147188	1.380202	0.000000	0.000000
515.880000	0.543049	-1.147192	1.380200	0.000000	0.000000
515.890000	0.543049	-1.147195	1.380198	0.000000	0.000000
515.900000	0.543049	-1.147199	1.380196	0.000000	0.000000
515.910000	0.543049	-1.147203	1.380194	0.000000	0.000000
515.920000	0.543049	-1.147206	1.380191	0.000000	0.000000
515.930000	0.543050	-1.147210	1.380189	0.000000	0.000000
515.940000	0.543050	-1.147213	1.380187	0.000000	0.000000
515.950000	0.543050	-1.147217	1.380185	0.000000	0.000000
515.960000	0.543051	-1.147222	1.380182	0.000000	0.000000
515.970000	0.543051	-1.147226	1.380180	0.000000	0.000000
515.980000	0.543051	-1.147229	1.380178	0.000000	0.000000
515.990000	0.543049	-1.147232	1.380176	0.000000	0.000000
516.000000	0.543047	-1.147233	1.380173	0.000000	0.000000
516.010000	0.543045	-1.147234	1.380171	0.000000	0.000000
516.020000	0.543042	-1.147234	1.380169	0.000000	0.000000
516.030000	0.543040	-1.147234	1.380167	0.000000	0.000000
516.040000	0.543037	-1.147236	1.380165	0.000000	0.000000
516.050000	0.543036	-1.147239	1.380163	0.000000	0.000000
516.060000	0.543035	-1.147243	1.380161	0.000000	0.000000
516.070000	0.543035	-1.147246	1.380159	0.000000	0.000000
516.080000	0.543034	-1.147249	1.380158	0.000000	0.000000
516.090000	0.543032	-1.147252	1.380156	0.000000	0.000000
516.100000	0.543030	-1.147254	1.380155	0.000000	0.000000
516.110000	0.543028	-1.147255	1.380153	0.000000	0.000000
516.120000	0.543025	-1.147256	1.380152	0.000000	0.000000
516.130000	0.543023	-1.147256	1.380150	0.000000	0.000000
516.140000	0.543021	-1.147255	1.380149	0.000000	0.000000
516.150000	0.543019	-1.147254	1.380148	0.000000	0.000000
516.160000	0.543016	-1.147252	1.380146	0.000000	0.000000
516.170000	0.543013	-1.147250	1.380145	0.000000	0.000000
516.180000	0.543011	-1.147249	1.380144	0.000000	0.000000
516.190000	0.543008	-1.147248	1.380142	0.000000	0.000000
516.200000	0.543006	-1.147247	1.380141	0.000000	0.000000
516.210000	0.543005	-1.147248	1.380139	0.000000	0.000000
516.220000	0.543003	-1.147249	1.380138	0.000000	0.000000
516.230000	0.543001	-1.147251	1.380137	0.000000	0.000000
516.240000	0.543001	-1.147255	1.380135	0.000000	0.000000
516.250000	0.543000	-1.147261	1.380133	0.000000	0.000000
516.260000	0.543001	-1.147268	1.380132	0.000000	0.000000
516.270000	0.543001	-1.147275	1.380130	0.000000	0.000000
516.280000	0.543002	-1.147282	1.380129	0.000000	0.000000
516.290000	0.543003	-1.147288	1.380127	0.000000	0.000000
516.300000	0.543004	-1.147294	1.380126	0.000000	0.000000
516.310000	0.543003	-1.147300	1.380124	0.000000	0.000000
516.320000	0.543004	-1.147306	1.380123	0.000000	0.000000
516.330000	0.543005	-1.147313	1.380121	0.000000	0.000000
516.340000	0.543006	-1.147319	1.380120	0.000000	0.000000
516.350000	0.543007	-1.147326	1.380119	0.000000	0.000000
516.360000	0.543008	-1.147332	1.380118	0.000000	0.000000
516.370000	0.543009	-1.147337	1.380117	0.000000	0.000000
516.380000	0.543009	-1.147339	1.380116	0.000000	0.000000
516.390000	0.543007	-1.147338	1.380115	0.000000	0.000000
516.400000	0.543004	-1.147335	1.380114	0.000000	0.000000
516.410000	0.543001	-1.147330	1.380113	0.000000	0.000000
516.420000	0.542997	-1.147324	1.380112	0.000000	0.000000
516.430000	0.542992	-1.147317	1.380111	0.000000	0.000000
516.440000	0.542988	-1.147310	1.380110	0.000000	0.000000
516.450000	0.542985	-1.147303	1.380109	0.000000	0.000000
516.460000	0.542981	-1.147297	1.380108	0.000000	0.000000
516.470000	0.542977	-1.147292	1.380108	0.000000	0.000000
516.480000	0.542975	-1.147288	1.380107	0.000000	0.000000
516.490000	0.542972	-1.147286	1.380106	0.000000	0.000000
516.500000	0.542970	-1.147285	1.380105	0.000000	0.000000
516.510000	0.542968	-1.147285	1.380104	0.000000	0.000000
516.520000	0.542967	-1.147286	1.380102	0.000000	0.000000
516.530000	0.542965	-1.147288	1.380101	0.000000	0.000000
516.540000	0.542963	-1.147291	1.380100	0.000000	0.000000
516.550000	0.542962	-1.147295	1.380098	0.000000	0.000000
516.560000	0.542962	-1.147300	1.380097	0.000000	0.000000
516.570000	0.542961	-1.147307	1.380095	0.000000	0.000000
516.580000	0.542962	-1.147314	1.380093	0.000000	0.000000
516.590000	0.542963	-1.147322	1.380092	0.000000	0.000000
516.600000	0.542964	-1.147330	1.380090	0.000000	0.000000
516.610000	0.542966	-1.147338	1.380088	0.000000	0.000000
516.620000	0.542968	-1.147345	1.380086	0.000000	0.000000
516.630000	0.542970	-1.147354	1.380083	0.000000	0.000000
516.640000	0.542972	-1.147364	1.380081	0.000000	0.000000
516.650000	0.542973	-1.147375	1.380079	0.000000	0.000000
516.660000	0.542974	-1.147387	1.380077	0.000000	0.000000
516.670000	0.542975	-1.147397	1.380074	0.000000	0.000000
516.680000	0.542975	-1.147403	1.380072	0.000000	0.000000
516.690000	0.542974	-1.147404	1.380069	0.000000	0.000000
516.700000	0.542972	-1.147401	1.380067	0.000000	0.000000
516.710000	0.542970	-1.147400	1.380064	0.000000	0.000000
516.720000	0.542970	-1.147402	1.380062	0.000000	0.000000
516.730000	0.542969	-1.147405	1.380059	0.000000	0.000000
516.740000	0.542969	-1.147408	1.380057	0.000000	0.000000
516.750000	0.542969	-1.147411	1.380054	0.000000	0.000000
516.760000	0.542969	-1.147413	1.380052	0.000000	0.000000
516.770000	0.542970	-1.147415	1.380049	0.000000	0.000000
516.780000	0.542971	-1.147415	1.380047	0.000000	0.000000
516.790000	0.542971	-1.147413	1.380045	0.000000	0.000000
516.800000	0.542970	-1.147410	1.380042	0.000000	0.000000
516.810000	0.542970	-1.147407	1.380040	0.000000	0.000000
516.820000	0.542969	-1.147402	1.380037	0.000000	0.000000
516.830000	0.542968	-1.147397	1.380035	0.000000	0.000000
516.840000	0.542967	-1.147388	1.380032	0.000000	0.000000
516.850000	0.542965	-1.147380	1.380030	0.000000	0.000000
516.860000	0.542964	-1.147374	1.380027	0.000000	0.000000
516.870000	0.542965	-1.147374	1.380025	0.000000	0.000000
516.880000	0.542967	-1.147379	1.380022	0.000000	0.000000
516.890000	0.542970	-1.147387	1.380020	0.000000	0.000000
516.900000	0.542972	-1.147396	1.380017	0.000000	0.000000
516.910000	0.542973	-1.147402	1.380014	0.000000	0.000000
516.920000	0.542974	-1.147406	1.380011	0.000000	0.000000
516.930000	0.542974	-1.147408	1.380009	0.000000	0.000000
516.940000	0.542973	-1.147409	1.380006	0.000000	0.000000
516.950000	0.542973	-1.147410	1.380003	0.000000	0.000000
516.960000	0.542973	-1.147410	1.380000	0.000000	0.000000
516.970000	0.542972	-1.147407	1.379997	0.000000	0.000000
516.980000	0.542970	-1.147402	1.379995	0.000000	0.000000
516.990000	0.542968	-1.147397	1.379992	0.000000	0.000000
517.000000	0.542967	-1.147394	1.379990	0.000000	0.000000
517.010000	0.542966	-1.147392	1.379987	0.000000	0.000000
517.020000	0.542966	-1.147392	1.379985	0.000000	0.000000
517.030000	0.542965	-1.147393	1.379983	0.000000	0.000000
517.040000	0.542965	-1.147394	1.379981	0.000000	0.000000
517.050000	0.542966	-1.147395	1.379979	0.000000	0.000000
517.060000	0.542966	-1.147395	1.379977	0.000000	0.000000
517.070000	0.542967	-1.147395	1.379975	0.000000	0.000000
517.080000	0.542967	-1.147394	1.379973	0.000000	0.000000
517.090000	0.542967	-1.147393	1.379971	0.000000	0.000000
517.100000	0.542966	-1.147390	1.379970	0.000000	0.000000
517.110000	0.542965	-1.147387	1.379968	0.000000	0.000000
517.120000	0.542964	-1.147381	1.379966	0.000000	0.000000
517.130000	0.542963	-1.147375	1.379964	0.000000	0.000000
517.140000	0.542962	-1.147370	1.379962	0.000000	0.000000
517.150000	0.542962	-1.147368	1.379959	0.000000	0.000000
517.160000	0.542964	-1.147370	1.379957	0.000000	0.000000
517.170000	0.542967	-1.147375	1.379955	0.000000	0.000000
517.180000	0.542972	-1.147384	1.379953	0.000000	0.000000
517.190000	0.542976	-1.147393	1.379951	0.000000	0.000000
517.200000	0.542980	-1.147402	1.379949	0.000000	0.000000
517.210000	0.542984	-1.147409	1.379946	0.000000	0.000000
517.220000	0.542986	-1.147413	1.379944	0.000000	0.000000
517.230000	0.542987	-1.147412	1.379942	0.000000	0.000000
517.240000	0.542987	-1.147407	1.379939	0.000000	0.000000
517.250000	0.542986	-1.147402	1.379937	0.000000	0.000000
517.260000	0.542987	-1.147397	1.379934	0.000000	0.000000
517.270000	0.542986	-1.147392	1.379932	0.000000	0.000000
517.280000	0.542985	-1.147387	1.379930	0.000000	0.000000
517.290000	0.542984	-1.147384	1.379927	0.000000	0.000000
517.300000	0.542983	-1.147382	1.379925	0.000000	0.000000
517.310000	0.542984	-1.147384	1.379923	0.000000	0.000000
517.320000	0.542986	-1.147388	1.379920	0.000000	0.000000
517.330000	0.542988	-1.147394	1.379918	0.000000	0.000000
517.340000	0.542991	-1.147400	1.379916	0.000000	0.000000
517.350000	0.542994	-1.147405	1.379914	0.000000	0.000000
517.360000	0.542995	-1.147406	1.379912	0.000000	0.000000
517.370000	0.542995	-1.147402	1.379910	0.000000	0.000000
517.380000	0.542994	-1.147394	1.379908	0.000000	0.000000
517.390000	0.542994	-1.147386	1.379906	0.000000	0.000000
517.400000	0.542994	-1.147380	1.379904	0.000000	0.000000
517.410000	0.542995	-1.147376	1.379902	0.000000	0.000000
517.420000	0.542996	-1.147373	1.379900	0.000000	0.000000
517.430000	0.542997	-1.147372	1.379899	0.000000	0.000000
517.440000	0.542999	-1.147372	1.379897	0.000000	0.000000
517.450000	0.543001	-1.147372	1.379895	0.000000	0.000000
517.460000	0.543004	-1.147374	1.379894	0.000000	0.000000
517.470000	0.543007	-1.147375	1.379892	0.000000	0.000000
517.480000	0.543009	-1.147375	1.379890	0.000000	0.000000
517.490000	0.543011	-1.147374	1.379889	0.000000	0.000000
517.500000	0.543012	-1.147371	1.379887	0.000000	0.000000
517.510000	0.543013	-1.147366	1.379885	0.000000	0.000000
517.520000	0.543013	-1.147358	1.379883	0.000000	0.000000
517.530000	0.543012	-1.147348	1.379882	0.000000	0.000000
517.540000	0.543011	-1.147335	1.379880	0.000000	0.000000
517.550000	0.543009	-1.147322	1.379878	0.000000	0.000000
517.560000	0.543007	-1.147311	1.379876	0.000000	0.000000
517.570000	0.543007	-1.147305	1.379874	0.000000	0.000000
517.580000	0.543008	-1.147305	1.379872	0.000000	0.000000
517.590000	0.543010	-1.147308	1.379871	0.000000	0.000000
517.600000	0.543013	-1.147314	1.379869	0.000000	0.000000
517.610000	0.543016	-1.147320	1.379867	0.000000	0.000000
517.620000	0.543019	-1.147327	1.379865	0.000000	0.000000
517.630000	0.543021	-1.147333	1.379864	0.000000	0.000000
517.640000	0.543023	-1.147340	1.379862	0.000000	0.000000
517.650000	0.543025	-1.147345	1.379861	0.000000	0.000000
517.660000	0.543026	-1.147349	1.379859	0.000000	0.000000
517.670000	0.543026	-1.147351	1.379857	0.000000	0.000000
517.680000	0.543025	-1.147353	1.379856	0.000000	0.000000
517.690000	0.543024	-1.147354	1.379854	0.000000	0.000000
517.700000	0.543023	-1.147355	1.379852	0.000000	0.000000
517.710000	0.543021	-1.147356	1.379851	0.000000	0.000000
517.720000	0.543020	-1.147357	1.379849	0.000000	0.000000
517.730000	0.543017	-1.147358	1.379847	0.000000	0.000000
517.740000	0.543015	-1.147360	1.379846	0.000000	0.000000
517.750000	0.543013	-1.147363	1.379844	0.000000	0.000000
517.760000	0.543011	-1.147367	1.379842	0.000000	0.000000
517.770000	0.543009	-1.147373	1.379840	0.000000	0.000000
517.780000	0.543009	-1.147381	1.379838	0.000000	0.000000
517.790000	0.543009	-1.147389	1.379836	0.000000	0.000000
517.800000	0.543008	-1.147396	1.379834	0.000000	0.000000
517.810000	0.543006	-1.147400	1.379832	0.000000	0.000000
517.820000	0.543003	-1.147403	1.379830	0.000000	0.000000
517.830000	0.543000	-1.147403	1.379828	0.000000	0.000000
517.840000	0.542996	-1.147401	1.379826	0.000000	0.000000
517.850000	0.542993	-1.147401	1.379824	0.000000	0.000000
517.860000	0.542991	-1.147403	1.379821	0.000000	0.000000
517.870000	0.542988	-1.147407	1.379819	0.000000	0.000000
517.880000	0.542988	-1.147415	1.379816	0.000000	0.000000
517.890000	0.542988	-1.147426	1.379814	0.000000	0.000000
517.900000	0.542989	-1.147439	1.379811	0.000000	0.000000
517.910000	0.542990	-1.147452	1.379809	0.000000	0.000000
517.920000	0.542990	-1.147464	1.379806	0.000000	0.000000
517.930000	0.542990	-1.147474	1.379804	0.000000	0.000000
517.940000	0.542988	-1.147481	1.379801	0.000000	0.000000
517.950000	0.542985	-1.147484	1.379799	0.000000	0.000000
517.960000	0.542981	-1.147484	1.379797	0.000000	0.000000
517.970000	0.542978	-1.147486	1.379794	0.000000	0.000000
517.980000	0.542975	-1.147489	1.379792	0.000000	0.000000
517.990000	0.542972	-1.147493	1.379789	0.000000	0.000000
518.000000	0.542969	-1.147499	1.379787	0.000000	0.000000
518.010000	0.542967	-1.147504	1.379785	0.000000	0.000000
518.020000	0.542964	-1.147508	1.379783	0.000000	0.000000
518.030000	0.542961	-1.147511	1.379781	0.000000	0.000000
518.040000	0.542957	-1.147512	1.379778	0.000000	0.000000
518.050000	0.542953	-1.147512	1.379776	0.000000	0.000000
518.060000	0.542950	-1.147513	1.379774	0.000000	0.000000
518.070000	0.542947	-1.147516	1.379772	0.000000	0.000000
518.080000	0.542944	-1.147520	1.379770	0.000000	0.000000
518.090000	0.542942	-1.147526	1.379768	0.000000	0.000000
518.100000	0.542940	-1.147533	1.379766	0.000000	0.000000
518.110000	0.542937	-1.147540	1.379763	0.000000	0.000000
518.120000	0.542935	-1.147548	1.379761	0.000000	0.000000
518.130000	0.542933	-1.147556	1.379759	0.000000	0.000000
518.140000	0.542931	-1.147564	1.379757	0.000000	0.000000
518.150000	0.542928	-1.147571	1.379755	0.000000	0.000000
518.160000	0.542924	-1.147577	1.379753	0.000000	0.000000
518.170000	0.542921	-1.147582	1.379751	0.000000	0.000000
518.180000	0.542918	-1.147586	1.379749	0.000000	0.000000
518.190000	0.542915	-1.147591	1.379747	0.000000	0.000000
518.200000	0.542911	-1.147594	1.379744	0.000000	0.000000
518.210000	0.542907	-1.147597	1.379742	0.000000	0.000000
518.220000	0.542904	-1.147599	1.379740	0.000000	0.000000
518.230000	0.542900	-1.147602	1.379738	0.000000	0.000000
518.240000	0.542898	-1.147608	1.379736	0.000000	0.000000
518.250000	0.542897	-1.147617	1.379734	0.000000	0.000000
518.260000	0.542896	-1.147627	1.379732	0.000000	0.000000
518.270000	0.542895	-1.147637	1.379730	0.000000	0.000000
518.280000	0.542894	-1.147647	1.379728	0.000000	0.000000
518.290000	0.542893	-1.147653	1.379726	0.000000	0.000000
518.300000	0.542891	-1.147658	1.379724	0.000000	0.000000
518.310000	0.542888	-1.147661	1.379722	0.000000	0.000000
518.320000	0.542886	-1.147665	1.379720	0.000000	0.000000
518.330000	0.542884	-1.147671	1.379718	0.000000	0.000000
518.340000	0.542881	-1.147678	1.379716	0.000000	0.000000
518.350000	0.542879	-1.147686	1.379714	0.000000	0.000000
518.360000	0.542876	-1.147694	1.379712	0.000000	0.000000
518.370000	0.542874	-1.147700	1.379710	0.000000	0.000000
518.380000	0.542871	-1.147705	1.379708	0.000000	0.000000
518.390000	0.542869	-1.147709	1.379706	0.000000	0.000000
518.400000	0.542866	-1.147712	1.379704	0.000000	0.000000
518.410000	0.542863	-1.147716	1.379701	0.000000	0.000000
518.420000	0.542860	-1.147720	1.379699	0.000000	0.000000
518.430000	0.542857	-1.147724	1.379697	0.000000	0.000000
518.440000	0.542855	-1.147729	1.379695	0.000000	0.000000
518.450000	0.542853	-1.147733	1.379692	0.000000	0.000000
518.460000	0.542850	-1.147737	1.379690	0.000000	0.000000
518.470000	0.542847	-1.147740	1.379688	0.000000	0.000000
518.480000	0.542843	-1.147742	1.379685	0.000000	0.000000
518.490000	0.542840	-1.147746	1.379682	0.000000	0.000000
518.500000	0.542837	-1.147753	1.379680	0.000000	0.000000
518.510000	0.542837	-1.147763	1.379677	0.000000	0.000000
518.520000	0.542837	-1.147775	1.379675	0.000000	0.000000
518.530000	0.542838	-1.147790	1.379672	0.000000	0.000000
518.540000	0.542839	-1.147804	1.379669	0.000000	0.000000
518.550000	0.542841	-1.147817	1.379667	0.000000	0.000000
518.560000	0.542841	-1.147826	1.379664	0.000000	0.000000
518.570000	0.542840	-1.147832	1.379661	0.000000	0.000000
518.580000	0.542839	-1.147835	1.379658	0.000000	0.000000
518.590000	0.542837	-1.147837	1.379656	0.000000	0.000000
518.600000	0.542836	-1.147838	1.379653	0.000000	0.000000
518.610000	0.542834	-1.147841	1.379650	0.000000	0.000000
518.620000	0.542833	-1.147843	1.379648	0.000000	0.000000
518.630000	0.542832	-1.147845	1.379645	0.000000	0.000000
518.640000	0.542831	-1.147844	1.379642	0.000000	0.000000
518.650000	0.542829	-1.147841	1.379640	0.000000	0.000000
518.660000	0.542826	-1.147835	1.379637	0.000000	0.000000
518.670000	0.542822	-1.147827	1.379634	0.000000	0.000000
518.680000	0.542819	-1.147818	1.379632	0.000000	0.000000
518.690000	0.542817	-1.147810	1.379629	0.000000	0.000000
518.700000	0.542816	-1.147805	1.379626	0.000000	0.000000
518.710000	0.542815	-1.147805	1.379623	0.000000	0.000000
518.720000	0.542817	-1.147810	1.379621	0.000000	0.000000
518.730000	0.542819	-1.147818	1.379618	0.000000	0.000000
518.740000	0.542822	-1.147830	1.379615	0.000000	0.000000
518.750000	0.542826	-1.147844	1.379612	0.000000	0.000000
518.760000	0.542829	-1.147858	1.379609	0.000000	0.000000
518.770000	0.542832	-1.147871	1.379607	0.000000	0.000000
518.780000	0.542835	-1.147882	1.379604	0.000000	0.000000
518.790000	0.542837	-1.147890	1.379601	0.000000	0.000000
518.800000	0.542838	-1.147896	1.379598	0.000000	0.000000
518.810000	0.542838	-1.147899	1.379595	0.000000	0.000000
518.820000	0.542837	-1.147901	1.379593	0.000000	0.000000
518.830000	0.542837	-1.147902	1.379590	0.000000	0.000000
518.840000	0.542836	-1.147905	1.379588	0.000000	0.000000
518.850000	0.542836	-1.147908	1.379585	0.000000	0.000000
518.860000	0.542836	-1.147911	1.379583	0.000000	0.000000
518.870000	0.542836	-1.147914	1.379581	0.000000	0.000000
518.880000	0.542837	-1.147917	1.379579	0.000000	0.000000
518.890000	0.542836	-1.147917	1.379577	0.000000	0.000000
518.900000	0.542835	-1.147917	1.379576	0.000000	0.000000
518.910000	0.542834	-1.147916	1.379574	0.000000	0.000000
518.920000	0.542832	-1.147914	1.379573	0.000000	0.000000
518.930000	0.542831	-1.147913	1.379571	0.000000	0.000000
518.940000	0.542830	-1.147912	1.379570	0.000000	0.000000
518.950000	0.542829	-1.147912	1.379568	0.000000	0.000000
518.960000	0.542829	-1.147911	1.379567	0.000000	0.000000
518.970000	0.542827	-1.147909	1.379566	0.000000	0.000000
518.980000	0.542826	-1.147906	1.379565	0.000000	0.000000
518.990000	0.542824	-1.147903	1.379564	0.000000	0.000000
519.000000	0.542823	-1.147899	1.379563	0.000000	0.000000
519.010000	0.542821	-1.147895	1.379561	0.000000	0.000000
519.020000	0.542821	-1.147892	1.379560	0.000000	0.000000
519.030000	0.542820	-1.147888	1.379559	0.000000	0.000000
519.040000	0.542820	-1.147886	1.379558	0.000000	0.000000
519.050000	0.542820	-1.147884	1.379557	0.000000	0.000000
519.060000	0.542821	-1.147883	1.379556	0.000000	0.000000
519.070000	0.542821	-1.147882	1.379554	0.000000	0.000000
519.080000	0.542821	-1.147881	1.379553	0.000000	0.000000
519.090000	0.542821	-1.147880	1.379552	0.000000	0.000000
519.100000	0.542821	-1.147880	1.379551	0.000000	0.000000
519.110000	0.542822	-1.147881	1.379549	0.000000	0.000000
519.120000	0.542823	-1.147884	1.379548	0.000000	0.000000
519.130000	0.542825	-1.147886	1.379547	0.000000	0.000000
519.140000	0.542826	-1.147886	1.379545	0.000000	0.000000
519.150000	0.542826	-1.147885	1.379544	0.000000	0.000000
519.160000	0.542827	-1.147883	1.379543	0.000000	0.000000
519.170000	0.542827	-1.147880	1.379542	0.000000	0.000000
519.180000	0.542827	-1.147877	1.379541	0.000000	0.000000
519.190000	0.542827	-1.147874	1.379539	0.000000	0.000000
519.200000	0.542828	-1.147872	1.379538	0.000000	0.000000
519.210000	0.542829	-1.147870	1.379537	0.000000	0.000000
519.220000	0.542828	-1.147866	1.379536	0.000000	0.000000
519.230000	0.542827	-1.147862	1.379535	0.000000	0.000000
519.240000	0.542825	-1.147856	1.379534	0.000000	0.000000
519.250000	0.542823	-1.147848	1.379533	0.000000	0.000000
519.260000	0.542821	-1.147840	1.379532	0.000000	0.000000
519.270000	0.542819	-1.147834	1.379530	0.000000	0.000000
519.280000	0.542819	-1.147829	1.379529	0.000000	0.000000
519.290000	0.542819	-1.147825	1.379528	0.000000	0.000000
519.300000	0.542821	-1.147824	1.379527	0.000000	0.000000
519.310000	0.542822	-1.147824	1.379526	0.000000	0.000000
519.320000	0.542825	-1.147826	1.379525	0.000000	0.000000
519.330000	0.542827	-1.147828	1.379524	0.000000	0.000000
519.340000	0.542830	-1.147831	1.379523	0.000000	0.000000
519.350000	0.542831	-1.147834	1.379522	0.000000	0.000000
519.360000	0.542832	-1.147835	1.379521	0.000000	0.000000
519.370000	0.542832	-1.147833	1.379520	0.000000	0.000000
519.380000	0.542832	-1.147829	1.379519	0.000000	0.000000
519.390000	0.542832	-1.147824	1.379518	0.000000	0.000000
519.400000	0.542833	-1.147819	1.379517	0.000000	0.000000
519.410000	0.542833	-1.147813	1.379517	0.000000	0.000000
519.420000	0.542833	-1.147808	1.379516	0.000000	0.000000
519.430000	0.542833	-1.147802	1.379515	0.000000	0.000000
519.440000	0.542834	-1.147796	1.379514	0.000000	0.000000
519.450000	0.542834	-1.147791	1.379514	0.000000	0.000000
519.460000	0.542833	-1.147786	1.379513	0.000000	0.000000
519.470000	0.542832	-1.147779	1.379513	0.000000	0.000000
519.480000	0.542831	-1.147773	1.379512	0.000000	0.000000
519.490000	0.542830	-1.147769	1.379512	0.000000	0.000000
519.500000	0.542830	-1.147768	1.379512	0.000000	0.000000
519.510000	0.542830	-1.147770	1.379511	0.000000	0.000000
519.520000	0.542832	-1.147773	1.379511	0.000000	0.000000
519.530000	0.542832	-1.147775	1.379510	0.000000	0.000000
519.540000	0.542833	-1.147775	1.379510	0.000000	0.000000
519.550000	0.542832	-1.147773	1.379510	0.000000	0.000000
519.560000	0.542830	-1.147768	1.379510	0.000000	0.000000
519.570000	0.542828	-1.147763	1.379509	0.000000	0.000000
519.580000	0.542827	-1.147757	1.379509	0.000000	0.000000
519.590000	0.542824	-1.147754	1.379509	0.000000	0.000000
519.600000	0.542822	-1.147752	1.379509	0.000000	0.000000
519.610000	0.542821	-1.147752	1.379509	0.000000	0.000000
519.620000	0.542821	-1.147754	1.379509	0.000000	0.000000
519.630000	0.542820	-1.147757	1.379509	0.000000	0.000000
519.640000	0.542819	-1.147759	1.379509	0.000000	0.000000
519.650000	0.542819	-1.147762	1.379509	0.000000	0.000000
519.660000	0.542818	-1.147763	1.379510	0.000000	0.000000
519.670000	0.542817	-1.147764	1.379510	0.000000	0.000000
519.680000	0.542816	-1.147765	1.379510	0.000000	0.000000
519.690000	0.542816	-1.147767	1.379510	0.000000	0.000000
519.700000	0.542816	-1.147770	1.379510	0.000000	0.000000
519.710000	0.542816	-1.147774	1.379510	0.000000	0.000000
519.720000	0.542817	-1.147778	1.379510	0.000000	0.000000
519.730000	0.542818	-1.147783	1.379510	0.000000	0.000000
519.740000	0.542819	-1.147788	1.379510	0.000000	0.000000
519.750000	0.542819	-1.147793	1.379510	0.000000	0.000000
519.760000	0.542819	-1.147796	1.379510	0.000000	0.000000
519.770000	0.542819	-1.147798	1.379510	0.000000	0.000000
519.780000	0.542818	-1.147799	1.379510	0.000000	0.000000
519.790000	0.542818	-1.147799	1.379510	0.000000	0.000000
519.800000	0.542817	-1.147799	1.379510	0.000000	0.000000
519.810000	0.542815	-1.147799	1.379510	0.000000	0.000000
519.820000	0.542813	-1.147798	1.379510	0.000000	0.000000
519.830000	0.542812	-1.147798	1.379510	0.000000	0.000000
519.840000	0.542810	-1.147799	1.379510	0.000000	0.000000
519.850000	0.542809	-1.147800	1.379510	0.000000	0.000000
519.860000	0.542808	-1.147802	1.379510	0.000000	0.000000
519.870000	0.542807	-1.147805	1.379510	0.000000	0.000000
519.880000	0.542806	-1.147809	1.379509	0.000000	0.000000
519.890000	0.542805	-1.147814	1.379509	0.000000	0.000000
519.900000	0.542805	-1.147820	1.379509	0.000000	0.000000
519.910000	0.542804	-1.147826	1.379509	0.000000	0.000000
519.920000	0.542804	-1.147833	1.379509	0.000000	0.000000
519.930000	0.542803	-1.147839	1.379509	0.000000	0.000000
519.940000	0.542801	-1.147846	1.379508	0.000000	0.000000
519.950000	0.542800	-1.147853	1.379508	0.000000	0.000000
519.960000	0.542798	-1.147861	1.379508	0.000000	0.000000
519.970000	0.542797	-1.147869	1.379507	0.000000	0.000000
519.980000	0.542795	-1.147876	1.379507	0.000000	0.000000
519.990000	0.542793	-1.147882	1.379506	0.000000	0.000000
520.000000	0.542791	-1.147887	1.379505	0.000000	0.000000
520.010000	0.542788	-1.147892	1.379505	0.000000	0.000000
520.020000	0.542785	-1.147897	1.379504	0.000000	0.000000
520.030000	0.542783	-1.147901	1.379503	0.000000	0.000000
520.040000	0.542781	-1.147905	1.379503	0.000000	0.000000
520.050000	0.542778	-1.147909	1.379502	0.000000	0.000000
520.060000	0.542776	-1.147911	1.379501	0.000000	0.000000
520.070000	0.542774	-1.147913	1.379500	0.000000	0.000000
520.080000	0.542772	-1.147915	1.379499	0.000000	0.000000
520.090000	0.542770	-1.147918	1.379498	0.000000	0.000000
520.100000	0.542768	-1.147922	1.379497	0.000000	0.000000
520.110000	0.542766	-1.147926	1.379496	0.000000	0.000000
520.120000	0.542765	-1.147930	1.379496	0.000000	0.000000
520.130000	0.542763	-1.147936	1.379495	0.000000	0.000000
520.140000	0.542762	-1.147943	1.379494	0.000000	0.000000
520.150000	0.542761	-1.147951	1.379493	0.000000	0.000000
520.160000	0.542760	-1.147960	1.379492	0.000000	0.000000
520.170000	0.542760	-1.147969	1.379491	0.000000	0.000000
520.180000	0.542760	-1.147977	1.379490	0.000000	0.000000
520.190000	0.542760	-1.147985	1.379489	0.000000	0.000000
520.200000	0.542760	-1.147992	1.379489	0.000000	0.000000
520.210000	0.542759	-1.147996	1.379488	0.000000	0.000000
520.220000	0.542759	-1.147999	1.379487	0.000000	0.000000
520.230000	0.542757	-1.148000	1.379486	0.000000	0.000000
520.240000	0.542755	-1.147999	1.379485	0.000000	0.000000
520.250000	0.542752	-1.147999	1.379484	0.000000	0.000000
520.260000	0.542749	-1.147999	1.379483	0.000000	0.000000
520.270000	0.542746	-1.148001	1.379482	0.000000	0.000000
520.280000	0.542743	-1.148005	1.379481	0.000000	0.000000
520.290000	0.542741	-1.148011	1.379480	0.000000	0.000000
520.300000	0.542740	-1.148018	1.379479	0.000000	0.000000
520.310000	0.542738	-1.148026	1.379478	0.000000	0.000000
520.320000	0.542737	-1.148034	1.379477	0.000000	0.000000
520.330000	0.542737	-1.148043	1.379476	0.000000	0.000000
520.340000	0.542736	-1.148052	1.379475	0.000000	0.000000
520.350000	0.542736	-1.148060	1.379474	0.000000	0.000000
520.360000	0.542735	-1.148069	1.379472	0.000000	0.000000
520.370000	0.542734	-1.148078	1.379471	0.000000	0.000000
520.380000	0.542733	-1.148086	1.379470	0.000000	0.000000
520.390000	0.542732	-1.148092	1.379469	0.000000	0.000000
520.400000	0.542730	-1.148096	1.379468	0.000000	0.000000
520.410000	0.542728	-1.148099	1.379467	0.000000	0.000000
520.420000	0.542725	-1.148102	1.379466	0.000000	0.000000
520.430000	0.542724	-1.148106	1.379465	0.000000	0.000000
520.440000	0.542722	-1.148112	1.379464	0.000000	0.000000
520.450000	0.542721	-1.148121	1.379463	0.000000	0.000000
520.460000	0.542721	-1.148130	1.379462	0.000000	0.000000
520.470000	0.542719	-1.148139	1.379461	0.000000	0.000000
520.480000	0.542718	-1.148147	1.379460	0.000000	0.000000
520.490000	0.542715	-1.148153	1.379460	0.000000	0.000000
520.500000	0.542712	-1.148158	1.379459	0.000000	0.000000
520.510000	0.542709	-1.148162	1.379458	0.000000	0.000000
520.520000	0.542707	-1.148167	1.379458	0.000000	0.000000
520.530000	0.542706	-1.148175	1.379457	0.000000	0.000000
520.540000	0.542704	-1.148183	1.379456	0.000000	0.000000
520.550000	0.542703	-1.148193	1.379456	0.000000	0.000000
520.560000	0.542702	-1.148202	1.379455	0.000000	0.000000
520.570000	0.542701	-1.148210	1.379455	0.000000	0.000000
520.580000	0.542701	-1.148218	1.379454	0.000000	0.000000
520.590000	0.542700	-1.148223	1.379453	0.000000	0.000000
520.600000	0.542699	-1.148226	1.379452	0.000000	0.000000
520.610000	0.542697	-1.148228	1.379451	0.000000	0.000000
520.620000	0.542695	-1.148228	1.379450	0.000000	0.000000
520.630000	0.542692	-1.148228	1.379449	0.000000	0.000000
520.640000	0.542690	-1.148229	1.379448	0.000000	0.000000
520.650000	0.542688	-1.148232	1.379447	0.000000	0.000000
520.660000	0.542687	-1.148237	1.379446	0.000000	0.000000
520.670000	0.542685	-1.148243	1.379445	0.000000	0.000000
520.680000	0.542683	-1.148250	1.379444	0.000000	0.000000
520.690000	0.542682	-1.148258	1.379442	0.000000	0.000000
520.700000	0.542679	-1.148266	1.379441	0.000000	0.000000
520.710000	0.542676	-1.148274	1.379440	0.000000	0.000000
520.720000	0.542673	-1.148281	1.379439	0.000000	0.000000
520.730000	0.542670	-1.148288	1.379437	0.000000	0.000000
520.740000	0.542667	-1.148296	1.379436	0.000000	0.000000
520.750000	0.542664	-1.148304	1.379435	0.000000	0.000000
520.760000	0.542662	-1.148314	1.379434	0.000000	0.000000
520.770000	0.542660	-1.148323	1.379432	0.000000	0.000000
520.780000	0.542658	-1.148334	1.379431	0.000000	0.000000
520.790000	0.542656	-1.148345	1.379430	0.000000	0.000000
520.800000	0.542654	-1.148357	1.379429	0.000000	0.000000
520.810000	0.542653	-1.148370	1.379427	0.000000	0.000000
520.820000	0.542652	-1.148383	1.379426	0.000000	0.000000
520.830000	0.542651	-1.148396	1.379425	0.000000	0.000000
520.840000	0.542649	-1.148408	1.379423	0.000000	0.000000
520.850000	0.542648	-1.148420	1.379422	0.000000	0.000000
520.860000	0.542647	-1.148431	1.379421	0.000000	0.000000
520.870000	0.542645	-1.148441	1.379419	0.000000	0.000000
520.880000	0.542644	-1.148451	1.379418	0.000000	0.000000
520.890000	0.542641	-1.148460	1.379417	0.000000	0.000000
520.900000	0.542639	-1.148467	1.379415	0.000000	0.000000
520.910000	0.542635	-1.148471	1.379414	0.000000	0.000000
520.920000	0.542631	-1.148475	1.379413	0.000000	0.000000
520.930000	0.542627	-1.148479	1.379411	0.000000	0.000000
520.940000	0.542623	-1.148484	1.379410	0.000000	0.000000
520.950000	0.542621	-1.148491	1.379409	0.000000	0.000000
520.960000	0.542619	-1.148499	1.379408	0.000000	0.000000
520.970000	0.542618	-1.148508	1.379407	0.000000	0.000000
520.980000	0.542617	-1.148518	1.379406	0.000000	0.000000
520.990000	0.542616	-1.148527	1.379405	0.000000	0.000000
521.000000	0.542615	-1.148534	1.379404	0.000000	0.000000
521.010000	0.542613	-1.148539	1.379404	0.000000	0.000000
521.020000	0.542611	-1.148542	1.379403	0.000000	0.000000
521.030000	0.542608	-1.148543	1.379402	0.000000	0.000000
521.040000	0.542605	-1.148544	1.379402	0.000000	0.000000
521.050000	0.542602	-1.148544	1.379401	0.000000	0.000000
521.060000	0.542599	-1.148546	1.379400	0.000000	0.000000
521.070000	0.542597	-1.148549	1.379400	0.000000	0.000000
521.080000	0.542596	-1.148555	1.379399	0.000000	0.000000
521.090000	0.542596	-1.148563	1.379399	0.000000	0.000000
521.100000	0.542596	-1.148572	1.379399	0.000000	0.000000
521.110000	0.542596	-1.148582	1.379398	0.000000	0.000000
521.120000	0.542597	-1.148591	1.379398	0.000000	0.000000
521.130000	0.542596	-1.148597	1.379397	0.000000	0.000000
521.140000	0.542596	-1.148600	1.379397	0.000000	0.000000
521.150000	0.542595	-1.148601	1.379397	0.000000	0.000000
521.160000	0.542594	-1.148603	1.379396	0.000000	0.000000
521.170000	0.542593	-1.148607	1.379396	0.000000	0.000000
521.180000	0.542593	-1.148612	1.379396	0.000000	0.000000
521.190000	0.542592	-1.148616	1.379396	0.000000	0.000000
521.200000	0.542591	-1.148620	1.379396	0.000000	0.000000
521.210000	0.542589	-1.148621	1.379396	0.000000	0.000000
521.220000	0.542587	-1.148621	1.379396	0.000000	0.000000
521.230000	0.542585	-1.148621	1.379396	0.000000	0.000000
521.240000	0.542584	-1.148622	1.379396	0.000000	0.000000
521.250000	0.542583	-1.148622	1.379396	0.000000	0.000000
521.260000	0.542582	-1.148622	1.379396	0.000000	0.000000
521.270000	0.542582	-1.148620	1.379397	0.000000	0.000000
521.280000	0.542582	-1.148616	1.379397	0.000000	0.000000
521.290000	0.542582	-1.148612	1.379398	0.000000	0.000000
521.300000	0.542581	-1.148607	1.379398	0.000000	0.000000
521.310000	0.542581	-1.148603	1.379399	0.000000	0.000000
521.320000	0.542581	-1.148599	1.379399	0.000000	0.000000
521.330000	0.542581	-1.148597	1.379400	0.000000	0.000000
521.340000	0.542582	-1.148597	1.379400	0.000000	0.000000
521.350000	0.542583	-1.148597	1.379401	0.000000	0.000000
521.360000	0.542583	-1.148599	1.379402	0.000000	0.000000
521.370000	0.542585	-1.148601	1.379402	0.000000	0.000000
521.380000	0.542586	-1.148601	1.379403	0.000000	0.000000
521.390000	0.542586	-1.148600	1.379404	0.000000	0.000000
521.400000	0.542587	-1.148598	1.379404	0.000000	0.000000
521.410000	0.542586	-1.148595	1.379405	0.000000	0.000000
521.420000	0.542586	-1.148594	1.379406	0.000000	0.000000
521.430000	0.542586	-1.148593	1.379407	0.000000	0.000000
521.440000	0.542586	-1.148593	1.379407	0.000000	0.000000
521.450000	0.542586	-1.148593	1.379408	0.000000	0.000000
521.460000	0.542586	-1.148593	1.379409	0.000000	0.000000
521.470000	0.542585	-1.148592	1.379410	0.000000	0.000000
521.480000	0.542583	-1.148591	1.379410	0.000000	0.000000
521.490000	0.542581	-1.148588	1.379411	0.000000	0.000000
521.500000	0.542579	-1.148584	1.379412	0.000000	0.000000
521.510000	0.542577	-1.148581	1.379413	0.000000	0.000000
521.520000	0.542576	-1.148578	1.379413	0.000000	0.000000
521.530000	0.542575	-1.148575	1.379414	0.000000	0.000000
521.540000	0.542575	-1.148573	1.379414	0.000000	0.000000
521.550000	0.542574	-1.148571	1.379415	0.000000	0.000000
521.560000	0.542573	-1.148570	1.379416	0.000000	0.000000
521.570000	0.542574	-1.148569	1.379416	0.000000	0.000000
521.580000	0.542574	-1.148568	1.379417	0.000000	0.000000
521.590000	0.542575	-1.148568	1.379417	0.000000	0.000000
521.600000	0.542575	-1.148567	1.379417	0.000000	0.000000
521.610000	0.542576	-1.148566	1.379418	0.000000	0.000000
521.620000	0.542577	-1.148566	1.379418	0.000000	0.000000
521.630000	0.542578	-1.148565	1.379418	0.000000	0.000000
521.640000	0.542579	-1.148565	1.379419	0.000000	0.000000
521.650000	0.542581	-1.148563	1.379419	0.000000	0.000000
521.660000	0.542581	-1.148561	1.379419	0.000000	0.000000
521.670000	0.542582	-1.148560	1.379420	0.000000	0.000000
521.680000	0.542582	-1.148560	1.379420	0.000000	0.000000
521.690000	0.542583	-1.148562	1.379420	0.000000	0.000000
521.700000	0.542584	-1.148566	1.379421	0.000000	0.000000
521.710000	0.542586	-1.148571	1.379421	0.000000	0.000000
521.720000	0.542588	-1.148578	1.379421	0.000000	0.000000
521.730000	0.542591	-1.148585	1.379422	0.000000	0.000000
521.740000	0.542594	-1.148592	1.379422	0.000000	0.000000
521.750000	0.542597	-1.148598	1.379422	0.000000	0.000000
521.760000	0.542600	-1.148601	1.379423	0.000000	0.000000
521.770000	0.542602	-1.148601	1.379423	0.000000	0.000000
521.780000	0.542603	-1.148598	1.379423	0.000000	0.000000
521.790000	0.542603	-1.148591	1.379424	0.000000	0.000000
521.800000	0.542604	-1.148582	1.379424	0.000000	0.000000
521.810000	0.542605	-1.148572	1.379424	0.000000	0.000000
521.820000	0.542607	-1.148564	1.379425	0.000000	0.000000
521.830000	0.542609	-1.148558	1.379425	0.000000	0.000000
521.840000	0.542612	-1.148554	1.379425	0.000000	0.000000
521.850000	0.542616	-1.148550	1.379426	0.000000	0.000000
521.860000	0.542619	-1.148548	1.379426	0.000000	0.000000
521.870000	0.542622	-1.148546	1.379426	0.000000	0.000000
521.880000	0.542626	-1.148544	1.379427	0.000000	0.000000
521.890000	0.542629	-1.148542	1.379427	0.000000	0.000000
521.900000	0.542634	-1.148540	1.379427	0.000000	0.000000
521.910000	0.542638	-1.148537	1.379428	0.000000	0.000000
521.920000	0.542642	-1.148534	1.379428	0.000000	0.000000
521.930000	0.542645	-1.148529	1.379428	0.000000	0.000000
521.940000	0.542649	-1.148522	1.379428	0.000000	0.000000
521.950000	0.542651	-1.148513	1.379428	0.000000	0.000000
521.960000	0.542653	-1.148501	1.379429	0.000000	0.000000
521.970000	0.542654	-1.148489	1.379429	0.000000	0.000000
521.980000	0.542655	-1.148479	1.379429	0.000000	0.000000
521.990000	0.542658	-1.148471	1.379429	0.000000	0.000000
522.000000	0.542661	-1.148467	1.379429	0.000000	0.000000
522.010000	0.542663	-1.148464	1.379430	0.000000	0.000000
522.020000	0.542667	-1.148463	1.379430	0.000000	0.000000
522.030000	0.542671	-1.148462	1.379430	0.000000	0.000000
522.040000	0.542674	-1.148462	1.379430	0.000000	0.000000
522.050000	0.542678	-1.148464	1.379431	0.000000	0.000000
522.060000	0.542681	-1.148465	1.379431	0.000000	0.000000
522.070000	0.542683	-1.148466	1.379431	0.000000	0.000000
522.080000	0.542686	-1.148466	1.379431	0.000000	0.000000
522.090000	0.542687	-1.148464	1.379432	0.000000	0.000000
522.100000	0.542688	-1.148460	1.379432	0.000000	0.000000
522.110000	0.542689	-1.148453	1.379432	0.000000	0.000000
522.120000	0.542688	-1.148444	1.379432	0.000000	0.000000
522.130000	0.542687	-1.148434	1.379432	0.000000	0.000000
522.140000	0.542687	-1.148425	1.379432	0.000000	0.000000
522.150000	0.542687	-1.148417	1.379432	0.000000	0.000000
522.160000	0.542688	-1.148413	1.379432	0.000000	0.000000
522.170000	0.542690	-1.148412	1.379432	0.000000	0.000000
522.180000	0.542692	-1.148412	1.379432	0.000000	0.000000
522.190000	0.542693	-1.148413	1.379431	0.000000	0.000000
522.200000	0.542694	-1.148412	1.379431	0.000000	0.000000
522.210000	0.542693	-1.148409	1.379431	0.000000	0.000000
522.220000	0.542692	-1.148401	1.379430	0.000000	0.000000
522.230000	0.542691	-1.148392	1.379430	0.000000	0.000000
522.240000	0.542689	-1.148383	1.379429	0.000000	0.000000
522.250000	0.542687	-1.148375	1.379429	0.000000	0.000000
522.260000	0.542686	-1.148370	1.379428	0.000000	0.000000
522.270000	0.542686	-1.148367	1.379428	0.000000	0.000000
522.280000	0.542686	-1.148366	1.379427	0.000000	0.000000
522.290000	0.542687	-1.148366	1.379426	0.000000	0.000000
522.300000	0.542687	-1.148367	1.379426	0.000000	0.000000
522.310000	0.542689	-1.148368	1.379425	0.000000	0.000000
522.320000	0.542691	-1.148371	1.379424	0.000000	0.000000
522.330000	0.542693	-1.148373	1.379424	0.000000	0.000000
522.340000	0.542694	-1.148376	1.379423	0.000000	0.000000
522.350000	0.542697	-1.148377	1.379422	0.000000	0.000000
522.360000	0.542699	-1.148378	1.379421	0.000000	0.000000
522.370000	0.542700	-1.148376	1.379421	0.000000	0.000000
522.380000	0.542701	-1.148373	1.379420	0.000000	0.000000
522.390000	0.542702	-1.148370	1.379419	0.000000	0.000000
522.400000	0.542703	-1.148367	1.379418	0.000000	0.000000
522.410000	0.542705	-1.148365	1.379417	0.000000	0.000000
522.420000	0.542706	-1.148365	1.379416	0.000000	0.000000
522.430000	0.542707	-1.148365	1.379415	0.000000	0.000000
522.440000	0.542708	-1.148367	1.379414	0.000000	0.000000
522.450000	0.542710	-1.148368	1.379413	0.000000	0.000000
522.460000	0.542711	-1.148370	1.379413	0.000000	0.000000
522.470000	0.542711	-1.148371	1.379412	0.000000	0.000000
522.480000	0.542711	-1.148371	1.379411	0.000000	0.000000
522.490000	0.542710	-1.148370	1.379410	0.000000	0.000000
522.500000	0.542710	-1.148370	1.379409	0.000000	0.000000
522.510000	0.542710	-1.148372	1.379408	0.000000	0.000000
522.520000	0.542711	-1.148374	1.379407	0.000000	0.000000
522.530000	0.542711	-1.148376	1.379407	0.000000	0.000000
522.540000	0.542710	-1.148378	1.379406	0.000000	0.000000
522.550000	0.542710	-1.148379	1.379405	0.000000	0.000000
522.560000	0.542710	-1.148379	1.379405	0.000000	0.000000
522.570000	0.542709	-1.148379	1.379404	0.000000	0.000000
522.580000	0.542709	-1.148377	1.379403	0.000000	0.000000
522.590000	0.542707	-1.148373	1.379403	0.000000	0.000000
522.600000	0.542705	-1.148368	1.379402	0.000000	0.000000
522.610000	0.542703	-1.148363	1.379402	0.000000	0.000000
522.620000	0.542702	-1.148363	1.379401	0.000000	0.000000
522.630000	0.542703	-1.148369	1.379401	0.000000	0.000000
522.640000	0.542706	-1.148377	1.379400	0.000000	0.000000
522.650000	0.542708	-1.148387	1.379400	0.000000	0.000000
522.660000	0.542710	-1.148395	1.379400	0.000000	0.000000
522.670000	0.542711	-1.148400	1.379399	0.000000	0.000000
522.680000	0.542710	-1.148402	1.379399	0.000000	0.000000
522.690000	0.542708	-1.148402	1.379399	0.000000	0.000000
522.700000	0.542706	-1.148399	1.379399	0.000000	0.000000
522.710000	0.542703	-1.148395	1.379399	0.000000	0.000000
522.720000	0.542701	-1.148391	1.379398	0.000000	0.000000
522.730000	0.542698	-1.148387	1.379398	0.000000	0.000000
522.740000	0.542696	-1.148382	1.379398	0.000000	0.000000
522.750000	0.542694	-1.148377	1.379398	0.000000	0.000000
522.760000	0.542691	-1.148372	1.379398	0.000000	0.000000
522.770000	0.542689	-1.148368	1.379398	0.000000	0.000000
522.780000	0.542687	-1.148365	1.379399	0.000000	0.000000
522.790000	0.542685	-1.148362	1.379399	0.000000	0.000000
522.800000	0.542683	-1.148360	1.379399	0.000000	0.000000
522.810000	0.542682	-1.148359	1.379399	0.000000	0.000000
522.820000	0.542681	-1.148358	1.379399	0.000000	0.000000
522.830000	0.542679	-1.148358	1.379399	0.000000	0.000000
522.840000	0.542678	-1.148359	1.379399	0.000000	0.000000
522.850000	0.542676	-1.148361	1.379399	0.000000	0.000000
522.860000	0.542676	-1.148362	1.379400	0.000000	0.000000
522.870000	0.542674	-1.148361	1.379400	0.000000	0.000000
522.880000	0.542671	-1.148355	1.379400	0.000000	0.000000
522.890000	0.542667	-1.148347	1.379400	0.000000	0.000000
522.900000	0.542664	-1.148342	1.379400	0.000000	0.000000
522.910000	0.542663	-1.148340	1.379400	0.000000	0.000000
522.920000	0.542661	-1.148341	1.379400	0.000000	0.000000
522.930000	0.542660	-1.148341	1.379401	0.000000	0.000000
522.940000	0.542660	-1.148340	1.379401	0.000000	0.000000
522.950000	0.542659	-1.148338	1.379402	0.000000	0.000000
522.960000	0.542658	-1.148333	1.379402	0.000000	0.000000
522.970000	0.542656	-1.148326	1.379403	0.000000	0.000000
522.980000	0.542654	-1.148317	1.379404	0.000000	0.000000
522.990000	0.542653	-1.148307	1.379405	0.000000	0.000000
523.000000	0.542653	-1.148296	1.379406	0.000000	0.000000
523.010000	0.542652	-1.148285	1.379407	0.000000	0.000000
523.020000	0.542651	-1.148275	1.379408	0.000000	0.000000
523.030000	0.542650	-1.148265	1.379409	0.000000	0.000000
523.040000	0.542650	-1.148257	1.379410	0.000000	0.000000
523.050000	0.542651	-1.148251	1.379411	0.000000	0.000000
523.060000	0.542652	-1.148247	1.379413	0.000000	0.000000
523.070000	0.542654	-1.148245	1.379414	0.000000	0.000000
523.080000	0.542658	-1.148245	1.379415	0.000000	0.000000
523.090000	0.542663	-1.148245	1.379416	0.000000	0.000000
523.100000	0.542667	-1.148245	1.379418	0.000000	0.000000
523.110000	0.542672	-1.148243	1.379419	0.000000	0.000000
523.120000	0.542675	-1.148240	1.379420	0.000000	0.000000
523.130000	0.542678	-1.148236	1.379422	0.000000	0.000000
523.140000	0.542680	-1.148232	1.379423	0.000000	0.000000
523.150000	0.542681	-1.148227	1.379424	0.000000	0.000000
523.160000	0.542683	-1.148222	1.379425	0.000000	0.000000
523.170000	0.542686	-1.148216	1.379427	0.000000	0.000000
523.180000	0.542689	-1.148209	1.379428	0.000000	0.000000
523.190000	0.542691	-1.148203	1.379430	0.000000	0.000000
523.200000	0.542693	-1.148197	1.379431	0.000000	0.000000
523.210000	0.542696	-1.148191	1.379433	0.000000	0.000000
523.220000	0.542698	-1.148184	1.379435	0.000000	0.000000
523.230000	0.542701	-1.148177	1.379436	0.000000	0.000000
523.240000	0.542703	-1.148168	1.379438	0.000000	0.000000
523.250000	0.542704	-1.148159	1.379440	0.000000	0.000000
523.260000	0.542705	-1.148148	1.379442	0.000000	0.000000
523.270000	0.542706	-1.148136	1.379444	0.000000	0.000000
523.280000	0.542706	-1.148123	1.379447	0.000000	0.000000
523.290000	0.542706	-1.148111	1.379449	0.000000	0.000000
523.300000	0.542706	-1.148099	1.379451	0.000000	0.000000
523.310000	0.542707	-1.148089	1.379453	0.000000	0.000000
523.320000	0.542707	-1.148081	1.379456	0.000000	0.000000
523.330000	0.542708	-1.148073	1.379458	0.000000	0.000000
523.340000	0.542710	-1.148066	1.379461	0.000000	0.000000
523.350000	0.542711	-1.148059	1.379463	0.000000	0.000000
523.360000	0.542712	-1.148052	1.379465	0.000000	0.000000
523.370000	0.542712	-1.148043	1.379468	0.000000	0.000000
523.380000	0.542713	-1.148035	1.379470	0.000000	0.000000
523.390000	0.542713	-1.148027	1.379473	0.000000	0.000000
523.400000	0.542714	-1.148020	1.379475	0.000000	0.000000
523.410000	0.542715	-1.148013	1.379477	0.000000	0.000000
523.420000	0.542716	-1.148006	1.379480	0.000000	0.000000
523.430000	0.542716	-1.147999	1.379482	0.000000	0.000000
523.440000	0.542717	-1.147993	1.379484	0.000000	0.000000
523.450000	0.542720	-1.147987	1.379486	0.000000	0.000000
523.460000	0.542722	-1.147982	1.379488	0.000000	0.000000
523.470000	0.542724	-1.147976	1.379490	0.000000	0.000000
523.480000	0.542726	-1.147970	1.379492	0.000000	0.000000
523.490000	0.542728	-1.147962	1.379494	0.000000	0.000000
523.500000	0.542729	-1.147951	1.379496	0.000000	0.000000
523.510000	0.542729	-1.147941	1.379498	0.000000	0.000000
523.520000	0.542732	-1.147934	1.379500	0.000000	0.000000
523.530000	0.542734	-1.147928	1.379501	0.000000	0.000000
523.540000	0.542737	-1.147925	1.379503	0.000000	0.000000
523.550000	0.542740	-1.147921	1.379505	0.000000	0.000000
523.560000	0.542745	-1.147919	1.379506	0.000000	0.000000
523.570000	0.542749	-1.147916	1.379508	0.000000	0.000000
523.580000	0.542754	-1.147912	1.379509	0.000000	0.000000
523.590000	0.542758	-1.147909	1.379510	0.000000	0.000000
523.600000	0.542762	-1.147905	1.379512	0.000000	0.000000
523.610000	0.542765	-1.147901	1.379513	0.000000	0.000000
523.620000	0.542768	-1.147897	1.379514	0.000000	0.000000
523.630000	0.542771	-1.147893	1.379515	0.000000	0.000000
523.640000	0.542775	-1.147890	1.379516	0.000000	0.000000
523.650000	0.542780	-1.147888	1.379517	0.000000	0.000000
523.660000	0.542785	-1.147886	1.379519	0.000000	0.000000
523.670000	0.542789	-1.147884	1.379520	0.000000	0.000000
523.680000	0.542794	-1.147881	1.379521	0.000000	0.000000
523.690000	0.542797	-1.147878	1.379522	0.000000	0.000000
523.700000	0.542801	-1.147875	1.379523	0.000000	0.000000
523.710000	0.542805	-1.147872	1.379524	0.000000	0.000000
523.720000	0.542810	-1.147870	1.379525	0.000000	0.000000
523.730000	0.542814	-1.147867	1.379527	0.000000	0.000000
523.740000	0.542817	-1.147864	1.379528	0.000000	0.000000
523.750000	0.542819	-1.147859	1.379529	0.000000	0.000000
523.760000	0.542820	-1.147853	1.379531	0.000000	0.000000
523.770000	0.542821	-1.147846	1.379532	0.000000	0.000000
523.780000	0.542821	-1.147838	1.379533	0.000000	0.000000
523.790000	0.542820	-1.147830	1.379535	0.000000	0.000000
523.800000	0.542819	-1.147824	1.379536	0.000000	0.000000
523.810000	0.542820	-1.147821	1.379537	0.000000	0.000000
523.820000	0.542821	-1.147821	1.379539	0.000000	0.000000
523.830000	0.542824	-1.147824	1.379540	0.000000	0.000000
523.840000	0.542827	-1.147830	1.379541	0.000000	0.000000
523.850000	0.542831	-1.147837	1.379543	0.000000	0.000000
523.860000	0.542836	-1.147844	1.379544	0.000000	0.000000
523.870000	0.542839	-1.147850	1.379545	0.000000	0.000000
523.880000	0.542841	-1.147851	1.379546	0.000000	0.000000
523.890000	0.542843	-1.147848	1.379547	0.000000	0.000000
523.900000	0.542843	-1.147841	1.379549	0.000000	0.000000
523.910000	0.542844	-1.147834	1.379550	0.000000	0.000000
523.920000	0.542845	-1.147828	1.379551	0.000000	0.000000
523.930000	0.542846	-1.147824	1.379552	0.000000	0.000000
523.940000	0.542848	-1.147824	1.379553	0.000000	0.000000
523.950000	0.542850	-1.147826	1.379555	0.000000	0.000000
523.960000	0.542854	-1.147829	1.379556	0.000000	0.000000
523.970000	0.542857	-1.147832	1.379557	0.000000	0.000000
523.980000	0.542860	-1.147833	1.379559	0.000000	0.000000
523.990000	0.542861	-1.147832	1.379560	0.000000	0.000000
524.000000	0.542861	-1.147829	1.379562	0.000000	0.000000
524.010000	0.542861	-1.147824	1.379564	0.000000	0.000000
524.020000	0.542859	-1.147818	1.379565	0.000000	0.000000
524.030000	0.542858	-1.147810	1.379567	0.000000	0.000000
524.040000	0.542857	-1.147803	1.379568	0.000000	0.000000
524.050000	0.542856	-1.147796	1.379570	0.000000	0.000000
524.060000	0.542855	-1.147790	1.379571	0.000000	0.000000
524.070000	0.542855	-1.147785	1.379572	0.000000	0.000000
524.080000	0.542855	-1.147781	1.379574	0.000000	0.000000
524.090000	0.542856	-1.147778	1.379575	0.000000	0.000000
524.100000	0.542856	-1.147775	1.379576	0.000000	0.000000
524.110000	0.542856	-1.147774	1.379577	0.000000	0.000000
524.120000	0.542856	-1.147772	1.379578	0.000000	0.000000
524.130000	0.542857	-1.147772	1.379579	0.000000	0.000000
524.140000	0.542857	-1.147772	1.379580	0.000000	0.000000
524.150000	0.542858	-1.147774	1.379580	0.000000	0.000000
524.160000	0.542859	-1.147778	1.379581	0.000000	0.000000
524.170000	0.542861	-1.147783	1.379582	0.000000	0.000000
524.180000	0.542864	-1.147789	1.379583	0.000000	0.000000
524.190000	0.542865	-1.147797	1.379583	0.000000	0.000000
524.200000	0.542867	-1.147804	1.379584	0.000000	0.000000
524.210000	0.542869	-1.147812	1.379585	0.000000	0.000000
524.220000	0.542869	-1.147818	1.379585	0.000000	0.000000
524.230000	0.542869	-1.147822	1.379586	0.000000	0.000000
524.240000	0.542870	-1.147825	1.379587	0.000000	0.000000
524.250000	0.542870	-1.147826	1.379587	0.000000	0.000000
524.260000	0.542869	-1.147825	1.379588	0.000000	0.000000
524.270000	0.542869	-1.147824	1.379589	0.000000	0.000000
524.280000	0.542868	-1.147822	1.379590	0.000000	0.000000
524.290000	0.542867	-1.147819	1.379590	0.000000	0.000000
524.300000	0.542865	-1.147814	1.379591	0.000000	0.000000
524.310000	0.542863	-1.147808	1.379592	0.000000	0.000000
524.320000	0.542862	-1.147802	1.379593	0.000000	0.000000
524.330000	0.542860	-1.147795	1.379594	0.000000	0.000000
524.340000	0.542859	-1.147791	1.379594	0.000000	0.000000
524.350000	0.542860	-1.147789	1.379595	0.000000	0.000000
524.360000	0.542861	-1.147790	1.379595	0.000000	0.000000
524.370000	0.542863	-1.147792	1.379596	0.000000	0.000000
524.380000	0.542865	-1.147796	1.379596	0.000000	0.000000
524.390000	0.542869	-1.147801	1.379597	0.000000	0.000000
524.400000	0.542872	-1.147805	1.379597	0.000000	0.000000
524.410000	0.542876	-1.147809	1.379598	0.000000	0.000000
524.420000	0.542879	-1.147812	1.379598	0.000000	0.000000
524.430000	0.542882	-1.147813	1.379599	0.000000	0.000000
524.440000	0.542883	-1.147812	1.379599	0.000000	0.000000
524.450000	0.542885	-1.147809	1.379599	0.000000	0.000000
524.460000	0.542887	-1.147805	1.379600	0.000000	0.000000
524.470000	0.542888	-1.147799	1.379600	0.000000	0.000000
524.480000	0.542890	-1.147791	1.379600	0.000000	0.000000
524.490000	0.542892	-1.147784	1.379601	0.000000	0.000000
524.500000	0.542895	-1.147783	1.379601	0.000000	0.000000
524.510000	0.542900	-1.147785	1.379601	0.000000	0.000000
524.520000	0.542904	-1.147786	1.379602	0.000000	0.000000
524.530000	0.542908	-1.147784	1.379603	0.000000	0.000000
524.540000	0.542913	-1.147780	1.379603	0.000000	0.000000
524.550000	0.542917	-1.147776	1.379604	0.000000	0.000000
524.560000	0.542921	-1.147772	1.379605	0.000000	0.000000
524.570000	0.542925	-1.147767	1.379605	0.000000	0.000000
524.580000	0.542927	-1.147760	1.379606	0.000000	0.000000
524.590000	0.542929	-1.147754	1.379607	0.000000	0.000000
524.600000	0.542931	-1.147747	1.379608	0.000000	0.000000
524.610000	0.542933	-1.147741	1.379609	0.000000	0.000000
524.620000	0.542936	-1.147735	1.379610	0.000000	0.000000
524.630000	0.542938	-1.147728	1.379610	0.000000	0.000000
524.640000	0.542941	-1.147721	1.379611	0.000000	0.000000
524.650000	0.542943	-1.147716	1.379612	0.000000	0.000000
524.660000	0.542946	-1.147715	1.379613	0.000000	0.000000
524.670000	0.542949	-1.147717	1.379614	0.000000	0.000000
524.680000	0.542953	-1.147722	1.379615	0.000000	0.000000
524.690000	0.542956	-1.147729	1.379616	0.000000	0.000000
524.700000	0.542960	-1.147735	1.379616	0.000000	0.000000
524.710000	0.542962	-1.147741	1.379617	0.000000	0.000000
524.720000	0.542964	-1.147745	1.379618	0.000000	0.000000
524.730000	0.542965	-1.147747	1.379619	0.000000	0.000000
524.740000	0.542966	-1.147746	1.379620	0.000000	0.000000
524.750000	0.542965	-1.147741	1.379621	0.000000	0.000000
524.760000	0.542964	-1.147733	1.379622	0.000000	0.000000
524.770000	0.542963	-1.147725	1.379623	0.000000	0.000000
524.780000	0.542962	-1.147718	1.379624	0.000000	0.000000
524.790000	0.542961	-1.147712	1.379625	0.000000	0.000000
524.800000	0.542960	-1.147707	1.379626	0.000000	0.000000
524.810000	0.542959	-1.147702	1.379627	0.000000	0.000000
524.820000	0.542958	-1.147697	1.379628	0.000000	0.000000
524.830000	0.542957	-1.147692	1.379629	0.000000	0.000000
524.840000	0.542956	-1.147687	1.379630	0.000000	0.000000
524.850000	0.542956	-1.147683	1.379631	0.000000	0.000000
524.860000	0.542955	-1.147678	1.379632	0.000000	0.000000
524.870000	0.542954	-1.147675	1.379632	0.000000	0.000000
524.880000	0.542953	-1.147672	1.379633	0.000000	0.000000
524.890000	0.542952	-1.147669	1.379634	0.000000	0.000000
524.900000	0.542952	-1.147669	1.379635	0.000000	0.000000
524.910000	0.542952	-1.147670	1.379635	0.000000	0.000000
524.920000	0.542953	-1.147673	1.379636	0.000000	0.000000
524.930000	0.542953	-1.147677	1.379636	0.000000	0.000000
524.940000	0.542954	-1.147680	1.379637	0.000000	0.000000
524.950000	0.542954	-1.147682	1.379637	0.000000	0.000000
524.960000	0.542954	-1.147681	1.379637	0.000000	0.000000
524.970000	0.542952	-1.147675	1.379638	0.000000	0.000000
524.980000	0.542949	-1.147668	1.379638	0.000000	0.000000
524.990000	0.542948	-1.147663	1.379638	0.000000	0.000000
525.000000	0.542949	-1.147666	1.379638	0.000000	0.000000
525.010000	0.542950	-1.147672	1.379638	0.000000	0.000000
525.020000	0.542952	-1.147680	1.379638	0.000000	0.000000
525.030000	0.542954	-1.147688	1.379639	0.000000	0.000000
525.040000	0.542956	-1.147694	1.379639	0.000000	0.000000
525.050000	0.542958	-1.147698	1.379639	0.000000	0.000000
525.060000	0.542959	-1.147699	1.379639	0.000000	0.000000
525.070000	0.542959	-1.147698	1.379639	0.000000	0.000000
525.080000	0.542958	-1.147696	1.379639	0.000000	0.000000
525.090000	0.542958	-1.147693	1.379640	0.000000	0.000000
525.100000	0.542957	-1.147689	1.379640	0.000000	0.000000
525.110000	0.542954	-1.147684	1.379640	0.000000	0.000000
525.120000	0.542951	-1.147678	1.379640	0.000000	0.000000
525.130000	0.542949	-1.147671	1.379640	0.000000	0.000000
525.140000	0.542947	-1.147666	1.379641	0.000000	0.000000
525.150000	0.542945	-1.147662	1.379641	0.000000	0.000000
525.160000	0.542944	-1.147660	1.379641	0.000000	0.000000
525.170000	0.542944	-1.147659	1.379641	0.000000	0.000000
525.180000	0.542943	-1.147659	1.379641	0.000000	0.000000
525.190000	0.542945	-1.147660	1.379641	0.000000	0.000000
525.200000	0.542947	-1.147664	1.379640	0.000000	0.000000
525.210000	0.542949	-1.147669	1.379640	0.000000	0.000000
525.220000	0.542952	-1.147676	1.379640	0.000000	0.000000
525.230000	0.542955	-1.147684	1.379640	0.000000	0.000000
525.240000	0.542958	-1.147692	1.379639	0.000000	0.000000
525.250000	0.542961	-1.147699	1.379639	0.000000	0.000000
525.260000	0.542962	-1.147705	1.379638	0.000000	0.000000
525.270000	0.542964	-1.147709	1.379638	0.000000	0.000000
525.280000	0.542965	-1.147712	1.379637	0.000000	0.000000
525.290000	0.542966	-1.147715	1.379637	0.000000	0.000000
525.300000	0.542967	-1.147720	1.379636	0.000000	0.000000
525.310000	0.542968	-1.147725	1.379636	0.000000	0.000000
525.320000	0.542969	-1.147729	1.379635	0.000000	0.000000
525.330000	0.542970	-1.147730	1.379635	0.000000	0.000000
525.340000	0.542970	-1.147727	1.379634	0.000000	0.000000
525.350000	0.542968	-1.147721	1.379633	0.000000	0.000000
525.360000	0.542966	-1.147714	1.379633	0.000000	0.000000
525.370000	0.542965	-1.147708	1.379632	0.000000	0.000000
525.380000	0.542964	-1.147703	1.379632	0.000000	0.000000
525.390000	0.542964	-1.147699	1.379631	0.000000	0.000000
525.400000	0.542965	-1.147696	1.379631	0.000000	0.000000
525.410000	0.542967	-1.147696	1.379630	0.000000	0.000000
525.420000	0.542969	-1.147698	1.379630	0.000000	0.000000
525.430000	0.542973	-1.147701	1.379629	0.000000	0.000000
525.440000	0.542977	-1.147703	1.379629	0.000000	0.000000
525.450000	0.542981	-1.147705	1.379628	0.000000	0.000000
525.460000	0.542985	-1.147706	1.379628	0.000000	0.000000
525.470000	0.542988	-1.147705	1.379628	0.000000	0.000000
525.480000	0.542991	-1.147703	1.379627	0.000000	0.000000
525.490000	0.542993	-1.147699	1.379627	0.000000	0.000000
525.500000	0.542995	-1.147695	1.379627	0.000000	0.000000
525.510000	0.542997	-1.147690	1.379626	0.000000	0.000000
525.520000	0.542999	-1.147684	1.379626	0.000000	0.000000
525.530000	0.543002	-1.147678	1.379626	0.000000	0.000000
525.540000	0.543005	-1.147672	1.379625	0.000000	0.000000
525.550000	0.543009	-1.147668	1.379625	0.000000	0.000000
525.560000	0.543013	-1.147666	1.379625	0.000000	0.000000
525.570000	0.543018	-1.147664	1.379625	0.000000	0.000000
525.580000	0.543022	-1.147662	1.379624	0.000000	0.000000
525.590000	0.543027	-1.147662	1.379624	0.000000	0.000000
525.600000	0.543032	-1.147662	1.379624	0.000000	0.000000
525.610000	0.543037	-1.147661	1.379623	0.000000	0.000000
525.620000	0.543042	-1.147660	1.379623	0.000000	0.000000
525.630000	0.543047	-1.147658	1.379623	0.000000	0.000000
525.640000	0.543051	-1.147652	1.379622	0.000000	0.000000
525.650000	0.543055	-1.147646	1.379622	0.000000	0.000000
525.660000	0.543060	-1.147643	1.379621	0.000000	0.000000
525.670000	0.543066	-1.147645	1.379621	0.000000	0.000000
525.680000	0.543072	-1.147648	1.379621	0.000000	0.000000
525.690000	0.543078	-1.147649	1.379621	0.000000	0.000000
525.700000	0.543082	-1.147645	1.379620	0.000000	0.000000
525.710000	0.543086	-1.147637	1.379620	0.000000	0.000000
525.720000	0.543087	-1.147625	1.379620	0.000000	0.000000
525.730000	0.543088	-1.147611	1.379620	0.000000	0.000000
525.740000	0.543089	-1.147598	1.379619	0.000000	0.000000
525.750000	0.543090	-1.147586	1.379619	0.000000	0.000000
525.760000	0.543092	-1.147574	1.379619	0.000000	0.000000
525.770000	0.543092	-1.147563	1.379619	0.000000	0.000000
525.780000	0.543093	-1.147553	1.379618	0.000000	0.000000
525.790000	0.543095	-1.147543	1.379618	0.000000	0.000000
525.800000	0.543097	-1.147536	1.379618	0.000000	0.000000
525.810000	0.543099	-1.147532	1.379617	0.000000	0.000000
525.820000	0.543103	-1.147529	1.379617	0.000000	0.000000
525.830000	0.543107	-1.147529	1.379616	0.000000	0.000000
525.840000	0.543112	-1.147530	1.379616	0.000000	0.000000
525.850000	0.543118	-1.147533	1.379615	0.000000	0.000000
525.860000	0.543124	-1.147535	1.379614	0.000000	0.000000
525.870000	0.543129	-1.147536	1.379613	0.000000	0.000000
525.880000	0.543133	-1.147532	1.379612	0.000000	0.000000
525.890000	0.543136	-1.147528	1.379611	0.000000	0.000000
525.900000	0.543141	-1.147526	1.379609	0.000000	0.000000
525.910000	0.543147	-1.147529	1.379608	0.000000	0.000000
525.920000	0.543152	-1.147531	1.379607	0.000000	0.000000
525.930000	0.543157	-1.147530	1.379605	0.000000	0.000000
525.940000	0.543161	-1.147527	1.379604	0.000000	0.000000
525.950000	0.543166	-1.147529	1.379602	0.000000	0.000000
525.960000	0.543172	-1.147535	1.379601	0.000000	0.000000
525.970000	0.543179	-1.147541	1.379600	0.000000	0.000000
525.980000	0.543184	-1.147544	1.379599	0.000000	0.000000
525.990000	0.543188	-1.147542	1.379597	0.000000	0.000000
526.000000	0.543190	-1.147536	1.379596	0.000000	0.000000
526.010000	0.543192	-1.147527	1.379595	0.000000	0.000000
526.020000	0.543193	-1.147516	1.379594	0.000000	0.000000
526.030000	0.543193	-1.147502	1.379593	0.000000	0.000000
526.040000	0.543192	-1.147486	1.379592	0.000000	0.000000
526.050000	0.543191	-1.147470	1.379591	0.000000	0.000000
526.060000	0.543189	-1.147454	1.379590	0.000000	0.000000
526.070000	0.543188	-1.147439	1.379589	0.000000	0.000000
526.080000	0.543189	-1.147428	1.379588	0.000000	0.000000
526.090000	0.543190	-1.147419	1.379587	0.000000	0.000000
526.100000	0.543193	-1.147415	1.379586	0.000000	0.000000
526.110000	0.543197	-1.147413	1.379584	0.000000	0.000000
526.120000	0.543201	-1.147414	1.379583	0.000000	0.000000
526.130000	0.543206	-1.147418	1.379582	0.000000	0.000000
526.140000	0.543212	-1.147423	1.379580	0.000000	0.000000
526.150000	0.543218	-1.147429	1.379579	0.000000	0.000000
526.160000	0.543223	-1.147435	1.379577	0.000000	0.000000
526.170000	0.543228	-1.147439	1.379576	0.000000	0.000000
526.180000	0.543232	-1.147440	1.379574	0.000000	0.000000
526.190000	0.543235	-1.147438	1.379572	0.000000	0.000000
526.200000	0.543239	-1.147435	1.379570	0.000000	0.000000
526.210000	0.543244	-1.147435	1.379568	0.000000	0.000000
526.220000	0.543251	-1.147440	1.379566	0.000000	0.000000
526.230000	0.543258	-1.147448	1.379564	0.000000	0.000000
526.240000	0.543265	-1.147457	1.379562	0.000000	0.000000
526.250000	0.543272	-1.147466	1.379559	0.000000	0.000000
526.260000	0.543278	-1.147472	1.379557	0.000000	0.000000
526.270000	0.543283	-1.147474	1.379555	0.000000	0.000000
526.280000	0.543286	-1.147471	1.379553	0.000000	0.000000
526.290000	0.543287	-1.147462	1.379551	0.000000	0.000000
526.300000	0.543288	-1.147452	1.379549	0.000000	0.000000
526.310000	0.543289	-1.147443	1.379547	0.000000	0.000000
526.320000	0.543290	-1.147436	1.379545	0.000000	0.000000
526.330000	0.543292	-1.147429	1.379543	0.000000	0.000000
526.340000	0.543293	-1.147424	1.379541	0.000000	0.000000
526.350000	0.543294	-1.147420	1.379539	0.000000	0.000000
526.360000	0.543296	-1.147416	1.379537	0.000000	0.000000
526.370000	0.543297	-1.147413	1.379535	0.000000	0.000000
526.380000	0.543299	-1.147408	1.379533	0.000000	0.000000
526.390000	0.543300	-1.147401	1.379531	0.000000	0.000000
526.400000	0.543301	-1.147392	1.379529	0.000000	0.000000
526.410000	0.543300	-1.147379	1.379527	0.000000	0.000000
526.420000	0.543300	-1.147367	1.379525	0.000000	0.000000
526.430000	0.543301	-1.147358	1.379523	0.000000	0.000000
526.440000	0.543302	-1.147352	1.379521	0.000000	0.000000
526.450000	0.543305	-1.147350	1.379519	0.000000	0.000000
526.460000	0.543308	-1.147350	1.379517	0.000000	0.000000
526.470000	0.543312	-1.147351	1.379514	0.000000	0.000000
526.480000	0.543316	-1.147355	1.379512	0.000000	0.000000
526.490000	0.543322	-1.147360	1.379510	0.000000	0.000000
526.500000	0.543327	-1.147367	1.379507	0.000000	0.000000
526.510000	0.543333	-1.147374	1.379505	0.000000	0.000000
526.520000	0.543338	-1.147380	1.379502	0.000000	0.000000
526.530000	0.543343	-1.147383	1.379500	0.000000	0.000000
526.540000	0.543346	-1.147383	1.379497	0.000000	0.000000
526.550000	0.543347	-1.147380	1.379494	0.000000	0.000000
526.560000	0.543347	-1.147374	1.379491	0.000000	0.000000
526.570000	0.543348	-1.147369	1.379489	0.000000	0.000000
526.580000	0.543349	-1.147368	1.379486	0.000000	0.000000
526.590000	0.543350	-1.147370	1.379483	0.000000	0.000000
526.600000	0.543352	-1.147375	1.379481	0.000000	0.000000
526.610000	0.543355	-1.147382	1.379478	0.000000	0.000000
526.620000	0.543359	-1.147393	1.379475	0.000000	0.000000
526.630000	0.543363	-1.147405	1.379473	0.000000	0.000000
526.640000	0.543367	-1.147416	1.379470	0.000000	0.000000
526.650000	0.543371	-1.147425	1.379468	0.000000	0.000000
526.660000	0.543374	-1.147429	1.379465	0.000000	0.000000
526.670000	0.543376	-1.147427	1.379463	0.000000	0.000000
526.680000	0.543375	-1.147420	1.379461	0.000000	0.000000
526.690000	0.543375	-1.147415	1.379459	0.000000	0.000000
526.700000	0.543376	-1.147411	1.379456	0.000000	0.000000
526.710000	0.543377	-1.147409	1.379454	0.000000	0.000000
526.720000	0.543378	-1.147407	1.379452	0.000000	0.000000
526.730000	0.543379	-1.147406	1.379450	0.000000	0.000000
526.740000	0.543380	-1.147406	1.379449	0.000000	0.000000
526.750000	0.543381	-1.147406	1.379447	0.000000	0.000000
526.760000	0.543383	-1.147408	1.379445	0.000000	0.000000
526.770000	0.543384	-1.147409	1.379443	0.000000	0.000000
526.780000	0.543385	-1.147411	1.379442	0.000000	0.000000
526.790000	0.543385	-1.147414	1.379440	0.000000	0.000000
526.800000	0.543386	-1.147417	1.379439	0.000000	0.000000
526.810000	0.543388	-1.147421	1.379437	0.000000	0.000000
526.820000	0.543388	-1.147426	1.379436	0.000000	0.000000
526.830000	0.543389	-1.147432	1.379435	0.000000	0.000000
526.840000	0.543390	-1.147436	1.379434	0.000000	0.000000
526.850000	0.543390	-1.147439	1.379433	0.000000	0.000000
526.860000	0.543390	-1.147441	1.379431	0.000000	0.000000
526.870000	0.543389	-1.147441	1.379430	0.000000	0.000000
526.880000	0.543388	-1.147440	1.379429	0.000000	0.000000
526.890000	0.543387	-1.147440	1.379428	0.000000	0.000000
526.900000	0.543386	-1.147441	1.379427	0.000000	0.000000
526.910000	0.543386	-1.147444	1.379426	0.000000	0.000000
526.920000	0.543385	-1.147448	1.379425	0.000000	0.000000
526.930000	0.543386	-1.147452	1.379424	0.000000	0.000000
526.940000	0.543387	-1.147456	1.379423	0.000000	0.000000
526.950000	0.543386	-1.147458	1.379422	0.000000	0.000000
526.960000	0.543386	-1.147458	1.379421	0.000000	0.000000
526.970000	0.543384	-1.147456	1.379420	0.000000	0.000000
526.980000	0.543382	-1.147454	1.379419	0.000000	0.000000
526.990000	0.543380	-1.147454	1.379418	0.000000	0.000000
527.000000	0.543379	-1.147455	1.379416	0.000000	0.000000
527.010000	0.543378	-1.147458	1.379415	0.000000	0.000000
527.020000	0.543378	-1.147463	1.379414	0.000000	0.000000
527.030000	0.543379	-1.147470	1.379413	0.000000	0.000000
527.040000	0.543380	-1.147476	1.379412	0.000000	0.000000
527.050000	0.543381	-1.147483	1.379411	0.000000	0.000000
527.060000	0.543381	-1.147488	1.379410	0.000000	0.000000
527.070000	0.543381	-1.147491	1.379409	0.000000	0.000000
527.080000	0.543379	-1.147490	1.379408	0.000000	0.000000
527.090000	0.543376	-1.147484	1.379407	0.000000	0.000000
527.100000	0.543372	-1.147478	1.379406	0.000000	0.000000
527.110000	0.543370	-1.147474	1.379405	0.000000	0.000000
527.120000	0.543369	-1.147473	1.379404	0.000000	0.000000
527.130000	0.543368	-1.147475	1.379403	0.000000	0.000000
527.140000	0.543369	-1.147478	1.379402	0.000000	0.000000
527.150000	0.543369	-1.147482	1.379401	0.000000	0.000000
527.160000	0.543369	-1.147484	1.379400	0.000000	0.000000
527.170000	0.543367	-1.147485	1.379399	0.000000	0.000000
527.180000	0.543366	-1.147484	1.379397	0.000000	0.000000
527.190000	0.543365	-1.147483	1.379396	0.000000	0.000000
527.200000	0.543364	-1.147483	1.379395	0.000000	0.000000
527.210000	0.543363	-1.147484	1.379393	0.000000	0.000000
527.220000	0.543363	-1.147486	1.379391	0.000000	0.000000
527.230000	0.543364	-1.147490	1.379390	0.000000	0.000000
527.240000	0.543364	-1.147494	1.379388	0.000000	0.000000
527.250000	0.543366	-1.147500	1.379386	0.000000	0.000000
527.260000	0.543369	-1.147507	1.379384	0.000000	0.000000
527.270000	0.543372	-1.147515	1.379382	0.000000	0.000000
527.280000	0.543375	-1.147522	1.379380	0.000000	0.000000
527.290000	0.543378	-1.147527	1.379378	0.000000	0.000000
527.300000	0.543382	-1.147531	1.379376	0.000000	0.000000
527.310000	0.543384	-1.147533	1.379374	0.000000	0.000000
527.320000	0.543386	-1.147533	1.379372	0.000000	0.000000
527.330000	0.543386	-1.147531	1.379370	0.000000	0.000000
527.340000	0.543387	-1.147528	1.379368	0.000000	0.000000
527.350000	0.543388	-1.147525	1.379366	0.000000	0.000000
527.360000	0.543390	-1.147525	1.379364	0.000000	0.000000
527.370000	0.543391	-1.147525	1.379362	0.000000	0.000000
527.380000	0.543392	-1.147525	1.379360	0.000000	0.000000
527.390000	0.543393	-1.147524	1.379359	0.000000	0.000000
527.400000	0.543394	-1.147524	1.379357	0.000000	0.000000
527.410000	0.543396	-1.147523	1.379356	0.000000	0.000000
527.420000	0.543396	-1.147522	1.379355	0.000000	0.000000
527.430000	0.543396	-1.147520	1.379354	0.000000	0.000000
527.440000	0.543396	-1.147516	1.379353	0.000000	0.000000
527.450000	0.543394	-1.147510	1.379352	0.000000	0.000000
527.460000	0.543392	-1.147501	1.379351	0.000000	0.000000
527.470000	0.543389	-1.147491	1.379350	0.000000	0.000000
527.480000	0.543386	-1.147479	1.379349	0.000000	0.000000
527.490000	0.543383	-1.147467	1.379348	0.000000	0.000000
527.500000	0.543379	-1.147457	1.379347	0.000000	0.000000
527.510000	0.543376	-1.147449	1.379347	0.000000	0.000000
527.520000	0.543374	-1.147442	1.379346	0.000000	0.000000
527.530000	0.543373	-1.147438	1.379345	0.000000	0.000000
527.540000	0.543372	-1.147436	1.379344	0.000000	0.000000
527.550000	0.543372	-1.147435	1.379343	0.000000	0.000000
527.560000	0.543372	-1.147434	1.379342	0.000000	0.000000
527.570000	0.543372	-1.147434	1.379341	0.000000	0.000000
527.580000	0.543372	-1.147434	1.379340	0.000000	0.000000
527.590000	0.543372	-1.147435	1.379339	0.000000	0.000000
527.600000	0.543372	-1.147436	1.379338	0.000000	0.000000
527.610000	0.543374	-1.147438	1.379337	0.000000	0.000000
527.620000	0.543374	-1.147438	1.379336	0.000000	0.000000
527.630000	0.543375	-1.147435	1.379334	0.000000	0.000000
527.640000	0.543374	-1.147427	1.379333	0.000000	0.000000
527.650000	0.543372	-1.147416	1.379332	0.000000	0.000000
527.660000	0.543369	-1.147406	1.379331	0.000000	0.000000
527.670000	0.543368	-1.147399	1.379330	0.000000	0.000000
527.680000	0.543366	-1.147393	1.379330	0.000000	0.000000
527.690000	0.543366	-1.147388	1.379329	0.000000	0.000000
527.700000	0.543364	-1.147381	1.379328	0.000000	0.000000
527.710000	0.543362	-1.147375	1.379327	0.000000	0.000000
527.720000	0.543361	-1.147368	1.379327	0.000000	0.000000
527.730000	0.543360	-1.147360	1.379326	0.000000	0.000000
527.740000	0.543358	-1.147353	1.379325	0.000000	0.000000
527.750000	0.543356	-1.147346	1.379325	0.000000	0.000000
527.760000	0.543355	-1.147338	1.379324	0.000000	0.000000
527.770000	0.543353	-1.147330	1.379323	0.000000	0.000000
527.780000	0.543351	-1.147321	1.379323	0.000000	0.000000
527.790000	0.543349	-1.147312	1.379322	0.000000	0.000000
527.800000	0.543348	-1.147303	1.379322	0.000000	0.000000
527.810000	0.543347	-1.147294	1.379321	0.000000	0.000000
527.820000	0.543346	-1.147285	1.379320	0.000000	0.000000
527.830000	0.543345	-1.147276	1.379319	0.000000	0.000000
527.840000	0.543344	-1.147269	1.379319	0.000000	0.000000
527.850000	0.543345	-1.147261	1.379318	0.000000	0.000000
527.860000	0.543344	-1.147254	1.379317	0.000000	0.000000
527.870000	0.543345	-1.147249	1.379317	0.000000	0.000000
527.880000	0.543346	-1.147245	1.379316	0.000000	0.000000
527.890000	0.543347	-1.147241	1.379315	0.000000	0.000000
527.900000	0.543347	-1.147237	1.379315	0.000000	0.000000
527.910000	0.543348	-1.147232	1.379314	0.000000	0.000000
527.920000	0.543349	-1.147226	1.379313	0.000000	0.000000
527.930000	0.543349	-1.147220	1.379313	0.000000	0.000000
527.940000	0.543350	-1.147215	1.379312	0.000000	0.000000
527.950000	0.543351	-1.147211	1.379312	0.000000	0.000000
527.960000	0.543352	-1.147208	1.379311	0.000000	0.000000
527.970000	0.543353	-1.147205	1.379311	0.000000	0.000000
527.980000	0.543354	-1.147202	1.379311	0.000000	0.000000
527.990000	0.543356	-1.147199	1.379310	0.000000	0.000000
528.000000	0.543359	-1.147196	1.379310	0.000000	0.000000
528.010000	0.543361	-1.147194	1.379309	0.000000	0.000000
528.020000	0.543363	-1.147193	1.379309	0.000000	0.000000
528.030000	0.543364	-1.147192	1.379309	0.000000	0.000000
528.040000	0.543366	-1.147192	1.379308	0.000000	0.000000
528.050000	0.543368	-1.147192	1.379308	0.000000	0.000000
528.060000	0.543369	-1.147192	1.379308	0.000000	0.000000
528.070000	0.543371	-1.147192	1.379307	0.000000	0.000000
528.080000	0.543372	-1.147190	1.379307	0.000000	0.000000
528.090000	0.543372	-1.147187	1.379307	0.000000	0.000000
528.100000	0.543371	-1.147183	1.379306	0.000000	0.000000
528.110000	0.543370	-1.147178	1.379306	0.000000	0.000000
528.120000	0.543368	-1.147172	1.379306	0.000000	0.000000
528.130000	0.543367	-1.147165	1.379305	0.000000	0.000000
528.140000	0.543366	-1.147160	1.379305	0.000000	0.000000
528.150000	0.543366	-1.147155	1.379304	0.000000	0.000000
528.160000	0.543367	-1.147153	1.379303	0.000000	0.000000
528.170000	0.543369	-1.147153	1.379302	0.000000	0.000000
528.180000	0.543372	-1.147156	1.379301	0.000000	0.000000
528.190000	0.543376	-1.147161	1.379300	0.000000	0.000000
528.200000	0.543380	-1.147166	1.379299	0.000000	0.000000
528.210000	0.543384	-1.147171	1.379298	0.000000	0.000000
528.220000	0.543387	-1.147176	1.379296	0.000000	0.000000
528.230000	0.543392	-1.147184	1.379294	0.000000	0.000000
528.240000	0.543398	-1.147194	1.379293	0.000000	0.000000
528.250000	0.543404	-1.147204	1.379291	0.000000	0.000000
528.260000	0.543409	-1.147214	1.379289	0.000000	0.000000
528.270000	0.543414	-1.147225	1.379287	0.000000	0.000000
528.280000	0.543420	-1.147237	1.379285	0.000000	0.000000
528.290000	0.543425	-1.147248	1.379282	0.000000	0.000000
528.300000	0.543429	-1.147256	1.379280	0.000000	0.000000
528.310000	0.543433	-1.147263	1.379278	0.000000	0.000000
528.320000	0.543436	-1.147268	1.379275	0.000000	0.000000
528.330000	0.543440	-1.147275	1.379273	0.000000	0.000000
528.340000	0.543444	-1.147283	1.379271	0.000000	0.000000
528.350000	0.543448	-1.147295	1.379269	0.000000	0.000000
528.360000	0.543453	-1.147309	1.379267	0.000000	0.000000
528.370000	0.543457	-1.147322	1.379265	0.000000	0.000000
528.380000	0.543461	-1.147335	1.379264	0.000000	0.000000
528.390000	0.543465	-1.147346	1.379262	0.000000	0.000000
528.400000	0.543469	-1.147356	1.379261	0.000000	0.000000
528.410000	0.543471	-1.147365	1.379260	0.000000	0.000000
528.420000	0.543474	-1.147373	1.379259	0.000000	0.000000
528.430000	0.543476	-1.147379	1.379259	0.000000	0.000000
528.440000	0.543477	-1.147385	1.379258	0.000000	0.000000
528.450000	0.543478	-1.147390	1.379258	0.000000	0.000000
528.460000	0.543478	-1.147393	1.379258	0.000000	0.000000
528.470000	0.543478	-1.147395	1.379258	0.000000	0.000000
528.480000	0.543476	-1.147395	1.379258	0.000000	0.000000
528.490000	0.543475	-1.147394	1.379258	0.000000	0.000000
528.500000	0.543474	-1.147393	1.379258	0.000000	0.000000
528.510000	0.543471	-1.147392	1.379258	0.000000	0.000000
528.520000	0.543470	-1.147392	1.379259	0.000000	0.000000
528.530000	0.543469	-1.147395	1.379259	0.000000	0.000000
528.540000	0.543469	-1.147399	1.379259	0.000000	0.000000
528.550000	0.543469	-1.147405	1.379260	0.000000	0.000000
528.560000	0.543470	-1.147411	1.379260	0.000000	0.000000
528.570000	0.543472	-1.147419	1.379261	0.000000	0.000000
528.580000	0.543473	-1.147427	1.379261	0.000000	0.000000
528.590000	0.543474	-1.147435	1.379261	0.000000	0.000000
528.600000	0.543475	-1.147443	1.379262	0.000000	0.000000
528.610000	0.543476	-1.147451	1.379262	0.000000	0.000000
528.620000	0.543477	-1.147458	1.379263	0.000000	0.000000
528.630000	0.543478	-1.147466	1.379263	0.000000	0.000000
528.640000	0.543479	-1.147474	1.379264	0.000000	0.000000
528.650000	0.543481	-1.147483	1.379264	0.000000	0.000000
528.660000	0.543483	-1.147493	1.379264	0.000000	0.000000
528.670000	0.543485	-1.147502	1.379265	0.000000	0.000000
528.680000	0.543487	-1.147511	1.379265	0.000000	0.000000
528.690000	0.543488	-1.147519	1.379266	0.000000	0.000000
528.700000	0.543489	-1.147525	1.379266	0.000000	0.000000
528.710000	0.543490	-1.147530	1.379267	0.000000	0.000000
528.720000	0.543490	-1.147536	1.379267	0.000000	0.000000
528.730000	0.543491	-1.147543	1.379268	0.000000	0.000000
528.740000	0.543491	-1.147551	1.379269	0.000000	0.000000
528.750000	0.543492	-1.147559	1.379270	0.000000	0.000000
528.760000	0.543492	-1.147567	1.379270	0.000000	0.000000
528.770000	0.543492	-1.147574	1.379271	0.000000	0.000000
528.780000	0.543492	-1.147581	1.379272	0.000000	0.000000
528.790000	0.543492	-1.147588	1.379273	0.000000	0.000000
528.800000	0.543492	-1.147594	1.379274	0.000000	0.000000
528.810000	0.543492	-1.147599	1.379275	0.000000	0.000000
528.820000	0.543492	-1.147603	1.379276	0.000000	0.000000
528.830000	0.543491	-1.147604	1.379277	0.000000	0.000000
528.840000	0.543489	-1.147604	1.379279	0.000000	0.000000
528.850000	0.543488	-1.147603	1.379280	0.000000	0.000000
528.860000	0.543486	-1.147601	1.379281	0.000000	0.000000
528.870000	0.543484	-1.147598	1.379282	0.000000	0.000000
528.880000	0.543482	-1.147596	1.379283	0.000000	0.000000
528.890000	0.543480	-1.147594	1.379284	0.000000	0.000000
528.900000	0.543478	-1.147591	1.379285	0.000000	0.000000
528.910000	0.543477	-1.147588	1.379286	0.000000	0.000000
528.920000	0.543476	-1.147585	1.379287	0.000000	0.000000
528.930000	0.543475	-1.147582	1.379288	0.000000	0.000000
528.940000	0.543474	-1.147579	1.379289	0.000000	0.000000
528.950000	0.543473	-1.147576	1.379290	0.000000	0.000000
528.960000	0.543472	-1.147574	1.379291	0.000000	0.000000
528.970000	0.543470	-1.147572	1.379292	0.000000	0.000000
528.980000	0.543468	-1.147570	1.379293	0.000000	0.000000
528.990000	0.543466	-1.147569	1.379294	0.000000	0.000000
529.000000	0.543465	-1.147570	1.379295	0.000000	0.000000
529.010000	0.543465	-1.147574	1.379296	0.000000	0.000000
529.020000	0.543465	-1.147580	1.379297	0.000000	0.000000
529.030000	0.543465	-1.147587	1.379298	0.000000	0.000000
529.040000	0.543466	-1.147596	1.379299	0.000000	0.000000
529.050000	0.543467	-1.147605	1.379300	0.000000	0.000000
529.060000	0.543467	-1.147614	1.379300	0.000000	0.000000
529.070000	0.543467	-1.147623	1.379301	0.000000	0.000000
529.080000	0.543466	-1.147631	1.379302	0.000000	0.000000
529.090000	0.543465	-1.147639	1.379303	0.000000	0.000000
529.100000	0.543463	-1.147645	1.379304	0.000000	0.000000
529.110000	0.543462	-1.147650	1.379305	0.000000	0.000000
529.120000	0.543460	-1.147655	1.379306	0.000000	0.000000
529.130000	0.543459	-1.147660	1.379307	0.000000	0.000000
529.140000	0.543458	-1.147665	1.379308	0.000000	0.000000
529.150000	0.543458	-1.147671	1.379309	0.000000	0.000000
529.160000	0.543457	-1.147678	1.379310	0.000000	0.000000
529.170000	0.543457	-1.147687	1.379311	0.000000	0.000000
529.180000	0.543458	-1.147697	1.379312	0.000000	0.000000
529.190000	0.543457	-1.147707	1.379313	0.000000	0.000000
529.200000	0.543457	-1.147716	1.379314	0.000000	0.000000
529.210000	0.543456	-1.147725	1.379315	0.000000	0.000000
529.220000	0.543455	-1.147732	1.379316	0.000000	0.000000
529.230000	0.543454	-1.147740	1.379317	0.000000	0.000000
529.240000	0.543453	-1.147746	1.379319	0.000000	0.000000
529.250000	0.543452	-1.147751	1.379320	0.000000	0.000000
529.260000	0.543450	-1.147755	1.379321	0.000000	0.000000
529.270000	0.543448	-1.147758	1.379322	0.000000	0.000000
529.280000	0.543446	-1.147761	1.379323	0.000000	0.000000
529.290000	0.543445	-1.147766	1.379325	0.000000	0.000000
529.300000	0.543444	-1.147772	1.379326	0.000000	0.000000
529.310000	0.543443	-1.147780	1.379327	0.000000	0.000000
529.320000	0.543444	-1.147789	1.379328	0.000000	0.000000
529.330000	0.543444	-1.147796	1.379330	0.000000	0.000000
529.340000	0.543443	-1.147802	1.379331	0.000000	0.000000
529.350000	0.543444	-1.147808	1.379332	0.000000	0.000000
529.360000	0.543444	-1.147816	1.379334	0.000000	0.000000
529.370000	0.543444	-1.147825	1.379335	0.000000	0.000000
529.380000	0.543445	-1.147834	1.379336	0.000000	0.000000
529.390000	0.543445	-1.147843	1.379338	0.000000	0.000000
529.400000	0.543445	-1.147851	1.379339	0.000000	0.000000
529.410000	0.543445	-1.147858	1.379340	0.000000	0.000000
529.420000	0.543444	-1.147864	1.379342	0.000000	0.000000
529.430000	0.543443	-1.147871	1.379343	0.000000	0.000000
529.440000	0.543442	-1.147877	1.379344	0.000000	0.000000
529.450000	0.543441	-1.147885	1.379346	0.000000	0.000000
529.460000	0.543442	-1.147892	1.379347	0.000000	0.000000
529.470000	0.543442	-1.147900	1.379348	0.000000	0.000000
529.480000	0.543443	-1.147908	1.379349	0.000000	0.000000
529.490000	0.543443	-1.147917	1.379350	0.000000	0.000000
529.500000	0.543445	-1.147926	1.379352	0.000000	0.000000
529.510000	0.543447	-1.147935	1.379353	0.000000	0.000000
529.520000	0.543449	-1.147944	1.379354	0.000000	0.000000
529.530000	0.543452	-1.147953	1.379355	0.000000	0.000000
529.540000	0.543455	-1.147961	1.379356	0.000000	0.000000
529.550000	0.543457	-1.147967	1.379357	0.000000	0.000000
529.560000	0.543460	-1.147971	1.379358	0.000000	0.000000
529.570000	0.543464	-1.147977	1.379359	0.000000	0.000000
529.580000	0.543468	-1.147984	1.379360	0.000000	0.000000
529.590000	0.543472	-1.147992	1.379362	0.000000	0.000000
529.600000	0.543476	-1.148000	1.379363	0.000000	0.000000
529.610000	0.543480	-1.148006	1.379364	0.000000	0.000000
529.620000	0.543483	-1.148010	1.379366	0.000000	0.000000
529.630000	0.543487	-1.148012	1.379367	0.000000	0.000000
529.640000	0.543489	-1.148011	1.379369	0.000000	0.000000
529.650000	0.543491	-1.148009	1.379371	0.000000	0.000000
529.660000	0.543492	-1.148005	1.379373	0.000000	0.000000
529.670000	0.543491	-1.148000	1.379375	0.000000	0.000000
529.680000	0.543492	-1.147995	1.379377	0.000000	0.000000
529.690000	0.543491	-1.147988	1.379379	0.000000	0.000000
529.700000	0.543491	-1.147982	1.379381	0.000000	0.000000
529.710000	0.543492	-1.147976	1.379383	0.000000	0.000000
529.720000	0.543493	-1.147971	1.379385	0.000000	0.000000
529.730000	0.543494	-1.147967	1.379387	0.000000	0.000000
529.740000	0.543497	-1.147965	1.379389	0.000000	0.000000
529.750000	0.543501	-1.147965	1.379392	0.000000	0.000000
529.760000	0.543505	-1.147966	1.379394	0.000000	0.000000
529.770000	0.543508	-1.147967	1.379396	0.000000	0.000000
529.780000	0.543511	-1.147967	1.379398	0.000000	0.000000
529.790000	0.543515	-1.147967	1.379400	0.000000	0.000000
529.800000	0.543517	-1.147967	1.379402	0.000000	0.000000
529.810000	0.543519	-1.147966	1.379404	0.000000	0.000000
529.820000	0.543520	-1.147965	1.379406	0.000000	0.000000
529.830000	0.543521	-1.147964	1.379407	0.000000	0.000000
529.840000	0.543522	-1.147964	1.379409	0.000000	0.000000
529.850000	0.543524	-1.147964	1.379411	0.000000	0.000000
529.860000	0.543526	-1.147964	1.379413	0.000000	0.000000
529.870000	0.543527	-1.147961	1.379415	0.000000	0.000000
529.880000	0.543527	-1.147957	1.379417	0.000000	0.000000
529.890000	0.543528	-1.147951	1.379419	0.000000	0.000000
529.900000	0.543527	-1.147943	1.379421	0.000000	0.000000
529.910000	0.543526	-1.147934	1.379423	0.000000	0.000000
529.920000	0.543525	-1.147924	1.379425	0.000000	0.000000
529.930000	0.543524	-1.147916	1.379427	0.000000	0.000000
529.940000	0.543523	-1.147909	1.379429	0.000000	0.000000
529.950000	0.543523	-1.147904	1.379431	0.000000	0.000000
529.960000	0.543523	-1.147901	1.379432	0.000000	0.000000
529.970000	0.543523	-1.147898	1.379434	0.000000	0.000000
529.980000	0.543524	-1.147897	1.379436	0.000000	0.000000
529.990000	0.543524	-1.147896	1.379438	0.000000	0.000000
530.000000	0.543525	-1.147895	1.379440	0.000000	0.000000
530.010000	0.543526	-1.147894	1.379441	0.000000	0.000000
530.020000	0.543527	-1.147894	1.379443	0.000000	0.000000
530.030000	0.543528	-1.147892	1.379444	0.000000	0.000000
530.040000	0.543529	-1.147890	1.379446	0.000000	0.000000
530.050000	0.543529	-1.147886	1.379447	0.000000	0.000000
530.060000	0.543528	-1.147882	1.379448	0.000000	0.000000
530.070000	0.543527	-1.147877	1.379450	0.000000	0.000000
530.080000	0.543526	-1.147872	1.379451	0.000000	0.000000
530.090000	0.543525	-1.147867	1.379452	0.000000	0.000000
530.100000	0.543523	-1.147862	1.379453	0.000000	0.000000
530.110000	0.543522	-1.147861	1.379454	0.000000	0.000000
530.120000	0.543523	-1.147864	1.379455	0.000000	0.000000
530.130000	0.543523	-1.147870	1.379455	0.000000	0.000000
530.140000	0.543525	-1.147877	1.379456	0.000000	0.000000
530.150000	0.543526	-1.147884	1.379457	0.000000	0.000000
530.160000	0.543527	-1.147890	1.379458	0.000000	0.000000
530.170000	0.543527	-1.147895	1.379458	0.000000	0.000000
530.180000	0.543526	-1.147897	1.379459	0.000000	0.000000
530.190000	0.543525	-1.147896	1.379460	0.000000	0.000000
530.200000	0.543522	-1.147892	1.379460	0.000000	0.000000
530.210000	0.543519	-1.147885	1.379461	0.000000	0.000000
530.220000	0.543516	-1.147877	1.379461	0.000000	0.000000
530.230000	0.543514	-1.147871	1.379461	0.000000	0.000000
530.240000	0.543512	-1.147868	1.379462	0.000000	0.000000
530.250000	0.543511	-1.147870	1.379462	0.000000	0.000000
530.260000	0.543511	-1.147875	1.379463	0.000000	0.000000
530.270000	0.543512	-1.147882	1.379463	0.000000	0.000000
530.280000	0.543513	-1.147891	1.379464	0.000000	0.000000
530.290000	0.543514	-1.147901	1.379464	0.000000	0.000000
530.300000	0.543516	-1.147910	1.379465	0.000000	0.000000
530.310000	0.543517	-1.147917	1.379465	0.000000	0.000000
530.320000	0.543517	-1.147921	1.379466	0.000000	0.000000
530.330000	0.543516	-1.147921	1.379466	0.000000	0.000000
530.340000	0.543515	-1.147921	1.379467	0.000000	0.000000
530.350000	0.543514	-1.147920	1.379468	0.000000	0.000000
530.360000	0.543513	-1.147920	1.379468	0.000000	0.000000
530.370000	0.543513	-1.147919	1.379469	0.000000	0.000000
530.380000	0.543511	-1.147916	1.379470	0.000000	0.000000
530.390000	0.543508	-1.147913	1.379471	0.000000	0.000000
530.400000	0.543505	-1.147907	1.379472	0.000000	0.000000
530.410000	0.543502	-1.147900	1.379473	0.000000	0.000000
530.420000	0.543498	-1.147891	1.379474	0.000000	0.000000
530.430000	0.543494	-1.147882	1.379474	0.000000	0.000000
530.440000	0.543490	-1.147874	1.379475	0.000000	0.000000
530.450000	0.543487	-1.147867	1.379476	0.000000	0.000000
530.460000	0.543484	-1.147863	1.379477	0.000000	0.000000
530.470000	0.543482	-1.147862	1.379477	0.000000	0.000000
530.480000	0.543480	-1.147863	1.379478	0.000000	0.000000
530.490000	0.543479	-1.147865	1.379478	0.000000	0.000000
530.500000	0.543479	-1.147869	1.379478	0.000000	0.000000
530.510000	0.543478	-1.147874	1.379478	0.000000	0.000000
530.520000	0.543478	-1.147879	1.379478	0.000000	0.000000
530.530000	0.543478	-1.147884	1.379478	0.000000	0.000000
530.540000	0.543478	-1.147888	1.379478	0.000000	0.000000
530.550000	0.543477	-1.147890	1.379478	0.000000	0.000000
530.560000	0.543475	-1.147890	1.379477	0.000000	0.000000
530.570000	0.543474	-1.147889	1.379477	0.000000	0.000000
530.580000	0.543471	-1.147888	1.379476	0.000000	0.000000
530.590000	0.543469	-1.147888	1.379475	0.000000	0.000000
530.600000	0.543468	-1.147891	1.379475	0.000000	0.000000
530.610000	0.543468	-1.147899	1.379474	0.000000	0.000000
530.620000	0.543468	-1.147908	1.379473	0.000000	0.000000
530.630000	0.543469	-1.147917	1.379472	0.000000	0.000000
530.640000	0.543469	-1.147923	1.379472	0.000000	0.000000
530.650000	0.543467	-1.147927	1.379471	0.000000	0.000000
530.660000	0.543464	-1.147926	1.379471	0.000000	0.000000
530.670000	0.543461	-1.147922	1.379470	0.000000	0.000000
530.680000	0.543457	-1.147915	1.379470	0.000000	0.000000
530.690000	0.543452	-1.147906	1.379469	0.000000	0.000000
530.700000	0.543447	-1.147898	1.379469	0.000000	0.000000
530.710000	0.543443	-1.147892	1.379469	0.000000	0.000000
530.720000	0.543440	-1.147888	1.379468	0.000000	0.000000
530.730000	0.543437	-1.147885	1.379468	0.000000	0.000000
530.740000	0.543435	-1.147885	1.379468	0.000000	0.000000
530.750000	0.543434	-1.147886	1.379467	0.000000	0.000000
530.760000	0.543433	-1.147887	1.379467	0.000000	0.000000
530.770000	0.543432	-1.147887	1.379467	0.000000	0.000000
530.780000	0.543431	-1.147887	1.379466	0.000000	0.000000
530.790000	0.543430	-1.147887	1.379465	0.000000	0.000000
530.800000	0.543429	-1.147889	1.379465	0.000000	0.000000
530.810000	0.543429	-1.147890	1.379464	0.000000	0.000000
530.820000	0.543429	-1.147891	1.379463	0.000000	0.000000
530.830000	0.543428	-1.147891	1.379463	0.000000	0.000000
530.840000	0.543428	-1.147891	1.379462	0.000000	0.000000
530.850000	0.543428	-1.147892	1.379461	0.000000	0.000000
530.860000	0.543427	-1.147893	1.379460	0.000000	0.000000
530.870000	0.543427	-1.147894	1.379459	0.000000	0.000000
530.880000	0.543427	-1.147894	1.379458	0.000000	0.000000
530.890000	0.543427	-1.147894	1.379458	0.000000	0.000000
530.900000	0.543427	-1.147895	1.379457	0.000000	0.000000
530.910000	0.543427	-1.147896	1.379456	0.000000	0.000000
530.920000	0.543427	-1.147899	1.379455	0.000000	0.000000
530.930000	0.543429	-1.147903	1.379455	0.000000	0.000000
530.940000	0.543430	-1.147908	1.379454	0.000000	0.000000
530.950000	0.543432	-1.147913	1.379453	0.000000	0.000000
530.960000	0.543433	-1.147916	1.379452	0.000000	0.000000
530.970000	0.543434	-1.147917	1.379451	0.000000	0.000000
530.980000	0.543434	-1.147918	1.379451	0.000000	0.000000
530.990000	0.543433	-1.147917	1.379450	0.000000	0.000000
531.000000	0.543433	-1.147917	1.379449	0.000000	0.000000
531.010000	0.543431	-1.147917	1.379448	0.000000	0.000000
531.020000	0.543430	-1.147919	1.379447	0.000000	0.000000
531.030000	0.543429	-1.147919	1.379446	0.000000	0.000000
531.040000	0.543428	-1.147917	1.379445	0.000000	0.000000
531.050000	0.543426	-1.147914	1.379445	0.000000	0.000000
531.060000	0.543424	-1.147912	1.379444	0.000000	0.000000
531.070000	0.543423	-1.147915	1.379443	0.000000	0.000000
531.080000	0.543423	-1.147923	1.379442	0.000000	0.000000
531.090000	0.543424	-1.147935	1.379442	0.000000	0.000000
531.100000	0.543426	-1.147946	1.379441	0.000000	0.000000
531.110000	0.543427	-1.147957	1.379441	0.000000	0.000000
531.120000	0.543428	-1.147964	1.379440	0.000000	0.000000
531.130000	0.543427	-1.147967	1.379440	0.000000	0.000000
531.140000	0.543425	-1.147967	1.379439	0.000000	0.000000
531.150000	0.543423	-1.147965	1.379439	0.000000	0.000000
531.160000	0.543419	-1.147963	1.379439	0.000000	0.000000
531.170000	0.543417	-1.147960	1.379439	0.000000	0.000000
531.180000	0.543413	-1.147958	1.379439	0.000000	0.000000
531.190000	0.543410	-1.147956	1.379439	0.000000	0.000000
531.200000	0.543407	-1.147954	1.379439	0.000000	0.000000
531.210000	0.543405	-1.147953	1.379439	0.000000	0.000000
531.220000	0.543403	-1.147953	1.379439	0.000000	0.000000
531.230000	0.543400	-1.147953	1.379439	0.000000	0.000000
531.240000	0.543398	-1.147954	1.379439	0.000000	0.000000
531.250000	0.543397	-1.147957	1.379439	0.000000	0.000000
531.260000	0.543396	-1.147960	1.379439	0.000000	0.000000
531.270000	0.543395	-1.147963	1.379439	0.000000	0.000000
531.280000	0.543394	-1.147966	1.379439	0.000000	0.000000
531.290000	0.543393	-1.147969	1.379439	0.000000	0.000000
531.300000	0.543392	-1.147971	1.379439	0.000000	0.000000
531.310000	0.543391	-1.147973	1.379439	0.000000	0.000000
531.320000	0.543390	-1.147974	1.379438	0.000000	0.000000
531.330000	0.543388	-1.147973	1.379438	0.000000	0.000000
531.340000	0.543384	-1.147971	1.379438	0.000000	0.000000
531.350000	0.543381	-1.147968	1.379438	0.000000	0.000000
531.360000	0.543378	-1.147966	1.379438	0.000000	0.000000
531.370000	0.543375	-1.147967	1.379438	0.000000	0.000000
531.380000	0.543374	-1.147972	1.379438	0.000000	0.000000
531.390000	0.543373	-1.147979	1.379437	0.000000	0.000000
531.400000	0.543372	-1.147988	1.379437	0.000000	0.000000
531.410000	0.543371	-1.147997	1.379437	0.000000	0.000000
531.420000	0.543371	-1.148005	1.379438	0.000000	0.000000
531.430000	0.543371	-1.148012	1.379438	0.000000	0.000000
531.440000	0.543370	-1.148016	1.379438	0.000000	0.000000
531.450000	0.543368	-1.148017	1.379438	0.000000	0.000000
531.460000	0.543364	-1.148014	1.379438	0.000000	0.000000
531.470000	0.543359	-1.148009	1.379438	0.000000	0.000000
531.480000	0.543354	-1.148002	1.379438	0.000000	0.000000
531.490000	0.543350	-1.147995	1.379438	0.000000	0.000000
531.500000	0.543345	-1.147988	1.379438	0.000000	0.000000
531.510000	0.543342	-1.147983	1.379439	0.000000	0.000000
531.520000	0.543339	-1.147980	1.379439	0.000000	0.000000
531.530000	0.543335	-1.147977	1.379439	0.000000	0.000000
531.540000	0.543333	-1.147977	1.379439	0.000000	0.000000
531.550000	0.543331	-1.147978	1.379439	0.000000	0.000000
531.560000	0.543329	-1.147981	1.379439	0.000000	0.000000
531.570000	0.543327	-1.147985	1.379439	0.000000	0.000000
531.580000	0.543326	-1.147990	1.379439	0.000000	0.000000
531.590000	0.543326	-1.147994	1.379438	0.000000	0.000000
531.600000	0.543324	-1.147997	1.379438	0.000000	0.000000
531.610000	0.543323	-1.147998	1.379438	0.000000	0.000000
531.620000	0.543320	-1.147996	1.379438	0.000000	0.000000
531.630000	0.543317	-1.147994	1.379438	0.000000	0.000000
531.640000	0.543313	-1.147991	1.379437	0.000000	0.000000
531.650000	0.543310	-1.147989	1.379437	0.000000	0.000000
531.660000	0.543308	-1.147989	1.379437	0.000000	0.000000
531.670000	0.543307	-1.147990	1.379437	0.000000	0.000000
531.680000	0.543305	-1.147991	1.379436	0.000000	0.000000
531.690000	0.543303	-1.147993	1.379436	0.000000	0.000000
531.700000	0.543302	-1.147994	1.379436	0.000000	0.000000
531.710000	0.543302	-1.147995	1.379436	0.000000	0.000000
531.720000	0.543301	-1.147995	1.379435	0.000000	0.000000
531.730000	0.543300	-1.147993	1.379435	0.000000	0.000000
531.740000	0.543299	-1.147990	1.379435	0.000000	0.000000
531.750000	0.543297	-1.147984	1.379434	0.000000	0.000000
531.760000	0.543296	-1.147977	1.379434	0.000000	0.000000
531.770000	0.543294	-1.147969	1.379433	0.000000	0.000000
531.780000	0.543291	-1.147960	1.379433	0.000000	0.000000
531.790000	0.543289	-1.147951	1.379432	0.000000	0.000000
531.800000	0.543287	-1.147941	1.379431	0.000000	0.000000
531.810000	0.543284	-1.147932	1.379430	0.000000	0.000000
531.820000	0.543283	-1.147925	1.379430	0.000000	0.000000
531.830000	0.543283	-1.147922	1.379429	0.000000	0.000000
531.840000	0.543284	-1.147922	1.379428	0.000000	0.000000
531.850000	0.543286	-1.147925	1.379427	0.000000	0.000000
531.860000	0.543288	-1.147930	1.379425	0.000000	0.000000
531.870000	0.543291	-1.147935	1.379424	0.000000	0.000000
531.880000	0.543292	-1.147939	1.379423	0.000000	0.000000
531.890000	0.543293	-1.147941	1.379421	0.000000	0.000000
531.900000	0.543294	-1.147941	1.379420	0.000000	0.000000
531.910000	0.543294	-1.147939	1.379418	0.000000	0.000000
531.920000	0.543293	-1.147935	1.379417	0.000000	0.000000
531.930000	0.543292	-1.147929	1.379415	0.000000	0.000000
531.940000	0.543291	-1.147923	1.379413	0.000000	0.000000
531.950000	0.543291	-1.147920	1.379412	0.000000	0.000000
531.960000	0.543292	-1.147918	1.379410	0.000000	0.000000
531.970000	0.543292	-1.147915	1.379408	0.000000	0.000000
531.980000	0.543293	-1.147913	1.379406	0.000000	0.000000
531.990000	0.543293	-1.147909	1.379404	0.000000	0.000000
532.000000	0.543292	-1.147905	1.379402	0.000000	0.000000
532.010000	0.543291	-1.147899	1.379400	0.000000	0.000000
532.020000	0.543291	-1.147891	1.379398	0.000000	0.000000
532.030000	0.543290	-1.147882	1.379396	0.000000	0.000000
532.040000	0.543288	-1.147872	1.379393	0.000000	0.000000
532.050000	0.543287	-1.147863	1.379391	0.000000	0.000000
532.060000	0.543286	-1.147855	1.379389	0.000000	0.000000
532.070000	0.543287	-1.147851	1.379386	0.000000	0.000000
532.080000	0.543288	-1.147847	1.379384	0.000000	0.000000
532.090000	0.543291	-1.147843	1.379381	0.000000	0.000000
532.100000	0.543292	-1.147839	1.379379	0.000000	0.000000
532.110000	0.543294	-1.147834	1.379376	0.000000	0.000000
532.120000	0.543296	-1.147828	1.379374	0.000000	0.000000
532.130000	0.543298	-1.147825	1.379371	0.000000	0.000000
532.140000	0.543301	-1.147824	1.379368	0.000000	0.000000
532.150000	0.543305	-1.147825	1.379365	0.000000	0.000000
532.160000	0.543309	-1.147828	1.379363	0.000000	0.000000
532.170000	0.543312	-1.147831	1.379360	0.000000	0.000000
532.180000	0.543314	-1.147833	1.379357	0.000000	0.000000
532.190000	0.543316	-1.147834	1.379354	0.000000	0.000000
532.200000	0.543316	-1.147833	1.379352	0.000000	0.000000
532.210000	0.543317	-1.147831	1.379349	0.000000	0.000000
532.220000	0.543317	-1.147828	1.379346	0.000000	0.000000
532.230000	0.543318	-1.147825	1.379343	0.000000	0.000000
532.240000	0.543318	-1.147822	1.379340	0.000000	0.000000
532.250000	0.543318	-1.147819	1.379337	0.000000	0.000000
532.260000	0.543318	-1.147817	1.379334	0.000000	0.000000
532.270000	0.543319	-1.147814	1.379332	0.000000	0.000000
532.280000	0.543319	-1.147813	1.379329	0.000000	0.000000
532.290000	0.543321	-1.147814	1.379326	0.000000	0.000000
532.300000	0.543322	-1.147816	1.379323	0.000000	0.000000
532.310000	0.543323	-1.147819	1.379320	0.000000	0.000000
532.320000	0.543325	-1.147822	1.379317	0.000000	0.000000
532.330000	0.543326	-1.147822	1.379314	0.000000	0.000000
532.340000	0.543327	-1.147821	1.379311	0.000000	0.000000
532.350000	0.543328	-1.147819	1.379308	0.000000	0.000000
532.360000	0.543328	-1.147817	1.379305	0.000000	0.000000
532.370000	0.543330	-1.147814	1.379302	0.000000	0.000000
532.380000	0.543331	-1.147811	1.379299	0.000000	0.000000
532.390000	0.543332	-1.147807	1.379296	0.000000	0.000000
532.400000	0.543334	-1.147804	1.379293	0.000000	0.000000
532.410000	0.543336	-1.147803	1.379290	0.000000	0.000000
532.420000	0.543338	-1.147802	1.379287	0.000000	0.000000
532.430000	0.543341	-1.147802	1.379284	0.000000	0.000000
532.440000	0.543342	-1.147802	1.379281	0.000000	0.000000
532.450000	0.543343	-1.147801	1.379279	0.000000	0.000000
532.460000	0.543344	-1.147801	1.379276	0.000000	0.000000
532.470000	0.543344	-1.147800	1.379273	0.000000	0.000000
532.480000	0.543343	-1.147800	1.379271	0.000000	0.000000
532.490000	0.543343	-1.147799	1.379268	0.000000	0.000000
532.500000	0.543343	-1.147800	1.379266	0.000000	0.000000
532.510000	0.543343	-1.147802	1.379263	0.000000	0.000000
532.520000	0.543344	-1.147806	1.379261	0.000000	0.000000
532.530000	0.543345	-1.147813	1.379258	0.000000	0.000000
532.540000	0.543346	-1.147821	1.379255	0.000000	0.000000
532.550000	0.543347	-1.147831	1.379253	0.000000	0.000000
532.560000	0.543349	-1.147841	1.379250	0.000000	0.000000
532.570000	0.543351	-1.147851	1.379247	0.000000	0.000000
532.580000	0.543352	-1.147858	1.379245	0.000000	0.000000
532.590000	0.543351	-1.147863	1.379242	0.000000	0.000000
532.600000	0.543349	-1.147865	1.379239	0.000000	0.000000
532.610000	0.543346	-1.147863	1.379236	0.000000	0.000000
532.620000	0.543343	-1.147859	1.379234	0.000000	0.000000
532.630000	0.543340	-1.147858	1.379231	0.000000	0.000000
532.640000	0.543338	-1.147861	1.379228	0.000000	0.000000
532.650000	0.543337	-1.147867	1.379226	0.000000	0.000000
532.660000	0.543336	-1.147873	1.379223	0.000000	0.000000
532.670000	0.543335	-1.147879	1.379220	0.000000	0.000000
532.680000	0.543334	-1.147883	1.379218	0.000000	0.000000
532.690000	0.543332	-1.147886	1.379215	0.000000	0.000000
532.700000	0.543330	-1.147887	1.379213	0.000000	0.000000
532.710000	0.543327	-1.147887	1.379211	0.000000	0.000000
532.720000	0.543324	-1.147886	1.379208	0.000000	0.000000
532.730000	0.543321	-1.147885	1.379206	0.000000	0.000000
532.740000	0.543317	-1.147883	1.379204	0.000000	0.000000
532.750000	0.543313	-1.147882	1.379202	0.000000	0.000000
532.760000	0.543309	-1.147881	1.379199	0.000000	0.000000
532.770000	0.543307	-1.147883	1.379197	0.000000	0.000000
532.780000	0.543305	-1.147886	1.379195	0.000000	0.000000
532.790000	0.543303	-1.147891	1.379193	0.000000	0.000000
532.800000	0.543302	-1.147898	1.379191	0.000000	0.000000
532.810000	0.543301	-1.147905	1.379189	0.000000	0.000000
532.820000	0.543300	-1.147911	1.379187	0.000000	0.000000
532.830000	0.543298	-1.147918	1.379184	0.000000	0.000000
532.840000	0.543296	-1.147923	1.379182	0.000000	0.000000
532.850000	0.543293	-1.147926	1.379180	0.000000	0.000000
532.860000	0.543290	-1.147927	1.379178	0.000000	0.000000
532.870000	0.543286	-1.147927	1.379176	0.000000	0.000000
532.880000	0.543282	-1.147927	1.379174	0.000000	0.000000
532.890000	0.543279	-1.147929	1.379171	0.000000	0.000000
532.900000	0.543277	-1.147934	1.379169	0.000000	0.000000
532.910000	0.543276	-1.147941	1.379167	0.000000	0.000000
532.920000	0.543275	-1.147950	1.379165	0.000000	0.000000
532.930000	0.543274	-1.147960	1.379163	0.000000	0.000000
532.940000	0.543273	-1.147971	1.379160	0.000000	0.000000
532.950000	0.543273	-1.147981	1.379158	0.000000	0.000000
532.960000	0.543272	-1.147991	1.379156	0.000000	0.000000
532.970000	0.543271	-1.147999	1.379154	0.000000	0.000000
532.980000	0.543269	-1.148005	1.379152	0.000000	0.000000
532.990000	0.543266	-1.148009	1.379150	0.000000	0.000000
533.000000	0.543262	-1.148012	1.379148	0.000000	0.000000
533.010000	0.543259	-1.148015	1.379146	0.000000	0.000000
533.020000	0.543256	-1.148020	1.379144	0.000000	0.000000
533.030000	0.543254	-1.148026	1.379142	0.000000	0.000000
533.040000	0.543253	-1.148033	1.379140	0.000000	0.000000
533.050000	0.543254	-1.148040	1.379137	0.000000	0.000000
533.060000	0.543254	-1.148047	1.379135	0.000000	0.000000
533.070000	0.543253	-1.148054	1.379133	0.000000	0.000000
533.080000	0.543253	-1.148062	1.379131	0.000000	0.000000
533.090000	0.543254	-1.148070	1.379129	0.000000	0.000000
533.100000	0.543254	-1.148077	1.379127	0.000000	0.000000
533.110000	0.543254	-1.148084	1.379124	0.000000	0.000000
533.120000	0.543255	-1.148090	1.379122	0.000000	0.000000
533.130000	0.543254	-1.148095	1.379120	0.000000	0.000000
533.140000	0.543252	-1.148097	1.379118	0.000000	0.000000
533.150000	0.543249	-1.148097	1.379115	0.000000	0.000000
533.160000	0.543246	-1.148098	1.379113	0.000000	0.000000
533.170000	0.543245	-1.148103	1.379111	0.000000	0.000000
533.180000	0.543244	-1.148111	1.379109	0.000000	0.000000
533.190000	0.543245	-1.148123	1.379107	0.000000	0.000000
533.200000	0.543246	-1.148136	1.379105	0.000000	0.000000
533.210000	0.543247	-1.148149	1.379103	0.000000	0.000000
533.220000	0.543248	-1.148160	1.379101	0.000000	0.000000
533.230000	0.543248	-1.148170	1.379099	0.000000	0.000000
533.240000	0.543247	-1.148176	1.379098	0.000000	0.000000
533.250000	0.543245	-1.148181	1.379096	0.000000	0.000000
533.260000	0.543243	-1.148183	1.379094	0.000000	0.000000
533.270000	0.543241	-1.148184	1.379093	0.000000	0.000000
533.280000	0.543238	-1.148186	1.379092	0.000000	0.000000
533.290000	0.543235	-1.148189	1.379090	0.000000	0.000000
533.300000	0.543233	-1.148192	1.379089	0.000000	0.000000
533.310000	0.543230	-1.148196	1.379088	0.000000	0.000000
533.320000	0.543228	-1.148201	1.379086	0.000000	0.000000
533.330000	0.543226	-1.148206	1.379085	0.000000	0.000000
533.340000	0.543224	-1.148210	1.379084	0.000000	0.000000
533.350000	0.543222	-1.148212	1.379083	0.000000	0.000000
533.360000	0.543219	-1.148211	1.379082	0.000000	0.000000
533.370000	0.543215	-1.148209	1.379081	0.000000	0.000000
533.380000	0.543210	-1.148206	1.379080	0.000000	0.000000
533.390000	0.543207	-1.148204	1.379079	0.000000	0.000000
533.400000	0.543204	-1.148204	1.379078	0.000000	0.000000
533.410000	0.543202	-1.148206	1.379077	0.000000	0.000000
533.420000	0.543200	-1.148210	1.379076	0.000000	0.000000
533.430000	0.543199	-1.148214	1.379075	0.000000	0.000000
533.440000	0.543198	-1.148219	1.379074	0.000000	0.000000
533.450000	0.543197	-1.148224	1.379073	0.000000	0.000000
533.460000	0.543195	-1.148229	1.379071	0.000000	0.000000
533.470000	0.543193	-1.148235	1.379070	0.000000	0.000000
533.480000	0.543191	-1.148240	1.379069	0.000000	0.000000
533.490000	0.543189	-1.148244	1.379068	0.000000	0.000000
533.500000	0.543185	-1.148246	1.379067	0.000000	0.000000
533.510000	0.543182	-1.148246	1.379066	0.000000	0.000000
533.520000	0.543180	-1.148248	1.379064	0.000000	0.000000
533.530000	0.543178	-1.148251	1.379063	0.000000	0.000000
533.540000	0.543177	-1.148256	1.379062	0.000000	0.000000
533.550000	0.543177	-1.148263	1.379061	0.000000	0.000000
533.560000	0.543176	-1.148272	1.379060	0.000000	0.000000
533.570000	0.543177	-1.148283	1.379058	0.000000	0.000000
533.580000	0.543177	-1.148293	1.379057	0.000000	0.000000
533.590000	0.543177	-1.148303	1.379056	0.000000	0.000000
533.600000	0.543175	-1.148311	1.379055	0.000000	0.000000
533.610000	0.543174	-1.148317	1.379054	0.000000	0.000000
533.620000	0.543171	-1.148322	1.379053	0.000000	0.000000
533.630000	0.543168	-1.148326	1.379052	0.000000	0.000000
533.640000	0.543165	-1.148330	1.379051	0.000000	0.000000
533.650000	0.543162	-1.148334	1.379050	0.000000	0.000000
533.660000	0.543159	-1.148337	1.379049	0.000000	0.000000
533.670000	0.543156	-1.148340	1.379048	0.000000	0.000000
533.680000	0.543154	-1.148345	1.379048	0.000000	0.000000
533.690000	0.543151	-1.148350	1.379047	0.000000	0.000000
533.700000	0.543150	-1.148355	1.379047	0.000000	0.000000
533.710000	0.543148	-1.148359	1.379046	0.000000	0.000000
533.720000	0.543146	-1.148361	1.379046	0.000000	0.000000
533.730000	0.543143	-1.148361	1.379045	0.000000	0.000000
533.740000	0.543140	-1.148360	1.379045	0.000000	0.000000
533.750000	0.543137	-1.148359	1.379045	0.000000	0.000000
533.760000	0.543134	-1.148360	1.379045	0.000000	0.000000
533.770000	0.543132	-1.148363	1.379045	0.000000	0.000000
533.780000	0.543130	-1.148367	1.379045	0.000000	0.000000
533.790000	0.543129	-1.148371	1.379045	0.000000	0.000000
533.800000	0.543127	-1.148374	1.379045	0.000000	0.000000
533.810000	0.543125	-1.148377	1.379045	0.000000	0.000000
533.820000	0.543124	-1.148379	1.379045	0.000000	0.000000
533.830000	0.543121	-1.148379	1.379046	0.000000	0.000000
533.840000	0.543119	-1.148378	1.379046	0.000000	0.000000
533.850000	0.543117	-1.148378	1.379046	0.000000	0.000000
533.860000	0.543114	-1.148377	1.379047	0.000000	0.000000
533.870000	0.543112	-1.148376	1.379047	0.000000	0.000000
533.880000	0.543110	-1.148374	1.379048	0.000000	0.000000
533.890000	0.543108	-1.148372	1.379048	0.000000	0.000000
533.900000	0.543104	-1.148368	1.379049	0.000000	0.000000
533.910000	0.543101	-1.148365	1.379049	0.000000	0.000000
533.920000	0.543097	-1.148362	1.379050	0.000000	0.000000
533.930000	0.543094	-1.148360	1.379050	0.000000	0.000000
533.940000	0.543092	-1.148359	1.379051	0.000000	0.000000
533.950000	0.543089	-1.148358	1.379051	0.000000	0.000000
533.960000	0.543086	-1.148357	1.379052	0.000000	0.000000
533.970000	0.543083	-1.148354	1.379052	0.000000	0.000000
533.980000	0.543080	-1.148352	1.379052	0.000000	0.000000
533.990000	0.543077	-1.148349	1.379053	0.000000	0.000000
534.000000	0.543073	-1.148348	1.379053	0.000000	0.000000
534.010000	0.543070	-1.148349	1.379054	0.000000	0.000000
534.020000	0.543068	-1.148352	1.379054	0.000000	0.000000
534.030000	0.543066	-1.148356	1.379055	0.000000	0.000000
534.040000	0.543065	-1.148361	1.379055	0.000000	0.000000
534.050000	0.543064	-1.148367	1.379056	0.000000	0.000000
534.060000	0.543063	-1.148373	1.379057	0.000000	0.000000
534.070000	0.543062	-1.148377	1.379057	0.000000	0.000000
534.080000	0.543059	-1.148380	1.379058	0.000000	0.000000
534.090000	0.543057	-1.148381	1.379059	0.000000	0.000000
534.100000	0.543055	-1.148380	1.379059	0.000000	0.000000
534.110000	0.543052	-1.148379	1.379060	0.000000	0.000000
534.120000	0.543050	-1.148378	1.379061	0.000000	0.000000
534.130000	0.543047	-1.148376	1.379062	0.000000	0.000000
534.140000	0.543044	-1.148375	1.379063	0.000000	0.000000
534.150000	0.543041	-1.148372	1.379063	0.000000	0.000000
534.160000	0.543038	-1.148370	1.379064	0.000000	0.000000
534.170000	0.543036	-1.148368	1.379065	0.000000	0.000000
534.180000	0.543033	-1.148365	1.379066	0.000000	0.000000
534.190000	0.543029	-1.148362	1.379067	0.000000	0.000000
534.200000	0.543025	-1.148359	1.379068	0.000000	0.000000
534.210000	0.543022	-1.148355	1.379069	0.000000	0.000000
534.220000	0.543017	-1.148351	1.379070	0.000000	0.000000
534.230000	0.543013	-1.148348	1.379071	0.000000	0.000000
534.240000	0.543009	-1.148345	1.379072	0.000000	0.000000
534.250000	0.543004	-1.148344	1.379073	0.000000	0.000000
534.260000	0.543000	-1.148342	1.379074	0.000000	0.000000
534.270000	0.542996	-1.148341	1.379075	0.000000	0.000000
534.280000	0.542992	-1.148340	1.379076	0.000000	0.000000
534.290000	0.542988	-1.148339	1.379077	0.000000	0.000000
534.300000	0.542984	-1.148336	1.379078	0.000000	0.000000
534.310000	0.542980	-1.148332	1.379078	0.000000	0.000000
534.320000	0.542976	-1.148328	1.379079	0.000000	0.000000
534.330000	0.542972	-1.148324	1.379080	0.000000	0.000000
534.340000	0.542968	-1.148320	1.379080	0.000000	0.000000
534.350000	0.542965	-1.148317	1.379081	0.000000	0.000000
534.360000	0.542961	-1.148313	1.379081	0.000000	0.000000
534.370000	0.542958	-1.148310	1.379082	0.000000	0.000000
534.380000	0.542955	-1.148308	1.379083	0.000000	0.000000
534.390000	0.542952	-1.148306	1.379083	0.000000	0.000000
534.400000	0.542949	-1.148305	1.379084	0.000000	0.000000
534.410000	0.542947	-1.148304	1.379084	0.000000	0.000000
534.420000	0.542946	-1.148302	1.379085	0.000000	0.000000
534.430000	0.542944	-1.148300	1.379086	0.000000	0.000000
534.440000	0.542942	-1.148296	1.379086	0.000000	0.000000
534.450000	0.542941	-1.148291	1.379087	0.000000	0.000000
534.460000	0.542940	-1.148287	1.379088	0.000000	0.000000
534.470000	0.542940	-1.148284	1.379088	0.000000	0.000000
534.480000	0.542939	-1.148280	1.379089	0.000000	0.000000
534.490000	0.542937	-1.148277	1.379090	0.000000	0.000000
534.500000	0.542936	-1.148274	1.379090	0.000000	0.000000
534.510000	0.542936	-1.148273	1.379091	0.000000	0.000000
534.520000	0.542936	-1.148271	1.379091	0.000000	0.000000
534.530000	0.542935	-1.148270	1.379091	0.000000	0.000000
534.540000	0.542934	-1.148267	1.379092	0.000000	0.000000
534.550000	0.542933	-1.148262	1.379092	0.000000	0.000000
534.560000	0.542931	-1.148256	1.379092	0.000000	0.000000
534.570000	0.542931	-1.148250	1.379092	0.000000	0.000000
534.580000	0.542931	-1.148246	1.379093	0.000000	0.000000
534.590000	0.542931	-1.148243	1.379093	0.000000	0.000000
534.600000	0.542932	-1.148242	1.379093	0.000000	0.000000
534.610000	0.542934	-1.148241	1.379093	0.000000	0.000000
534.620000	0.542935	-1.148241	1.379094	0.000000	0.000000
534.630000	0.542936	-1.148241	1.379094	0.000000	0.000000
534.640000	0.542937	-1.148240	1.379094	0.000000	0.000000
534.650000	0.542937	-1.148239	1.379094	0.000000	0.000000
534.660000	0.542938	-1.148238	1.379095	0.000000	0.000000
534.670000	0.542939	-1.148238	1.379095	0.000000	0.000000
534.680000	0.542939	-1.148237	1.379095	0.000000	0.000000
534.690000	0.542940	-1.148236	1.379096	0.000000	0.000000
534.700000	0.542939	-1.148234	1.379096	0.000000	0.000000
534.710000	0.542939	-1.148230	1.379096	0.000000	0.000000
534.720000	0.542938	-1.148225	1.379096	0.000000	0.000000
534.730000	0.542936	-1.148218	1.379097	0.000000	0.000000
534.740000	0.542934	-1.148209	1.379097	0.000000	0.000000
534.750000	0.542931	-1.148198	1.379097	0.000000	0.000000
534.760000	0.542928	-1.148186	1.379097	0.000000	0.000000
534.770000	0.542925	-1.148173	1.379098	0.000000	0.000000
534.780000	0.542923	-1.148160	1.379098	0.000000	0.000000
534.790000	0.542921	-1.148149	1.379098	0.000000	0.000000
534.800000	0.542920	-1.148137	1.379098	0.000000	0.000000
534.810000	0.542919	-1.148127	1.379099	0.000000	0.000000
534.820000	0.542918	-1.148116	1.379099	0.000000	0.000000
534.830000	0.542918	-1.148107	1.379099	0.000000	0.000000
534.840000	0.542918	-1.148099	1.379099	0.000000	0.000000
534.850000	0.542918	-1.148092	1.379100	0.000000	0.000000
534.860000	0.542919	-1.148087	1.379100	0.000000	0.000000
534.870000	0.542920	-1.148085	1.379101	0.000000	0.000000
534.880000	0.542922	-1.148085	1.379101	0.000000	0.000000
534.890000	0.542925	-1.148086	1.379102	0.000000	0.000000
534.900000	0.542926	-1.148086	1.379103	0.000000	0.000000
534.910000	0.542927	-1.148083	1.379103	0.000000	0.000000
534.920000	0.542927	-1.148078	1.379104	0.000000	0.000000
534.930000	0.542926	-1.148070	1.379105	0.000000	0.000000
534.940000	0.542924	-1.148059	1.379106	0.000000	0.000000
534.950000	0.542921	-1.148045	1.379107	0.000000	0.000000
534.960000	0.542918	-1.148032	1.379108	0.000000	0.000000
534.970000	0.542915	-1.148021	1.379109	0.000000	0.000000
534.980000	0.542913	-1.148013	1.379110	0.000000	0.000000
534.990000	0.542913	-1.148007	1.379111	0.000000	0.000000
535.000000	0.542913	-1.148002	1.379113	0.000000	0.000000
535.010000	0.542914	-1.147997	1.379114	0.000000	0.000000
535.020000	0.542913	-1.147991	1.379115	0.000000	0.000000
535.030000	0.542912	-1.147985	1.379117	0.000000	0.000000
535.040000	0.542911	-1.147978	1.379118	0.000000	0.000000
535.050000	0.542910	-1.147971	1.379119	0.000000	0.000000
535.060000	0.542910	-1.147963	1.379121	0.000000	0.000000
535.070000	0.542908	-1.147955	1.379122	0.000000	0.000000
535.080000	0.542908	-1.147948	1.379124	0.000000	0.000000
535.090000	0.542907	-1.147941	1.379125	0.000000	0.000000
535.100000	0.542906	-1.147932	1.379126	0.000000	0.000000
535.110000	0.542904	-1.147923	1.379127	0.000000	0.000000
535.120000	0.542902	-1.147915	1.379129	0.000000	0.000000
535.130000	0.542901	-1.147910	1.379130	0.000000	0.000000
535.140000	0.542901	-1.147908	1.379131	0.000000	0.000000
535.150000	0.542902	-1.147906	1.379132	0.000000	0.000000
535.160000	0.542902	-1.147903	1.379133	0.000000	0.000000
535.170000	0.542902	-1.147899	1.379134	0.000000	0.000000
535.180000	0.542902	-1.147894	1.379135	0.000000	0.000000
535.190000	0.542901	-1.147889	1.379136	0.000000	0.000000
535.200000	0.542902	-1.147887	1.379137	0.000000	0.000000
535.210000	0.542904	-1.147886	1.379139	0.000000	0.000000
535.220000	0.542906	-1.147886	1.379140	0.000000	0.000000
535.230000	0.542908	-1.147884	1.379141	0.000000	0.000000
535.240000	0.542909	-1.147880	1.379142	0.000000	0.000000
535.250000	0.542909	-1.147872	1.379143	0.000000	0.000000
535.260000	0.542910	-1.147863	1.379144	0.000000	0.000000
535.270000	0.542910	-1.147853	1.379145	0.000000	0.000000
535.280000	0.542911	-1.147843	1.379146	0.000000	0.000000
535.290000	0.542912	-1.147832	1.379147	0.000000	0.000000
535.300000	0.542912	-1.147820	1.379149	0.000000	0.000000
535.310000	0.542911	-1.147804	1.379150	0.000000	0.000000
535.320000	0.542910	-1.147786	1.379151	0.000000	0.000000
535.330000	0.542908	-1.147767	1.379152	0.000000	0.000000
535.340000	0.542907	-1.147750	1.379153	0.000000	0.000000
535.350000	0.542908	-1.147737	1.379154	0.000000	0.000000
535.360000	0.542910	-1.147727	1.379155	0.000000	0.000000
535.370000	0.542914	-1.147720	1.379156	0.000000	0.000000
535.380000	0.542918	-1.147715	1.379158	0.000000	0.000000
535.390000	0.542921	-1.147709	1.379159	0.000000	0.000000
535.400000	0.542924	-1.147701	1.379160	0.000000	0.000000
535.410000	0.542928	-1.147694	1.379161	0.000000	0.000000
535.420000	0.542931	-1.147688	1.379162	0.000000	0.000000
535.430000	0.542934	-1.147685	1.379163	0.000000	0.000000
535.440000	0.542938	-1.147685	1.379165	0.000000	0.000000
535.450000	0.542943	-1.147686	1.379166	0.000000	0.000000
535.460000	0.542947	-1.147687	1.379167	0.000000	0.000000
535.470000	0.542952	-1.147686	1.379169	0.000000	0.000000
535.480000	0.542956	-1.147685	1.379170	0.000000	0.000000
535.490000	0.542959	-1.147684	1.379172	0.000000	0.000000
535.500000	0.542963	-1.147682	1.379173	0.000000	0.000000
535.510000	0.542966	-1.147680	1.379175	0.000000	0.000000
535.520000	0.542969	-1.147677	1.379177	0.000000	0.000000
535.530000	0.542972	-1.147673	1.379179	0.000000	0.000000
535.540000	0.542975	-1.147667	1.379181	0.000000	0.000000
535.550000	0.542977	-1.147660	1.379183	0.000000	0.000000
535.560000	0.542979	-1.147653	1.379185	0.000000	0.000000
535.570000	0.542980	-1.147646	1.379187	0.000000	0.000000
535.580000	0.542981	-1.147639	1.379189	0.000000	0.000000
535.590000	0.542982	-1.147631	1.379192	0.000000	0.000000
535.600000	0.542983	-1.147621	1.379194	0.000000	0.000000
535.610000	0.542982	-1.147610	1.379197	0.000000	0.000000
535.620000	0.542982	-1.147595	1.379199	0.000000	0.000000
535.630000	0.542980	-1.147578	1.379202	0.000000	0.000000
535.640000	0.542978	-1.147561	1.379205	0.000000	0.000000
535.650000	0.542977	-1.147546	1.379207	0.000000	0.000000
535.660000	0.542976	-1.147532	1.379210	0.000000	0.000000
535.670000	0.542977	-1.147519	1.379213	0.000000	0.000000
535.680000	0.542977	-1.147508	1.379216	0.000000	0.000000
535.690000	0.542978	-1.147498	1.379219	0.000000	0.000000
535.700000	0.542980	-1.147488	1.379222	0.000000	0.000000
535.710000	0.542980	-1.147478	1.379225	0.000000	0.000000
535.720000	0.542981	-1.147468	1.379228	0.000000	0.000000
535.730000	0.542982	-1.147459	1.379231	0.000000	0.000000
535.740000	0.542984	-1.147451	1.379235	0.000000	0.000000
535.750000	0.542985	-1.147443	1.379238	0.000000	0.000000
535.760000	0.542987	-1.147435	1.379241	0.000000	0.000000
535.770000	0.542989	-1.147428	1.379245	0.000000	0.000000
535.780000	0.542991	-1.147422	1.379248	0.000000	0.000000
535.790000	0.542992	-1.147417	1.379251	0.000000	0.000000
535.800000	0.542993	-1.147411	1.379255	0.000000	0.000000
535.810000	0.542995	-1.147405	1.379258	0.000000	0.000000
535.820000	0.542996	-1.147399	1.379262	0.000000	0.000000
535.830000	0.542998	-1.147392	1.379266	0.000000	0.000000
535.840000	0.542999	-1.147385	1.379269	0.000000	0.000000
535.850000	0.543001	-1.147377	1.379273	0.000000	0.000000
535.860000	0.543002	-1.147370	1.379277	0.000000	0.000000
535.870000	0.543004	-1.147361	1.379280	0.000000	0.000000
535.880000	0.543005	-1.147352	1.379284	0.000000	0.000000
535.890000	0.543006	-1.147343	1.379288	0.000000	0.000000
535.900000	0.543006	-1.147335	1.379292	0.000000	0.000000
535.910000	0.543007	-1.147326	1.379296	0.000000	0.000000
535.920000	0.543009	-1.147317	1.379299	0.000000	0.000000
535.930000	0.543009	-1.147307	1.379303	0.000000	0.000000
535.940000	0.543011	-1.147297	1.379307	0.000000	0.000000
535.950000	0.543013	-1.147289	1.379311	0.000000	0.000000
535.960000	0.543014	-1.147281	1.379315	0.000000	0.000000
535.970000	0.543015	-1.147273	1.379319	0.000000	0.000000
535.980000	0.543015	-1.147264	1.379323	0.000000	0.000000
535.990000	0.543015	-1.147254	1.379327	0.000000	0.000000
536.000000	0.543015	-1.147244	1.379332	0.000000	0.000000
536.010000	0.543015	-1.147234	1.379336	0.000000	0.000000
536.020000	0.543015	-1.147224	1.379340	0.000000	0.000000
536.030000	0.543015	-1.147216	1.379344	0.000000	0.000000
536.040000	0.543016	-1.147209	1.379348	0.000000	0.000000
536.050000	0.543016	-1.147202	1.379352	0.000000	0.000000
536.060000	0.543017	-1.147194	1.379356	0.000000	0.000000
536.070000	0.543016	-1.147183	1.379360	0.000000	0.000000
536.080000	0.543014	-1.147171	1.379364	0.000000	0.000000
536.090000	0.543013	-1.147159	1.379368	0.000000	0.000000
536.100000	0.543011	-1.147150	1.379372	0.000000	0.000000
536.110000	0.543011	-1.147145	1.379376	0.000000	0.000000
536.120000	0.543010	-1.147141	1.379380	0.000000	0.000000
536.130000	0.543010	-1.147137	1.379385	0.000000	0.000000
536.140000	0.543009	-1.147132	1.379389	0.000000	0.000000
536.150000	0.543007	-1.147125	1.379393	0.000000	0.000000
536.160000	0.543005	-1.147116	1.379397	0.000000	0.000000
536.170000	0.543003	-1.147107	1.379401	0.000000	0.000000
536.180000	0.543000	-1.147097	1.379405	0.000000	0.000000
536.190000	0.542997	-1.147089	1.379409	0.000000	0.000000
536.200000	0.542996	-1.147081	1.379413	0.000000	0.000000
536.210000	0.542994	-1.147075	1.379417	0.000000	0.000000
536.220000	0.542993	-1.147069	1.379420	0.000000	0.000000
536.230000	0.542993	-1.147065	1.379424	0.000000	0.000000
536.240000	0.542994	-1.147061	1.379428	0.000000	0.000000
536.250000	0.542994	-1.147057	1.379432	0.000000	0.000000
536.260000	0.542993	-1.147054	1.379435	0.000000	0.000000
536.270000	0.542993	-1.147051	1.379439	0.000000	0.000000
536.280000	0.542992	-1.147047	1.379442	0.000000	0.000000
536.290000	0.542991	-1.147043	1.379446	0.000000	0.000000
536.300000	0.542989	-1.147037	1.379449	0.000000	0.000000
536.310000	0.542987	-1.147030	1.379452	0.000000	0.000000
536.320000	0.542985	-1.147022	1.379456	0.000000	0.000000
536.330000	0.542983	-1.147015	1.379459	0.000000	0.000000
536.340000	0.542982	-1.147011	1.379462	0.000000	0.000000
536.350000	0.542981	-1.147009	1.379465	0.000000	0.000000
536.360000	0.542981	-1.147009	1.379468	0.000000	0.000000
536.370000	0.542981	-1.147009	1.379471	0.000000	0.000000
536.380000	0.542980	-1.147009	1.379474	0.000000	0.000000
536.390000	0.542979	-1.147007	1.379477	0.000000	0.000000
536.400000	0.542978	-1.147004	1.379480	0.000000	0.000000
536.410000	0.542976	-1.146999	1.379483	0.000000	0.000000
536.420000	0.542975	-1.146995	1.379486	0.000000	0.000000
536.430000	0.542973	-1.146990	1.379488	0.000000	0.000000
536.440000	0.542972	-1.146987	1.379491	0.000000	0.000000
536.450000	0.542970	-1.146984	1.379494	0.000000	0.000000
536.460000	0.542969	-1.146980	1.379496	0.000000	0.000000
536.470000	0.542968	-1.146976	1.379499	0.000000	0.000000
536.480000	0.542966	-1.146972	1.379501	0.000000	0.000000
536.490000	0.542965	-1.146967	1.379504	0.000000	0.000000
536.500000	0.542963	-1.146962	1.379506	0.000000	0.000000
536.510000	0.542962	-1.146958	1.379508	0.000000	0.000000
536.520000	0.542961	-1.146954	1.379511	0.000000	0.000000
536.530000	0.542960	-1.146951	1.379513	0.000000	0.000000
536.540000	0.542959	-1.146947	1.379515	0.000000	0.000000
536.550000	0.542957	-1.146944	1.379517	0.000000	0.000000
536.560000	0.542956	-1.146941	1.379519	0.000000	0.000000
536.570000	0.542955	-1.146938	1.379521	0.000000	0.000000
536.580000	0.542953	-1.146934	1.379522	0.000000	0.000000
536.590000	0.542952	-1.146928	1.379524	0.000000	0.000000
536.600000	0.542950	-1.146922	1.379525	0.000000	0.000000
536.610000	0.542948	-1.146917	1.379527	0.000000	0.000000
536.620000	0.542946	-1.146914	1.379528	0.000000	0.000000
536.630000	0.542945	-1.146913	1.379529	0.000000	0.000000
536.640000	0.542946	-1.146915	1.379530	0.000000	0.000000
536.650000	0.542946	-1.146919	1.379531	0.000000	0.000000
536.660000	0.542946	-1.146922	1.379532	0.000000	0.000000
536.670000	0.542946	-1.146923	1.379533	0.000000	0.000000
536.680000	0.542946	-1.146922	1.379533	0.000000	0.000000
536.690000	0.542944	-1.146919	1.379534	0.000000	0.000000
536.700000	0.542943	-1.146916	1.379535	0.000000	0.000000
536.710000	0.542941	-1.146914	1.379535	0.000000	0.000000
536.720000	0.542940	-1.146913	1.379536	0.000000	0.000000
536.730000	0.542940	-1.146913	1.379537	0.000000	0.000000
536.740000	0.542939	-1.146914	1.379537	0.000000	0.000000
536.750000	0.542938	-1.146914	1.379538	0.000000	0.000000
536.760000	0.542937	-1.146915	1.379538	0.000000	0.000000
536.770000	0.542936	-1.146914	1.379539	0.000000	0.000000
536.780000	0.542934	-1.146911	1.379539	0.000000	0.000000
536.790000	0.542932	-1.146907	1.379540	0.000000	0.000000
536.800000	0.542931	-1.146903	1.379541	0.000000	0.000000
536.810000	0.542929	-1.146899	1.379541	0.000000	0.000000
536.820000	0.542928	-1.146896	1.379542	0.000000	0.000000
536.830000	0.542926	-1.146893	1.379543	0.000000	0.000000
536.840000	0.542925	-1.146891	1.379544	0.000000	0.000000
536.850000	0.542924	-1.146888	1.379544	0.000000	0.000000
536.860000	0.542923	-1.146884	1.379545	0.000000	0.000000
536.870000	0.542922	-1.146879	1.379545	0.000000	0.000000
536.880000	0.542920	-1.146876	1.379546	0.000000	0.000000
536.890000	0.542920	-1.146874	1.379546	0.000000	0.000000
536.900000	0.542919	-1.146874	1.379547	0.000000	0.000000
536.910000	0.542919	-1.146875	1.379547	0.000000	0.000000
536.920000	0.542918	-1.146878	1.379547	0.000000	0.000000
536.930000	0.542917	-1.146881	1.379547	0.000000	0.000000
536.940000	0.542916	-1.146885	1.379547	0.000000	0.000000
536.950000	0.542915	-1.146889	1.379547	0.000000	0.000000
536.960000	0.542914	-1.146890	1.379547	0.000000	0.000000
536.970000	0.542911	-1.146888	1.379546	0.000000	0.000000
536.980000	0.542908	-1.146884	1.379546	0.000000	0.000000
536.990000	0.542904	-1.146879	1.379545	0.000000	0.000000
537.000000	0.542900	-1.146875	1.379544	0.000000	0.000000
537.010000	0.542897	-1.146872	1.379543	0.000000	0.000000
537.020000	0.542895	-1.146872	1.379542	0.000000	0.000000
537.030000	0.542894	-1.146875	1.379541	0.000000	0.000000
537.040000	0.542893	-1.146882	1.379540	0.000000	0.000000
537.050000	0.542894	-1.146889	1.379539	0.000000	0.000000
537.060000	0.542894	-1.146897	1.379538	0.000000	0.000000
537.070000	0.542894	-1.146904	1.379537	0.000000	0.000000
537.080000	0.542894	-1.146909	1.379536	0.000000	0.000000
537.090000	0.542893	-1.146913	1.379535	0.000000	0.000000
537.100000	0.542892	-1.146915	1.379534	0.000000	0.000000
537.110000	0.542890	-1.146913	1.379532	0.000000	0.000000
537.120000	0.542887	-1.146909	1.379531	0.000000	0.000000
537.130000	0.542884	-1.146903	1.379530	0.000000	0.000000
537.140000	0.542882	-1.146896	1.379529	0.000000	0.000000
537.150000	0.542880	-1.146890	1.379528	0.000000	0.000000
537.160000	0.542878	-1.146885	1.379527	0.000000	0.000000
537.170000	0.542877	-1.146882	1.379525	0.000000	0.000000
537.180000	0.542877	-1.146880	1.379524	0.000000	0.000000
537.190000	0.542876	-1.146880	1.379523	0.000000	0.000000
537.200000	0.542877	-1.146881	1.379522	0.000000	0.000000
537.210000	0.542878	-1.146885	1.379521	0.000000	0.000000
537.220000	0.542880	-1.146891	1.379520	0.000000	0.000000
537.230000	0.542881	-1.146897	1.379519	0.000000	0.000000
537.240000	0.542880	-1.146903	1.379518	0.000000	0.000000
537.250000	0.542881	-1.146908	1.379517	0.000000	0.000000
537.260000	0.542881	-1.146912	1.379516	0.000000	0.000000
537.270000	0.542881	-1.146916	1.379515	0.000000	0.000000
537.280000	0.542881	-1.146920	1.379514	0.000000	0.000000
537.290000	0.542881	-1.146924	1.379513	0.000000	0.000000
537.300000	0.542882	-1.146928	1.379512	0.000000	0.000000
537.310000	0.542882	-1.146933	1.379512	0.000000	0.000000
537.320000	0.542882	-1.146937	1.379511	0.000000	0.000000
537.330000	0.542881	-1.146940	1.379510	0.000000	0.000000
537.340000	0.542880	-1.146941	1.379510	0.000000	0.000000
537.350000	0.542879	-1.146940	1.379509	0.000000	0.000000
537.360000	0.542878	-1.146939	1.379508	0.000000	0.000000
537.370000	0.542876	-1.146938	1.379508	0.000000	0.000000
537.380000	0.542876	-1.146938	1.379507	0.000000	0.000000
537.390000	0.542874	-1.146937	1.379507	0.000000	0.000000
537.400000	0.542873	-1.146935	1.379506	0.000000	0.000000
537.410000	0.542873	-1.146933	1.379505	0.000000	0.000000
537.420000	0.542872	-1.146929	1.379505	0.000000	0.000000
537.430000	0.542871	-1.146926	1.379504	0.000000	0.000000
537.440000	0.542871	-1.146923	1.379503	0.000000	0.000000
537.450000	0.542871	-1.146922	1.379502	0.000000	0.000000
537.460000	0.542872	-1.146923	1.379501	0.000000	0.000000
537.470000	0.542873	-1.146925	1.379501	0.000000	0.000000
537.480000	0.542874	-1.146928	1.379500	0.000000	0.000000
537.490000	0.542875	-1.146932	1.379499	0.000000	0.000000
537.500000	0.542876	-1.146935	1.379498	0.000000	0.000000
537.510000	0.542876	-1.146940	1.379497	0.000000	0.000000
537.520000	0.542877	-1.146945	1.379496	0.000000	0.000000
537.530000	0.542876	-1.146949	1.379495	0.000000	0.000000
537.540000	0.542876	-1.146950	1.379494	0.000000	0.000000
537.550000	0.542875	-1.146949	1.379494	0.000000	0.000000
537.560000	0.542874	-1.146949	1.379493	0.000000	0.000000
537.570000	0.542873	-1.146949	1.379492	0.000000	0.000000
537.580000	0.542872	-1.146950	1.379492	0.000000	0.000000
537.590000	0.542873	-1.146952	1.379491	0.000000	0.000000
537.600000	0.542873	-1.146955	1.379491	0.000000	0.000000
537.610000	0.542873	-1.146959	1.379490	0.000000	0.000000
537.620000	0.542874	-1.146964	1.379490	0.000000	0.000000
537.630000	0.542874	-1.146969	1.379490	0.000000	0.000000
537.640000	0.542875	-1.146975	1.379490	0.000000	0.000000
537.650000	0.542875	-1.146980	1.379489	0.000000	0.000000
537.660000	0.542875	-1.146985	1.379489	0.000000	0.000000
537.670000	0.542873	-1.146988	1.379489	0.000000	0.000000
537.680000	0.542871	-1.146990	1.379489	0.000000	0.000000
537.690000	0.542869	-1.146991	1.379489	0.000000	0.000000
537.700000	0.542866	-1.146992	1.379489	0.000000	0.000000
537.710000	0.542864	-1.146992	1.379489	0.000000	0.000000
537.720000	0.542861	-1.146992	1.379490	0.000000	0.000000
537.730000	0.542858	-1.146993	1.379490	0.000000	0.000000
537.740000	0.542855	-1.146994	1.379490	0.000000	0.000000
537.750000	0.542852	-1.146995	1.379490	0.000000	0.000000
537.760000	0.542849	-1.146997	1.379490	0.000000	0.000000
537.770000	0.542846	-1.146998	1.379490	0.000000	0.000000
537.780000	0.542843	-1.147000	1.379490	0.000000	0.000000
537.790000	0.542840	-1.147003	1.379491	0.000000	0.000000
537.800000	0.542837	-1.147007	1.379491	0.000000	0.000000
537.810000	0.542835	-1.147010	1.379491	0.000000	0.000000
537.820000	0.542832	-1.147014	1.379491	0.000000	0.000000
537.830000	0.542831	-1.147018	1.379492	0.000000	0.000000
537.840000	0.542830	-1.147023	1.379492	0.000000	0.000000
537.850000	0.542829	-1.147027	1.379493	0.000000	0.000000
537.860000	0.542827	-1.147032	1.379494	0.000000	0.000000
537.870000	0.542826	-1.147036	1.379494	0.000000	0.000000
537.880000	0.542824	-1.147039	1.379495	0.000000	0.000000
537.890000	0.542822	-1.147041	1.379496	0.000000	0.000000
537.900000	0.542820	-1.147043	1.379497	0.000000	0.000000
537.910000	0.542818	-1.147044	1.379498	0.000000	0.000000
537.920000	0.542816	-1.147046	1.379499	0.000000	0.000000
537.930000	0.542814	-1.147046	1.379501	0.000000	0.000000
537.940000	0.542811	-1.147046	1.379502	0.000000	0.000000
537.950000	0.542808	-1.147046	1.379504	0.000000	0.000000
537.960000	0.542805	-1.147044	1.379505	0.000000	0.000000
537.970000	0.542802	-1.147041	1.379507	0.000000	0.000000
537.980000	0.542798	-1.147037	1.379508	0.000000	0.000000
537.990000	0.542794	-1.147033	1.379510	0.000000	0.000000
538.000000	0.542790	-1.147029	1.379512	0.000000	0.000000
538.010000	0.542788	-1.147027	1.379513	0.000000	0.000000
538.020000	0.542786	-1.147027	1.379515	0.000000	0.000000
538.030000	0.542784	-1.147029	1.379517	0.000000	0.000000
538.040000	0.542783	-1.147032	1.379519	0.000000	0.000000
538.050000	0.542782	-1.147034	1.379520	0.000000	0.000000
538.060000	0.542781	-1.147036	1.379522	0.000000	0.000000
538.070000	0.542780	-1.147038	1.379524	0.000000	0.000000
538.080000	0.542777	-1.147038	1.379526	0.000000	0.000000
538.090000	0.542775	-1.147038	1.379527	0.000000	0.000000
538.100000	0.542773	-1.147037	1.379529	0.000000	0.000000
538.110000	0.542770	-1.147036	1.379531	0.000000	0.000000
538.120000	0.542768	-1.147034	1.379532	0.000000	0.000000
538.130000	0.542766	-1.147032	1.379534	0.000000	0.000000
538.140000	0.542764	-1.147030	1.379536	0.000000	0.000000
538.150000	0.542762	-1.147029	1.379537	0.000000	0.000000
538.160000	0.542760	-1.147028	1.379539	0.000000	0.000000
538.170000	0.542758	-1.147028	1.379540	0.000000	0.000000
538.180000	0.542757	-1.147028	1.379542	0.000000	0.000000
538.190000	0.542755	-1.147027	1.379543	0.000000	0.000000
538.200000	0.542753	-1.147025	1.379545	0.000000	0.000000
538.210000	0.542752	-1.147022	1.379546	0.000000	0.000000
538.220000	0.542751	-1.147019	1.379548	0.000000	0.000000
538.230000	0.542750	-1.147016	1.379549	0.000000	0.000000
538.240000	0.542748	-1.147012	1.379550	0.000000	0.000000
538.250000	0.542746	-1.147006	1.379552	0.000000	0.000000
538.260000	0.542742	-1.146998	1.379553	0.000000	0.000000
538.270000	0.542738	-1.146989	1.379555	0.000000	0.000000
538.280000	0.542735	-1.146980	1.379556	0.000000	0.000000
538.290000	0.542731	-1.146972	1.379557	0.000000	0.000000
538.300000	0.542728	-1.146965	1.379559	0.000000	0.000000
538.310000	0.542726	-1.146960	1.379560	0.000000	0.000000
538.320000	0.542724	-1.146958	1.379562	0.000000	0.000000
538.330000	0.542722	-1.146956	1.379563	0.000000	0.000000
538.340000	0.542721	-1.146956	1.379564	0.000000	0.000000
538.350000	0.542720	-1.146956	1.379566	0.000000	0.000000
538.360000	0.542718	-1.146956	1.379567	0.000000	0.000000
538.370000	0.542718	-1.146956	1.379568	0.000000	0.000000
538.380000	0.542716	-1.146954	1.379570	0.000000	0.000000
538.390000	0.542714	-1.146951	1.379571	0.000000	0.000000
538.400000	0.542711	-1.146945	1.379572	0.000000	0.000000
538.410000	0.542707	-1.146940	1.379573	0.000000	0.000000
538.420000	0.542703	-1.146935	1.379574	0.000000	0.000000
538.430000	0.542701	-1.146931	1.379575	0.000000	0.000000
538.440000	0.542699	-1.146927	1.379576	0.000000	0.000000
538.450000	0.542697	-1.146924	1.379577	0.000000	0.000000
538.460000	0.542695	-1.146921	1.379577	0.000000	0.000000
538.470000	0.542694	-1.146919	1.379578	0.000000	0.000000
538.480000	0.542692	-1.146915	1.379579	0.000000	0.000000
538.490000	0.542691	-1.146910	1.379579	0.000000	0.000000
538.500000	0.542689	-1.146906	1.379580	0.000000	0.000000
538.510000	0.542687	-1.146902	1.379581	0.000000	0.000000
538.520000	0.542684	-1.146900	1.379581	0.000000	0.000000
538.530000	0.542682	-1.146898	1.379582	0.000000	0.000000
538.540000	0.542681	-1.146898	1.379582	0.000000	0.000000
538.550000	0.542679	-1.146899	1.379583	0.000000	0.000000
538.560000	0.542678	-1.146900	1.379583	0.000000	0.000000
538.570000	0.542676	-1.146903	1.379584	0.000000	0.000000
538.580000	0.542675	-1.146905	1.379584	0.000000	0.000000
538.590000	0.542673	-1.146908	1.379585	0.000000	0.000000
538.600000	0.542671	-1.146910	1.379585	0.000000	0.000000
538.610000	0.542668	-1.146912	1.379586	0.000000	0.000000
538.620000	0.542666	-1.146913	1.379586	0.000000	0.000000
538.630000	0.542663	-1.146913	1.379587	0.000000	0.000000
538.640000	0.542661	-1.146913	1.379587	0.000000	0.000000
538.650000	0.542658	-1.146912	1.379588	0.000000	0.000000
538.660000	0.542655	-1.146911	1.379588	0.000000	0.000000
538.670000	0.542652	-1.146911	1.379588	0.000000	0.000000
538.680000	0.542650	-1.146912	1.379589	0.000000	0.000000
538.690000	0.542649	-1.146915	1.379589	0.000000	0.000000
538.700000	0.542649	-1.146919	1.379589	0.000000	0.000000
538.710000	0.542648	-1.146924	1.379589	0.000000	0.000000
538.720000	0.542648	-1.146930	1.379589	0.000000	0.000000
538.730000	0.542648	-1.146935	1.379589	0.000000	0.000000
538.740000	0.542648	-1.146940	1.379589	0.000000	0.000000
538.750000	0.542647	-1.146942	1.379589	0.000000	0.000000
538.760000	0.542645	-1.146942	1.379589	0.000000	0.000000
538.770000	0.542644	-1.146937	1.379589	0.000000	0.000000
538.780000	0.542641	-1.146930	1.379589	0.000000	0.000000
538.790000	0.542638	-1.146925	1.379589	0.000000	0.000000
538.800000	0.542637	-1.146924	1.379588	0.000000	0.000000
538.810000	0.542637	-1.146926	1.379588	0.000000	0.000000
538.820000	0.542637	-1.146931	1.379588	0.000000	0.000000
538.830000	0.542638	-1.146939	1.379588	0.000000	0.000000
538.840000	0.542640	-1.146948	1.379588	0.000000	0.000000
538.850000	0.542642	-1.146957	1.379587	0.000000	0.000000
538.860000	0.542644	-1.146966	1.379587	0.000000	0.000000
538.870000	0.542646	-1.146973	1.379587	0.000000	0.000000
538.880000	0.542647	-1.146976	1.379586	0.000000	0.000000
538.890000	0.542647	-1.146978	1.379586	0.000000	0.000000
538.900000	0.542647	-1.146980	1.379585	0.000000	0.000000
538.910000	0.542648	-1.146985	1.379585	0.000000	0.000000
538.920000	0.542649	-1.146991	1.379584	0.000000	0.000000
538.930000	0.542651	-1.146998	1.379583	0.000000	0.000000
538.940000	0.542652	-1.147005	1.379583	0.000000	0.000000
538.950000	0.542653	-1.147009	1.379582	0.000000	0.000000
538.960000	0.542653	-1.147011	1.379581	0.000000	0.000000
538.970000	0.542653	-1.147013	1.379580	0.000000	0.000000
538.980000	0.542653	-1.147015	1.379579	0.000000	0.000000
538.990000	0.542653	-1.147020	1.379578	0.000000	0.000000
539.000000	0.542654	-1.147026	1.379576	0.000000	0.000000
539.010000	0.542655	-1.147032	1.379575	0.000000	0.000000
539.020000	0.542656	-1.147038	1.379574	0.000000	0.000000
539.030000	0.542657	-1.147043	1.379573	0.000000	0.000000
539.040000	0.542657	-1.147045	1.379572	0.000000	0.000000
539.050000	0.542656	-1.147047	1.379571	0.000000	0.000000
539.060000	0.542655	-1.147050	1.379569	0.000000	0.000000
539.070000	0.542654	-1.147054	1.379568	0.000000	0.000000
539.080000	0.542653	-1.147059	1.379567	0.000000	0.000000
539.090000	0.542653	-1.147064	1.379566	0.000000	0.000000
539.100000	0.542652	-1.147067	1.379565	0.000000	0.000000
539.110000	0.542651	-1.147068	1.379564	0.000000	0.000000
539.120000	0.542649	-1.147068	1.379562	0.000000	0.000000
539.130000	0.542647	-1.147065	1.379561	0.000000	0.000000
539.140000	0.542646	-1.147060	1.379560	0.000000	0.000000
539.150000	0.542644	-1.147054	1.379559	0.000000	0.000000
539.160000	0.542641	-1.147047	1.379557	0.000000	0.000000
539.170000	0.542639	-1.147040	1.379556	0.000000	0.000000
539.180000	0.542637	-1.147033	1.379555	0.000000	0.000000
539.190000	0.542635	-1.147027	1.379553	0.000000	0.000000
539.200000	0.542634	-1.147023	1.379552	0.000000	0.000000
539.210000	0.542634	-1.147023	1.379550	0.000000	0.000000
539.220000	0.542636	-1.147027	1.379549	0.000000	0.000000
539.230000	0.542639	-1.147033	1.379547	0.000000	0.000000
539.240000	0.542642	-1.147040	1.379546	0.000000	0.000000
539.250000	0.542644	-1.147048	1.379544	0.000000	0.000000
539.260000	0.542646	-1.147057	1.379542	0.000000	0.000000
539.270000	0.542648	-1.147066	1.379540	0.000000	0.000000
539.280000	0.542650	-1.147075	1.379539	0.000000	0.000000
539.290000	0.542652	-1.147084	1.379537	0.000000	0.000000
539.300000	0.542654	-1.147092	1.379535	0.000000	0.000000
539.310000	0.542656	-1.147099	1.379533	0.000000	0.000000
539.320000	0.542657	-1.147104	1.379531	0.000000	0.000000
539.330000	0.542658	-1.147110	1.379529	0.000000	0.000000
539.340000	0.542661	-1.147116	1.379526	0.000000	0.000000
539.350000	0.542663	-1.147124	1.379524	0.000000	0.000000
539.360000	0.542665	-1.147135	1.379522	0.000000	0.000000
539.370000	0.542669	-1.147146	1.379520	0.000000	0.000000
539.380000	0.542673	-1.147159	1.379517	0.000000	0.000000
539.390000	0.542676	-1.147170	1.379515	0.000000	0.000000
539.400000	0.542678	-1.147179	1.379513	0.000000	0.000000
539.410000	0.542679	-1.147186	1.379510	0.000000	0.000000
539.420000	0.542679	-1.147190	1.379508	0.000000	0.000000
539.430000	0.542679	-1.147191	1.379505	0.000000	0.000000
539.440000	0.542680	-1.147193	1.379503	0.000000	0.000000
539.450000	0.542681	-1.147196	1.379500	0.000000	0.000000
539.460000	0.542683	-1.147202	1.379497	0.000000	0.000000
539.470000	0.542685	-1.147209	1.379495	0.000000	0.000000
539.480000	0.542687	-1.147216	1.379492	0.000000	0.000000
539.490000	0.542690	-1.147222	1.379489	0.000000	0.000000
539.500000	0.542692	-1.147228	1.379487	0.000000	0.000000
539.510000	0.542694	-1.147233	1.379484	0.000000	0.000000
539.520000	0.542695	-1.147236	1.379482	0.000000	0.000000
539.530000	0.542696	-1.147239	1.379480	0.000000	0.000000
539.540000	0.542697	-1.147242	1.379477	0.000000	0.000000
539.550000	0.542699	-1.147246	1.379475	0.000000	0.000000
539.560000	0.542700	-1.147252	1.379473	0.000000	0.000000
539.570000	0.542701	-1.147259	1.379471	0.000000	0.000000
539.580000	0.542702	-1.147266	1.379469	0.000000	0.000000
539.590000	0.542702	-1.147274	1.379467	0.000000	0.000000
539.600000	0.542703	-1.147282	1.379465	0.000000	0.000000
539.610000	0.542705	-1.147289	1.379463	0.000000	0.000000
539.620000	0.542706	-1.147295	1.379462	0.000000	0.000000
539.630000	0.542707	-1.147299	1.379460	0.000000	0.000000
539.640000	0.542707	-1.147300	1.379458	0.000000	0.000000
539.650000	0.542706	-1.147297	1.379457	0.000000	0.000000
539.660000	0.542702	-1.147291	1.379455	0.000000	0.000000
539.670000	0.542699	-1.147285	1.379453	0.000000	0.000000
539.680000	0.542697	-1.147282	1.379452	0.000000	0.000000
539.690000	0.542697	-1.147283	1.379451	0.000000	0.000000
539.700000	0.542698	-1.147287	1.379449	0.000000	0.000000
539.710000	0.542700	-1.147295	1.379448	0.000000	0.000000
539.720000	0.542703	-1.147303	1.379446	0.000000	0.000000
539.730000	0.542707	-1.147313	1.379445	0.000000	0.000000
539.740000	0.542710	-1.147322	1.379443	0.000000	0.000000
539.750000	0.542713	-1.147329	1.379442	0.000000	0.000000
539.760000	0.542715	-1.147333	1.379441	0.000000	0.000000
539.770000	0.542716	-1.147334	1.379439	0.000000	0.000000
539.780000	0.542716	-1.147333	1.379438	0.000000	0.000000
539.790000	0.542716	-1.147331	1.379437	0.000000	0.000000
539.800000	0.542716	-1.147328	1.379436	0.000000	0.000000
539.810000	0.542717	-1.147328	1.379434	0.000000	0.000000
539.820000	0.542719	-1.147330	1.379433	0.000000	0.000000
539.830000	0.542721	-1.147334	1.379432	0.000000	0.000000
539.840000	0.542724	-1.147339	1.379431	0.000000	0.000000
539.850000	0.542727	-1.147343	1.379430	0.000000	0.000000
539.860000	0.542729	-1.147348	1.379429	0.000000	0.000000
539.870000	0.542730	-1.147351	1.379429	0.000000	0.000000
539.880000	0.542731	-1.147353	1.379428	0.000000	0.000000
539.890000	0.542730	-1.147353	1.379427	0.000000	0.000000
539.900000	0.542729	-1.147353	1.379427	0.000000	0.000000
539.910000	0.542727	-1.147353	1.379426	0.000000	0.000000
539.920000	0.542725	-1.147355	1.379426	0.000000	0.000000
539.930000	0.542723	-1.147357	1.379425	0.000000	0.000000
539.940000	0.542722	-1.147359	1.379425	0.000000	0.000000
539.950000	0.542721	-1.147362	1.379425	0.000000	0.000000
539.960000	0.542720	-1.147366	1.379425	0.000000	0.000000
539.970000	0.542720	-1.147372	1.379424	0.000000	0.000000
539.980000	0.542719	-1.147378	1.379424	0.000000	0.000000
539.990000	0.542718	-1.147383	1.379424	0.000000	0.000000
540.000000	0.542717	-1.147388	1.379424	0.000000	0.000000
540.010000	0.542715	-1.147392	1.379424	0.000000	0.000000
540.020000	0.542713	-1.147394	1.379424	0.000000	0.000000
540.030000	0.542711	-1.147395	1.379424	0.000000	0.000000
540.040000	0.542708	-1.147395	1.379424	0.000000	0.000000
540.050000	0.542705	-1.147396	1.379424	0.000000	0.000000
540.060000	0.542703	-1.147397	1.379424	0.000000	0.000000
540.070000	0.542701	-1.147400	1.379425	0.000000	0.000000
540.080000	0.542700	-1.147404	1.379425	0.000000	0.000000
540.090000	0.542698	-1.147408	1.379425	0.000000	0.000000
540.100000	0.542697	-1.147413	1.379425	0.000000	0.000000
540.110000	0.542695	-1.147418	1.379426	0.000000	0.000000
540.120000	0.542694	-1.147422	1.379426	0.000000	0.000000
540.130000	0.542693	-1.147425	1.379426	0.000000	0.000000
540.140000	0.542691	-1.147428	1.379427	0.000000	0.000000
540.150000	0.542688	-1.147429	1.379427	0.000000	0.000000
540.160000	0.542685	-1.147429	1.379427	0.000000	0.000000
540.170000	0.542682	-1.147428	1.379428	0.000000	0.000000
540.180000	0.542679	-1.147428	1.379428	0.000000	0.000000
540.190000	0.542677	-1.147428	1.379428	0.000000	0.000000
540.200000	0.542675	-1.147430	1.379429	0.000000	0.000000
540.210000	0.542674	-1.147435	1.379429	0.000000	0.000000
540.220000	0.542674	-1.147441	1.379429	0.000000	0.000000
540.230000	0.542674	-1.147449	1.379429	0.000000	0.000000
540.240000	0.542675	-1.147458	1.379429	0.000000	0.000000
540.250000	0.542675	-1.147467	1.379429	0.000000	0.000000
540.260000	0.542675	-1.147476	1.379429	0.000000	0.000000
540.270000	0.542675	-1.147483	1.379429	0.000000	0.000000
540.280000	0.542674	-1.147489	1.379429	0.000000	0.000000
540.290000	0.542673	-1.147493	1.379429	0.000000	0.000000
540.300000	0.542672	-1.147497	1.379429	0.000000	0.000000
540.310000	0.542672	-1.147502	1.379429	0.000000	0.000000
540.320000	0.542673	-1.147510	1.379429	0.000000	0.000000
540.330000	0.542675	-1.147519	1.379428	0.000000	0.000000
540.340000	0.542677	-1.147530	1.379428	0.000000	0.000000
540.350000	0.542679	-1.147541	1.379428	0.000000	0.000000
540.360000	0.542680	-1.147550	1.379428	0.000000	0.000000
540.370000	0.542681	-1.147558	1.379428	0.000000	0.000000
540.380000	0.542682	-1.147564	1.379427	0.000000	0.000000
540.390000	0.542682	-1.147569	1.379427	0.000000	0.000000
540.400000	0.542681	-1.147571	1.379427	0.000000	0.000000
540.410000	0.542680	-1.147572	1.379427	0.000000	0.000000
540.420000	0.542679	-1.147571	1.379428	0.000000	0.000000
540.430000	0.542678	-1.147569	1.379428	0.000000	0.000000
540.440000	0.542677	-1.147566	1.379428	0.000000	0.000000
540.450000	0.542676	-1.147563	1.379428	0.000000	0.000000
540.460000	0.542674	-1.147560	1.379429	0.000000	0.000000
540.470000	0.542673	-1.147557	1.379429	0.000000	0.000000
540.480000	0.542672	-1.147554	1.379430	0.000000	0.000000
540.490000	0.542671	-1.147552	1.379430	0.000000	0.000000
540.500000	0.542670	-1.147549	1.379431	0.000000	0.000000
540.510000	0.542669	-1.147547	1.379432	0.000000	0.000000
540.520000	0.542669	-1.147546	1.379432	0.000000	0.000000
540.530000	0.542668	-1.147546	1.379433	0.000000	0.000000
540.540000	0.542668	-1.147548	1.379434	0.000000	0.000000
540.550000	0.542668	-1.147550	1.379434	0.000000	0.000000
540.560000	0.542669	-1.147554	1.379435	0.000000	0.000000
540.570000	0.542670	-1.147559	1.379436	0.000000	0.000000
540.580000	0.542672	-1.147565	1.379436	0.000000	0.000000
540.590000	0.542674	-1.147571	1.379437	0.000000	0.000000
540.600000	0.542675	-1.147578	1.379437	0.000000	0.000000
540.610000	0.542676	-1.147585	1.379438	0.000000	0.000000
540.620000	0.542677	-1.147592	1.379438	0.000000	0.000000
540.630000	0.542678	-1.147599	1.379438	0.000000	0.000000
540.640000	0.542679	-1.147604	1.379439	0.000000	0.000000
540.650000	0.542679	-1.147607	1.379439	0.000000	0.000000
540.660000	0.542678	-1.147609	1.379439	0.000000	0.000000
540.670000	0.542677	-1.147611	1.379440	0.000000	0.000000
540.680000	0.542677	-1.147614	1.379440	0.000000	0.000000
540.690000	0.542677	-1.147619	1.379440	0.000000	0.000000
540.700000	0.542677	-1.147624	1.379441	0.000000	0.000000
540.710000	0.542679	-1.147629	1.379441	0.000000	0.000000
540.720000	0.542680	-1.147633	1.379442	0.000000	0.000000
540.730000	0.542682	-1.147637	1.379443	0.000000	0.000000
540.740000	0.542683	-1.147640	1.379443	0.000000	0.000000
540.750000	0.542684	-1.147642	1.379444	0.000000	0.000000
540.760000	0.542685	-1.147643	1.379445	0.000000	0.000000
540.770000	0.542685	-1.147642	1.379446	0.000000	0.000000
540.780000	0.542685	-1.147641	1.379446	0.000000	0.000000
540.790000	0.542685	-1.147639	1.379447	0.000000	0.000000
540.800000	0.542685	-1.147636	1.379448	0.000000	0.000000
540.810000	0.542686	-1.147634	1.379449	0.000000	0.000000
540.820000	0.542686	-1.147633	1.379450	0.000000	0.000000
540.830000	0.542687	-1.147634	1.379451	0.000000	0.000000
540.840000	0.542690	-1.147637	1.379452	0.000000	0.000000
540.850000	0.542692	-1.147643	1.379453	0.000000	0.000000
540.860000	0.542696	-1.147651	1.379455	0.000000	0.000000
540.870000	0.542700	-1.147659	1.379456	0.000000	0.000000
540.880000	0.542703	-1.147666	1.379457	0.000000	0.000000
540.890000	0.542706	-1.147670	1.379458	0.000000	0.000000
540.900000	0.542707	-1.147670	1.379459	0.000000	0.000000
540.910000	0.542708	-1.147667	1.379460	0.000000	0.000000
540.920000	0.542707	-1.147662	1.379461	0.000000	0.000000
540.930000	0.542707	-1.147660	1.379462	0.000000	0.000000
540.940000	0.542708	-1.147662	1.379464	0.000000	0.000000
540.950000	0.542710	-1.147666	1.379465	0.000000	0.000000
540.960000	0.542711	-1.147671	1.379466	0.000000	0.000000
540.970000	0.542713	-1.147676	1.379467	0.000000	0.000000
540.980000	0.542714	-1.147679	1.379468	0.000000	0.000000
540.990000	0.542714	-1.147681	1.379470	0.000000	0.000000
541.000000	0.542714	-1.147682	1.379471	0.000000	0.000000
541.010000	0.542715	-1.147681	1.379472	0.000000	0.000000
541.020000	0.542715	-1.147678	1.379473	0.000000	0.000000
541.030000	0.542714	-1.147674	1.379475	0.000000	0.000000
541.040000	0.542711	-1.147669	1.379476	0.000000	0.000000
541.050000	0.542709	-1.147664	1.379477	0.000000	0.000000
541.060000	0.542707	-1.147660	1.379479	0.000000	0.000000
541.070000	0.542706	-1.147656	1.379480	0.000000	0.000000
541.080000	0.542705	-1.147654	1.379481	0.000000	0.000000
541.090000	0.542705	-1.147652	1.379482	0.000000	0.000000
541.100000	0.542704	-1.147651	1.379483	0.000000	0.000000
541.110000	0.542704	-1.147650	1.379484	0.000000	0.000000
541.120000	0.542704	-1.147648	1.379485	0.000000	0.000000
541.130000	0.542704	-1.147647	1.379486	0.000000	0.000000
541.140000	0.542704	-1.147645	1.379487	0.000000	0.000000
541.150000	0.542703	-1.147644	1.379488	0.000000	0.000000
541.160000	0.542702	-1.147643	1.379489	0.000000	0.000000
541.170000	0.542702	-1.147641	1.379490	0.000000	0.000000
541.180000	0.542701	-1.147637	1.379491	0.000000	0.000000
541.190000	0.542700	-1.147632	1.379492	0.000000	0.000000
541.200000	0.542699	-1.147628	1.379493	0.000000	0.000000
541.210000	0.542697	-1.147623	1.379494	0.000000	0.000000
541.220000	0.542696	-1.147619	1.379495	0.000000	0.000000
541.230000	0.542695	-1.147617	1.379496	0.000000	0.000000
541.240000	0.542695	-1.147618	1.379498	0.000000	0.000000
541.250000	0.542695	-1.147619	1.379499	0.000000	0.000000
541.260000	0.542695	-1.147619	1.379500	0.000000	0.000000
541.270000	0.542695	-1.147618	1.379501	0.000000	0.000000
541.280000	0.542695	-1.147616	1.379503	0.000000	0.000000
541.290000	0.542695	-1.147613	1.379504	0.000000	0.000000
541.300000	0.542694	-1.147609	1.379506	0.000000	0.000000
541.310000	0.542694	-1.147602	1.379507	0.000000	0.000000
541.320000	0.542694	-1.147594	1.379509	0.000000	0.000000
541.330000	0.542694	-1.147583	1.379510	0.000000	0.000000
541.340000	0.542693	-1.147571	1.379512	0.000000	0.000000
541.350000	0.542691	-1.147557	1.379513	0.000000	0.000000
541.360000	0.542689	-1.147542	1.379515	0.000000	0.000000
541.370000	0.542686	-1.147526	1.379516	0.000000	0.000000
541.380000	0.542683	-1.147509	1.379518	0.000000	0.000000
541.390000	0.542680	-1.147491	1.379519	0.000000	0.000000
541.400000	0.542678	-1.147476	1.379520	0.000000	0.000000
541.410000	0.542677	-1.147465	1.379522	0.000000	0.000000
541.420000	0.542678	-1.147457	1.379523	0.000000	0.000000
541.430000	0.542680	-1.147452	1.379524	0.000000	0.000000
541.440000	0.542682	-1.147449	1.379525	0.000000	0.000000
541.450000	0.542685	-1.147446	1.379527	0.000000	0.000000
541.460000	0.542688	-1.147444	1.379528	0.000000	0.000000
541.470000	0.542691	-1.147444	1.379529	0.000000	0.000000
541.480000	0.542693	-1.147445	1.379530	0.000000	0.000000
541.490000	0.542695	-1.147445	1.379531	0.000000	0.000000
541.500000	0.542696	-1.147441	1.379533	0.000000	0.000000
541.510000	0.542696	-1.147434	1.379534	0.000000	0.000000
541.520000	0.542695	-1.147425	1.379535	0.000000	0.000000
541.530000	0.542695	-1.147417	1.379537	0.000000	0.000000
541.540000	0.542694	-1.147410	1.379538	0.000000	0.000000
541.550000	0.542695	-1.147405	1.379540	0.000000	0.000000
541.560000	0.542695	-1.147401	1.379541	0.000000	0.000000
541.570000	0.542696	-1.147397	1.379543	0.000000	0.000000
541.580000	0.542696	-1.147391	1.379545	0.000000	0.000000
541.590000	0.542695	-1.147384	1.379547	0.000000	0.000000
541.600000	0.542694	-1.147377	1.379549	0.000000	0.000000
541.610000	0.542692	-1.147369	1.379551	0.000000	0.000000
541.620000	0.542691	-1.147361	1.379553	0.000000	0.000000
541.630000	0.542691	-1.147353	1.379555	0.000000	0.000000
541.640000	0.542691	-1.147344	1.379557	0.000000	0.000000
541.650000	0.542690	-1.147334	1.379560	0.000000	0.000000
541.660000	0.542689	-1.147322	1.379562	0.000000	0.000000
541.670000	0.542687	-1.147309	1.379564	0.000000	0.000000
541.680000	0.542685	-1.147294	1.379566	0.000000	0.000000
541.690000	0.542682	-1.147278	1.379568	0.000000	0.000000
541.700000	0.542679	-1.147262	1.379570	0.000000	0.000000
541.710000	0.542676	-1.147248	1.379572	0.000000	0.000000
541.720000	0.542675	-1.147236	1.379574	0.000000	0.000000
541.730000	0.542674	-1.147228	1.379576	0.000000	0.000000
541.740000	0.542674	-1.147223	1.379578	0.000000	0.000000
541.750000	0.542674	-1.147221	1.379579	0.000000	0.000000
541.760000	0.542675	-1.147221	1.379581	0.000000	0.000000
541.770000	0.542677	-1.147222	1.379582	0.000000	0.000000
541.780000	0.542679	-1.147223	1.379584	0.000000	0.000000
541.790000	0.542679	-1.147221	1.379585	0.000000	0.000000
541.800000	0.542679	-1.147216	1.379586	0.000000	0.000000
541.810000	0.542678	-1.147211	1.379588	0.000000	0.000000
541.820000	0.542677	-1.147207	1.379589	0.000000	0.000000
541.830000	0.542678	-1.147205	1.379590	0.000000	0.000000
541.840000	0.542678	-1.147205	1.379590	0.000000	0.000000
541.850000	0.542679	-1.147205	1.379591	0.000000	0.000000
541.860000	0.542679	-1.147203	1.379592	0.000000	0.000000
541.870000	0.542679	-1.147198	1.379593	0.000000	0.000000
541.880000	0.542680	-1.147196	1.379593	0.000000	0.000000
541.890000	0.542682	-1.147198	1.379594	0.000000	0.000000
541.900000	0.542684	-1.147202	1.379595	0.000000	0.000000
541.910000	0.542687	-1.147206	1.379595	0.000000	0.000000
541.920000	0.542689	-1.147207	1.379596	0.000000	0.000000
541.930000	0.542690	-1.147206	1.379596	0.000000	0.000000
541.940000	0.542689	-1.147200	1.379597	0.000000	0.000000
541.950000	0.542688	-1.147194	1.379597	0.000000	0.000000
541.960000	0.542688	-1.147189	1.379597	0.000000	0.000000
541.970000	0.542688	-1.147184	1.379597	0.000000	0.000000
541.980000	0.542687	-1.147178	1.379598	0.000000	0.000000
541.990000	0.542685	-1.147171	1.379598	0.000000	0.000000
542.000000	0.542684	-1.147164	1.379598	0.000000	0.000000
542.010000	0.542684	-1.147158	1.379598	0.000000	0.000000
542.020000	0.542685	-1.147155	1.379598	0.000000	0.000000
542.030000	0.542687	-1.147155	1.379598	0.000000	0.000000
542.040000	0.542690	-1.147159	1.379598	0.000000	0.000000
542.050000	0.542693	-1.147164	1.379598	0.000000	0.000000
542.060000	0.542697	-1.147171	1.379598	0.000000	0.000000
542.070000	0.542701	-1.147178	1.379598	0.000000	0.000000
542.080000	0.542703	-1.147184	1.379598	0.000000	0.000000
542.090000	0.542705	-1.147189	1.379598	0.000000	0.000000
542.100000	0.542705	-1.147192	1.379597	0.000000	0.000000
542.110000	0.542705	-1.147193	1.379597	0.000000	0.000000
542.120000	0.542705	-1.147193	1.379596	0.000000	0.000000
542.130000	0.542704	-1.147192	1.379595	0.000000	0.000000
542.140000	0.542704	-1.147193	1.379595	0.000000	0.000000
542.150000	0.542704	-1.147195	1.379594	0.000000	0.000000
542.160000	0.542705	-1.147199	1.379593	0.000000	0.000000
542.170000	0.542707	-1.147205	1.379592	0.000000	0.000000
542.180000	0.542708	-1.147212	1.379590	0.000000	0.000000
542.190000	0.542710	-1.147220	1.379589	0.000000	0.000000
542.200000	0.542713	-1.147227	1.379588	0.000000	0.000000
542.210000	0.542715	-1.147233	1.379586	0.000000	0.000000
542.220000	0.542717	-1.147239	1.379585	0.000000	0.000000
542.230000	0.542718	-1.147243	1.379583	0.000000	0.000000
542.240000	0.542719	-1.147246	1.379581	0.000000	0.000000
542.250000	0.542719	-1.147246	1.379579	0.000000	0.000000
542.260000	0.542718	-1.147245	1.379577	0.000000	0.000000
542.270000	0.542717	-1.147241	1.379575	0.000000	0.000000
542.280000	0.542715	-1.147237	1.379573	0.000000	0.000000
542.290000	0.542714	-1.147234	1.379571	0.000000	0.000000
542.300000	0.542714	-1.147234	1.379569	0.000000	0.000000
542.310000	0.542714	-1.147236	1.379566	0.000000	0.000000
542.320000	0.542715	-1.147240	1.379564	0.000000	0.000000
542.330000	0.542715	-1.147247	1.379562	0.000000	0.000000
542.340000	0.542715	-1.147255	1.379560	0.000000	0.000000
542.350000	0.542715	-1.147264	1.379557	0.000000	0.000000
542.360000	0.542716	-1.147273	1.379555	0.000000	0.000000
542.370000	0.542717	-1.147283	1.379553	0.000000	0.000000
542.380000	0.542718	-1.147292	1.379551	0.000000	0.000000
542.390000	0.542719	-1.147301	1.379549	0.000000	0.000000
542.400000	0.542720	-1.147309	1.379547	0.000000	0.000000
542.410000	0.542720	-1.147317	1.379545	0.000000	0.000000
542.420000	0.542720	-1.147324	1.379543	0.000000	0.000000
542.430000	0.542720	-1.147332	1.379541	0.000000	0.000000
542.440000	0.542720	-1.147340	1.379539	0.000000	0.000000
542.450000	0.542720	-1.147349	1.379538	0.000000	0.000000
542.460000	0.542721	-1.147358	1.379536	0.000000	0.000000
542.470000	0.542721	-1.147367	1.379534	0.000000	0.000000
542.480000	0.542722	-1.147375	1.379533	0.000000	0.000000
542.490000	0.542722	-1.147381	1.379531	0.000000	0.000000
542.500000	0.542721	-1.147385	1.379530	0.000000	0.000000
542.510000	0.542718	-1.147385	1.379529	0.000000	0.000000
542.520000	0.542715	-1.147383	1.379527	0.000000	0.000000
542.530000	0.542712	-1.147381	1.379526	0.000000	0.000000
542.540000	0.542709	-1.147379	1.379525	0.000000	0.000000
542.550000	0.542707	-1.147378	1.379524	0.000000	0.000000
542.560000	0.542705	-1.147378	1.379522	0.000000	0.000000
542.570000	0.542703	-1.147379	1.379521	0.000000	0.000000
542.580000	0.542701	-1.147380	1.379520	0.000000	0.000000
542.590000	0.542700	-1.147382	1.379519	0.000000	0.000000
542.600000	0.542699	-1.147384	1.379518	0.000000	0.000000
542.610000	0.542698	-1.147388	1.379518	0.000000	0.000000
542.620000	0.542698	-1.147392	1.379517	0.000000	0.000000
542.630000	0.542698	-1.147396	1.379516	0.000000	0.000000
542.640000	0.542697	-1.147400	1.379515	0.000000	0.000000
542.650000	0.542697	-1.147404	1.379514	0.000000	0.000000
542.660000	0.542696	-1.147406	1.379514	0.000000	0.000000
542.670000	0.542695	-1.147407	1.379513	0.000000	0.000000
542.680000	0.542694	-1.147408	1.379512	0.000000	0.000000
542.690000	0.542691	-1.147409	1.379511	0.000000	0.000000
542.700000	0.542689	-1.147410	1.379511	0.000000	0.000000
542.710000	0.542687	-1.147413	1.379510	0.000000	0.000000
542.720000	0.542684	-1.147416	1.379509	0.000000	0.000000
542.730000	0.542682	-1.147421	1.379509	0.000000	0.000000
542.740000	0.542681	-1.147428	1.379508	0.000000	0.000000
542.750000	0.542681	-1.147436	1.379508	0.000000	0.000000
542.760000	0.542680	-1.147445	1.379507	0.000000	0.000000
542.770000	0.542678	-1.147454	1.379506	0.000000	0.000000
542.780000	0.542677	-1.147463	1.379506	0.000000	0.000000
542.790000	0.542676	-1.147470	1.379505	0.000000	0.000000
542.800000	0.542674	-1.147476	1.379505	0.000000	0.000000
542.810000	0.542673	-1.147481	1.379504	0.000000	0.000000
542.820000	0.542671	-1.147485	1.379503	0.000000	0.000000
542.830000	0.542669	-1.147490	1.379503	0.000000	0.000000
542.840000	0.542668	-1.147495	1.379502	0.000000	0.000000
542.850000	0.542667	-1.147501	1.379502	0.000000	0.000000
542.860000	0.542666	-1.147506	1.379501	0.000000	0.000000
542.870000	0.542665	-1.147510	1.379500	0.000000	0.000000
542.880000	0.542663	-1.147513	1.379500	0.000000	0.000000
542.890000	0.542661	-1.147514	1.379499	0.000000	0.000000
542.900000	0.542659	-1.147513	1.379498	0.000000	0.000000
542.910000	0.542657	-1.147511	1.379498	0.000000	0.000000
542.920000	0.542655	-1.147510	1.379497	0.000000	0.000000
542.930000	0.542652	-1.147510	1.379497	0.000000	0.000000
542.940000	0.542650	-1.147511	1.379496	0.000000	0.000000
542.950000	0.542649	-1.147514	1.379495	0.000000	0.000000
542.960000	0.542648	-1.147517	1.379494	0.000000	0.000000
542.970000	0.542647	-1.147521	1.379494	0.000000	0.000000
542.980000	0.542645	-1.147524	1.379493	0.000000	0.000000
542.990000	0.542642	-1.147525	1.379492	0.000000	0.000000
543.000000	0.542639	-1.147525	1.379491	0.000000	0.000000
543.010000	0.542636	-1.147525	1.379490	0.000000	0.000000
543.020000	0.542632	-1.147526	1.379489	0.000000	0.000000
543.030000	0.542630	-1.147528	1.379488	0.000000	0.000000
543.040000	0.542628	-1.147531	1.379487	0.000000	0.000000
543.050000	0.542626	-1.147536	1.379486	0.000000	0.000000
543.060000	0.542625	-1.147542	1.379485	0.000000	0.000000
543.070000	0.542625	-1.147548	1.379484	0.000000	0.000000
543.080000	0.542624	-1.147555	1.379483	0.000000	0.000000
543.090000	0.542623	-1.147561	1.379482	0.000000	0.000000
543.100000	0.542621	-1.147567	1.379481	0.000000	0.000000
543.110000	0.542620	-1.147573	1.379480	0.000000	0.000000
543.120000	0.542620	-1.147580	1.379479	0.000000	0.000000
543.130000	0.542619	-1.147587	1.379479	0.000000	0.000000
543.140000	0.542619	-1.147594	1.379478	0.000000	0.000000
543.150000	0.542617	-1.147599	1.379477	0.000000	0.000000
543.160000	0.542615	-1.147603	1.379476	0.000000	0.000000
543.170000	0.542612	-1.147606	1.379475	0.000000	0.000000
543.180000	0.542610	-1.147609	1.379474	0.000000	0.000000
543.190000	0.542609	-1.147612	1.379474	0.000000	0.000000
543.200000	0.542607	-1.147616	1.379473	0.000000	0.000000
543.210000	0.542604	-1.147619	1.379472	0.000000	0.000000
543.220000	0.542602	-1.147621	1.379471	0.000000	0.000000
543.230000	0.542599	-1.147622	1.379470	0.000000	0.000000
543.240000	0.542596	-1.147624	1.379469	0.000000	0.000000
543.250000	0.542593	-1.147626	1.379468	0.000000	0.000000
543.260000	0.542591	-1.147629	1.379468	0.000000	0.000000
543.270000	0.542589	-1.147633	1.379467	0.000000	0.000000
543.280000	0.542587	-1.147637	1.379466	0.000000	0.000000
543.290000	0.542585	-1.147642	1.379465	0.000000	0.000000
543.300000	0.542584	-1.147647	1.379464	0.000000	0.000000
543.310000	0.542582	-1.147651	1.379464	0.000000	0.000000
543.320000	0.542580	-1.147655	1.379463	0.000000	0.000000
543.330000	0.542578	-1.147658	1.379462	0.000000	0.000000
543.340000	0.542576	-1.147661	1.379461	0.000000	0.000000
543.350000	0.542574	-1.147664	1.379461	0.000000	0.000000
543.360000	0.542571	-1.147666	1.379460	0.000000	0.000000
543.370000	0.542569	-1.147667	1.379459	0.000000	0.000000
543.380000	0.542567	-1.147667	1.379459	0.000000	0.000000
543.390000	0.542564	-1.147666	1.379458	0.000000	0.000000
543.400000	0.542562	-1.147665	1.379458	0.000000	0.000000
543.410000	0.542559	-1.147662	1.379457	0.000000	0.000000
543.420000	0.542556	-1.147659	1.379456	0.000000	0.000000
543.430000	0.542554	-1.147656	1.379456	0.000000	0.000000
543.440000	0.542551	-1.147651	1.379455	0.000000	0.000000
543.450000	0.542549	-1.147647	1.379454	0.000000	0.000000
543.460000	0.542547	-1.147644	1.379453	0.000000	0.000000
543.470000	0.542545	-1.147641	1.379452	0.000000	0.000000
543.480000	0.542544	-1.147640	1.379452	0.000000	0.000000
543.490000	0.542543	-1.147641	1.379451	0.000000	0.000000
543.500000	0.542544	-1.147645	1.379449	0.000000	0.000000
543.510000	0.542545	-1.147650	1.379448	0.000000	0.000000
543.520000	0.542547	-1.147658	1.379447	0.000000	0.000000
543.530000	0.542548	-1.147666	1.379446	0.000000	0.000000
543.540000	0.542549	-1.147672	1.379444	0.000000	0.000000
543.550000	0.542549	-1.147676	1.379443	0.000000	0.000000
543.560000	0.542549	-1.147675	1.379441	0.000000	0.000000
543.570000	0.542547	-1.147670	1.379439	0.000000	0.000000
543.580000	0.542545	-1.147666	1.379437	0.000000	0.000000
543.590000	0.542544	-1.147666	1.379436	0.000000	0.000000
543.600000	0.542546	-1.147669	1.379434	0.000000	0.000000
543.610000	0.542548	-1.147675	1.379432	0.000000	0.000000
543.620000	0.542552	-1.147686	1.379429	0.000000	0.000000
543.630000	0.542556	-1.147699	1.379427	0.000000	0.000000
543.640000	0.542560	-1.147714	1.379425	0.000000	0.000000
543.650000	0.542564	-1.147727	1.379423	0.000000	0.000000
543.660000	0.542567	-1.147738	1.379421	0.000000	0.000000
543.670000	0.542568	-1.147745	1.379419	0.000000	0.000000
543.680000	0.542568	-1.147749	1.379416	0.000000	0.000000
543.690000	0.542567	-1.147749	1.379414	0.000000	0.000000
543.700000	0.542566	-1.147748	1.379412	0.000000	0.000000
543.710000	0.542566	-1.147748	1.379409	0.000000	0.000000
543.720000	0.542566	-1.147748	1.379407	0.000000	0.000000
543.730000	0.542566	-1.147751	1.379404	0.000000	0.000000
543.740000	0.542566	-1.147755	1.379402	0.000000	0.000000
543.750000	0.542566	-1.147759	1.379399	0.000000	0.000000
543.760000	0.542566	-1.147762	1.379397	0.000000	0.000000
543.770000	0.542566	-1.147763	1.379394	0.000000	0.000000
543.780000	0.542566	-1.147764	1.379391	0.000000	0.000000
543.790000	0.542565	-1.147764	1.379388	0.000000	0.000000
543.800000	0.542565	-1.147766	1.379386	0.000000	0.000000
543.810000	0.542566	-1.147769	1.379383	0.000000	0.000000
543.820000	0.542567	-1.147772	1.379380	0.000000	0.000000
543.830000	0.542568	-1.147774	1.379377	0.000000	0.000000
543.840000	0.542570	-1.147777	1.379374	0.000000	0.000000
543.850000	0.542572	-1.147782	1.379372	0.000000	0.000000
543.860000	0.542574	-1.147788	1.379369	0.000000	0.000000
543.870000	0.542575	-1.147796	1.379366	0.000000	0.000000
543.880000	0.542576	-1.147805	1.379363	0.000000	0.000000
543.890000	0.542577	-1.147814	1.379361	0.000000	0.000000
543.900000	0.542578	-1.147824	1.379358	0.000000	0.000000
543.910000	0.542578	-1.147833	1.379355	0.000000	0.000000
543.920000	0.542578	-1.147842	1.379353	0.000000	0.000000
543.930000	0.542576	-1.147850	1.379350	0.000000	0.000000
543.940000	0.542575	-1.147857	1.379348	0.000000	0.000000
543.950000	0.542573	-1.147862	1.379345	0.000000	0.000000
543.960000	0.542571	-1.147866	1.379343	0.000000	0.000000
543.970000	0.542569	-1.147871	1.379340	0.000000	0.000000
543.980000	0.542567	-1.147878	1.379338	0.000000	0.000000
543.990000	0.542566	-1.147886	1.379335	0.000000	0.000000
544.000000	0.542567	-1.147897	1.379333	0.000000	0.000000
544.010000	0.542567	-1.147909	1.379330	0.000000	0.000000
544.020000	0.542566	-1.147921	1.379328	0.000000	0.000000
544.030000	0.542566	-1.147932	1.379326	0.000000	0.000000
544.040000	0.542565	-1.147944	1.379323	0.000000	0.000000
544.050000	0.542563	-1.147953	1.379321	0.000000	0.000000
544.060000	0.542561	-1.147962	1.379319	0.000000	0.000000
544.070000	0.542557	-1.147968	1.379317	0.000000	0.000000
544.080000	0.542552	-1.147972	1.379314	0.000000	0.000000
544.090000	0.542548	-1.147974	1.379312	0.000000	0.000000
544.100000	0.542543	-1.147977	1.379310	0.000000	0.000000
544.110000	0.542539	-1.147980	1.379307	0.000000	0.000000
544.120000	0.542535	-1.147985	1.379305	0.000000	0.000000
544.130000	0.542532	-1.147993	1.379303	0.000000	0.000000
544.140000	0.542530	-1.148002	1.379301	0.000000	0.000000
544.150000	0.542528	-1.148014	1.379298	0.000000	0.000000
544.160000	0.542527	-1.148028	1.379296	0.000000	0.000000
544.170000	0.542527	-1.148042	1.379294	0.000000	0.000000
544.180000	0.542526	-1.148057	1.379292	0.000000	0.000000
544.190000	0.542526	-1.148071	1.379290	0.000000	0.000000
544.200000	0.542525	-1.148083	1.379288	0.000000	0.000000
544.210000	0.542524	-1.148094	1.379286	0.000000	0.000000
544.220000	0.542521	-1.148103	1.379284	0.000000	0.000000
544.230000	0.542519	-1.148112	1.379282	0.000000	0.000000
544.240000	0.542517	-1.148121	1.379280	0.000000	0.000000
544.250000	0.542515	-1.148129	1.379279	0.000000	0.000000
544.260000	0.542513	-1.148137	1.379277	0.000000	0.000000
544.270000	0.542510	-1.148144	1.379275	0.000000	0.000000
544.280000	0.542507	-1.148151	1.379274	0.000000	0.000000
544.290000	0.542504	-1.148158	1.379272	0.000000	0.000000
544.300000	0.542501	-1.148164	1.379271	0.000000	0.000000
544.310000	0.542499	-1.148169	1.379269	0.000000	0.000000
544.320000	0.542496	-1.148174	1.379268	0.000000	0.000000
544.330000	0.542493	-1.148179	1.379267	0.000000	0.000000
544.340000	0.542490	-1.148183	1.379266	0.000000	0.000000
544.350000	0.542488	-1.148187	1.379264	0.000000	0.000000
544.360000	0.542485	-1.148191	1.379263	0.000000	0.000000
544.370000	0.542482	-1.148195	1.379262	0.000000	0.000000
544.380000	0.542479	-1.148201	1.379260	0.000000	0.000000
544.390000	0.542476	-1.148208	1.379259	0.000000	0.000000
544.400000	0.542472	-1.148215	1.379258	0.000000	0.000000
544.410000	0.542469	-1.148223	1.379256	0.000000	0.000000
544.420000	0.542466	-1.148230	1.379255	0.000000	0.000000
544.430000	0.542461	-1.148236	1.379253	0.000000	0.000000
544.440000	0.542457	-1.148241	1.379252	0.000000	0.000000
544.450000	0.542452	-1.148245	1.379250	0.000000	0.000000
544.460000	0.542448	-1.148250	1.379248	0.000000	0.000000
544.470000	0.542444	-1.148256	1.379246	0.000000	0.000000
544.480000	0.542440	-1.148263	1.379244	0.000000	0.000000
544.490000	0.542437	-1.148271	1.379243	0.000000	0.000000
544.500000	0.542434	-1.148280	1.379241	0.000000	0.000000
544.510000	0.542431	-1.148291	1.379238	0.000000	0.000000
544.520000	0.542428	-1.148301	1.379236	0.000000	0.000000
544.530000	0.542425	-1.148311	1.379234	0.000000	0.000000
544.540000	0.542421	-1.148320	1.379232	0.000000	0.000000
544.550000	0.542418	-1.148329	1.379230	0.000000	0.000000
544.560000	0.542415	-1.148338	1.379228	0.000000	0.000000
544.570000	0.542412	-1.148347	1.379226	0.000000	0.000000
544.580000	0.542408	-1.148355	1.379224	0.000000	0.000000
544.590000	0.542405	-1.148363	1.379222	0.000000	0.000000
544.600000	0.542401	-1.148370	1.379220	0.000000	0.000000
544.610000	0.542397	-1.148376	1.379218	0.000000	0.000000
544.620000	0.542393	-1.148382	1.379217	0.000000	0.000000
544.630000	0.542389	-1.148389	1.379215	0.000000	0.000000
544.640000	0.542386	-1.148395	1.379213	0.000000	0.000000
544.650000	0.542382	-1.148402	1.379211	0.000000	0.000000
544.660000	0.542378	-1.148408	1.379209	0.000000	0.000000
544.670000	0.542374	-1.148413	1.379207	0.000000	0.000000
544.680000	0.542369	-1.148418	1.379205	0.000000	0.000000
544.690000	0.542365	-1.148423	1.379203	0.000000	0.000000
544.700000	0.542360	-1.148428	1.379201	0.000000	0.000000
544.710000	0.542356	-1.148433	1.379199	0.000000	0.000000
544.720000	0.542352	-1.148439	1.379197	0.000000	0.000000
544.730000	0.542348	-1.148446	1.379196	0.000000	0.000000
544.740000	0.542344	-1.148454	1.379194	0.000000	0.000000
544.750000	0.542341	-1.148464	1.379192	0.000000	0.000000
544.760000	0.542339	-1.148475	1.379189	0.000000	0.000000
544.770000	0.542336	-1.148486	1.379187	0.000000	0.000000
544.780000	0.542334	-1.148497	1.379185	0.000000	0.000000
544.790000	0.542331	-1.148507	1.379183	0.000000	0.000000
544.800000	0.542328	-1.148518	1.379181	0.000000	0.000000
544.810000	0.542326	-1.148529	1.379179	0.000000	0.000000
544.820000	0.542323	-1.148539	1.379177	0.000000	0.000000
544.830000	0.542321	-1.148548	1.379174	0.000000	0.000000
544.840000	0.542317	-1.148557	1.379172	0.000000	0.000000
544.850000	0.542314	-1.148565	1.379170	0.000000	0.000000
544.860000	0.542310	-1.148574	1.379167	0.000000	0.000000
544.870000	0.542307	-1.148583	1.379165	0.000000	0.000000
544.880000	0.542303	-1.148593	1.379163	0.000000	0.000000
544.890000	0.542300	-1.148604	1.379160	0.000000	0.000000
544.900000	0.542297	-1.148615	1.379158	0.000000	0.000000
544.910000	0.542295	-1.148626	1.379156	0.000000	0.000000
544.920000	0.542292	-1.148636	1.379153	0.000000	0.000000
544.930000	0.542288	-1.148646	1.379151	0.000000	0.000000
544.940000	0.542285	-1.148656	1.379149	0.000000	0.000000
544.950000	0.542282	-1.148667	1.379146	0.000000	0.000000
544.960000	0.542279	-1.148677	1.379144	0.000000	0.000000
544.970000	0.542277	-1.148687	1.379141	0.000000	0.000000
544.980000	0.542274	-1.148697	1.379139	0.000000	0.000000
544.990000	0.542270	-1.148705	1.379136	0.000000	0.000000
545.000000	0.542266	-1.148711	1.379134	0.000000	0.000000
545.010000	0.542261	-1.148717	1.379131	0.000000	0.000000
545.020000	0.542257	-1.148724	1.379129	0.000000	0.000000
545.030000	0.542254	-1.148732	1.379126	0.000000	0.000000
545.040000	0.542251	-1.148741	1.379123	0.000000	0.000000
545.050000	0.542248	-1.148749	1.379121	0.000000	0.000000
545.060000	0.542245	-1.148755	1.379118	0.000000	0.000000
545.070000	0.542241	-1.148758	1.379115	0.000000	0.000000
545.080000	0.542237	-1.148762	1.379112	0.000000	0.000000
545.090000	0.542233	-1.148767	1.379109	0.000000	0.000000
545.100000	0.542232	-1.148775	1.379107	0.000000	0.000000
545.110000	0.542231	-1.148787	1.379104	0.000000	0.000000
545.120000	0.542230	-1.148800	1.379101	0.000000	0.000000
545.130000	0.542229	-1.148814	1.379098	0.000000	0.000000
545.140000	0.542228	-1.148827	1.379095	0.000000	0.000000
545.150000	0.542227	-1.148841	1.379092	0.000000	0.000000
545.160000	0.542225	-1.148853	1.379089	0.000000	0.000000
545.170000	0.542223	-1.148865	1.379087	0.000000	0.000000
545.180000	0.542221	-1.148875	1.379084	0.000000	0.000000
545.190000	0.542219	-1.148885	1.379081	0.000000	0.000000
545.200000	0.542218	-1.148895	1.379078	0.000000	0.000000
545.210000	0.542216	-1.148906	1.379075	0.000000	0.000000
545.220000	0.542215	-1.148918	1.379073	0.000000	0.000000
545.230000	0.542214	-1.148929	1.379070	0.000000	0.000000
545.240000	0.542214	-1.148940	1.379068	0.000000	0.000000
545.250000	0.542213	-1.148948	1.379065	0.000000	0.000000
545.260000	0.542212	-1.148953	1.379062	0.000000	0.000000
545.270000	0.542210	-1.148957	1.379060	0.000000	0.000000
545.280000	0.542209	-1.148959	1.379057	0.000000	0.000000
545.290000	0.542206	-1.148962	1.379055	0.000000	0.000000
545.300000	0.542204	-1.148965	1.379053	0.000000	0.000000
545.310000	0.542202	-1.148967	1.379050	0.000000	0.000000
545.320000	0.542199	-1.148968	1.379048	0.000000	0.000000
545.330000	0.542197	-1.148968	1.379045	0.000000	0.000000
545.340000	0.542194	-1.148971	1.379043	0.000000	0.000000
545.350000	0.542193	-1.148977	1.379041	0.000000	0.000000
545.360000	0.542192	-1.148987	1.379039	0.000000	0.000000
545.370000	0.542193	-1.148996	1.379037	0.000000	0.000000
545.380000	0.542193	-1.149004	1.379034	0.000000	0.000000
545.390000	0.542192	-1.149009	1.379032	0.000000	0.000000
545.400000	0.542189	-1.149012	1.379030	0.000000	0.000000
545.410000	0.542187	-1.149013	1.379028	0.000000	0.000000
545.420000	0.542185	-1.149014	1.379026	0.000000	0.000000
545.430000	0.542183	-1.149015	1.379024	0.000000	0.000000
545.440000	0.542181	-1.149017	1.379022	0.000000	0.000000
545.450000	0.542179	-1.149019	1.379020	0.000000	0.000000
545.460000	0.542177	-1.149021	1.379018	0.000000	0.000000
545.470000	0.542175	-1.149022	1.379016	0.000000	0.000000
545.480000	0.542173	-1.149024	1.379014	0.000000	0.000000
545.490000	0.542171	-1.149026	1.379012	0.000000	0.000000
545.500000	0.542169	-1.149027	1.379009	0.000000	0.000000
545.510000	0.542167	-1.149028	1.379007	0.000000	0.000000
545.520000	0.542165	-1.149029	1.379005	0.000000	0.000000
545.530000	0.542164	-1.149031	1.379003	0.000000	0.000000
545.540000	0.542163	-1.149032	1.379001	0.000000	0.000000
545.550000	0.542163	-1.149035	1.378999	0.000000	0.000000
545.560000	0.542162	-1.149040	1.378997	0.000000	0.000000
545.570000	0.542162	-1.149044	1.378994	0.000000	0.000000
545.580000	0.542161	-1.149047	1.378992	0.000000	0.000000
545.590000	0.542160	-1.149049	1.378990	0.000000	0.000000
545.600000	0.542159	-1.149049	1.378988	0.000000	0.000000
545.610000	0.542157	-1.149051	1.378986	0.000000	0.000000
545.620000	0.542157	-1.149056	1.378984	0.000000	0.000000
545.630000	0.542157	-1.149061	1.378982	0.000000	0.000000
545.640000	0.542158	-1.149068	1.378981	0.000000	0.000000
545.650000	0.542158	-1.149075	1.378979	0.000000	0.000000
545.660000	0.542159	-1.149082	1.378977	0.000000	0.000000
545.670000	0.542161	-1.149089	1.378976	0.000000	0.000000
545.680000	0.542162	-1.149095	1.378974	0.000000	0.000000
545.690000	0.542161	-1.149099	1.378973	0.000000	0.000000
545.700000	0.542160	-1.149101	1.378972	0.000000	0.000000
545.710000	0.542158	-1.149102	1.378971	0.000000	0.000000
545.720000	0.542155	-1.149103	1.378970	0.000000	0.000000
545.730000	0.542153	-1.149103	1.378969	0.000000	0.000000
545.740000	0.542151	-1.149103	1.378968	0.000000	0.000000
545.750000	0.542148	-1.149101	1.378967	0.000000	0.000000
545.760000	0.542145	-1.149099	1.378966	0.000000	0.000000
545.770000	0.542141	-1.149096	1.378965	0.000000	0.000000
545.780000	0.542138	-1.149092	1.378964	0.000000	0.000000
545.790000	0.542134	-1.149088	1.378964	0.000000	0.000000
545.800000	0.542132	-1.149086	1.378963	0.000000	0.000000
545.810000	0.542130	-1.149085	1.378962	0.000000	0.000000
545.820000	0.542129	-1.149086	1.378961	0.000000	0.000000
545.830000	0.542128	-1.149087	1.378960	0.000000	0.000000
545.840000	0.542127	-1.149087	1.378959	0.000000	0.000000
545.850000	0.542127	-1.149087	1.378957	0.000000	0.000000
545.860000	0.542127	-1.149086	1.378956	0.000000	0.000000
545.870000	0.542126	-1.149085	1.378955	0.000000	0.000000
545.880000	0.542125	-1.149083	1.378953	0.000000	0.000000
545.890000	0.542125	-1.149082	1.378952	0.000000	0.000000
545.900000	0.542124	-1.149082	1.378950	0.000000	0.000000
545.910000	0.542124	-1.149082	1.378948	0.000000	0.000000
545.920000	0.542125	-1.149084	1.378946	0.000000	0.000000
545.930000	0.542126	-1.149086	1.378944	0.000000	0.000000
545.940000	0.542126	-1.149087	1.378941	0.000000	0.000000
545.950000	0.542126	-1.149086	1.378939	0.000000	0.000000
545.960000	0.542126	-1.149085	1.378936	0.000000	0.000000
545.970000	0.542126	-1.149085	1.378934	0.000000	0.000000
545.980000	0.542127	-1.149085	1.378931	0.000000	0.000000
545.990000	0.542127	-1.149086	1.378929	0.000000	0.000000
546.000000	0.542129	-1.149087	1.378926	0.000000	0.000000
546.010000	0.542131	-1.149089	1.378923	0.000000	0.000000
546.020000	0.542134	-1.149092	1.378921	0.000000	0.000000
546.030000	0.542138	-1.149096	1.378918	0.000000	0.000000
546.040000	0.542141	-1.149100	1.378916	0.000000	0.000000
546.050000	0.542145	-1.149103	1.378913	0.000000	0.000000
546.060000	0.542148	-1.149107	1.378911	0.000000	0.000000
546.070000	0.542151	-1.149109	1.378908	0.000000	0.000000
546.080000	0.542154	-1.149110	1.378906	0.000000	0.000000
546.090000	0.542155	-1.149110	1.378904	0.000000	0.000000
546.100000	0.542156	-1.149107	1.378902	0.000000	0.000000
546.110000	0.542155	-1.149102	1.378900	0.000000	0.000000
546.120000	0.542154	-1.149095	1.378898	0.000000	0.000000
546.130000	0.542152	-1.149087	1.378896	0.000000	0.000000
546.140000	0.542151	-1.149079	1.378894	0.000000	0.000000
546.150000	0.542151	-1.149073	1.378892	0.000000	0.000000
546.160000	0.542151	-1.149068	1.378891	0.000000	0.000000
546.170000	0.542150	-1.149060	1.378889	0.000000	0.000000
546.180000	0.542150	-1.149050	1.378888	0.000000	0.000000
546.190000	0.542149	-1.149041	1.378886	0.000000	0.000000
546.200000	0.542149	-1.149034	1.378885	0.000000	0.000000
546.210000	0.542150	-1.149028	1.378883	0.000000	0.000000
546.220000	0.542149	-1.149022	1.378882	0.000000	0.000000
546.230000	0.542149	-1.149016	1.378881	0.000000	0.000000
546.240000	0.542148	-1.149010	1.378879	0.000000	0.000000
546.250000	0.542147	-1.149003	1.378878	0.000000	0.000000
546.260000	0.542146	-1.148997	1.378877	0.000000	0.000000
546.270000	0.542146	-1.148992	1.378876	0.000000	0.000000
546.280000	0.542146	-1.148989	1.378875	0.000000	0.000000
546.290000	0.542148	-1.148987	1.378873	0.000000	0.000000
546.300000	0.542149	-1.148987	1.378872	0.000000	0.000000
546.310000	0.542151	-1.148987	1.378871	0.000000	0.000000
546.320000	0.542152	-1.148988	1.378869	0.000000	0.000000
546.330000	0.542153	-1.148988	1.378868	0.000000	0.000000
546.340000	0.542155	-1.148988	1.378867	0.000000	0.000000
546.350000	0.542156	-1.148986	1.378865	0.000000	0.000000
546.360000	0.542155	-1.148982	1.378864	0.000000	0.000000
546.370000	0.542155	-1.148974	1.378862	0.000000	0.000000
546.380000	0.542154	-1.148966	1.378861	0.000000	0.000000
546.390000	0.542153	-1.148958	1.378859	0.000000	0.000000
546.400000	0.542153	-1.148953	1.378858	0.000000	0.000000
546.410000	0.542154	-1.148950	1.378857	0.000000	0.000000
546.420000	0.542155	-1.148947	1.378856	0.000000	0.000000
546.430000	0.542157	-1.148946	1.378855	0.000000	0.000000
546.440000	0.542159	-1.148945	1.378854	0.000000	0.000000
546.450000	0.542161	-1.148946	1.378854	0.000000	0.000000
546.460000	0.542163	-1.148948	1.378853	0.000000	0.000000
546.470000	0.542165	-1.148950	1.378853	0.000000	0.000000
546.480000	0.542167	-1.148950	1.378852	0.000000	0.000000
546.490000	0.542169	-1.148949	1.378852	0.000000	0.000000
546.500000	0.542169	-1.148946	1.378852	0.000000	0.000000
546.510000	0.542169	-1.148941	1.378852	0.000000	0.000000
546.520000	0.542168	-1.148933	1.378852	0.000000	0.000000
546.530000	0.542167	-1.148923	1.378852	0.000000	0.000000
546.540000	0.542164	-1.148911	1.378852	0.000000	0.000000
546.550000	0.542162	-1.148897	1.378852	0.000000	0.000000
546.560000	0.542159	-1.148882	1.378852	0.000000	0.000000
546.570000	0.542156	-1.148868	1.378852	0.000000	0.000000
546.580000	0.542155	-1.148857	1.378852	0.000000	0.000000
546.590000	0.542154	-1.148847	1.378852	0.000000	0.000000
546.600000	0.542154	-1.148839	1.378851	0.000000	0.000000
546.610000	0.542154	-1.148831	1.378851	0.000000	0.000000
546.620000	0.542154	-1.148825	1.378851	0.000000	0.000000
546.630000	0.542155	-1.148822	1.378851	0.000000	0.000000
546.640000	0.542156	-1.148821	1.378850	0.000000	0.000000
546.650000	0.542156	-1.148820	1.378850	0.000000	0.000000
546.660000	0.542156	-1.148817	1.378849	0.000000	0.000000
546.670000	0.542156	-1.148811	1.378848	0.000000	0.000000
546.680000	0.542155	-1.148804	1.378848	0.000000	0.000000
546.690000	0.542155	-1.148798	1.378847	0.000000	0.000000
546.700000	0.542155	-1.148796	1.378846	0.000000	0.000000
546.710000	0.542156	-1.148797	1.378845	0.000000	0.000000
546.720000	0.542160	-1.148800	1.378845	0.000000	0.000000
546.730000	0.542164	-1.148806	1.378844	0.000000	0.000000
546.740000	0.542167	-1.148810	1.378843	0.000000	0.000000
546.750000	0.542170	-1.148812	1.378842	0.000000	0.000000
546.760000	0.542172	-1.148811	1.378842	0.000000	0.000000
546.770000	0.542173	-1.148806	1.378841	0.000000	0.000000
546.780000	0.542174	-1.148799	1.378840	0.000000	0.000000
546.790000	0.542174	-1.148792	1.378840	0.000000	0.000000
546.800000	0.542175	-1.148785	1.378839	0.000000	0.000000
546.810000	0.542175	-1.148777	1.378839	0.000000	0.000000
546.820000	0.542175	-1.148768	1.378838	0.000000	0.000000
546.830000	0.542175	-1.148757	1.378838	0.000000	0.000000
546.840000	0.542175	-1.148745	1.378838	0.000000	0.000000
546.850000	0.542174	-1.148731	1.378838	0.000000	0.000000
546.860000	0.542173	-1.148717	1.378838	0.000000	0.000000
546.870000	0.542172	-1.148704	1.378838	0.000000	0.000000
546.880000	0.542173	-1.148694	1.378837	0.000000	0.000000
546.890000	0.542174	-1.148686	1.378838	0.000000	0.000000
546.900000	0.542175	-1.148678	1.378838	0.000000	0.000000
546.910000	0.542176	-1.148671	1.378838	0.000000	0.000000
546.920000	0.542177	-1.148664	1.378838	0.000000	0.000000
546.930000	0.542179	-1.148657	1.378838	0.000000	0.000000
546.940000	0.542180	-1.148651	1.378838	0.000000	0.000000
546.950000	0.542181	-1.148646	1.378838	0.000000	0.000000
546.960000	0.542183	-1.148642	1.378838	0.000000	0.000000
546.970000	0.542184	-1.148638	1.378838	0.000000	0.000000
546.980000	0.542186	-1.148635	1.378838	0.000000	0.000000
546.990000	0.542187	-1.148631	1.378838	0.000000	0.000000
547.000000	0.542188	-1.148628	1.378838	0.000000	0.000000
547.010000	0.542188	-1.148625	1.378838	0.000000	0.000000
547.020000	0.542188	-1.148620	1.378838	0.000000	0.000000
547.030000	0.542187	-1.148613	1.378838	0.000000	0.000000
547.040000	0.542186	-1.148605	1.378839	0.000000	0.000000
547.050000	0.542186	-1.148599	1.378839	0.000000	0.000000
547.060000	0.542187	-1.148597	1.378839	0.000000	0.000000
547.070000	0.542188	-1.148594	1.378840	0.000000	0.000000
547.080000	0.542188	-1.148591	1.378840	0.000000	0.000000
547.090000	0.542188	-1.148585	1.378840	0.000000	0.000000
547.100000	0.542187	-1.148576	1.378841	0.000000	0.000000
547.110000	0.542185	-1.148564	1.378842	0.000000	0.000000
547.120000	0.542181	-1.148549	1.378842	0.000000	0.000000
547.130000	0.542178	-1.148533	1.378843	0.000000	0.000000
547.140000	0.542173	-1.148517	1.378843	0.000000	0.000000
547.150000	0.542170	-1.148501	1.378844	0.000000	0.000000
547.160000	0.542167	-1.148487	1.378845	0.000000	0.000000
547.170000	0.542164	-1.148475	1.378845	0.000000	0.000000
547.180000	0.542162	-1.148464	1.378846	0.000000	0.000000
547.190000	0.542161	-1.148456	1.378847	0.000000	0.000000
547.200000	0.542160	-1.148448	1.378847	0.000000	0.000000
547.210000	0.542158	-1.148442	1.378848	0.000000	0.000000
547.220000	0.542157	-1.148436	1.378848	0.000000	0.000000
547.230000	0.542156	-1.148430	1.378849	0.000000	0.000000
547.240000	0.542156	-1.148424	1.378849	0.000000	0.000000
547.250000	0.542155	-1.148418	1.378850	0.000000	0.000000
547.260000	0.542155	-1.148411	1.378850	0.000000	0.000000
547.270000	0.542155	-1.148404	1.378850	0.000000	0.000000
547.280000	0.542154	-1.148397	1.378851	0.000000	0.000000
547.290000	0.542153	-1.148389	1.378851	0.000000	0.000000
547.300000	0.542153	-1.148382	1.378851	0.000000	0.000000
547.310000	0.542152	-1.148376	1.378851	0.000000	0.000000
547.320000	0.542153	-1.148371	1.378851	0.000000	0.000000
547.330000	0.542153	-1.148365	1.378852	0.000000	0.000000
547.340000	0.542153	-1.148358	1.378852	0.000000	0.000000
547.350000	0.542152	-1.148349	1.378852	0.000000	0.000000
547.360000	0.542152	-1.148339	1.378853	0.000000	0.000000
547.370000	0.542151	-1.148329	1.378853	0.000000	0.000000
547.380000	0.542150	-1.148320	1.378853	0.000000	0.000000
547.390000	0.542148	-1.148312	1.378854	0.000000	0.000000
547.400000	0.542147	-1.148304	1.378854	0.000000	0.000000
547.410000	0.542146	-1.148297	1.378854	0.000000	0.000000
547.420000	0.542146	-1.148290	1.378855	0.000000	0.000000
547.430000	0.542145	-1.148283	1.378855	0.000000	0.000000
547.440000	0.542144	-1.148277	1.378856	0.000000	0.000000
547.450000	0.542144	-1.148271	1.378856	0.000000	0.000000
547.460000	0.542144	-1.148265	1.378856	0.000000	0.000000
547.470000	0.542144	-1.148259	1.378857	0.000000	0.000000
547.480000	0.542144	-1.148252	1.378857	0.000000	0.000000
547.490000	0.542144	-1.148243	1.378857	0.000000	0.000000
547.500000	0.542143	-1.148233	1.378857	0.000000	0.000000
547.510000	0.542142	-1.148221	1.378857	0.000000	0.000000
547.520000	0.542140	-1.148208	1.378857	0.000000	0.000000
547.530000	0.542138	-1.148195	1.378857	0.000000	0.000000
547.540000	0.542138	-1.148184	1.378857	0.000000	0.000000
547.550000	0.542139	-1.148176	1.378856	0.000000	0.000000
547.560000	0.542141	-1.148171	1.378856	0.000000	0.000000
547.570000	0.542144	-1.148170	1.378855	0.000000	0.000000
547.580000	0.542148	-1.148170	1.378855	0.000000	0.000000
547.590000	0.542151	-1.148170	1.378854	0.000000	0.000000
547.600000	0.542154	-1.148170	1.378853	0.000000	0.000000
547.610000	0.542156	-1.148166	1.378852	0.000000	0.000000
547.620000	0.542157	-1.148159	1.378851	0.000000	0.000000
547.630000	0.542157	-1.148148	1.378850	0.000000	0.000000
547.640000	0.542155	-1.148135	1.378849	0.000000	0.000000
547.650000	0.542154	-1.148122	1.378848	0.000000	0.000000
547.660000	0.542153	-1.148109	1.378847	0.000000	0.000000
547.670000	0.542152	-1.148098	1.378846	0.000000	0.000000
547.680000	0.542152	-1.148090	1.378846	0.000000	0.000000
547.690000	0.542153	-1.148085	1.378845	0.000000	0.000000
547.700000	0.542154	-1.148082	1.378844	0.000000	0.000000
547.710000	0.542156	-1.148080	1.378843	0.000000	0.000000
547.720000	0.542157	-1.148078	1.378843	0.000000	0.000000
547.730000	0.542159	-1.148075	1.378842	0.000000	0.000000
547.740000	0.542161	-1.148071	1.378841	0.000000	0.000000
547.750000	0.542163	-1.148067	1.378841	0.000000	0.000000
547.760000	0.542164	-1.148061	1.378840	0.000000	0.000000
547.770000	0.542165	-1.148054	1.378839	0.000000	0.000000
547.780000	0.542166	-1.148047	1.378839	0.000000	0.000000
547.790000	0.542167	-1.148039	1.378838	0.000000	0.000000
547.800000	0.542168	-1.148032	1.378838	0.000000	0.000000
547.810000	0.542169	-1.148026	1.378837	0.000000	0.000000
547.820000	0.542171	-1.148021	1.378836	0.000000	0.000000
547.830000	0.542174	-1.148017	1.378836	0.000000	0.000000
547.840000	0.542177	-1.148014	1.378835	0.000000	0.000000
547.850000	0.542180	-1.148009	1.378834	0.000000	0.000000
547.860000	0.542182	-1.148003	1.378834	0.000000	0.000000
547.870000	0.542182	-1.147996	1.378833	0.000000	0.000000
547.880000	0.542183	-1.147988	1.378832	0.000000	0.000000
547.890000	0.542182	-1.147982	1.378831	0.000000	0.000000
547.900000	0.542183	-1.147977	1.378831	0.000000	0.000000
547.910000	0.542183	-1.147975	1.378830	0.000000	0.000000
547.920000	0.542184	-1.147975	1.378829	0.000000	0.000000
547.930000	0.542185	-1.147976	1.378829	0.000000	0.000000
547.940000	0.542186	-1.147978	1.378828	0.000000	0.000000
547.950000	0.542187	-1.147979	1.378827	0.000000	0.000000
547.960000	0.542187	-1.147977	1.378827	0.000000	0.000000
547.970000	0.542186	-1.147974	1.378826	0.000000	0.000000
547.980000	0.542186	-1.147969	1.378826	0.000000	0.000000
547.990000	0.542185	-1.147964	1.378825	0.000000	0.000000
548.000000	0.542183	-1.147958	1.378824	0.000000	0.000000
548.010000	0.542182	-1.147952	1.378824	0.000000	0.000000
548.020000	0.542180	-1.147946	1.378823	0.000000	0.000000
548.030000	0.542179	-1.147941	1.378822	0.000000	0.000000
548.040000	0.542178	-1.147936	1.378822	0.000000	0.000000
548.050000	0.542176	-1.147932	1.378821	0.000000	0.000000
548.060000	0.542175	-1.147928	1.378821	0.000000	0.000000
548.070000	0.542173	-1.147925	1.378820	0.000000	0.000000
548.080000	0.542172	-1.147922	1.378819	0.000000	0.000000
548.090000	0.542172	-1.147919	1.378819	0.000000	0.000000
548.100000	0.542171	-1.147917	1.378818	0.000000	0.000000
548.110000	0.542170	-1.147916	1.378817	0.000000	0.000000
548.120000	0.542171	-1.147915	1.378817	0.000000	0.000000
548.130000	0.542171	-1.147916	1.378816	0.000000	0.000000
548.140000	0.542171	-1.147917	1.378815	0.000000	0.000000
548.150000	0.542171	-1.147918	1.378814	0.000000	0.000000
548.160000	0.542171	-1.147918	1.378813	0.000000	0.000000
548.170000	0.542170	-1.147916	1.378812	0.000000	0.000000
548.180000	0.542168	-1.147913	1.378811	0.000000	0.000000
548.190000	0.542166	-1.147908	1.378810	0.000000	0.000000
548.200000	0.542164	-1.147904	1.378809	0.000000	0.000000
548.210000	0.542163	-1.147900	1.378807	0.000000	0.000000
548.220000	0.542161	-1.147897	1.378806	0.000000	0.000000
548.230000	0.542161	-1.147894	1.378805	0.000000	0.000000
548.240000	0.542160	-1.147890	1.378804	0.000000	0.000000
548.250000	0.542158	-1.147885	1.378803	0.000000	0.000000
548.260000	0.542156	-1.147880	1.378802	0.000000	0.000000
548.270000	0.542154	-1.147875	1.378801	0.000000	0.000000
548.280000	0.542153	-1.147871	1.378800	0.000000	0.000000
548.290000	0.542152	-1.147868	1.378799	0.000000	0.000000
548.300000	0.542152	-1.147865	1.378798	0.000000	0.000000
548.310000	0.542151	-1.147862	1.378798	0.000000	0.000000
548.320000	0.542151	-1.147859	1.378797	0.000000	0.000000
548.330000	0.542150	-1.147855	1.378796	0.000000	0.000000
548.340000	0.542149	-1.147852	1.378795	0.000000	0.000000
548.350000	0.542148	-1.147848	1.378794	0.000000	0.000000
548.360000	0.542148	-1.147844	1.378793	0.000000	0.000000
548.370000	0.542149	-1.147841	1.378792	0.000000	0.000000
548.380000	0.542149	-1.147837	1.378791	0.000000	0.000000
548.390000	0.542150	-1.147833	1.378790	0.000000	0.000000
548.400000	0.542151	-1.147828	1.378789	0.000000	0.000000
548.410000	0.542151	-1.147821	1.378788	0.000000	0.000000
548.420000	0.542151	-1.147815	1.378787	0.000000	0.000000
548.430000	0.542151	-1.147810	1.378786	0.000000	0.000000
548.440000	0.542150	-1.147804	1.378785	0.000000	0.000000
548.450000	0.542151	-1.147799	1.378784	0.000000	0.000000
548.460000	0.542151	-1.147793	1.378783	0.000000	0.000000
548.470000	0.542152	-1.147789	1.378781	0.000000	0.000000
548.480000	0.542154	-1.147788	1.378780	0.000000	0.000000
548.490000	0.542157	-1.147788	1.378779	0.000000	0.000000
548.500000	0.542159	-1.147789	1.378777	0.000000	0.000000
548.510000	0.542161	-1.147791	1.378776	0.000000	0.000000
548.520000	0.542163	-1.147792	1.378775	0.000000	0.000000
548.530000	0.542166	-1.147792	1.378773	0.000000	0.000000
548.540000	0.542169	-1.147790	1.378772	0.000000	0.000000
548.550000	0.542171	-1.147786	1.378770	0.000000	0.000000
548.560000	0.542172	-1.147780	1.378768	0.000000	0.000000
548.570000	0.542173	-1.147771	1.378767	0.000000	0.000000
548.580000	0.542173	-1.147760	1.378765	0.000000	0.000000
548.590000	0.542173	-1.147749	1.378763	0.000000	0.000000
548.600000	0.542172	-1.147737	1.378761	0.000000	0.000000
548.610000	0.542172	-1.147725	1.378760	0.000000	0.000000
548.620000	0.542172	-1.147714	1.378758	0.000000	0.000000
548.630000	0.542172	-1.147704	1.378756	0.000000	0.000000
548.640000	0.542173	-1.147695	1.378754	0.000000	0.000000
548.650000	0.542175	-1.147686	1.378753	0.000000	0.000000
548.660000	0.542176	-1.147678	1.378751	0.000000	0.000000
548.670000	0.542178	-1.147670	1.378749	0.000000	0.000000
548.680000	0.542181	-1.147664	1.378747	0.000000	0.000000
548.690000	0.542184	-1.147659	1.378745	0.000000	0.000000
548.700000	0.542189	-1.147656	1.378744	0.000000	0.000000
548.710000	0.542194	-1.147655	1.378742	0.000000	0.000000
548.720000	0.542200	-1.147656	1.378740	0.000000	0.000000
548.730000	0.542206	-1.147659	1.378738	0.000000	0.000000
548.740000	0.542212	-1.147662	1.378737	0.000000	0.000000
548.750000	0.542219	-1.147665	1.378735	0.000000	0.000000
548.760000	0.542224	-1.147666	1.378733	0.000000	0.000000
548.770000	0.542229	-1.147663	1.378732	0.000000	0.000000
548.780000	0.542234	-1.147659	1.378730	0.000000	0.000000
548.790000	0.542239	-1.147655	1.378729	0.000000	0.000000
548.800000	0.542244	-1.147652	1.378727	0.000000	0.000000
548.810000	0.542249	-1.147648	1.378726	0.000000	0.000000
548.820000	0.542254	-1.147642	1.378724	0.000000	0.000000
548.830000	0.542257	-1.147636	1.378723	0.000000	0.000000
548.840000	0.542261	-1.147630	1.378722	0.000000	0.000000
548.850000	0.542264	-1.147620	1.378720	0.000000	0.000000
548.860000	0.542266	-1.147606	1.378719	0.000000	0.000000
548.870000	0.542267	-1.147587	1.378718	0.000000	0.000000
548.880000	0.542269	-1.147572	1.378717	0.000000	0.000000
548.890000	0.542273	-1.147563	1.378715	0.000000	0.000000
548.900000	0.542279	-1.147558	1.378714	0.000000	0.000000
548.910000	0.542286	-1.147555	1.378713	0.000000	0.000000
548.920000	0.542292	-1.147555	1.378712	0.000000	0.000000
548.930000	0.542298	-1.147556	1.378711	0.000000	0.000000
548.940000	0.542304	-1.147558	1.378710	0.000000	0.000000
548.950000	0.542309	-1.147560	1.378708	0.000000	0.000000
548.960000	0.542314	-1.147560	1.378707	0.000000	0.000000
548.970000	0.542317	-1.147557	1.378706	0.000000	0.000000
548.980000	0.542319	-1.147551	1.378705	0.000000	0.000000
548.990000	0.542321	-1.147543	1.378704	0.000000	0.000000
549.000000	0.542323	-1.147534	1.378703	0.000000	0.000000
549.010000	0.542325	-1.147528	1.378702	0.000000	0.000000
549.020000	0.542328	-1.147522	1.378701	0.000000	0.000000
549.030000	0.542331	-1.147518	1.378700	0.000000	0.000000
549.040000	0.542333	-1.147512	1.378699	0.000000	0.000000
549.050000	0.542334	-1.147507	1.378698	0.000000	0.000000
549.060000	0.542334	-1.147501	1.378697	0.000000	0.000000
549.070000	0.542335	-1.147496	1.378696	0.000000	0.000000
549.080000	0.542336	-1.147493	1.378695	0.000000	0.000000
549.090000	0.542338	-1.147491	1.378694	0.000000	0.000000
549.100000	0.542339	-1.147490	1.378694	0.000000	0.000000
549.110000	0.542340	-1.147489	1.378693	0.000000	0.000000
549.120000	0.542341	-1.147488	1.378692	0.000000	0.000000
549.130000	0.542341	-1.147487	1.378691	0.000000	0.000000
549.140000	0.542341	-1.147484	1.378690	0.000000	0.000000
549.150000	0.542342	-1.147481	1.378689	0.000000	0.000000
549.160000	0.542342	-1.147480	1.378688	0.000000	0.000000
549.170000	0.542342	-1.147480	1.378687	0.000000	0.000000
549.180000	0.542342	-1.147481	1.378686	0.000000	0.000000
549.190000	0.542344	-1.147484	1.378685	0.000000	0.000000
549.200000	0.542344	-1.147486	1.378683	0.000000	0.000000
549.210000	0.542346	-1.147489	1.378682	0.000000	0.000000
549.220000	0.542346	-1.147491	1.378681	0.000000	0.000000
549.230000	0.542347	-1.147492	1.378680	0.000000	0.000000
549.240000	0.542347	-1.147491	1.378679	0.000000	0.000000
549.250000	0.542346	-1.147489	1.378678	0.000000	0.000000
549.260000	0.542343	-1.147485	1.378676	0.000000	0.000000
549.270000	0.542341	-1.147480	1.378675	0.000000	0.000000
549.280000	0.542338	-1.147474	1.378674	0.000000	0.000000
549.290000	0.542334	-1.147468	1.378673	0.000000	0.000000
549.300000	0.542331	-1.147461	1.378672	0.000000	0.000000
549.310000	0.542329	-1.147457	1.378671	0.000000	0.000000
549.320000	0.542327	-1.147454	1.378669	0.000000	0.000000
549.330000	0.542326	-1.147453	1.378668	0.000000	0.000000
549.340000	0.542326	-1.147454	1.378667	0.000000	0.000000
549.350000	0.542326	-1.147456	1.378666	0.000000	0.000000
549.360000	0.542325	-1.147458	1.378665	0.000000	0.000000
549.370000	0.542324	-1.147461	1.378663	0.000000	0.000000
549.380000	0.542324	-1.147464	1.378662	0.000000	0.000000
549.390000	0.542323	-1.147466	1.378661	0.000000	0.000000
549.400000	0.542322	-1.147467	1.378659	0.000000	0.000000
549.410000	0.542321	-1.147467	1.378658	0.000000	0.000000
549.420000	0.542320	-1.147463	1.378656	0.000000	0.000000
549.430000	0.542317	-1.147455	1.378655	0.000000	0.000000
549.440000	0.542314	-1.147446	1.378654	0.000000	0.000000
549.450000	0.542312	-1.147440	1.378652	0.000000	0.000000
549.460000	0.542311	-1.147439	1.378651	0.000000	0.000000
549.470000	0.542311	-1.147441	1.378649	0.000000	0.000000
549.480000	0.542312	-1.147444	1.378648	0.000000	0.000000
549.490000	0.542312	-1.147447	1.378646	0.000000	0.000000
549.500000	0.542313	-1.147449	1.378645	0.000000	0.000000
549.510000	0.542313	-1.147448	1.378644	0.000000	0.000000
549.520000	0.542312	-1.147443	1.378643	0.000000	0.000000
549.530000	0.542310	-1.147434	1.378641	0.000000	0.000000
549.540000	0.542308	-1.147423	1.378640	0.000000	0.000000
549.550000	0.542306	-1.147413	1.378639	0.000000	0.000000
549.560000	0.542304	-1.147403	1.378638	0.000000	0.000000
549.570000	0.542304	-1.147396	1.378637	0.000000	0.000000
549.580000	0.542303	-1.147390	1.378636	0.000000	0.000000
549.590000	0.542303	-1.147386	1.378635	0.000000	0.000000
549.600000	0.542304	-1.147383	1.378634	0.000000	0.000000
549.610000	0.542304	-1.147380	1.378633	0.000000	0.000000
549.620000	0.542303	-1.147377	1.378632	0.000000	0.000000
549.630000	0.542302	-1.147372	1.378631	0.000000	0.000000
549.640000	0.542301	-1.147367	1.378630	0.000000	0.000000
549.650000	0.542300	-1.147362	1.378629	0.000000	0.000000
549.660000	0.542299	-1.147360	1.378629	0.000000	0.000000
549.670000	0.542299	-1.147359	1.378628	0.000000	0.000000
549.680000	0.542301	-1.147361	1.378627	0.000000	0.000000
549.690000	0.542302	-1.147364	1.378627	0.000000	0.000000
549.700000	0.542304	-1.147367	1.378626	0.000000	0.000000
549.710000	0.542306	-1.147370	1.378625	0.000000	0.000000
549.720000	0.542307	-1.147371	1.378625	0.000000	0.000000
549.730000	0.542306	-1.147370	1.378625	0.000000	0.000000
549.740000	0.542305	-1.147367	1.378624	0.000000	0.000000
549.750000	0.542302	-1.147360	1.378624	0.000000	0.000000
549.760000	0.542298	-1.147351	1.378624	0.000000	0.000000
549.770000	0.542294	-1.147340	1.378624	0.000000	0.000000
549.780000	0.542289	-1.147327	1.378623	0.000000	0.000000
549.790000	0.542285	-1.147315	1.378623	0.000000	0.000000
549.800000	0.542280	-1.147303	1.378623	0.000000	0.000000
549.810000	0.542276	-1.147292	1.378623	0.000000	0.000000
549.820000	0.542272	-1.147282	1.378623	0.000000	0.000000
549.830000	0.542268	-1.147273	1.378623	0.000000	0.000000
549.840000	0.542264	-1.147266	1.378623	0.000000	0.000000
549.850000	0.542260	-1.147260	1.378623	0.000000	0.000000
549.860000	0.542257	-1.147257	1.378623	0.000000	0.000000
549.870000	0.542254	-1.147255	1.378623	0.000000	0.000000
549.880000	0.542252	-1.147255	1.378623	0.000000	0.000000
549.890000	0.542251	-1.147257	1.378623	0.000000	0.000000
549.900000	0.542249	-1.147260	1.378623	0.000000	0.000000
549.910000	0.542248	-1.147265	1.378623	0.000000	0.000000
549.920000	0.542248	-1.147269	1.378622	0.000000	0.000000
549.930000	0.542247	-1.147273	1.378622	0.000000	0.000000
549.940000	0.542245	-1.147276	1.378621	0.000000	0.000000
549.950000	0.542243	-1.147277	1.378621	0.000000	0.000000
549.960000	0.542240	-1.147275	1.378620	0.000000	0.000000
549.970000	0.542236	-1.147271	1.378619	0.000000	0.000000
549.980000	0.542233	-1.147267	1.378618	0.000000	0.000000
549.990000	0.542230	-1.147262	1.378617	0.000000	0.000000
550.000000	0.542228	-1.147260	1.378617	0.000000	0.000000
550.010000	0.542227	-1.147261	1.378616	0.000000	0.000000
550.020000	0.542227	-1.147263	1.378615	0.000000	0.000000
550.030000	0.542227	-1.147266	1.378614	0.000000	0.000000
550.040000	0.542226	-1.147267	1.378613	0.000000	0.000000
550.050000	0.542225	-1.147266	1.378612	0.000000	0.000000
550.060000	0.542223	-1.147264	1.378611	0.000000	0.000000
550.070000	0.542221	-1.147260	1.378610	0.000000	0.000000
550.080000	0.542219	-1.147254	1.378609	0.000000	0.000000
550.090000	0.542215	-1.147248	1.378608	0.000000	0.000000
550.100000	0.542212	-1.147241	1.378608	0.000000	0.000000
550.110000	0.542209	-1.147234	1.378607	0.000000	0.000000
550.120000	0.542206	-1.147227	1.378606	0.000000	0.000000
550.130000	0.542203	-1.147221	1.378605	0.000000	0.000000
550.140000	0.542200	-1.147215	1.378605	0.000000	0.000000
550.150000	0.542197	-1.147209	1.378604	0.000000	0.000000
550.160000	0.542193	-1.147203	1.378603	0.000000	0.000000
550.170000	0.542190	-1.147197	1.378602	0.000000	0.000000
550.180000	0.542187	-1.147191	1.378601	0.000000	0.000000
550.190000	0.542184	-1.147187	1.378601	0.000000	0.000000
550.200000	0.542182	-1.147183	1.378600	0.000000	0.000000
550.210000	0.542179	-1.147181	1.378599	0.000000	0.000000
550.220000	0.542177	-1.147180	1.378597	0.000000	0.000000
550.230000	0.542175	-1.147180	1.378596	0.000000	0.000000
550.240000	0.542175	-1.147182	1.378595	0.000000	0.000000
550.250000	0.542175	-1.147185	1.378594	0.000000	0.000000
550.260000	0.542175	-1.147189	1.378592	0.000000	0.000000
550.270000	0.542176	-1.147193	1.378591	0.000000	0.000000
550.280000	0.542176	-1.147197	1.378590	0.000000	0.000000
550.290000	0.542176	-1.147200	1.378588	0.000000	0.000000
550.300000	0.542176	-1.147202	1.378586	0.000000	0.000000
550.310000	0.542176	-1.147202	1.378585	0.000000	0.000000
550.320000	0.542175	-1.147202	1.378583	0.000000	0.000000
550.330000	0.542173	-1.147204	1.378582	0.000000	0.000000
550.340000	0.542172	-1.147207	1.378580	0.000000	0.000000
550.350000	0.542172	-1.147209	1.378578	0.000000	0.000000
550.360000	0.542171	-1.147209	1.378577	0.000000	0.000000
550.370000	0.542169	-1.147206	1.378575	0.000000	0.000000
550.380000	0.542167	-1.147200	1.378574	0.000000	0.000000
550.390000	0.542164	-1.147193	1.378572	0.000000	0.000000
550.400000	0.542161	-1.147187	1.378571	0.000000	0.000000
550.410000	0.542159	-1.147183	1.378569	0.000000	0.000000
550.420000	0.542158	-1.147180	1.378568	0.000000	0.000000
550.430000	0.542157	-1.147177	1.378567	0.000000	0.000000
550.440000	0.542156	-1.147173	1.378565	0.000000	0.000000
550.450000	0.542155	-1.147168	1.378564	0.000000	0.000000
550.460000	0.542154	-1.147165	1.378563	0.000000	0.000000
550.470000	0.542154	-1.147162	1.378562	0.000000	0.000000
550.480000	0.542155	-1.147161	1.378561	0.000000	0.000000
550.490000	0.542155	-1.147159	1.378560	0.000000	0.000000
550.500000	0.542155	-1.147157	1.378559	0.000000	0.000000
550.510000	0.542156	-1.147155	1.378558	0.000000	0.000000
550.520000	0.542156	-1.147154	1.378557	0.000000	0.000000
550.530000	0.542155	-1.147154	1.378556	0.000000	0.000000
550.540000	0.542155	-1.147154	1.378556	0.000000	0.000000
550.550000	0.542156	-1.147154	1.378555	0.000000	0.000000
550.560000	0.542156	-1.147154	1.378555	0.000000	0.000000
550.570000	0.542157	-1.147154	1.378554	0.000000	0.000000
550.580000	0.542158	-1.147152	1.378554	0.000000	0.000000
550.590000	0.542158	-1.147149	1.378554	0.000000	0.000000
550.600000	0.542159	-1.147145	1.378554	0.000000	0.000000
550.610000	0.542158	-1.147139	1.378554	0.000000	0.000000
550.620000	0.542158	-1.147133	1.378555	0.000000	0.000000
550.630000	0.542158	-1.147127	1.378555	0.000000	0.000000
550.640000	0.542158	-1.147121	1.378556	0.000000	0.000000
550.650000	0.542158	-1.147115	1.378557	0.000000	0.000000
550.660000	0.542157	-1.147106	1.378558	0.000000	0.000000
550.670000	0.542157	-1.147096	1.378559	0.000000	0.000000
550.680000	0.542156	-1.147084	1.378560	0.000000	0.000000
550.690000	0.542154	-1.147070	1.378562	0.000000	0.000000
550.700000	0.542153	-1.147055	1.378563	0.000000	0.000000
550.710000	0.542151	-1.147041	1.378565	0.000000	0.000000
550.720000	0.542151	-1.147028	1.378566	0.000000	0.000000
550.730000	0.542151	-1.147016	1.378568	0.000000	0.000000
550.740000	0.542150	-1.147004	1.378570	0.000000	0.000000
550.750000	0.542150	-1.146991	1.378572	0.000000	0.000000
550.760000	0.542150	-1.146979	1.378574	0.000000	0.000000
550.770000	0.542151	-1.146971	1.378576	0.000000	0.000000
550.780000	0.542153	-1.146965	1.378579	0.000000	0.000000
550.790000	0.542156	-1.146963	1.378581	0.000000	0.000000
550.800000	0.542159	-1.146961	1.378583	0.000000	0.000000
550.810000	0.542162	-1.146960	1.378586	0.000000	0.000000
550.820000	0.542164	-1.146957	1.378589	0.000000	0.000000
550.830000	0.542165	-1.146952	1.378592	0.000000	0.000000
550.840000	0.542166	-1.146944	1.378594	0.000000	0.000000
550.850000	0.542165	-1.146934	1.378597	0.000000	0.000000
550.860000	0.542165	-1.146923	1.378600	0.000000	0.000000
550.870000	0.542164	-1.146911	1.378603	0.000000	0.000000
550.880000	0.542162	-1.146899	1.378607	0.000000	0.000000
550.890000	0.542161	-1.146888	1.378610	0.000000	0.000000
550.900000	0.542160	-1.146879	1.378613	0.000000	0.000000
550.910000	0.542160	-1.146873	1.378617	0.000000	0.000000
550.920000	0.542159	-1.146869	1.378620	0.000000	0.000000
550.930000	0.542159	-1.146867	1.378624	0.000000	0.000000
550.940000	0.542160	-1.146866	1.378628	0.000000	0.000000
550.950000	0.542161	-1.146866	1.378632	0.000000	0.000000
550.960000	0.542163	-1.146865	1.378635	0.000000	0.000000
550.970000	0.542164	-1.146860	1.378639	0.000000	0.000000
550.980000	0.542163	-1.146849	1.378644	0.000000	0.000000
550.990000	0.542161	-1.146834	1.378648	0.000000	0.000000
551.000000	0.542158	-1.146818	1.378652	0.000000	0.000000
551.010000	0.542155	-1.146804	1.378656	0.000000	0.000000
551.020000	0.542153	-1.146791	1.378660	0.000000	0.000000
551.030000	0.542151	-1.146779	1.378665	0.000000	0.000000
551.040000	0.542149	-1.146766	1.378669	0.000000	0.000000
551.050000	0.542147	-1.146752	1.378674	0.000000	0.000000
551.060000	0.542145	-1.146738	1.378679	0.000000	0.000000
551.070000	0.542143	-1.146725	1.378683	0.000000	0.000000
551.080000	0.542141	-1.146712	1.378688	0.000000	0.000000
551.090000	0.542140	-1.146699	1.378693	0.000000	0.000000
551.100000	0.542139	-1.146686	1.378698	0.000000	0.000000
551.110000	0.542139	-1.146674	1.378703	0.000000	0.000000
551.120000	0.542139	-1.146661	1.378707	0.000000	0.000000
551.130000	0.542139	-1.146647	1.378712	0.000000	0.000000
551.140000	0.542139	-1.146632	1.378717	0.000000	0.000000
551.150000	0.542139	-1.146615	1.378722	0.000000	0.000000
551.160000	0.542138	-1.146597	1.378727	0.000000	0.000000
551.170000	0.542137	-1.146578	1.378731	0.000000	0.000000
551.180000	0.542136	-1.146558	1.378736	0.000000	0.000000
551.190000	0.542134	-1.146537	1.378741	0.000000	0.000000
551.200000	0.542133	-1.146518	1.378746	0.000000	0.000000
551.210000	0.542132	-1.146502	1.378751	0.000000	0.000000
551.220000	0.542132	-1.146490	1.378755	0.000000	0.000000
551.230000	0.542134	-1.146483	1.378760	0.000000	0.000000
551.240000	0.542136	-1.146478	1.378765	0.000000	0.000000
551.250000	0.542140	-1.146475	1.378770	0.000000	0.000000
551.260000	0.542143	-1.146471	1.378774	0.000000	0.000000
551.270000	0.542146	-1.146464	1.378779	0.000000	0.000000
551.280000	0.542148	-1.146451	1.378784	0.000000	0.000000
551.290000	0.542148	-1.146434	1.378788	0.000000	0.000000
551.300000	0.542148	-1.146416	1.378793	0.000000	0.000000
551.310000	0.542148	-1.146400	1.378798	0.000000	0.000000
551.320000	0.542148	-1.146384	1.378803	0.000000	0.000000
551.330000	0.542148	-1.146369	1.378807	0.000000	0.000000
551.340000	0.542148	-1.146353	1.378812	0.000000	0.000000
551.350000	0.542148	-1.146336	1.378817	0.000000	0.000000
551.360000	0.542148	-1.146320	1.378822	0.000000	0.000000
551.370000	0.542148	-1.146304	1.378827	0.000000	0.000000
551.380000	0.542148	-1.146288	1.378832	0.000000	0.000000
551.390000	0.542149	-1.146272	1.378837	0.000000	0.000000
551.400000	0.542150	-1.146257	1.378841	0.000000	0.000000
551.410000	0.542152	-1.146244	1.378846	0.000000	0.000000
551.420000	0.542154	-1.146231	1.378851	0.000000	0.000000
551.430000	0.542156	-1.146220	1.378856	0.000000	0.000000
551.440000	0.542158	-1.146209	1.378860	0.000000	0.000000
551.450000	0.542161	-1.146199	1.378865	0.000000	0.000000
551.460000	0.542162	-1.146187	1.378869	0.000000	0.000000
551.470000	0.542164	-1.146174	1.378874	0.000000	0.000000
551.480000	0.542164	-1.146156	1.378878	0.000000	0.000000
551.490000	0.542162	-1.146134	1.378882	0.000000	0.000000
551.500000	0.542159	-1.146109	1.378886	0.000000	0.000000
551.510000	0.542157	-1.146086	1.378891	0.000000	0.000000
551.520000	0.542158	-1.146071	1.378895	0.000000	0.000000
551.530000	0.542160	-1.146063	1.378899	0.000000	0.000000
551.540000	0.542164	-1.146060	1.378903	0.000000	0.000000
551.550000	0.542167	-1.146057	1.378907	0.000000	0.000000
551.560000	0.542172	-1.146052	1.378911	0.000000	0.000000
551.570000	0.542174	-1.146043	1.378915	0.000000	0.000000
551.580000	0.542175	-1.146030	1.378919	0.000000	0.000000
551.590000	0.542177	-1.146016	1.378923	0.000000	0.000000
551.600000	0.542178	-1.146003	1.378928	0.000000	0.000000
551.610000	0.542179	-1.145991	1.378932	0.000000	0.000000
551.620000	0.542181	-1.145979	1.378936	0.000000	0.000000
551.630000	0.542183	-1.145967	1.378940	0.000000	0.000000
551.640000	0.542185	-1.145955	1.378944	0.000000	0.000000
551.650000	0.542187	-1.145944	1.378948	0.000000	0.000000
551.660000	0.542189	-1.145933	1.378952	0.000000	0.000000
551.670000	0.542192	-1.145921	1.378956	0.000000	0.000000
551.680000	0.542194	-1.145909	1.378960	0.000000	0.000000
551.690000	0.542196	-1.145895	1.378964	0.000000	0.000000
551.700000	0.542197	-1.145881	1.378968	0.000000	0.000000
551.710000	0.542197	-1.145866	1.378972	0.000000	0.000000
551.720000	0.542198	-1.145850	1.378976	0.000000	0.000000
551.730000	0.542198	-1.145834	1.378980	0.000000	0.000000
551.740000	0.542199	-1.145819	1.378983	0.000000	0.000000
551.750000	0.542199	-1.145804	1.378987	0.000000	0.000000
551.760000	0.542199	-1.145789	1.378991	0.000000	0.000000
551.770000	0.542200	-1.145774	1.378994	0.000000	0.000000
551.780000	0.542200	-1.145760	1.378998	0.000000	0.000000
551.790000	0.542200	-1.145747	1.379001	0.000000	0.000000
551.800000	0.542201	-1.145735	1.379005	0.000000	0.000000
551.810000	0.542202	-1.145724	1.379008	0.000000	0.000000
551.820000	0.542203	-1.145712	1.379011	0.000000	0.000000
551.830000	0.542203	-1.145701	1.379014	0.000000	0.000000
551.840000	0.542203	-1.145692	1.379018	0.000000	0.000000
551.850000	0.542204	-1.145684	1.379021	0.000000	0.000000
551.860000	0.542206	-1.145678	1.379024	0.000000	0.000000
551.870000	0.542208	-1.145672	1.379027	0.000000	0.000000
551.880000	0.542211	-1.145668	1.379031	0.000000	0.000000
551.890000	0.542214	-1.145664	1.379034	0.000000	0.000000
551.900000	0.542217	-1.145660	1.379037	0.000000	0.000000
551.910000	0.542219	-1.145657	1.379040	0.000000	0.000000
551.920000	0.542221	-1.145653	1.379043	0.000000	0.000000
551.930000	0.542223	-1.145646	1.379046	0.000000	0.000000
551.940000	0.542224	-1.145637	1.379050	0.000000	0.000000
551.950000	0.542224	-1.145625	1.379053	0.000000	0.000000
551.960000	0.542223	-1.145612	1.379056	0.000000	0.000000
551.970000	0.542224	-1.145598	1.379059	0.000000	0.000000
551.980000	0.542224	-1.145586	1.379063	0.000000	0.000000
551.990000	0.542226	-1.145574	1.379066	0.000000	0.000000
552.000000	0.542227	-1.145562	1.379069	0.000000	0.000000
552.010000	0.542229	-1.145551	1.379072	0.000000	0.000000
552.020000	0.542232	-1.145541	1.379075	0.000000	0.000000
552.030000	0.542234	-1.145531	1.379078	0.000000	0.000000
552.040000	0.542237	-1.145522	1.379081	0.000000	0.000000
552.050000	0.542241	-1.145513	1.379085	0.000000	0.000000
552.060000	0.542243	-1.145502	1.379088	0.000000	0.000000
552.070000	0.542246	-1.145488	1.379091	0.000000	0.000000
552.080000	0.542249	-1.145472	1.379094	0.000000	0.000000
552.090000	0.542251	-1.145455	1.379097	0.000000	0.000000
552.100000	0.542255	-1.145440	1.379100	0.000000	0.000000
552.110000	0.542259	-1.145428	1.379104	0.000000	0.000000
552.120000	0.542263	-1.145418	1.379107	0.000000	0.000000
552.130000	0.542268	-1.145408	1.379111	0.000000	0.000000
552.140000	0.542272	-1.145398	1.379114	0.000000	0.000000
552.150000	0.542278	-1.145391	1.379118	0.000000	0.000000
552.160000	0.542283	-1.145386	1.379122	0.000000	0.000000
552.170000	0.542289	-1.145383	1.379126	0.000000	0.000000
552.180000	0.542295	-1.145381	1.379130	0.000000	0.000000
552.190000	0.542301	-1.145380	1.379134	0.000000	0.000000
552.200000	0.542307	-1.145379	1.379138	0.000000	0.000000
552.210000	0.542313	-1.145377	1.379142	0.000000	0.000000
552.220000	0.542320	-1.145374	1.379146	0.000000	0.000000
552.230000	0.542325	-1.145368	1.379151	0.000000	0.000000
552.240000	0.542330	-1.145361	1.379156	0.000000	0.000000
552.250000	0.542335	-1.145352	1.379160	0.000000	0.000000
552.260000	0.542337	-1.145341	1.379165	0.000000	0.000000
552.270000	0.542339	-1.145327	1.379170	0.000000	0.000000
552.280000	0.542339	-1.145311	1.379175	0.000000	0.000000
552.290000	0.542340	-1.145294	1.379180	0.000000	0.000000
552.300000	0.542341	-1.145278	1.379185	0.000000	0.000000
552.310000	0.542342	-1.145264	1.379191	0.000000	0.000000
552.320000	0.542343	-1.145251	1.379196	0.000000	0.000000
552.330000	0.542345	-1.145239	1.379201	0.000000	0.000000
552.340000	0.542346	-1.145228	1.379207	0.000000	0.000000
552.350000	0.542348	-1.145219	1.379212	0.000000	0.000000
552.360000	0.542349	-1.145210	1.379217	0.000000	0.000000
552.370000	0.542349	-1.145203	1.379223	0.000000	0.000000
552.380000	0.542351	-1.145196	1.379228	0.000000	0.000000
552.390000	0.542352	-1.145191	1.379234	0.000000	0.000000
552.400000	0.542354	-1.145187	1.379239	0.000000	0.000000
552.410000	0.542355	-1.145183	1.379245	0.000000	0.000000
552.420000	0.542356	-1.145179	1.379250	0.000000	0.000000
552.430000	0.542357	-1.145174	1.379256	0.000000	0.000000
552.440000	0.542358	-1.145167	1.379261	0.000000	0.000000
552.450000	0.542358	-1.145160	1.379267	0.000000	0.000000
552.460000	0.542359	-1.145152	1.379272	0.000000	0.000000
552.470000	0.542358	-1.145144	1.379278	0.000000	0.000000
552.480000	0.542358	-1.145134	1.379283	0.000000	0.000000
552.490000	0.542358	-1.145123	1.379288	0.000000	0.000000
552.500000	0.542358	-1.145112	1.379294	0.000000	0.000000
552.510000	0.542359	-1.145103	1.379299	0.000000	0.000000
552.520000	0.542360	-1.145096	1.379305	0.000000	0.000000
552.530000	0.542361	-1.145090	1.379311	0.000000	0.000000
552.540000	0.542363	-1.145085	1.379316	0.000000	0.000000
552.550000	0.542365	-1.145079	1.379322	0.000000	0.000000
552.560000	0.542366	-1.145072	1.379328	0.000000	0.000000
552.570000	0.542366	-1.145064	1.379333	0.000000	0.000000
552.580000	0.542367	-1.145056	1.379339	0.000000	0.000000
552.590000	0.542368	-1.145048	1.379345	0.000000	0.000000
552.600000	0.542369	-1.145041	1.379351	0.000000	0.000000
552.610000	0.542372	-1.145034	1.379357	0.000000	0.000000
552.620000	0.542375	-1.145026	1.379363	0.000000	0.000000
552.630000	0.542377	-1.145019	1.379369	0.000000	0.000000
552.640000	0.542380	-1.145013	1.379375	0.000000	0.000000
552.650000	0.542384	-1.145007	1.379381	0.000000	0.000000
552.660000	0.542387	-1.145001	1.379387	0.000000	0.000000
552.670000	0.542390	-1.144994	1.379393	0.000000	0.000000
552.680000	0.542393	-1.144986	1.379399	0.000000	0.000000
552.690000	0.542396	-1.144976	1.379405	0.000000	0.000000
552.700000	0.542398	-1.144966	1.379411	0.000000	0.000000
552.710000	0.542401	-1.144957	1.379417	0.000000	0.000000
552.720000	0.542404	-1.144950	1.379424	0.000000	0.000000
552.730000	0.542409	-1.144945	1.379430	0.000000	0.000000
552.740000	0.542413	-1.144940	1.379436	0.000000	0.000000
552.750000	0.542417	-1.144936	1.379442	0.000000	0.000000
552.760000	0.542420	-1.144930	1.379449	0.000000	0.000000
552.770000	0.542422	-1.144920	1.379455	0.000000	0.000000
552.780000	0.542422	-1.144908	1.379462	0.000000	0.000000
552.790000	0.542423	-1.144896	1.379468	0.000000	0.000000
552.800000	0.542423	-1.144886	1.379475	0.000000	0.000000
552.810000	0.542423	-1.144877	1.379482	0.000000	0.000000
552.820000	0.542424	-1.144869	1.379489	0.000000	0.000000
552.830000	0.542425	-1.144862	1.379495	0.000000	0.000000
552.840000	0.542426	-1.144855	1.379502	0.000000	0.000000
552.850000	0.542428	-1.144848	1.379509	0.000000	0.000000
552.860000	0.542429	-1.144841	1.379516	0.000000	0.000000
552.870000	0.542430	-1.144835	1.379523	0.000000	0.000000
552.880000	0.542431	-1.144828	1.379531	0.000000	0.000000
552.890000	0.542432	-1.144821	1.379538	0.000000	0.000000
552.900000	0.542434	-1.144814	1.379545	0.000000	0.000000
552.910000	0.542435	-1.144808	1.379552	0.000000	0.000000
552.920000	0.542436	-1.144801	1.379559	0.000000	0.000000
552.930000	0.542437	-1.144793	1.379567	0.000000	0.000000
552.940000	0.542438	-1.144784	1.379574	0.000000	0.000000
552.950000	0.542439	-1.144774	1.379581	0.000000	0.000000
552.960000	0.542439	-1.144762	1.379588	0.000000	0.000000
552.970000	0.542439	-1.144751	1.379596	0.000000	0.000000
552.980000	0.542439	-1.144740	1.379603	0.000000	0.000000
552.990000	0.542439	-1.144730	1.379610	0.000000	0.000000
553.000000	0.542439	-1.144719	1.379617	0.000000	0.000000
553.010000	0.542439	-1.144708	1.379624	0.000000	0.000000
553.020000	0.542439	-1.144697	1.379631	0.000000	0.000000
553.030000	0.542438	-1.144687	1.379638	0.000000	0.000000
553.040000	0.542438	-1.144677	1.379644	0.000000	0.000000
553.050000	0.542439	-1.144668	1.379651	0.000000	0.000000
553.060000	0.542439	-1.144660	1.379658	0.000000	0.000000
553.070000	0.542439	-1.144651	1.379664	0.000000	0.000000
553.080000	0.542440	-1.144643	1.379671	0.000000	0.000000
553.090000	0.542440	-1.144635	1.379677	0.000000	0.000000
553.100000	0.542440	-1.144626	1.379684	0.000000	0.000000
553.110000	0.542440	-1.144618	1.379690	0.000000	0.000000
553.120000	0.542440	-1.144610	1.379697	0.000000	0.000000
553.130000	0.542440	-1.144602	1.379703	0.000000	0.000000
553.140000	0.542440	-1.144593	1.379709	0.000000	0.000000
553.150000	0.542439	-1.144584	1.379715	0.000000	0.000000
553.160000	0.542439	-1.144575	1.379721	0.000000	0.000000
553.170000	0.542440	-1.144568	1.379727	0.000000	0.000000
553.180000	0.542440	-1.144562	1.379733	0.000000	0.000000
553.190000	0.542441	-1.144557	1.379739	0.000000	0.000000
553.200000	0.542443	-1.144553	1.379745	0.000000	0.000000
553.210000	0.542444	-1.144549	1.379751	0.000000	0.000000
553.220000	0.542446	-1.144545	1.379756	0.000000	0.000000
553.230000	0.542449	-1.144541	1.379762	0.000000	0.000000
553.240000	0.542451	-1.144535	1.379768	0.000000	0.000000
553.250000	0.542453	-1.144528	1.379773	0.000000	0.000000
553.260000	0.542453	-1.144520	1.379779	0.000000	0.000000
553.270000	0.542454	-1.144512	1.379785	0.000000	0.000000
553.280000	0.542455	-1.144505	1.379790	0.000000	0.000000
553.290000	0.542456	-1.144499	1.379796	0.000000	0.000000
553.300000	0.542458	-1.144494	1.379801	0.000000	0.000000
553.310000	0.542459	-1.144490	1.379807	0.000000	0.000000
553.320000	0.542460	-1.144485	1.379813	0.000000	0.000000
553.330000	0.542460	-1.144478	1.379818	0.000000	0.000000
553.340000	0.542460	-1.144469	1.379824	0.000000	0.000000
553.350000	0.542458	-1.144458	1.379829	0.000000	0.000000
553.360000	0.542456	-1.144444	1.379835	0.000000	0.000000
553.370000	0.542454	-1.144430	1.379841	0.000000	0.000000
553.380000	0.542452	-1.144417	1.379847	0.000000	0.000000
553.390000	0.542450	-1.144403	1.379852	0.000000	0.000000
553.400000	0.542449	-1.144388	1.379858	0.000000	0.000000
553.410000	0.542447	-1.144375	1.379864	0.000000	0.000000
553.420000	0.542445	-1.144362	1.379870	0.000000	0.000000
553.430000	0.542443	-1.144351	1.379876	0.000000	0.000000
553.440000	0.542442	-1.144342	1.379882	0.000000	0.000000
553.450000	0.542442	-1.144334	1.379887	0.000000	0.000000
553.460000	0.542442	-1.144328	1.379893	0.000000	0.000000
553.470000	0.542443	-1.144324	1.379899	0.000000	0.000000
553.480000	0.542444	-1.144320	1.379905	0.000000	0.000000
553.490000	0.542444	-1.144315	1.379911	0.000000	0.000000
553.500000	0.542444	-1.144310	1.379917	0.000000	0.000000
553.510000	0.542444	-1.144304	1.379923	0.000000	0.000000
553.520000	0.542444	-1.144297	1.379928	0.000000	0.000000
553.530000	0.542444	-1.144289	1.379934	0.000000	0.000000
553.540000	0.542445	-1.144282	1.379940	0.000000	0.000000
553.550000	0.542445	-1.144274	1.379946	0.000000	0.000000
553.560000	0.542446	-1.144266	1.379952	0.000000	0.000000
553.570000	0.542447	-1.144258	1.379959	0.000000	0.000000
553.580000	0.542449	-1.144252	1.379965	0.000000	0.000000
553.590000	0.542452	-1.144247	1.379971	0.000000	0.000000
553.600000	0.542454	-1.144241	1.379978	0.000000	0.000000
553.610000	0.542456	-1.144233	1.379984	0.000000	0.000000
553.620000	0.542456	-1.144225	1.379991	0.000000	0.000000
553.630000	0.542456	-1.144216	1.379998	0.000000	0.000000
553.640000	0.542456	-1.144208	1.380005	0.000000	0.000000
553.650000	0.542456	-1.144199	1.380012	0.000000	0.000000
553.660000	0.542455	-1.144190	1.380019	0.000000	0.000000
553.670000	0.542455	-1.144179	1.380027	0.000000	0.000000
553.680000	0.542453	-1.144167	1.380034	0.000000	0.000000
553.690000	0.542451	-1.144155	1.380042	0.000000	0.000000
553.700000	0.542448	-1.144142	1.380050	0.000000	0.000000
553.710000	0.542446	-1.144131	1.380058	0.000000	0.000000
553.720000	0.542444	-1.144121	1.380065	0.000000	0.000000
553.730000	0.542443	-1.144112	1.380073	0.000000	0.000000
553.740000	0.542442	-1.144105	1.380081	0.000000	0.000000
553.750000	0.542442	-1.144099	1.380090	0.000000	0.000000
553.760000	0.542442	-1.144094	1.380098	0.000000	0.000000
553.770000	0.542442	-1.144090	1.380106	0.000000	0.000000
553.780000	0.542442	-1.144086	1.380114	0.000000	0.000000
553.790000	0.542442	-1.144082	1.380123	0.000000	0.000000
553.800000	0.542442	-1.144077	1.380131	0.000000	0.000000
553.810000	0.542441	-1.144071	1.380139	0.000000	0.000000
553.820000	0.542441	-1.144063	1.380148	0.000000	0.000000
553.830000	0.542440	-1.144055	1.380157	0.000000	0.000000
553.840000	0.542438	-1.144046	1.380166	0.000000	0.000000
553.850000	0.542436	-1.144037	1.380174	0.000000	0.000000
553.860000	0.542435	-1.144029	1.380183	0.000000	0.000000
553.870000	0.542434	-1.144022	1.380193	0.000000	0.000000
553.880000	0.542432	-1.144015	1.380202	0.000000	0.000000
553.890000	0.542431	-1.144010	1.380211	0.000000	0.000000
553.900000	0.542430	-1.144005	1.380221	0.000000	0.000000
553.910000	0.542429	-1.144000	1.380230	0.000000	0.000000
553.920000	0.542427	-1.143996	1.380240	0.000000	0.000000
553.930000	0.542426	-1.143991	1.380250	0.000000	0.000000
553.940000	0.542425	-1.143987	1.380259	0.000000	0.000000
553.950000	0.542424	-1.143982	1.380269	0.000000	0.000000
553.960000	0.542423	-1.143977	1.380280	0.000000	0.000000
553.970000	0.542421	-1.143971	1.380290	0.000000	0.000000
553.980000	0.542420	-1.143964	1.380300	0.000000	0.000000
553.990000	0.542419	-1.143956	1.380310	0.000000	0.000000
554.000000	0.542417	-1.143947	1.380321	0.000000	0.000000
554.010000	0.542415	-1.143937	1.380331	0.000000	0.000000
554.020000	0.542413	-1.143928	1.380342	0.000000	0.000000
554.030000	0.542411	-1.143919	1.380352	0.000000	0.000000
554.040000	0.542409	-1.143910	1.380363	0.000000	0.000000
554.050000	0.542407	-1.143901	1.380374	0.000000	0.000000
554.060000	0.542405	-1.143893	1.380384	0.000000	0.000000
554.070000	0.542403	-1.143886	1.380395	0.000000	0.000000
554.080000	0.542401	-1.143879	1.380406	0.000000	0.000000
554.090000	0.542398	-1.143872	1.380417	0.000000	0.000000
554.100000	0.542396	-1.143866	1.380428	0.000000	0.000000
554.110000	0.542394	-1.143861	1.380438	0.000000	0.000000
554.120000	0.542392	-1.143856	1.380449	0.000000	0.000000
554.130000	0.542390	-1.143851	1.380460	0.000000	0.000000
554.140000	0.542389	-1.143847	1.380471	0.000000	0.000000
554.150000	0.542388	-1.143842	1.380482	0.000000	0.000000
554.160000	0.542386	-1.143839	1.380492	0.000000	0.000000
554.170000	0.542385	-1.143835	1.380503	0.000000	0.000000
554.180000	0.542385	-1.143832	1.380514	0.000000	0.000000
554.190000	0.542385	-1.143829	1.380525	0.000000	0.000000
554.200000	0.542385	-1.143826	1.380536	0.000000	0.000000
554.210000	0.542386	-1.143824	1.380547	0.000000	0.000000
554.220000	0.542387	-1.143822	1.380557	0.000000	0.000000
554.230000	0.542388	-1.143820	1.380568	0.000000	0.000000
554.240000	0.542390	-1.143816	1.380579	0.000000	0.000000
554.250000	0.542391	-1.143811	1.380590	0.000000	0.000000
554.260000	0.542392	-1.143804	1.380601	0.000000	0.000000
554.270000	0.542394	-1.143797	1.380612	0.000000	0.000000
554.280000	0.542394	-1.143790	1.380623	0.000000	0.000000
554.290000	0.542395	-1.143782	1.380634	0.000000	0.000000
554.300000	0.542396	-1.143776	1.380645	0.000000	0.000000
554.310000	0.542397	-1.143770	1.380656	0.000000	0.000000
554.320000	0.542398	-1.143764	1.380667	0.000000	0.000000
554.330000	0.542400	-1.143758	1.380678	0.000000	0.000000
554.340000	0.542402	-1.143752	1.380689	0.000000	0.000000
554.350000	0.542403	-1.143745	1.380700	0.000000	0.000000
554.360000	0.542405	-1.143737	1.380710	0.000000	0.000000
554.370000	0.542407	-1.143729	1.380721	0.000000	0.000000
554.380000	0.542409	-1.143719	1.380732	0.000000	0.000000
554.390000	0.542411	-1.143708	1.380743	0.000000	0.000000
554.400000	0.542413	-1.143698	1.380753	0.000000	0.000000
554.410000	0.542415	-1.143689	1.380764	0.000000	0.000000
554.420000	0.542417	-1.143680	1.380774	0.000000	0.000000
554.430000	0.542419	-1.143671	1.380785	0.000000	0.000000
554.440000	0.542421	-1.143662	1.380795	0.000000	0.000000
554.450000	0.542423	-1.143651	1.380806	0.000000	0.000000
554.460000	0.542424	-1.143640	1.380816	0.000000	0.000000
554.470000	0.542424	-1.143629	1.380827	0.000000	0.000000
554.480000	0.542425	-1.143618	1.380837	0.000000	0.000000
554.490000	0.542426	-1.143608	1.380847	0.000000	0.000000
554.500000	0.542427	-1.143599	1.380858	0.000000	0.000000
554.510000	0.542429	-1.143592	1.380868	0.000000	0.000000
554.520000	0.542429	-1.143585	1.380878	0.000000	0.000000
554.530000	0.542430	-1.143579	1.380888	0.000000	0.000000
554.540000	0.542432	-1.143573	1.380899	0.000000	0.000000
554.550000	0.542434	-1.143567	1.380909	0.000000	0.000000
554.560000	0.542435	-1.143561	1.380919	0.000000	0.000000
554.570000	0.542435	-1.143554	1.380929	0.000000	0.000000
554.580000	0.542436	-1.143546	1.380940	0.000000	0.000000
554.590000	0.542437	-1.143537	1.380950	0.000000	0.000000
554.600000	0.542437	-1.143527	1.380960	0.000000	0.000000
554.610000	0.542438	-1.143516	1.380970	0.000000	0.000000
554.620000	0.542439	-1.143505	1.380980	0.000000	0.000000
554.630000	0.542440	-1.143493	1.380990	0.000000	0.000000
554.640000	0.542442	-1.143481	1.381000	0.000000	0.000000
554.650000	0.542442	-1.143469	1.381010	0.000000	0.000000
554.660000	0.542442	-1.143457	1.381020	0.000000	0.000000
554.670000	0.542443	-1.143445	1.381030	0.000000	0.000000
554.680000	0.542442	-1.143434	1.381040	0.000000	0.000000
554.690000	0.542442	-1.143424	1.381050	0.000000	0.000000
554.700000	0.542443	-1.143415	1.381060	0.000000	0.000000
554.710000	0.542444	-1.143408	1.381070	0.000000	0.000000
554.720000	0.542445	-1.143401	1.381080	0.000000	0.000000
554.730000	0.542446	-1.143394	1.381090	0.000000	0.000000
554.740000	0.542447	-1.143387	1.381100	0.000000	0.000000
554.750000	0.542448	-1.143381	1.381110	0.000000	0.000000
554.760000	0.542448	-1.143377	1.381120	0.000000	0.000000
554.770000	0.542450	-1.143374	1.381130	0.000000	0.000000
554.780000	0.542451	-1.143372	1.381139	0.000000	0.000000
554.790000	0.542453	-1.143371	1.381149	0.000000	0.000000
554.800000	0.542454	-1.143368	1.381159	0.000000	0.000000
554.810000	0.542456	-1.143365	1.381169	0.000000	0.000000
554.820000	0.542457	-1.143361	1.381179	0.000000	0.000000
554.830000	0.542458	-1.143357	1.381189	0.000000	0.000000
554.840000	0.542458	-1.143352	1.381199	0.000000	0.000000
554.850000	0.542459	-1.143347	1.381209	0.000000	0.000000
554.860000	0.542460	-1.143341	1.381218	0.000000	0.000000
554.870000	0.542461	-1.143336	1.381228	0.000000	0.000000
554.880000	0.542462	-1.143331	1.381238	0.000000	0.000000
554.890000	0.542464	-1.143327	1.381248	0.000000	0.000000
554.900000	0.542465	-1.143323	1.381258	0.000000	0.000000
554.910000	0.542467	-1.143320	1.381268	0.000000	0.000000
554.920000	0.542468	-1.143317	1.381278	0.000000	0.000000
554.930000	0.542469	-1.143314	1.381288	0.000000	0.000000
554.940000	0.542470	-1.143310	1.381298	0.000000	0.000000
554.950000	0.542471	-1.143306	1.381308	0.000000	0.000000
554.960000	0.542470	-1.143301	1.381318	0.000000	0.000000
554.970000	0.542470	-1.143296	1.381328	0.000000	0.000000
554.980000	0.542469	-1.143291	1.381338	0.000000	0.000000
554.990000	0.542468	-1.143286	1.381348	0.000000	0.000000
555.000000	0.542467	-1.143282	1.381357	0.000000	0.000000
555.010000	0.542466	-1.143278	1.381367	0.000000	0.000000
555.020000	0.542464	-1.143273	1.381377	0.000000	0.000000
555.030000	0.542462	-1.143269	1.381387	0.000000	0.000000
555.040000	0.542459	-1.143263	1.381396	0.000000	0.000000
555.050000	0.542457	-1.143258	1.381406	0.000000	0.000000
555.060000	0.542455	-1.143253	1.381415	0.000000	0.000000
555.070000	0.542453	-1.143250	1.381425	0.000000	0.000000
555.080000	0.542452	-1.143247	1.381434	0.000000	0.000000
555.090000	0.542451	-1.143245	1.381443	0.000000	0.000000
555.100000	0.542451	-1.143242	1.381453	0.000000	0.000000
555.110000	0.542450	-1.143240	1.381462	0.000000	0.000000
555.120000	0.542450	-1.143238	1.381471	0.000000	0.000000
555.130000	0.542449	-1.143238	1.381480	0.000000	0.000000
555.140000	0.542450	-1.143238	1.381489	0.000000	0.000000
555.150000	0.542451	-1.143238	1.381498	0.000000	0.000000
555.160000	0.542453	-1.143238	1.381507	0.000000	0.000000
555.170000	0.542453	-1.143237	1.381516	0.000000	0.000000
555.180000	0.542453	-1.143235	1.381525	0.000000	0.000000
555.190000	0.542453	-1.143230	1.381533	0.000000	0.000000
555.200000	0.542451	-1.143224	1.381542	0.000000	0.000000
555.210000	0.542450	-1.143216	1.381551	0.000000	0.000000
555.220000	0.542449	-1.143207	1.381559	0.000000	0.000000
555.230000	0.542447	-1.143197	1.381568	0.000000	0.000000
555.240000	0.542446	-1.143188	1.381577	0.000000	0.000000
555.250000	0.542445	-1.143178	1.381585	0.000000	0.000000
555.260000	0.542443	-1.143170	1.381594	0.000000	0.000000
555.270000	0.542442	-1.143163	1.381602	0.000000	0.000000
555.280000	0.542441	-1.143157	1.381611	0.000000	0.000000
555.290000	0.542440	-1.143153	1.381619	0.000000	0.000000
555.300000	0.542439	-1.143148	1.381628	0.000000	0.000000
555.310000	0.542438	-1.143142	1.381636	0.000000	0.000000
555.320000	0.542436	-1.143136	1.381645	0.000000	0.000000
555.330000	0.542435	-1.143130	1.381653	0.000000	0.000000
555.340000	0.542434	-1.143124	1.381662	0.000000	0.000000
555.350000	0.542433	-1.143119	1.381670	0.000000	0.000000
555.360000	0.542432	-1.143113	1.381678	0.000000	0.000000
555.370000	0.542431	-1.143108	1.381687	0.000000	0.000000
555.380000	0.542430	-1.143104	1.381695	0.000000	0.000000
555.390000	0.542428	-1.143099	1.381704	0.000000	0.000000
555.400000	0.542427	-1.143096	1.381712	0.000000	0.000000
555.410000	0.542426	-1.143092	1.381720	0.000000	0.000000
555.420000	0.542425	-1.143089	1.381728	0.000000	0.000000
555.430000	0.542424	-1.143086	1.381737	0.000000	0.000000
555.440000	0.542422	-1.143082	1.381745	0.000000	0.000000
555.450000	0.542421	-1.143078	1.381753	0.000000	0.000000
555.460000	0.542419	-1.143073	1.381761	0.000000	0.000000
555.470000	0.542416	-1.143069	1.381769	0.000000	0.000000
555.480000	0.542414	-1.143064	1.381776	0.000000	0.000000
555.490000	0.542413	-1.143059	1.381784	0.000000	0.000000
555.500000	0.542412	-1.143054	1.381792	0.000000	0.000000
555.510000	0.542411	-1.143048	1.381799	0.000000	0.000000
555.520000	0.542409	-1.143042	1.381807	0.000000	0.000000
555.530000	0.542407	-1.143036	1.381814	0.000000	0.000000
555.540000	0.542405	-1.143030	1.381822	0.000000	0.000000
555.550000	0.542403	-1.143024	1.381829	0.000000	0.000000
555.560000	0.542401	-1.143018	1.381837	0.000000	0.000000
555.570000	0.542399	-1.143012	1.381844	0.000000	0.000000
555.580000	0.542397	-1.143006	1.381852	0.000000	0.000000
555.590000	0.542394	-1.143001	1.381859	0.000000	0.000000
555.600000	0.542393	-1.142995	1.381866	0.000000	0.000000
555.610000	0.542391	-1.142989	1.381874	0.000000	0.000000
555.620000	0.542390	-1.142984	1.381881	0.000000	0.000000
555.630000	0.542389	-1.142980	1.381888	0.000000	0.000000
555.640000	0.542388	-1.142976	1.381895	0.000000	0.000000
555.650000	0.542388	-1.142972	1.381902	0.000000	0.000000
555.660000	0.542387	-1.142969	1.381909	0.000000	0.000000
555.670000	0.542387	-1.142966	1.381916	0.000000	0.000000
555.680000	0.542388	-1.142963	1.381923	0.000000	0.000000
555.690000	0.542388	-1.142961	1.381930	0.000000	0.000000
555.700000	0.542390	-1.142959	1.381936	0.000000	0.000000
555.710000	0.542392	-1.142956	1.381943	0.000000	0.000000
555.720000	0.542395	-1.142952	1.381950	0.000000	0.000000
555.730000	0.542396	-1.142946	1.381956	0.000000	0.000000
555.740000	0.542397	-1.142936	1.381963	0.000000	0.000000
555.750000	0.542398	-1.142924	1.381969	0.000000	0.000000
555.760000	0.542398	-1.142911	1.381976	0.000000	0.000000
555.770000	0.542399	-1.142900	1.381982	0.000000	0.000000
555.780000	0.542401	-1.142890	1.381988	0.000000	0.000000
555.790000	0.542403	-1.142882	1.381995	0.000000	0.000000
555.800000	0.542406	-1.142875	1.382001	0.000000	0.000000
555.810000	0.542409	-1.142867	1.382007	0.000000	0.000000
555.820000	0.542412	-1.142857	1.382013	0.000000	0.000000
555.830000	0.542414	-1.142846	1.382020	0.000000	0.000000
555.840000	0.542416	-1.142833	1.382026	0.000000	0.000000
555.850000	0.542418	-1.142818	1.382032	0.000000	0.000000
555.860000	0.542419	-1.142803	1.382038	0.000000	0.000000
555.870000	0.542419	-1.142789	1.382044	0.000000	0.000000
555.880000	0.542419	-1.142774	1.382050	0.000000	0.000000
555.890000	0.542420	-1.142760	1.382056	0.000000	0.000000
555.900000	0.542420	-1.142746	1.382062	0.000000	0.000000
555.910000	0.542422	-1.142734	1.382068	0.000000	0.000000
555.920000	0.542423	-1.142722	1.382073	0.000000	0.000000
555.930000	0.542424	-1.142709	1.382079	0.000000	0.000000
555.940000	0.542424	-1.142695	1.382084	0.000000	0.000000
555.950000	0.542424	-1.142680	1.382090	0.000000	0.000000
555.960000	0.542424	-1.142665	1.382095	0.000000	0.000000
555.970000	0.542425	-1.142652	1.382101	0.000000	0.000000
555.980000	0.542425	-1.142641	1.382106	0.000000	0.000000
555.990000	0.542427	-1.142631	1.382111	0.000000	0.000000
556.000000	0.542429	-1.142623	1.382117	0.000000	0.000000
556.010000	0.542432	-1.142617	1.382122	0.000000	0.000000
556.020000	0.542436	-1.142612	1.382127	0.000000	0.000000
556.030000	0.542440	-1.142610	1.382132	0.000000	0.000000
556.040000	0.542444	-1.142608	1.382137	0.000000	0.000000
556.050000	0.542449	-1.142606	1.382143	0.000000	0.000000
556.060000	0.542453	-1.142604	1.382148	0.000000	0.000000
556.070000	0.542457	-1.142602	1.382153	0.000000	0.000000
556.080000	0.542461	-1.142601	1.382158	0.000000	0.000000
556.090000	0.542465	-1.142599	1.382163	0.000000	0.000000
556.100000	0.542468	-1.142597	1.382168	0.000000	0.000000
556.110000	0.542471	-1.142594	1.382174	0.000000	0.000000
556.120000	0.542475	-1.142590	1.382179	0.000000	0.000000
556.130000	0.542478	-1.142584	1.382184	0.000000	0.000000
556.140000	0.542481	-1.142578	1.382189	0.000000	0.000000
556.150000	0.542483	-1.142570	1.382194	0.000000	0.000000
556.160000	0.542485	-1.142561	1.382199	0.000000	0.000000
556.170000	0.542488	-1.142553	1.382205	0.000000	0.000000
556.180000	0.542490	-1.142545	1.382210	0.000000	0.000000
556.190000	0.542492	-1.142537	1.382215	0.000000	0.000000
556.200000	0.542494	-1.142530	1.382220	0.000000	0.000000
556.210000	0.542496	-1.142523	1.382225	0.000000	0.000000
556.220000	0.542498	-1.142516	1.382230	0.000000	0.000000
556.230000	0.542499	-1.142509	1.382235	0.000000	0.000000
556.240000	0.542500	-1.142502	1.382240	0.000000	0.000000
556.250000	0.542502	-1.142495	1.382245	0.000000	0.000000
556.260000	0.542503	-1.142488	1.382250	0.000000	0.000000
556.270000	0.542504	-1.142482	1.382255	0.000000	0.000000
556.280000	0.542504	-1.142477	1.382259	0.000000	0.000000
556.290000	0.542505	-1.142472	1.382264	0.000000	0.000000
556.300000	0.542507	-1.142466	1.382269	0.000000	0.000000
556.310000	0.542508	-1.142458	1.382274	0.000000	0.000000
556.320000	0.542508	-1.142450	1.382279	0.000000	0.000000
556.330000	0.542509	-1.142441	1.382283	0.000000	0.000000
556.340000	0.542509	-1.142433	1.382288	0.000000	0.000000
556.350000	0.542510	-1.142425	1.382293	0.000000	0.000000
556.360000	0.542511	-1.142417	1.382298	0.000000	0.000000
556.370000	0.542512	-1.142408	1.382302	0.000000	0.000000
556.380000	0.542513	-1.142398	1.382307	0.000000	0.000000
556.390000	0.542513	-1.142387	1.382312	0.000000	0.000000
556.400000	0.542513	-1.142376	1.382316	0.000000	0.000000
556.410000	0.542513	-1.142364	1.382321	0.000000	0.000000
556.420000	0.542513	-1.142352	1.382326	0.000000	0.000000
556.430000	0.542513	-1.142340	1.382330	0.000000	0.000000
556.440000	0.542513	-1.142329	1.382334	0.000000	0.000000
556.450000	0.542513	-1.142318	1.382339	0.000000	0.000000
556.460000	0.542514	-1.142308	1.382343	0.000000	0.000000
556.470000	0.542515	-1.142301	1.382347	0.000000	0.000000
556.480000	0.542516	-1.142296	1.382351	0.000000	0.000000
556.490000	0.542518	-1.142293	1.382355	0.000000	0.000000
556.500000	0.542519	-1.142292	1.382359	0.000000	0.000000
556.510000	0.542521	-1.142292	1.382362	0.000000	0.000000
556.520000	0.542523	-1.142291	1.382366	0.000000	0.000000
556.530000	0.542525	-1.142290	1.382369	0.000000	0.000000
556.540000	0.542526	-1.142288	1.382372	0.000000	0.000000
556.550000	0.542527	-1.142285	1.382375	0.000000	0.000000
556.560000	0.542528	-1.142281	1.382378	0.000000	0.000000
556.570000	0.542529	-1.142278	1.382381	0.000000	0.000000
556.580000	0.542531	-1.142278	1.382384	0.000000	0.000000
556.590000	0.542534	-1.142282	1.382386	0.000000	0.000000
556.600000	0.542538	-1.142287	1.382389	0.000000	0.000000
556.610000	0.542542	-1.142294	1.382391	0.000000	0.000000
556.620000	0.542546	-1.142300	1.382394	0.000000	0.000000
556.630000	0.542548	-1.142304	1.382396	0.000000	0.000000
556.640000	0.542549	-1.142306	1.382399	0.000000	0.000000
556.650000	0.542549	-1.142306	1.382401	0.000000	0.000000
556.660000	0.542548	-1.142304	1.382403	0.000000	0.000000
556.670000	0.542547	-1.142303	1.382405	0.000000	0.000000
556.680000	0.542545	-1.142302	1.382407	0.000000	0.000000
556.690000	0.542544	-1.142302	1.382410	0.000000	0.000000
556.700000	0.542544	-1.142303	1.382412	0.000000	0.000000
556.710000	0.542543	-1.142304	1.382414	0.000000	0.000000
556.720000	0.542542	-1.142304	1.382416	0.000000	0.000000
556.730000	0.542541	-1.142304	1.382418	0.000000	0.000000
556.740000	0.542540	-1.142303	1.382420	0.000000	0.000000
556.750000	0.542539	-1.142302	1.382422	0.000000	0.000000
556.760000	0.542539	-1.142303	1.382423	0.000000	0.000000
556.770000	0.542538	-1.142306	1.382425	0.000000	0.000000
556.780000	0.542537	-1.142309	1.382427	0.000000	0.000000
556.790000	0.542537	-1.142313	1.382429	0.000000	0.000000
556.800000	0.542538	-1.142317	1.382430	0.000000	0.000000
556.810000	0.542538	-1.142321	1.382432	0.000000	0.000000
556.820000	0.542537	-1.142324	1.382434	0.000000	0.000000
556.830000	0.542537	-1.142326	1.382435	0.000000	0.000000
556.840000	0.542537	-1.142329	1.382437	0.000000	0.000000
556.850000	0.542537	-1.142332	1.382438	0.000000	0.000000
556.860000	0.542536	-1.142336	1.382440	0.000000	0.000000
556.870000	0.542536	-1.142341	1.382442	0.000000	0.000000
556.880000	0.542537	-1.142346	1.382443	0.000000	0.000000
556.890000	0.542537	-1.142350	1.382445	0.000000	0.000000
556.900000	0.542538	-1.142352	1.382446	0.000000	0.000000
556.910000	0.542538	-1.142352	1.382448	0.000000	0.000000
556.920000	0.542537	-1.142351	1.382450	0.000000	0.000000
556.930000	0.542536	-1.142348	1.382451	0.000000	0.000000
556.940000	0.542535	-1.142343	1.382453	0.000000	0.000000
556.950000	0.542533	-1.142339	1.382455	0.000000	0.000000
556.960000	0.542532	-1.142334	1.382457	0.000000	0.000000
556.970000	0.542531	-1.142330	1.382458	0.000000	0.000000
556.980000	0.542531	-1.142327	1.382460	0.000000	0.000000
556.990000	0.542530	-1.142324	1.382462	0.000000	0.000000
557.000000	0.542530	-1.142322	1.382464	0.000000	0.000000
557.010000	0.542530	-1.142321	1.382465	0.000000	0.000000
557.020000	0.542531	-1.142319	1.382467	0.000000	0.000000
557.030000	0.542531	-1.142318	1.382469	0.000000	0.000000
557.040000	0.542531	-1.142317	1.382471	0.000000	0.000000
557.050000	0.542531	-1.142316	1.382472	0.000000	0.000000
557.060000	0.542532	-1.142314	1.382474	0.000000	0.000000
557.070000	0.542532	-1.142313	1.382476	0.000000	0.000000
557.080000	0.542531	-1.142310	1.382477	0.000000	0.000000
557.090000	0.542531	-1.142308	1.382479	0.000000	0.000000
557.100000	0.542531	-1.142305	1.382481	0.000000	0.000000
557.110000	0.542530	-1.142303	1.382482	0.000000	0.000000
557.120000	0.542529	-1.142301	1.382483	0.000000	0.000000
557.130000	0.542528	-1.142299	1.382485	0.000000	0.000000
557.140000	0.542528	-1.142298	1.382486	0.000000	0.000000
557.150000	0.542528	-1.142298	1.382487	0.000000	0.000000
557.160000	0.542529	-1.142299	1.382489	0.000000	0.000000
557.170000	0.542530	-1.142301	1.382490	0.000000	0.000000
557.180000	0.542530	-1.142303	1.382491	0.000000	0.000000
557.190000	0.542531	-1.142303	1.382492	0.000000	0.000000
557.200000	0.542531	-1.142303	1.382493	0.000000	0.000000
557.210000	0.542529	-1.142301	1.382494	0.000000	0.000000
557.220000	0.542528	-1.142298	1.382495	0.000000	0.000000
557.230000	0.542525	-1.142294	1.382496	0.000000	0.000000
557.240000	0.542521	-1.142289	1.382497	0.000000	0.000000
557.250000	0.542518	-1.142283	1.382498	0.000000	0.000000
557.260000	0.542514	-1.142278	1.382498	0.000000	0.000000
557.270000	0.542511	-1.142274	1.382499	0.000000	0.000000
557.280000	0.542509	-1.142272	1.382500	0.000000	0.000000
557.290000	0.542507	-1.142272	1.382501	0.000000	0.000000
557.300000	0.542506	-1.142273	1.382501	0.000000	0.000000
557.310000	0.542505	-1.142276	1.382502	0.000000	0.000000
557.320000	0.542504	-1.142278	1.382503	0.000000	0.000000
557.330000	0.542504	-1.142282	1.382503	0.000000	0.000000
557.340000	0.542504	-1.142285	1.382504	0.000000	0.000000
557.350000	0.542503	-1.142287	1.382505	0.000000	0.000000
557.360000	0.542501	-1.142287	1.382505	0.000000	0.000000
557.370000	0.542498	-1.142285	1.382506	0.000000	0.000000
557.380000	0.542494	-1.142281	1.382506	0.000000	0.000000
557.390000	0.542490	-1.142276	1.382507	0.000000	0.000000
557.400000	0.542487	-1.142273	1.382507	0.000000	0.000000
557.410000	0.542483	-1.142270	1.382508	0.000000	0.000000
557.420000	0.542480	-1.142268	1.382508	0.000000	0.000000
557.430000	0.542476	-1.142266	1.382508	0.000000	0.000000
557.440000	0.542472	-1.142264	1.382509	0.000000	0.000000
557.450000	0.542469	-1.142262	1.382509	0.000000	0.000000
557.460000	0.542466	-1.142261	1.382509	0.000000	0.000000
557.470000	0.542463	-1.142263	1.382510	0.000000	0.000000
557.480000	0.542462	-1.142265	1.382510	0.000000	0.000000
557.490000	0.542460	-1.142269	1.382510	0.000000	0.000000
557.500000	0.542460	-1.142272	1.382510	0.000000	0.000000
557.510000	0.542459	-1.142273	1.382510	0.000000	0.000000
557.520000	0.542458	-1.142273	1.382510	0.000000	0.000000
557.530000	0.542457	-1.142270	1.382510	0.000000	0.000000
557.540000	0.542455	-1.142267	1.382510	0.000000	0.000000
557.550000	0.542454	-1.142263	1.382510	0.000000	0.000000
557.560000	0.542451	-1.142260	1.382510	0.000000	0.000000
557.570000	0.542448	-1.142255	1.382509	0.000000	0.000000
557.580000	0.542446	-1.142251	1.382509	0.000000	0.000000
557.590000	0.542444	-1.142247	1.382509	0.000000	0.000000
557.600000	0.542442	-1.142245	1.382508	0.000000	0.000000
557.610000	0.542441	-1.142243	1.382508	0.000000	0.000000
557.620000	0.542441	-1.142244	1.382507	0.000000	0.000000
557.630000	0.542440	-1.142248	1.382507	0.000000	0.000000
557.640000	0.542441	-1.142254	1.382506	0.000000	0.000000
557.650000	0.542443	-1.142260	1.382505	0.000000	0.000000
557.660000	0.542445	-1.142264	1.382505	0.000000	0.000000
557.670000	0.542446	-1.142266	1.382504	0.000000	0.000000
557.680000	0.542446	-1.142265	1.382503	0.000000	0.000000
557.690000	0.542446	-1.142262	1.382502	0.000000	0.000000
557.700000	0.542444	-1.142258	1.382501	0.000000	0.000000
557.710000	0.542444	-1.142254	1.382500	0.000000	0.000000
557.720000	0.542444	-1.142251	1.382500	0.000000	0.000000
557.730000	0.542445	-1.142250	1.382499	0.000000	0.000000
557.740000	0.542446	-1.142250	1.382498	0.000000	0.000000
557.750000	0.542447	-1.142252	1.382497	0.000000	0.000000
557.760000	0.542449	-1.142255	1.382496	0.000000	0.000000
557.770000	0.542450	-1.142258	1.382495	0.000000	0.000000
557.780000	0.542451	-1.142260	1.382494	0.000000	0.000000
557.790000	0.542451	-1.142262	1.382493	0.000000	0.000000
557.800000	0.542452	-1.142263	1.382492	0.000000	0.000000
557.810000	0.542453	-1.142265	1.382491	0.000000	0.000000
557.820000	0.542455	-1.142267	1.382490	0.000000	0.000000
557.830000	0.542456	-1.142269	1.382489	0.000000	0.000000
557.840000	0.542457	-1.142272	1.382488	0.000000	0.000000
557.850000	0.542458	-1.142275	1.382486	0.000000	0.000000
557.860000	0.542458	-1.142277	1.382485	0.000000	0.000000
557.870000	0.542459	-1.142278	1.382483	0.000000	0.000000
557.880000	0.542459	-1.142278	1.382482	0.000000	0.000000
557.890000	0.542459	-1.142278	1.382480	0.000000	0.000000
557.900000	0.542458	-1.142278	1.382478	0.000000	0.000000
557.910000	0.542458	-1.142279	1.382477	0.000000	0.000000
557.920000	0.542457	-1.142280	1.382475	0.000000	0.000000
557.930000	0.542457	-1.142282	1.382473	0.000000	0.000000
557.940000	0.542458	-1.142284	1.382471	0.000000	0.000000
557.950000	0.542458	-1.142286	1.382469	0.000000	0.000000
557.960000	0.542458	-1.142286	1.382467	0.000000	0.000000
557.970000	0.542457	-1.142286	1.382465	0.000000	0.000000
557.980000	0.542457	-1.142285	1.382463	0.000000	0.000000
557.990000	0.542457	-1.142286	1.382461	0.000000	0.000000
558.000000	0.542458	-1.142288	1.382459	0.000000	0.000000
558.010000	0.542459	-1.142292	1.382457	0.000000	0.000000
558.020000	0.542460	-1.142296	1.382455	0.000000	0.000000
558.030000	0.542460	-1.142301	1.382453	0.000000	0.000000
558.040000	0.542461	-1.142305	1.382452	0.000000	0.000000
558.050000	0.542462	-1.142307	1.382450	0.000000	0.000000
558.060000	0.542462	-1.142308	1.382448	0.000000	0.000000
558.070000	0.542462	-1.142307	1.382447	0.000000	0.000000
558.080000	0.542461	-1.142304	1.382446	0.000000	0.000000
558.090000	0.542461	-1.142299	1.382444	0.000000	0.000000
558.100000	0.542461	-1.142292	1.382443	0.000000	0.000000
558.110000	0.542460	-1.142285	1.382442	0.000000	0.000000
558.120000	0.542458	-1.142278	1.382441	0.000000	0.000000
558.130000	0.542457	-1.142271	1.382440	0.000000	0.000000
558.140000	0.542457	-1.142265	1.382439	0.000000	0.000000
558.150000	0.542456	-1.142261	1.382438	0.000000	0.000000
558.160000	0.542457	-1.142257	1.382437	0.000000	0.000000
558.170000	0.542457	-1.142255	1.382436	0.000000	0.000000
558.180000	0.542458	-1.142254	1.382435	0.000000	0.000000
558.190000	0.542459	-1.142254	1.382434	0.000000	0.000000
558.200000	0.542460	-1.142254	1.382434	0.000000	0.000000
558.210000	0.542461	-1.142254	1.382433	0.000000	0.000000
558.220000	0.542462	-1.142252	1.382432	0.000000	0.000000
558.230000	0.542463	-1.142249	1.382431	0.000000	0.000000
558.240000	0.542463	-1.142245	1.382430	0.000000	0.000000
558.250000	0.542465	-1.142243	1.382429	0.000000	0.000000
558.260000	0.542466	-1.142243	1.382428	0.000000	0.000000
558.270000	0.542469	-1.142245	1.382427	0.000000	0.000000
558.280000	0.542473	-1.142248	1.382426	0.000000	0.000000
558.290000	0.542475	-1.142249	1.382425	0.000000	0.000000
558.300000	0.542477	-1.142247	1.382425	0.000000	0.000000
558.310000	0.542477	-1.142243	1.382424	0.000000	0.000000
558.320000	0.542479	-1.142239	1.382423	0.000000	0.000000
558.330000	0.542481	-1.142235	1.382423	0.000000	0.000000
558.340000	0.542481	-1.142230	1.382422	0.000000	0.000000
558.350000	0.542482	-1.142224	1.382422	0.000000	0.000000
558.360000	0.542482	-1.142215	1.382421	0.000000	0.000000
558.370000	0.542482	-1.142204	1.382421	0.000000	0.000000
558.380000	0.542481	-1.142190	1.382421	0.000000	0.000000
558.390000	0.542479	-1.142174	1.382420	0.000000	0.000000
558.400000	0.542476	-1.142157	1.382420	0.000000	0.000000
558.410000	0.542473	-1.142141	1.382420	0.000000	0.000000
558.420000	0.542471	-1.142126	1.382420	0.000000	0.000000
558.430000	0.542469	-1.142112	1.382420	0.000000	0.000000
558.440000	0.542468	-1.142100	1.382419	0.000000	0.000000
558.450000	0.542468	-1.142090	1.382419	0.000000	0.000000
558.460000	0.542468	-1.142081	1.382419	0.000000	0.000000
558.470000	0.542470	-1.142074	1.382418	0.000000	0.000000
558.480000	0.542473	-1.142068	1.382418	0.000000	0.000000
558.490000	0.542476	-1.142063	1.382417	0.000000	0.000000
558.500000	0.542480	-1.142059	1.382416	0.000000	0.000000
558.510000	0.542485	-1.142056	1.382415	0.000000	0.000000
558.520000	0.542490	-1.142056	1.382414	0.000000	0.000000
558.530000	0.542495	-1.142056	1.382413	0.000000	0.000000
558.540000	0.542499	-1.142055	1.382412	0.000000	0.000000
558.550000	0.542502	-1.142051	1.382411	0.000000	0.000000
558.560000	0.542504	-1.142046	1.382409	0.000000	0.000000
558.570000	0.542506	-1.142042	1.382408	0.000000	0.000000
558.580000	0.542509	-1.142039	1.382407	0.000000	0.000000
558.590000	0.542514	-1.142038	1.382405	0.000000	0.000000
558.600000	0.542517	-1.142034	1.382404	0.000000	0.000000
558.610000	0.542519	-1.142025	1.382402	0.000000	0.000000
558.620000	0.542520	-1.142011	1.382401	0.000000	0.000000
558.630000	0.542521	-1.141999	1.382399	0.000000	0.000000
558.640000	0.542523	-1.141990	1.382398	0.000000	0.000000
558.650000	0.542526	-1.141987	1.382397	0.000000	0.000000
558.660000	0.542529	-1.141987	1.382395	0.000000	0.000000
558.670000	0.542534	-1.141988	1.382394	0.000000	0.000000
558.680000	0.542540	-1.141990	1.382393	0.000000	0.000000
558.690000	0.542545	-1.141992	1.382391	0.000000	0.000000
558.700000	0.542550	-1.141995	1.382390	0.000000	0.000000
558.710000	0.542556	-1.141997	1.382389	0.000000	0.000000
558.720000	0.542561	-1.141998	1.382388	0.000000	0.000000
558.730000	0.542565	-1.141997	1.382386	0.000000	0.000000
558.740000	0.542569	-1.141994	1.382385	0.000000	0.000000
558.750000	0.542572	-1.141991	1.382384	0.000000	0.000000
558.760000	0.542576	-1.141988	1.382383	0.000000	0.000000
558.770000	0.542579	-1.141985	1.382382	0.000000	0.000000
558.780000	0.542581	-1.141980	1.382381	0.000000	0.000000
558.790000	0.542583	-1.141974	1.382380	0.000000	0.000000
558.800000	0.542583	-1.141965	1.382379	0.000000	0.000000
558.810000	0.542584	-1.141956	1.382378	0.000000	0.000000
558.820000	0.542585	-1.141948	1.382378	0.000000	0.000000
558.830000	0.542587	-1.141942	1.382377	0.000000	0.000000
558.840000	0.542589	-1.141937	1.382376	0.000000	0.000000
558.850000	0.542590	-1.141932	1.382375	0.000000	0.000000
558.860000	0.542591	-1.141927	1.382375	0.000000	0.000000
558.870000	0.542592	-1.141924	1.382374	0.000000	0.000000
558.880000	0.542593	-1.141921	1.382373	0.000000	0.000000
558.890000	0.542593	-1.141918	1.382373	0.000000	0.000000
558.900000	0.542593	-1.141914	1.382372	0.000000	0.000000
558.910000	0.542594	-1.141910	1.382372	0.000000	0.000000
558.920000	0.542595	-1.141907	1.382372	0.000000	0.000000
558.930000	0.542596	-1.141907	1.382371	0.000000	0.000000
558.940000	0.542598	-1.141909	1.382371	0.000000	0.000000
558.950000	0.542600	-1.141912	1.382371	0.000000	0.000000
558.960000	0.542602	-1.141914	1.382371	0.000000	0.000000
558.970000	0.542603	-1.141914	1.382371	0.000000	0.000000
558.980000	0.542603	-1.141911	1.382371	0.000000	0.000000
558.990000	0.542603	-1.141905	1.382371	0.000000	0.000000
559.000000	0.542601	-1.141896	1.382371	0.000000	0.000000
559.010000	0.542599	-1.141887	1.382371	0.000000	0.000000
559.020000	0.542597	-1.141880	1.382371	0.000000	0.000000
559.030000	0.542596	-1.141874	1.382371	0.000000	0.000000
559.040000	0.542594	-1.141868	1.382372	0.000000	0.000000
559.050000	0.542593	-1.141863	1.382372	0.000000	0.000000
559.060000	0.542592	-1.141857	1.382372	0.000000	0.000000
559.070000	0.542590	-1.141852	1.382373	0.000000	0.000000
559.080000	0.542587	-1.141846	1.382373	0.000000	0.000000
559.090000	0.542586	-1.141842	1.382373	0.000000	0.000000
559.100000	0.542584	-1.141838	1.382374	0.000000	0.000000
559.110000	0.542583	-1.141835	1.382374	0.000000	0.000000
559.120000	0.542582	-1.141834	1.382374	0.000000	0.000000
559.130000	0.542581	-1.141834	1.382374	0.000000	0.000000
559.140000	0.542580	-1.141834	1.382374	0.000000	0.000000
559.150000	0.542579	-1.141835	1.382374	0.000000	0.000000
559.160000	0.542578	-1.141835	1.382374	0.000000	0.000000
559.170000	0.542576	-1.141834	1.382374	0.000000	0.000000
559.180000	0.542574	-1.141832	1.382374	0.000000	0.000000
559.190000	0.542572	-1.141829	1.382373	0.000000	0.000000
559.200000	0.542570	-1.141825	1.382373	0.000000	0.000000
559.210000	0.542567	-1.141820	1.382373	0.000000	0.000000
559.220000	0.542564	-1.141815	1.382372	0.000000	0.000000
559.230000	0.542562	-1.141813	1.382371	0.000000	0.000000
559.240000	0.542560	-1.141814	1.382371	0.000000	0.000000
559.250000	0.542560	-1.141817	1.382370	0.000000	0.000000
559.260000	0.542559	-1.141821	1.382370	0.000000	0.000000
559.270000	0.542559	-1.141825	1.382369	0.000000	0.000000
559.280000	0.542558	-1.141826	1.382369	0.000000	0.000000
559.290000	0.542557	-1.141827	1.382368	0.000000	0.000000
559.300000	0.542556	-1.141826	1.382368	0.000000	0.000000
559.310000	0.542554	-1.141825	1.382367	0.000000	0.000000
559.320000	0.542551	-1.141825	1.382367	0.000000	0.000000
559.330000	0.542548	-1.141825	1.382367	0.000000	0.000000
559.340000	0.542545	-1.141826	1.382366	0.000000	0.000000
559.350000	0.542542	-1.141827	1.382366	0.000000	0.000000
559.360000	0.542539	-1.141828	1.382366	0.000000	0.000000
559.370000	0.542537	-1.141827	1.382365	0.000000	0.000000
559.380000	0.542536	-1.141827	1.382365	0.000000	0.000000
559.390000	0.542534	-1.141826	1.382364	0.000000	0.000000
559.400000	0.542533	-1.141825	1.382364	0.000000	0.000000
559.410000	0.542532	-1.141823	1.382363	0.000000	0.000000
559.420000	0.542531	-1.141822	1.382363	0.000000	0.000000
559.430000	0.542529	-1.141821	1.382362	0.000000	0.000000
559.440000	0.542528	-1.141820	1.382361	0.000000	0.000000
559.450000	0.542527	-1.141819	1.382360	0.000000	0.000000
559.460000	0.542528	-1.141818	1.382360	0.000000	0.000000
559.470000	0.542529	-1.141817	1.382359	0.000000	0.000000
559.480000	0.542529	-1.141816	1.382358	0.000000	0.000000
559.490000	0.542531	-1.141817	1.382357	0.000000	0.000000
559.500000	0.542532	-1.141820	1.382356	0.000000	0.000000
559.510000	0.542534	-1.141825	1.382355	0.000000	0.000000
559.520000	0.542537	-1.141831	1.382354	0.000000	0.000000
559.530000	0.542539	-1.141837	1.382353	0.000000	0.000000
559.540000	0.542540	-1.141840	1.382352	0.000000	0.000000
559.550000	0.542540	-1.141839	1.382351	0.000000	0.000000
559.560000	0.542539	-1.141836	1.382350	0.000000	0.000000
559.570000	0.542538	-1.141833	1.382349	0.000000	0.000000
559.580000	0.542538	-1.141833	1.382348	0.000000	0.000000
559.590000	0.542538	-1.141836	1.382347	0.000000	0.000000
559.600000	0.542538	-1.141841	1.382347	0.000000	0.000000
559.610000	0.542539	-1.141845	1.382346	0.000000	0.000000
559.620000	0.542539	-1.141848	1.382345	0.000000	0.000000
559.630000	0.542538	-1.141849	1.382345	0.000000	0.000000
559.640000	0.542537	-1.141847	1.382345	0.000000	0.000000
559.650000	0.542535	-1.141842	1.382344	0.000000	0.000000
559.660000	0.542532	-1.141834	1.382344	0.000000	0.000000
559.670000	0.542529	-1.141824	1.382343	0.000000	0.000000
559.680000	0.542525	-1.141814	1.382343	0.000000	0.000000
559.690000	0.542522	-1.141804	1.382343	0.000000	0.000000
559.700000	0.542519	-1.141795	1.382342	0.000000	0.000000
559.710000	0.542516	-1.141787	1.382342	0.000000	0.000000
559.720000	0.542514	-1.141781	1.382341	0.000000	0.000000
559.730000	0.542512	-1.141775	1.382341	0.000000	0.000000
559.740000	0.542510	-1.141771	1.382340	0.000000	0.000000
559.750000	0.542508	-1.141769	1.382340	0.000000	0.000000
559.760000	0.542507	-1.141768	1.382339	0.000000	0.000000
559.770000	0.542507	-1.141769	1.382338	0.000000	0.000000
559.780000	0.542508	-1.141772	1.382337	0.000000	0.000000
559.790000	0.542509	-1.141777	1.382337	0.000000	0.000000
559.800000	0.542511	-1.141784	1.382336	0.000000	0.000000
559.810000	0.542513	-1.141793	1.382335	0.000000	0.000000
559.820000	0.542516	-1.141802	1.382334	0.000000	0.000000
559.830000	0.542518	-1.141812	1.382333	0.000000	0.000000
559.840000	0.542520	-1.141822	1.382332	0.000000	0.000000
559.850000	0.542522	-1.141830	1.382331	0.000000	0.000000
559.860000	0.542523	-1.141837	1.382329	0.000000	0.000000
559.870000	0.542522	-1.141841	1.382328	0.000000	0.000000
559.880000	0.542522	-1.141842	1.382327	0.000000	0.000000
559.890000	0.542521	-1.141842	1.382326	0.000000	0.000000
559.900000	0.542521	-1.141841	1.382324	0.000000	0.000000
559.910000	0.542521	-1.141841	1.382323	0.000000	0.000000
559.920000	0.542521	-1.141842	1.382322	0.000000	0.000000
559.930000	0.542521	-1.141844	1.382320	0.000000	0.000000
559.940000	0.542521	-1.141845	1.382319	0.000000	0.000000
559.950000	0.542520	-1.141845	1.382318	0.000000	0.000000
559.960000	0.542518	-1.141845	1.382316	0.000000	0.000000
559.970000	0.542516	-1.141844	1.382315	0.000000	0.000000
559.980000	0.542514	-1.141843	1.382314	0.000000	0.000000
559.990000	0.542512	-1.141843	1.382313	0.000000	0.000000
560.000000	0.542510	-1.141844	1.382311	0.000000	0.000000
560.010000	0.542509	-1.141846	1.382310	0.000000	0.000000
560.020000	0.542508	-1.141849	1.382309	0.000000	0.000000
560.030000	0.542507	-1.141853	1.382307	0.000000	0.000000
560.040000	0.542506	-1.141857	1.382306	0.000000	0.000000
560.050000	0.542504	-1.141861	1.382305	0.000000	0.000000
560.060000	0.542503	-1.141865	1.382303	0.000000	0.000000
560.070000	0.542502	-1.141870	1.382302	0.000000	0.000000
560.080000	0.542501	-1.141875	1.382300	0.000000	0.000000
560.090000	0.542499	-1.141881	1.382299	0.000000	0.000000
560.100000	0.542499	-1.141889	1.382297	0.000000	0.000000
560.110000	0.542499	-1.141897	1.382295	0.000000	0.000000
560.120000	0.542500	-1.141906	1.382294	0.000000	0.000000
560.130000	0.542500	-1.141916	1.382292	0.000000	0.000000
560.140000	0.542500	-1.141926	1.382290	0.000000	0.000000
560.150000	0.542500	-1.141936	1.382288	0.000000	0.000000
560.160000	0.542500	-1.141945	1.382286	0.000000	0.000000
560.170000	0.542499	-1.141954	1.382284	0.000000	0.000000
560.180000	0.542499	-1.141962	1.382282	0.000000	0.000000
560.190000	0.542499	-1.141970	1.382280	0.000000	0.000000
560.200000	0.542499	-1.141978	1.382278	0.000000	0.000000
560.210000	0.542498	-1.141985	1.382276	0.000000	0.000000
560.220000	0.542498	-1.141992	1.382274	0.000000	0.000000
560.230000	0.542496	-1.141997	1.382272	0.000000	0.000000
560.240000	0.542494	-1.142001	1.382270	0.000000	0.000000
560.250000	0.542491	-1.142003	1.382268	0.000000	0.000000
560.260000	0.542489	-1.142004	1.382266	0.000000	0.000000
560.270000	0.542486	-1.142005	1.382264	0.000000	0.000000
560.280000	0.542485	-1.142006	1.382261	0.000000	0.000000
560.290000	0.542482	-1.142007	1.382259	0.000000	0.000000
560.300000	0.542481	-1.142008	1.382257	0.000000	0.000000
560.310000	0.542481	-1.142011	1.382255	0.000000	0.000000
560.320000	0.542481	-1.142015	1.382253	0.000000	0.000000
560.330000	0.542481	-1.142021	1.382251	0.000000	0.000000
560.340000	0.542482	-1.142029	1.382248	0.000000	0.000000
560.350000	0.542483	-1.142038	1.382246	0.000000	0.000000
560.360000	0.542484	-1.142047	1.382244	0.000000	0.000000
560.370000	0.542485	-1.142055	1.382241	0.000000	0.000000
560.380000	0.542486	-1.142061	1.382239	0.000000	0.000000
560.390000	0.542487	-1.142065	1.382236	0.000000	0.000000
560.400000	0.542487	-1.142069	1.382233	0.000000	0.000000
560.410000	0.542487	-1.142073	1.382231	0.000000	0.000000
560.420000	0.542487	-1.142078	1.382228	0.000000	0.000000
560.430000	0.542487	-1.142083	1.382225	0.000000	0.000000
560.440000	0.542489	-1.142091	1.382223	0.000000	0.000000
560.450000	0.542491	-1.142102	1.382220	0.000000	0.000000
560.460000	0.542494	-1.142116	1.382218	0.000000	0.000000
560.470000	0.542497	-1.142130	1.382216	0.000000	0.000000
560.480000	0.542498	-1.142140	1.382213	0.000000	0.000000
560.490000	0.542498	-1.142147	1.382211	0.000000	0.000000
560.500000	0.542495	-1.142148	1.382209	0.000000	0.000000
560.510000	0.542492	-1.142145	1.382207	0.000000	0.000000
560.520000	0.542488	-1.142142	1.382205	0.000000	0.000000
560.530000	0.542483	-1.142140	1.382203	0.000000	0.000000
560.540000	0.542479	-1.142139	1.382201	0.000000	0.000000
560.550000	0.542475	-1.142140	1.382199	0.000000	0.000000
560.560000	0.542472	-1.142143	1.382197	0.000000	0.000000
560.570000	0.542470	-1.142148	1.382196	0.000000	0.000000
560.580000	0.542468	-1.142155	1.382194	0.000000	0.000000
560.590000	0.542466	-1.142164	1.382192	0.000000	0.000000
560.600000	0.542465	-1.142174	1.382190	0.000000	0.000000
560.610000	0.542464	-1.142185	1.382189	0.000000	0.000000
560.620000	0.542464	-1.142196	1.382187	0.000000	0.000000
560.630000	0.542463	-1.142206	1.382185	0.000000	0.000000
560.640000	0.542463	-1.142216	1.382183	0.000000	0.000000
560.650000	0.542462	-1.142224	1.382181	0.000000	0.000000
560.660000	0.542461	-1.142231	1.382179	0.000000	0.000000
560.670000	0.542461	-1.142238	1.382177	0.000000	0.000000
560.680000	0.542460	-1.142246	1.382175	0.000000	0.000000
560.690000	0.542459	-1.142255	1.382173	0.000000	0.000000
560.700000	0.542460	-1.142267	1.382172	0.000000	0.000000
560.710000	0.542460	-1.142278	1.382170	0.000000	0.000000
560.720000	0.542459	-1.142288	1.382168	0.000000	0.000000
560.730000	0.542458	-1.142293	1.382166	0.000000	0.000000
560.740000	0.542456	-1.142297	1.382164	0.000000	0.000000
560.750000	0.542454	-1.142300	1.382163	0.000000	0.000000
560.760000	0.542452	-1.142304	1.382161	0.000000	0.000000
560.770000	0.542449	-1.142307	1.382160	0.000000	0.000000
560.780000	0.542446	-1.142309	1.382158	0.000000	0.000000
560.790000	0.542443	-1.142311	1.382157	0.000000	0.000000
560.800000	0.542440	-1.142312	1.382155	0.000000	0.000000
560.810000	0.542437	-1.142313	1.382154	0.000000	0.000000
560.820000	0.542433	-1.142313	1.382153	0.000000	0.000000
560.830000	0.542429	-1.142314	1.382152	0.000000	0.000000
560.840000	0.542425	-1.142316	1.382150	0.000000	0.000000
560.850000	0.542422	-1.142317	1.382149	0.000000	0.000000
560.860000	0.542418	-1.142320	1.382148	0.000000	0.000000
560.870000	0.542414	-1.142323	1.382146	0.000000	0.000000
560.880000	0.542410	-1.142327	1.382145	0.000000	0.000000
560.890000	0.542407	-1.142333	1.382144	0.000000	0.000000
560.900000	0.542403	-1.142339	1.382142	0.000000	0.000000
560.910000	0.542400	-1.142347	1.382141	0.000000	0.000000
560.920000	0.542398	-1.142356	1.382140	0.000000	0.000000
560.930000	0.542395	-1.142365	1.382138	0.000000	0.000000
560.940000	0.542391	-1.142374	1.382137	0.000000	0.000000
560.950000	0.542387	-1.142382	1.382135	0.000000	0.000000
560.960000	0.542383	-1.142388	1.382133	0.000000	0.000000
560.970000	0.542378	-1.142394	1.382132	0.000000	0.000000
560.980000	0.542375	-1.142401	1.382130	0.000000	0.000000
560.990000	0.542372	-1.142412	1.382129	0.000000	0.000000
561.000000	0.542370	-1.142424	1.382127	0.000000	0.000000
561.010000	0.542368	-1.142438	1.382125	0.000000	0.000000
561.020000	0.542366	-1.142452	1.382123	0.000000	0.000000
561.030000	0.542363	-1.142465	1.382122	0.000000	0.000000
561.040000	0.542360	-1.142478	1.382120	0.000000	0.000000
561.050000	0.542357	-1.142490	1.382119	0.000000	0.000000
561.060000	0.542353	-1.142500	1.382117	0.000000	0.000000
561.070000	0.542348	-1.142509	1.382116	0.000000	0.000000
561.080000	0.542344	-1.142517	1.382114	0.000000	0.000000
561.090000	0.542339	-1.142525	1.382113	0.000000	0.000000
561.100000	0.542335	-1.142533	1.382111	0.000000	0.000000
561.110000	0.542331	-1.142541	1.382110	0.000000	0.000000
561.120000	0.542327	-1.142549	1.382108	0.000000	0.000000
561.130000	0.542324	-1.142557	1.382107	0.000000	0.000000
561.140000	0.542321	-1.142565	1.382105	0.000000	0.000000
561.150000	0.542318	-1.142572	1.382104	0.000000	0.000000
561.160000	0.542314	-1.142579	1.382103	0.000000	0.000000
561.170000	0.542310	-1.142586	1.382101	0.000000	0.000000
561.180000	0.542306	-1.142593	1.382100	0.000000	0.000000
561.190000	0.542303	-1.142601	1.382099	0.000000	0.000000
561.200000	0.542300	-1.142609	1.382097	0.000000	0.000000
561.210000	0.542297	-1.142617	1.382096	0.000000	0.000000
561.220000	0.542294	-1.142624	1.382094	0.000000	0.000000
561.230000	0.542291	-1.142631	1.382093	0.000000	0.000000
561.240000	0.542288	-1.142638	1.382091	0.000000	0.000000
561.250000	0.542285	-1.142643	1.382090	0.000000	0.000000
561.260000	0.542283	-1.142649	1.382088	0.000000	0.000000
561.270000	0.542280	-1.142655	1.382087	0.000000	0.000000
561.280000	0.542278	-1.142664	1.382085	0.000000	0.000000
561.290000	0.542276	-1.142674	1.382084	0.000000	0.000000
561.300000	0.542275	-1.142687	1.382082	0.000000	0.000000
561.310000	0.542274	-1.142701	1.382081	0.000000	0.000000
561.320000	0.542273	-1.142716	1.382079	0.000000	0.000000
561.330000	0.542272	-1.142730	1.382078	0.000000	0.000000
561.340000	0.542270	-1.142742	1.382076	0.000000	0.000000
561.350000	0.542268	-1.142753	1.382074	0.000000	0.000000
561.360000	0.542266	-1.142763	1.382073	0.000000	0.000000
561.370000	0.542262	-1.142772	1.382071	0.000000	0.000000
561.380000	0.542259	-1.142781	1.382070	0.000000	0.000000
561.390000	0.542256	-1.142791	1.382068	0.000000	0.000000
561.400000	0.542254	-1.142801	1.382067	0.000000	0.000000
561.410000	0.542251	-1.142811	1.382065	0.000000	0.000000
561.420000	0.542248	-1.142822	1.382064	0.000000	0.000000
561.430000	0.542246	-1.142832	1.382063	0.000000	0.000000
561.440000	0.542243	-1.142843	1.382061	0.000000	0.000000
561.450000	0.542240	-1.142853	1.382060	0.000000	0.000000
561.460000	0.542238	-1.142864	1.382059	0.000000	0.000000
561.470000	0.542235	-1.142875	1.382057	0.000000	0.000000
561.480000	0.542233	-1.142886	1.382056	0.000000	0.000000
561.490000	0.542230	-1.142897	1.382055	0.000000	0.000000
561.500000	0.542227	-1.142906	1.382054	0.000000	0.000000
561.510000	0.542224	-1.142914	1.382052	0.000000	0.000000
561.520000	0.542221	-1.142922	1.382051	0.000000	0.000000
561.530000	0.542217	-1.142928	1.382050	0.000000	0.000000
561.540000	0.542213	-1.142936	1.382048	0.000000	0.000000
561.550000	0.542211	-1.142945	1.382047	0.000000	0.000000
561.560000	0.542209	-1.142957	1.382046	0.000000	0.000000
561.570000	0.542208	-1.142970	1.382044	0.000000	0.000000
561.580000	0.542207	-1.142984	1.382043	0.000000	0.000000
561.590000	0.542206	-1.142998	1.382041	0.000000	0.000000
561.600000	0.542205	-1.143011	1.382040	0.000000	0.000000
561.610000	0.542204	-1.143024	1.382038	0.000000	0.000000
561.620000	0.542203	-1.143036	1.382036	0.000000	0.000000
561.630000	0.542201	-1.143046	1.382035	0.000000	0.000000
561.640000	0.542199	-1.143053	1.382033	0.000000	0.000000
561.650000	0.542195	-1.143058	1.382031	0.000000	0.000000
561.660000	0.542191	-1.143062	1.382029	0.000000	0.000000
561.670000	0.542187	-1.143067	1.382027	0.000000	0.000000
561.680000	0.542183	-1.143073	1.382025	0.000000	0.000000
561.690000	0.542181	-1.143081	1.382023	0.000000	0.000000
561.700000	0.542179	-1.143091	1.382021	0.000000	0.000000
561.710000	0.542177	-1.143103	1.382019	0.000000	0.000000
561.720000	0.542176	-1.143114	1.382016	0.000000	0.000000
561.730000	0.542173	-1.143123	1.382014	0.000000	0.000000
561.740000	0.542171	-1.143131	1.382012	0.000000	0.000000
561.750000	0.542170	-1.143140	1.382010	0.000000	0.000000
561.760000	0.542170	-1.143152	1.382007	0.000000	0.000000
561.770000	0.542170	-1.143166	1.382005	0.000000	0.000000
561.780000	0.542171	-1.143181	1.382002	0.000000	0.000000
561.790000	0.542172	-1.143195	1.382000	0.000000	0.000000
561.800000	0.542173	-1.143208	1.381997	0.000000	0.000000
561.810000	0.542173	-1.143219	1.381995	0.000000	0.000000
561.820000	0.542172	-1.143229	1.381992	0.000000	0.000000
561.830000	0.542170	-1.143237	1.381989	0.000000	0.000000
561.840000	0.542170	-1.143245	1.381986	0.000000	0.000000
561.850000	0.542169	-1.143256	1.381983	0.000000	0.000000
561.860000	0.542169	-1.143267	1.381980	0.000000	0.000000
561.870000	0.542169	-1.143279	1.381977	0.000000	0.000000
561.880000	0.542169	-1.143291	1.381974	0.000000	0.000000
561.890000	0.542168	-1.143301	1.381971	0.000000	0.000000
561.900000	0.542167	-1.143310	1.381968	0.000000	0.000000
561.910000	0.542165	-1.143318	1.381965	0.000000	0.000000
561.920000	0.542164	-1.143326	1.381962	0.000000	0.000000
561.930000	0.542162	-1.143335	1.381958	0.000000	0.000000
561.940000	0.542160	-1.143343	1.381955	0.000000	0.000000
561.950000	0.542158	-1.143351	1.381952	0.000000	0.000000
561.960000	0.542156	-1.143360	1.381948	0.000000	0.000000
561.970000	0.542154	-1.143368	1.381945	0.000000	0.000000
561.980000	0.542151	-1.143376	1.381942	0.000000	0.000000
561.990000	0.542149	-1.143385	1.381938	0.000000	0.000000
562.000000	0.542146	-1.143394	1.381935	0.000000	0.000000
562.010000	0.542143	-1.143404	1.381931	0.000000	0.000000
562.020000	0.542141	-1.143416	1.381928	0.000000	0.000000
562.030000	0.542139	-1.143430	1.381924	0.000000	0.000000
562.040000	0.542138	-1.143444	1.381921	0.000000	0.000000
562.050000	0.542137	-1.143457	1.381917	0.000000	0.000000
562.060000	0.542135	-1.143469	1.381913	0.000000	0.000000
562.070000	0.542132	-1.143480	1.381910	0.000000	0.000000
562.080000	0.542129	-1.143488	1.381906	0.000000	0.000000
562.090000	0.542125	-1.143495	1.381902	0.000000	0.000000
562.100000	0.542121	-1.143499	1.381898	0.000000	0.000000
562.110000	0.542117	-1.143503	1.381894	0.000000	0.000000
562.120000	0.542113	-1.143509	1.381890	0.000000	0.000000
562.130000	0.542109	-1.143516	1.381887	0.000000	0.000000
562.140000	0.542107	-1.143526	1.381883	0.000000	0.000000
562.150000	0.542105	-1.143538	1.381879	0.000000	0.000000
562.160000	0.542104	-1.143551	1.381875	0.000000	0.000000
562.170000	0.542102	-1.143565	1.381871	0.000000	0.000000
562.180000	0.542100	-1.143579	1.381867	0.000000	0.000000
562.190000	0.542098	-1.143593	1.381863	0.000000	0.000000
562.200000	0.542096	-1.143607	1.381859	0.000000	0.000000
562.210000	0.542093	-1.143621	1.381855	0.000000	0.000000
562.220000	0.542091	-1.143635	1.381850	0.000000	0.000000
562.230000	0.542088	-1.143648	1.381846	0.000000	0.000000
562.240000	0.542084	-1.143659	1.381842	0.000000	0.000000
562.250000	0.542081	-1.143669	1.381838	0.000000	0.000000
562.260000	0.542077	-1.143679	1.381834	0.000000	0.000000
562.270000	0.542073	-1.143690	1.381830	0.000000	0.000000
562.280000	0.542069	-1.143702	1.381826	0.000000	0.000000
562.290000	0.542067	-1.143716	1.381822	0.000000	0.000000
562.300000	0.542064	-1.143731	1.381818	0.000000	0.000000
562.310000	0.542062	-1.143746	1.381813	0.000000	0.000000
562.320000	0.542060	-1.143761	1.381809	0.000000	0.000000
562.330000	0.542058	-1.143774	1.381805	0.000000	0.000000
562.340000	0.542055	-1.143786	1.381801	0.000000	0.000000
562.350000	0.542052	-1.143796	1.381797	0.000000	0.000000
562.360000	0.542049	-1.143807	1.381793	0.000000	0.000000
562.370000	0.542047	-1.143820	1.381789	0.000000	0.000000
562.380000	0.542045	-1.143832	1.381785	0.000000	0.000000
562.390000	0.542044	-1.143845	1.381781	0.000000	0.000000
562.400000	0.542042	-1.143858	1.381777	0.000000	0.000000
562.410000	0.542040	-1.143869	1.381774	0.000000	0.000000
562.420000	0.542038	-1.143880	1.381770	0.000000	0.000000
562.430000	0.542035	-1.143890	1.381766	0.000000	0.000000
562.440000	0.542032	-1.143900	1.381762	0.000000	0.000000
562.450000	0.542028	-1.143910	1.381759	0.000000	0.000000
562.460000	0.542025	-1.143922	1.381755	0.000000	0.000000
562.470000	0.542022	-1.143933	1.381752	0.000000	0.000000
562.480000	0.542019	-1.143945	1.381748	0.000000	0.000000
562.490000	0.542016	-1.143956	1.381745	0.000000	0.000000
562.500000	0.542014	-1.143966	1.381742	0.000000	0.000000
562.510000	0.542011	-1.143974	1.381738	0.000000	0.000000
562.520000	0.542007	-1.143982	1.381735	0.000000	0.000000
562.530000	0.542002	-1.143988	1.381732	0.000000	0.000000
562.540000	0.541998	-1.143993	1.381730	0.000000	0.000000
562.550000	0.541994	-1.143997	1.381727	0.000000	0.000000
562.560000	0.541990	-1.144001	1.381724	0.000000	0.000000
562.570000	0.541986	-1.144005	1.381722	0.000000	0.000000
562.580000	0.541983	-1.144009	1.381719	0.000000	0.000000
562.590000	0.541980	-1.144013	1.381717	0.000000	0.000000
562.600000	0.541977	-1.144016	1.381715	0.000000	0.000000
562.610000	0.541974	-1.144018	1.381713	0.000000	0.000000
562.620000	0.541970	-1.144019	1.381711	0.000000	0.000000
562.630000	0.541966	-1.144018	1.381709	0.000000	0.000000
562.640000	0.541962	-1.144015	1.381708	0.000000	0.000000
562.650000	0.541957	-1.144010	1.381706	0.000000	0.000000
562.660000	0.541952	-1.144004	1.381704	0.000000	0.000000
562.670000	0.541947	-1.143998	1.381703	0.000000	0.000000
562.680000	0.541942	-1.143992	1.381701	0.000000	0.000000
562.690000	0.541937	-1.143987	1.381700	0.000000	0.000000
562.700000	0.541933	-1.143983	1.381698	0.000000	0.000000
562.710000	0.541930	-1.143982	1.381697	0.000000	0.000000
562.720000	0.541927	-1.143984	1.381695	0.000000	0.000000
562.730000	0.541925	-1.143988	1.381694	0.000000	0.000000
562.740000	0.541924	-1.143994	1.381692	0.000000	0.000000
562.750000	0.541923	-1.144000	1.381691	0.000000	0.000000
562.760000	0.541922	-1.144007	1.381689	0.000000	0.000000
562.770000	0.541920	-1.144012	1.381687	0.000000	0.000000
562.780000	0.541918	-1.144016	1.381686	0.000000	0.000000
562.790000	0.541916	-1.144019	1.381684	0.000000	0.000000
562.800000	0.541913	-1.144021	1.381682	0.000000	0.000000
562.810000	0.541910	-1.144022	1.381681	0.000000	0.000000
562.820000	0.541907	-1.144023	1.381679	0.000000	0.000000
562.830000	0.541904	-1.144026	1.381677	0.000000	0.000000
562.840000	0.541901	-1.144030	1.381675	0.000000	0.000000
562.850000	0.541900	-1.144036	1.381674	0.000000	0.000000
562.860000	0.541898	-1.144042	1.381672	0.000000	0.000000
562.870000	0.541896	-1.144048	1.381670	0.000000	0.000000
562.880000	0.541895	-1.144053	1.381669	0.000000	0.000000
562.890000	0.541892	-1.144058	1.381667	0.000000	0.000000
562.900000	0.541890	-1.144061	1.381665	0.000000	0.000000
562.910000	0.541888	-1.144064	1.381664	0.000000	0.000000
562.920000	0.541885	-1.144066	1.381662	0.000000	0.000000
562.930000	0.541882	-1.144068	1.381660	0.000000	0.000000
562.940000	0.541879	-1.144069	1.381658	0.000000	0.000000
562.950000	0.541875	-1.144068	1.381656	0.000000	0.000000
562.960000	0.541871	-1.144067	1.381654	0.000000	0.000000
562.970000	0.541868	-1.144065	1.381652	0.000000	0.000000
562.980000	0.541865	-1.144065	1.381650	0.000000	0.000000
562.990000	0.541862	-1.144067	1.381648	0.000000	0.000000
563.000000	0.541860	-1.144069	1.381646	0.000000	0.000000
563.010000	0.541858	-1.144072	1.381644	0.000000	0.000000
563.020000	0.541856	-1.144074	1.381642	0.000000	0.000000
563.030000	0.541854	-1.144077	1.381640	0.000000	0.000000
563.040000	0.541852	-1.144081	1.381638	0.000000	0.000000
563.050000	0.541852	-1.144087	1.381636	0.000000	0.000000
563.060000	0.541852	-1.144093	1.381634	0.000000	0.000000
563.070000	0.541852	-1.144100	1.381632	0.000000	0.000000
563.080000	0.541853	-1.144105	1.381631	0.000000	0.000000
563.090000	0.541854	-1.144110	1.381629	0.000000	0.000000
563.100000	0.541854	-1.144112	1.381627	0.000000	0.000000
563.110000	0.541854	-1.144113	1.381625	0.000000	0.000000
563.120000	0.541852	-1.144112	1.381624	0.000000	0.000000
563.130000	0.541850	-1.144110	1.381622	0.000000	0.000000
563.140000	0.541848	-1.144107	1.381621	0.000000	0.000000
563.150000	0.541845	-1.144103	1.381619	0.000000	0.000000
563.160000	0.541842	-1.144099	1.381618	0.000000	0.000000
563.170000	0.541839	-1.144094	1.381616	0.000000	0.000000
563.180000	0.541837	-1.144091	1.381615	0.000000	0.000000
563.190000	0.541835	-1.144090	1.381613	0.000000	0.000000
563.200000	0.541834	-1.144091	1.381612	0.000000	0.000000
563.210000	0.541833	-1.144094	1.381610	0.000000	0.000000
563.220000	0.541833	-1.144097	1.381609	0.000000	0.000000
563.230000	0.541833	-1.144099	1.381607	0.000000	0.000000
563.240000	0.541832	-1.144101	1.381606	0.000000	0.000000
563.250000	0.541831	-1.144102	1.381604	0.000000	0.000000
563.260000	0.541830	-1.144103	1.381603	0.000000	0.000000
563.270000	0.541829	-1.144103	1.381601	0.000000	0.000000
563.280000	0.541827	-1.144102	1.381600	0.000000	0.000000
563.290000	0.541825	-1.144099	1.381598	0.000000	0.000000
563.300000	0.541823	-1.144094	1.381597	0.000000	0.000000
563.310000	0.541821	-1.144089	1.381595	0.000000	0.000000
563.320000	0.541820	-1.144086	1.381593	0.000000	0.000000
563.330000	0.541819	-1.144084	1.381592	0.000000	0.000000
563.340000	0.541820	-1.144084	1.381590	0.000000	0.000000
563.350000	0.541821	-1.144086	1.381589	0.000000	0.000000
563.360000	0.541822	-1.144088	1.381587	0.000000	0.000000
563.370000	0.541822	-1.144090	1.381585	0.000000	0.000000
563.380000	0.541823	-1.144092	1.381584	0.000000	0.000000
563.390000	0.541823	-1.144092	1.381582	0.000000	0.000000
563.400000	0.541822	-1.144091	1.381581	0.000000	0.000000
563.410000	0.541820	-1.144089	1.381579	0.000000	0.000000
563.420000	0.541817	-1.144087	1.381577	0.000000	0.000000
563.430000	0.541814	-1.144084	1.381576	0.000000	0.000000
563.440000	0.541811	-1.144081	1.381574	0.000000	0.000000
563.450000	0.541809	-1.144079	1.381572	0.000000	0.000000
563.460000	0.541807	-1.144078	1.381570	0.000000	0.000000
563.470000	0.541805	-1.144077	1.381568	0.000000	0.000000
563.480000	0.541804	-1.144078	1.381566	0.000000	0.000000
563.490000	0.541803	-1.144081	1.381564	0.000000	0.000000
563.500000	0.541803	-1.144086	1.381561	0.000000	0.000000
563.510000	0.541803	-1.144093	1.381559	0.000000	0.000000
563.520000	0.541803	-1.144100	1.381556	0.000000	0.000000
563.530000	0.541803	-1.144108	1.381554	0.000000	0.000000
563.540000	0.541803	-1.144114	1.381551	0.000000	0.000000
563.550000	0.541803	-1.144119	1.381548	0.000000	0.000000
563.560000	0.541802	-1.144123	1.381545	0.000000	0.000000
563.570000	0.541802	-1.144127	1.381542	0.000000	0.000000
563.580000	0.541801	-1.144132	1.381538	0.000000	0.000000
563.590000	0.541801	-1.144137	1.381535	0.000000	0.000000
563.600000	0.541801	-1.144143	1.381532	0.000000	0.000000
563.610000	0.541801	-1.144149	1.381528	0.000000	0.000000
563.620000	0.541802	-1.144157	1.381525	0.000000	0.000000
563.630000	0.541802	-1.144165	1.381522	0.000000	0.000000
563.640000	0.541803	-1.144175	1.381518	0.000000	0.000000
563.650000	0.541803	-1.144184	1.381515	0.000000	0.000000
563.660000	0.541803	-1.144192	1.381511	0.000000	0.000000
563.670000	0.541803	-1.144199	1.381508	0.000000	0.000000
563.680000	0.541802	-1.144204	1.381505	0.000000	0.000000
563.690000	0.541800	-1.144208	1.381501	0.000000	0.000000
563.700000	0.541799	-1.144211	1.381498	0.000000	0.000000
563.710000	0.541797	-1.144215	1.381494	0.000000	0.000000
563.720000	0.541796	-1.144221	1.381491	0.000000	0.000000
563.730000	0.541796	-1.144229	1.381487	0.000000	0.000000
563.740000	0.541796	-1.144238	1.381484	0.000000	0.000000
563.750000	0.541796	-1.144247	1.381480	0.000000	0.000000
563.760000	0.541795	-1.144256	1.381476	0.000000	0.000000
563.770000	0.541794	-1.144264	1.381473	0.000000	0.000000
563.780000	0.541793	-1.144271	1.381469	0.000000	0.000000
563.790000	0.541791	-1.144276	1.381465	0.000000	0.000000
563.800000	0.541790	-1.144282	1.381461	0.000000	0.000000
563.810000	0.541789	-1.144290	1.381457	0.000000	0.000000
563.820000	0.541789	-1.144300	1.381453	0.000000	0.000000
563.830000	0.541789	-1.144313	1.381449	0.000000	0.000000
563.840000	0.541788	-1.144327	1.381445	0.000000	0.000000
563.850000	0.541787	-1.144341	1.381441	0.000000	0.000000
563.860000	0.541787	-1.144354	1.381437	0.000000	0.000000
563.870000	0.541786	-1.144366	1.381434	0.000000	0.000000
563.880000	0.541784	-1.144376	1.381430	0.000000	0.000000
563.890000	0.541782	-1.144385	1.381426	0.000000	0.000000
563.900000	0.541780	-1.144393	1.381422	0.000000	0.000000
563.910000	0.541777	-1.144402	1.381418	0.000000	0.000000
563.920000	0.541775	-1.144410	1.381415	0.000000	0.000000
563.930000	0.541772	-1.144417	1.381411	0.000000	0.000000
563.940000	0.541769	-1.144424	1.381407	0.000000	0.000000
563.950000	0.541766	-1.144430	1.381403	0.000000	0.000000
563.960000	0.541763	-1.144437	1.381400	0.000000	0.000000
563.970000	0.541760	-1.144444	1.381396	0.000000	0.000000
563.980000	0.541757	-1.144452	1.381392	0.000000	0.000000
563.990000	0.541755	-1.144461	1.381388	0.000000	0.000000
564.000000	0.541753	-1.144471	1.381385	0.000000	0.000000
564.010000	0.541751	-1.144482	1.381381	0.000000	0.000000
564.020000	0.541750	-1.144494	1.381377	0.000000	0.000000
564.030000	0.541749	-1.144505	1.381374	0.000000	0.000000
564.040000	0.541747	-1.144517	1.381370	0.000000	0.000000
564.050000	0.541746	-1.144528	1.381366	0.000000	0.000000
564.060000	0.541745	-1.144537	1.381363	0.000000	0.000000
564.070000	0.541742	-1.144545	1.381359	0.000000	0.000000
564.080000	0.541739	-1.144550	1.381356	0.000000	0.000000
564.090000	0.541735	-1.144553	1.381352	0.000000	0.000000
564.100000	0.541731	-1.144556	1.381349	0.000000	0.000000
564.110000	0.541728	-1.144560	1.381345	0.000000	0.000000
564.120000	0.541725	-1.144566	1.381342	0.000000	0.000000
564.130000	0.541722	-1.144573	1.381339	0.000000	0.000000
564.140000	0.541720	-1.144580	1.381335	0.000000	0.000000
564.150000	0.541717	-1.144588	1.381332	0.000000	0.000000
564.160000	0.541714	-1.144596	1.381329	0.000000	0.000000
564.170000	0.541712	-1.144604	1.381326	0.000000	0.000000
564.180000	0.541709	-1.144612	1.381323	0.000000	0.000000
564.190000	0.541706	-1.144620	1.381320	0.000000	0.000000
564.200000	0.541703	-1.144628	1.381316	0.000000	0.000000
564.210000	0.541699	-1.144636	1.381313	0.000000	0.000000
564.220000	0.541696	-1.144644	1.381310	0.000000	0.000000
564.230000	0.541692	-1.144652	1.381307	0.000000	0.000000
564.240000	0.541689	-1.144661	1.381304	0.000000	0.000000
564.250000	0.541685	-1.144669	1.381301	0.000000	0.000000
564.260000	0.541682	-1.144677	1.381298	0.000000	0.000000
564.270000	0.541678	-1.144686	1.381295	0.000000	0.000000
564.280000	0.541675	-1.144694	1.381292	0.000000	0.000000
564.290000	0.541671	-1.144702	1.381289	0.000000	0.000000
564.300000	0.541667	-1.144711	1.381286	0.000000	0.000000
564.310000	0.541664	-1.144721	1.381283	0.000000	0.000000
564.320000	0.541661	-1.144731	1.381280	0.000000	0.000000
564.330000	0.541659	-1.144742	1.381277	0.000000	0.000000
564.340000	0.541656	-1.144753	1.381274	0.000000	0.000000
564.350000	0.541652	-1.144763	1.381271	0.000000	0.000000
564.360000	0.541648	-1.144771	1.381268	0.000000	0.000000
564.370000	0.541644	-1.144780	1.381265	0.000000	0.000000
564.380000	0.541640	-1.144789	1.381262	0.000000	0.000000
564.390000	0.541636	-1.144798	1.381258	0.000000	0.000000
564.400000	0.541633	-1.144809	1.381255	0.000000	0.000000
564.410000	0.541629	-1.144820	1.381252	0.000000	0.000000
564.420000	0.541625	-1.144832	1.381248	0.000000	0.000000
564.430000	0.541622	-1.144844	1.381245	0.000000	0.000000
564.440000	0.541620	-1.144856	1.381241	0.000000	0.000000
564.450000	0.541617	-1.144868	1.381238	0.000000	0.000000
564.460000	0.541614	-1.144880	1.381234	0.000000	0.000000
564.470000	0.541611	-1.144893	1.381231	0.000000	0.000000
564.480000	0.541610	-1.144906	1.381227	0.000000	0.000000
564.490000	0.541608	-1.144917	1.381223	0.000000	0.000000
564.500000	0.541606	-1.144926	1.381219	0.000000	0.000000
564.510000	0.541604	-1.144934	1.381216	0.000000	0.000000
564.520000	0.541601	-1.144940	1.381212	0.000000	0.000000
564.530000	0.541598	-1.144944	1.381208	0.000000	0.000000
564.540000	0.541596	-1.144949	1.381204	0.000000	0.000000
564.550000	0.541594	-1.144955	1.381201	0.000000	0.000000
564.560000	0.541592	-1.144963	1.381197	0.000000	0.000000
564.570000	0.541591	-1.144973	1.381193	0.000000	0.000000
564.580000	0.541590	-1.144983	1.381189	0.000000	0.000000
564.590000	0.541588	-1.144993	1.381186	0.000000	0.000000
564.600000	0.541586	-1.145004	1.381182	0.000000	0.000000
564.610000	0.541584	-1.145015	1.381178	0.000000	0.000000
564.620000	0.541582	-1.145026	1.381174	0.000000	0.000000
564.630000	0.541580	-1.145038	1.381171	0.000000	0.000000
564.640000	0.541579	-1.145050	1.381167	0.000000	0.000000
564.650000	0.541577	-1.145063	1.381163	0.000000	0.000000
564.660000	0.541575	-1.145076	1.381159	0.000000	0.000000
564.670000	0.541572	-1.145089	1.381156	0.000000	0.000000
564.680000	0.541570	-1.145102	1.381152	0.000000	0.000000
564.690000	0.541568	-1.145113	1.381148	0.000000	0.000000
564.700000	0.541565	-1.145122	1.381144	0.000000	0.000000
564.710000	0.541561	-1.145128	1.381140	0.000000	0.000000
564.720000	0.541556	-1.145134	1.381136	0.000000	0.000000
564.730000	0.541552	-1.145140	1.381132	0.000000	0.000000
564.740000	0.541547	-1.145145	1.381129	0.000000	0.000000
564.750000	0.541543	-1.145151	1.381125	0.000000	0.000000
564.760000	0.541540	-1.145158	1.381121	0.000000	0.000000
564.770000	0.541537	-1.145167	1.381117	0.000000	0.000000
564.780000	0.541536	-1.145177	1.381114	0.000000	0.000000
564.790000	0.541535	-1.145189	1.381110	0.000000	0.000000
564.800000	0.541533	-1.145200	1.381107	0.000000	0.000000
564.810000	0.541532	-1.145211	1.381103	0.000000	0.000000
564.820000	0.541530	-1.145220	1.381100	0.000000	0.000000
564.830000	0.541527	-1.145228	1.381096	0.000000	0.000000
564.840000	0.541524	-1.145234	1.381093	0.000000	0.000000
564.850000	0.541521	-1.145239	1.381090	0.000000	0.000000
564.860000	0.541517	-1.145243	1.381086	0.000000	0.000000
564.870000	0.541513	-1.145247	1.381083	0.000000	0.000000
564.880000	0.541510	-1.145251	1.381080	0.000000	0.000000
564.890000	0.541506	-1.145255	1.381077	0.000000	0.000000
564.900000	0.541502	-1.145262	1.381073	0.000000	0.000000
564.910000	0.541499	-1.145269	1.381070	0.000000	0.000000
564.920000	0.541496	-1.145277	1.381067	0.000000	0.000000
564.930000	0.541494	-1.145286	1.381064	0.000000	0.000000
564.940000	0.541493	-1.145296	1.381061	0.000000	0.000000
564.950000	0.541491	-1.145307	1.381057	0.000000	0.000000
564.960000	0.541490	-1.145318	1.381054	0.000000	0.000000
564.970000	0.541489	-1.145328	1.381051	0.000000	0.000000
564.980000	0.541487	-1.145337	1.381048	0.000000	0.000000
564.990000	0.541484	-1.145345	1.381044	0.000000	0.000000
565.000000	0.541481	-1.145353	1.381041	0.000000	0.000000
565.010000	0.541478	-1.145360	1.381038	0.000000	0.000000
565.020000	0.541476	-1.145369	1.381034	0.000000	0.000000
565.030000	0.541474	-1.145379	1.381031	0.000000	0.000000
565.040000	0.541472	-1.145390	1.381028	0.000000	0.000000
565.050000	0.541471	-1.145402	1.381024	0.000000	0.000000
565.060000	0.541469	-1.145413	1.381021	0.000000	0.000000
565.070000	0.541467	-1.145423	1.381018	0.000000	0.000000
565.080000	0.541465	-1.145434	1.381014	0.000000	0.000000
565.090000	0.541463	-1.145445	1.381011	0.000000	0.000000
565.100000	0.541462	-1.145456	1.381007	0.000000	0.000000
565.110000	0.541460	-1.145468	1.381004	0.000000	0.000000
565.120000	0.541459	-1.145478	1.381000	0.000000	0.000000
565.130000	0.541456	-1.145486	1.380997	0.000000	0.000000
565.140000	0.541454	-1.145492	1.380993	0.000000	0.000000
565.150000	0.541450	-1.145497	1.380990	0.000000	0.000000
565.160000	0.541447	-1.145504	1.380986	0.000000	0.000000
565.170000	0.541444	-1.145512	1.380983	0.000000	0.000000
565.180000	0.541441	-1.145522	1.380980	0.000000	0.000000
565.190000	0.541440	-1.145534	1.380976	0.000000	0.000000
565.200000	0.541439	-1.145548	1.380973	0.000000	0.000000
565.210000	0.541439	-1.145563	1.380970	0.000000	0.000000
565.220000	0.541438	-1.145578	1.380966	0.000000	0.000000
565.230000	0.541437	-1.145592	1.380963	0.000000	0.000000
565.240000	0.541436	-1.145606	1.380960	0.000000	0.000000
565.250000	0.541434	-1.145619	1.380957	0.000000	0.000000
565.260000	0.541431	-1.145632	1.380954	0.000000	0.000000
565.270000	0.541428	-1.145645	1.380951	0.000000	0.000000
565.280000	0.541425	-1.145657	1.380947	0.000000	0.000000
565.290000	0.541422	-1.145669	1.380944	0.000000	0.000000
565.300000	0.541418	-1.145681	1.380941	0.000000	0.000000
565.310000	0.541415	-1.145694	1.380938	0.000000	0.000000
565.320000	0.541411	-1.145707	1.380935	0.000000	0.000000
565.330000	0.541406	-1.145721	1.380932	0.000000	0.000000
565.340000	0.541402	-1.145734	1.380930	0.000000	0.000000
565.350000	0.541398	-1.145747	1.380927	0.000000	0.000000
565.360000	0.541394	-1.145759	1.380924	0.000000	0.000000
565.370000	0.541391	-1.145771	1.380921	0.000000	0.000000
565.380000	0.541388	-1.145784	1.380918	0.000000	0.000000
565.390000	0.541385	-1.145796	1.380915	0.000000	0.000000
565.400000	0.541382	-1.145809	1.380912	0.000000	0.000000
565.410000	0.541380	-1.145823	1.380909	0.000000	0.000000
565.420000	0.541377	-1.145836	1.380906	0.000000	0.000000
565.430000	0.541374	-1.145849	1.380903	0.000000	0.000000
565.440000	0.541371	-1.145860	1.380900	0.000000	0.000000
565.450000	0.541367	-1.145869	1.380897	0.000000	0.000000
565.460000	0.541363	-1.145878	1.380894	0.000000	0.000000
565.470000	0.541359	-1.145888	1.380891	0.000000	0.000000
565.480000	0.541356	-1.145899	1.380888	0.000000	0.000000
565.490000	0.541354	-1.145913	1.380885	0.000000	0.000000
565.500000	0.541352	-1.145928	1.380882	0.000000	0.000000
565.510000	0.541351	-1.145945	1.380879	0.000000	0.000000
565.520000	0.541351	-1.145964	1.380876	0.000000	0.000000
565.530000	0.541351	-1.145985	1.380873	0.000000	0.000000
565.540000	0.541352	-1.146005	1.380869	0.000000	0.000000
565.550000	0.541352	-1.146022	1.380866	0.000000	0.000000
565.560000	0.541351	-1.146035	1.380862	0.000000	0.000000
565.570000	0.541348	-1.146046	1.380859	0.000000	0.000000
565.580000	0.541346	-1.146056	1.380855	0.000000	0.000000
565.590000	0.541343	-1.146067	1.380851	0.000000	0.000000
565.600000	0.541341	-1.146080	1.380847	0.000000	0.000000
565.610000	0.541339	-1.146094	1.380844	0.000000	0.000000
565.620000	0.541337	-1.146109	1.380840	0.000000	0.000000
565.630000	0.541336	-1.146124	1.380836	0.000000	0.000000
565.640000	0.541335	-1.146140	1.380832	0.000000	0.000000
565.650000	0.541334	-1.146155	1.380829	0.000000	0.000000
565.660000	0.541333	-1.146170	1.380825	0.000000	0.000000
565.670000	0.541331	-1.146185	1.380822	0.000000	0.000000
565.680000	0.541330	-1.146199	1.380818	0.000000	0.000000
565.690000	0.541329	-1.146214	1.380815	0.000000	0.000000
565.700000	0.541327	-1.146228	1.380812	0.000000	0.000000
565.710000	0.541326	-1.146241	1.380808	0.000000	0.000000
565.720000	0.541325	-1.146252	1.380805	0.000000	0.000000
565.730000	0.541323	-1.146262	1.380802	0.000000	0.000000
565.740000	0.541321	-1.146271	1.380799	0.000000	0.000000
565.750000	0.541319	-1.146279	1.380796	0.000000	0.000000
565.760000	0.541316	-1.146288	1.380793	0.000000	0.000000
565.770000	0.541314	-1.146297	1.380791	0.000000	0.000000
565.780000	0.541311	-1.146306	1.380788	0.000000	0.000000
565.790000	0.541308	-1.146314	1.380785	0.000000	0.000000
565.800000	0.541305	-1.146322	1.380782	0.000000	0.000000
565.810000	0.541302	-1.146330	1.380780	0.000000	0.000000
565.820000	0.541299	-1.146339	1.380777	0.000000	0.000000
565.830000	0.541297	-1.146348	1.380774	0.000000	0.000000
565.840000	0.541294	-1.146358	1.380772	0.000000	0.000000
565.850000	0.541292	-1.146369	1.380769	0.000000	0.000000
565.860000	0.541290	-1.146380	1.380767	0.000000	0.000000
565.870000	0.541288	-1.146391	1.380764	0.000000	0.000000
565.880000	0.541285	-1.146402	1.380761	0.000000	0.000000
565.890000	0.541282	-1.146414	1.380759	0.000000	0.000000
565.900000	0.541279	-1.146426	1.380756	0.000000	0.000000
565.910000	0.541276	-1.146437	1.380753	0.000000	0.000000
565.920000	0.541273	-1.146447	1.380751	0.000000	0.000000
565.930000	0.541270	-1.146457	1.380748	0.000000	0.000000
565.940000	0.541267	-1.146467	1.380745	0.000000	0.000000
565.950000	0.541265	-1.146477	1.380743	0.000000	0.000000
565.960000	0.541262	-1.146489	1.380740	0.000000	0.000000
565.970000	0.541260	-1.146500	1.380738	0.000000	0.000000
565.980000	0.541257	-1.146511	1.380735	0.000000	0.000000
565.990000	0.541253	-1.146520	1.380733	0.000000	0.000000
566.000000	0.541250	-1.146529	1.380730	0.000000	0.000000
566.010000	0.541247	-1.146537	1.380728	0.000000	0.000000
566.020000	0.541243	-1.146543	1.380725	0.000000	0.000000
566.030000	0.541240	-1.146548	1.380723	0.000000	0.000000
566.040000	0.541235	-1.146552	1.380721	0.000000	0.000000
566.050000	0.541231	-1.146556	1.380718	0.000000	0.000000
566.060000	0.541227	-1.146560	1.380716	0.000000	0.000000
566.070000	0.541223	-1.146564	1.380713	0.000000	0.000000
566.080000	0.541220	-1.146569	1.380711	0.000000	0.000000
566.090000	0.541217	-1.146573	1.380708	0.000000	0.000000
566.100000	0.541214	-1.146579	1.380705	0.000000	0.000000
566.110000	0.541212	-1.146585	1.380703	0.000000	0.000000
566.120000	0.541210	-1.146592	1.380700	0.000000	0.000000
566.130000	0.541208	-1.146600	1.380697	0.000000	0.000000
566.140000	0.541207	-1.146609	1.380694	0.000000	0.000000
566.150000	0.541207	-1.146619	1.380691	0.000000	0.000000
566.160000	0.541206	-1.146630	1.380688	0.000000	0.000000
566.170000	0.541206	-1.146643	1.380685	0.000000	0.000000
566.180000	0.541206	-1.146657	1.380682	0.000000	0.000000
566.190000	0.541206	-1.146670	1.380678	0.000000	0.000000
566.200000	0.541205	-1.146681	1.380675	0.000000	0.000000
566.210000	0.541204	-1.146691	1.380671	0.000000	0.000000
566.220000	0.541203	-1.146701	1.380668	0.000000	0.000000
566.230000	0.541203	-1.146711	1.380664	0.000000	0.000000
566.240000	0.541204	-1.146724	1.380661	0.000000	0.000000
566.250000	0.541204	-1.146738	1.380657	0.000000	0.000000
566.260000	0.541204	-1.146754	1.380653	0.000000	0.000000
566.270000	0.541205	-1.146769	1.380650	0.000000	0.000000
566.280000	0.541206	-1.146785	1.380646	0.000000	0.000000
566.290000	0.541207	-1.146800	1.380642	0.000000	0.000000
566.300000	0.541208	-1.146815	1.380639	0.000000	0.000000
566.310000	0.541208	-1.146829	1.380635	0.000000	0.000000
566.320000	0.541208	-1.146841	1.380631	0.000000	0.000000
566.330000	0.541207	-1.146852	1.380627	0.000000	0.000000
566.340000	0.541206	-1.146862	1.380623	0.000000	0.000000
566.350000	0.541205	-1.146872	1.380619	0.000000	0.000000
566.360000	0.541205	-1.146881	1.380615	0.000000	0.000000
566.370000	0.541205	-1.146892	1.380611	0.000000	0.000000
566.380000	0.541205	-1.146901	1.380607	0.000000	0.000000
566.390000	0.541205	-1.146910	1.380603	0.000000	0.000000
566.400000	0.541205	-1.146917	1.380599	0.000000	0.000000
566.410000	0.541205	-1.146926	1.380595	0.000000	0.000000
566.420000	0.541207	-1.146937	1.380590	0.000000	0.000000
566.430000	0.541207	-1.146947	1.380586	0.000000	0.000000
566.440000	0.541207	-1.146956	1.380582	0.000000	0.000000
566.450000	0.541207	-1.146966	1.380577	0.000000	0.000000
566.460000	0.541209	-1.146979	1.380573	0.000000	0.000000
566.470000	0.541212	-1.146992	1.380568	0.000000	0.000000
566.480000	0.541213	-1.147004	1.380563	0.000000	0.000000
566.490000	0.541215	-1.147016	1.380559	0.000000	0.000000
566.500000	0.541217	-1.147029	1.380554	0.000000	0.000000
566.510000	0.541219	-1.147044	1.380550	0.000000	0.000000
566.520000	0.541220	-1.147059	1.380545	0.000000	0.000000
566.530000	0.541222	-1.147075	1.380540	0.000000	0.000000
566.540000	0.541224	-1.147090	1.380536	0.000000	0.000000
566.550000	0.541225	-1.147105	1.380532	0.000000	0.000000
566.560000	0.541225	-1.147115	1.380527	0.000000	0.000000
566.570000	0.541225	-1.147123	1.380523	0.000000	0.000000
566.580000	0.541225	-1.147130	1.380518	0.000000	0.000000
566.590000	0.541226	-1.147140	1.380514	0.000000	0.000000
566.600000	0.541228	-1.147151	1.380510	0.000000	0.000000
566.610000	0.541230	-1.147163	1.380506	0.000000	0.000000
566.620000	0.541233	-1.147176	1.380502	0.000000	0.000000
566.630000	0.541235	-1.147189	1.380498	0.000000	0.000000
566.640000	0.541237	-1.147201	1.380494	0.000000	0.000000
566.650000	0.541239	-1.147210	1.380490	0.000000	0.000000
566.660000	0.541240	-1.147218	1.380487	0.000000	0.000000
566.670000	0.541241	-1.147224	1.380483	0.000000	0.000000
566.680000	0.541242	-1.147229	1.380480	0.000000	0.000000
566.690000	0.541242	-1.147236	1.380476	0.000000	0.000000
566.700000	0.541243	-1.147243	1.380473	0.000000	0.000000
566.710000	0.541243	-1.147249	1.380469	0.000000	0.000000
566.720000	0.541242	-1.147253	1.380466	0.000000	0.000000
566.730000	0.541241	-1.147257	1.380463	0.000000	0.000000
566.740000	0.541240	-1.147259	1.380460	0.000000	0.000000
566.750000	0.541239	-1.147260	1.380457	0.000000	0.000000
566.760000	0.541238	-1.147263	1.380454	0.000000	0.000000
566.770000	0.541238	-1.147267	1.380451	0.000000	0.000000
566.780000	0.541238	-1.147272	1.380448	0.000000	0.000000
566.790000	0.541238	-1.147279	1.380446	0.000000	0.000000
566.800000	0.541238	-1.147287	1.380443	0.000000	0.000000
566.810000	0.541238	-1.147295	1.380441	0.000000	0.000000
566.820000	0.541238	-1.147302	1.380439	0.000000	0.000000
566.830000	0.541238	-1.147309	1.380436	0.000000	0.000000
566.840000	0.541238	-1.147316	1.380434	0.000000	0.000000
566.850000	0.541238	-1.147322	1.380432	0.000000	0.000000
566.860000	0.541239	-1.147330	1.380430	0.000000	0.000000
566.870000	0.541240	-1.147337	1.380428	0.000000	0.000000
566.880000	0.541240	-1.147345	1.380426	0.000000	0.000000
566.890000	0.541241	-1.147351	1.380424	0.000000	0.000000
566.900000	0.541241	-1.147354	1.380422	0.000000	0.000000
566.910000	0.541239	-1.147353	1.380420	0.000000	0.000000
566.920000	0.541236	-1.147349	1.380418	0.000000	0.000000
566.930000	0.541234	-1.147342	1.380416	0.000000	0.000000
566.940000	0.541231	-1.147336	1.380415	0.000000	0.000000
566.950000	0.541230	-1.147333	1.380413	0.000000	0.000000
566.960000	0.541231	-1.147336	1.380411	0.000000	0.000000
566.970000	0.541233	-1.147343	1.380410	0.000000	0.000000
566.980000	0.541237	-1.147352	1.380408	0.000000	0.000000
566.990000	0.541240	-1.147361	1.380407	0.000000	0.000000
567.000000	0.541243	-1.147369	1.380405	0.000000	0.000000
567.010000	0.541245	-1.147374	1.380404	0.000000	0.000000
567.020000	0.541246	-1.147378	1.380402	0.000000	0.000000
567.030000	0.541247	-1.147379	1.380401	0.000000	0.000000
567.040000	0.541247	-1.147379	1.380400	0.000000	0.000000
567.050000	0.541246	-1.147377	1.380399	0.000000	0.000000
567.060000	0.541244	-1.147374	1.380397	0.000000	0.000000
567.070000	0.541243	-1.147369	1.380396	0.000000	0.000000
567.080000	0.541241	-1.147363	1.380395	0.000000	0.000000
567.090000	0.541238	-1.147356	1.380393	0.000000	0.000000
567.100000	0.541235	-1.147351	1.380392	0.000000	0.000000
567.110000	0.541234	-1.147348	1.380391	0.000000	0.000000
567.120000	0.541232	-1.147347	1.380390	0.000000	0.000000
567.130000	0.541231	-1.147347	1.380388	0.000000	0.000000
567.140000	0.541230	-1.147348	1.380387	0.000000	0.000000
567.150000	0.541230	-1.147349	1.380385	0.000000	0.000000
567.160000	0.541230	-1.147352	1.380384	0.000000	0.000000
567.170000	0.541231	-1.147354	1.380382	0.000000	0.000000
567.180000	0.541232	-1.147358	1.380380	0.000000	0.000000
567.190000	0.541232	-1.147363	1.380379	0.000000	0.000000
567.200000	0.541233	-1.147370	1.380377	0.000000	0.000000
567.210000	0.541234	-1.147377	1.380375	0.000000	0.000000
567.220000	0.541235	-1.147386	1.380373	0.000000	0.000000
567.230000	0.541237	-1.147396	1.380371	0.000000	0.000000
567.240000	0.541239	-1.147406	1.380368	0.000000	0.000000
567.250000	0.541241	-1.147414	1.380366	0.000000	0.000000
567.260000	0.541242	-1.147421	1.380364	0.000000	0.000000
567.270000	0.541242	-1.147426	1.380361	0.000000	0.000000
567.280000	0.541242	-1.147429	1.380359	0.000000	0.000000
567.290000	0.541243	-1.147433	1.380357	0.000000	0.000000
567.300000	0.541244	-1.147439	1.380354	0.000000	0.000000
567.310000	0.541245	-1.147447	1.380352	0.000000	0.000000
567.320000	0.541246	-1.147454	1.380349	0.000000	0.000000
567.330000	0.541246	-1.147458	1.380347	0.000000	0.000000
567.340000	0.541245	-1.147461	1.380345	0.000000	0.000000
567.350000	0.541245	-1.147463	1.380343	0.000000	0.000000
567.360000	0.541244	-1.147466	1.380340	0.000000	0.000000
567.370000	0.541244	-1.147470	1.380338	0.000000	0.000000
567.380000	0.541244	-1.147475	1.380336	0.000000	0.000000
567.390000	0.541244	-1.147479	1.380334	0.000000	0.000000
567.400000	0.541245	-1.147483	1.380332	0.000000	0.000000
567.410000	0.541246	-1.147487	1.380330	0.000000	0.000000
567.420000	0.541246	-1.147488	1.380328	0.000000	0.000000
567.430000	0.541245	-1.147487	1.380326	0.000000	0.000000
567.440000	0.541244	-1.147485	1.380325	0.000000	0.000000
567.450000	0.541244	-1.147485	1.380323	0.000000	0.000000
567.460000	0.541243	-1.147486	1.380321	0.000000	0.000000
567.470000	0.541244	-1.147489	1.380319	0.000000	0.000000
567.480000	0.541245	-1.147493	1.380317	0.000000	0.000000
567.490000	0.541246	-1.147498	1.380315	0.000000	0.000000
567.500000	0.541248	-1.147504	1.380313	0.000000	0.000000
567.510000	0.541249	-1.147509	1.380312	0.000000	0.000000
567.520000	0.541250	-1.147513	1.380310	0.000000	0.000000
567.530000	0.541251	-1.147517	1.380308	0.000000	0.000000
567.540000	0.541252	-1.147520	1.380306	0.000000	0.000000
567.550000	0.541253	-1.147523	1.380304	0.000000	0.000000
567.560000	0.541254	-1.147525	1.380301	0.000000	0.000000
567.570000	0.541254	-1.147528	1.380299	0.000000	0.000000
567.580000	0.541256	-1.147531	1.380297	0.000000	0.000000
567.590000	0.541257	-1.147535	1.380295	0.000000	0.000000
567.600000	0.541260	-1.147540	1.380292	0.000000	0.000000
567.610000	0.541262	-1.147546	1.380290	0.000000	0.000000
567.620000	0.541264	-1.147552	1.380287	0.000000	0.000000
567.630000	0.541267	-1.147559	1.380285	0.000000	0.000000
567.640000	0.541270	-1.147565	1.380282	0.000000	0.000000
567.650000	0.541272	-1.147571	1.380279	0.000000	0.000000
567.660000	0.541273	-1.147577	1.380277	0.000000	0.000000
567.670000	0.541275	-1.147582	1.380274	0.000000	0.000000
567.680000	0.541277	-1.147587	1.380271	0.000000	0.000000
567.690000	0.541278	-1.147592	1.380269	0.000000	0.000000
567.700000	0.541278	-1.147597	1.380266	0.000000	0.000000
567.710000	0.541279	-1.147601	1.380263	0.000000	0.000000
567.720000	0.541280	-1.147605	1.380261	0.000000	0.000000
567.730000	0.541280	-1.147609	1.380258	0.000000	0.000000
567.740000	0.541281	-1.147613	1.380256	0.000000	0.000000
567.750000	0.541281	-1.147618	1.380253	0.000000	0.000000
567.760000	0.541282	-1.147625	1.380251	0.000000	0.000000
567.770000	0.541284	-1.147633	1.380249	0.000000	0.000000
567.780000	0.541285	-1.147642	1.380246	0.000000	0.000000
567.790000	0.541287	-1.147652	1.380244	0.000000	0.000000
567.800000	0.541288	-1.147661	1.380242	0.000000	0.000000
567.810000	0.541290	-1.147669	1.380240	0.000000	0.000000
567.820000	0.541291	-1.147676	1.380238	0.000000	0.000000
567.830000	0.541291	-1.147680	1.380236	0.000000	0.000000
567.840000	0.541291	-1.147682	1.380234	0.000000	0.000000
567.850000	0.541291	-1.147681	1.380232	0.000000	0.000000
567.860000	0.541289	-1.147678	1.380230	0.000000	0.000000
567.870000	0.541288	-1.147675	1.380228	0.000000	0.000000
567.880000	0.541287	-1.147673	1.380226	0.000000	0.000000
567.890000	0.541286	-1.147672	1.380224	0.000000	0.000000
567.900000	0.541286	-1.147671	1.380222	0.000000	0.000000
567.910000	0.541286	-1.147672	1.380220	0.000000	0.000000
567.920000	0.541285	-1.147673	1.380218	0.000000	0.000000
567.930000	0.541284	-1.147675	1.380216	0.000000	0.000000
567.940000	0.541283	-1.147677	1.380214	0.000000	0.000000
567.950000	0.541283	-1.147680	1.380212	0.000000	0.000000
567.960000	0.541282	-1.147681	1.380209	0.000000	0.000000
567.970000	0.541280	-1.147682	1.380207	0.000000	0.000000
567.980000	0.541277	-1.147681	1.380205	0.000000	0.000000
567.990000	0.541276	-1.147683	1.380203	0.000000	0.000000
568.000000	0.541275	-1.147689	1.380200	0.000000	0.000000
568.010000	0.541276	-1.147698	1.380198	0.000000	0.000000
568.020000	0.541277	-1.147707	1.380196	0.000000	0.000000
568.030000	0.541277	-1.147715	1.380193	0.000000	0.000000
568.040000	0.541276	-1.147720	1.380191	0.000000	0.000000
568.050000	0.541275	-1.147725	1.380188	0.000000	0.000000
568.060000	0.541275	-1.147733	1.380186	0.000000	0.000000
568.070000	0.541276	-1.147743	1.380183	0.000000	0.000000
568.080000	0.541277	-1.147755	1.380180	0.000000	0.000000
568.090000	0.541278	-1.147768	1.380178	0.000000	0.000000
568.100000	0.541279	-1.147780	1.380175	0.000000	0.000000
568.110000	0.541280	-1.147793	1.380173	0.000000	0.000000
568.120000	0.541281	-1.147806	1.380170	0.000000	0.000000
568.130000	0.541283	-1.147819	1.380167	0.000000	0.000000
568.140000	0.541284	-1.147832	1.380165	0.000000	0.000000
568.150000	0.541285	-1.147845	1.380162	0.000000	0.000000
568.160000	0.541285	-1.147857	1.380159	0.000000	0.000000
568.170000	0.541286	-1.147870	1.380157	0.000000	0.000000
568.180000	0.541286	-1.147882	1.380154	0.000000	0.000000
568.190000	0.541287	-1.147893	1.380152	0.000000	0.000000
568.200000	0.541287	-1.147905	1.380149	0.000000	0.000000
568.210000	0.541289	-1.147917	1.380146	0.000000	0.000000
568.220000	0.541290	-1.147930	1.380144	0.000000	0.000000
568.230000	0.541292	-1.147944	1.380141	0.000000	0.000000
568.240000	0.541293	-1.147957	1.380138	0.000000	0.000000
568.250000	0.541294	-1.147970	1.380136	0.000000	0.000000
568.260000	0.541294	-1.147983	1.380133	0.000000	0.000000
568.270000	0.541295	-1.147994	1.380130	0.000000	0.000000
568.280000	0.541295	-1.148002	1.380127	0.000000	0.000000
568.290000	0.541295	-1.148009	1.380125	0.000000	0.000000
568.300000	0.541294	-1.148014	1.380122	0.000000	0.000000
568.310000	0.541293	-1.148020	1.380119	0.000000	0.000000
568.320000	0.541294	-1.148028	1.380116	0.000000	0.000000
568.330000	0.541295	-1.148037	1.380114	0.000000	0.000000
568.340000	0.541297	-1.148047	1.380111	0.000000	0.000000
568.350000	0.541298	-1.148057	1.380108	0.000000	0.000000
568.360000	0.541299	-1.148066	1.380106	0.000000	0.000000
568.370000	0.541300	-1.148074	1.380104	0.000000	0.000000
568.380000	0.541300	-1.148081	1.380101	0.000000	0.000000
568.390000	0.541300	-1.148088	1.380099	0.000000	0.000000
568.400000	0.541299	-1.148096	1.380097	0.000000	0.000000
568.410000	0.541298	-1.148105	1.380095	0.000000	0.000000
568.420000	0.541297	-1.148113	1.380092	0.000000	0.000000
568.430000	0.541296	-1.148121	1.380090	0.000000	0.000000
568.440000	0.541295	-1.148128	1.380088	0.000000	0.000000
568.450000	0.541294	-1.148134	1.380086	0.000000	0.000000
568.460000	0.541293	-1.148139	1.380084	0.000000	0.000000
568.470000	0.541292	-1.148145	1.380082	0.000000	0.000000
568.480000	0.541291	-1.148151	1.380080	0.000000	0.000000
568.490000	0.541291	-1.148160	1.380079	0.000000	0.000000
568.500000	0.541292	-1.148172	1.380077	0.000000	0.000000
568.510000	0.541293	-1.148185	1.380075	0.000000	0.000000
568.520000	0.541295	-1.148199	1.380073	0.000000	0.000000
568.530000	0.541297	-1.148211	1.380072	0.000000	0.000000
568.540000	0.541297	-1.148222	1.380070	0.000000	0.000000
568.550000	0.541297	-1.148230	1.380068	0.000000	0.000000
568.560000	0.541296	-1.148235	1.380067	0.000000	0.000000
568.570000	0.541295	-1.148239	1.380065	0.000000	0.000000
568.580000	0.541295	-1.148246	1.380064	0.000000	0.000000
568.590000	0.541295	-1.148255	1.380062	0.000000	0.000000
568.600000	0.541295	-1.148265	1.380061	0.000000	0.000000
568.610000	0.541296	-1.148275	1.380059	0.000000	0.000000
568.620000	0.541297	-1.148286	1.380058	0.000000	0.000000
568.630000	0.541297	-1.148295	1.380056	0.000000	0.000000
568.640000	0.541297	-1.148303	1.380055	0.000000	0.000000
568.650000	0.541296	-1.148310	1.380054	0.000000	0.000000
568.660000	0.541294	-1.148317	1.380052	0.000000	0.000000
568.670000	0.541292	-1.148322	1.380051	0.000000	0.000000
568.680000	0.541290	-1.148327	1.380049	0.000000	0.000000
568.690000	0.541287	-1.148331	1.380048	0.000000	0.000000
568.700000	0.541285	-1.148336	1.380046	0.000000	0.000000
568.710000	0.541282	-1.148340	1.380045	0.000000	0.000000
568.720000	0.541280	-1.148345	1.380043	0.000000	0.000000
568.730000	0.541278	-1.148351	1.380042	0.000000	0.000000
568.740000	0.541276	-1.148357	1.380040	0.000000	0.000000
568.750000	0.541275	-1.148365	1.380039	0.000000	0.000000
568.760000	0.541275	-1.148373	1.380037	0.000000	0.000000
568.770000	0.541274	-1.148382	1.380035	0.000000	0.000000
568.780000	0.541274	-1.148390	1.380034	0.000000	0.000000
568.790000	0.541275	-1.148398	1.380032	0.000000	0.000000
568.800000	0.541275	-1.148405	1.380030	0.000000	0.000000
568.810000	0.541275	-1.148411	1.380028	0.000000	0.000000
568.820000	0.541275	-1.148418	1.380026	0.000000	0.000000
568.830000	0.541275	-1.148425	1.380024	0.000000	0.000000
568.840000	0.541274	-1.148433	1.380022	0.000000	0.000000
568.850000	0.541274	-1.148441	1.380020	0.000000	0.000000
568.860000	0.541274	-1.148450	1.380018	0.000000	0.000000
568.870000	0.541275	-1.148459	1.380016	0.000000	0.000000
568.880000	0.541276	-1.148469	1.380014	0.000000	0.000000
568.890000	0.541278	-1.148480	1.380011	0.000000	0.000000
568.900000	0.541279	-1.148492	1.380009	0.000000	0.000000
568.910000	0.541280	-1.148505	1.380007	0.000000	0.000000
568.920000	0.541281	-1.148519	1.380004	0.000000	0.000000
568.930000	0.541283	-1.148532	1.380002	0.000000	0.000000
568.940000	0.541285	-1.148546	1.379999	0.000000	0.000000
568.950000	0.541288	-1.148560	1.379997	0.000000	0.000000
568.960000	0.541289	-1.148573	1.379994	0.000000	0.000000
568.970000	0.541291	-1.148587	1.379991	0.000000	0.000000
568.980000	0.541291	-1.148600	1.379988	0.000000	0.000000
568.990000	0.541292	-1.148614	1.379985	0.000000	0.000000
569.000000	0.541293	-1.148628	1.379982	0.000000	0.000000
569.010000	0.541294	-1.148642	1.379978	0.000000	0.000000
569.020000	0.541295	-1.148655	1.379975	0.000000	0.000000
569.030000	0.541296	-1.148666	1.379971	0.000000	0.000000
569.040000	0.541296	-1.148673	1.379968	0.000000	0.000000
569.050000	0.541296	-1.148679	1.379964	0.000000	0.000000
569.060000	0.541295	-1.148686	1.379960	0.000000	0.000000
569.070000	0.541295	-1.148696	1.379957	0.000000	0.000000
569.080000	0.541295	-1.148709	1.379953	0.000000	0.000000
569.090000	0.541297	-1.148725	1.379949	0.000000	0.000000
569.100000	0.541298	-1.148741	1.379946	0.000000	0.000000
569.110000	0.541300	-1.148758	1.379942	0.000000	0.000000
569.120000	0.541302	-1.148775	1.379939	0.000000	0.000000
569.130000	0.541303	-1.148790	1.379935	0.000000	0.000000
569.140000	0.541303	-1.148803	1.379932	0.000000	0.000000
569.150000	0.541302	-1.148812	1.379928	0.000000	0.000000
569.160000	0.541300	-1.148818	1.379925	0.000000	0.000000
569.170000	0.541297	-1.148822	1.379921	0.000000	0.000000
569.180000	0.541294	-1.148825	1.379918	0.000000	0.000000
569.190000	0.541291	-1.148828	1.379915	0.000000	0.000000
569.200000	0.541289	-1.148833	1.379912	0.000000	0.000000
569.210000	0.541288	-1.148841	1.379908	0.000000	0.000000
569.220000	0.541288	-1.148852	1.379905	0.000000	0.000000
569.230000	0.541288	-1.148864	1.379902	0.000000	0.000000
569.240000	0.541287	-1.148876	1.379899	0.000000	0.000000
569.250000	0.541287	-1.148886	1.379896	0.000000	0.000000
569.260000	0.541286	-1.148895	1.379893	0.000000	0.000000
569.270000	0.541284	-1.148902	1.379890	0.000000	0.000000
569.280000	0.541284	-1.148910	1.379887	0.000000	0.000000
569.290000	0.541284	-1.148920	1.379884	0.000000	0.000000
569.300000	0.541284	-1.148932	1.379881	0.000000	0.000000
569.310000	0.541284	-1.148944	1.379878	0.000000	0.000000
569.320000	0.541284	-1.148956	1.379876	0.000000	0.000000
569.330000	0.541284	-1.148968	1.379873	0.000000	0.000000
569.340000	0.541283	-1.148979	1.379870	0.000000	0.000000
569.350000	0.541282	-1.148989	1.379867	0.000000	0.000000
569.360000	0.541280	-1.148998	1.379865	0.000000	0.000000
569.370000	0.541278	-1.149006	1.379862	0.000000	0.000000
569.380000	0.541276	-1.149013	1.379859	0.000000	0.000000
569.390000	0.541274	-1.149020	1.379857	0.000000	0.000000
569.400000	0.541272	-1.149027	1.379854	0.000000	0.000000
569.410000	0.541270	-1.149035	1.379851	0.000000	0.000000
569.420000	0.541269	-1.149044	1.379849	0.000000	0.000000
569.430000	0.541267	-1.149054	1.379846	0.000000	0.000000
569.440000	0.541266	-1.149064	1.379844	0.000000	0.000000
569.450000	0.541266	-1.149075	1.379841	0.000000	0.000000
569.460000	0.541266	-1.149085	1.379838	0.000000	0.000000
569.470000	0.541265	-1.149094	1.379836	0.000000	0.000000
569.480000	0.541264	-1.149102	1.379833	0.000000	0.000000
569.490000	0.541264	-1.149110	1.379831	0.000000	0.000000
569.500000	0.541263	-1.149119	1.379828	0.000000	0.000000
569.510000	0.541263	-1.149128	1.379826	0.000000	0.000000
569.520000	0.541263	-1.149138	1.379823	0.000000	0.000000
569.530000	0.541263	-1.149149	1.379821	0.000000	0.000000
569.540000	0.541262	-1.149159	1.379819	0.000000	0.000000
569.550000	0.541262	-1.149169	1.379816	0.000000	0.000000
569.560000	0.541261	-1.149179	1.379814	0.000000	0.000000
569.570000	0.541260	-1.149187	1.379811	0.000000	0.000000
569.580000	0.541259	-1.149193	1.379809	0.000000	0.000000
569.590000	0.541258	-1.149199	1.379807	0.000000	0.000000
569.600000	0.541257	-1.149204	1.379805	0.000000	0.000000
569.610000	0.541255	-1.149209	1.379802	0.000000	0.000000
569.620000	0.541254	-1.149213	1.379800	0.000000	0.000000
569.630000	0.541252	-1.149218	1.379798	0.000000	0.000000
569.640000	0.541251	-1.149224	1.379796	0.000000	0.000000
569.650000	0.541250	-1.149233	1.379794	0.000000	0.000000
569.660000	0.541249	-1.149243	1.379792	0.000000	0.000000
569.670000	0.541249	-1.149255	1.379790	0.000000	0.000000
569.680000	0.541249	-1.149266	1.379788	0.000000	0.000000
569.690000	0.541247	-1.149275	1.379786	0.000000	0.000000
569.700000	0.541245	-1.149282	1.379784	0.000000	0.000000
569.710000	0.541242	-1.149288	1.379782	0.000000	0.000000
569.720000	0.541239	-1.149295	1.379780	0.000000	0.000000
569.730000	0.541238	-1.149303	1.379778	0.000000	0.000000
569.740000	0.541236	-1.149314	1.379776	0.000000	0.000000
569.750000	0.541236	-1.149326	1.379774	0.000000	0.000000
569.760000	0.541235	-1.149339	1.379772	0.000000	0.000000
569.770000	0.541233	-1.149352	1.379770	0.000000	0.000000
569.780000	0.541232	-1.149365	1.379768	0.000000	0.000000
569.790000	0.541230	-1.149379	1.379767	0.000000	0.000000
569.800000	0.541228	-1.149394	1.379765	0.000000	0.000000
569.810000	0.541227	-1.149408	1.379763	0.000000	0.000000
569.820000	0.541226	-1.149422	1.379761	0.000000	0.000000
569.830000	0.541224	-1.149435	1.379759	0.000000	0.000000
569.840000	0.541222	-1.149448	1.379757	0.000000	0.000000
569.850000	0.541221	-1.149461	1.379755	0.000000	0.000000
569.860000	0.541220	-1.149475	1.379754	0.000000	0.000000
569.870000	0.541219	-1.149489	1.379752	0.000000	0.000000
569.880000	0.541218	-1.149504	1.379750	0.000000	0.000000
569.890000	0.541218	-1.149519	1.379748	0.000000	0.000000
569.900000	0.541217	-1.149536	1.379746	0.000000	0.000000
569.910000	0.541216	-1.149553	1.379745	0.000000	0.000000
569.920000	0.541215	-1.149571	1.379743	0.000000	0.000000
569.930000	0.541215	-1.149587	1.379741	0.000000	0.000000
569.940000	0.541214	-1.149602	1.379739	0.000000	0.000000
569.950000	0.541213	-1.149615	1.379737	0.000000	0.000000
569.960000	0.541211	-1.149627	1.379736	0.000000	0.000000
569.970000	0.541209	-1.149639	1.379734	0.000000	0.000000
569.980000	0.541209	-1.149651	1.379732	0.000000	0.000000
569.990000	0.541208	-1.149664	1.379731	0.000000	0.000000
570.000000	0.541208	-1.149677	1.379729	0.000000	0.000000
570.010000	0.541208	-1.149692	1.379728	0.000000	0.000000
570.020000	0.541210	-1.149708	1.379726	0.000000	0.000000
570.030000	0.541211	-1.149725	1.379725	0.000000	0.000000
570.040000	0.541212	-1.149741	1.379724	0.000000	0.000000
570.050000	0.541212	-1.149756	1.379723	0.000000	0.000000
570.060000	0.541212	-1.149768	1.379722	0.000000	0.000000
570.070000	0.541212	-1.149778	1.379721	0.000000	0.000000
570.080000	0.541211	-1.149788	1.379720	0.000000	0.000000
570.090000	0.541211	-1.149797	1.379720	0.000000	0.000000
570.100000	0.541211	-1.149804	1.379719	0.000000	0.000000
570.110000	0.541211	-1.149810	1.379719	0.000000	0.000000
570.120000	0.541209	-1.149813	1.379718	0.000000	0.000000
570.130000	0.541207	-1.149814	1.379718	0.000000	0.000000
570.140000	0.541204	-1.149812	1.379718	0.000000	0.000000
570.150000	0.541201	-1.149810	1.379717	0.000000	0.000000
570.160000	0.541198	-1.149808	1.379717	0.000000	0.000000
570.170000	0.541196	-1.149809	1.379717	0.000000	0.000000
570.180000	0.541195	-1.149812	1.379717	0.000000	0.000000
570.190000	0.541194	-1.149818	1.379717	0.000000	0.000000
570.200000	0.541194	-1.149826	1.379718	0.000000	0.000000
570.210000	0.541194	-1.149836	1.379718	0.000000	0.000000
570.220000	0.541194	-1.149847	1.379718	0.000000	0.000000
570.230000	0.541194	-1.149858	1.379718	0.000000	0.000000
570.240000	0.541195	-1.149870	1.379719	0.000000	0.000000
570.250000	0.541195	-1.149881	1.379719	0.000000	0.000000
570.260000	0.541196	-1.149891	1.379720	0.000000	0.000000
570.270000	0.541197	-1.149901	1.379720	0.000000	0.000000
570.280000	0.541198	-1.149910	1.379721	0.000000	0.000000
570.290000	0.541199	-1.149918	1.379721	0.000000	0.000000
570.300000	0.541198	-1.149924	1.379722	0.000000	0.000000
570.310000	0.541198	-1.149930	1.379722	0.000000	0.000000
570.320000	0.541197	-1.149936	1.379723	0.000000	0.000000
570.330000	0.541197	-1.149942	1.379723	0.000000	0.000000
570.340000	0.541197	-1.149949	1.379724	0.000000	0.000000
570.350000	0.541196	-1.149955	1.379725	0.000000	0.000000
570.360000	0.541196	-1.149960	1.379726	0.000000	0.000000
570.370000	0.541195	-1.149965	1.379727	0.000000	0.000000
570.380000	0.541195	-1.149971	1.379728	0.000000	0.000000
570.390000	0.541195	-1.149977	1.379729	0.000000	0.000000
570.400000	0.541196	-1.149985	1.379730	0.000000	0.000000
570.410000	0.541196	-1.149992	1.379731	0.000000	0.000000
570.420000	0.541197	-1.150000	1.379732	0.000000	0.000000
570.430000	0.541197	-1.150007	1.379733	0.000000	0.000000
570.440000	0.541198	-1.150014	1.379734	0.000000	0.000000
570.450000	0.541197	-1.150020	1.379735	0.000000	0.000000
570.460000	0.541198	-1.150025	1.379737	0.000000	0.000000
570.470000	0.541199	-1.150030	1.379738	0.000000	0.000000
570.480000	0.541199	-1.150035	1.379740	0.000000	0.000000
570.490000	0.541201	-1.150040	1.379741	0.000000	0.000000
570.500000	0.541203	-1.150045	1.379743	0.000000	0.000000
570.510000	0.541204	-1.150050	1.379744	0.000000	0.000000
570.520000	0.541204	-1.150054	1.379746	0.000000	0.000000
570.530000	0.541205	-1.150058	1.379747	0.000000	0.000000
570.540000	0.541204	-1.150061	1.379749	0.000000	0.000000
570.550000	0.541203	-1.150062	1.379750	0.000000	0.000000
570.560000	0.541201	-1.150063	1.379752	0.000000	0.000000
570.570000	0.541199	-1.150063	1.379754	0.000000	0.000000
570.580000	0.541197	-1.150062	1.379755	0.000000	0.000000
570.590000	0.541195	-1.150062	1.379757	0.000000	0.000000
570.600000	0.541193	-1.150062	1.379758	0.000000	0.000000
570.610000	0.541192	-1.150062	1.379760	0.000000	0.000000
570.620000	0.541191	-1.150063	1.379761	0.000000	0.000000
570.630000	0.541191	-1.150063	1.379763	0.000000	0.000000
570.640000	0.541190	-1.150062	1.379765	0.000000	0.000000
570.650000	0.541189	-1.150059	1.379766	0.000000	0.000000
570.660000	0.541187	-1.150055	1.379768	0.000000	0.000000
570.670000	0.541185	-1.150049	1.379769	0.000000	0.000000
570.680000	0.541183	-1.150045	1.379771	0.000000	0.000000
570.690000	0.541182	-1.150041	1.379772	0.000000	0.000000
570.700000	0.541180	-1.150036	1.379774	0.000000	0.000000
570.710000	0.541179	-1.150031	1.379776	0.000000	0.000000
570.720000	0.541178	-1.150029	1.379777	0.000000	0.000000
570.730000	0.541177	-1.150029	1.379779	0.000000	0.000000
570.740000	0.541177	-1.150030	1.379781	0.000000	0.000000
570.750000	0.541179	-1.150033	1.379782	0.000000	0.000000
570.760000	0.541179	-1.150036	1.379784	0.000000	0.000000
570.770000	0.541179	-1.150037	1.379786	0.000000	0.000000
570.780000	0.541179	-1.150037	1.379788	0.000000	0.000000
570.790000	0.541177	-1.150034	1.379789	0.000000	0.000000
570.800000	0.541175	-1.150028	1.379791	0.000000	0.000000
570.810000	0.541173	-1.150019	1.379793	0.000000	0.000000
570.820000	0.541169	-1.150009	1.379794	0.000000	0.000000
570.830000	0.541166	-1.149997	1.379796	0.000000	0.000000
570.840000	0.541162	-1.149987	1.379798	0.000000	0.000000
570.850000	0.541160	-1.149978	1.379799	0.000000	0.000000
570.860000	0.541158	-1.149970	1.379801	0.000000	0.000000
570.870000	0.541156	-1.149965	1.379803	0.000000	0.000000
570.880000	0.541155	-1.149962	1.379804	0.000000	0.000000
570.890000	0.541155	-1.149960	1.379806	0.000000	0.000000
570.900000	0.541155	-1.149958	1.379808	0.000000	0.000000
570.910000	0.541154	-1.149956	1.379809	0.000000	0.000000
570.920000	0.541153	-1.149954	1.379811	0.000000	0.000000
570.930000	0.541153	-1.149951	1.379812	0.000000	0.000000
570.940000	0.541152	-1.149947	1.379814	0.000000	0.000000
570.950000	0.541151	-1.149942	1.379815	0.000000	0.000000
570.960000	0.541149	-1.149936	1.379816	0.000000	0.000000
570.970000	0.541148	-1.149929	1.379818	0.000000	0.000000
570.980000	0.541146	-1.149922	1.379819	0.000000	0.000000
570.990000	0.541145	-1.149915	1.379821	0.000000	0.000000
571.000000	0.541144	-1.149909	1.379822	0.000000	0.000000
571.010000	0.541143	-1.149902	1.379823	0.000000	0.000000
571.020000	0.541142	-1.149895	1.379825	0.000000	0.000000
571.030000	0.541142	-1.149888	1.379826	0.000000	0.000000
571.040000	0.541141	-1.149881	1.379827	0.000000	0.000000
571.050000	0.541141	-1.149875	1.379828	0.000000	0.000000
571.060000	0.541140	-1.149869	1.379830	0.000000	0.000000
571.070000	0.541140	-1.149863	1.379831	0.000000	0.000000
571.080000	0.541141	-1.149857	1.379832	0.000000	0.000000
571.090000	0.541141	-1.149852	1.379833	0.000000	0.000000
571.100000	0.541142	-1.149847	1.379834	0.000000	0.000000
571.110000	0.541143	-1.149841	1.379834	0.000000	0.000000
571.120000	0.541144	-1.149834	1.379835	0.000000	0.000000
571.130000	0.541146	-1.149828	1.379836	0.000000	0.000000
571.140000	0.541149	-1.149824	1.379836	0.000000	0.000000
571.150000	0.541153	-1.149821	1.379837	0.000000	0.000000
571.160000	0.541158	-1.149818	1.379837	0.000000	0.000000
571.170000	0.541163	-1.149815	1.379837	0.000000	0.000000
571.180000	0.541167	-1.149811	1.379837	0.000000	0.000000
571.190000	0.541171	-1.149807	1.379837	0.000000	0.000000
571.200000	0.541174	-1.149804	1.379837	0.000000	0.000000
571.210000	0.541178	-1.149802	1.379836	0.000000	0.000000
571.220000	0.541182	-1.149800	1.379836	0.000000	0.000000
571.230000	0.541185	-1.149797	1.379835	0.000000	0.000000
571.240000	0.541187	-1.149792	1.379835	0.000000	0.000000
571.250000	0.541189	-1.149786	1.379834	0.000000	0.000000
571.260000	0.541191	-1.149779	1.379833	0.000000	0.000000
571.270000	0.541192	-1.149774	1.379833	0.000000	0.000000
571.280000	0.541194	-1.149770	1.379832	0.000000	0.000000
571.290000	0.541196	-1.149766	1.379831	0.000000	0.000000
571.300000	0.541198	-1.149763	1.379830	0.000000	0.000000
571.310000	0.541200	-1.149759	1.379829	0.000000	0.000000
571.320000	0.541200	-1.149753	1.379828	0.000000	0.000000
571.330000	0.541200	-1.149744	1.379828	0.000000	0.000000
571.340000	0.541199	-1.149734	1.379827	0.000000	0.000000
571.350000	0.541197	-1.149725	1.379826	0.000000	0.000000
571.360000	0.541195	-1.149717	1.379825	0.000000	0.000000
571.370000	0.541195	-1.149712	1.379824	0.000000	0.000000
571.380000	0.541195	-1.149709	1.379824	0.000000	0.000000
571.390000	0.541195	-1.149707	1.379823	0.000000	0.000000
571.400000	0.541195	-1.149705	1.379822	0.000000	0.000000
571.410000	0.541195	-1.149704	1.379822	0.000000	0.000000
571.420000	0.541196	-1.149703	1.379821	0.000000	0.000000
571.430000	0.541196	-1.149703	1.379820	0.000000	0.000000
571.440000	0.541197	-1.149705	1.379820	0.000000	0.000000
571.450000	0.541197	-1.149707	1.379819	0.000000	0.000000
571.460000	0.541198	-1.149710	1.379819	0.000000	0.000000
571.470000	0.541198	-1.149713	1.379818	0.000000	0.000000
571.480000	0.541198	-1.149716	1.379817	0.000000	0.000000
571.490000	0.541198	-1.149719	1.379817	0.000000	0.000000
571.500000	0.541197	-1.149722	1.379816	0.000000	0.000000
571.510000	0.541196	-1.149723	1.379815	0.000000	0.000000
571.520000	0.541194	-1.149723	1.379815	0.000000	0.000000
571.530000	0.541191	-1.149722	1.379814	0.000000	0.000000
571.540000	0.541189	-1.149721	1.379813	0.000000	0.000000
571.550000	0.541186	-1.149721	1.379812	0.000000	0.000000
571.560000	0.541185	-1.149722	1.379811	0.000000	0.000000
571.570000	0.541183	-1.149723	1.379810	0.000000	0.000000
571.580000	0.541182	-1.149723	1.379809	0.000000	0.000000
571.590000	0.541179	-1.149723	1.379808	0.000000	0.000000
571.600000	0.541176	-1.149721	1.379807	0.000000	0.000000
571.610000	0.541174	-1.149719	1.379806	0.000000	0.000000
571.620000	0.541172	-1.149718	1.379805	0.000000	0.000000
571.630000	0.541170	-1.149717	1.379804	0.000000	0.000000
571.640000	0.541168	-1.149718	1.379802	0.000000	0.000000
571.650000	0.541167	-1.149719	1.379801	0.000000	0.000000
571.660000	0.541166	-1.149722	1.379800	0.000000	0.000000
571.670000	0.541165	-1.149726	1.379798	0.000000	0.000000
571.680000	0.541165	-1.149732	1.379797	0.000000	0.000000
571.690000	0.541166	-1.149738	1.379795	0.000000	0.000000
571.700000	0.541166	-1.149744	1.379794	0.000000	0.000000
571.710000	0.541165	-1.149749	1.379792	0.000000	0.000000
571.720000	0.541164	-1.149752	1.379791	0.000000	0.000000
571.730000	0.541163	-1.149754	1.379789	0.000000	0.000000
571.740000	0.541162	-1.149755	1.379788	0.000000	0.000000
571.750000	0.541162	-1.149757	1.379786	0.000000	0.000000
571.760000	0.541161	-1.149759	1.379785	0.000000	0.000000
571.770000	0.541160	-1.149760	1.379783	0.000000	0.000000
571.780000	0.541160	-1.149760	1.379782	0.000000	0.000000
571.790000	0.541158	-1.149757	1.379780	0.000000	0.000000
571.800000	0.541155	-1.149753	1.379779	0.000000	0.000000
571.810000	0.541151	-1.149746	1.379777	0.000000	0.000000
571.820000	0.541148	-1.149739	1.379776	0.000000	0.000000
571.830000	0.541144	-1.149732	1.379774	0.000000	0.000000
571.840000	0.541139	-1.149726	1.379773	0.000000	0.000000
571.850000	0.541136	-1.149721	1.379771	0.000000	0.000000
571.860000	0.541134	-1.149718	1.379769	0.000000	0.000000
571.870000	0.541132	-1.149717	1.379768	0.000000	0.000000
571.880000	0.541132	-1.149717	1.379766	0.000000	0.000000
571.890000	0.541132	-1.149720	1.379764	0.000000	0.000000
571.900000	0.541132	-1.149724	1.379762	0.000000	0.000000
571.910000	0.541134	-1.149729	1.379760	0.000000	0.000000
571.920000	0.541135	-1.149734	1.379757	0.000000	0.000000
571.930000	0.541136	-1.149738	1.379755	0.000000	0.000000
571.940000	0.541137	-1.149742	1.379752	0.000000	0.000000
571.950000	0.541137	-1.149743	1.379749	0.000000	0.000000
571.960000	0.541136	-1.149740	1.379746	0.000000	0.000000
571.970000	0.541134	-1.149736	1.379743	0.000000	0.000000
571.980000	0.541132	-1.149733	1.379740	0.000000	0.000000
571.990000	0.541131	-1.149734	1.379737	0.000000	0.000000
572.000000	0.541132	-1.149740	1.379733	0.000000	0.000000
572.010000	0.541133	-1.149749	1.379730	0.000000	0.000000
572.020000	0.541135	-1.149759	1.379727	0.000000	0.000000
572.030000	0.541137	-1.149769	1.379724	0.000000	0.000000
572.040000	0.541138	-1.149777	1.379720	0.000000	0.000000
572.050000	0.541139	-1.149784	1.379717	0.000000	0.000000
572.060000	0.541140	-1.149787	1.379714	0.000000	0.000000
572.070000	0.541141	-1.149788	1.379711	0.000000	0.000000
572.080000	0.541141	-1.149789	1.379708	0.000000	0.000000
572.090000	0.541142	-1.149789	1.379705	0.000000	0.000000
572.100000	0.541141	-1.149790	1.379702	0.000000	0.000000
572.110000	0.541140	-1.149790	1.379699	0.000000	0.000000
572.120000	0.541139	-1.149789	1.379696	0.000000	0.000000
572.130000	0.541137	-1.149787	1.379693	0.000000	0.000000
572.140000	0.541135	-1.149785	1.379690	0.000000	0.000000
572.150000	0.541133	-1.149784	1.379688	0.000000	0.000000
572.160000	0.541131	-1.149783	1.379685	0.000000	0.000000
572.170000	0.541129	-1.149784	1.379682	0.000000	0.000000
572.180000	0.541128	-1.149785	1.379679	0.000000	0.000000
572.190000	0.541127	-1.149788	1.379677	0.000000	0.000000
572.200000	0.541126	-1.149792	1.379674	0.000000	0.000000
572.210000	0.541125	-1.149795	1.379671	0.000000	0.000000
572.220000	0.541125	-1.149799	1.379669	0.000000	0.000000
572.230000	0.541124	-1.149803	1.379666	0.000000	0.000000
572.240000	0.541123	-1.149806	1.379663	0.000000	0.000000
572.250000	0.541122	-1.149808	1.379661	0.000000	0.000000
572.260000	0.541120	-1.149811	1.379658	0.000000	0.000000
572.270000	0.541119	-1.149813	1.379656	0.000000	0.000000
572.280000	0.541117	-1.149815	1.379653	0.000000	0.000000
572.290000	0.541115	-1.149817	1.379651	0.000000	0.000000
572.300000	0.541114	-1.149819	1.379648	0.000000	0.000000
572.310000	0.541112	-1.149823	1.379646	0.000000	0.000000
572.320000	0.541111	-1.149827	1.379644	0.000000	0.000000
572.330000	0.541110	-1.149833	1.379641	0.000000	0.000000
572.340000	0.541109	-1.149840	1.379639	0.000000	0.000000
572.350000	0.541110	-1.149846	1.379637	0.000000	0.000000
572.360000	0.541110	-1.149852	1.379634	0.000000	0.000000
572.370000	0.541109	-1.149855	1.379632	0.000000	0.000000
572.380000	0.541108	-1.149856	1.379630	0.000000	0.000000
572.390000	0.541106	-1.149857	1.379627	0.000000	0.000000
572.400000	0.541105	-1.149860	1.379625	0.000000	0.000000
572.410000	0.541104	-1.149864	1.379623	0.000000	0.000000
572.420000	0.541103	-1.149869	1.379621	0.000000	0.000000
572.430000	0.541102	-1.149874	1.379618	0.000000	0.000000
572.440000	0.541102	-1.149878	1.379616	0.000000	0.000000
572.450000	0.541101	-1.149881	1.379613	0.000000	0.000000
572.460000	0.541100	-1.149882	1.379611	0.000000	0.000000
572.470000	0.541098	-1.149882	1.379609	0.000000	0.000000
572.480000	0.541097	-1.149880	1.379606	0.000000	0.000000
572.490000	0.541095	-1.149876	1.379604	0.000000	0.000000
572.500000	0.541093	-1.149872	1.379601	0.000000	0.000000
572.510000	0.541091	-1.149869	1.379599	0.000000	0.000000
572.520000	0.541090	-1.149867	1.379597	0.000000	0.000000
572.530000	0.541089	-1.149867	1.379594	0.000000	0.000000
572.540000	0.541089	-1.149869	1.379592	0.000000	0.000000
572.550000	0.541089	-1.149873	1.379590	0.000000	0.000000
572.560000	0.541091	-1.149878	1.379588	0.000000	0.000000
572.570000	0.541091	-1.149882	1.379586	0.000000	0.000000
572.580000	0.541091	-1.149885	1.379584	0.000000	0.000000
572.590000	0.541091	-1.149888	1.379582	0.000000	0.000000
572.600000	0.541090	-1.149890	1.379580	0.000000	0.000000
572.610000	0.541089	-1.149891	1.379578	0.000000	0.000000
572.620000	0.541088	-1.149891	1.379576	0.000000	0.000000
572.630000	0.541087	-1.149889	1.379575	0.000000	0.000000
572.640000	0.541085	-1.149885	1.379573	0.000000	0.000000
572.650000	0.541083	-1.149879	1.379571	0.000000	0.000000
572.660000	0.541080	-1.149874	1.379570	0.000000	0.000000
572.670000	0.541079	-1.149870	1.379568	0.000000	0.000000
572.680000	0.541079	-1.149868	1.379567	0.000000	0.000000
572.690000	0.541081	-1.149868	1.379565	0.000000	0.000000
572.700000	0.541083	-1.149871	1.379563	0.000000	0.000000
572.710000	0.541085	-1.149875	1.379562	0.000000	0.000000
572.720000	0.541088	-1.149880	1.379560	0.000000	0.000000
572.730000	0.541090	-1.149886	1.379558	0.000000	0.000000
572.740000	0.541092	-1.149891	1.379556	0.000000	0.000000
572.750000	0.541094	-1.149895	1.379554	0.000000	0.000000
572.760000	0.541096	-1.149900	1.379552	0.000000	0.000000
572.770000	0.541099	-1.149904	1.379550	0.000000	0.000000
572.780000	0.541102	-1.149909	1.379548	0.000000	0.000000
572.790000	0.541104	-1.149914	1.379546	0.000000	0.000000
572.800000	0.541107	-1.149919	1.379544	0.000000	0.000000
572.810000	0.541109	-1.149924	1.379542	0.000000	0.000000
572.820000	0.541111	-1.149929	1.379540	0.000000	0.000000
572.830000	0.541114	-1.149933	1.379538	0.000000	0.000000
572.840000	0.541116	-1.149937	1.379536	0.000000	0.000000
572.850000	0.541118	-1.149944	1.379534	0.000000	0.000000
572.860000	0.541122	-1.149953	1.379531	0.000000	0.000000
572.870000	0.541126	-1.149964	1.379529	0.000000	0.000000
572.880000	0.541130	-1.149975	1.379527	0.000000	0.000000
572.890000	0.541134	-1.149985	1.379525	0.000000	0.000000
572.900000	0.541137	-1.149993	1.379523	0.000000	0.000000
572.910000	0.541140	-1.149996	1.379521	0.000000	0.000000
572.920000	0.541142	-1.149996	1.379519	0.000000	0.000000
572.930000	0.541144	-1.149994	1.379517	0.000000	0.000000
572.940000	0.541146	-1.149993	1.379515	0.000000	0.000000
572.950000	0.541148	-1.149991	1.379513	0.000000	0.000000
572.960000	0.541149	-1.149989	1.379511	0.000000	0.000000
572.970000	0.541149	-1.149986	1.379509	0.000000	0.000000
572.980000	0.541149	-1.149982	1.379508	0.000000	0.000000
572.990000	0.541149	-1.149979	1.379506	0.000000	0.000000
573.000000	0.541149	-1.149977	1.379504	0.000000	0.000000
573.010000	0.541150	-1.149976	1.379502	0.000000	0.000000
573.020000	0.541150	-1.149976	1.379500	0.000000	0.000000
573.030000	0.541151	-1.149976	1.379498	0.000000	0.000000
573.040000	0.541151	-1.149977	1.379496	0.000000	0.000000
573.050000	0.541151	-1.149978	1.379494	0.000000	0.000000
573.060000	0.541152	-1.149981	1.379492	0.000000	0.000000
573.070000	0.541154	-1.149986	1.379490	0.000000	0.000000
573.080000	0.541155	-1.149992	1.379488	0.000000	0.000000
573.090000	0.541158	-1.149998	1.379486	0.000000	0.000000
573.100000	0.541161	-1.150003	1.379484	0.000000	0.000000
573.110000	0.541162	-1.150002	1.379482	0.000000	0.000000
573.120000	0.541162	-1.149996	1.379480	0.000000	0.000000
573.130000	0.541161	-1.149986	1.379477	0.000000	0.000000
573.140000	0.541160	-1.149976	1.379475	0.000000	0.000000
573.150000	0.541160	-1.149970	1.379472	0.000000	0.000000
573.160000	0.541162	-1.149969	1.379470	0.000000	0.000000
573.170000	0.541165	-1.149969	1.379468	0.000000	0.000000
573.180000	0.541168	-1.149969	1.379465	0.000000	0.000000
573.190000	0.541172	-1.149970	1.379463	0.000000	0.000000
573.200000	0.541177	-1.149972	1.379460	0.000000	0.000000
573.210000	0.541182	-1.149974	1.379458	0.000000	0.000000
573.220000	0.541185	-1.149977	1.379456	0.000000	0.000000
573.230000	0.541189	-1.149978	1.379453	0.000000	0.000000
573.240000	0.541192	-1.149979	1.379451	0.000000	0.000000
573.250000	0.541195	-1.149976	1.379449	0.000000	0.000000
573.260000	0.541196	-1.149971	1.379447	0.000000	0.000000
573.270000	0.541197	-1.149965	1.379444	0.000000	0.000000
573.280000	0.541199	-1.149963	1.379442	0.000000	0.000000
573.290000	0.541201	-1.149963	1.379440	0.000000	0.000000
573.300000	0.541204	-1.149964	1.379438	0.000000	0.000000
573.310000	0.541206	-1.149965	1.379436	0.000000	0.000000
573.320000	0.541209	-1.149966	1.379434	0.000000	0.000000
573.330000	0.541212	-1.149965	1.379431	0.000000	0.000000
573.340000	0.541215	-1.149963	1.379429	0.000000	0.000000
573.350000	0.541217	-1.149958	1.379427	0.000000	0.000000
573.360000	0.541218	-1.149951	1.379425	0.000000	0.000000
573.370000	0.541218	-1.149943	1.379423	0.000000	0.000000
573.380000	0.541219	-1.149934	1.379421	0.000000	0.000000
573.390000	0.541220	-1.149926	1.379419	0.000000	0.000000
573.400000	0.541221	-1.149921	1.379416	0.000000	0.000000
573.410000	0.541222	-1.149917	1.379414	0.000000	0.000000
573.420000	0.541223	-1.149914	1.379412	0.000000	0.000000
573.430000	0.541224	-1.149911	1.379410	0.000000	0.000000
573.440000	0.541225	-1.149907	1.379408	0.000000	0.000000
573.450000	0.541226	-1.149903	1.379405	0.000000	0.000000
573.460000	0.541227	-1.149898	1.379403	0.000000	0.000000
573.470000	0.541228	-1.149894	1.379401	0.000000	0.000000
573.480000	0.541228	-1.149888	1.379399	0.000000	0.000000
573.490000	0.541229	-1.149882	1.379397	0.000000	0.000000
573.500000	0.541230	-1.149879	1.379396	0.000000	0.000000
573.510000	0.541231	-1.149878	1.379394	0.000000	0.000000
573.520000	0.541234	-1.149880	1.379392	0.000000	0.000000
573.530000	0.541237	-1.149883	1.379391	0.000000	0.000000
573.540000	0.541239	-1.149886	1.379390	0.000000	0.000000
573.550000	0.541241	-1.149887	1.379389	0.000000	0.000000
573.560000	0.541242	-1.149887	1.379388	0.000000	0.000000
573.570000	0.541243	-1.149886	1.379387	0.000000	0.000000
573.580000	0.541243	-1.149882	1.379386	0.000000	0.000000
573.590000	0.541243	-1.149878	1.379385	0.000000	0.000000
573.600000	0.541242	-1.149872	1.379385	0.000000	0.000000
573.610000	0.541241	-1.149865	1.379384	0.000000	0.000000
573.620000	0.541239	-1.149856	1.379384	0.000000	0.000000
573.630000	0.541236	-1.149846	1.379383	0.000000	0.000000
573.640000	0.541233	-1.149835	1.379383	0.000000	0.000000
573.650000	0.541230	-1.149824	1.379382	0.000000	0.000000
573.660000	0.541227	-1.149815	1.379382	0.000000	0.000000
573.670000	0.541225	-1.149809	1.379381	0.000000	0.000000
573.680000	0.541224	-1.149805	1.379381	0.000000	0.000000
573.690000	0.541223	-1.149803	1.379380	0.000000	0.000000
573.700000	0.541223	-1.149803	1.379380	0.000000	0.000000
573.710000	0.541222	-1.149803	1.379380	0.000000	0.000000
573.720000	0.541222	-1.149804	1.379379	0.000000	0.000000
573.730000	0.541222	-1.149806	1.379379	0.000000	0.000000
573.740000	0.541221	-1.149807	1.379378	0.000000	0.000000
573.750000	0.541221	-1.149807	1.379378	0.000000	0.000000
573.760000	0.541220	-1.149805	1.379377	0.000000	0.000000
573.770000	0.541219	-1.149800	1.379376	0.000000	0.000000
573.780000	0.541217	-1.149794	1.379376	0.000000	0.000000
573.790000	0.541216	-1.149788	1.379375	0.000000	0.000000
573.800000	0.541215	-1.149782	1.379375	0.000000	0.000000
573.810000	0.541215	-1.149777	1.379374	0.000000	0.000000
573.820000	0.541215	-1.149774	1.379374	0.000000	0.000000
573.830000	0.541215	-1.149772	1.379373	0.000000	0.000000
573.840000	0.541216	-1.149770	1.379373	0.000000	0.000000
573.850000	0.541216	-1.149769	1.379372	0.000000	0.000000
573.860000	0.541217	-1.149769	1.379372	0.000000	0.000000
573.870000	0.541217	-1.149769	1.379371	0.000000	0.000000
573.880000	0.541219	-1.149769	1.379371	0.000000	0.000000
573.890000	0.541221	-1.149768	1.379370	0.000000	0.000000
573.900000	0.541221	-1.149765	1.379370	0.000000	0.000000
573.910000	0.541221	-1.149760	1.379370	0.000000	0.000000
573.920000	0.541220	-1.149754	1.379369	0.000000	0.000000
573.930000	0.541219	-1.149746	1.379369	0.000000	0.000000
573.940000	0.541217	-1.149737	1.379369	0.000000	0.000000
573.950000	0.541215	-1.149727	1.379368	0.000000	0.000000
573.960000	0.541213	-1.149717	1.379368	0.000000	0.000000
573.970000	0.541210	-1.149706	1.379367	0.000000	0.000000
573.980000	0.541208	-1.149696	1.379367	0.000000	0.000000
573.990000	0.541206	-1.149687	1.379367	0.000000	0.000000
574.000000	0.541206	-1.149680	1.379366	0.000000	0.000000
574.010000	0.541207	-1.149677	1.379366	0.000000	0.000000
574.020000	0.541209	-1.149675	1.379365	0.000000	0.000000
574.030000	0.541212	-1.149676	1.379365	0.000000	0.000000
574.040000	0.541215	-1.149678	1.379365	0.000000	0.000000
574.050000	0.541218	-1.149679	1.379364	0.000000	0.000000
574.060000	0.541220	-1.149677	1.379364	0.000000	0.000000
574.070000	0.541220	-1.149671	1.379364	0.000000	0.000000
574.080000	0.541219	-1.149661	1.379364	0.000000	0.000000
574.090000	0.541216	-1.149649	1.379364	0.000000	0.000000
574.100000	0.541215	-1.149637	1.379364	0.000000	0.000000
574.110000	0.541214	-1.149628	1.379364	0.000000	0.000000
574.120000	0.541213	-1.149622	1.379365	0.000000	0.000000
574.130000	0.541214	-1.149618	1.379365	0.000000	0.000000
574.140000	0.541214	-1.149617	1.379366	0.000000	0.000000
574.150000	0.541214	-1.149615	1.379367	0.000000	0.000000
574.160000	0.541214	-1.149612	1.379367	0.000000	0.000000
574.170000	0.541212	-1.149608	1.379368	0.000000	0.000000
574.180000	0.541210	-1.149603	1.379369	0.000000	0.000000
574.190000	0.541208	-1.149596	1.379370	0.000000	0.000000
574.200000	0.541205	-1.149589	1.379371	0.000000	0.000000
574.210000	0.541202	-1.149583	1.379373	0.000000	0.000000
574.220000	0.541200	-1.149576	1.379374	0.000000	0.000000
574.230000	0.541198	-1.149570	1.379375	0.000000	0.000000
574.240000	0.541196	-1.149565	1.379376	0.000000	0.000000
574.250000	0.541193	-1.149559	1.379378	0.000000	0.000000
574.260000	0.541191	-1.149553	1.379379	0.000000	0.000000
574.270000	0.541188	-1.149547	1.379380	0.000000	0.000000
574.280000	0.541186	-1.149540	1.379382	0.000000	0.000000
574.290000	0.541183	-1.149532	1.379383	0.000000	0.000000
574.300000	0.541180	-1.149523	1.379385	0.000000	0.000000
574.310000	0.541176	-1.149515	1.379386	0.000000	0.000000
574.320000	0.541173	-1.149506	1.379387	0.000000	0.000000
574.330000	0.541171	-1.149497	1.379389	0.000000	0.000000
574.340000	0.541168	-1.149489	1.379390	0.000000	0.000000
574.350000	0.541165	-1.149483	1.379392	0.000000	0.000000
574.360000	0.541163	-1.149477	1.379393	0.000000	0.000000
574.370000	0.541161	-1.149473	1.379394	0.000000	0.000000
574.380000	0.541160	-1.149469	1.379396	0.000000	0.000000
574.390000	0.541158	-1.149466	1.379397	0.000000	0.000000
574.400000	0.541158	-1.149464	1.379399	0.000000	0.000000
574.410000	0.541157	-1.149461	1.379400	0.000000	0.000000
574.420000	0.541156	-1.149460	1.379401	0.000000	0.000000
574.430000	0.541155	-1.149458	1.379403	0.000000	0.000000
574.440000	0.541155	-1.149458	1.379404	0.000000	0.000000
574.450000	0.541154	-1.149457	1.379405	0.000000	0.000000
574.460000	0.541153	-1.149455	1.379407	0.000000	0.000000
574.470000	0.541153	-1.149452	1.379408	0.000000	0.000000
574.480000	0.541151	-1.149448	1.379409	0.000000	0.000000
574.490000	0.541149	-1.149444	1.379410	0.000000	0.000000
574.500000	0.541146	-1.149438	1.379411	0.000000	0.000000
574.510000	0.541144	-1.149434	1.379412	0.000000	0.000000
574.520000	0.541143	-1.149431	1.379413	0.000000	0.000000
574.530000	0.541143	-1.149430	1.379414	0.000000	0.000000
574.540000	0.541143	-1.149431	1.379415	0.000000	0.000000
574.550000	0.541144	-1.149433	1.379416	0.000000	0.000000
574.560000	0.541146	-1.149435	1.379417	0.000000	0.000000
574.570000	0.541147	-1.149435	1.379418	0.000000	0.000000
574.580000	0.541148	-1.149432	1.379418	0.000000	0.000000
574.590000	0.541147	-1.149425	1.379419	0.000000	0.000000
574.600000	0.541145	-1.149414	1.379420	0.000000	0.000000
574.610000	0.541142	-1.149401	1.379420	0.000000	0.000000
574.620000	0.541139	-1.149390	1.379421	0.000000	0.000000
574.630000	0.541138	-1.149384	1.379422	0.000000	0.000000
574.640000	0.541137	-1.149382	1.379423	0.000000	0.000000
574.650000	0.541138	-1.149383	1.379423	0.000000	0.000000
574.660000	0.541139	-1.149386	1.379424	0.000000	0.000000
574.670000	0.541142	-1.149390	1.379425	0.000000	0.000000
574.680000	0.541144	-1.149394	1.379427	0.000000	0.000000
574.690000	0.541147	-1.149396	1.379428	0.000000	0.000000
574.700000	0.541148	-1.149396	1.379429	0.000000	0.000000
574.710000	0.541148	-1.149394	1.379431	0.000000	0.000000
574.720000	0.541149	-1.149391	1.379432	0.000000	0.000000
574.730000	0.541148	-1.149387	1.379434	0.000000	0.000000
574.740000	0.541147	-1.149382	1.379436	0.000000	0.000000
574.750000	0.541146	-1.149377	1.379438	0.000000	0.000000
574.760000	0.541145	-1.149370	1.379440	0.000000	0.000000
574.770000	0.541143	-1.149361	1.379442	0.000000	0.000000
574.780000	0.541141	-1.149353	1.379444	0.000000	0.000000
574.790000	0.541139	-1.149344	1.379446	0.000000	0.000000
574.800000	0.541137	-1.149337	1.379449	0.000000	0.000000
574.810000	0.541136	-1.149332	1.379451	0.000000	0.000000
574.820000	0.541134	-1.149328	1.379453	0.000000	0.000000
574.830000	0.541134	-1.149326	1.379455	0.000000	0.000000
574.840000	0.541133	-1.149324	1.379458	0.000000	0.000000
574.850000	0.541132	-1.149323	1.379460	0.000000	0.000000
574.860000	0.541132	-1.149323	1.379462	0.000000	0.000000
574.870000	0.541131	-1.149323	1.379464	0.000000	0.000000
574.880000	0.541131	-1.149324	1.379467	0.000000	0.000000
574.890000	0.541131	-1.149325	1.379469	0.000000	0.000000
574.900000	0.541131	-1.149325	1.379471	0.000000	0.000000
574.910000	0.541130	-1.149324	1.379473	0.000000	0.000000
574.920000	0.541128	-1.149322	1.379476	0.000000	0.000000
574.930000	0.541126	-1.149320	1.379478	0.000000	0.000000
574.940000	0.541124	-1.149318	1.379480	0.000000	0.000000
574.950000	0.541122	-1.149316	1.379482	0.000000	0.000000
574.960000	0.541120	-1.149312	1.379485	0.000000	0.000000
574.970000	0.541116	-1.149305	1.379487	0.000000	0.000000
574.980000	0.541112	-1.149295	1.379489	0.000000	0.000000
574.990000	0.541107	-1.149285	1.379492	0.000000	0.000000
575.000000	0.541104	-1.149277	1.379494	0.000000	0.000000
575.010000	0.541102	-1.149272	1.379496	0.000000	0.000000
575.020000	0.541101	-1.149268	1.379499	0.000000	0.000000
575.030000	0.541099	-1.149265	1.379501	0.000000	0.000000
575.040000	0.541098	-1.149260	1.379504	0.000000	0.000000
575.050000	0.541097	-1.149254	1.379507	0.000000	0.000000
575.060000	0.541094	-1.149247	1.379509	0.000000	0.000000
575.070000	0.541091	-1.149239	1.379512	0.000000	0.000000
575.080000	0.541088	-1.149233	1.379515	0.000000	0.000000
575.090000	0.541086	-1.149227	1.379517	0.000000	0.000000
575.100000	0.541083	-1.149223	1.379520	0.000000	0.000000
575.110000	0.541081	-1.149220	1.379523	0.000000	0.000000
575.120000	0.541080	-1.149219	1.379526	0.000000	0.000000
575.130000	0.541079	-1.149218	1.379528	0.000000	0.000000
575.140000	0.541078	-1.149219	1.379531	0.000000	0.000000
575.150000	0.541078	-1.149219	1.379534	0.000000	0.000000
575.160000	0.541079	-1.149220	1.379537	0.000000	0.000000
575.170000	0.541080	-1.149221	1.379539	0.000000	0.000000
575.180000	0.541080	-1.149220	1.379542	0.000000	0.000000
575.190000	0.541080	-1.149218	1.379545	0.000000	0.000000
575.200000	0.541080	-1.149216	1.379547	0.000000	0.000000
575.210000	0.541080	-1.149215	1.379550	0.000000	0.000000
575.220000	0.541080	-1.149214	1.379553	0.000000	0.000000
575.230000	0.541081	-1.149213	1.379555	0.000000	0.000000
575.240000	0.541081	-1.149213	1.379558	0.000000	0.000000
575.250000	0.541082	-1.149213	1.379561	0.000000	0.000000
575.260000	0.541082	-1.149214	1.379564	0.000000	0.000000
575.270000	0.541082	-1.149213	1.379567	0.000000	0.000000
575.280000	0.541081	-1.149212	1.379570	0.000000	0.000000
575.290000	0.541081	-1.149210	1.379573	0.000000	0.000000
575.300000	0.541080	-1.149206	1.379576	0.000000	0.000000
575.310000	0.541079	-1.149202	1.379580	0.000000	0.000000
575.320000	0.541078	-1.149197	1.379583	0.000000	0.000000
575.330000	0.541077	-1.149191	1.379586	0.000000	0.000000
575.340000	0.541074	-1.149184	1.379590	0.000000	0.000000
575.350000	0.541070	-1.149175	1.379594	0.000000	0.000000
575.360000	0.541067	-1.149163	1.379597	0.000000	0.000000
575.370000	0.541062	-1.149151	1.379601	0.000000	0.000000
575.380000	0.541058	-1.149139	1.379604	0.000000	0.000000
575.390000	0.541056	-1.149131	1.379608	0.000000	0.000000
575.400000	0.541054	-1.149125	1.379612	0.000000	0.000000
575.410000	0.541052	-1.149122	1.379615	0.000000	0.000000
575.420000	0.541051	-1.149120	1.379619	0.000000	0.000000
575.430000	0.541049	-1.149120	1.379622	0.000000	0.000000
575.440000	0.541048	-1.149120	1.379626	0.000000	0.000000
575.450000	0.541047	-1.149121	1.379629	0.000000	0.000000
575.460000	0.541045	-1.149121	1.379632	0.000000	0.000000
575.470000	0.541043	-1.149122	1.379636	0.000000	0.000000
575.480000	0.541041	-1.149122	1.379639	0.000000	0.000000
575.490000	0.541039	-1.149122	1.379642	0.000000	0.000000
575.500000	0.541037	-1.149123	1.379645	0.000000	0.000000
575.510000	0.541034	-1.149125	1.379647	0.000000	0.000000
575.520000	0.541033	-1.149129	1.379650	0.000000	0.000000
575.530000	0.541032	-1.149135	1.379653	0.000000	0.000000
575.540000	0.541032	-1.149143	1.379655	0.000000	0.000000
575.550000	0.541032	-1.149152	1.379658	0.000000	0.000000
575.560000	0.541032	-1.149161	1.379660	0.000000	0.000000
575.570000	0.541031	-1.149167	1.379663	0.000000	0.000000
575.580000	0.541030	-1.149171	1.379665	0.000000	0.000000
575.590000	0.541028	-1.149175	1.379667	0.000000	0.000000
575.600000	0.541026	-1.149178	1.379670	0.000000	0.000000
575.610000	0.541025	-1.149181	1.379672	0.000000	0.000000
575.620000	0.541023	-1.149185	1.379674	0.000000	0.000000
575.630000	0.541022	-1.149189	1.379677	0.000000	0.000000
575.640000	0.541021	-1.149194	1.379679	0.000000	0.000000
575.650000	0.541020	-1.149198	1.379681	0.000000	0.000000
575.660000	0.541019	-1.149202	1.379684	0.000000	0.000000
575.670000	0.541017	-1.149206	1.379686	0.000000	0.000000
575.680000	0.541015	-1.149208	1.379688	0.000000	0.000000
575.690000	0.541014	-1.149211	1.379691	0.000000	0.000000
575.700000	0.541012	-1.149213	1.379693	0.000000	0.000000
575.710000	0.541011	-1.149214	1.379695	0.000000	0.000000
575.720000	0.541009	-1.149214	1.379697	0.000000	0.000000
575.730000	0.541008	-1.149212	1.379699	0.000000	0.000000
575.740000	0.541006	-1.149210	1.379702	0.000000	0.000000
575.750000	0.541005	-1.149208	1.379704	0.000000	0.000000
575.760000	0.541004	-1.149206	1.379706	0.000000	0.000000
575.770000	0.541004	-1.149204	1.379708	0.000000	0.000000
575.780000	0.541003	-1.149204	1.379710	0.000000	0.000000
575.790000	0.541002	-1.149205	1.379712	0.000000	0.000000
575.800000	0.541003	-1.149207	1.379714	0.000000	0.000000
575.810000	0.541003	-1.149210	1.379716	0.000000	0.000000
575.820000	0.541004	-1.149213	1.379718	0.000000	0.000000
575.830000	0.541004	-1.149216	1.379719	0.000000	0.000000
575.840000	0.541003	-1.149216	1.379721	0.000000	0.000000
575.850000	0.541001	-1.149215	1.379723	0.000000	0.000000
575.860000	0.541000	-1.149212	1.379725	0.000000	0.000000
575.870000	0.540999	-1.149214	1.379727	0.000000	0.000000
575.880000	0.541000	-1.149220	1.379729	0.000000	0.000000
575.890000	0.541001	-1.149227	1.379730	0.000000	0.000000
575.900000	0.541002	-1.149234	1.379732	0.000000	0.000000
575.910000	0.541003	-1.149239	1.379734	0.000000	0.000000
575.920000	0.541003	-1.149243	1.379736	0.000000	0.000000
575.930000	0.541003	-1.149244	1.379738	0.000000	0.000000
575.940000	0.541002	-1.149242	1.379740	0.000000	0.000000
575.950000	0.541000	-1.149239	1.379742	0.000000	0.000000
575.960000	0.540998	-1.149234	1.379744	0.000000	0.000000
575.970000	0.540996	-1.149228	1.379746	0.000000	0.000000
575.980000	0.540993	-1.149222	1.379747	0.000000	0.000000
575.990000	0.540990	-1.149217	1.379749	0.000000	0.000000
576.000000	0.540989	-1.149214	1.379751	0.000000	0.000000
576.010000	0.540989	-1.149213	1.379753	0.000000	0.000000
576.020000	0.540989	-1.149214	1.379755	0.000000	0.000000
576.030000	0.540990	-1.149216	1.379756	0.000000	0.000000
576.040000	0.540991	-1.149218	1.379758	0.000000	0.000000
576.050000	0.540992	-1.149220	1.379760	0.000000	0.000000
576.060000	0.540992	-1.149220	1.379761	0.000000	0.000000
576.070000	0.540992	-1.149220	1.379763	0.000000	0.000000
576.080000	0.540992	-1.149220	1.379765	0.000000	0.000000
576.090000	0.540993	-1.149221	1.379767	0.000000	0.000000
576.100000	0.540994	-1.149223	1.379768	0.000000	0.000000
576.110000	0.540996	-1.149227	1.379770	0.000000	0.000000
576.120000	0.540998	-1.149233	1.379772	0.000000	0.000000
576.130000	0.540999	-1.149237	1.379774	0.000000	0.000000
576.140000	0.541000	-1.149241	1.379776	0.000000	0.000000
576.150000	0.541000	-1.149243	1.379778	0.000000	0.000000
576.160000	0.541000	-1.149244	1.379780	0.000000	0.000000
576.170000	0.540999	-1.149243	1.379782	0.000000	0.000000
576.180000	0.540997	-1.149240	1.379784	0.000000	0.000000
576.190000	0.540995	-1.149236	1.379786	0.000000	0.000000
576.200000	0.540994	-1.149232	1.379788	0.000000	0.000000
576.210000	0.540993	-1.149228	1.379791	0.000000	0.000000
576.220000	0.540992	-1.149225	1.379793	0.000000	0.000000
576.230000	0.540991	-1.149223	1.379795	0.000000	0.000000
576.240000	0.540989	-1.149221	1.379798	0.000000	0.000000
576.250000	0.540988	-1.149220	1.379800	0.000000	0.000000
576.260000	0.540986	-1.149220	1.379803	0.000000	0.000000
576.270000	0.540984	-1.149223	1.379805	0.000000	0.000000
576.280000	0.540983	-1.149227	1.379808	0.000000	0.000000
576.290000	0.540982	-1.149232	1.379810	0.000000	0.000000
576.300000	0.540982	-1.149238	1.379813	0.000000	0.000000
576.310000	0.540982	-1.149244	1.379815	0.000000	0.000000
576.320000	0.540982	-1.149249	1.379817	0.000000	0.000000
576.330000	0.540981	-1.149252	1.379820	0.000000	0.000000
576.340000	0.540980	-1.149253	1.379822	0.000000	0.000000
576.350000	0.540977	-1.149252	1.379825	0.000000	0.000000
576.360000	0.540975	-1.149251	1.379827	0.000000	0.000000
576.370000	0.540972	-1.149250	1.379830	0.000000	0.000000
576.380000	0.540969	-1.149250	1.379832	0.000000	0.000000
576.390000	0.540968	-1.149252	1.379834	0.000000	0.000000
576.400000	0.540967	-1.149257	1.379837	0.000000	0.000000
576.410000	0.540966	-1.149262	1.379839	0.000000	0.000000
576.420000	0.540965	-1.149266	1.379842	0.000000	0.000000
576.430000	0.540963	-1.149269	1.379845	0.000000	0.000000
576.440000	0.540960	-1.149270	1.379847	0.000000	0.000000
576.450000	0.540957	-1.149268	1.379850	0.000000	0.000000
576.460000	0.540953	-1.149264	1.379853	0.000000	0.000000
576.470000	0.540949	-1.149259	1.379855	0.000000	0.000000
576.480000	0.540945	-1.149252	1.379858	0.000000	0.000000
576.490000	0.540942	-1.149244	1.379861	0.000000	0.000000
576.500000	0.540938	-1.149237	1.379863	0.000000	0.000000
576.510000	0.540935	-1.149231	1.379866	0.000000	0.000000
576.520000	0.540933	-1.149226	1.379868	0.000000	0.000000
576.530000	0.540931	-1.149223	1.379871	0.000000	0.000000
576.540000	0.540930	-1.149221	1.379873	0.000000	0.000000
576.550000	0.540930	-1.149220	1.379875	0.000000	0.000000
576.560000	0.540930	-1.149219	1.379878	0.000000	0.000000
576.570000	0.540930	-1.149220	1.379880	0.000000	0.000000
576.580000	0.540930	-1.149222	1.379882	0.000000	0.000000
576.590000	0.540931	-1.149225	1.379884	0.000000	0.000000
576.600000	0.540931	-1.149227	1.379885	0.000000	0.000000
576.610000	0.540931	-1.149226	1.379887	0.000000	0.000000
576.620000	0.540929	-1.149223	1.379889	0.000000	0.000000
576.630000	0.540928	-1.149216	1.379891	0.000000	0.000000
576.640000	0.540926	-1.149209	1.379892	0.000000	0.000000
576.650000	0.540925	-1.149204	1.379894	0.000000	0.000000
576.660000	0.540925	-1.149204	1.379895	0.000000	0.000000
576.670000	0.540927	-1.149207	1.379897	0.000000	0.000000
576.680000	0.540928	-1.149211	1.379899	0.000000	0.000000
576.690000	0.540929	-1.149214	1.379900	0.000000	0.000000
576.700000	0.540930	-1.149214	1.379902	0.000000	0.000000
576.710000	0.540931	-1.149212	1.379904	0.000000	0.000000
576.720000	0.540930	-1.149205	1.379906	0.000000	0.000000
576.730000	0.540928	-1.149196	1.379908	0.000000	0.000000
576.740000	0.540926	-1.149186	1.379909	0.000000	0.000000
576.750000	0.540923	-1.149175	1.379911	0.000000	0.000000
576.760000	0.540921	-1.149164	1.379913	0.000000	0.000000
576.770000	0.540919	-1.149154	1.379915	0.000000	0.000000
576.780000	0.540917	-1.149143	1.379917	0.000000	0.000000
576.790000	0.540916	-1.149133	1.379919	0.000000	0.000000
576.800000	0.540914	-1.149124	1.379921	0.000000	0.000000
576.810000	0.540912	-1.149116	1.379923	0.000000	0.000000
576.820000	0.540911	-1.149108	1.379925	0.000000	0.000000
576.830000	0.540910	-1.149103	1.379927	0.000000	0.000000
576.840000	0.540909	-1.149098	1.379929	0.000000	0.000000
576.850000	0.540908	-1.149093	1.379931	0.000000	0.000000
576.860000	0.540906	-1.149089	1.379933	0.000000	0.000000
576.870000	0.540904	-1.149083	1.379935	0.000000	0.000000
576.880000	0.540901	-1.149076	1.379936	0.000000	0.000000
576.890000	0.540898	-1.149066	1.379938	0.000000	0.000000
576.900000	0.540893	-1.149055	1.379940	0.000000	0.000000
576.910000	0.540889	-1.149043	1.379941	0.000000	0.000000
576.920000	0.540885	-1.149033	1.379943	0.000000	0.000000
576.930000	0.540882	-1.149024	1.379944	0.000000	0.000000
576.940000	0.540880	-1.149019	1.379946	0.000000	0.000000
576.950000	0.540878	-1.149017	1.379947	0.000000	0.000000
576.960000	0.540878	-1.149018	1.379949	0.000000	0.000000
576.970000	0.540879	-1.149020	1.379950	0.000000	0.000000
576.980000	0.540879	-1.149022	1.379952	0.000000	0.000000
576.990000	0.540880	-1.149024	1.379953	0.000000	0.000000
577.000000	0.540879	-1.149025	1.379955	0.000000	0.000000
577.010000	0.540878	-1.149023	1.379956	0.000000	0.000000
577.020000	0.540877	-1.149018	1.379957	0.000000	0.000000
577.030000	0.540874	-1.149012	1.379959	0.000000	0.000000
577.040000	0.540873	-1.149006	1.379960	0.000000	0.000000
577.050000	0.540871	-1.149001	1.379961	0.000000	0.000000
577.060000	0.540870	-1.148995	1.379962	0.000000	0.000000
577.070000	0.540870	-1.148990	1.379963	0.000000	0.000000
577.080000	0.540868	-1.148984	1.379964	0.000000	0.000000
577.090000	0.540866	-1.148977	1.379965	0.000000	0.000000
577.100000	0.540864	-1.148969	1.379965	0.000000	0.000000
577.110000	0.540862	-1.148960	1.379966	0.000000	0.000000
577.120000	0.540861	-1.148953	1.379967	0.000000	0.000000
577.130000	0.540861	-1.148948	1.379967	0.000000	0.000000
577.140000	0.540861	-1.148945	1.379968	0.000000	0.000000
577.150000	0.540862	-1.148944	1.379968	0.000000	0.000000
577.160000	0.540863	-1.148944	1.379969	0.000000	0.000000
577.170000	0.540865	-1.148943	1.379969	0.000000	0.000000
577.180000	0.540867	-1.148940	1.379969	0.000000	0.000000
577.190000	0.540869	-1.148936	1.379970	0.000000	0.000000
577.200000	0.540871	-1.148929	1.379970	0.000000	0.000000
577.210000	0.540872	-1.148921	1.379971	0.000000	0.000000
577.220000	0.540874	-1.148911	1.379971	0.000000	0.000000
577.230000	0.540875	-1.148901	1.379972	0.000000	0.000000
577.240000	0.540877	-1.148890	1.379973	0.000000	0.000000
577.250000	0.540879	-1.148879	1.379973	0.000000	0.000000
577.260000	0.540881	-1.148867	1.379974	0.000000	0.000000
577.270000	0.540882	-1.148854	1.379974	0.000000	0.000000
577.280000	0.540884	-1.148840	1.379975	0.000000	0.000000
577.290000	0.540885	-1.148827	1.379975	0.000000	0.000000
577.300000	0.540887	-1.148815	1.379976	0.000000	0.000000
577.310000	0.540889	-1.148803	1.379977	0.000000	0.000000
577.320000	0.540892	-1.148791	1.379977	0.000000	0.000000
577.330000	0.540893	-1.148779	1.379978	0.000000	0.000000
577.340000	0.540895	-1.148767	1.379978	0.000000	0.000000
577.350000	0.540895	-1.148755	1.379979	0.000000	0.000000
577.360000	0.540896	-1.148743	1.379979	0.000000	0.000000
577.370000	0.540897	-1.148730	1.379979	0.000000	0.000000
577.380000	0.540897	-1.148717	1.379980	0.000000	0.000000
577.390000	0.540897	-1.148704	1.379980	0.000000	0.000000
577.400000	0.540897	-1.148691	1.379980	0.000000	0.000000
577.410000	0.540897	-1.148678	1.379980	0.000000	0.000000
577.420000	0.540898	-1.148667	1.379980	0.000000	0.000000
577.430000	0.540900	-1.148659	1.379980	0.000000	0.000000
577.440000	0.540903	-1.148653	1.379980	0.000000	0.000000
577.450000	0.540908	-1.148650	1.379979	0.000000	0.000000
577.460000	0.540913	-1.148650	1.379979	0.000000	0.000000
577.470000	0.540919	-1.148651	1.379979	0.000000	0.000000
577.480000	0.540924	-1.148652	1.379978	0.000000	0.000000
577.490000	0.540929	-1.148652	1.379977	0.000000	0.000000
577.500000	0.540933	-1.148649	1.379977	0.000000	0.000000
577.510000	0.540935	-1.148641	1.379976	0.000000	0.000000
577.520000	0.540935	-1.148628	1.379975	0.000000	0.000000
577.530000	0.540934	-1.148611	1.379974	0.000000	0.000000
577.540000	0.540933	-1.148593	1.379973	0.000000	0.000000
577.550000	0.540932	-1.148578	1.379972	0.000000	0.000000
577.560000	0.540932	-1.148566	1.379971	0.000000	0.000000
577.570000	0.540933	-1.148557	1.379970	0.000000	0.000000
577.580000	0.540936	-1.148551	1.379969	0.000000	0.000000
577.590000	0.540939	-1.148547	1.379968	0.000000	0.000000
577.600000	0.540942	-1.148544	1.379967	0.000000	0.000000
577.610000	0.540944	-1.148541	1.379966	0.000000	0.000000
577.620000	0.540946	-1.148538	1.379965	0.000000	0.000000
577.630000	0.540947	-1.148535	1.379964	0.000000	0.000000
577.640000	0.540948	-1.148530	1.379963	0.000000	0.000000
577.650000	0.540949	-1.148525	1.379961	0.000000	0.000000
577.660000	0.540950	-1.148519	1.379960	0.000000	0.000000
577.670000	0.540951	-1.148514	1.379959	0.000000	0.000000
577.680000	0.540953	-1.148511	1.379958	0.000000	0.000000
577.690000	0.540954	-1.148507	1.379957	0.000000	0.000000
577.700000	0.540955	-1.148502	1.379955	0.000000	0.000000
577.710000	0.540955	-1.148494	1.379954	0.000000	0.000000
577.720000	0.540954	-1.148483	1.379953	0.000000	0.000000
577.730000	0.540951	-1.148469	1.379952	0.000000	0.000000
577.740000	0.540949	-1.148454	1.379951	0.000000	0.000000
577.750000	0.540946	-1.148439	1.379949	0.000000	0.000000
577.760000	0.540944	-1.148425	1.379948	0.000000	0.000000
577.770000	0.540941	-1.148412	1.379947	0.000000	0.000000
577.780000	0.540939	-1.148402	1.379946	0.000000	0.000000
577.790000	0.540937	-1.148393	1.379944	0.000000	0.000000
577.800000	0.540937	-1.148386	1.379943	0.000000	0.000000
577.810000	0.540937	-1.148382	1.379942	0.000000	0.000000
577.820000	0.540937	-1.148379	1.379941	0.000000	0.000000
577.830000	0.540938	-1.148378	1.379939	0.000000	0.000000
577.840000	0.540939	-1.148380	1.379938	0.000000	0.000000
577.850000	0.540942	-1.148383	1.379936	0.000000	0.000000
577.860000	0.540943	-1.148387	1.379935	0.000000	0.000000
577.870000	0.540945	-1.148390	1.379934	0.000000	0.000000
577.880000	0.540946	-1.148390	1.379932	0.000000	0.000000
577.890000	0.540946	-1.148385	1.379931	0.000000	0.000000
577.900000	0.540944	-1.148375	1.379929	0.000000	0.000000
577.910000	0.540941	-1.148361	1.379928	0.000000	0.000000
577.920000	0.540937	-1.148346	1.379926	0.000000	0.000000
577.930000	0.540934	-1.148331	1.379925	0.000000	0.000000
577.940000	0.540932	-1.148319	1.379923	0.000000	0.000000
577.950000	0.540930	-1.148310	1.379922	0.000000	0.000000
577.960000	0.540929	-1.148303	1.379921	0.000000	0.000000
577.970000	0.540928	-1.148297	1.379919	0.000000	0.000000
577.980000	0.540926	-1.148291	1.379918	0.000000	0.000000
577.990000	0.540925	-1.148285	1.379917	0.000000	0.000000
578.000000	0.540924	-1.148281	1.379916	0.000000	0.000000
578.010000	0.540923	-1.148278	1.379915	0.000000	0.000000
578.020000	0.540922	-1.148275	1.379914	0.000000	0.000000
578.030000	0.540922	-1.148273	1.379913	0.000000	0.000000
578.040000	0.540921	-1.148272	1.379912	0.000000	0.000000
578.050000	0.540921	-1.148273	1.379911	0.000000	0.000000
578.060000	0.540922	-1.148275	1.379910	0.000000	0.000000
578.070000	0.540921	-1.148277	1.379909	0.000000	0.000000
578.080000	0.540921	-1.148278	1.379908	0.000000	0.000000
578.090000	0.540921	-1.148279	1.379906	0.000000	0.000000
578.100000	0.540920	-1.148278	1.379905	0.000000	0.000000
578.110000	0.540919	-1.148276	1.379904	0.000000	0.000000
578.120000	0.540918	-1.148275	1.379903	0.000000	0.000000
578.130000	0.540917	-1.148275	1.379902	0.000000	0.000000
578.140000	0.540917	-1.148276	1.379900	0.000000	0.000000
578.150000	0.540917	-1.148280	1.379899	0.000000	0.000000
578.160000	0.540919	-1.148285	1.379898	0.000000	0.000000
578.170000	0.540920	-1.148291	1.379897	0.000000	0.000000
578.180000	0.540922	-1.148296	1.379896	0.000000	0.000000
578.190000	0.540924	-1.148299	1.379895	0.000000	0.000000
578.200000	0.540926	-1.148300	1.379893	0.000000	0.000000
578.210000	0.540926	-1.148298	1.379892	0.000000	0.000000
578.220000	0.540926	-1.148296	1.379891	0.000000	0.000000
578.230000	0.540927	-1.148294	1.379890	0.000000	0.000000
578.240000	0.540928	-1.148293	1.379889	0.000000	0.000000
578.250000	0.540929	-1.148294	1.379887	0.000000	0.000000
578.260000	0.540930	-1.148296	1.379886	0.000000	0.000000
578.270000	0.540931	-1.148298	1.379885	0.000000	0.000000
578.280000	0.540932	-1.148299	1.379884	0.000000	0.000000
578.290000	0.540933	-1.148299	1.379883	0.000000	0.000000
578.300000	0.540933	-1.148297	1.379882	0.000000	0.000000
578.310000	0.540932	-1.148294	1.379881	0.000000	0.000000
578.320000	0.540930	-1.148292	1.379880	0.000000	0.000000
578.330000	0.540930	-1.148292	1.379879	0.000000	0.000000
578.340000	0.540931	-1.148296	1.379878	0.000000	0.000000
578.350000	0.540934	-1.148304	1.379877	0.000000	0.000000
578.360000	0.540936	-1.148313	1.379877	0.000000	0.000000
578.370000	0.540938	-1.148322	1.379876	0.000000	0.000000
578.380000	0.540940	-1.148331	1.379876	0.000000	0.000000
578.390000	0.540941	-1.148338	1.379875	0.000000	0.000000
578.400000	0.540941	-1.148344	1.379875	0.000000	0.000000
578.410000	0.540941	-1.148349	1.379875	0.000000	0.000000
578.420000	0.540940	-1.148352	1.379875	0.000000	0.000000
578.430000	0.540939	-1.148353	1.379875	0.000000	0.000000
578.440000	0.540938	-1.148355	1.379875	0.000000	0.000000
578.450000	0.540938	-1.148356	1.379876	0.000000	0.000000
578.460000	0.540937	-1.148357	1.379876	0.000000	0.000000
578.470000	0.540937	-1.148358	1.379876	0.000000	0.000000
578.480000	0.540936	-1.148357	1.379877	0.000000	0.000000
578.490000	0.540934	-1.148354	1.379877	0.000000	0.000000
578.500000	0.540931	-1.148350	1.379878	0.000000	0.000000
578.510000	0.540928	-1.148342	1.379879	0.000000	0.000000
578.520000	0.540924	-1.148332	1.379879	0.000000	0.000000
578.530000	0.540920	-1.148321	1.379880	0.000000	0.000000
578.540000	0.540916	-1.148310	1.379881	0.000000	0.000000
578.550000	0.540912	-1.148300	1.379881	0.000000	0.000000
578.560000	0.540908	-1.148293	1.379882	0.000000	0.000000
578.570000	0.540905	-1.148287	1.379883	0.000000	0.000000
578.580000	0.540903	-1.148283	1.379883	0.000000	0.000000
578.590000	0.540901	-1.148281	1.379884	0.000000	0.000000
578.600000	0.540901	-1.148281	1.379885	0.000000	0.000000
578.610000	0.540901	-1.148283	1.379886	0.000000	0.000000
578.620000	0.540901	-1.148285	1.379886	0.000000	0.000000
578.630000	0.540902	-1.148288	1.379887	0.000000	0.000000
578.640000	0.540903	-1.148291	1.379888	0.000000	0.000000
578.650000	0.540905	-1.148293	1.379888	0.000000	0.000000
578.660000	0.540907	-1.148294	1.379889	0.000000	0.000000
578.670000	0.540907	-1.148295	1.379890	0.000000	0.000000
578.680000	0.540908	-1.148295	1.379890	0.000000	0.000000
578.690000	0.540907	-1.148294	1.379891	0.000000	0.000000
578.700000	0.540907	-1.148294	1.379891	0.000000	0.000000
578.710000	0.540907	-1.148293	1.379892	0.000000	0.000000
578.720000	0.540906	-1.148293	1.379892	0.000000	0.000000
578.730000	0.540907	-1.148294	1.379892	0.000000	0.000000
578.740000	0.540908	-1.148296	1.379893	0.000000	0.000000
578.750000	0.540910	-1.148299	1.379893	0.000000	0.000000
578.760000	0.540911	-1.148304	1.379893	0.000000	0.000000
578.770000	0.540912	-1.148310	1.379894	0.000000	0.000000
578.780000	0.540914	-1.148317	1.379894	0.000000	0.000000
578.790000	0.540916	-1.148325	1.379894	0.000000	0.000000
578.800000	0.540917	-1.148333	1.379894	0.000000	0.000000
578.810000	0.540919	-1.148339	1.379894	0.000000	0.000000
578.820000	0.540919	-1.148344	1.379894	0.000000	0.000000
578.830000	0.540920	-1.148346	1.379893	0.000000	0.000000
578.840000	0.540920	-1.148348	1.379893	0.000000	0.000000
578.850000	0.540920	-1.148349	1.379893	0.000000	0.000000
578.860000	0.540921	-1.148353	1.379892	0.000000	0.000000
578.870000	0.540921	-1.148358	1.379892	0.000000	0.000000
578.880000	0.540923	-1.148366	1.379891	0.000000	0.000000
578.890000	0.540925	-1.148374	1.379891	0.000000	0.000000
578.900000	0.540927	-1.148382	1.379890	0.000000	0.000000
578.910000	0.540930	-1.148391	1.379889	0.000000	0.000000
578.920000	0.540932	-1.148399	1.379889	0.000000	0.000000
578.930000	0.540934	-1.148406	1.379888	0.000000	0.000000
578.940000	0.540935	-1.148413	1.379887	0.000000	0.000000
578.950000	0.540937	-1.148418	1.379887	0.000000	0.000000
578.960000	0.540938	-1.148423	1.379886	0.000000	0.000000
578.970000	0.540940	-1.148426	1.379885	0.000000	0.000000
578.980000	0.540942	-1.148428	1.379885	0.000000	0.000000
578.990000	0.540944	-1.148429	1.379884	0.000000	0.000000
579.000000	0.540944	-1.148426	1.379883	0.000000	0.000000
579.010000	0.540944	-1.148421	1.379882	0.000000	0.000000
579.020000	0.540943	-1.148415	1.379882	0.000000	0.000000
579.030000	0.540943	-1.148410	1.379881	0.000000	0.000000
579.040000	0.540943	-1.148408	1.379881	0.000000	0.000000
579.050000	0.540944	-1.148408	1.379880	0.000000	0.000000
579.060000	0.540945	-1.148410	1.379880	0.000000	0.000000
579.070000	0.540947	-1.148412	1.379879	0.000000	0.000000
579.080000	0.540948	-1.148415	1.379879	0.000000	0.000000
579.090000	0.540949	-1.148418	1.379878	0.000000	0.000000
579.100000	0.540950	-1.148420	1.379878	0.000000	0.000000
579.110000	0.540950	-1.148421	1.379878	0.000000	0.000000
579.120000	0.540949	-1.148420	1.379878	0.000000	0.000000
579.130000	0.540948	-1.148418	1.379878	0.000000	0.000000
579.140000	0.540947	-1.148416	1.379877	0.000000	0.000000
579.150000	0.540945	-1.148413	1.379877	0.000000	0.000000
579.160000	0.540945	-1.148412	1.379877	0.000000	0.000000
579.170000	0.540944	-1.148412	1.379877	0.000000	0.000000
579.180000	0.540944	-1.148413	1.379877	0.000000	0.000000
579.190000	0.540945	-1.148416	1.379878	0.000000	0.000000
579.200000	0.540946	-1.148420	1.379878	0.000000	0.000000
579.210000	0.540947	-1.148425	1.379878	0.000000	0.000000
579.220000	0.540947	-1.148429	1.379878	0.000000	0.000000
579.230000	0.540948	-1.148432	1.379879	0.000000	0.000000
579.240000	0.540949	-1.148435	1.379879	0.000000	0.000000
579.250000	0.540949	-1.148436	1.379880	0.000000	0.000000
579.260000	0.540949	-1.148436	1.379880	0.000000	0.000000
579.270000	0.540948	-1.148435	1.379881	0.000000	0.000000
579.280000	0.540948	-1.148433	1.379882	0.000000	0.000000
579.290000	0.540948	-1.148430	1.379882	0.000000	0.000000
579.300000	0.540947	-1.148427	1.379883	0.000000	0.000000
579.310000	0.540945	-1.148422	1.379884	0.000000	0.000000
579.320000	0.540944	-1.148418	1.379885	0.000000	0.000000
579.330000	0.540943	-1.148413	1.379886	0.000000	0.000000
579.340000	0.540942	-1.148409	1.379887	0.000000	0.000000
579.350000	0.540940	-1.148405	1.379889	0.000000	0.000000
579.360000	0.540939	-1.148400	1.379890	0.000000	0.000000
579.370000	0.540937	-1.148394	1.379891	0.000000	0.000000
579.380000	0.540935	-1.148387	1.379893	0.000000	0.000000
579.390000	0.540934	-1.148380	1.379894	0.000000	0.000000
579.400000	0.540932	-1.148373	1.379895	0.000000	0.000000
579.410000	0.540930	-1.148366	1.379897	0.000000	0.000000
579.420000	0.540929	-1.148360	1.379898	0.000000	0.000000
579.430000	0.540927	-1.148354	1.379900	0.000000	0.000000
579.440000	0.540926	-1.148349	1.379901	0.000000	0.000000
579.450000	0.540926	-1.148345	1.379903	0.000000	0.000000
579.460000	0.540925	-1.148343	1.379905	0.000000	0.000000
579.470000	0.540926	-1.148340	1.379906	0.000000	0.000000
579.480000	0.540925	-1.148338	1.379908	0.000000	0.000000
579.490000	0.540925	-1.148336	1.379910	0.000000	0.000000
579.500000	0.540925	-1.148333	1.379912	0.000000	0.000000
579.510000	0.540925	-1.148330	1.379913	0.000000	0.000000
579.520000	0.540924	-1.148325	1.379915	0.000000	0.000000
579.530000	0.540923	-1.148319	1.379917	0.000000	0.000000
579.540000	0.540921	-1.148312	1.379919	0.000000	0.000000
579.550000	0.540919	-1.148304	1.379921	0.000000	0.000000
579.560000	0.540918	-1.148295	1.379923	0.000000	0.000000
579.570000	0.540916	-1.148286	1.379925	0.000000	0.000000
579.580000	0.540913	-1.148275	1.379927	0.000000	0.000000
579.590000	0.540910	-1.148263	1.379929	0.000000	0.000000
579.600000	0.540906	-1.148252	1.379931	0.000000	0.000000
579.610000	0.540904	-1.148240	1.379933	0.000000	0.000000
579.620000	0.540901	-1.148229	1.379936	0.000000	0.000000
579.630000	0.540899	-1.148218	1.379938	0.000000	0.000000
579.640000	0.540897	-1.148208	1.379940	0.000000	0.000000
579.650000	0.540895	-1.148198	1.379942	0.000000	0.000000
579.660000	0.540892	-1.148188	1.379944	0.000000	0.000000
579.670000	0.540889	-1.148177	1.379946	0.000000	0.000000
579.680000	0.540887	-1.148167	1.379948	0.000000	0.000000
579.690000	0.540885	-1.148158	1.379950	0.000000	0.000000
579.700000	0.540883	-1.148150	1.379952	0.000000	0.000000
579.710000	0.540882	-1.148142	1.379953	0.000000	0.000000
579.720000	0.540881	-1.148134	1.379955	0.000000	0.000000
579.730000	0.540881	-1.148127	1.379957	0.000000	0.000000
579.740000	0.540880	-1.148121	1.379959	0.000000	0.000000
579.750000	0.540879	-1.148115	1.379960	0.000000	0.000000
579.760000	0.540878	-1.148109	1.379962	0.000000	0.000000
579.770000	0.540877	-1.148103	1.379963	0.000000	0.000000
579.780000	0.540876	-1.148098	1.379964	0.000000	0.000000
579.790000	0.540876	-1.148094	1.379965	0.000000	0.000000
579.800000	0.540876	-1.148092	1.379967	0.000000	0.000000
579.810000	0.540877	-1.148091	1.379968	0.000000	0.000000
579.820000	0.540878	-1.148092	1.379969	0.000000	0.000000
579.830000	0.540880	-1.148093	1.379970	0.000000	0.000000
579.840000	0.540881	-1.148094	1.379970	0.000000	0.000000
579.850000	0.540882	-1.148093	1.379971	0.000000	0.000000
579.860000	0.540882	-1.148089	1.379972	0.000000	0.000000
579.870000	0.540881	-1.148083	1.379973	0.000000	0.000000
579.880000	0.540880	-1.148076	1.379973	0.000000	0.000000
579.890000	0.540879	-1.148071	1.379974	0.000000	0.000000
579.900000	0.540878	-1.148066	1.379974	0.000000	0.000000
579.910000	0.540877	-1.148061	1.379975	0.000000	0.000000
579.920000	0.540876	-1.148056	1.379975	0.000000	0.000000
579.930000	0.540875	-1.148051	1.379976	0.000000	0.000000
579.940000	0.540875	-1.148045	1.379976	0.000000	0.000000
579.950000	0.540875	-1.148040	1.379976	0.000000	0.000000
579.960000	0.540874	-1.148034	1.379977	0.000000	0.000000
579.970000	0.540873	-1.148028	1.379977	0.000000	0.000000
579.980000	0.540871	-1.148021	1.379977	0.000000	0.000000
579.990000	0.540870	-1.148015	1.379977	0.000000	0.000000
580.000000	0.540870	-1.148008	1.379977	0.000000	0.000000
580.010000	0.540870	-1.148002	1.379977	0.000000	0.000000
580.020000	0.540870	-1.147997	1.379977	0.000000	0.000000
580.030000	0.540871	-1.147993	1.379977	0.000000	0.000000
580.040000	0.540872	-1.147989	1.379977	0.000000	0.000000
580.050000	0.540873	-1.147985	1.379977	0.000000	0.000000
580.060000	0.540874	-1.147981	1.379977	0.000000	0.000000
580.070000	0.540875	-1.147977	1.379977	0.000000	0.000000
580.080000	0.540875	-1.147972	1.379977	0.000000	0.000000
580.090000	0.540876	-1.147968	1.379976	0.000000	0.000000
580.100000	0.540876	-1.147964	1.379976	0.000000	0.000000
580.110000	0.540878	-1.147960	1.379975	0.000000	0.000000
580.120000	0.540880	-1.147955	1.379975	0.000000	0.000000
580.130000	0.540881	-1.147949	1.379974	0.000000	0.000000
580.140000	0.540882	-1.147941	1.379974	0.000000	0.000000
580.150000	0.540883	-1.147933	1.379973	0.000000	0.000000
580.160000	0.540886	-1.147928	1.379973	0.000000	0.000000
580.170000	0.540889	-1.147924	1.379972	0.000000	0.000000
580.180000	0.540892	-1.147922	1.379971	0.000000	0.000000
580.190000	0.540896	-1.147921	1.379971	0.000000	0.000000
580.200000	0.540901	-1.147922	1.379970	0.000000	0.000000
580.210000	0.540906	-1.147925	1.379969	0.000000	0.000000
580.220000	0.540912	-1.147929	1.379969	0.000000	0.000000
580.230000	0.540918	-1.147933	1.379968	0.000000	0.000000
580.240000	0.540923	-1.147936	1.379967	0.000000	0.000000
580.250000	0.540927	-1.147937	1.379967	0.000000	0.000000
580.260000	0.540930	-1.147935	1.379966	0.000000	0.000000
580.270000	0.540932	-1.147931	1.379965	0.000000	0.000000
580.280000	0.540933	-1.147925	1.379965	0.000000	0.000000
580.290000	0.540933	-1.147919	1.379964	0.000000	0.000000
580.300000	0.540934	-1.147913	1.379963	0.000000	0.000000
580.310000	0.540935	-1.147908	1.379963	0.000000	0.000000
580.320000	0.540936	-1.147904	1.379962	0.000000	0.000000
580.330000	0.540938	-1.147900	1.379962	0.000000	0.000000
580.340000	0.540940	-1.147897	1.379961	0.000000	0.000000
580.350000	0.540943	-1.147894	1.379961	0.000000	0.000000
580.360000	0.540946	-1.147890	1.379960	0.000000	0.000000
580.370000	0.540948	-1.147886	1.379960	0.000000	0.000000
580.380000	0.540950	-1.147880	1.379959	0.000000	0.000000
580.390000	0.540950	-1.147872	1.379958	0.000000	0.000000
580.400000	0.540950	-1.147863	1.379958	0.000000	0.000000
580.410000	0.540950	-1.147853	1.379957	0.000000	0.000000
580.420000	0.540949	-1.147841	1.379957	0.000000	0.000000
580.430000	0.540948	-1.147829	1.379956	0.000000	0.000000
580.440000	0.540948	-1.147818	1.379955	0.000000	0.000000
580.450000	0.540946	-1.147807	1.379955	0.000000	0.000000
580.460000	0.540945	-1.147798	1.379954	0.000000	0.000000
580.470000	0.540945	-1.147791	1.379953	0.000000	0.000000
580.480000	0.540946	-1.147787	1.379952	0.000000	0.000000
580.490000	0.540947	-1.147783	1.379952	0.000000	0.000000
580.500000	0.540947	-1.147780	1.379951	0.000000	0.000000
580.510000	0.540947	-1.147775	1.379950	0.000000	0.000000
580.520000	0.540947	-1.147770	1.379950	0.000000	0.000000
580.530000	0.540946	-1.147763	1.379949	0.000000	0.000000
580.540000	0.540945	-1.147756	1.379948	0.000000	0.000000
580.550000	0.540944	-1.147748	1.379947	0.000000	0.000000
580.560000	0.540943	-1.147740	1.379947	0.000000	0.000000
580.570000	0.540942	-1.147732	1.379946	0.000000	0.000000
580.580000	0.540941	-1.147727	1.379945	0.000000	0.000000
580.590000	0.540941	-1.147723	1.379945	0.000000	0.000000
580.600000	0.540942	-1.147721	1.379944	0.000000	0.000000
580.610000	0.540942	-1.147720	1.379944	0.000000	0.000000
580.620000	0.540943	-1.147720	1.379943	0.000000	0.000000
580.630000	0.540944	-1.147719	1.379943	0.000000	0.000000
580.640000	0.540945	-1.147718	1.379942	0.000000	0.000000
580.650000	0.540946	-1.147718	1.379942	0.000000	0.000000
580.660000	0.540947	-1.147718	1.379941	0.000000	0.000000
580.670000	0.540948	-1.147718	1.379941	0.000000	0.000000
580.680000	0.540949	-1.147716	1.379941	0.000000	0.000000
580.690000	0.540949	-1.147711	1.379940	0.000000	0.000000
580.700000	0.540948	-1.147703	1.379940	0.000000	0.000000
580.710000	0.540946	-1.147693	1.379940	0.000000	0.000000
580.720000	0.540943	-1.147681	1.379939	0.000000	0.000000
580.730000	0.540941	-1.147669	1.379939	0.000000	0.000000
580.740000	0.540940	-1.147659	1.379939	0.000000	0.000000
580.750000	0.540939	-1.147653	1.379938	0.000000	0.000000
580.760000	0.540940	-1.147649	1.379938	0.000000	0.000000
580.770000	0.540941	-1.147649	1.379937	0.000000	0.000000
580.780000	0.540944	-1.147651	1.379937	0.000000	0.000000
580.790000	0.540946	-1.147653	1.379937	0.000000	0.000000
580.800000	0.540947	-1.147654	1.379936	0.000000	0.000000
580.810000	0.540947	-1.147651	1.379936	0.000000	0.000000
580.820000	0.540946	-1.147645	1.379936	0.000000	0.000000
580.830000	0.540944	-1.147634	1.379935	0.000000	0.000000
580.840000	0.540941	-1.147622	1.379935	0.000000	0.000000
580.850000	0.540940	-1.147614	1.379934	0.000000	0.000000
580.860000	0.540939	-1.147609	1.379934	0.000000	0.000000
580.870000	0.540940	-1.147608	1.379934	0.000000	0.000000
580.880000	0.540942	-1.147609	1.379934	0.000000	0.000000
580.890000	0.540944	-1.147611	1.379934	0.000000	0.000000
580.900000	0.540947	-1.147614	1.379934	0.000000	0.000000
580.910000	0.540949	-1.147615	1.379934	0.000000	0.000000
580.920000	0.540950	-1.147614	1.379934	0.000000	0.000000
580.930000	0.540951	-1.147611	1.379934	0.000000	0.000000
580.940000	0.540951	-1.147606	1.379934	0.000000	0.000000
580.950000	0.540950	-1.147598	1.379935	0.000000	0.000000
580.960000	0.540949	-1.147588	1.379935	0.000000	0.000000
580.970000	0.540947	-1.147577	1.379936	0.000000	0.000000
580.980000	0.540945	-1.147566	1.379936	0.000000	0.000000
580.990000	0.540943	-1.147556	1.379937	0.000000	0.000000
581.000000	0.540942	-1.147547	1.379937	0.000000	0.000000
581.010000	0.540942	-1.147538	1.379938	0.000000	0.000000
581.020000	0.540942	-1.147531	1.379938	0.000000	0.000000
581.030000	0.540942	-1.147524	1.379939	0.000000	0.000000
581.040000	0.540943	-1.147517	1.379940	0.000000	0.000000
581.050000	0.540943	-1.147510	1.379940	0.000000	0.000000
581.060000	0.540942	-1.147502	1.379941	0.000000	0.000000
581.070000	0.540940	-1.147492	1.379941	0.000000	0.000000
581.080000	0.540938	-1.147480	1.379942	0.000000	0.000000
581.090000	0.540936	-1.147469	1.379942	0.000000	0.000000
581.100000	0.540934	-1.147459	1.379943	0.000000	0.000000
581.110000	0.540932	-1.147450	1.379943	0.000000	0.000000
581.120000	0.540932	-1.147444	1.379943	0.000000	0.000000
581.130000	0.540932	-1.147439	1.379943	0.000000	0.000000
581.140000	0.540932	-1.147435	1.379943	0.000000	0.000000
581.150000	0.540933	-1.147431	1.379943	0.000000	0.000000
581.160000	0.540933	-1.147426	1.379943	0.000000	0.000000
581.170000	0.540933	-1.147422	1.379943	0.000000	0.000000
581.180000	0.540933	-1.147419	1.379943	0.000000	0.000000
581.190000	0.540933	-1.147417	1.379943	0.000000	0.000000
581.200000	0.540934	-1.147414	1.379942	0.000000	0.000000
581.210000	0.540935	-1.147411	1.379942	0.000000	0.000000
581.220000	0.540935	-1.147406	1.379941	0.000000	0.000000
581.230000	0.540935	-1.147398	1.379941	0.000000	0.000000
581.240000	0.540935	-1.147390	1.379940	0.000000	0.000000
581.250000	0.540934	-1.147383	1.379940	0.000000	0.000000
581.260000	0.540934	-1.147379	1.379939	0.000000	0.000000
581.270000	0.540933	-1.147376	1.379938	0.000000	0.000000
581.280000	0.540932	-1.147374	1.379937	0.000000	0.000000
581.290000	0.540932	-1.147373	1.379937	0.000000	0.000000
581.300000	0.540932	-1.147373	1.379936	0.000000	0.000000
581.310000	0.540932	-1.147375	1.379935	0.000000	0.000000
581.320000	0.540933	-1.147379	1.379935	0.000000	0.000000
581.330000	0.540935	-1.147384	1.379934	0.000000	0.000000
581.340000	0.540938	-1.147390	1.379933	0.000000	0.000000
581.350000	0.540941	-1.147396	1.379932	0.000000	0.000000
581.360000	0.540943	-1.147402	1.379932	0.000000	0.000000
581.370000	0.540944	-1.147406	1.379931	0.000000	0.000000
581.380000	0.540945	-1.147407	1.379930	0.000000	0.000000
581.390000	0.540944	-1.147404	1.379929	0.000000	0.000000
581.400000	0.540942	-1.147399	1.379929	0.000000	0.000000
581.410000	0.540940	-1.147396	1.379928	0.000000	0.000000
581.420000	0.540939	-1.147394	1.379927	0.000000	0.000000
581.430000	0.540937	-1.147391	1.379926	0.000000	0.000000
581.440000	0.540936	-1.147388	1.379925	0.000000	0.000000
581.450000	0.540935	-1.147385	1.379924	0.000000	0.000000
581.460000	0.540935	-1.147382	1.379923	0.000000	0.000000
581.470000	0.540935	-1.147381	1.379922	0.000000	0.000000
581.480000	0.540935	-1.147381	1.379921	0.000000	0.000000
581.490000	0.540935	-1.147380	1.379920	0.000000	0.000000
581.500000	0.540934	-1.147380	1.379919	0.000000	0.000000
581.510000	0.540934	-1.147381	1.379918	0.000000	0.000000
581.520000	0.540935	-1.147385	1.379916	0.000000	0.000000
581.530000	0.540937	-1.147390	1.379915	0.000000	0.000000
581.540000	0.540940	-1.147394	1.379914	0.000000	0.000000
581.550000	0.540942	-1.147398	1.379913	0.000000	0.000000
581.560000	0.540943	-1.147399	1.379912	0.000000	0.000000
581.570000	0.540943	-1.147398	1.379911	0.000000	0.000000
581.580000	0.540943	-1.147397	1.379910	0.000000	0.000000
581.590000	0.540942	-1.147394	1.379909	0.000000	0.000000
581.600000	0.540942	-1.147392	1.379908	0.000000	0.000000
581.610000	0.540941	-1.147392	1.379907	0.000000	0.000000
581.620000	0.540941	-1.147392	1.379906	0.000000	0.000000
581.630000	0.540940	-1.147391	1.379905	0.000000	0.000000
581.640000	0.540939	-1.147389	1.379904	0.000000	0.000000
581.650000	0.540937	-1.147386	1.379904	0.000000	0.000000
581.660000	0.540936	-1.147381	1.379903	0.000000	0.000000
581.670000	0.540935	-1.147378	1.379902	0.000000	0.000000
581.680000	0.540934	-1.147376	1.379901	0.000000	0.000000
581.690000	0.540933	-1.147374	1.379900	0.000000	0.000000
581.700000	0.540933	-1.147373	1.379900	0.000000	0.000000
581.710000	0.540934	-1.147373	1.379899	0.000000	0.000000
581.720000	0.540934	-1.147372	1.379898	0.000000	0.000000
581.730000	0.540935	-1.147370	1.379897	0.000000	0.000000
581.740000	0.540935	-1.147368	1.379896	0.000000	0.000000
581.750000	0.540936	-1.147365	1.379896	0.000000	0.000000
581.760000	0.540936	-1.147362	1.379895	0.000000	0.000000
581.770000	0.540936	-1.147357	1.379894	0.000000	0.000000
581.780000	0.540936	-1.147351	1.379893	0.000000	0.000000
581.790000	0.540936	-1.147346	1.379892	0.000000	0.000000
581.800000	0.540937	-1.147340	1.379891	0.000000	0.000000
581.810000	0.540939	-1.147336	1.379890	0.000000	0.000000
581.820000	0.540942	-1.147334	1.379889	0.000000	0.000000
581.830000	0.540945	-1.147332	1.379888	0.000000	0.000000
581.840000	0.540948	-1.147330	1.379888	0.000000	0.000000
581.850000	0.540951	-1.147327	1.379887	0.000000	0.000000
581.860000	0.540953	-1.147320	1.379886	0.000000	0.000000
581.870000	0.540954	-1.147311	1.379885	0.000000	0.000000
581.880000	0.540955	-1.147302	1.379884	0.000000	0.000000
581.890000	0.540956	-1.147291	1.379883	0.000000	0.000000
581.900000	0.540957	-1.147279	1.379882	0.000000	0.000000
581.910000	0.540957	-1.147265	1.379881	0.000000	0.000000
581.920000	0.540958	-1.147250	1.379880	0.000000	0.000000
581.930000	0.540958	-1.147236	1.379878	0.000000	0.000000
581.940000	0.540959	-1.147223	1.379877	0.000000	0.000000
581.950000	0.540962	-1.147213	1.379876	0.000000	0.000000
581.960000	0.540964	-1.147204	1.379874	0.000000	0.000000
581.970000	0.540967	-1.147197	1.379873	0.000000	0.000000
581.980000	0.540970	-1.147192	1.379872	0.000000	0.000000
581.990000	0.540973	-1.147189	1.379870	0.000000	0.000000
582.000000	0.540977	-1.147190	1.379869	0.000000	0.000000
582.010000	0.540983	-1.147191	1.379867	0.000000	0.000000
582.020000	0.540987	-1.147190	1.379865	0.000000	0.000000
582.030000	0.540991	-1.147188	1.379864	0.000000	0.000000
582.040000	0.540996	-1.147188	1.379862	0.000000	0.000000
582.050000	0.541001	-1.147191	1.379860	0.000000	0.000000
582.060000	0.541007	-1.147195	1.379858	0.000000	0.000000
582.070000	0.541012	-1.147198	1.379857	0.000000	0.000000
582.080000	0.541016	-1.147200	1.379855	0.000000	0.000000
582.090000	0.541020	-1.147202	1.379853	0.000000	0.000000
582.100000	0.541024	-1.147204	1.379851	0.000000	0.000000
582.110000	0.541027	-1.147206	1.379849	0.000000	0.000000
582.120000	0.541030	-1.147208	1.379847	0.000000	0.000000
582.130000	0.541032	-1.147210	1.379845	0.000000	0.000000
582.140000	0.541034	-1.147210	1.379844	0.000000	0.000000
582.150000	0.541036	-1.147209	1.379842	0.000000	0.000000
582.160000	0.541037	-1.147206	1.379840	0.000000	0.000000
582.170000	0.541039	-1.147201	1.379838	0.000000	0.000000
582.180000	0.541039	-1.147194	1.379836	0.000000	0.000000
582.190000	0.541040	-1.147186	1.379834	0.000000	0.000000
582.200000	0.541040	-1.147180	1.379833	0.000000	0.000000
582.210000	0.541040	-1.147175	1.379831	0.000000	0.000000
582.220000	0.541042	-1.147172	1.379829	0.000000	0.000000
582.230000	0.541044	-1.147171	1.379827	0.000000	0.000000
582.240000	0.541046	-1.147172	1.379826	0.000000	0.000000
582.250000	0.541050	-1.147175	1.379824	0.000000	0.000000
582.260000	0.541053	-1.147178	1.379822	0.000000	0.000000
582.270000	0.541056	-1.147181	1.379820	0.000000	0.000000
582.280000	0.541058	-1.147182	1.379818	0.000000	0.000000
582.290000	0.541060	-1.147181	1.379816	0.000000	0.000000
582.300000	0.541062	-1.147178	1.379814	0.000000	0.000000
582.310000	0.541063	-1.147175	1.379813	0.000000	0.000000
582.320000	0.541065	-1.147172	1.379811	0.000000	0.000000
582.330000	0.541067	-1.147172	1.379809	0.000000	0.000000
582.340000	0.541069	-1.147174	1.379807	0.000000	0.000000
582.350000	0.541073	-1.147179	1.379805	0.000000	0.000000
582.360000	0.541077	-1.147186	1.379803	0.000000	0.000000
582.370000	0.541080	-1.147191	1.379801	0.000000	0.000000
582.380000	0.541081	-1.147194	1.379800	0.000000	0.000000
582.390000	0.541082	-1.147194	1.379798	0.000000	0.000000
582.400000	0.541082	-1.147191	1.379796	0.000000	0.000000
582.410000	0.541082	-1.147189	1.379795	0.000000	0.000000
582.420000	0.541083	-1.147188	1.379793	0.000000	0.000000
582.430000	0.541083	-1.147188	1.379792	0.000000	0.000000
582.440000	0.541084	-1.147190	1.379791	0.000000	0.000000
582.450000	0.541085	-1.147191	1.379790	0.000000	0.000000
582.460000	0.541086	-1.147192	1.379789	0.000000	0.000000
582.470000	0.541086	-1.147192	1.379788	0.000000	0.000000
582.480000	0.541085	-1.147192	1.379787	0.000000	0.000000
582.490000	0.541084	-1.147191	1.379786	0.000000	0.000000
582.500000	0.541083	-1.147190	1.379786	0.000000	0.000000
582.510000	0.541082	-1.147190	1.379785	0.000000	0.000000
582.520000	0.541081	-1.147191	1.379784	0.000000	0.000000
582.530000	0.541080	-1.147193	1.379784	0.000000	0.000000
582.540000	0.541080	-1.147195	1.379783	0.000000	0.000000
582.550000	0.541079	-1.147198	1.379783	0.000000	0.000000
582.560000	0.541078	-1.147201	1.379782	0.000000	0.000000
582.570000	0.541077	-1.147203	1.379782	0.000000	0.000000
582.580000	0.541077	-1.147206	1.379781	0.000000	0.000000
582.590000	0.541075	-1.147209	1.379781	0.000000	0.000000
582.600000	0.541075	-1.147212	1.379780	0.000000	0.000000
582.610000	0.541074	-1.147215	1.379780	0.000000	0.000000
582.620000	0.541072	-1.147218	1.379779	0.000000	0.000000
582.630000	0.541071	-1.147222	1.379779	0.000000	0.000000
582.640000	0.541069	-1.147225	1.379778	0.000000	0.000000
582.650000	0.541067	-1.147229	1.379778	0.000000	0.000000
582.660000	0.541065	-1.147230	1.379777	0.000000	0.000000
582.670000	0.541062	-1.147230	1.379777	0.000000	0.000000
582.680000	0.541058	-1.147229	1.379777	0.000000	0.000000
582.690000	0.541055	-1.147228	1.379776	0.000000	0.000000
582.700000	0.541052	-1.147229	1.379776	0.000000	0.000000
582.710000	0.541050	-1.147232	1.379776	0.000000	0.000000
582.720000	0.541048	-1.147235	1.379775	0.000000	0.000000
582.730000	0.541047	-1.147239	1.379775	0.000000	0.000000
582.740000	0.541045	-1.147242	1.379775	0.000000	0.000000
582.750000	0.541043	-1.147246	1.379775	0.000000	0.000000
582.760000	0.541041	-1.147250	1.379775	0.000000	0.000000
582.770000	0.541040	-1.147254	1.379774	0.000000	0.000000
582.780000	0.541038	-1.147258	1.379774	0.000000	0.000000
582.790000	0.541036	-1.147261	1.379774	0.000000	0.000000
582.800000	0.541034	-1.147264	1.379774	0.000000	0.000000
582.810000	0.541032	-1.147265	1.379774	0.000000	0.000000
582.820000	0.541030	-1.147265	1.379774	0.000000	0.000000
582.830000	0.541027	-1.147265	1.379773	0.000000	0.000000
582.840000	0.541024	-1.147263	1.379773	0.000000	0.000000
582.850000	0.541021	-1.147262	1.379773	0.000000	0.000000
582.860000	0.541019	-1.147263	1.379773	0.000000	0.000000
582.870000	0.541017	-1.147266	1.379772	0.000000	0.000000
582.880000	0.541016	-1.147272	1.379772	0.000000	0.000000
582.890000	0.541014	-1.147278	1.379771	0.000000	0.000000
582.900000	0.541014	-1.147284	1.379771	0.000000	0.000000
582.910000	0.541013	-1.147290	1.379771	0.000000	0.000000
582.920000	0.541012	-1.147296	1.379770	0.000000	0.000000
582.930000	0.541011	-1.147300	1.379770	0.000000	0.000000
582.940000	0.541009	-1.147303	1.379769	0.000000	0.000000
582.950000	0.541009	-1.147306	1.379769	0.000000	0.000000
582.960000	0.541007	-1.147308	1.379768	0.000000	0.000000
582.970000	0.541006	-1.147310	1.379768	0.000000	0.000000
582.980000	0.541004	-1.147312	1.379767	0.000000	0.000000
582.990000	0.541002	-1.147314	1.379767	0.000000	0.000000
583.000000	0.541001	-1.147316	1.379766	0.000000	0.000000
583.010000	0.541000	-1.147318	1.379766	0.000000	0.000000
583.020000	0.540999	-1.147320	1.379765	0.000000	0.000000
583.030000	0.540997	-1.147322	1.379764	0.000000	0.000000
583.040000	0.540996	-1.147324	1.379764	0.000000	0.000000
583.050000	0.540996	-1.147325	1.379763	0.000000	0.000000
583.060000	0.540995	-1.147327	1.379763	0.000000	0.000000
583.070000	0.540993	-1.147328	1.379762	0.000000	0.000000
583.080000	0.540992	-1.147329	1.379762	0.000000	0.000000
583.090000	0.540991	-1.147330	1.379761	0.000000	0.000000
583.100000	0.540989	-1.147330	1.379761	0.000000	0.000000
583.110000	0.540987	-1.147330	1.379760	0.000000	0.000000
583.120000	0.540986	-1.147330	1.379760	0.000000	0.000000
583.130000	0.540984	-1.147329	1.379760	0.000000	0.000000
583.140000	0.540982	-1.147327	1.379759	0.000000	0.000000
583.150000	0.540979	-1.147324	1.379759	0.000000	0.000000
583.160000	0.540976	-1.147320	1.379758	0.000000	0.000000
583.170000	0.540973	-1.147316	1.379758	0.000000	0.000000
583.180000	0.540970	-1.147310	1.379758	0.000000	0.000000
583.190000	0.540967	-1.147305	1.379758	0.000000	0.000000
583.200000	0.540965	-1.147300	1.379757	0.000000	0.000000
583.210000	0.540963	-1.147295	1.379757	0.000000	0.000000
583.220000	0.540961	-1.147290	1.379756	0.000000	0.000000
583.230000	0.540960	-1.147286	1.379756	0.000000	0.000000
583.240000	0.540958	-1.147281	1.379756	0.000000	0.000000
583.250000	0.540957	-1.147276	1.379755	0.000000	0.000000
583.260000	0.540955	-1.147271	1.379755	0.000000	0.000000
583.270000	0.540952	-1.147266	1.379754	0.000000	0.000000
583.280000	0.540951	-1.147262	1.379753	0.000000	0.000000
583.290000	0.540951	-1.147259	1.379753	0.000000	0.000000
583.300000	0.540950	-1.147257	1.379752	0.000000	0.000000
583.310000	0.540949	-1.147253	1.379751	0.000000	0.000000
583.320000	0.540947	-1.147249	1.379751	0.000000	0.000000
583.330000	0.540946	-1.147246	1.379750	0.000000	0.000000
583.340000	0.540945	-1.147244	1.379749	0.000000	0.000000
583.350000	0.540944	-1.147243	1.379749	0.000000	0.000000
583.360000	0.540942	-1.147242	1.379748	0.000000	0.000000
583.370000	0.540940	-1.147241	1.379747	0.000000	0.000000
583.380000	0.540938	-1.147239	1.379747	0.000000	0.000000
583.390000	0.540936	-1.147238	1.379746	0.000000	0.000000
583.400000	0.540934	-1.147237	1.379745	0.000000	0.000000
583.410000	0.540933	-1.147237	1.379745	0.000000	0.000000
583.420000	0.540931	-1.147238	1.379744	0.000000	0.000000
583.430000	0.540930	-1.147239	1.379743	0.000000	0.000000
583.440000	0.540929	-1.147241	1.379743	0.000000	0.000000
583.450000	0.540928	-1.147243	1.379742	0.000000	0.000000
583.460000	0.540926	-1.147244	1.379741	0.000000	0.000000
583.470000	0.540925	-1.147245	1.379741	0.000000	0.000000
583.480000	0.540922	-1.147245	1.379740	0.000000	0.000000
583.490000	0.540920	-1.147244	1.379739	0.000000	0.000000
583.500000	0.540917	-1.147241	1.379738	0.000000	0.000000
583.510000	0.540914	-1.147238	1.379737	0.000000	0.000000
583.520000	0.540910	-1.147234	1.379736	0.000000	0.000000
583.530000	0.540906	-1.147230	1.379735	0.000000	0.000000
583.540000	0.540902	-1.147228	1.379734	0.000000	0.000000
583.550000	0.540899	-1.147226	1.379733	0.000000	0.000000
583.560000	0.540896	-1.147226	1.379731	0.000000	0.000000
583.570000	0.540894	-1.147226	1.379730	0.000000	0.000000
583.580000	0.540892	-1.147226	1.379729	0.000000	0.000000
583.590000	0.540890	-1.147227	1.379727	0.000000	0.000000
583.600000	0.540888	-1.147229	1.379726	0.000000	0.000000
583.610000	0.540887	-1.147232	1.379724	0.000000	0.000000
583.620000	0.540887	-1.147235	1.379723	0.000000	0.000000
583.630000	0.540887	-1.147238	1.379721	0.000000	0.000000
583.640000	0.540886	-1.147241	1.379720	0.000000	0.000000
583.650000	0.540885	-1.147244	1.379718	0.000000	0.000000
583.660000	0.540883	-1.147245	1.379717	0.000000	0.000000
583.670000	0.540881	-1.147247	1.379715	0.000000	0.000000
583.680000	0.540879	-1.147248	1.379713	0.000000	0.000000
583.690000	0.540877	-1.147250	1.379712	0.000000	0.000000
583.700000	0.540875	-1.147252	1.379710	0.000000	0.000000
583.710000	0.540873	-1.147255	1.379709	0.000000	0.000000
583.720000	0.540871	-1.147258	1.379707	0.000000	0.000000
583.730000	0.540869	-1.147260	1.379706	0.000000	0.000000
583.740000	0.540867	-1.147263	1.379704	0.000000	0.000000
583.750000	0.540864	-1.147266	1.379703	0.000000	0.000000
583.760000	0.540861	-1.147269	1.379701	0.000000	0.000000
583.770000	0.540859	-1.147271	1.379699	0.000000	0.000000
583.780000	0.540856	-1.147273	1.379698	0.000000	0.000000
583.790000	0.540853	-1.147275	1.379696	0.000000	0.000000
583.800000	0.540850	-1.147278	1.379694	0.000000	0.000000
583.810000	0.540848	-1.147282	1.379692	0.000000	0.000000
583.820000	0.540847	-1.147288	1.379690	0.000000	0.000000
583.830000	0.540845	-1.147295	1.379688	0.000000	0.000000
583.840000	0.540843	-1.147302	1.379686	0.000000	0.000000
583.850000	0.540841	-1.147308	1.379684	0.000000	0.000000
583.860000	0.540839	-1.147314	1.379682	0.000000	0.000000
583.870000	0.540837	-1.147320	1.379679	0.000000	0.000000
583.880000	0.540835	-1.147325	1.379677	0.000000	0.000000
583.890000	0.540833	-1.147330	1.379675	0.000000	0.000000
583.900000	0.540831	-1.147335	1.379672	0.000000	0.000000
583.910000	0.540829	-1.147340	1.379670	0.000000	0.000000
583.920000	0.540826	-1.147344	1.379667	0.000000	0.000000
583.930000	0.540825	-1.147348	1.379665	0.000000	0.000000
583.940000	0.540823	-1.147353	1.379662	0.000000	0.000000
583.950000	0.540822	-1.147357	1.379660	0.000000	0.000000
583.960000	0.540820	-1.147360	1.379658	0.000000	0.000000
583.970000	0.540819	-1.147362	1.379655	0.000000	0.000000
583.980000	0.540816	-1.147365	1.379653	0.000000	0.000000
583.990000	0.540813	-1.147366	1.379650	0.000000	0.000000
584.000000	0.540810	-1.147367	1.379648	0.000000	0.000000
584.010000	0.540807	-1.147368	1.379645	0.000000	0.000000
584.020000	0.540804	-1.147370	1.379643	0.000000	0.000000
584.030000	0.540801	-1.147372	1.379641	0.000000	0.000000
584.040000	0.540798	-1.147375	1.379638	0.000000	0.000000
584.050000	0.540796	-1.147379	1.379636	0.000000	0.000000
584.060000	0.540793	-1.147382	1.379633	0.000000	0.000000
584.070000	0.540791	-1.147386	1.379630	0.000000	0.000000
584.080000	0.540788	-1.147390	1.379628	0.000000	0.000000
584.090000	0.540787	-1.147395	1.379625	0.000000	0.000000
584.100000	0.540785	-1.147402	1.379622	0.000000	0.000000
584.110000	0.540784	-1.147410	1.379619	0.000000	0.000000
584.120000	0.540783	-1.147417	1.379617	0.000000	0.000000
584.130000	0.540781	-1.147423	1.379614	0.000000	0.000000
584.140000	0.540779	-1.147426	1.379611	0.000000	0.000000
584.150000	0.540776	-1.147429	1.379608	0.000000	0.000000
584.160000	0.540775	-1.147433	1.379605	0.000000	0.000000
584.170000	0.540773	-1.147439	1.379602	0.000000	0.000000
584.180000	0.540772	-1.147447	1.379599	0.000000	0.000000
584.190000	0.540772	-1.147457	1.379596	0.000000	0.000000
584.200000	0.540773	-1.147467	1.379593	0.000000	0.000000
584.210000	0.540774	-1.147477	1.379590	0.000000	0.000000
584.220000	0.540774	-1.147487	1.379587	0.000000	0.000000
584.230000	0.540774	-1.147496	1.379584	0.000000	0.000000
584.240000	0.540774	-1.147504	1.379581	0.000000	0.000000
584.250000	0.540773	-1.147510	1.379578	0.000000	0.000000
584.260000	0.540771	-1.147513	1.379575	0.000000	0.000000
584.270000	0.540769	-1.147515	1.379573	0.000000	0.000000
584.280000	0.540766	-1.147515	1.379570	0.000000	0.000000
584.290000	0.540763	-1.147514	1.379567	0.000000	0.000000
584.300000	0.540759	-1.147513	1.379564	0.000000	0.000000
584.310000	0.540756	-1.147511	1.379561	0.000000	0.000000
584.320000	0.540753	-1.147509	1.379559	0.000000	0.000000
584.330000	0.540750	-1.147508	1.379556	0.000000	0.000000
584.340000	0.540747	-1.147508	1.379553	0.000000	0.000000
584.350000	0.540744	-1.147510	1.379550	0.000000	0.000000
584.360000	0.540743	-1.147515	1.379548	0.000000	0.000000
584.370000	0.540742	-1.147521	1.379545	0.000000	0.000000
584.380000	0.540741	-1.147530	1.379542	0.000000	0.000000
584.390000	0.540740	-1.147538	1.379539	0.000000	0.000000
584.400000	0.540739	-1.147545	1.379537	0.000000	0.000000
584.410000	0.540737	-1.147550	1.379534	0.000000	0.000000
584.420000	0.540735	-1.147555	1.379531	0.000000	0.000000
584.430000	0.540733	-1.147560	1.379528	0.000000	0.000000
584.440000	0.540731	-1.147568	1.379525	0.000000	0.000000
584.450000	0.540731	-1.147578	1.379522	0.000000	0.000000
584.460000	0.540731	-1.147589	1.379519	0.000000	0.000000
584.470000	0.540731	-1.147601	1.379516	0.000000	0.000000
584.480000	0.540730	-1.147613	1.379513	0.000000	0.000000
584.490000	0.540730	-1.147624	1.379510	0.000000	0.000000
584.500000	0.540729	-1.147633	1.379507	0.000000	0.000000
584.510000	0.540727	-1.147639	1.379504	0.000000	0.000000
584.520000	0.540725	-1.147644	1.379501	0.000000	0.000000
584.530000	0.540723	-1.147648	1.379498	0.000000	0.000000
584.540000	0.540721	-1.147654	1.379495	0.000000	0.000000
584.550000	0.540721	-1.147661	1.379492	0.000000	0.000000
584.560000	0.540721	-1.147671	1.379489	0.000000	0.000000
584.570000	0.540722	-1.147683	1.379486	0.000000	0.000000
584.580000	0.540722	-1.147695	1.379484	0.000000	0.000000
584.590000	0.540722	-1.147706	1.379481	0.000000	0.000000
584.600000	0.540722	-1.147717	1.379478	0.000000	0.000000
584.610000	0.540721	-1.147725	1.379476	0.000000	0.000000
584.620000	0.540720	-1.147730	1.379473	0.000000	0.000000
584.630000	0.540718	-1.147734	1.379471	0.000000	0.000000
584.640000	0.540716	-1.147737	1.379469	0.000000	0.000000
584.650000	0.540715	-1.147742	1.379466	0.000000	0.000000
584.660000	0.540714	-1.147747	1.379464	0.000000	0.000000
584.670000	0.540713	-1.147752	1.379462	0.000000	0.000000
584.680000	0.540711	-1.147756	1.379460	0.000000	0.000000
584.690000	0.540710	-1.147760	1.379458	0.000000	0.000000
584.700000	0.540708	-1.147763	1.379456	0.000000	0.000000
584.710000	0.540705	-1.147765	1.379454	0.000000	0.000000
584.720000	0.540702	-1.147766	1.379452	0.000000	0.000000
584.730000	0.540698	-1.147765	1.379450	0.000000	0.000000
584.740000	0.540694	-1.147763	1.379448	0.000000	0.000000
584.750000	0.540690	-1.147763	1.379446	0.000000	0.000000
584.760000	0.540686	-1.147763	1.379445	0.000000	0.000000
584.770000	0.540681	-1.147764	1.379443	0.000000	0.000000
584.780000	0.540678	-1.147767	1.379441	0.000000	0.000000
584.790000	0.540675	-1.147771	1.379439	0.000000	0.000000
584.800000	0.540672	-1.147776	1.379436	0.000000	0.000000
584.810000	0.540670	-1.147782	1.379434	0.000000	0.000000
584.820000	0.540669	-1.147790	1.379432	0.000000	0.000000
584.830000	0.540667	-1.147798	1.379430	0.000000	0.000000
584.840000	0.540665	-1.147806	1.379427	0.000000	0.000000
584.850000	0.540663	-1.147815	1.379425	0.000000	0.000000
584.860000	0.540662	-1.147823	1.379422	0.000000	0.000000
584.870000	0.540660	-1.147831	1.379420	0.000000	0.000000
584.880000	0.540658	-1.147839	1.379417	0.000000	0.000000
584.890000	0.540655	-1.147845	1.379414	0.000000	0.000000
584.900000	0.540652	-1.147850	1.379412	0.000000	0.000000
584.910000	0.540648	-1.147854	1.379409	0.000000	0.000000
584.920000	0.540645	-1.147858	1.379406	0.000000	0.000000
584.930000	0.540642	-1.147864	1.379403	0.000000	0.000000
584.940000	0.540639	-1.147872	1.379401	0.000000	0.000000
584.950000	0.540637	-1.147881	1.379398	0.000000	0.000000
584.960000	0.540635	-1.147892	1.379395	0.000000	0.000000
584.970000	0.540634	-1.147902	1.379392	0.000000	0.000000
584.980000	0.540632	-1.147913	1.379389	0.000000	0.000000
584.990000	0.540631	-1.147923	1.379387	0.000000	0.000000
585.000000	0.540630	-1.147933	1.379384	0.000000	0.000000
585.010000	0.540629	-1.147942	1.379381	0.000000	0.000000
585.020000	0.540628	-1.147950	1.379378	0.000000	0.000000
585.030000	0.540626	-1.147958	1.379375	0.000000	0.000000
585.040000	0.540623	-1.147964	1.379372	0.000000	0.000000
585.050000	0.540621	-1.147970	1.379369	0.000000	0.000000
585.060000	0.540618	-1.147976	1.379366	0.000000	0.000000
585.070000	0.540616	-1.147981	1.379363	0.000000	0.000000
585.080000	0.540613	-1.147984	1.379360	0.000000	0.000000
585.090000	0.540611	-1.147988	1.379357	0.000000	0.000000
585.100000	0.540608	-1.147991	1.379354	0.000000	0.000000
585.110000	0.540607	-1.147996	1.379350	0.000000	0.000000
585.120000	0.540606	-1.148001	1.379347	0.000000	0.000000
585.130000	0.540606	-1.148008	1.379344	0.000000	0.000000
585.140000	0.540606	-1.148013	1.379341	0.000000	0.000000
585.150000	0.540606	-1.148019	1.379338	0.000000	0.000000
585.160000	0.540608	-1.148028	1.379335	0.000000	0.000000
585.170000	0.540611	-1.148040	1.379332	0.000000	0.000000
585.180000	0.540615	-1.148052	1.379329	0.000000	0.000000
585.190000	0.540617	-1.148062	1.379326	0.000000	0.000000
585.200000	0.540618	-1.148066	1.379324	0.000000	0.000000
585.210000	0.540618	-1.148066	1.379321	0.000000	0.000000
585.220000	0.540618	-1.148066	1.379318	0.000000	0.000000
585.230000	0.540618	-1.148069	1.379316	0.000000	0.000000
585.240000	0.540620	-1.148074	1.379314	0.000000	0.000000
585.250000	0.540622	-1.148079	1.379312	0.000000	0.000000
585.260000	0.540624	-1.148084	1.379310	0.000000	0.000000
585.270000	0.540626	-1.148088	1.379308	0.000000	0.000000
585.280000	0.540629	-1.148090	1.379306	0.000000	0.000000
585.290000	0.540632	-1.148090	1.379305	0.000000	0.000000
585.300000	0.540634	-1.148087	1.379303	0.000000	0.000000
585.310000	0.540636	-1.148083	1.379302	0.000000	0.000000
585.320000	0.540638	-1.148077	1.379301	0.000000	0.000000
585.330000	0.540639	-1.148071	1.379300	0.000000	0.000000
585.340000	0.540641	-1.148065	1.379299	0.000000	0.000000
585.350000	0.540642	-1.148058	1.379298	0.000000	0.000000
585.360000	0.540642	-1.148050	1.379297	0.000000	0.000000
585.370000	0.540643	-1.148043	1.379297	0.000000	0.000000
585.380000	0.540644	-1.148036	1.379296	0.000000	0.000000
585.390000	0.540645	-1.148029	1.379295	0.000000	0.000000
585.400000	0.540646	-1.148023	1.379295	0.000000	0.000000
585.410000	0.540647	-1.148018	1.379294	0.000000	0.000000
585.420000	0.540648	-1.148013	1.379293	0.000000	0.000000
585.430000	0.540648	-1.148007	1.379293	0.000000	0.000000
585.440000	0.540648	-1.148001	1.379292	0.000000	0.000000
585.450000	0.540648	-1.147993	1.379292	0.000000	0.000000
585.460000	0.540648	-1.147985	1.379291	0.000000	0.000000
585.470000	0.540647	-1.147975	1.379291	0.000000	0.000000
585.480000	0.540646	-1.147966	1.379290	0.000000	0.000000
585.490000	0.540646	-1.147959	1.379289	0.000000	0.000000
585.500000	0.540647	-1.147955	1.379289	0.000000	0.000000
585.510000	0.540648	-1.147952	1.379288	0.000000	0.000000
585.520000	0.540650	-1.147951	1.379288	0.000000	0.000000
585.530000	0.540651	-1.147950	1.379287	0.000000	0.000000
585.540000	0.540652	-1.147948	1.379287	0.000000	0.000000
585.550000	0.540653	-1.147945	1.379286	0.000000	0.000000
585.560000	0.540654	-1.147942	1.379285	0.000000	0.000000
585.570000	0.540654	-1.147938	1.379285	0.000000	0.000000
585.580000	0.540653	-1.147935	1.379284	0.000000	0.000000
585.590000	0.540653	-1.147932	1.379284	0.000000	0.000000
585.600000	0.540652	-1.147927	1.379283	0.000000	0.000000
585.610000	0.540650	-1.147921	1.379283	0.000000	0.000000
585.620000	0.540648	-1.147915	1.379282	0.000000	0.000000
585.630000	0.540647	-1.147911	1.379282	0.000000	0.000000
585.640000	0.540646	-1.147909	1.379281	0.000000	0.000000
585.650000	0.540646	-1.147909	1.379281	0.000000	0.000000
585.660000	0.540647	-1.147910	1.379281	0.000000	0.000000
585.670000	0.540648	-1.147912	1.379281	0.000000	0.000000
585.680000	0.540649	-1.147915	1.379281	0.000000	0.000000
585.690000	0.540650	-1.147917	1.379280	0.000000	0.000000
585.700000	0.540650	-1.147918	1.379280	0.000000	0.000000
585.710000	0.540651	-1.147920	1.379280	0.000000	0.000000
585.720000	0.540651	-1.147921	1.379280	0.000000	0.000000
585.730000	0.540650	-1.147921	1.379281	0.000000	0.000000
585.740000	0.540649	-1.147921	1.379281	0.000000	0.000000
585.750000	0.540649	-1.147920	1.379281	0.000000	0.000000
585.760000	0.540648	-1.147918	1.379281	0.000000	0.000000
585.770000	0.540646	-1.147916	1.379281	0.000000	0.000000
585.780000	0.540644	-1.147913	1.379281	0.000000	0.000000
585.790000	0.540643	-1.147909	1.379281	0.000000	0.000000
585.800000	0.540641	-1.147906	1.379281	0.000000	0.000000
585.810000	0.540639	-1.147903	1.379282	0.000000	0.000000
585.820000	0.540637	-1.147901	1.379282	0.000000	0.000000
585.830000	0.540635	-1.147900	1.379281	0.000000	0.000000
585.840000	0.540634	-1.147901	1.379281	0.000000	0.000000
585.850000	0.540633	-1.147903	1.379281	0.000000	0.000000
585.860000	0.540632	-1.147906	1.379281	0.000000	0.000000
585.870000	0.540632	-1.147910	1.379281	0.000000	0.000000
585.880000	0.540631	-1.147914	1.379280	0.000000	0.000000
585.890000	0.540631	-1.147918	1.379280	0.000000	0.000000
585.900000	0.540630	-1.147922	1.379279	0.000000	0.000000
585.910000	0.540630	-1.147926	1.379279	0.000000	0.000000
585.920000	0.540629	-1.147929	1.379278	0.000000	0.000000
585.930000	0.540628	-1.147932	1.379278	0.000000	0.000000
585.940000	0.540627	-1.147934	1.379277	0.000000	0.000000
585.950000	0.540625	-1.147936	1.379276	0.000000	0.000000
585.960000	0.540624	-1.147938	1.379275	0.000000	0.000000
585.970000	0.540623	-1.147940	1.379274	0.000000	0.000000
585.980000	0.540622	-1.147943	1.379273	0.000000	0.000000
585.990000	0.540621	-1.147945	1.379272	0.000000	0.000000
586.000000	0.540619	-1.147948	1.379271	0.000000	0.000000
586.010000	0.540618	-1.147950	1.379270	0.000000	0.000000
586.020000	0.540617	-1.147954	1.379269	0.000000	0.000000
586.030000	0.540616	-1.147958	1.379268	0.000000	0.000000
586.040000	0.540616	-1.147962	1.379267	0.000000	0.000000
586.050000	0.540615	-1.147966	1.379266	0.000000	0.000000
586.060000	0.540614	-1.147970	1.379264	0.000000	0.000000
586.070000	0.540613	-1.147972	1.379263	0.000000	0.000000
586.080000	0.540612	-1.147974	1.379262	0.000000	0.000000
586.090000	0.540611	-1.147976	1.379260	0.000000	0.000000
586.100000	0.540609	-1.147978	1.379259	0.000000	0.000000
586.110000	0.540608	-1.147981	1.379257	0.000000	0.000000
586.120000	0.540607	-1.147984	1.379256	0.000000	0.000000
586.130000	0.540606	-1.147988	1.379254	0.000000	0.000000
586.140000	0.540606	-1.147992	1.379253	0.000000	0.000000
586.150000	0.540605	-1.147997	1.379251	0.000000	0.000000
586.160000	0.540603	-1.148001	1.379249	0.000000	0.000000
586.170000	0.540602	-1.148006	1.379247	0.000000	0.000000
586.180000	0.540601	-1.148010	1.379245	0.000000	0.000000
586.190000	0.540600	-1.148014	1.379243	0.000000	0.000000
586.200000	0.540599	-1.148019	1.379241	0.000000	0.000000
586.210000	0.540598	-1.148026	1.379239	0.000000	0.000000
586.220000	0.540598	-1.148034	1.379237	0.000000	0.000000
586.230000	0.540599	-1.148043	1.379235	0.000000	0.000000
586.240000	0.540599	-1.148052	1.379233	0.000000	0.000000
586.250000	0.540599	-1.148060	1.379231	0.000000	0.000000
586.260000	0.540599	-1.148067	1.379229	0.000000	0.000000
586.270000	0.540599	-1.148075	1.379227	0.000000	0.000000
586.280000	0.540598	-1.148084	1.379225	0.000000	0.000000
586.290000	0.540597	-1.148094	1.379223	0.000000	0.000000
586.300000	0.540597	-1.148104	1.379221	0.000000	0.000000
586.310000	0.540595	-1.148112	1.379219	0.000000	0.000000
586.320000	0.540593	-1.148120	1.379217	0.000000	0.000000
586.330000	0.540592	-1.148129	1.379215	0.000000	0.000000
586.340000	0.540590	-1.148137	1.379214	0.000000	0.000000
586.350000	0.540588	-1.148145	1.379212	0.000000	0.000000
586.360000	0.540585	-1.148151	1.379210	0.000000	0.000000
586.370000	0.540583	-1.148156	1.379209	0.000000	0.000000
586.380000	0.540580	-1.148160	1.379207	0.000000	0.000000
586.390000	0.540576	-1.148164	1.379205	0.000000	0.000000
586.400000	0.540573	-1.148168	1.379204	0.000000	0.000000
586.410000	0.540570	-1.148171	1.379202	0.000000	0.000000
586.420000	0.540566	-1.148174	1.379200	0.000000	0.000000
586.430000	0.540563	-1.148178	1.379199	0.000000	0.000000
586.440000	0.540561	-1.148181	1.379197	0.000000	0.000000
586.450000	0.540558	-1.148185	1.379196	0.000000	0.000000
586.460000	0.540556	-1.148191	1.379194	0.000000	0.000000
586.470000	0.540555	-1.148200	1.379193	0.000000	0.000000
586.480000	0.540555	-1.148209	1.379191	0.000000	0.000000
586.490000	0.540555	-1.148219	1.379189	0.000000	0.000000
586.500000	0.540555	-1.148229	1.379188	0.000000	0.000000
586.510000	0.540555	-1.148238	1.379186	0.000000	0.000000
586.520000	0.540555	-1.148244	1.379184	0.000000	0.000000
586.530000	0.540553	-1.148249	1.379182	0.000000	0.000000
586.540000	0.540551	-1.148252	1.379180	0.000000	0.000000
586.550000	0.540549	-1.148253	1.379178	0.000000	0.000000
586.560000	0.540548	-1.148252	1.379176	0.000000	0.000000
586.570000	0.540546	-1.148251	1.379174	0.000000	0.000000
586.580000	0.540545	-1.148252	1.379172	0.000000	0.000000
586.590000	0.540544	-1.148254	1.379170	0.000000	0.000000
586.600000	0.540544	-1.148259	1.379167	0.000000	0.000000
586.610000	0.540544	-1.148265	1.379165	0.000000	0.000000
586.620000	0.540544	-1.148273	1.379163	0.000000	0.000000
586.630000	0.540544	-1.148279	1.379161	0.000000	0.000000
586.640000	0.540543	-1.148285	1.379158	0.000000	0.000000
586.650000	0.540542	-1.148289	1.379156	0.000000	0.000000
586.660000	0.540540	-1.148293	1.379154	0.000000	0.000000
586.670000	0.540538	-1.148297	1.379152	0.000000	0.000000
586.680000	0.540537	-1.148303	1.379149	0.000000	0.000000
586.690000	0.540537	-1.148311	1.379147	0.000000	0.000000
586.700000	0.540537	-1.148319	1.379145	0.000000	0.000000
586.710000	0.540537	-1.148327	1.379143	0.000000	0.000000
586.720000	0.540537	-1.148336	1.379140	0.000000	0.000000
586.730000	0.540537	-1.148344	1.379138	0.000000	0.000000
586.740000	0.540537	-1.148352	1.379136	0.000000	0.000000
586.750000	0.540536	-1.148360	1.379134	0.000000	0.000000
586.760000	0.540536	-1.148367	1.379132	0.000000	0.000000
586.770000	0.540535	-1.148373	1.379130	0.000000	0.000000
586.780000	0.540534	-1.148379	1.379128	0.000000	0.000000
586.790000	0.540533	-1.148384	1.379126	0.000000	0.000000
586.800000	0.540533	-1.148390	1.379125	0.000000	0.000000
586.810000	0.540532	-1.148394	1.379123	0.000000	0.000000
586.820000	0.540531	-1.148398	1.379121	0.000000	0.000000
586.830000	0.540530	-1.148400	1.379120	0.000000	0.000000
586.840000	0.540529	-1.148403	1.379118	0.000000	0.000000
586.850000	0.540527	-1.148407	1.379116	0.000000	0.000000
586.860000	0.540527	-1.148412	1.379115	0.000000	0.000000
586.870000	0.540526	-1.148417	1.379114	0.000000	0.000000
586.880000	0.540526	-1.148424	1.379112	0.000000	0.000000
586.890000	0.540526	-1.148430	1.379111	0.000000	0.000000
586.900000	0.540525	-1.148436	1.379110	0.000000	0.000000
586.910000	0.540523	-1.148442	1.379109	0.000000	0.000000
586.920000	0.540521	-1.148446	1.379108	0.000000	0.000000
586.930000	0.540519	-1.148449	1.379106	0.000000	0.000000
586.940000	0.540517	-1.148451	1.379105	0.000000	0.000000
586.950000	0.540515	-1.148452	1.379104	0.000000	0.000000
586.960000	0.540512	-1.148452	1.379103	0.000000	0.000000
586.970000	0.540509	-1.148451	1.379102	0.000000	0.000000
586.980000	0.540505	-1.148449	1.379101	0.000000	0.000000
586.990000	0.540501	-1.148446	1.379100	0.000000	0.000000
587.000000	0.540497	-1.148445	1.379099	0.000000	0.000000
587.010000	0.540493	-1.148445	1.379098	0.000000	0.000000
587.020000	0.540490	-1.148447	1.379097	0.000000	0.000000
587.030000	0.540488	-1.148451	1.379096	0.000000	0.000000
587.040000	0.540486	-1.148456	1.379095	0.000000	0.000000
587.050000	0.540484	-1.148462	1.379094	0.000000	0.000000
587.060000	0.540482	-1.148467	1.379093	0.000000	0.000000
587.070000	0.540479	-1.148471	1.379092	0.000000	0.000000
587.080000	0.540476	-1.148475	1.379090	0.000000	0.000000
587.090000	0.540474	-1.148478	1.379089	0.000000	0.000000
587.100000	0.540473	-1.148483	1.379088	0.000000	0.000000
587.110000	0.540473	-1.148488	1.379087	0.000000	0.000000
587.120000	0.540471	-1.148493	1.379085	0.000000	0.000000
587.130000	0.540471	-1.148499	1.379084	0.000000	0.000000
587.140000	0.540470	-1.148505	1.379083	0.000000	0.000000
587.150000	0.540470	-1.148512	1.379082	0.000000	0.000000
587.160000	0.540471	-1.148519	1.379081	0.000000	0.000000
587.170000	0.540471	-1.148527	1.379079	0.000000	0.000000
587.180000	0.540471	-1.148533	1.379078	0.000000	0.000000
587.190000	0.540471	-1.148539	1.379077	0.000000	0.000000
587.200000	0.540470	-1.148545	1.379076	0.000000	0.000000
587.210000	0.540469	-1.148550	1.379075	0.000000	0.000000
587.220000	0.540468	-1.148554	1.379074	0.000000	0.000000
587.230000	0.540467	-1.148559	1.379073	0.000000	0.000000
587.240000	0.540467	-1.148564	1.379072	0.000000	0.000000
587.250000	0.540466	-1.148568	1.379071	0.000000	0.000000
587.260000	0.540465	-1.148572	1.379070	0.000000	0.000000
587.270000	0.540464	-1.148575	1.379069	0.000000	0.000000
587.280000	0.540462	-1.148578	1.379068	0.000000	0.000000
587.290000	0.540460	-1.148581	1.379067	0.000000	0.000000
587.300000	0.540458	-1.148584	1.379066	0.000000	0.000000
587.310000	0.540457	-1.148588	1.379065	0.000000	0.000000
587.320000	0.540457	-1.148593	1.379064	0.000000	0.000000
587.330000	0.540457	-1.148600	1.379063	0.000000	0.000000
587.340000	0.540457	-1.148606	1.379062	0.000000	0.000000
587.350000	0.540457	-1.148612	1.379061	0.000000	0.000000
587.360000	0.540457	-1.148616	1.379060	0.000000	0.000000
587.370000	0.540456	-1.148619	1.379059	0.000000	0.000000
587.380000	0.540455	-1.148621	1.379058	0.000000	0.000000
587.390000	0.540455	-1.148622	1.379057	0.000000	0.000000
587.400000	0.540455	-1.148625	1.379055	0.000000	0.000000
587.410000	0.540455	-1.148629	1.379054	0.000000	0.000000
587.420000	0.540456	-1.148635	1.379053	0.000000	0.000000
587.430000	0.540457	-1.148641	1.379051	0.000000	0.000000
587.440000	0.540458	-1.148647	1.379050	0.000000	0.000000
587.450000	0.540459	-1.148652	1.379049	0.000000	0.000000
587.460000	0.540460	-1.148655	1.379047	0.000000	0.000000
587.470000	0.540460	-1.148657	1.379046	0.000000	0.000000
587.480000	0.540461	-1.148658	1.379044	0.000000	0.000000
587.490000	0.540461	-1.148659	1.379043	0.000000	0.000000
587.500000	0.540462	-1.148661	1.379042	0.000000	0.000000
587.510000	0.540461	-1.148664	1.379040	0.000000	0.000000
587.520000	0.540461	-1.148667	1.379039	0.000000	0.000000
587.530000	0.540462	-1.148669	1.379037	0.000000	0.000000
587.540000	0.540461	-1.148671	1.379036	0.000000	0.000000
587.550000	0.540461	-1.148672	1.379035	0.000000	0.000000
587.560000	0.540460	-1.148672	1.379034	0.000000	0.000000
587.570000	0.540459	-1.148673	1.379032	0.000000	0.000000
587.580000	0.540458	-1.148672	1.379031	0.000000	0.000000
587.590000	0.540456	-1.148671	1.379030	0.000000	0.000000
587.600000	0.540455	-1.148670	1.379029	0.000000	0.000000
587.610000	0.540454	-1.148669	1.379028	0.000000	0.000000
587.620000	0.540453	-1.148669	1.379027	0.000000	0.000000
587.630000	0.540452	-1.148669	1.379026	0.000000	0.000000
587.640000	0.540452	-1.148669	1.379025	0.000000	0.000000
587.650000	0.540450	-1.148669	1.379024	0.000000	0.000000
587.660000	0.540449	-1.148667	1.379023	0.000000	0.000000
587.670000	0.540447	-1.148665	1.379022	0.000000	0.000000
587.680000	0.540444	-1.148662	1.379022	0.000000	0.000000
587.690000	0.540441	-1.148659	1.379021	0.000000	0.000000
587.700000	0.540438	-1.148655	1.379020	0.000000	0.000000
587.710000	0.540435	-1.148652	1.379019	0.000000	0.000000
587.720000	0.540433	-1.148649	1.379018	0.000000	0.000000
587.730000	0.540430	-1.148647	1.379017	0.000000	0.000000
587.740000	0.540429	-1.148645	1.379016	0.000000	0.000000
587.750000	0.540427	-1.148644	1.379015	0.000000	0.000000
587.760000	0.540425	-1.148643	1.379014	0.000000	0.000000
587.770000	0.540423	-1.148643	1.379013	0.000000	0.000000
587.780000	0.540421	-1.148644	1.379012	0.000000	0.000000
587.790000	0.540419	-1.148647	1.379010	0.000000	0.000000
587.800000	0.540417	-1.148651	1.379009	0.000000	0.000000
587.810000	0.540416	-1.148657	1.379008	0.000000	0.000000
587.820000	0.540414	-1.148663	1.379006	0.000000	0.000000
587.830000	0.540413	-1.148669	1.379005	0.000000	0.000000
587.840000	0.540411	-1.148675	1.379003	0.000000	0.000000
587.850000	0.540408	-1.148679	1.379002	0.000000	0.000000
587.860000	0.540404	-1.148682	1.379000	0.000000	0.000000
587.870000	0.540402	-1.148685	1.378998	0.000000	0.000000
587.880000	0.540399	-1.148689	1.378997	0.000000	0.000000
587.890000	0.540397	-1.148695	1.378995	0.000000	0.000000
587.900000	0.540396	-1.148701	1.378993	0.000000	0.000000
587.910000	0.540395	-1.148708	1.378992	0.000000	0.000000
587.920000	0.540395	-1.148716	1.378990	0.000000	0.000000
587.930000	0.540395	-1.148722	1.378988	0.000000	0.000000
587.940000	0.540394	-1.148727	1.378987	0.000000	0.000000
587.950000	0.540392	-1.148730	1.378985	0.000000	0.000000
587.960000	0.540391	-1.148733	1.378983	0.000000	0.000000
587.970000	0.540389	-1.148736	1.378982	0.000000	0.000000
587.980000	0.540387	-1.148738	1.378980	0.000000	0.000000
587.990000	0.540386	-1.148739	1.378978	0.000000	0.000000
588.000000	0.540383	-1.148738	1.378977	0.000000	0.000000
588.010000	0.540379	-1.148735	1.378975	0.000000	0.000000
588.020000	0.540376	-1.148732	1.378974	0.000000	0.000000
588.030000	0.540373	-1.148730	1.378972	0.000000	0.000000
588.040000	0.540371	-1.148730	1.378971	0.000000	0.000000
588.050000	0.540370	-1.148732	1.378969	0.000000	0.000000
588.060000	0.540370	-1.148735	1.378968	0.000000	0.000000
588.070000	0.540369	-1.148740	1.378966	0.000000	0.000000
588.080000	0.540368	-1.148745	1.378965	0.000000	0.000000
588.090000	0.540367	-1.148749	1.378964	0.000000	0.000000
588.100000	0.540366	-1.148753	1.378962	0.000000	0.000000
588.110000	0.540365	-1.148758	1.378961	0.000000	0.000000
588.120000	0.540363	-1.148762	1.378960	0.000000	0.000000
588.130000	0.540362	-1.148767	1.378959	0.000000	0.000000
588.140000	0.540360	-1.148771	1.378957	0.000000	0.000000
588.150000	0.540358	-1.148776	1.378956	0.000000	0.000000
588.160000	0.540356	-1.148780	1.378955	0.000000	0.000000
588.170000	0.540354	-1.148784	1.378954	0.000000	0.000000
588.180000	0.540351	-1.148787	1.378953	0.000000	0.000000
588.190000	0.540349	-1.148789	1.378952	0.000000	0.000000
588.200000	0.540346	-1.148792	1.378951	0.000000	0.000000
588.210000	0.540346	-1.148798	1.378949	0.000000	0.000000
588.220000	0.540346	-1.148807	1.378948	0.000000	0.000000
588.230000	0.540346	-1.148816	1.378947	0.000000	0.000000
588.240000	0.540347	-1.148826	1.378946	0.000000	0.000000
588.250000	0.540347	-1.148835	1.378945	0.000000	0.000000
588.260000	0.540347	-1.148843	1.378943	0.000000	0.000000
588.270000	0.540347	-1.148849	1.378942	0.000000	0.000000
588.280000	0.540346	-1.148853	1.378941	0.000000	0.000000
588.290000	0.540344	-1.148854	1.378940	0.000000	0.000000
588.300000	0.540342	-1.148852	1.378938	0.000000	0.000000
588.310000	0.540339	-1.148848	1.378937	0.000000	0.000000
588.320000	0.540336	-1.148843	1.378935	0.000000	0.000000
588.330000	0.540333	-1.148836	1.378934	0.000000	0.000000
588.340000	0.540330	-1.148831	1.378933	0.000000	0.000000
588.350000	0.540328	-1.148828	1.378931	0.000000	0.000000
588.360000	0.540327	-1.148828	1.378930	0.000000	0.000000
588.370000	0.540327	-1.148830	1.378928	0.000000	0.000000
588.380000	0.540327	-1.148833	1.378927	0.000000	0.000000
588.390000	0.540327	-1.148837	1.378926	0.000000	0.000000
588.400000	0.540328	-1.148840	1.378924	0.000000	0.000000
588.410000	0.540327	-1.148843	1.378923	0.000000	0.000000
588.420000	0.540326	-1.148843	1.378922	0.000000	0.000000
588.430000	0.540325	-1.148841	1.378921	0.000000	0.000000
588.440000	0.540323	-1.148837	1.378919	0.000000	0.000000
588.450000	0.540320	-1.148831	1.378918	0.000000	0.000000
588.460000	0.540318	-1.148827	1.378917	0.000000	0.000000
588.470000	0.540317	-1.148825	1.378916	0.000000	0.000000
588.480000	0.540316	-1.148823	1.378915	0.000000	0.000000
588.490000	0.540316	-1.148823	1.378913	0.000000	0.000000
588.500000	0.540316	-1.148824	1.378912	0.000000	0.000000
588.510000	0.540316	-1.148825	1.378911	0.000000	0.000000
588.520000	0.540317	-1.148828	1.378910	0.000000	0.000000
588.530000	0.540317	-1.148831	1.378909	0.000000	0.000000
588.540000	0.540318	-1.148836	1.378907	0.000000	0.000000
588.550000	0.540320	-1.148840	1.378906	0.000000	0.000000
588.560000	0.540321	-1.148845	1.378905	0.000000	0.000000
588.570000	0.540321	-1.148848	1.378903	0.000000	0.000000
588.580000	0.540322	-1.148849	1.378902	0.000000	0.000000
588.590000	0.540321	-1.148848	1.378901	0.000000	0.000000
588.600000	0.540320	-1.148848	1.378899	0.000000	0.000000
588.610000	0.540320	-1.148849	1.378898	0.000000	0.000000
588.620000	0.540320	-1.148852	1.378897	0.000000	0.000000
588.630000	0.540320	-1.148857	1.378895	0.000000	0.000000
588.640000	0.540321	-1.148862	1.378894	0.000000	0.000000
588.650000	0.540321	-1.148865	1.378893	0.000000	0.000000
588.660000	0.540321	-1.148867	1.378892	0.000000	0.000000
588.670000	0.540320	-1.148866	1.378891	0.000000	0.000000
588.680000	0.540318	-1.148864	1.378890	0.000000	0.000000
588.690000	0.540317	-1.148859	1.378889	0.000000	0.000000
588.700000	0.540314	-1.148855	1.378888	0.000000	0.000000
588.710000	0.540313	-1.148852	1.378888	0.000000	0.000000
588.720000	0.540311	-1.148850	1.378887	0.000000	0.000000
588.730000	0.540310	-1.148849	1.378886	0.000000	0.000000
588.740000	0.540309	-1.148849	1.378886	0.000000	0.000000
588.750000	0.540308	-1.148848	1.378885	0.000000	0.000000
588.760000	0.540307	-1.148846	1.378885	0.000000	0.000000
588.770000	0.540305	-1.148844	1.378884	0.000000	0.000000
588.780000	0.540303	-1.148842	1.378883	0.000000	0.000000
588.790000	0.540302	-1.148841	1.378883	0.000000	0.000000
588.800000	0.540302	-1.148844	1.378882	0.000000	0.000000
588.810000	0.540303	-1.148848	1.378882	0.000000	0.000000
588.820000	0.540304	-1.148853	1.378882	0.000000	0.000000
588.830000	0.540305	-1.148858	1.378881	0.000000	0.000000
588.840000	0.540307	-1.148864	1.378881	0.000000	0.000000
588.850000	0.540310	-1.148871	1.378880	0.000000	0.000000
588.860000	0.540311	-1.148878	1.378880	0.000000	0.000000
588.870000	0.540313	-1.148883	1.378880	0.000000	0.000000
588.880000	0.540314	-1.148888	1.378879	0.000000	0.000000
588.890000	0.540314	-1.148890	1.378879	0.000000	0.000000
588.900000	0.540314	-1.148891	1.378879	0.000000	0.000000
588.910000	0.540314	-1.148891	1.378879	0.000000	0.000000
588.920000	0.540313	-1.148891	1.378879	0.000000	0.000000
588.930000	0.540313	-1.148892	1.378879	0.000000	0.000000
588.940000	0.540313	-1.148894	1.378879	0.000000	0.000000
588.950000	0.540313	-1.148897	1.378879	0.000000	0.000000
588.960000	0.540313	-1.148900	1.378880	0.000000	0.000000
588.970000	0.540312	-1.148903	1.378880	0.000000	0.000000
588.980000	0.540311	-1.148904	1.378881	0.000000	0.000000
588.990000	0.540309	-1.148905	1.378881	0.000000	0.000000
589.000000	0.540307	-1.148904	1.378882	0.000000	0.000000
589.010000	0.540305	-1.148903	1.378883	0.000000	0.000000
589.020000	0.540303	-1.148902	1.378884	0.000000	0.000000
589.030000	0.540301	-1.148901	1.378885	0.000000	0.000000
589.040000	0.540299	-1.148900	1.378886	0.000000	0.000000
589.050000	0.540296	-1.148899	1.378886	0.000000	0.000000
589.060000	0.540293	-1.148898	1.378888	0.000000	0.000000
589.070000	0.540290	-1.148897	1.378889	0.000000	0.000000
589.080000	0.540288	-1.148896	1.378890	0.000000	0.000000
589.090000	0.540285	-1.148894	1.378891	0.000000	0.000000
589.100000	0.540283	-1.148891	1.378892	0.000000	0.000000
589.110000	0.540280	-1.148887	1.378893	0.000000	0.000000
589.120000	0.540276	-1.148883	1.378894	0.000000	0.000000
589.130000	0.540274	-1.148880	1.378895	0.000000	0.000000
589.140000	0.540272	-1.148879	1.378896	0.000000	0.000000
589.150000	0.540270	-1.148879	1.378898	0.000000	0.000000
589.160000	0.540268	-1.148879	1.378899	0.000000	0.000000
589.170000	0.540266	-1.148880	1.378900	0.000000	0.000000
589.180000	0.540264	-1.148879	1.378902	0.000000	0.000000
589.190000	0.540262	-1.148879	1.378903	0.000000	0.000000
589.200000	0.540261	-1.148878	1.378905	0.000000	0.000000
589.210000	0.540260	-1.148876	1.378906	0.000000	0.000000
589.220000	0.540258	-1.148873	1.378908	0.000000	0.000000
589.230000	0.540255	-1.148869	1.378910	0.000000	0.000000
589.240000	0.540252	-1.148862	1.378912	0.000000	0.000000
589.250000	0.540248	-1.148855	1.378914	0.000000	0.000000
589.260000	0.540244	-1.148849	1.378916	0.000000	0.000000
589.270000	0.540240	-1.148843	1.378918	0.000000	0.000000
589.280000	0.540237	-1.148838	1.378920	0.000000	0.000000
589.290000	0.540234	-1.148833	1.378922	0.000000	0.000000
589.300000	0.540230	-1.148829	1.378925	0.000000	0.000000
589.310000	0.540227	-1.148825	1.378927	0.000000	0.000000
589.320000	0.540224	-1.148822	1.378929	0.000000	0.000000
589.330000	0.540221	-1.148819	1.378932	0.000000	0.000000
589.340000	0.540219	-1.148817	1.378934	0.000000	0.000000
589.350000	0.540216	-1.148816	1.378936	0.000000	0.000000
589.360000	0.540214	-1.148816	1.378939	0.000000	0.000000
589.370000	0.540213	-1.148816	1.378941	0.000000	0.000000
589.380000	0.540211	-1.148816	1.378943	0.000000	0.000000
589.390000	0.540210	-1.148817	1.378946	0.000000	0.000000
589.400000	0.540208	-1.148818	1.378948	0.000000	0.000000
589.410000	0.540207	-1.148820	1.378951	0.000000	0.000000
589.420000	0.540205	-1.148822	1.378953	0.000000	0.000000
589.430000	0.540203	-1.148824	1.378956	0.000000	0.000000
589.440000	0.540201	-1.148827	1.378958	0.000000	0.000000
589.450000	0.540200	-1.148831	1.378961	0.000000	0.000000
589.460000	0.540199	-1.148835	1.378963	0.000000	0.000000
589.470000	0.540197	-1.148840	1.378966	0.000000	0.000000
589.480000	0.540196	-1.148845	1.378968	0.000000	0.000000
589.490000	0.540195	-1.148849	1.378971	0.000000	0.000000
589.500000	0.540192	-1.148851	1.378974	0.000000	0.000000
589.510000	0.540190	-1.148851	1.378976	0.000000	0.000000
589.520000	0.540188	-1.148849	1.378979	0.000000	0.000000
589.530000	0.540185	-1.148848	1.378982	0.000000	0.000000
589.540000	0.540182	-1.148846	1.378984	0.000000	0.000000
589.550000	0.540179	-1.148843	1.378987	0.000000	0.000000
589.560000	0.540176	-1.148841	1.378990	0.000000	0.000000
589.570000	0.540173	-1.148839	1.378993	0.000000	0.000000
589.580000	0.540171	-1.148838	1.378995	0.000000	0.000000
589.590000	0.540168	-1.148838	1.378998	0.000000	0.000000
589.600000	0.540166	-1.148839	1.379001	0.000000	0.000000
589.610000	0.540165	-1.148841	1.379004	0.000000	0.000000
589.620000	0.540165	-1.148844	1.379007	0.000000	0.000000
589.630000	0.540164	-1.148847	1.379010	0.000000	0.000000
589.640000	0.540162	-1.148849	1.379013	0.000000	0.000000
589.650000	0.540160	-1.148850	1.379017	0.000000	0.000000
589.660000	0.540157	-1.148851	1.379020	0.000000	0.000000
589.670000	0.540155	-1.148851	1.379023	0.000000	0.000000
589.680000	0.540152	-1.148851	1.379026	0.000000	0.000000
589.690000	0.540150	-1.148851	1.379030	0.000000	0.000000
589.700000	0.540148	-1.148851	1.379033	0.000000	0.000000
589.710000	0.540145	-1.148851	1.379037	0.000000	0.000000
589.720000	0.540142	-1.148852	1.379040	0.000000	0.000000
589.730000	0.540140	-1.148852	1.379044	0.000000	0.000000
589.740000	0.540136	-1.148851	1.379047	0.000000	0.000000
589.750000	0.540133	-1.148851	1.379051	0.000000	0.000000
589.760000	0.540130	-1.148851	1.379055	0.000000	0.000000
589.770000	0.540127	-1.148851	1.379058	0.000000	0.000000
589.780000	0.540124	-1.148851	1.379062	0.000000	0.000000
589.790000	0.540121	-1.148851	1.379066	0.000000	0.000000
589.800000	0.540119	-1.148849	1.379070	0.000000	0.000000
589.810000	0.540116	-1.148847	1.379074	0.000000	0.000000
589.820000	0.540114	-1.148843	1.379078	0.000000	0.000000
589.830000	0.540111	-1.148838	1.379083	0.000000	0.000000
589.840000	0.540108	-1.148832	1.379087	0.000000	0.000000
589.850000	0.540104	-1.148825	1.379091	0.000000	0.000000
589.860000	0.540101	-1.148818	1.379096	0.000000	0.000000
589.870000	0.540098	-1.148810	1.379100	0.000000	0.000000
589.880000	0.540095	-1.148801	1.379105	0.000000	0.000000
589.890000	0.540091	-1.148792	1.379109	0.000000	0.000000
589.900000	0.540089	-1.148784	1.379114	0.000000	0.000000
589.910000	0.540086	-1.148777	1.379119	0.000000	0.000000
589.920000	0.540085	-1.148771	1.379123	0.000000	0.000000
589.930000	0.540083	-1.148767	1.379128	0.000000	0.000000
589.940000	0.540081	-1.148765	1.379133	0.000000	0.000000
589.950000	0.540080	-1.148763	1.379138	0.000000	0.000000
589.960000	0.540078	-1.148762	1.379142	0.000000	0.000000
589.970000	0.540077	-1.148760	1.379147	0.000000	0.000000
589.980000	0.540076	-1.148759	1.379152	0.000000	0.000000
589.990000	0.540074	-1.148756	1.379157	0.000000	0.000000
590.000000	0.540072	-1.148751	1.379162	0.000000	0.000000
590.010000	0.540069	-1.148746	1.379167	0.000000	0.000000
590.020000	0.540067	-1.148740	1.379172	0.000000	0.000000
590.030000	0.540064	-1.148736	1.379177	0.000000	0.000000
590.040000	0.540061	-1.148732	1.379182	0.000000	0.000000
590.050000	0.540059	-1.148729	1.379188	0.000000	0.000000
590.060000	0.540056	-1.148726	1.379193	0.000000	0.000000
590.070000	0.540054	-1.148724	1.379198	0.000000	0.000000
590.080000	0.540052	-1.148721	1.379204	0.000000	0.000000
590.090000	0.540050	-1.148719	1.379209	0.000000	0.000000
590.100000	0.540048	-1.148716	1.379215	0.000000	0.000000
590.110000	0.540047	-1.148714	1.379221	0.000000	0.000000
590.120000	0.540045	-1.148712	1.379227	0.000000	0.000000
590.130000	0.540044	-1.148710	1.379233	0.000000	0.000000
590.140000	0.540042	-1.148708	1.379239	0.000000	0.000000
590.150000	0.540040	-1.148705	1.379245	0.000000	0.000000
590.160000	0.540038	-1.148700	1.379251	0.000000	0.000000
590.170000	0.540037	-1.148695	1.379257	0.000000	0.000000
590.180000	0.540035	-1.148688	1.379264	0.000000	0.000000
590.190000	0.540033	-1.148679	1.379270	0.000000	0.000000
590.200000	0.540030	-1.148669	1.379277	0.000000	0.000000
590.210000	0.540028	-1.148659	1.379284	0.000000	0.000000
590.220000	0.540025	-1.148649	1.379290	0.000000	0.000000
590.230000	0.540023	-1.148640	1.379297	0.000000	0.000000
590.240000	0.540021	-1.148631	1.379304	0.000000	0.000000
590.250000	0.540019	-1.148623	1.379311	0.000000	0.000000
590.260000	0.540018	-1.148616	1.379317	0.000000	0.000000
590.270000	0.540016	-1.148609	1.379324	0.000000	0.000000
590.280000	0.540013	-1.148602	1.379331	0.000000	0.000000
590.290000	0.540012	-1.148597	1.379339	0.000000	0.000000
590.300000	0.540010	-1.148592	1.379346	0.000000	0.000000
590.310000	0.540008	-1.148587	1.379353	0.000000	0.000000
590.320000	0.540007	-1.148582	1.379360	0.000000	0.000000
590.330000	0.540005	-1.148576	1.379367	0.000000	0.000000
590.340000	0.540002	-1.148571	1.379374	0.000000	0.000000
590.350000	0.540000	-1.148565	1.379382	0.000000	0.000000
590.360000	0.539997	-1.148560	1.379389	0.000000	0.000000
590.370000	0.539995	-1.148555	1.379396	0.000000	0.000000
590.380000	0.539992	-1.148549	1.379403	0.000000	0.000000
590.390000	0.539989	-1.148543	1.379411	0.000000	0.000000
590.400000	0.539987	-1.148537	1.379418	0.000000	0.000000
590.410000	0.539985	-1.148531	1.379425	0.000000	0.000000
590.420000	0.539983	-1.148525	1.379433	0.000000	0.000000
590.430000	0.539982	-1.148518	1.379440	0.000000	0.000000
590.440000	0.539980	-1.148511	1.379447	0.000000	0.000000
590.450000	0.539978	-1.148501	1.379455	0.000000	0.000000
590.460000	0.539976	-1.148490	1.379462	0.000000	0.000000
590.470000	0.539973	-1.148477	1.379469	0.000000	0.000000
590.480000	0.539970	-1.148465	1.379477	0.000000	0.000000
590.490000	0.539968	-1.148454	1.379484	0.000000	0.000000
590.500000	0.539967	-1.148444	1.379492	0.000000	0.000000
590.510000	0.539965	-1.148435	1.379499	0.000000	0.000000
590.520000	0.539964	-1.148426	1.379507	0.000000	0.000000
590.530000	0.539962	-1.148417	1.379514	0.000000	0.000000
590.540000	0.539960	-1.148406	1.379522	0.000000	0.000000
590.550000	0.539958	-1.148395	1.379529	0.000000	0.000000
590.560000	0.539955	-1.148384	1.379537	0.000000	0.000000
590.570000	0.539953	-1.148371	1.379544	0.000000	0.000000
590.580000	0.539950	-1.148358	1.379552	0.000000	0.000000
590.590000	0.539948	-1.148346	1.379560	0.000000	0.000000
590.600000	0.539946	-1.148335	1.379567	0.000000	0.000000
590.610000	0.539945	-1.148324	1.379575	0.000000	0.000000
590.620000	0.539943	-1.148314	1.379582	0.000000	0.000000
590.630000	0.539942	-1.148304	1.379590	0.000000	0.000000
590.640000	0.539939	-1.148293	1.379598	0.000000	0.000000
590.650000	0.539936	-1.148282	1.379605	0.000000	0.000000
590.660000	0.539934	-1.148270	1.379613	0.000000	0.000000
590.670000	0.539932	-1.148259	1.379621	0.000000	0.000000
590.680000	0.539930	-1.148249	1.379628	0.000000	0.000000
590.690000	0.539929	-1.148241	1.379636	0.000000	0.000000
590.700000	0.539929	-1.148232	1.379643	0.000000	0.000000
590.710000	0.539928	-1.148224	1.379651	0.000000	0.000000
590.720000	0.539927	-1.148215	1.379658	0.000000	0.000000
590.730000	0.539925	-1.148206	1.379666	0.000000	0.000000
590.740000	0.539923	-1.148196	1.379673	0.000000	0.000000
590.750000	0.539921	-1.148186	1.379681	0.000000	0.000000
590.760000	0.539918	-1.148175	1.379688	0.000000	0.000000
590.770000	0.539916	-1.148164	1.379695	0.000000	0.000000
590.780000	0.539914	-1.148153	1.379703	0.000000	0.000000
590.790000	0.539912	-1.148143	1.379710	0.000000	0.000000
590.800000	0.539910	-1.148133	1.379717	0.000000	0.000000
590.810000	0.539908	-1.148123	1.379725	0.000000	0.000000
590.820000	0.539905	-1.148114	1.379732	0.000000	0.000000
590.830000	0.539904	-1.148106	1.379739	0.000000	0.000000
590.840000	0.539902	-1.148097	1.379746	0.000000	0.000000
590.850000	0.539899	-1.148088	1.379753	0.000000	0.000000
590.860000	0.539897	-1.148078	1.379760	0.000000	0.000000
590.870000	0.539895	-1.148068	1.379768	0.000000	0.000000
590.880000	0.539892	-1.148058	1.379775	0.000000	0.000000
590.890000	0.539890	-1.148047	1.379782	0.000000	0.000000
590.900000	0.539888	-1.148036	1.379789	0.000000	0.000000
590.910000	0.539886	-1.148026	1.379796	0.000000	0.000000
590.920000	0.539885	-1.148018	1.379803	0.000000	0.000000
590.930000	0.539883	-1.148011	1.379810	0.000000	0.000000
590.940000	0.539882	-1.148004	1.379817	0.000000	0.000000
590.950000	0.539880	-1.147997	1.379825	0.000000	0.000000
590.960000	0.539878	-1.147990	1.379832	0.000000	0.000000
590.970000	0.539876	-1.147983	1.379839	0.000000	0.000000
590.980000	0.539874	-1.147976	1.379846	0.000000	0.000000
590.990000	0.539873	-1.147971	1.379853	0.000000	0.000000
591.000000	0.539872	-1.147966	1.379860	0.000000	0.000000
591.010000	0.539871	-1.147961	1.379868	0.000000	0.000000
591.020000	0.539871	-1.147956	1.379875	0.000000	0.000000
591.030000	0.539870	-1.147950	1.379882	0.000000	0.000000
591.040000	0.539868	-1.147943	1.379889	0.000000	0.000000
591.050000	0.539866	-1.147935	1.379896	0.000000	0.000000
591.060000	0.539865	-1.147927	1.379904	0.000000	0.000000
591.070000	0.539864	-1.147919	1.379911	0.000000	0.000000
591.080000	0.539863	-1.147910	1.379918	0.000000	0.000000
591.090000	0.539862	-1.147902	1.379925	0.000000	0.000000
591.100000	0.539860	-1.147893	1.379932	0.000000	0.000000
591.110000	0.539859	-1.147884	1.379939	0.000000	0.000000
591.120000	0.539857	-1.147875	1.379946	0.000000	0.000000
591.130000	0.539856	-1.147865	1.379954	0.000000	0.000000
591.140000	0.539854	-1.147856	1.379961	0.000000	0.000000
591.150000	0.539852	-1.147847	1.379968	0.000000	0.000000
591.160000	0.539849	-1.147838	1.379975	0.000000	0.000000
591.170000	0.539847	-1.147829	1.379982	0.000000	0.000000
591.180000	0.539845	-1.147822	1.379989	0.000000	0.000000
591.190000	0.539843	-1.147814	1.379996	0.000000	0.000000
591.200000	0.539841	-1.147808	1.380003	0.000000	0.000000
591.210000	0.539840	-1.147801	1.380010	0.000000	0.000000
591.220000	0.539839	-1.147795	1.380018	0.000000	0.000000
591.230000	0.539838	-1.147790	1.380025	0.000000	0.000000
591.240000	0.539837	-1.147785	1.380032	0.000000	0.000000
591.250000	0.539836	-1.147779	1.380039	0.000000	0.000000
591.260000	0.539835	-1.147774	1.380046	0.000000	0.000000
591.270000	0.539834	-1.147767	1.380053	0.000000	0.000000
591.280000	0.539832	-1.147758	1.380060	0.000000	0.000000
591.290000	0.539830	-1.147748	1.380067	0.000000	0.000000
591.300000	0.539827	-1.147737	1.380074	0.000000	0.000000
591.310000	0.539825	-1.147727	1.380081	0.000000	0.000000
591.320000	0.539822	-1.147718	1.380088	0.000000	0.000000
591.330000	0.539820	-1.147710	1.380096	0.000000	0.000000
591.340000	0.539818	-1.147704	1.380103	0.000000	0.000000
591.350000	0.539817	-1.147697	1.380110	0.000000	0.000000
591.360000	0.539817	-1.147691	1.380117	0.000000	0.000000
591.370000	0.539817	-1.147684	1.380124	0.000000	0.000000
591.380000	0.539816	-1.147677	1.380131	0.000000	0.000000
591.390000	0.539816	-1.147670	1.380138	0.000000	0.000000
591.400000	0.539816	-1.147662	1.380145	0.000000	0.000000
591.410000	0.539816	-1.147654	1.380152	0.000000	0.000000
591.420000	0.539817	-1.147647	1.380159	0.000000	0.000000
591.430000	0.539818	-1.147639	1.380166	0.000000	0.000000
591.440000	0.539818	-1.147631	1.380173	0.000000	0.000000
591.450000	0.539819	-1.147623	1.380179	0.000000	0.000000
591.460000	0.539819	-1.147613	1.380186	0.000000	0.000000
591.470000	0.539819	-1.147603	1.380193	0.000000	0.000000
591.480000	0.539819	-1.147591	1.380200	0.000000	0.000000
591.490000	0.539819	-1.147579	1.380206	0.000000	0.000000
591.500000	0.539820	-1.147566	1.380213	0.000000	0.000000
591.510000	0.539820	-1.147554	1.380220	0.000000	0.000000
591.520000	0.539820	-1.147542	1.380226	0.000000	0.000000
591.530000	0.539821	-1.147532	1.380233	0.000000	0.000000
591.540000	0.539822	-1.147522	1.380239	0.000000	0.000000
591.550000	0.539823	-1.147513	1.380246	0.000000	0.000000
591.560000	0.539824	-1.147505	1.380252	0.000000	0.000000
591.570000	0.539824	-1.147497	1.380259	0.000000	0.000000
591.580000	0.539824	-1.147488	1.380265	0.000000	0.000000
591.590000	0.539824	-1.147479	1.380271	0.000000	0.000000
591.600000	0.539824	-1.147470	1.380278	0.000000	0.000000
591.610000	0.539824	-1.147461	1.380284	0.000000	0.000000
591.620000	0.539824	-1.147453	1.380290	0.000000	0.000000
591.630000	0.539825	-1.147445	1.380296	0.000000	0.000000
591.640000	0.539825	-1.147438	1.380303	0.000000	0.000000
591.650000	0.539826	-1.147430	1.380309	0.000000	0.000000
591.660000	0.539828	-1.147424	1.380315	0.000000	0.000000
591.670000	0.539830	-1.147419	1.380321	0.000000	0.000000
591.680000	0.539832	-1.147414	1.380327	0.000000	0.000000
591.690000	0.539834	-1.147410	1.380333	0.000000	0.000000
591.700000	0.539836	-1.147405	1.380339	0.000000	0.000000
591.710000	0.539838	-1.147398	1.380346	0.000000	0.000000
591.720000	0.539839	-1.147390	1.380352	0.000000	0.000000
591.730000	0.539840	-1.147381	1.380358	0.000000	0.000000
591.740000	0.539842	-1.147372	1.380364	0.000000	0.000000
591.750000	0.539843	-1.147363	1.380370	0.000000	0.000000
591.760000	0.539844	-1.147353	1.380377	0.000000	0.000000
591.770000	0.539845	-1.147343	1.380383	0.000000	0.000000
591.780000	0.539847	-1.147333	1.380389	0.000000	0.000000
591.790000	0.539849	-1.147323	1.380396	0.000000	0.000000
591.800000	0.539850	-1.147312	1.380402	0.000000	0.000000
591.810000	0.539852	-1.147300	1.380409	0.000000	0.000000
591.820000	0.539853	-1.147288	1.380416	0.000000	0.000000
591.830000	0.539855	-1.147277	1.380422	0.000000	0.000000
591.840000	0.539857	-1.147265	1.380429	0.000000	0.000000
591.850000	0.539858	-1.147253	1.380436	0.000000	0.000000
591.860000	0.539861	-1.147242	1.380442	0.000000	0.000000
591.870000	0.539863	-1.147232	1.380449	0.000000	0.000000
591.880000	0.539866	-1.147222	1.380456	0.000000	0.000000
591.890000	0.539868	-1.147213	1.380462	0.000000	0.000000
591.900000	0.539871	-1.147205	1.380469	0.000000	0.000000
591.910000	0.539875	-1.147198	1.380475	0.000000	0.000000
591.920000	0.539879	-1.147192	1.380482	0.000000	0.000000
591.930000	0.539883	-1.147186	1.380489	0.000000	0.000000
591.940000	0.539887	-1.147181	1.380495	0.000000	0.000000
591.950000	0.539891	-1.147174	1.380502	0.000000	0.000000
591.960000	0.539895	-1.147168	1.380509	0.000000	0.000000
591.970000	0.539897	-1.147161	1.380515	0.000000	0.000000
591.980000	0.539900	-1.147154	1.380522	0.000000	0.000000
591.990000	0.539902	-1.147147	1.380529	0.000000	0.000000
592.000000	0.539906	-1.147142	1.380536	0.000000	0.000000
592.010000	0.539910	-1.147136	1.380542	0.000000	0.000000
592.020000	0.539913	-1.147131	1.380549	0.000000	0.000000
592.030000	0.539916	-1.147126	1.380556	0.000000	0.000000
592.040000	0.539919	-1.147119	1.380563	0.000000	0.000000
592.050000	0.539921	-1.147111	1.380570	0.000000	0.000000
592.060000	0.539923	-1.147103	1.380577	0.000000	0.000000
592.070000	0.539924	-1.147094	1.380584	0.000000	0.000000
592.080000	0.539927	-1.147085	1.380591	0.000000	0.000000
592.090000	0.539929	-1.147074	1.380598	0.000000	0.000000
592.100000	0.539931	-1.147062	1.380605	0.000000	0.000000
592.110000	0.539932	-1.147048	1.380612	0.000000	0.000000
592.120000	0.539933	-1.147034	1.380620	0.000000	0.000000
592.130000	0.539933	-1.147018	1.380627	0.000000	0.000000
592.140000	0.539933	-1.147001	1.380634	0.000000	0.000000
592.150000	0.539933	-1.146984	1.380641	0.000000	0.000000
592.160000	0.539933	-1.146967	1.380648	0.000000	0.000000
592.170000	0.539933	-1.146951	1.380655	0.000000	0.000000
592.180000	0.539933	-1.146936	1.380662	0.000000	0.000000
592.190000	0.539934	-1.146922	1.380669	0.000000	0.000000
592.200000	0.539935	-1.146909	1.380676	0.000000	0.000000
592.210000	0.539936	-1.146896	1.380683	0.000000	0.000000
592.220000	0.539937	-1.146886	1.380690	0.000000	0.000000
592.230000	0.539939	-1.146877	1.380697	0.000000	0.000000
592.240000	0.539941	-1.146870	1.380704	0.000000	0.000000
592.250000	0.539943	-1.146864	1.380710	0.000000	0.000000
592.260000	0.539945	-1.146859	1.380717	0.000000	0.000000
592.270000	0.539947	-1.146853	1.380724	0.000000	0.000000
592.280000	0.539948	-1.146846	1.380730	0.000000	0.000000
592.290000	0.539949	-1.146839	1.380737	0.000000	0.000000
592.300000	0.539951	-1.146831	1.380743	0.000000	0.000000
592.310000	0.539952	-1.146822	1.380750	0.000000	0.000000
592.320000	0.539953	-1.146814	1.380756	0.000000	0.000000
592.330000	0.539954	-1.146804	1.380762	0.000000	0.000000
592.340000	0.539955	-1.146792	1.380769	0.000000	0.000000
592.350000	0.539954	-1.146780	1.380775	0.000000	0.000000
592.360000	0.539954	-1.146767	1.380781	0.000000	0.000000
592.370000	0.539953	-1.146754	1.380787	0.000000	0.000000
592.380000	0.539952	-1.146742	1.380794	0.000000	0.000000
592.390000	0.539952	-1.146730	1.380800	0.000000	0.000000
592.400000	0.539952	-1.146718	1.380806	0.000000	0.000000
592.410000	0.539952	-1.146707	1.380812	0.000000	0.000000
592.420000	0.539953	-1.146696	1.380819	0.000000	0.000000
592.430000	0.539952	-1.146685	1.380825	0.000000	0.000000
592.440000	0.539953	-1.146675	1.380831	0.000000	0.000000
592.450000	0.539953	-1.146666	1.380837	0.000000	0.000000
592.460000	0.539953	-1.146656	1.380843	0.000000	0.000000
592.470000	0.539953	-1.146647	1.380849	0.000000	0.000000
592.480000	0.539954	-1.146639	1.380855	0.000000	0.000000
592.490000	0.539954	-1.146630	1.380861	0.000000	0.000000
592.500000	0.539954	-1.146621	1.380866	0.000000	0.000000
592.510000	0.539953	-1.146612	1.380872	0.000000	0.000000
592.520000	0.539952	-1.146602	1.380877	0.000000	0.000000
592.530000	0.539951	-1.146592	1.380883	0.000000	0.000000
592.540000	0.539951	-1.146583	1.380888	0.000000	0.000000
592.550000	0.539952	-1.146576	1.380893	0.000000	0.000000
592.560000	0.539953	-1.146570	1.380899	0.000000	0.000000
592.570000	0.539955	-1.146565	1.380904	0.000000	0.000000
592.580000	0.539956	-1.146559	1.380908	0.000000	0.000000
592.590000	0.539957	-1.146553	1.380913	0.000000	0.000000
592.600000	0.539957	-1.146546	1.380918	0.000000	0.000000
592.610000	0.539957	-1.146539	1.380923	0.000000	0.000000
592.620000	0.539956	-1.146531	1.380927	0.000000	0.000000
592.630000	0.539956	-1.146524	1.380932	0.000000	0.000000
592.640000	0.539955	-1.146515	1.380936	0.000000	0.000000
592.650000	0.539954	-1.146506	1.380941	0.000000	0.000000
592.660000	0.539953	-1.146495	1.380945	0.000000	0.000000
592.670000	0.539952	-1.146484	1.380949	0.000000	0.000000
592.680000	0.539951	-1.146474	1.380953	0.000000	0.000000
592.690000	0.539952	-1.146467	1.380957	0.000000	0.000000
592.700000	0.539952	-1.146460	1.380961	0.000000	0.000000
592.710000	0.539953	-1.146453	1.380965	0.000000	0.000000
592.720000	0.539954	-1.146446	1.380969	0.000000	0.000000
592.730000	0.539954	-1.146440	1.380973	0.000000	0.000000
592.740000	0.539956	-1.146435	1.380977	0.000000	0.000000
592.750000	0.539958	-1.146431	1.380981	0.000000	0.000000
592.760000	0.539960	-1.146426	1.380985	0.000000	0.000000
592.770000	0.539961	-1.146421	1.380989	0.000000	0.000000
592.780000	0.539962	-1.146415	1.380992	0.000000	0.000000
592.790000	0.539963	-1.146410	1.380996	0.000000	0.000000
592.800000	0.539966	-1.146405	1.381000	0.000000	0.000000
592.810000	0.539967	-1.146399	1.381003	0.000000	0.000000
592.820000	0.539969	-1.146392	1.381007	0.000000	0.000000
592.830000	0.539971	-1.146384	1.381011	0.000000	0.000000
592.840000	0.539972	-1.146376	1.381014	0.000000	0.000000
592.850000	0.539973	-1.146368	1.381017	0.000000	0.000000
592.860000	0.539975	-1.146361	1.381021	0.000000	0.000000
592.870000	0.539977	-1.146355	1.381024	0.000000	0.000000
592.880000	0.539978	-1.146351	1.381028	0.000000	0.000000
592.890000	0.539980	-1.146346	1.381031	0.000000	0.000000
592.900000	0.539981	-1.146342	1.381034	0.000000	0.000000
592.910000	0.539982	-1.146338	1.381037	0.000000	0.000000
592.920000	0.539982	-1.146332	1.381040	0.000000	0.000000
592.930000	0.539981	-1.146327	1.381043	0.000000	0.000000
592.940000	0.539981	-1.146322	1.381045	0.000000	0.000000
592.950000	0.539980	-1.146317	1.381048	0.000000	0.000000
592.960000	0.539979	-1.146312	1.381051	0.000000	0.000000
592.970000	0.539979	-1.146308	1.381053	0.000000	0.000000
592.980000	0.539979	-1.146305	1.381056	0.000000	0.000000
592.990000	0.539980	-1.146302	1.381058	0.000000	0.000000
593.000000	0.539980	-1.146298	1.381061	0.000000	0.000000
593.010000	0.539980	-1.146294	1.381063	0.000000	0.000000
593.020000	0.539981	-1.146289	1.381066	0.000000	0.000000
593.030000	0.539981	-1.146284	1.381068	0.000000	0.000000
593.040000	0.539982	-1.146280	1.381070	0.000000	0.000000
593.050000	0.539983	-1.146278	1.381072	0.000000	0.000000
593.060000	0.539984	-1.146276	1.381075	0.000000	0.000000
593.070000	0.539986	-1.146276	1.381077	0.000000	0.000000
593.080000	0.539988	-1.146276	1.381079	0.000000	0.000000
593.090000	0.539989	-1.146277	1.381082	0.000000	0.000000
593.100000	0.539990	-1.146278	1.381084	0.000000	0.000000
593.110000	0.539992	-1.146280	1.381086	0.000000	0.000000
593.120000	0.539993	-1.146282	1.381089	0.000000	0.000000
593.130000	0.539993	-1.146283	1.381091	0.000000	0.000000
593.140000	0.539993	-1.146283	1.381094	0.000000	0.000000
593.150000	0.539992	-1.146281	1.381096	0.000000	0.000000
593.160000	0.539991	-1.146278	1.381099	0.000000	0.000000
593.170000	0.539989	-1.146274	1.381101	0.000000	0.000000
593.180000	0.539988	-1.146269	1.381104	0.000000	0.000000
593.190000	0.539987	-1.146264	1.381106	0.000000	0.000000
593.200000	0.539987	-1.146258	1.381109	0.000000	0.000000
593.210000	0.539986	-1.146251	1.381111	0.000000	0.000000
593.220000	0.539986	-1.146244	1.381114	0.000000	0.000000
593.230000	0.539984	-1.146236	1.381116	0.000000	0.000000
593.240000	0.539983	-1.146227	1.381119	0.000000	0.000000
593.250000	0.539981	-1.146219	1.381122	0.000000	0.000000
593.260000	0.539981	-1.146212	1.381124	0.000000	0.000000
593.270000	0.539980	-1.146206	1.381126	0.000000	0.000000
593.280000	0.539981	-1.146201	1.381129	0.000000	0.000000
593.290000	0.539981	-1.146195	1.381131	0.000000	0.000000
593.300000	0.539981	-1.146189	1.381134	0.000000	0.000000
593.310000	0.539980	-1.146181	1.381136	0.000000	0.000000
593.320000	0.539979	-1.146173	1.381138	0.000000	0.000000
593.330000	0.539978	-1.146163	1.381141	0.000000	0.000000
593.340000	0.539977	-1.146154	1.381143	0.000000	0.000000
593.350000	0.539976	-1.146144	1.381145	0.000000	0.000000
593.360000	0.539976	-1.146136	1.381147	0.000000	0.000000
593.370000	0.539976	-1.146130	1.381150	0.000000	0.000000
593.380000	0.539976	-1.146124	1.381152	0.000000	0.000000
593.390000	0.539976	-1.146118	1.381154	0.000000	0.000000
593.400000	0.539976	-1.146111	1.381157	0.000000	0.000000
593.410000	0.539974	-1.146103	1.381159	0.000000	0.000000
593.420000	0.539973	-1.146094	1.381161	0.000000	0.000000
593.430000	0.539972	-1.146085	1.381164	0.000000	0.000000
593.440000	0.539970	-1.146075	1.381166	0.000000	0.000000
593.450000	0.539968	-1.146066	1.381168	0.000000	0.000000
593.460000	0.539967	-1.146056	1.381171	0.000000	0.000000
593.470000	0.539965	-1.146046	1.381173	0.000000	0.000000
593.480000	0.539962	-1.146035	1.381175	0.000000	0.000000
593.490000	0.539960	-1.146025	1.381177	0.000000	0.000000
593.500000	0.539958	-1.146013	1.381179	0.000000	0.000000
593.510000	0.539956	-1.146002	1.381181	0.000000	0.000000
593.520000	0.539953	-1.145991	1.381183	0.000000	0.000000
593.530000	0.539950	-1.145979	1.381185	0.000000	0.000000
593.540000	0.539946	-1.145966	1.381187	0.000000	0.000000
593.550000	0.539943	-1.145954	1.381188	0.000000	0.000000
593.560000	0.539940	-1.145941	1.381190	0.000000	0.000000
593.570000	0.539938	-1.145929	1.381192	0.000000	0.000000
593.580000	0.539936	-1.145920	1.381193	0.000000	0.000000
593.590000	0.539936	-1.145912	1.381195	0.000000	0.000000
593.600000	0.539935	-1.145905	1.381196	0.000000	0.000000
593.610000	0.539934	-1.145898	1.381197	0.000000	0.000000
593.620000	0.539934	-1.145891	1.381199	0.000000	0.000000
593.630000	0.539933	-1.145884	1.381200	0.000000	0.000000
593.640000	0.539933	-1.145879	1.381201	0.000000	0.000000
593.650000	0.539934	-1.145874	1.381202	0.000000	0.000000
593.660000	0.539934	-1.145868	1.381203	0.000000	0.000000
593.670000	0.539935	-1.145861	1.381204	0.000000	0.000000
593.680000	0.539935	-1.145851	1.381205	0.000000	0.000000
593.690000	0.539934	-1.145838	1.381206	0.000000	0.000000
593.700000	0.539933	-1.145826	1.381207	0.000000	0.000000
593.710000	0.539932	-1.145815	1.381207	0.000000	0.000000
593.720000	0.539932	-1.145807	1.381208	0.000000	0.000000
593.730000	0.539933	-1.145800	1.381209	0.000000	0.000000
593.740000	0.539934	-1.145795	1.381209	0.000000	0.000000
593.750000	0.539934	-1.145789	1.381210	0.000000	0.000000
593.760000	0.539935	-1.145783	1.381211	0.000000	0.000000
593.770000	0.539937	-1.145777	1.381211	0.000000	0.000000
593.780000	0.539938	-1.145771	1.381212	0.000000	0.000000
593.790000	0.539939	-1.145764	1.381212	0.000000	0.000000
593.800000	0.539939	-1.145757	1.381212	0.000000	0.000000
593.810000	0.539939	-1.145749	1.381212	0.000000	0.000000
593.820000	0.539939	-1.145739	1.381213	0.000000	0.000000
593.830000	0.539939	-1.145728	1.381213	0.000000	0.000000
593.840000	0.539938	-1.145716	1.381213	0.000000	0.000000
593.850000	0.539937	-1.145705	1.381212	0.000000	0.000000
593.860000	0.539937	-1.145695	1.381212	0.000000	0.000000
593.870000	0.539938	-1.145689	1.381212	0.000000	0.000000
593.880000	0.539941	-1.145687	1.381211	0.000000	0.000000
593.890000	0.539944	-1.145689	1.381211	0.000000	0.000000
593.900000	0.539947	-1.145693	1.381210	0.000000	0.000000
593.910000	0.539950	-1.145697	1.381209	0.000000	0.000000
593.920000	0.539952	-1.145699	1.381208	0.000000	0.000000
593.930000	0.539954	-1.145701	1.381207	0.000000	0.000000
593.940000	0.539957	-1.145704	1.381206	0.000000	0.000000
593.950000	0.539959	-1.145708	1.381205	0.000000	0.000000
593.960000	0.539961	-1.145712	1.381203	0.000000	0.000000
593.970000	0.539962	-1.145716	1.381202	0.000000	0.000000
593.980000	0.539964	-1.145718	1.381201	0.000000	0.000000
593.990000	0.539965	-1.145719	1.381200	0.000000	0.000000
594.000000	0.539965	-1.145720	1.381198	0.000000	0.000000
594.010000	0.539965	-1.145720	1.381197	0.000000	0.000000
594.020000	0.539965	-1.145720	1.381195	0.000000	0.000000
594.030000	0.539965	-1.145718	1.381194	0.000000	0.000000
594.040000	0.539964	-1.145715	1.381193	0.000000	0.000000
594.050000	0.539963	-1.145712	1.381191	0.000000	0.000000
594.060000	0.539962	-1.145708	1.381190	0.000000	0.000000
594.070000	0.539960	-1.145705	1.381188	0.000000	0.000000
594.080000	0.539959	-1.145705	1.381187	0.000000	0.000000
594.090000	0.539959	-1.145708	1.381185	0.000000	0.000000
594.100000	0.539960	-1.145714	1.381184	0.000000	0.000000
594.110000	0.539961	-1.145721	1.381182	0.000000	0.000000
594.120000	0.539963	-1.145729	1.381181	0.000000	0.000000
594.130000	0.539964	-1.145737	1.381179	0.000000	0.000000
594.140000	0.539965	-1.145745	1.381178	0.000000	0.000000
594.150000	0.539965	-1.145753	1.381176	0.000000	0.000000
594.160000	0.539965	-1.145759	1.381175	0.000000	0.000000
594.170000	0.539964	-1.145765	1.381173	0.000000	0.000000
594.180000	0.539963	-1.145770	1.381172	0.000000	0.000000
594.190000	0.539962	-1.145775	1.381170	0.000000	0.000000
594.200000	0.539961	-1.145780	1.381169	0.000000	0.000000
594.210000	0.539960	-1.145785	1.381167	0.000000	0.000000
594.220000	0.539959	-1.145791	1.381166	0.000000	0.000000
594.230000	0.539958	-1.145796	1.381165	0.000000	0.000000
594.240000	0.539958	-1.145802	1.381163	0.000000	0.000000
594.250000	0.539958	-1.145808	1.381162	0.000000	0.000000
594.260000	0.539957	-1.145813	1.381160	0.000000	0.000000
594.270000	0.539956	-1.145817	1.381159	0.000000	0.000000
594.280000	0.539955	-1.145820	1.381158	0.000000	0.000000
594.290000	0.539953	-1.145823	1.381156	0.000000	0.000000
594.300000	0.539951	-1.145824	1.381155	0.000000	0.000000
594.310000	0.539948	-1.145825	1.381154	0.000000	0.000000
594.320000	0.539945	-1.145826	1.381152	0.000000	0.000000
594.330000	0.539942	-1.145826	1.381151	0.000000	0.000000
594.340000	0.539939	-1.145827	1.381149	0.000000	0.000000
594.350000	0.539936	-1.145827	1.381148	0.000000	0.000000
594.360000	0.539932	-1.145828	1.381146	0.000000	0.000000
594.370000	0.539928	-1.145829	1.381145	0.000000	0.000000
594.380000	0.539925	-1.145830	1.381143	0.000000	0.000000
594.390000	0.539923	-1.145834	1.381141	0.000000	0.000000
594.400000	0.539921	-1.145839	1.381139	0.000000	0.000000
594.410000	0.539920	-1.145846	1.381137	0.000000	0.000000
594.420000	0.539920	-1.145854	1.381135	0.000000	0.000000
594.430000	0.539919	-1.145862	1.381133	0.000000	0.000000
594.440000	0.539918	-1.145868	1.381131	0.000000	0.000000
594.450000	0.539916	-1.145871	1.381129	0.000000	0.000000
594.460000	0.539914	-1.145871	1.381127	0.000000	0.000000
594.470000	0.539912	-1.145871	1.381124	0.000000	0.000000
594.480000	0.539910	-1.145875	1.381122	0.000000	0.000000
594.490000	0.539910	-1.145881	1.381119	0.000000	0.000000
594.500000	0.539910	-1.145889	1.381117	0.000000	0.000000
594.510000	0.539911	-1.145898	1.381115	0.000000	0.000000
594.520000	0.539912	-1.145907	1.381112	0.000000	0.000000
594.530000	0.539913	-1.145915	1.381110	0.000000	0.000000
594.540000	0.539913	-1.145921	1.381107	0.000000	0.000000
594.550000	0.539914	-1.145926	1.381105	0.000000	0.000000
594.560000	0.539914	-1.145930	1.381102	0.000000	0.000000
594.570000	0.539913	-1.145933	1.381099	0.000000	0.000000
594.580000	0.539913	-1.145935	1.381097	0.000000	0.000000
594.590000	0.539912	-1.145936	1.381094	0.000000	0.000000
594.600000	0.539911	-1.145936	1.381091	0.000000	0.000000
594.610000	0.539910	-1.145935	1.381088	0.000000	0.000000
594.620000	0.539908	-1.145933	1.381086	0.000000	0.000000
594.630000	0.539906	-1.145931	1.381083	0.000000	0.000000
594.640000	0.539905	-1.145929	1.381080	0.000000	0.000000
594.650000	0.539904	-1.145926	1.381077	0.000000	0.000000
594.660000	0.539903	-1.145924	1.381074	0.000000	0.000000
594.670000	0.539903	-1.145923	1.381071	0.000000	0.000000
594.680000	0.539903	-1.145923	1.381068	0.000000	0.000000
594.690000	0.539903	-1.145926	1.381065	0.000000	0.000000
594.700000	0.539904	-1.145931	1.381062	0.000000	0.000000
594.710000	0.539905	-1.145938	1.381058	0.000000	0.000000
594.720000	0.539907	-1.145945	1.381055	0.000000	0.000000
594.730000	0.539908	-1.145953	1.381052	0.000000	0.000000
594.740000	0.539910	-1.145960	1.381049	0.000000	0.000000
594.750000	0.539912	-1.145969	1.381046	0.000000	0.000000
594.760000	0.539914	-1.145978	1.381042	0.000000	0.000000
594.770000	0.539916	-1.145985	1.381039	0.000000	0.000000
594.780000	0.539918	-1.145989	1.381036	0.000000	0.000000
594.790000	0.539918	-1.145989	1.381033	0.000000	0.000000
594.800000	0.539918	-1.145986	1.381030	0.000000	0.000000
594.810000	0.539918	-1.145984	1.381026	0.000000	0.000000
594.820000	0.539919	-1.145984	1.381023	0.000000	0.000000
594.830000	0.539921	-1.145987	1.381020	0.000000	0.000000
594.840000	0.539923	-1.145992	1.381017	0.000000	0.000000
594.850000	0.539927	-1.146000	1.381014	0.000000	0.000000
594.860000	0.539931	-1.146010	1.381010	0.000000	0.000000
594.870000	0.539935	-1.146021	1.381007	0.000000	0.000000
594.880000	0.539939	-1.146030	1.381004	0.000000	0.000000
594.890000	0.539941	-1.146038	1.381001	0.000000	0.000000
594.900000	0.539943	-1.146044	1.380998	0.000000	0.000000
594.910000	0.539944	-1.146050	1.380995	0.000000	0.000000
594.920000	0.539945	-1.146055	1.380992	0.000000	0.000000
594.930000	0.539946	-1.146059	1.380989	0.000000	0.000000
594.940000	0.539947	-1.146062	1.380986	0.000000	0.000000
594.950000	0.539947	-1.146065	1.380983	0.000000	0.000000
594.960000	0.539948	-1.146069	1.380980	0.000000	0.000000
594.970000	0.539948	-1.146073	1.380977	0.000000	0.000000
594.980000	0.539949	-1.146078	1.380974	0.000000	0.000000
594.990000	0.539950	-1.146083	1.380972	0.000000	0.000000
595.000000	0.539951	-1.146088	1.380969	0.000000	0.000000
595.010000	0.539953	-1.146093	1.380967	0.000000	0.000000
595.020000	0.539953	-1.146098	1.380964	0.000000	0.000000
595.030000	0.539955	-1.146101	1.380962	0.000000	0.000000
595.040000	0.539955	-1.146103	1.380959	0.000000	0.000000
595.050000	0.539955	-1.146102	1.380957	0.000000	0.000000
595.060000	0.539954	-1.146100	1.380955	0.000000	0.000000
595.070000	0.539952	-1.146097	1.380953	0.000000	0.000000
595.080000	0.539951	-1.146093	1.380951	0.000000	0.000000
595.090000	0.539949	-1.146089	1.380949	0.000000	0.000000
595.100000	0.539948	-1.146088	1.380947	0.000000	0.000000
595.110000	0.539947	-1.146088	1.380945	0.000000	0.000000
595.120000	0.539947	-1.146090	1.380943	0.000000	0.000000
595.130000	0.539946	-1.146093	1.380941	0.000000	0.000000
595.140000	0.539946	-1.146096	1.380939	0.000000	0.000000
595.150000	0.539945	-1.146099	1.380937	0.000000	0.000000
595.160000	0.539944	-1.146102	1.380935	0.000000	0.000000
595.170000	0.539943	-1.146104	1.380933	0.000000	0.000000
595.180000	0.539943	-1.146108	1.380931	0.000000	0.000000
595.190000	0.539944	-1.146113	1.380929	0.000000	0.000000
595.200000	0.539944	-1.146119	1.380927	0.000000	0.000000
595.210000	0.539944	-1.146126	1.380924	0.000000	0.000000
595.220000	0.539943	-1.146132	1.380922	0.000000	0.000000
595.230000	0.539943	-1.146139	1.380920	0.000000	0.000000
595.240000	0.539942	-1.146146	1.380918	0.000000	0.000000
595.250000	0.539941	-1.146154	1.380915	0.000000	0.000000
595.260000	0.539940	-1.146161	1.380913	0.000000	0.000000
595.270000	0.539939	-1.146168	1.380911	0.000000	0.000000
595.280000	0.539938	-1.146174	1.380909	0.000000	0.000000
595.290000	0.539937	-1.146180	1.380906	0.000000	0.000000
595.300000	0.539936	-1.146186	1.380904	0.000000	0.000000
595.310000	0.539934	-1.146193	1.380902	0.000000	0.000000
595.320000	0.539932	-1.146199	1.380900	0.000000	0.000000
595.330000	0.539931	-1.146207	1.380897	0.000000	0.000000
595.340000	0.539930	-1.146214	1.380895	0.000000	0.000000
595.350000	0.539928	-1.146220	1.380893	0.000000	0.000000
595.360000	0.539926	-1.146227	1.380891	0.000000	0.000000
595.370000	0.539924	-1.146232	1.380888	0.000000	0.000000
595.380000	0.539922	-1.146237	1.380886	0.000000	0.000000
595.390000	0.539920	-1.146239	1.380883	0.000000	0.000000
595.400000	0.539918	-1.146242	1.380881	0.000000	0.000000
595.410000	0.539916	-1.146246	1.380878	0.000000	0.000000
595.420000	0.539915	-1.146252	1.380876	0.000000	0.000000
595.430000	0.539916	-1.146261	1.380873	0.000000	0.000000
595.440000	0.539916	-1.146272	1.380870	0.000000	0.000000
595.450000	0.539917	-1.146282	1.380868	0.000000	0.000000
595.460000	0.539917	-1.146292	1.380865	0.000000	0.000000
595.470000	0.539916	-1.146301	1.380862	0.000000	0.000000
595.480000	0.539916	-1.146311	1.380859	0.000000	0.000000
595.490000	0.539916	-1.146322	1.380856	0.000000	0.000000
595.500000	0.539917	-1.146333	1.380853	0.000000	0.000000
595.510000	0.539918	-1.146344	1.380850	0.000000	0.000000
595.520000	0.539918	-1.146355	1.380847	0.000000	0.000000
595.530000	0.539917	-1.146364	1.380844	0.000000	0.000000
595.540000	0.539917	-1.146373	1.380841	0.000000	0.000000
595.550000	0.539916	-1.146382	1.380838	0.000000	0.000000
595.560000	0.539915	-1.146393	1.380835	0.000000	0.000000
595.570000	0.539915	-1.146406	1.380832	0.000000	0.000000
595.580000	0.539914	-1.146418	1.380830	0.000000	0.000000
595.590000	0.539914	-1.146430	1.380827	0.000000	0.000000
595.600000	0.539914	-1.146443	1.380825	0.000000	0.000000
595.610000	0.539915	-1.146457	1.380822	0.000000	0.000000
595.620000	0.539915	-1.146471	1.380820	0.000000	0.000000
595.630000	0.539916	-1.146485	1.380818	0.000000	0.000000
595.640000	0.539918	-1.146499	1.380816	0.000000	0.000000
595.650000	0.539918	-1.146510	1.380814	0.000000	0.000000
595.660000	0.539917	-1.146519	1.380812	0.000000	0.000000
595.670000	0.539917	-1.146525	1.380810	0.000000	0.000000
595.680000	0.539915	-1.146529	1.380808	0.000000	0.000000
595.690000	0.539913	-1.146532	1.380806	0.000000	0.000000
595.700000	0.539911	-1.146533	1.380804	0.000000	0.000000
595.710000	0.539908	-1.146534	1.380803	0.000000	0.000000
595.720000	0.539905	-1.146534	1.380801	0.000000	0.000000
595.730000	0.539902	-1.146533	1.380799	0.000000	0.000000
595.740000	0.539898	-1.146531	1.380798	0.000000	0.000000
595.750000	0.539895	-1.146530	1.380796	0.000000	0.000000
595.760000	0.539892	-1.146529	1.380795	0.000000	0.000000
595.770000	0.539888	-1.146528	1.380793	0.000000	0.000000
595.780000	0.539885	-1.146528	1.380791	0.000000	0.000000
595.790000	0.539883	-1.146529	1.380790	0.000000	0.000000
595.800000	0.539880	-1.146530	1.380788	0.000000	0.000000
595.810000	0.539878	-1.146531	1.380786	0.000000	0.000000
595.820000	0.539876	-1.146533	1.380784	0.000000	0.000000
595.830000	0.539874	-1.146534	1.380782	0.000000	0.000000
595.840000	0.539873	-1.146536	1.380780	0.000000	0.000000
595.850000	0.539872	-1.146538	1.380778	0.000000	0.000000
595.860000	0.539871	-1.146541	1.380776	0.000000	0.000000
595.870000	0.539871	-1.146546	1.380774	0.000000	0.000000
595.880000	0.539871	-1.146551	1.380772	0.000000	0.000000
595.890000	0.539872	-1.146557	1.380769	0.000000	0.000000
595.900000	0.539873	-1.146562	1.380767	0.000000	0.000000
595.910000	0.539875	-1.146569	1.380765	0.000000	0.000000
595.920000	0.539877	-1.146576	1.380762	0.000000	0.000000
595.930000	0.539880	-1.146583	1.380760	0.000000	0.000000
595.940000	0.539882	-1.146590	1.380758	0.000000	0.000000
595.950000	0.539885	-1.146597	1.380756	0.000000	0.000000
595.960000	0.539888	-1.146604	1.380753	0.000000	0.000000
595.970000	0.539891	-1.146612	1.380751	0.000000	0.000000
595.980000	0.539893	-1.146620	1.380749	0.000000	0.000000
595.990000	0.539894	-1.146625	1.380747	0.000000	0.000000
596.000000	0.539895	-1.146628	1.380745	0.000000	0.000000
596.010000	0.539896	-1.146629	1.380743	0.000000	0.000000
596.020000	0.539897	-1.146630	1.380741	0.000000	0.000000
596.030000	0.539897	-1.146631	1.380740	0.000000	0.000000
596.040000	0.539897	-1.146631	1.380738	0.000000	0.000000
596.050000	0.539897	-1.146633	1.380736	0.000000	0.000000
596.060000	0.539895	-1.146635	1.380734	0.000000	0.000000
596.070000	0.539894	-1.146637	1.380733	0.000000	0.000000
596.080000	0.539893	-1.146641	1.380731	0.000000	0.000000
596.090000	0.539891	-1.146645	1.380730	0.000000	0.000000
596.100000	0.539889	-1.146650	1.380728	0.000000	0.000000
596.110000	0.539888	-1.146656	1.380726	0.000000	0.000000
596.120000	0.539887	-1.146662	1.380725	0.000000	0.000000
596.130000	0.539885	-1.146666	1.380723	0.000000	0.000000
596.140000	0.539883	-1.146669	1.380721	0.000000	0.000000
596.150000	0.539881	-1.146671	1.380720	0.000000	0.000000
596.160000	0.539879	-1.146673	1.380718	0.000000	0.000000
596.170000	0.539878	-1.146677	1.380716	0.000000	0.000000
596.180000	0.539877	-1.146684	1.380715	0.000000	0.000000
596.190000	0.539877	-1.146691	1.380713	0.000000	0.000000
596.200000	0.539878	-1.146699	1.380712	0.000000	0.000000
596.210000	0.539878	-1.146707	1.380710	0.000000	0.000000
596.220000	0.539879	-1.146713	1.380708	0.000000	0.000000
596.230000	0.539879	-1.146718	1.380707	0.000000	0.000000
596.240000	0.539878	-1.146720	1.380705	0.000000	0.000000
596.250000	0.539876	-1.146720	1.380704	0.000000	0.000000
596.260000	0.539872	-1.146717	1.380702	0.000000	0.000000
596.270000	0.539869	-1.146713	1.380700	0.000000	0.000000
596.280000	0.539865	-1.146709	1.380699	0.000000	0.000000
596.290000	0.539862	-1.146706	1.380697	0.000000	0.000000
596.300000	0.539859	-1.146703	1.380696	0.000000	0.000000
596.310000	0.539856	-1.146700	1.380694	0.000000	0.000000
596.320000	0.539854	-1.146698	1.380693	0.000000	0.000000
596.330000	0.539852	-1.146695	1.380691	0.000000	0.000000
596.340000	0.539851	-1.146694	1.380689	0.000000	0.000000
596.350000	0.539849	-1.146692	1.380688	0.000000	0.000000
596.360000	0.539847	-1.146690	1.380686	0.000000	0.000000
596.370000	0.539846	-1.146690	1.380684	0.000000	0.000000
596.380000	0.539845	-1.146690	1.380682	0.000000	0.000000
596.390000	0.539844	-1.146693	1.380680	0.000000	0.000000
596.400000	0.539843	-1.146697	1.380678	0.000000	0.000000
596.410000	0.539843	-1.146701	1.380676	0.000000	0.000000
596.420000	0.539842	-1.146705	1.380674	0.000000	0.000000
596.430000	0.539841	-1.146708	1.380671	0.000000	0.000000
596.440000	0.539840	-1.146710	1.380669	0.000000	0.000000
596.450000	0.539839	-1.146714	1.380666	0.000000	0.000000
596.460000	0.539839	-1.146719	1.380664	0.000000	0.000000
596.470000	0.539839	-1.146727	1.380661	0.000000	0.000000
596.480000	0.539839	-1.146734	1.380658	0.000000	0.000000
596.490000	0.539838	-1.146741	1.380656	0.000000	0.000000
596.500000	0.539838	-1.146749	1.380653	0.000000	0.000000
596.510000	0.539838	-1.146757	1.380650	0.000000	0.000000
596.520000	0.539837	-1.146765	1.380647	0.000000	0.000000
596.530000	0.539836	-1.146773	1.380644	0.000000	0.000000
596.540000	0.539836	-1.146780	1.380641	0.000000	0.000000
596.550000	0.539835	-1.146789	1.380638	0.000000	0.000000
596.560000	0.539835	-1.146797	1.380635	0.000000	0.000000
596.570000	0.539835	-1.146807	1.380632	0.000000	0.000000
596.580000	0.539834	-1.146817	1.380628	0.000000	0.000000
596.590000	0.539834	-1.146828	1.380625	0.000000	0.000000
596.600000	0.539834	-1.146839	1.380622	0.000000	0.000000
596.610000	0.539834	-1.146850	1.380619	0.000000	0.000000
596.620000	0.539835	-1.146863	1.380616	0.000000	0.000000
596.630000	0.539836	-1.146876	1.380613	0.000000	0.000000
596.640000	0.539837	-1.146890	1.380609	0.000000	0.000000
596.650000	0.539837	-1.146902	1.380606	0.000000	0.000000
596.660000	0.539838	-1.146914	1.380603	0.000000	0.000000
596.670000	0.539837	-1.146925	1.380600	0.000000	0.000000
596.680000	0.539837	-1.146935	1.380597	0.000000	0.000000
596.690000	0.539835	-1.146945	1.380593	0.000000	0.000000
596.700000	0.539834	-1.146955	1.380590	0.000000	0.000000
596.710000	0.539833	-1.146965	1.380587	0.000000	0.000000
596.720000	0.539832	-1.146977	1.380584	0.000000	0.000000
596.730000	0.539831	-1.146989	1.380581	0.000000	0.000000
596.740000	0.539830	-1.147002	1.380578	0.000000	0.000000
596.750000	0.539828	-1.147015	1.380574	0.000000	0.000000
596.760000	0.539827	-1.147027	1.380571	0.000000	0.000000
596.770000	0.539826	-1.147040	1.380568	0.000000	0.000000
596.780000	0.539826	-1.147055	1.380565	0.000000	0.000000
596.790000	0.539826	-1.147070	1.380562	0.000000	0.000000
596.800000	0.539826	-1.147085	1.380558	0.000000	0.000000
596.810000	0.539826	-1.147099	1.380555	0.000000	0.000000
596.820000	0.539826	-1.147112	1.380552	0.000000	0.000000
596.830000	0.539825	-1.147124	1.380549	0.000000	0.000000
596.840000	0.539825	-1.147138	1.380546	0.000000	0.000000
596.850000	0.539824	-1.147152	1.380543	0.000000	0.000000
596.860000	0.539823	-1.147165	1.380540	0.000000	0.000000
596.870000	0.539822	-1.147176	1.380537	0.000000	0.000000
596.880000	0.539819	-1.147184	1.380534	0.000000	0.000000
596.890000	0.539816	-1.147190	1.380531	0.000000	0.000000
596.900000	0.539814	-1.147196	1.380528	0.000000	0.000000
596.910000	0.539812	-1.147204	1.380525	0.000000	0.000000
596.920000	0.539810	-1.147213	1.380522	0.000000	0.000000
596.930000	0.539809	-1.147223	1.380520	0.000000	0.000000
596.940000	0.539807	-1.147232	1.380517	0.000000	0.000000
596.950000	0.539805	-1.147241	1.380514	0.000000	0.000000
596.960000	0.539803	-1.147248	1.380512	0.000000	0.000000
596.970000	0.539802	-1.147256	1.380509	0.000000	0.000000
596.980000	0.539800	-1.147264	1.380507	0.000000	0.000000
596.990000	0.539798	-1.147272	1.380505	0.000000	0.000000
597.000000	0.539795	-1.147280	1.380503	0.000000	0.000000
597.010000	0.539792	-1.147286	1.380501	0.000000	0.000000
597.020000	0.539789	-1.147293	1.380499	0.000000	0.000000
597.030000	0.539786	-1.147299	1.380497	0.000000	0.000000
597.040000	0.539782	-1.147306	1.380495	0.000000	0.000000
597.050000	0.539779	-1.147314	1.380493	0.000000	0.000000
597.060000	0.539776	-1.147322	1.380491	0.000000	0.000000
597.070000	0.539773	-1.147330	1.380489	0.000000	0.000000
597.080000	0.539771	-1.147339	1.380487	0.000000	0.000000
597.090000	0.539769	-1.147347	1.380485	0.000000	0.000000
597.100000	0.539766	-1.147356	1.380483	0.000000	0.000000
597.110000	0.539764	-1.147363	1.380482	0.000000	0.000000
597.120000	0.539761	-1.147370	1.380480	0.000000	0.000000
597.130000	0.539758	-1.147377	1.380478	0.000000	0.000000
597.140000	0.539755	-1.147383	1.380476	0.000000	0.000000
597.150000	0.539752	-1.147388	1.380474	0.000000	0.000000
597.160000	0.539748	-1.147391	1.380472	0.000000	0.000000
597.170000	0.539744	-1.147393	1.380470	0.000000	0.000000
597.180000	0.539739	-1.147394	1.380468	0.000000	0.000000
597.190000	0.539734	-1.147396	1.380466	0.000000	0.000000
597.200000	0.539730	-1.147400	1.380464	0.000000	0.000000
597.210000	0.539726	-1.147407	1.380462	0.000000	0.000000
597.220000	0.539724	-1.147417	1.380461	0.000000	0.000000
597.230000	0.539722	-1.147430	1.380459	0.000000	0.000000
597.240000	0.539721	-1.147443	1.380456	0.000000	0.000000
597.250000	0.539719	-1.147456	1.380454	0.000000	0.000000
597.260000	0.539718	-1.147469	1.380452	0.000000	0.000000
597.270000	0.539717	-1.147482	1.380450	0.000000	0.000000
597.280000	0.539715	-1.147494	1.380448	0.000000	0.000000
597.290000	0.539714	-1.147505	1.380446	0.000000	0.000000
597.300000	0.539713	-1.147516	1.380443	0.000000	0.000000
597.310000	0.539711	-1.147527	1.380441	0.000000	0.000000
597.320000	0.539710	-1.147536	1.380439	0.000000	0.000000
597.330000	0.539707	-1.147545	1.380436	0.000000	0.000000
597.340000	0.539705	-1.147554	1.380434	0.000000	0.000000
597.350000	0.539704	-1.147563	1.380431	0.000000	0.000000
597.360000	0.539702	-1.147573	1.380429	0.000000	0.000000
597.370000	0.539701	-1.147584	1.380426	0.000000	0.000000
597.380000	0.539701	-1.147594	1.380423	0.000000	0.000000
597.390000	0.539700	-1.147603	1.380421	0.000000	0.000000
597.400000	0.539697	-1.147611	1.380418	0.000000	0.000000
597.410000	0.539694	-1.147617	1.380416	0.000000	0.000000
597.420000	0.539691	-1.147622	1.380413	0.000000	0.000000
597.430000	0.539688	-1.147626	1.380411	0.000000	0.000000
597.440000	0.539685	-1.147631	1.380408	0.000000	0.000000
597.450000	0.539682	-1.147638	1.380406	0.000000	0.000000
597.460000	0.539680	-1.147646	1.380404	0.000000	0.000000
597.470000	0.539678	-1.147656	1.380402	0.000000	0.000000
597.480000	0.539677	-1.147667	1.380399	0.000000	0.000000
597.490000	0.539676	-1.147679	1.380397	0.000000	0.000000
597.500000	0.539674	-1.147690	1.380395	0.000000	0.000000
597.510000	0.539673	-1.147702	1.380393	0.000000	0.000000
597.520000	0.539671	-1.147712	1.380391	0.000000	0.000000
597.530000	0.539669	-1.147721	1.380389	0.000000	0.000000
597.540000	0.539667	-1.147729	1.380388	0.000000	0.000000
597.550000	0.539664	-1.147736	1.380386	0.000000	0.000000
597.560000	0.539661	-1.147742	1.380384	0.000000	0.000000
597.570000	0.539659	-1.147746	1.380382	0.000000	0.000000
597.580000	0.539655	-1.147751	1.380380	0.000000	0.000000
597.590000	0.539652	-1.147755	1.380379	0.000000	0.000000
597.600000	0.539648	-1.147759	1.380377	0.000000	0.000000
597.610000	0.539645	-1.147764	1.380375	0.000000	0.000000
597.620000	0.539643	-1.147769	1.380374	0.000000	0.000000
597.630000	0.539641	-1.147776	1.380372	0.000000	0.000000
597.640000	0.539640	-1.147783	1.380370	0.000000	0.000000
597.650000	0.539639	-1.147791	1.380369	0.000000	0.000000
597.660000	0.539638	-1.147799	1.380367	0.000000	0.000000
597.670000	0.539638	-1.147809	1.380366	0.000000	0.000000
597.680000	0.539638	-1.147819	1.380364	0.000000	0.000000
597.690000	0.539639	-1.147830	1.380362	0.000000	0.000000
597.700000	0.539639	-1.147840	1.380361	0.000000	0.000000
597.710000	0.539639	-1.147849	1.380359	0.000000	0.000000
597.720000	0.539638	-1.147856	1.380357	0.000000	0.000000
597.730000	0.539637	-1.147863	1.380356	0.000000	0.000000
597.740000	0.539635	-1.147868	1.380354	0.000000	0.000000
597.750000	0.539634	-1.147873	1.380352	0.000000	0.000000
597.760000	0.539633	-1.147877	1.380351	0.000000	0.000000
597.770000	0.539632	-1.147882	1.380349	0.000000	0.000000
597.780000	0.539630	-1.147886	1.380347	0.000000	0.000000
597.790000	0.539628	-1.147888	1.380345	0.000000	0.000000
597.800000	0.539626	-1.147891	1.380343	0.000000	0.000000
597.810000	0.539625	-1.147896	1.380341	0.000000	0.000000
597.820000	0.539623	-1.147903	1.380340	0.000000	0.000000
597.830000	0.539623	-1.147911	1.380338	0.000000	0.000000
597.840000	0.539623	-1.147920	1.380336	0.000000	0.000000
597.850000	0.539623	-1.147929	1.380334	0.000000	0.000000
597.860000	0.539624	-1.147938	1.380332	0.000000	0.000000
597.870000	0.539623	-1.147947	1.380330	0.000000	0.000000
597.880000	0.539623	-1.147956	1.380329	0.000000	0.000000
597.890000	0.539622	-1.147964	1.380327	0.000000	0.000000
597.900000	0.539620	-1.147971	1.380325	0.000000	0.000000
597.910000	0.539619	-1.147977	1.380323	0.000000	0.000000
597.920000	0.539616	-1.147981	1.380321	0.000000	0.000000
597.930000	0.539614	-1.147983	1.380318	0.000000	0.000000
597.940000	0.539611	-1.147985	1.380316	0.000000	0.000000
597.950000	0.539609	-1.147987	1.380314	0.000000	0.000000
597.960000	0.539607	-1.147990	1.380312	0.000000	0.000000
597.970000	0.539605	-1.147993	1.380310	0.000000	0.000000
597.980000	0.539604	-1.147998	1.380308	0.000000	0.000000
597.990000	0.539604	-1.148005	1.380305	0.000000	0.000000
598.000000	0.539604	-1.148012	1.380303	0.000000	0.000000
598.010000	0.539604	-1.148018	1.380301	0.000000	0.000000
598.020000	0.539603	-1.148024	1.380299	0.000000	0.000000
598.030000	0.539604	-1.148031	1.380296	0.000000	0.000000
598.040000	0.539605	-1.148038	1.380294	0.000000	0.000000
598.050000	0.539606	-1.148045	1.380292	0.000000	0.000000
598.060000	0.539608	-1.148052	1.380290	0.000000	0.000000
598.070000	0.539608	-1.148059	1.380287	0.000000	0.000000
598.080000	0.539608	-1.148063	1.380285	0.000000	0.000000
598.090000	0.539607	-1.148066	1.380283	0.000000	0.000000
598.100000	0.539605	-1.148066	1.380281	0.000000	0.000000
598.110000	0.539603	-1.148066	1.380280	0.000000	0.000000
598.120000	0.539602	-1.148067	1.380278	0.000000	0.000000
598.130000	0.539602	-1.148070	1.380276	0.000000	0.000000
598.140000	0.539601	-1.148074	1.380275	0.000000	0.000000
598.150000	0.539600	-1.148080	1.380273	0.000000	0.000000
598.160000	0.539600	-1.148086	1.380272	0.000000	0.000000
598.170000	0.539599	-1.148091	1.380270	0.000000	0.000000
598.180000	0.539598	-1.148095	1.380269	0.000000	0.000000
598.190000	0.539597	-1.148098	1.380268	0.000000	0.000000
598.200000	0.539595	-1.148099	1.380267	0.000000	0.000000
598.210000	0.539594	-1.148099	1.380266	0.000000	0.000000
598.220000	0.539592	-1.148097	1.380265	0.000000	0.000000
598.230000	0.539590	-1.148095	1.380265	0.000000	0.000000
598.240000	0.539587	-1.148091	1.380264	0.000000	0.000000
598.250000	0.539584	-1.148086	1.380263	0.000000	0.000000
598.260000	0.539581	-1.148081	1.380263	0.000000	0.000000
598.270000	0.539578	-1.148077	1.380262	0.000000	0.000000
598.280000	0.539576	-1.148074	1.380261	0.000000	0.000000
598.290000	0.539574	-1.148072	1.380261	0.000000	0.000000
598.300000	0.539572	-1.148071	1.380261	0.000000	0.000000
598.310000	0.539570	-1.148070	1.380260	0.000000	0.000000
598.320000	0.539569	-1.148069	1.380260	0.000000	0.000000
598.330000	0.539569	-1.148068	1.380259	0.000000	0.000000
598.340000	0.539569	-1.148067	1.380259	0.000000	0.000000
598.350000	0.539568	-1.148066	1.380259	0.000000	0.000000
598.360000	0.539567	-1.148066	1.380258	0.000000	0.000000
598.370000	0.539566	-1.148065	1.380258	0.000000	0.000000
598.380000	0.539564	-1.148064	1.380258	0.000000	0.000000
598.390000	0.539562	-1.148062	1.380258	0.000000	0.000000
598.400000	0.539560	-1.148060	1.380257	0.000000	0.000000
598.410000	0.539558	-1.148059	1.380257	0.000000	0.000000
598.420000	0.539557	-1.148060	1.380257	0.000000	0.000000
598.430000	0.539556	-1.148061	1.380257	0.000000	0.000000
598.440000	0.539555	-1.148063	1.380257	0.000000	0.000000
598.450000	0.539553	-1.148063	1.380257	0.000000	0.000000
598.460000	0.539550	-1.148062	1.380257	0.000000	0.000000
598.470000	0.539547	-1.148060	1.380257	0.000000	0.000000
598.480000	0.539544	-1.148056	1.380257	0.000000	0.000000
598.490000	0.539541	-1.148052	1.380257	0.000000	0.000000
598.500000	0.539538	-1.148046	1.380257	0.000000	0.000000
598.510000	0.539534	-1.148041	1.380257	0.000000	0.000000
598.520000	0.539531	-1.148035	1.380257	0.000000	0.000000
598.530000	0.539527	-1.148029	1.380258	0.000000	0.000000
598.540000	0.539525	-1.148025	1.380258	0.000000	0.000000
598.550000	0.539523	-1.148021	1.380258	0.000000	0.000000
598.560000	0.539521	-1.148018	1.380259	0.000000	0.000000
598.570000	0.539519	-1.148015	1.380259	0.000000	0.000000
598.580000	0.539517	-1.148013	1.380259	0.000000	0.000000
598.590000	0.539515	-1.148010	1.380260	0.000000	0.000000
598.600000	0.539513	-1.148007	1.380260	0.000000	0.000000
598.610000	0.539512	-1.148004	1.380261	0.000000	0.000000
598.620000	0.539511	-1.148001	1.380261	0.000000	0.000000
598.630000	0.539509	-1.147997	1.380261	0.000000	0.000000
598.640000	0.539507	-1.147992	1.380261	0.000000	0.000000
598.650000	0.539505	-1.147987	1.380261	0.000000	0.000000
598.660000	0.539503	-1.147981	1.380262	0.000000	0.000000
598.670000	0.539500	-1.147974	1.380262	0.000000	0.000000
598.680000	0.539498	-1.147967	1.380261	0.000000	0.000000
598.690000	0.539496	-1.147963	1.380261	0.000000	0.000000
598.700000	0.539495	-1.147961	1.380261	0.000000	0.000000
598.710000	0.539494	-1.147960	1.380261	0.000000	0.000000
598.720000	0.539494	-1.147960	1.380260	0.000000	0.000000
598.730000	0.539494	-1.147961	1.380260	0.000000	0.000000
598.740000	0.539494	-1.147963	1.380260	0.000000	0.000000
598.750000	0.539494	-1.147966	1.380259	0.000000	0.000000
598.760000	0.539494	-1.147970	1.380259	0.000000	0.000000
598.770000	0.539495	-1.147974	1.380258	0.000000	0.000000
598.780000	0.539496	-1.147978	1.380257	0.000000	0.000000
598.790000	0.539496	-1.147980	1.380257	0.000000	0.000000
598.800000	0.539496	-1.147982	1.380256	0.000000	0.000000
598.810000	0.539496	-1.147981	1.380256	0.000000	0.000000
598.820000	0.539495	-1.147981	1.380255	0.000000	0.000000
598.830000	0.539494	-1.147980	1.380254	0.000000	0.000000
598.840000	0.539494	-1.147981	1.380254	0.000000	0.000000
598.850000	0.539494	-1.147983	1.380253	0.000000	0.000000
598.860000	0.539494	-1.147985	1.380253	0.000000	0.000000
598.870000	0.539494	-1.147986	1.380252	0.000000	0.000000
598.880000	0.539494	-1.147985	1.380251	0.000000	0.000000
598.890000	0.539492	-1.147982	1.380251	0.000000	0.000000
598.900000	0.539490	-1.147978	1.380250	0.000000	0.000000
598.910000	0.539487	-1.147974	1.380249	0.000000	0.000000
598.920000	0.539485	-1.147970	1.380249	0.000000	0.000000
598.930000	0.539482	-1.147966	1.380248	0.000000	0.000000
598.940000	0.539479	-1.147963	1.380247	0.000000	0.000000
598.950000	0.539476	-1.147959	1.380246	0.000000	0.000000
598.960000	0.539473	-1.147955	1.380245	0.000000	0.000000
598.970000	0.539469	-1.147951	1.380245	0.000000	0.000000
598.980000	0.539466	-1.147949	1.380244	0.000000	0.000000
598.990000	0.539462	-1.147947	1.380243	0.000000	0.000000
599.000000	0.539460	-1.147947	1.380242	0.000000	0.000000
599.010000	0.539456	-1.147946	1.380241	0.000000	0.000000
599.020000	0.539453	-1.147944	1.380240	0.000000	0.000000
599.030000	0.539450	-1.147942	1.380239	0.000000	0.000000
599.040000	0.539447	-1.147940	1.380238	0.000000	0.000000
599.050000	0.539444	-1.147941	1.380237	0.000000	0.000000
599.060000	0.539443	-1.147946	1.380236	0.000000	0.000000
599.070000	0.539442	-1.147954	1.380235	0.000000	0.000000
599.080000	0.539442	-1.147963	1.380234	0.000000	0.000000
599.090000	0.539442	-1.147971	1.380233	0.000000	0.000000
599.100000	0.539441	-1.147977	1.380232	0.000000	0.000000
599.110000	0.539439	-1.147981	1.380231	0.000000	0.000000
599.120000	0.539437	-1.147984	1.380230	0.000000	0.000000
599.130000	0.539436	-1.147985	1.380229	0.000000	0.000000
599.140000	0.539434	-1.147988	1.380229	0.000000	0.000000
599.150000	0.539432	-1.147990	1.380228	0.000000	0.000000
599.160000	0.539430	-1.147994	1.380227	0.000000	0.000000
599.170000	0.539429	-1.147997	1.380227	0.000000	0.000000
599.180000	0.539426	-1.148000	1.380226	0.000000	0.000000
599.190000	0.539424	-1.148002	1.380226	0.000000	0.000000
599.200000	0.539421	-1.148004	1.380225	0.000000	0.000000
599.210000	0.539418	-1.148005	1.380225	0.000000	0.000000
599.220000	0.539414	-1.148006	1.380224	0.000000	0.000000
599.230000	0.539411	-1.148008	1.380223	0.000000	0.000000
599.240000	0.539407	-1.148010	1.380223	0.000000	0.000000
599.250000	0.539405	-1.148012	1.380222	0.000000	0.000000
599.260000	0.539402	-1.148016	1.380222	0.000000	0.000000
599.270000	0.539400	-1.148019	1.380221	0.000000	0.000000
599.280000	0.539397	-1.148023	1.380220	0.000000	0.000000
599.290000	0.539394	-1.148028	1.380219	0.000000	0.000000
599.300000	0.539391	-1.148033	1.380218	0.000000	0.000000
599.310000	0.539388	-1.148040	1.380217	0.000000	0.000000
599.320000	0.539386	-1.148048	1.380216	0.000000	0.000000
599.330000	0.539384	-1.148055	1.380215	0.000000	0.000000
599.340000	0.539383	-1.148063	1.380214	0.000000	0.000000
599.350000	0.539383	-1.148071	1.380213	0.000000	0.000000
599.360000	0.539382	-1.148077	1.380212	0.000000	0.000000
599.370000	0.539380	-1.148082	1.380210	0.000000	0.000000
599.380000	0.539379	-1.148086	1.380209	0.000000	0.000000
599.390000	0.539377	-1.148091	1.380208	0.000000	0.000000
599.400000	0.539377	-1.148096	1.380207	0.000000	0.000000
599.410000	0.539376	-1.148102	1.380206	0.000000	0.000000
599.420000	0.539375	-1.148107	1.380205	0.000000	0.000000
599.430000	0.539373	-1.148112	1.380203	0.000000	0.000000
599.440000	0.539372	-1.148116	1.380202	0.000000	0.000000
599.450000	0.539369	-1.148119	1.380201	0.000000	0.000000
599.460000	0.539366	-1.148121	1.380200	0.000000	0.000000
599.470000	0.539363	-1.148122	1.380199	0.000000	0.000000
599.480000	0.539361	-1.148123	1.380198	0.000000	0.000000
599.490000	0.539357	-1.148123	1.380197	0.000000	0.000000
599.500000	0.539355	-1.148123	1.380196	0.000000	0.000000
599.510000	0.539351	-1.148123	1.380195	0.000000	0.000000
599.520000	0.539347	-1.148123	1.380193	0.000000	0.000000
599.530000	0.539344	-1.148123	1.380192	0.000000	0.000000
599.540000	0.539340	-1.148125	1.380191	0.000000	0.000000
599.550000	0.539337	-1.148128	1.380190	0.000000	0.000000
599.560000	0.539334	-1.148133	1.380189	0.000000	0.000000
599.570000	0.539332	-1.148139	1.380188	0.000000	0.000000
599.580000	0.539330	-1.148147	1.380186	0.000000	0.000000
599.590000	0.539328	-1.148156	1.380185	0.000000	0.000000
599.600000	0.539327	-1.148164	1.380184	0.000000	0.000000
599.610000	0.539325	-1.148172	1.380182	0.000000	0.000000
599.620000	0.539323	-1.148180	1.380181	0.000000	0.000000
599.630000	0.539322	-1.148188	1.380179	0.000000	0.000000
599.640000	0.539320	-1.148196	1.380178	0.000000	0.000000
599.650000	0.539318	-1.148204	1.380176	0.000000	0.000000
599.660000	0.539316	-1.148212	1.380174	0.000000	0.000000
599.670000	0.539314	-1.148220	1.380173	0.000000	0.000000
599.680000	0.539311	-1.148227	1.380171	0.000000	0.000000
599.690000	0.539309	-1.148234	1.380169	0.000000	0.000000
599.700000	0.539306	-1.148240	1.380167	0.000000	0.000000
599.710000	0.539303	-1.148245	1.380166	0.000000	0.000000
599.720000	0.539300	-1.148250	1.380164	0.000000	0.000000
599.730000	0.539298	-1.148257	1.380162	0.000000	0.000000
599.740000	0.539296	-1.148264	1.380161	0.000000	0.000000
599.750000	0.539294	-1.148273	1.380159	0.000000	0.000000
599.760000	0.539293	-1.148282	1.380157	0.000000	0.000000
599.770000	0.539292	-1.148292	1.380156	0.000000	0.000000
599.780000	0.539290	-1.148302	1.380154	0.000000	0.000000
599.790000	0.539289	-1.148312	1.380153	0.000000	0.000000
599.800000	0.539288	-1.148320	1.380152	0.000000	0.000000
599.810000	0.539286	-1.148327	1.380150	0.000000	0.000000
599.820000	0.539283	-1.148332	1.380149	0.000000	0.000000
599.830000	0.539280	-1.148336	1.380147	0.000000	0.000000
599.840000	0.539276	-1.148339	1.380146	0.000000	0.000000
599.850000	0.539272	-1.148341	1.380145	0.000000	0.000000
599.860000	0.539269	-1.148344	1.380143	0.000000	0.000000
599.870000	0.539265	-1.148348	1.380142	0.000000	0.000000
599.880000	0.539262	-1.148352	1.380141	0.000000	0.000000
599.890000	0.539260	-1.148358	1.380139	0.000000	0.000000
599.900000	0.539257	-1.148364	1.380138	0.000000	0.000000
599.910000	0.539255	-1.148371	1.380136	0.000000	0.000000
599.920000	0.539254	-1.148378	1.380134	0.000000	0.000000
599.930000	0.539253	-1.148385	1.380133	0.000000	0.000000
599.940000	0.539252	-1.148391	1.380131	0.000000	0.000000
599.950000	0.539250	-1.148397	1.380129	0.000000	0.000000
599.960000	0.539249	-1.148403	1.380128	0.000000	0.000000
599.970000	0.539249	-1.148409	1.380126	0.000000	0.000000
599.980000	0.539248	-1.148415	1.380124	0.000000	0.000000
599.990000	0.539247	-1.148421	1.380122	0.000000	0.000000
