t	Ecin	Epot	Rg	buf4	buf5
400.000000	0.538757	-1.141609	1.395040	0.000000	0.000000
400.010000	0.538759	-1.141607	1.395040	0.000000	0.000000
400.020000	0.538760	-1.141603	1.395040	0.000000	0.000000
400.030000	0.538762	-1.141600	1.395040	0.000000	0.000000
400.040000	0.538763	-1.141599	1.395040	0.000000	0.000000
400.050000	0.538764	-1.141599	1.395040	0.000000	0.000000
400.060000	0.538765	-1.141598	1.395041	0.000000	0.000000
400.070000	0.538765	-1.141597	1.395041	0.000000	0.000000
400.080000	0.538764	-1.141593	1.395042	0.000000	0.000000
400.090000	0.538763	-1.141586	1.395042	0.000000	0.000000
400.100000	0.538762	-1.141578	1.395043	0.000000	0.000000
400.110000	0.538760	-1.141568	1.395044	0.000000	0.000000
400.120000	0.538758	-1.141557	1.395045	0.000000	0.000000
400.130000	0.538756	-1.141547	1.395046	0.000000	0.000000
400.140000	0.538754	-1.141536	1.395047	0.000000	0.000000
400.150000	0.538752	-1.141525	1.395049	0.000000	0.000000
400.160000	0.538752	-1.141514	1.395050	0.000000	0.000000
400.170000	0.538751	-1.141504	1.395052	0.000000	0.000000
400.180000	0.538751	-1.141495	1.395053	0.000000	0.000000
400.190000	0.538751	-1.141486	1.395055	0.000000	0.000000
400.200000	0.538750	-1.141477	1.395056	0.000000	0.000000
400.210000	0.538749	-1.141469	1.395058	0.000000	0.000000
400.220000	0.538748	-1.141462	1.395059	0.000000	0.000000
400.230000	0.538747	-1.141456	1.395061	0.000000	0.000000
400.240000	0.538746	-1.141451	1.395062	0.000000	0.000000
400.250000	0.538745	-1.141445	1.395064	0.000000	0.000000
400.260000	0.538744	-1.141440	1.395065	0.000000	0.000000
400.270000	0.538743	-1.141436	1.395067	0.000000	0.000000
400.280000	0.538743	-1.141434	1.395068	0.000000	0.000000
400.290000	0.538743	-1.141434	1.395070	0.000000	0.000000
400.300000	0.538744	-1.141435	1.395071	0.000000	0.000000
400.310000	0.538744	-1.141435	1.395073	0.000000	0.000000
400.320000	0.538744	-1.141434	1.395075	0.000000	0.000000
400.330000	0.538743	-1.141431	1.395076	0.000000	0.000000
400.340000	0.538741	-1.141426	1.395078	0.000000	0.000000
400.350000	0.538738	-1.141422	1.395079	0.000000	0.000000
400.360000	0.538735	-1.141419	1.395081	0.000000	0.000000
400.370000	0.538733	-1.141418	1.395083	0.000000	0.000000
400.380000	0.538732	-1.141417	1.395084	0.000000	0.000000
400.390000	0.538730	-1.141417	1.395086	0.000000	0.000000
400.400000	0.538728	-1.141416	1.395087	0.000000	0.000000
400.410000	0.538726	-1.141414	1.395089	0.000000	0.000000
400.420000	0.538724	-1.141411	1.395090	0.000000	0.000000
400.430000	0.538722	-1.141408	1.395092	0.000000	0.000000
400.440000	0.538719	-1.141404	1.395093	0.000000	0.000000
400.450000	0.538716	-1.141401	1.395095	0.000000	0.000000
400.460000	0.538712	-1.141399	1.395096	0.000000	0.000000
400.470000	0.538710	-1.141398	1.395097	0.000000	0.000000
400.480000	0.538708	-1.141400	1.395099	0.000000	0.000000
400.490000	0.538706	-1.141404	1.395100	0.000000	0.000000
400.500000	0.538704	-1.141409	1.395101	0.000000	0.000000
400.510000	0.538703	-1.141415	1.395103	0.000000	0.000000
400.520000	0.538702	-1.141421	1.395104	0.000000	0.000000
400.530000	0.538703	-1.141427	1.395105	0.000000	0.000000
400.540000	0.538703	-1.141432	1.395106	0.000000	0.000000
400.550000	0.538704	-1.141437	1.395107	0.000000	0.000000
400.560000	0.538705	-1.141442	1.395108	0.000000	0.000000
400.570000	0.538706	-1.141445	1.395109	0.000000	0.000000
400.580000	0.538707	-1.141446	1.395110	0.000000	0.000000
400.590000	0.538708	-1.141445	1.395111	0.000000	0.000000
400.600000	0.538707	-1.141442	1.395112	0.000000	0.000000
400.610000	0.538706	-1.141438	1.395113	0.000000	0.000000
400.620000	0.538706	-1.141434	1.395114	0.000000	0.000000
400.630000	0.538706	-1.141430	1.395115	0.000000	0.000000
400.640000	0.538706	-1.141425	1.395116	0.000000	0.000000
400.650000	0.538707	-1.141420	1.395117	0.000000	0.000000
400.660000	0.538708	-1.141414	1.395118	0.000000	0.000000
400.670000	0.538709	-1.141407	1.395119	0.000000	0.000000
400.680000	0.538710	-1.141400	1.395120	0.000000	0.000000
400.690000	0.538711	-1.141391	1.395121	0.000000	0.000000
400.700000	0.538711	-1.141381	1.395122	0.000000	0.000000
400.710000	0.538711	-1.141368	1.395122	0.000000	0.000000
400.720000	0.538710	-1.141354	1.395123	0.000000	0.000000
400.730000	0.538709	-1.141340	1.395123	0.000000	0.000000
400.740000	0.538708	-1.141325	1.395124	0.000000	0.000000
400.750000	0.538707	-1.141312	1.395124	0.000000	0.000000
400.760000	0.538706	-1.141300	1.395125	0.000000	0.000000
400.770000	0.538706	-1.141289	1.395125	0.000000	0.000000
400.780000	0.538707	-1.141282	1.395125	0.000000	0.000000
400.790000	0.538709	-1.141278	1.395125	0.000000	0.000000
400.800000	0.538712	-1.141278	1.395125	0.000000	0.000000
400.810000	0.538716	-1.141280	1.395125	0.000000	0.000000
400.820000	0.538720	-1.141283	1.395125	0.000000	0.000000
400.830000	0.538723	-1.141286	1.395125	0.000000	0.000000
400.840000	0.538726	-1.141290	1.395124	0.000000	0.000000
400.850000	0.538730	-1.141293	1.395124	0.000000	0.000000
400.860000	0.538734	-1.141294	1.395123	0.000000	0.000000
400.870000	0.538737	-1.141293	1.395123	0.000000	0.000000
400.880000	0.538739	-1.141288	1.395122	0.000000	0.000000
400.890000	0.538740	-1.141278	1.395121	0.000000	0.000000
400.900000	0.538740	-1.141265	1.395121	0.000000	0.000000
400.910000	0.538741	-1.141257	1.395120	0.000000	0.000000
400.920000	0.538743	-1.141256	1.395119	0.000000	0.000000
400.930000	0.538748	-1.141260	1.395119	0.000000	0.000000
400.940000	0.538754	-1.141266	1.395118	0.000000	0.000000
400.950000	0.538760	-1.141272	1.395118	0.000000	0.000000
400.960000	0.538764	-1.141275	1.395117	0.000000	0.000000
400.970000	0.538766	-1.141274	1.395117	0.000000	0.000000
400.980000	0.538767	-1.141270	1.395117	0.000000	0.000000
400.990000	0.538768	-1.141263	1.395116	0.000000	0.000000
401.000000	0.538768	-1.141254	1.395116	0.000000	0.000000
401.010000	0.538767	-1.141243	1.395116	0.000000	0.000000
401.020000	0.538766	-1.141231	1.395115	0.000000	0.000000
401.030000	0.538764	-1.141218	1.395115	0.000000	0.000000
401.040000	0.538762	-1.141205	1.395115	0.000000	0.000000
401.050000	0.538761	-1.141194	1.395114	0.000000	0.000000
401.060000	0.538761	-1.141184	1.395114	0.000000	0.000000
401.070000	0.538760	-1.141174	1.395114	0.000000	0.000000
401.080000	0.538759	-1.141163	1.395114	0.000000	0.000000
401.090000	0.538758	-1.141152	1.395113	0.000000	0.000000
401.100000	0.538757	-1.141140	1.395113	0.000000	0.000000
401.110000	0.538755	-1.141128	1.395112	0.000000	0.000000
401.120000	0.538753	-1.141116	1.395112	0.000000	0.000000
401.130000	0.538752	-1.141106	1.395111	0.000000	0.000000
401.140000	0.538751	-1.141097	1.395110	0.000000	0.000000
401.150000	0.538751	-1.141090	1.395109	0.000000	0.000000
401.160000	0.538752	-1.141086	1.395108	0.000000	0.000000
401.170000	0.538754	-1.141083	1.395107	0.000000	0.000000
401.180000	0.538757	-1.141082	1.395105	0.000000	0.000000
401.190000	0.538759	-1.141080	1.395104	0.000000	0.000000
401.200000	0.538761	-1.141078	1.395102	0.000000	0.000000
401.210000	0.538764	-1.141076	1.395100	0.000000	0.000000
401.220000	0.538767	-1.141076	1.395098	0.000000	0.000000
401.230000	0.538771	-1.141076	1.395095	0.000000	0.000000
401.240000	0.538774	-1.141075	1.395093	0.000000	0.000000
401.250000	0.538778	-1.141075	1.395090	0.000000	0.000000
401.260000	0.538782	-1.141077	1.395087	0.000000	0.000000
401.270000	0.538787	-1.141082	1.395084	0.000000	0.000000
401.280000	0.538793	-1.141091	1.395081	0.000000	0.000000
401.290000	0.538799	-1.141100	1.395077	0.000000	0.000000
401.300000	0.538804	-1.141105	1.395074	0.000000	0.000000
401.310000	0.538808	-1.141106	1.395071	0.000000	0.000000
401.320000	0.538812	-1.141104	1.395068	0.000000	0.000000
401.330000	0.538815	-1.141103	1.395064	0.000000	0.000000
401.340000	0.538820	-1.141106	1.395061	0.000000	0.000000
401.350000	0.538825	-1.141112	1.395058	0.000000	0.000000
401.360000	0.538831	-1.141119	1.395055	0.000000	0.000000
401.370000	0.538836	-1.141124	1.395052	0.000000	0.000000
401.380000	0.538841	-1.141126	1.395049	0.000000	0.000000
401.390000	0.538844	-1.141126	1.395046	0.000000	0.000000
401.400000	0.538846	-1.141122	1.395043	0.000000	0.000000
401.410000	0.538846	-1.141114	1.395040	0.000000	0.000000
401.420000	0.538845	-1.141103	1.395037	0.000000	0.000000
401.430000	0.538845	-1.141089	1.395034	0.000000	0.000000
401.440000	0.538845	-1.141078	1.395032	0.000000	0.000000
401.450000	0.538845	-1.141070	1.395029	0.000000	0.000000
401.460000	0.538847	-1.141064	1.395026	0.000000	0.000000
401.470000	0.538849	-1.141059	1.395024	0.000000	0.000000
401.480000	0.538850	-1.141053	1.395021	0.000000	0.000000
401.490000	0.538851	-1.141044	1.395019	0.000000	0.000000
401.500000	0.538851	-1.141031	1.395016	0.000000	0.000000
401.510000	0.538851	-1.141015	1.395014	0.000000	0.000000
401.520000	0.538852	-1.141002	1.395011	0.000000	0.000000
401.530000	0.538855	-1.140995	1.395008	0.000000	0.000000
401.540000	0.538860	-1.140994	1.395005	0.000000	0.000000
401.550000	0.538865	-1.140997	1.395002	0.000000	0.000000
401.560000	0.538870	-1.141001	1.395000	0.000000	0.000000
401.570000	0.538875	-1.141005	1.394997	0.000000	0.000000
401.580000	0.538881	-1.141009	1.394993	0.000000	0.000000
401.590000	0.538885	-1.141010	1.394990	0.000000	0.000000
401.600000	0.538890	-1.141010	1.394987	0.000000	0.000000
401.610000	0.538892	-1.141008	1.394984	0.000000	0.000000
401.620000	0.538895	-1.141006	1.394981	0.000000	0.000000
401.630000	0.538897	-1.141005	1.394978	0.000000	0.000000
401.640000	0.538899	-1.141003	1.394974	0.000000	0.000000
401.650000	0.538899	-1.140998	1.394971	0.000000	0.000000
401.660000	0.538900	-1.140991	1.394968	0.000000	0.000000
401.670000	0.538902	-1.140986	1.394965	0.000000	0.000000
401.680000	0.538904	-1.140985	1.394962	0.000000	0.000000
401.690000	0.538909	-1.140988	1.394959	0.000000	0.000000
401.700000	0.538915	-1.140994	1.394956	0.000000	0.000000
401.710000	0.538920	-1.141001	1.394953	0.000000	0.000000
401.720000	0.538924	-1.141008	1.394951	0.000000	0.000000
401.730000	0.538928	-1.141015	1.394948	0.000000	0.000000
401.740000	0.538931	-1.141020	1.394946	0.000000	0.000000
401.750000	0.538933	-1.141023	1.394943	0.000000	0.000000
401.760000	0.538933	-1.141024	1.394941	0.000000	0.000000
401.770000	0.538932	-1.141024	1.394939	0.000000	0.000000
401.780000	0.538932	-1.141024	1.394936	0.000000	0.000000
401.790000	0.538931	-1.141026	1.394934	0.000000	0.000000
401.800000	0.538930	-1.141028	1.394932	0.000000	0.000000
401.810000	0.538929	-1.141030	1.394929	0.000000	0.000000
401.820000	0.538928	-1.141031	1.394927	0.000000	0.000000
401.830000	0.538926	-1.141030	1.394924	0.000000	0.000000
401.840000	0.538923	-1.141028	1.394922	0.000000	0.000000
401.850000	0.538920	-1.141026	1.394919	0.000000	0.000000
401.860000	0.538918	-1.141026	1.394916	0.000000	0.000000
401.870000	0.538917	-1.141027	1.394913	0.000000	0.000000
401.880000	0.538916	-1.141029	1.394911	0.000000	0.000000
401.890000	0.538915	-1.141031	1.394908	0.000000	0.000000
401.900000	0.538914	-1.141033	1.394905	0.000000	0.000000
401.910000	0.538913	-1.141033	1.394901	0.000000	0.000000
401.920000	0.538912	-1.141033	1.394898	0.000000	0.000000
401.930000	0.538911	-1.141032	1.394895	0.000000	0.000000
401.940000	0.538909	-1.141031	1.394891	0.000000	0.000000
401.950000	0.538907	-1.141031	1.394888	0.000000	0.000000
401.960000	0.538907	-1.141032	1.394884	0.000000	0.000000
401.970000	0.538906	-1.141033	1.394880	0.000000	0.000000
401.980000	0.538907	-1.141038	1.394876	0.000000	0.000000
401.990000	0.538907	-1.141046	1.394873	0.000000	0.000000
402.000000	0.538907	-1.141054	1.394869	0.000000	0.000000
402.010000	0.538906	-1.141060	1.394865	0.000000	0.000000
402.020000	0.538905	-1.141062	1.394861	0.000000	0.000000
402.030000	0.538902	-1.141061	1.394858	0.000000	0.000000
402.040000	0.538899	-1.141058	1.394854	0.000000	0.000000
402.050000	0.538896	-1.141053	1.394851	0.000000	0.000000
402.060000	0.538892	-1.141050	1.394847	0.000000	0.000000
402.070000	0.538890	-1.141048	1.394844	0.000000	0.000000
402.080000	0.538888	-1.141047	1.394841	0.000000	0.000000
402.090000	0.538886	-1.141049	1.394838	0.000000	0.000000
402.100000	0.538887	-1.141052	1.394835	0.000000	0.000000
402.110000	0.538888	-1.141057	1.394832	0.000000	0.000000
402.120000	0.538890	-1.141065	1.394830	0.000000	0.000000
402.130000	0.538893	-1.141075	1.394827	0.000000	0.000000
402.140000	0.538896	-1.141086	1.394825	0.000000	0.000000
402.150000	0.538901	-1.141097	1.394822	0.000000	0.000000
402.160000	0.538907	-1.141108	1.394820	0.000000	0.000000
402.170000	0.538911	-1.141116	1.394818	0.000000	0.000000
402.180000	0.538914	-1.141121	1.394816	0.000000	0.000000
402.190000	0.538916	-1.141123	1.394814	0.000000	0.000000
402.200000	0.538918	-1.141121	1.394812	0.000000	0.000000
402.210000	0.538918	-1.141117	1.394810	0.000000	0.000000
402.220000	0.538918	-1.141111	1.394809	0.000000	0.000000
402.230000	0.538919	-1.141105	1.394807	0.000000	0.000000
402.240000	0.538920	-1.141102	1.394805	0.000000	0.000000
402.250000	0.538921	-1.141101	1.394803	0.000000	0.000000
402.260000	0.538924	-1.141103	1.394802	0.000000	0.000000
402.270000	0.538928	-1.141106	1.394800	0.000000	0.000000
402.280000	0.538931	-1.141111	1.394798	0.000000	0.000000
402.290000	0.538933	-1.141114	1.394797	0.000000	0.000000
402.300000	0.538934	-1.141115	1.394795	0.000000	0.000000
402.310000	0.538934	-1.141113	1.394793	0.000000	0.000000
402.320000	0.538933	-1.141109	1.394792	0.000000	0.000000
402.330000	0.538933	-1.141103	1.394790	0.000000	0.000000
402.340000	0.538932	-1.141097	1.394789	0.000000	0.000000
402.350000	0.538931	-1.141091	1.394787	0.000000	0.000000
402.360000	0.538929	-1.141085	1.394785	0.000000	0.000000
402.370000	0.538926	-1.141079	1.394784	0.000000	0.000000
402.380000	0.538923	-1.141072	1.394782	0.000000	0.000000
402.390000	0.538918	-1.141063	1.394781	0.000000	0.000000
402.400000	0.538914	-1.141056	1.394779	0.000000	0.000000
402.410000	0.538910	-1.141052	1.394778	0.000000	0.000000
402.420000	0.538908	-1.141052	1.394776	0.000000	0.000000
402.430000	0.538907	-1.141057	1.394775	0.000000	0.000000
402.440000	0.538908	-1.141065	1.394774	0.000000	0.000000
402.450000	0.538910	-1.141075	1.394772	0.000000	0.000000
402.460000	0.538912	-1.141086	1.394771	0.000000	0.000000
402.470000	0.538914	-1.141097	1.394770	0.000000	0.000000
402.480000	0.538914	-1.141107	1.394769	0.000000	0.000000
402.490000	0.538915	-1.141115	1.394768	0.000000	0.000000
402.500000	0.538914	-1.141122	1.394767	0.000000	0.000000
402.510000	0.538914	-1.141127	1.394766	0.000000	0.000000
402.520000	0.538913	-1.141131	1.394765	0.000000	0.000000
402.530000	0.538913	-1.141135	1.394764	0.000000	0.000000
402.540000	0.538913	-1.141139	1.394763	0.000000	0.000000
402.550000	0.538912	-1.141145	1.394762	0.000000	0.000000
402.560000	0.538911	-1.141151	1.394761	0.000000	0.000000
402.570000	0.538910	-1.141158	1.394760	0.000000	0.000000
402.580000	0.538908	-1.141165	1.394759	0.000000	0.000000
402.590000	0.538906	-1.141171	1.394758	0.000000	0.000000
402.600000	0.538904	-1.141177	1.394757	0.000000	0.000000
402.610000	0.538902	-1.141182	1.394756	0.000000	0.000000
402.620000	0.538899	-1.141186	1.394755	0.000000	0.000000
402.630000	0.538895	-1.141189	1.394754	0.000000	0.000000
402.640000	0.538892	-1.141192	1.394753	0.000000	0.000000
402.650000	0.538887	-1.141195	1.394752	0.000000	0.000000
402.660000	0.538883	-1.141198	1.394750	0.000000	0.000000
402.670000	0.538878	-1.141202	1.394749	0.000000	0.000000
402.680000	0.538875	-1.141205	1.394748	0.000000	0.000000
402.690000	0.538872	-1.141208	1.394746	0.000000	0.000000
402.700000	0.538870	-1.141212	1.394745	0.000000	0.000000
402.710000	0.538869	-1.141216	1.394744	0.000000	0.000000
402.720000	0.538867	-1.141220	1.394743	0.000000	0.000000
402.730000	0.538865	-1.141223	1.394741	0.000000	0.000000
402.740000	0.538863	-1.141225	1.394740	0.000000	0.000000
402.750000	0.538860	-1.141225	1.394739	0.000000	0.000000
402.760000	0.538857	-1.141223	1.394737	0.000000	0.000000
402.770000	0.538853	-1.141219	1.394736	0.000000	0.000000
402.780000	0.538849	-1.141215	1.394735	0.000000	0.000000
402.790000	0.538846	-1.141214	1.394734	0.000000	0.000000
402.800000	0.538844	-1.141214	1.394732	0.000000	0.000000
402.810000	0.538842	-1.141216	1.394731	0.000000	0.000000
402.820000	0.538841	-1.141219	1.394730	0.000000	0.000000
402.830000	0.538840	-1.141220	1.394729	0.000000	0.000000
402.840000	0.538838	-1.141220	1.394728	0.000000	0.000000
402.850000	0.538836	-1.141218	1.394726	0.000000	0.000000
402.860000	0.538834	-1.141215	1.394725	0.000000	0.000000
402.870000	0.538832	-1.141211	1.394724	0.000000	0.000000
402.880000	0.538830	-1.141207	1.394723	0.000000	0.000000
402.890000	0.538828	-1.141202	1.394721	0.000000	0.000000
402.900000	0.538824	-1.141195	1.394720	0.000000	0.000000
402.910000	0.538820	-1.141186	1.394719	0.000000	0.000000
402.920000	0.538816	-1.141176	1.394718	0.000000	0.000000
402.930000	0.538813	-1.141167	1.394717	0.000000	0.000000
402.940000	0.538812	-1.141161	1.394716	0.000000	0.000000
402.950000	0.538812	-1.141157	1.394715	0.000000	0.000000
402.960000	0.538812	-1.141154	1.394714	0.000000	0.000000
402.970000	0.538811	-1.141152	1.394713	0.000000	0.000000
402.980000	0.538811	-1.141149	1.394713	0.000000	0.000000
402.990000	0.538811	-1.141147	1.394712	0.000000	0.000000
403.000000	0.538813	-1.141146	1.394712	0.000000	0.000000
403.010000	0.538815	-1.141147	1.394711	0.000000	0.000000
403.020000	0.538817	-1.141149	1.394711	0.000000	0.000000
403.030000	0.538819	-1.141150	1.394711	0.000000	0.000000
403.040000	0.538821	-1.141148	1.394712	0.000000	0.000000
403.050000	0.538821	-1.141144	1.394712	0.000000	0.000000
403.060000	0.538821	-1.141136	1.394712	0.000000	0.000000
403.070000	0.538820	-1.141126	1.394713	0.000000	0.000000
403.080000	0.538819	-1.141114	1.394714	0.000000	0.000000
403.090000	0.538819	-1.141103	1.394714	0.000000	0.000000
403.100000	0.538820	-1.141092	1.394715	0.000000	0.000000
403.110000	0.538821	-1.141082	1.394716	0.000000	0.000000
403.120000	0.538822	-1.141072	1.394717	0.000000	0.000000
403.130000	0.538823	-1.141062	1.394718	0.000000	0.000000
403.140000	0.538825	-1.141052	1.394719	0.000000	0.000000
403.150000	0.538826	-1.141041	1.394720	0.000000	0.000000
403.160000	0.538825	-1.141031	1.394722	0.000000	0.000000
403.170000	0.538824	-1.141019	1.394723	0.000000	0.000000
403.180000	0.538822	-1.141005	1.394724	0.000000	0.000000
403.190000	0.538820	-1.140989	1.394726	0.000000	0.000000
403.200000	0.538818	-1.140975	1.394727	0.000000	0.000000
403.210000	0.538817	-1.140966	1.394729	0.000000	0.000000
403.220000	0.538817	-1.140960	1.394730	0.000000	0.000000
403.230000	0.538818	-1.140957	1.394732	0.000000	0.000000
403.240000	0.538819	-1.140954	1.394734	0.000000	0.000000
403.250000	0.538819	-1.140950	1.394735	0.000000	0.000000
403.260000	0.538818	-1.140945	1.394737	0.000000	0.000000
403.270000	0.538818	-1.140940	1.394739	0.000000	0.000000
403.280000	0.538818	-1.140932	1.394741	0.000000	0.000000
403.290000	0.538817	-1.140923	1.394744	0.000000	0.000000
403.300000	0.538816	-1.140911	1.394746	0.000000	0.000000
403.310000	0.538814	-1.140897	1.394748	0.000000	0.000000
403.320000	0.538812	-1.140883	1.394751	0.000000	0.000000
403.330000	0.538810	-1.140870	1.394753	0.000000	0.000000
403.340000	0.538808	-1.140857	1.394756	0.000000	0.000000
403.350000	0.538807	-1.140845	1.394759	0.000000	0.000000
403.360000	0.538805	-1.140831	1.394761	0.000000	0.000000
403.370000	0.538803	-1.140816	1.394764	0.000000	0.000000
403.380000	0.538800	-1.140798	1.394767	0.000000	0.000000
403.390000	0.538797	-1.140778	1.394771	0.000000	0.000000
403.400000	0.538793	-1.140760	1.394774	0.000000	0.000000
403.410000	0.538790	-1.140744	1.394777	0.000000	0.000000
403.420000	0.538789	-1.140731	1.394780	0.000000	0.000000
403.430000	0.538787	-1.140719	1.394783	0.000000	0.000000
403.440000	0.538784	-1.140708	1.394787	0.000000	0.000000
403.450000	0.538782	-1.140696	1.394790	0.000000	0.000000
403.460000	0.538781	-1.140685	1.394793	0.000000	0.000000
403.470000	0.538780	-1.140675	1.394796	0.000000	0.000000
403.480000	0.538780	-1.140666	1.394800	0.000000	0.000000
403.490000	0.538780	-1.140657	1.394803	0.000000	0.000000
403.500000	0.538780	-1.140647	1.394806	0.000000	0.000000
403.510000	0.538780	-1.140636	1.394809	0.000000	0.000000
403.520000	0.538778	-1.140623	1.394812	0.000000	0.000000
403.530000	0.538777	-1.140610	1.394815	0.000000	0.000000
403.540000	0.538774	-1.140595	1.394818	0.000000	0.000000
403.550000	0.538772	-1.140579	1.394821	0.000000	0.000000
403.560000	0.538769	-1.140564	1.394824	0.000000	0.000000
403.570000	0.538767	-1.140552	1.394828	0.000000	0.000000
403.580000	0.538766	-1.140545	1.394831	0.000000	0.000000
403.590000	0.538766	-1.140542	1.394834	0.000000	0.000000
403.600000	0.538768	-1.140542	1.394837	0.000000	0.000000
403.610000	0.538770	-1.140543	1.394840	0.000000	0.000000
403.620000	0.538772	-1.140542	1.394843	0.000000	0.000000
403.630000	0.538773	-1.140536	1.394846	0.000000	0.000000
403.640000	0.538772	-1.140524	1.394849	0.000000	0.000000
403.650000	0.538770	-1.140508	1.394852	0.000000	0.000000
403.660000	0.538766	-1.140489	1.394855	0.000000	0.000000
403.670000	0.538764	-1.140471	1.394858	0.000000	0.000000
403.680000	0.538762	-1.140455	1.394860	0.000000	0.000000
403.690000	0.538761	-1.140442	1.394863	0.000000	0.000000
403.700000	0.538760	-1.140432	1.394866	0.000000	0.000000
403.710000	0.538760	-1.140424	1.394868	0.000000	0.000000
403.720000	0.538760	-1.140418	1.394870	0.000000	0.000000
403.730000	0.538761	-1.140414	1.394873	0.000000	0.000000
403.740000	0.538763	-1.140411	1.394875	0.000000	0.000000
403.750000	0.538764	-1.140407	1.394877	0.000000	0.000000
403.760000	0.538764	-1.140402	1.394879	0.000000	0.000000
403.770000	0.538764	-1.140395	1.394881	0.000000	0.000000
403.780000	0.538764	-1.140384	1.394884	0.000000	0.000000
403.790000	0.538764	-1.140374	1.394886	0.000000	0.000000
403.800000	0.538765	-1.140365	1.394888	0.000000	0.000000
403.810000	0.538766	-1.140359	1.394889	0.000000	0.000000
403.820000	0.538767	-1.140353	1.394891	0.000000	0.000000
403.830000	0.538769	-1.140347	1.394893	0.000000	0.000000
403.840000	0.538771	-1.140340	1.394895	0.000000	0.000000
403.850000	0.538772	-1.140331	1.394897	0.000000	0.000000
403.860000	0.538774	-1.140320	1.394899	0.000000	0.000000
403.870000	0.538775	-1.140309	1.394901	0.000000	0.000000
403.880000	0.538778	-1.140300	1.394902	0.000000	0.000000
403.890000	0.538780	-1.140293	1.394904	0.000000	0.000000
403.900000	0.538783	-1.140285	1.394906	0.000000	0.000000
403.910000	0.538785	-1.140275	1.394908	0.000000	0.000000
403.920000	0.538785	-1.140262	1.394910	0.000000	0.000000
403.930000	0.538786	-1.140246	1.394911	0.000000	0.000000
403.940000	0.538784	-1.140229	1.394913	0.000000	0.000000
403.950000	0.538782	-1.140211	1.394915	0.000000	0.000000
403.960000	0.538780	-1.140194	1.394917	0.000000	0.000000
403.970000	0.538778	-1.140178	1.394919	0.000000	0.000000
403.980000	0.538777	-1.140165	1.394920	0.000000	0.000000
403.990000	0.538777	-1.140155	1.394922	0.000000	0.000000
404.000000	0.538777	-1.140147	1.394924	0.000000	0.000000
404.010000	0.538778	-1.140140	1.394926	0.000000	0.000000
404.020000	0.538780	-1.140135	1.394927	0.000000	0.000000
404.030000	0.538783	-1.140129	1.394929	0.000000	0.000000
404.040000	0.538784	-1.140123	1.394931	0.000000	0.000000
404.050000	0.538785	-1.140115	1.394932	0.000000	0.000000
404.060000	0.538786	-1.140107	1.394934	0.000000	0.000000
404.070000	0.538786	-1.140096	1.394936	0.000000	0.000000
404.080000	0.538786	-1.140084	1.394937	0.000000	0.000000
404.090000	0.538784	-1.140072	1.394939	0.000000	0.000000
404.100000	0.538784	-1.140061	1.394941	0.000000	0.000000
404.110000	0.538785	-1.140054	1.394943	0.000000	0.000000
404.120000	0.538786	-1.140050	1.394945	0.000000	0.000000
404.130000	0.538788	-1.140049	1.394946	0.000000	0.000000
404.140000	0.538790	-1.140049	1.394948	0.000000	0.000000
404.150000	0.538793	-1.140049	1.394950	0.000000	0.000000
404.160000	0.538795	-1.140049	1.394953	0.000000	0.000000
404.170000	0.538796	-1.140046	1.394955	0.000000	0.000000
404.180000	0.538796	-1.140042	1.394957	0.000000	0.000000
404.190000	0.538796	-1.140036	1.394959	0.000000	0.000000
404.200000	0.538795	-1.140030	1.394961	0.000000	0.000000
404.210000	0.538795	-1.140023	1.394963	0.000000	0.000000
404.220000	0.538794	-1.140015	1.394965	0.000000	0.000000
404.230000	0.538793	-1.140005	1.394967	0.000000	0.000000
404.240000	0.538793	-1.139993	1.394969	0.000000	0.000000
404.250000	0.538792	-1.139980	1.394971	0.000000	0.000000
404.260000	0.538790	-1.139965	1.394973	0.000000	0.000000
404.270000	0.538788	-1.139951	1.394975	0.000000	0.000000
404.280000	0.538787	-1.139940	1.394976	0.000000	0.000000
404.290000	0.538787	-1.139933	1.394978	0.000000	0.000000
404.300000	0.538788	-1.139929	1.394980	0.000000	0.000000
404.310000	0.538789	-1.139926	1.394981	0.000000	0.000000
404.320000	0.538791	-1.139924	1.394983	0.000000	0.000000
404.330000	0.538793	-1.139922	1.394984	0.000000	0.000000
404.340000	0.538795	-1.139919	1.394985	0.000000	0.000000
404.350000	0.538797	-1.139916	1.394987	0.000000	0.000000
404.360000	0.538798	-1.139912	1.394988	0.000000	0.000000
404.370000	0.538799	-1.139907	1.394989	0.000000	0.000000
404.380000	0.538800	-1.139899	1.394991	0.000000	0.000000
404.390000	0.538800	-1.139891	1.394992	0.000000	0.000000
404.400000	0.538801	-1.139881	1.394993	0.000000	0.000000
404.410000	0.538801	-1.139873	1.394994	0.000000	0.000000
404.420000	0.538802	-1.139865	1.394995	0.000000	0.000000
404.430000	0.538803	-1.139857	1.394996	0.000000	0.000000
404.440000	0.538804	-1.139849	1.394997	0.000000	0.000000
404.450000	0.538805	-1.139842	1.394998	0.000000	0.000000
404.460000	0.538804	-1.139833	1.394999	0.000000	0.000000
404.470000	0.538803	-1.139824	1.395000	0.000000	0.000000
404.480000	0.538801	-1.139814	1.395001	0.000000	0.000000
404.490000	0.538800	-1.139801	1.395001	0.000000	0.000000
404.500000	0.538797	-1.139785	1.395002	0.000000	0.000000
404.510000	0.538794	-1.139769	1.395003	0.000000	0.000000
404.520000	0.538790	-1.139753	1.395004	0.000000	0.000000
404.530000	0.538787	-1.139739	1.395004	0.000000	0.000000
404.540000	0.538785	-1.139727	1.395005	0.000000	0.000000
404.550000	0.538784	-1.139718	1.395005	0.000000	0.000000
404.560000	0.538784	-1.139713	1.395006	0.000000	0.000000
404.570000	0.538787	-1.139710	1.395006	0.000000	0.000000
404.580000	0.538790	-1.139710	1.395007	0.000000	0.000000
404.590000	0.538793	-1.139711	1.395007	0.000000	0.000000
404.600000	0.538796	-1.139711	1.395007	0.000000	0.000000
404.610000	0.538799	-1.139708	1.395007	0.000000	0.000000
404.620000	0.538801	-1.139701	1.395008	0.000000	0.000000
404.630000	0.538803	-1.139691	1.395008	0.000000	0.000000
404.640000	0.538804	-1.139680	1.395008	0.000000	0.000000
404.650000	0.538805	-1.139673	1.395008	0.000000	0.000000
404.660000	0.538807	-1.139671	1.395008	0.000000	0.000000
404.670000	0.538810	-1.139671	1.395008	0.000000	0.000000
404.680000	0.538813	-1.139672	1.395008	0.000000	0.000000
404.690000	0.538815	-1.139671	1.395008	0.000000	0.000000
404.700000	0.538815	-1.139666	1.395008	0.000000	0.000000
404.710000	0.538815	-1.139660	1.395008	0.000000	0.000000
404.720000	0.538816	-1.139654	1.395009	0.000000	0.000000
404.730000	0.538817	-1.139651	1.395009	0.000000	0.000000
404.740000	0.538820	-1.139651	1.395009	0.000000	0.000000
404.750000	0.538824	-1.139651	1.395010	0.000000	0.000000
404.760000	0.538827	-1.139649	1.395010	0.000000	0.000000
404.770000	0.538829	-1.139642	1.395011	0.000000	0.000000
404.780000	0.538831	-1.139634	1.395012	0.000000	0.000000
404.790000	0.538834	-1.139628	1.395013	0.000000	0.000000
404.800000	0.538835	-1.139624	1.395014	0.000000	0.000000
404.810000	0.538837	-1.139619	1.395015	0.000000	0.000000
404.820000	0.538838	-1.139613	1.395017	0.000000	0.000000
404.830000	0.538838	-1.139607	1.395019	0.000000	0.000000
404.840000	0.538837	-1.139600	1.395020	0.000000	0.000000
404.850000	0.538836	-1.139593	1.395022	0.000000	0.000000
404.860000	0.538836	-1.139587	1.395024	0.000000	0.000000
404.870000	0.538836	-1.139581	1.395026	0.000000	0.000000
404.880000	0.538836	-1.139577	1.395028	0.000000	0.000000
404.890000	0.538836	-1.139572	1.395030	0.000000	0.000000
404.900000	0.538837	-1.139568	1.395032	0.000000	0.000000
404.910000	0.538836	-1.139563	1.395034	0.000000	0.000000
404.920000	0.538836	-1.139556	1.395037	0.000000	0.000000
404.930000	0.538836	-1.139549	1.395039	0.000000	0.000000
404.940000	0.538835	-1.139542	1.395041	0.000000	0.000000
404.950000	0.538835	-1.139536	1.395043	0.000000	0.000000
404.960000	0.538835	-1.139532	1.395046	0.000000	0.000000
404.970000	0.538837	-1.139530	1.395048	0.000000	0.000000
404.980000	0.538837	-1.139529	1.395050	0.000000	0.000000
404.990000	0.538838	-1.139528	1.395053	0.000000	0.000000
405.000000	0.538838	-1.139527	1.395055	0.000000	0.000000
405.010000	0.538837	-1.139524	1.395058	0.000000	0.000000
405.020000	0.538836	-1.139521	1.395060	0.000000	0.000000
405.030000	0.538834	-1.139518	1.395063	0.000000	0.000000
405.040000	0.538832	-1.139514	1.395065	0.000000	0.000000
405.050000	0.538829	-1.139509	1.395068	0.000000	0.000000
405.060000	0.538826	-1.139502	1.395070	0.000000	0.000000
405.070000	0.538822	-1.139494	1.395072	0.000000	0.000000
405.080000	0.538818	-1.139485	1.395075	0.000000	0.000000
405.090000	0.538815	-1.139477	1.395077	0.000000	0.000000
405.100000	0.538812	-1.139470	1.395079	0.000000	0.000000
405.110000	0.538811	-1.139467	1.395082	0.000000	0.000000
405.120000	0.538812	-1.139467	1.395084	0.000000	0.000000
405.130000	0.538813	-1.139470	1.395086	0.000000	0.000000
405.140000	0.538815	-1.139475	1.395088	0.000000	0.000000
405.150000	0.538816	-1.139481	1.395090	0.000000	0.000000
405.160000	0.538817	-1.139486	1.395092	0.000000	0.000000
405.170000	0.538818	-1.139490	1.395094	0.000000	0.000000
405.180000	0.538818	-1.139490	1.395096	0.000000	0.000000
405.190000	0.538818	-1.139488	1.395098	0.000000	0.000000
405.200000	0.538817	-1.139486	1.395099	0.000000	0.000000
405.210000	0.538816	-1.139484	1.395101	0.000000	0.000000
405.220000	0.538817	-1.139483	1.395103	0.000000	0.000000
405.230000	0.538818	-1.139483	1.395105	0.000000	0.000000
405.240000	0.538820	-1.139483	1.395106	0.000000	0.000000
405.250000	0.538821	-1.139484	1.395108	0.000000	0.000000
405.260000	0.538824	-1.139483	1.395110	0.000000	0.000000
405.270000	0.538827	-1.139482	1.395111	0.000000	0.000000
405.280000	0.538829	-1.139480	1.395113	0.000000	0.000000
405.290000	0.538831	-1.139478	1.395115	0.000000	0.000000
405.300000	0.538833	-1.139476	1.395117	0.000000	0.000000
405.310000	0.538836	-1.139474	1.395118	0.000000	0.000000
405.320000	0.538839	-1.139472	1.395120	0.000000	0.000000
405.330000	0.538843	-1.139468	1.395122	0.000000	0.000000
405.340000	0.538847	-1.139464	1.395124	0.000000	0.000000
405.350000	0.538852	-1.139458	1.395125	0.000000	0.000000
405.360000	0.538856	-1.139451	1.395127	0.000000	0.000000
405.370000	0.538861	-1.139444	1.395129	0.000000	0.000000
405.380000	0.538866	-1.139438	1.395130	0.000000	0.000000
405.390000	0.538870	-1.139431	1.395132	0.000000	0.000000
405.400000	0.538875	-1.139427	1.395134	0.000000	0.000000
405.410000	0.538880	-1.139425	1.395135	0.000000	0.000000
405.420000	0.538886	-1.139425	1.395137	0.000000	0.000000
405.430000	0.538891	-1.139426	1.395138	0.000000	0.000000
405.440000	0.538898	-1.139428	1.395140	0.000000	0.000000
405.450000	0.538904	-1.139430	1.395142	0.000000	0.000000
405.460000	0.538909	-1.139431	1.395143	0.000000	0.000000
405.470000	0.538916	-1.139433	1.395145	0.000000	0.000000
405.480000	0.538922	-1.139435	1.395146	0.000000	0.000000
405.490000	0.538929	-1.139439	1.395148	0.000000	0.000000
405.500000	0.538936	-1.139445	1.395150	0.000000	0.000000
405.510000	0.538944	-1.139450	1.395151	0.000000	0.000000
405.520000	0.538952	-1.139456	1.395153	0.000000	0.000000
405.530000	0.538959	-1.139461	1.395155	0.000000	0.000000
405.540000	0.538965	-1.139464	1.395156	0.000000	0.000000
405.550000	0.538970	-1.139466	1.395158	0.000000	0.000000
405.560000	0.538975	-1.139466	1.395160	0.000000	0.000000
405.570000	0.538980	-1.139465	1.395162	0.000000	0.000000
405.580000	0.538985	-1.139461	1.395164	0.000000	0.000000
405.590000	0.538990	-1.139456	1.395166	0.000000	0.000000
405.600000	0.538995	-1.139450	1.395168	0.000000	0.000000
405.610000	0.539000	-1.139445	1.395170	0.000000	0.000000
405.620000	0.539004	-1.139442	1.395172	0.000000	0.000000
405.630000	0.539008	-1.139440	1.395174	0.000000	0.000000
405.640000	0.539013	-1.139439	1.395176	0.000000	0.000000
405.650000	0.539019	-1.139438	1.395179	0.000000	0.000000
405.660000	0.539026	-1.139437	1.395181	0.000000	0.000000
405.670000	0.539031	-1.139432	1.395183	0.000000	0.000000
405.680000	0.539035	-1.139425	1.395185	0.000000	0.000000
405.690000	0.539037	-1.139414	1.395187	0.000000	0.000000
405.700000	0.539039	-1.139400	1.395190	0.000000	0.000000
405.710000	0.539040	-1.139385	1.395192	0.000000	0.000000
405.720000	0.539042	-1.139371	1.395194	0.000000	0.000000
405.730000	0.539043	-1.139358	1.395196	0.000000	0.000000
405.740000	0.539046	-1.139349	1.395198	0.000000	0.000000
405.750000	0.539050	-1.139345	1.395200	0.000000	0.000000
405.760000	0.539056	-1.139345	1.395202	0.000000	0.000000
405.770000	0.539062	-1.139345	1.395204	0.000000	0.000000
405.780000	0.539067	-1.139342	1.395205	0.000000	0.000000
405.790000	0.539070	-1.139334	1.395207	0.000000	0.000000
405.800000	0.539072	-1.139321	1.395209	0.000000	0.000000
405.810000	0.539073	-1.139306	1.395211	0.000000	0.000000
405.820000	0.539074	-1.139294	1.395213	0.000000	0.000000
405.830000	0.539078	-1.139289	1.395216	0.000000	0.000000
405.840000	0.539084	-1.139291	1.395218	0.000000	0.000000
405.850000	0.539090	-1.139296	1.395220	0.000000	0.000000
405.860000	0.539096	-1.139301	1.395222	0.000000	0.000000
405.870000	0.539102	-1.139304	1.395224	0.000000	0.000000
405.880000	0.539107	-1.139305	1.395227	0.000000	0.000000
405.890000	0.539111	-1.139304	1.395229	0.000000	0.000000
405.900000	0.539115	-1.139305	1.395231	0.000000	0.000000
405.910000	0.539120	-1.139307	1.395234	0.000000	0.000000
405.920000	0.539125	-1.139310	1.395236	0.000000	0.000000
405.930000	0.539130	-1.139313	1.395239	0.000000	0.000000
405.940000	0.539135	-1.139316	1.395241	0.000000	0.000000
405.950000	0.539140	-1.139318	1.395244	0.000000	0.000000
405.960000	0.539143	-1.139318	1.395247	0.000000	0.000000
405.970000	0.539146	-1.139316	1.395250	0.000000	0.000000
405.980000	0.539149	-1.139312	1.395252	0.000000	0.000000
405.990000	0.539152	-1.139308	1.395255	0.000000	0.000000
406.000000	0.539154	-1.139303	1.395258	0.000000	0.000000
406.010000	0.539156	-1.139299	1.395261	0.000000	0.000000
406.020000	0.539157	-1.139295	1.395264	0.000000	0.000000
406.030000	0.539158	-1.139292	1.395266	0.000000	0.000000
406.040000	0.539159	-1.139289	1.395269	0.000000	0.000000
406.050000	0.539160	-1.139286	1.395272	0.000000	0.000000
406.060000	0.539161	-1.139282	1.395275	0.000000	0.000000
406.070000	0.539161	-1.139279	1.395278	0.000000	0.000000
406.080000	0.539161	-1.139276	1.395281	0.000000	0.000000
406.090000	0.539161	-1.139273	1.395283	0.000000	0.000000
406.100000	0.539161	-1.139270	1.395286	0.000000	0.000000
406.110000	0.539161	-1.139269	1.395289	0.000000	0.000000
406.120000	0.539160	-1.139269	1.395291	0.000000	0.000000
406.130000	0.539160	-1.139268	1.395294	0.000000	0.000000
406.140000	0.539160	-1.139269	1.395296	0.000000	0.000000
406.150000	0.539159	-1.139269	1.395299	0.000000	0.000000
406.160000	0.539159	-1.139269	1.395301	0.000000	0.000000
406.170000	0.539157	-1.139270	1.395304	0.000000	0.000000
406.180000	0.539156	-1.139271	1.395306	0.000000	0.000000
406.190000	0.539155	-1.139273	1.395309	0.000000	0.000000
406.200000	0.539155	-1.139276	1.395311	0.000000	0.000000
406.210000	0.539156	-1.139279	1.395313	0.000000	0.000000
406.220000	0.539158	-1.139284	1.395316	0.000000	0.000000
406.230000	0.539161	-1.139290	1.395318	0.000000	0.000000
406.240000	0.539164	-1.139297	1.395320	0.000000	0.000000
406.250000	0.539167	-1.139303	1.395322	0.000000	0.000000
406.260000	0.539169	-1.139308	1.395324	0.000000	0.000000
406.270000	0.539171	-1.139311	1.395326	0.000000	0.000000
406.280000	0.539172	-1.139313	1.395328	0.000000	0.000000
406.290000	0.539173	-1.139314	1.395330	0.000000	0.000000
406.300000	0.539174	-1.139314	1.395332	0.000000	0.000000
406.310000	0.539176	-1.139314	1.395333	0.000000	0.000000
406.320000	0.539177	-1.139313	1.395335	0.000000	0.000000
406.330000	0.539178	-1.139311	1.395337	0.000000	0.000000
406.340000	0.539179	-1.139308	1.395339	0.000000	0.000000
406.350000	0.539180	-1.139305	1.395341	0.000000	0.000000
406.360000	0.539181	-1.139303	1.395342	0.000000	0.000000
406.370000	0.539182	-1.139302	1.395344	0.000000	0.000000
406.380000	0.539185	-1.139303	1.395346	0.000000	0.000000
406.390000	0.539188	-1.139305	1.395348	0.000000	0.000000
406.400000	0.539191	-1.139306	1.395350	0.000000	0.000000
406.410000	0.539192	-1.139309	1.395352	0.000000	0.000000
406.420000	0.539195	-1.139312	1.395354	0.000000	0.000000
406.430000	0.539197	-1.139316	1.395357	0.000000	0.000000
406.440000	0.539199	-1.139321	1.395359	0.000000	0.000000
406.450000	0.539202	-1.139326	1.395361	0.000000	0.000000
406.460000	0.539205	-1.139331	1.395363	0.000000	0.000000
406.470000	0.539207	-1.139334	1.395366	0.000000	0.000000
406.480000	0.539210	-1.139336	1.395368	0.000000	0.000000
406.490000	0.539213	-1.139338	1.395371	0.000000	0.000000
406.500000	0.539217	-1.139341	1.395373	0.000000	0.000000
406.510000	0.539222	-1.139344	1.395376	0.000000	0.000000
406.520000	0.539227	-1.139347	1.395378	0.000000	0.000000
406.530000	0.539231	-1.139349	1.395381	0.000000	0.000000
406.540000	0.539236	-1.139348	1.395383	0.000000	0.000000
406.550000	0.539240	-1.139345	1.395386	0.000000	0.000000
406.560000	0.539243	-1.139339	1.395388	0.000000	0.000000
406.570000	0.539245	-1.139331	1.395391	0.000000	0.000000
406.580000	0.539248	-1.139323	1.395394	0.000000	0.000000
406.590000	0.539251	-1.139316	1.395396	0.000000	0.000000
406.600000	0.539254	-1.139309	1.395399	0.000000	0.000000
406.610000	0.539258	-1.139302	1.395402	0.000000	0.000000
406.620000	0.539262	-1.139296	1.395405	0.000000	0.000000
406.630000	0.539266	-1.139288	1.395408	0.000000	0.000000
406.640000	0.539269	-1.139280	1.395411	0.000000	0.000000
406.650000	0.539271	-1.139270	1.395413	0.000000	0.000000
406.660000	0.539275	-1.139258	1.395416	0.000000	0.000000
406.670000	0.539276	-1.139247	1.395419	0.000000	0.000000
406.680000	0.539277	-1.139235	1.395422	0.000000	0.000000
406.690000	0.539278	-1.139224	1.395425	0.000000	0.000000
406.700000	0.539281	-1.139215	1.395428	0.000000	0.000000
406.710000	0.539283	-1.139209	1.395430	0.000000	0.000000
406.720000	0.539286	-1.139204	1.395433	0.000000	0.000000
406.730000	0.539290	-1.139201	1.395435	0.000000	0.000000
406.740000	0.539293	-1.139200	1.395438	0.000000	0.000000
406.750000	0.539295	-1.139199	1.395440	0.000000	0.000000
406.760000	0.539298	-1.139200	1.395442	0.000000	0.000000
406.770000	0.539302	-1.139202	1.395445	0.000000	0.000000
406.780000	0.539304	-1.139204	1.395447	0.000000	0.000000
406.790000	0.539306	-1.139204	1.395449	0.000000	0.000000
406.800000	0.539307	-1.139203	1.395451	0.000000	0.000000
406.810000	0.539307	-1.139199	1.395453	0.000000	0.000000
406.820000	0.539307	-1.139193	1.395455	0.000000	0.000000
406.830000	0.539306	-1.139187	1.395457	0.000000	0.000000
406.840000	0.539307	-1.139183	1.395458	0.000000	0.000000
406.850000	0.539310	-1.139182	1.395460	0.000000	0.000000
406.860000	0.539314	-1.139183	1.395462	0.000000	0.000000
406.870000	0.539319	-1.139185	1.395464	0.000000	0.000000
406.880000	0.539322	-1.139187	1.395466	0.000000	0.000000
406.890000	0.539325	-1.139187	1.395468	0.000000	0.000000
406.900000	0.539326	-1.139184	1.395469	0.000000	0.000000
406.910000	0.539327	-1.139179	1.395471	0.000000	0.000000
406.920000	0.539328	-1.139171	1.395473	0.000000	0.000000
406.930000	0.539328	-1.139161	1.395475	0.000000	0.000000
406.940000	0.539327	-1.139150	1.395477	0.000000	0.000000
406.950000	0.539327	-1.139139	1.395478	0.000000	0.000000
406.960000	0.539327	-1.139129	1.395480	0.000000	0.000000
406.970000	0.539326	-1.139118	1.395482	0.000000	0.000000
406.980000	0.539325	-1.139107	1.395483	0.000000	0.000000
406.990000	0.539324	-1.139095	1.395485	0.000000	0.000000
407.000000	0.539324	-1.139083	1.395486	0.000000	0.000000
407.010000	0.539324	-1.139072	1.395488	0.000000	0.000000
407.020000	0.539324	-1.139062	1.395489	0.000000	0.000000
407.030000	0.539324	-1.139053	1.395490	0.000000	0.000000
407.040000	0.539325	-1.139046	1.395492	0.000000	0.000000
407.050000	0.539327	-1.139041	1.395493	0.000000	0.000000
407.060000	0.539329	-1.139037	1.395494	0.000000	0.000000
407.070000	0.539332	-1.139037	1.395495	0.000000	0.000000
407.080000	0.539336	-1.139039	1.395496	0.000000	0.000000
407.090000	0.539340	-1.139042	1.395497	0.000000	0.000000
407.100000	0.539344	-1.139044	1.395497	0.000000	0.000000
407.110000	0.539347	-1.139042	1.395498	0.000000	0.000000
407.120000	0.539350	-1.139037	1.395499	0.000000	0.000000
407.130000	0.539353	-1.139033	1.395500	0.000000	0.000000
407.140000	0.539356	-1.139031	1.395501	0.000000	0.000000
407.150000	0.539360	-1.139031	1.395502	0.000000	0.000000
407.160000	0.539363	-1.139032	1.395503	0.000000	0.000000
407.170000	0.539366	-1.139033	1.395504	0.000000	0.000000
407.180000	0.539369	-1.139033	1.395505	0.000000	0.000000
407.190000	0.539371	-1.139033	1.395507	0.000000	0.000000
407.200000	0.539372	-1.139031	1.395508	0.000000	0.000000
407.210000	0.539372	-1.139028	1.395509	0.000000	0.000000
407.220000	0.539372	-1.139023	1.395511	0.000000	0.000000
407.230000	0.539373	-1.139018	1.395513	0.000000	0.000000
407.240000	0.539372	-1.139013	1.395514	0.000000	0.000000
407.250000	0.539372	-1.139009	1.395516	0.000000	0.000000
407.260000	0.539372	-1.139008	1.395518	0.000000	0.000000
407.270000	0.539373	-1.139008	1.395520	0.000000	0.000000
407.280000	0.539374	-1.139008	1.395523	0.000000	0.000000
407.290000	0.539374	-1.139009	1.395525	0.000000	0.000000
407.300000	0.539374	-1.139009	1.395527	0.000000	0.000000
407.310000	0.539374	-1.139009	1.395530	0.000000	0.000000
407.320000	0.539373	-1.139008	1.395532	0.000000	0.000000
407.330000	0.539373	-1.139005	1.395535	0.000000	0.000000
407.340000	0.539372	-1.139001	1.395538	0.000000	0.000000
407.350000	0.539370	-1.138992	1.395541	0.000000	0.000000
407.360000	0.539367	-1.138980	1.395544	0.000000	0.000000
407.370000	0.539363	-1.138968	1.395547	0.000000	0.000000
407.380000	0.539361	-1.138959	1.395550	0.000000	0.000000
407.390000	0.539359	-1.138954	1.395553	0.000000	0.000000
407.400000	0.539358	-1.138951	1.395556	0.000000	0.000000
407.410000	0.539357	-1.138949	1.395560	0.000000	0.000000
407.420000	0.539356	-1.138946	1.395563	0.000000	0.000000
407.430000	0.539355	-1.138941	1.395567	0.000000	0.000000
407.440000	0.539354	-1.138935	1.395570	0.000000	0.000000
407.450000	0.539352	-1.138927	1.395574	0.000000	0.000000
407.460000	0.539349	-1.138919	1.395577	0.000000	0.000000
407.470000	0.539345	-1.138908	1.395581	0.000000	0.000000
407.480000	0.539340	-1.138896	1.395584	0.000000	0.000000
407.490000	0.539335	-1.138881	1.395588	0.000000	0.000000
407.500000	0.539329	-1.138865	1.395591	0.000000	0.000000
407.510000	0.539322	-1.138848	1.395595	0.000000	0.000000
407.520000	0.539315	-1.138831	1.395598	0.000000	0.000000
407.530000	0.539310	-1.138817	1.395601	0.000000	0.000000
407.540000	0.539306	-1.138808	1.395604	0.000000	0.000000
407.550000	0.539304	-1.138803	1.395607	0.000000	0.000000
407.560000	0.539303	-1.138804	1.395610	0.000000	0.000000
407.570000	0.539304	-1.138808	1.395613	0.000000	0.000000
407.580000	0.539305	-1.138815	1.395616	0.000000	0.000000
407.590000	0.539307	-1.138823	1.395619	0.000000	0.000000
407.600000	0.539309	-1.138831	1.395622	0.000000	0.000000
407.610000	0.539310	-1.138835	1.395624	0.000000	0.000000
407.620000	0.539309	-1.138833	1.395627	0.000000	0.000000
407.630000	0.539307	-1.138827	1.395629	0.000000	0.000000
407.640000	0.539304	-1.138819	1.395631	0.000000	0.000000
407.650000	0.539301	-1.138812	1.395633	0.000000	0.000000
407.660000	0.539299	-1.138805	1.395636	0.000000	0.000000
407.670000	0.539296	-1.138799	1.395638	0.000000	0.000000
407.680000	0.539294	-1.138793	1.395640	0.000000	0.000000
407.690000	0.539292	-1.138786	1.395642	0.000000	0.000000
407.700000	0.539290	-1.138779	1.395644	0.000000	0.000000
407.710000	0.539287	-1.138771	1.395646	0.000000	0.000000
407.720000	0.539284	-1.138765	1.395648	0.000000	0.000000
407.730000	0.539282	-1.138759	1.395650	0.000000	0.000000
407.740000	0.539279	-1.138754	1.395653	0.000000	0.000000
407.750000	0.539277	-1.138749	1.395655	0.000000	0.000000
407.760000	0.539274	-1.138743	1.395657	0.000000	0.000000
407.770000	0.539270	-1.138736	1.395659	0.000000	0.000000
407.780000	0.539266	-1.138727	1.395661	0.000000	0.000000
407.790000	0.539262	-1.138719	1.395663	0.000000	0.000000
407.800000	0.539259	-1.138712	1.395666	0.000000	0.000000
407.810000	0.539257	-1.138707	1.395668	0.000000	0.000000
407.820000	0.539256	-1.138703	1.395670	0.000000	0.000000
407.830000	0.539255	-1.138703	1.395672	0.000000	0.000000
407.840000	0.539255	-1.138703	1.395675	0.000000	0.000000
407.850000	0.539255	-1.138705	1.395677	0.000000	0.000000
407.860000	0.539255	-1.138707	1.395679	0.000000	0.000000
407.870000	0.539256	-1.138709	1.395682	0.000000	0.000000
407.880000	0.539256	-1.138710	1.395684	0.000000	0.000000
407.890000	0.539256	-1.138711	1.395687	0.000000	0.000000
407.900000	0.539255	-1.138710	1.395689	0.000000	0.000000
407.910000	0.539253	-1.138707	1.395692	0.000000	0.000000
407.920000	0.539252	-1.138704	1.395694	0.000000	0.000000
407.930000	0.539251	-1.138701	1.395697	0.000000	0.000000
407.940000	0.539250	-1.138700	1.395700	0.000000	0.000000
407.950000	0.539250	-1.138700	1.395703	0.000000	0.000000
407.960000	0.539249	-1.138699	1.395706	0.000000	0.000000
407.970000	0.539248	-1.138698	1.395709	0.000000	0.000000
407.980000	0.539247	-1.138696	1.395712	0.000000	0.000000
407.990000	0.539246	-1.138693	1.395715	0.000000	0.000000
408.000000	0.539245	-1.138689	1.395718	0.000000	0.000000
408.010000	0.539244	-1.138685	1.395721	0.000000	0.000000
408.020000	0.539242	-1.138679	1.395725	0.000000	0.000000
408.030000	0.539241	-1.138673	1.395728	0.000000	0.000000
408.040000	0.539238	-1.138666	1.395731	0.000000	0.000000
408.050000	0.539235	-1.138658	1.395735	0.000000	0.000000
408.060000	0.539232	-1.138649	1.395738	0.000000	0.000000
408.070000	0.539228	-1.138640	1.395741	0.000000	0.000000
408.080000	0.539224	-1.138631	1.395745	0.000000	0.000000
408.090000	0.539221	-1.138622	1.395748	0.000000	0.000000
408.100000	0.539217	-1.138613	1.395752	0.000000	0.000000
408.110000	0.539214	-1.138605	1.395755	0.000000	0.000000
408.120000	0.539211	-1.138598	1.395758	0.000000	0.000000
408.130000	0.539208	-1.138592	1.395762	0.000000	0.000000
408.140000	0.539206	-1.138587	1.395765	0.000000	0.000000
408.150000	0.539203	-1.138583	1.395769	0.000000	0.000000
408.160000	0.539202	-1.138579	1.395772	0.000000	0.000000
408.170000	0.539200	-1.138575	1.395776	0.000000	0.000000
408.180000	0.539198	-1.138570	1.395779	0.000000	0.000000
408.190000	0.539195	-1.138564	1.395783	0.000000	0.000000
408.200000	0.539193	-1.138557	1.395786	0.000000	0.000000
408.210000	0.539190	-1.138548	1.395790	0.000000	0.000000
408.220000	0.539186	-1.138538	1.395793	0.000000	0.000000
408.230000	0.539183	-1.138526	1.395797	0.000000	0.000000
408.240000	0.539180	-1.138514	1.395801	0.000000	0.000000
408.250000	0.539176	-1.138500	1.395804	0.000000	0.000000
408.260000	0.539173	-1.138487	1.395808	0.000000	0.000000
408.270000	0.539171	-1.138475	1.395811	0.000000	0.000000
408.280000	0.539170	-1.138465	1.395815	0.000000	0.000000
408.290000	0.539170	-1.138457	1.395819	0.000000	0.000000
408.300000	0.539170	-1.138451	1.395822	0.000000	0.000000
408.310000	0.539170	-1.138446	1.395826	0.000000	0.000000
408.320000	0.539170	-1.138441	1.395830	0.000000	0.000000
408.330000	0.539170	-1.138438	1.395833	0.000000	0.000000
408.340000	0.539170	-1.138434	1.395837	0.000000	0.000000
408.350000	0.539170	-1.138430	1.395840	0.000000	0.000000
408.360000	0.539171	-1.138425	1.395843	0.000000	0.000000
408.370000	0.539171	-1.138418	1.395847	0.000000	0.000000
408.380000	0.539170	-1.138410	1.395850	0.000000	0.000000
408.390000	0.539169	-1.138400	1.395853	0.000000	0.000000
408.400000	0.539167	-1.138391	1.395856	0.000000	0.000000
408.410000	0.539165	-1.138383	1.395859	0.000000	0.000000
408.420000	0.539163	-1.138377	1.395862	0.000000	0.000000
408.430000	0.539161	-1.138373	1.395865	0.000000	0.000000
408.440000	0.539158	-1.138369	1.395867	0.000000	0.000000
408.450000	0.539155	-1.138365	1.395870	0.000000	0.000000
408.460000	0.539153	-1.138362	1.395872	0.000000	0.000000
408.470000	0.539151	-1.138358	1.395875	0.000000	0.000000
408.480000	0.539148	-1.138356	1.395877	0.000000	0.000000
408.490000	0.539146	-1.138355	1.395879	0.000000	0.000000
408.500000	0.539144	-1.138356	1.395881	0.000000	0.000000
408.510000	0.539142	-1.138357	1.395883	0.000000	0.000000
408.520000	0.539140	-1.138358	1.395885	0.000000	0.000000
408.530000	0.539138	-1.138358	1.395887	0.000000	0.000000
408.540000	0.539136	-1.138358	1.395889	0.000000	0.000000
408.550000	0.539135	-1.138360	1.395891	0.000000	0.000000
408.560000	0.539133	-1.138363	1.395892	0.000000	0.000000
408.570000	0.539131	-1.138365	1.395894	0.000000	0.000000
408.580000	0.539129	-1.138364	1.395896	0.000000	0.000000
408.590000	0.539125	-1.138361	1.395898	0.000000	0.000000
408.600000	0.539121	-1.138355	1.395899	0.000000	0.000000
408.610000	0.539118	-1.138348	1.395901	0.000000	0.000000
408.620000	0.539114	-1.138340	1.395903	0.000000	0.000000
408.630000	0.539111	-1.138333	1.395905	0.000000	0.000000
408.640000	0.539107	-1.138326	1.395906	0.000000	0.000000
408.650000	0.539105	-1.138321	1.395908	0.000000	0.000000
408.660000	0.539103	-1.138318	1.395910	0.000000	0.000000
408.670000	0.539102	-1.138315	1.395912	0.000000	0.000000
408.680000	0.539101	-1.138314	1.395914	0.000000	0.000000
408.690000	0.539099	-1.138314	1.395916	0.000000	0.000000
408.700000	0.539097	-1.138314	1.395918	0.000000	0.000000
408.710000	0.539095	-1.138314	1.395920	0.000000	0.000000
408.720000	0.539094	-1.138314	1.395922	0.000000	0.000000
408.730000	0.539092	-1.138313	1.395923	0.000000	0.000000
408.740000	0.539091	-1.138312	1.395925	0.000000	0.000000
408.750000	0.539089	-1.138311	1.395927	0.000000	0.000000
408.760000	0.539088	-1.138309	1.395928	0.000000	0.000000
408.770000	0.539086	-1.138308	1.395930	0.000000	0.000000
408.780000	0.539085	-1.138305	1.395932	0.000000	0.000000
408.790000	0.539083	-1.138303	1.395933	0.000000	0.000000
408.800000	0.539082	-1.138300	1.395934	0.000000	0.000000
408.810000	0.539080	-1.138298	1.395936	0.000000	0.000000
408.820000	0.539079	-1.138297	1.395937	0.000000	0.000000
408.830000	0.539079	-1.138299	1.395938	0.000000	0.000000
408.840000	0.539081	-1.138303	1.395940	0.000000	0.000000
408.850000	0.539081	-1.138309	1.395941	0.000000	0.000000
408.860000	0.539083	-1.138317	1.395942	0.000000	0.000000
408.870000	0.539084	-1.138325	1.395943	0.000000	0.000000
408.880000	0.539085	-1.138333	1.395945	0.000000	0.000000
408.890000	0.539086	-1.138341	1.395946	0.000000	0.000000
408.900000	0.539088	-1.138347	1.395947	0.000000	0.000000
408.910000	0.539089	-1.138349	1.395948	0.000000	0.000000
408.920000	0.539087	-1.138347	1.395950	0.000000	0.000000
408.930000	0.539085	-1.138341	1.395951	0.000000	0.000000
408.940000	0.539083	-1.138336	1.395952	0.000000	0.000000
408.950000	0.539082	-1.138334	1.395953	0.000000	0.000000
408.960000	0.539080	-1.138333	1.395954	0.000000	0.000000
408.970000	0.539079	-1.138331	1.395956	0.000000	0.000000
408.980000	0.539076	-1.138328	1.395957	0.000000	0.000000
408.990000	0.539073	-1.138324	1.395958	0.000000	0.000000
409.000000	0.539071	-1.138321	1.395960	0.000000	0.000000
409.010000	0.539070	-1.138320	1.395961	0.000000	0.000000
409.020000	0.539069	-1.138322	1.395962	0.000000	0.000000
409.030000	0.539068	-1.138326	1.395964	0.000000	0.000000
409.040000	0.539066	-1.138330	1.395965	0.000000	0.000000
409.050000	0.539065	-1.138335	1.395967	0.000000	0.000000
409.060000	0.539064	-1.138339	1.395968	0.000000	0.000000
409.070000	0.539063	-1.138342	1.395970	0.000000	0.000000
409.080000	0.539061	-1.138343	1.395971	0.000000	0.000000
409.090000	0.539058	-1.138342	1.395973	0.000000	0.000000
409.100000	0.539054	-1.138339	1.395974	0.000000	0.000000
409.110000	0.539051	-1.138334	1.395975	0.000000	0.000000
409.120000	0.539047	-1.138328	1.395977	0.000000	0.000000
409.130000	0.539043	-1.138322	1.395978	0.000000	0.000000
409.140000	0.539041	-1.138317	1.395979	0.000000	0.000000
409.150000	0.539039	-1.138314	1.395981	0.000000	0.000000
409.160000	0.539039	-1.138314	1.395982	0.000000	0.000000
409.170000	0.539040	-1.138318	1.395983	0.000000	0.000000
409.180000	0.539041	-1.138324	1.395984	0.000000	0.000000
409.190000	0.539044	-1.138332	1.395985	0.000000	0.000000
409.200000	0.539045	-1.138340	1.395986	0.000000	0.000000
409.210000	0.539045	-1.138346	1.395987	0.000000	0.000000
409.220000	0.539044	-1.138347	1.395988	0.000000	0.000000
409.230000	0.539042	-1.138344	1.395989	0.000000	0.000000
409.240000	0.539039	-1.138335	1.395990	0.000000	0.000000
409.250000	0.539034	-1.138325	1.395990	0.000000	0.000000
409.260000	0.539030	-1.138315	1.395991	0.000000	0.000000
409.270000	0.539028	-1.138308	1.395992	0.000000	0.000000
409.280000	0.539027	-1.138307	1.395992	0.000000	0.000000
409.290000	0.539027	-1.138310	1.395993	0.000000	0.000000
409.300000	0.539027	-1.138316	1.395994	0.000000	0.000000
409.310000	0.539027	-1.138321	1.395994	0.000000	0.000000
409.320000	0.539026	-1.138325	1.395995	0.000000	0.000000
409.330000	0.539025	-1.138327	1.395995	0.000000	0.000000
409.340000	0.539023	-1.138325	1.395996	0.000000	0.000000
409.350000	0.539020	-1.138321	1.395996	0.000000	0.000000
409.360000	0.539018	-1.138314	1.395997	0.000000	0.000000
409.370000	0.539015	-1.138307	1.395998	0.000000	0.000000
409.380000	0.539012	-1.138300	1.395998	0.000000	0.000000
409.390000	0.539009	-1.138295	1.395999	0.000000	0.000000
409.400000	0.539008	-1.138291	1.395999	0.000000	0.000000
409.410000	0.539006	-1.138288	1.396000	0.000000	0.000000
409.420000	0.539006	-1.138287	1.396001	0.000000	0.000000
409.430000	0.539006	-1.138288	1.396002	0.000000	0.000000
409.440000	0.539007	-1.138289	1.396002	0.000000	0.000000
409.450000	0.539007	-1.138291	1.396003	0.000000	0.000000
409.460000	0.539007	-1.138291	1.396004	0.000000	0.000000
409.470000	0.539007	-1.138290	1.396005	0.000000	0.000000
409.480000	0.539006	-1.138286	1.396006	0.000000	0.000000
409.490000	0.539004	-1.138280	1.396006	0.000000	0.000000
409.500000	0.539001	-1.138271	1.396007	0.000000	0.000000
409.510000	0.538998	-1.138261	1.396008	0.000000	0.000000
409.520000	0.538995	-1.138250	1.396008	0.000000	0.000000
409.530000	0.538993	-1.138240	1.396009	0.000000	0.000000
409.540000	0.538992	-1.138233	1.396009	0.000000	0.000000
409.550000	0.538992	-1.138230	1.396010	0.000000	0.000000
409.560000	0.538994	-1.138230	1.396010	0.000000	0.000000
409.570000	0.538997	-1.138234	1.396010	0.000000	0.000000
409.580000	0.539002	-1.138240	1.396010	0.000000	0.000000
409.590000	0.539007	-1.138247	1.396010	0.000000	0.000000
409.600000	0.539011	-1.138253	1.396009	0.000000	0.000000
409.610000	0.539014	-1.138258	1.396009	0.000000	0.000000
409.620000	0.539016	-1.138262	1.396008	0.000000	0.000000
409.630000	0.539019	-1.138267	1.396007	0.000000	0.000000
409.640000	0.539023	-1.138272	1.396006	0.000000	0.000000
409.650000	0.539026	-1.138277	1.396005	0.000000	0.000000
409.660000	0.539028	-1.138281	1.396004	0.000000	0.000000
409.670000	0.539030	-1.138283	1.396003	0.000000	0.000000
409.680000	0.539032	-1.138282	1.396001	0.000000	0.000000
409.690000	0.539032	-1.138278	1.396000	0.000000	0.000000
409.700000	0.539032	-1.138274	1.395998	0.000000	0.000000
409.710000	0.539032	-1.138270	1.395997	0.000000	0.000000
409.720000	0.539032	-1.138266	1.395995	0.000000	0.000000
409.730000	0.539032	-1.138263	1.395994	0.000000	0.000000
409.740000	0.539032	-1.138263	1.395992	0.000000	0.000000
409.750000	0.539034	-1.138266	1.395991	0.000000	0.000000
409.760000	0.539036	-1.138271	1.395989	0.000000	0.000000
409.770000	0.539040	-1.138276	1.395988	0.000000	0.000000
409.780000	0.539043	-1.138281	1.395986	0.000000	0.000000
409.790000	0.539046	-1.138283	1.395985	0.000000	0.000000
409.800000	0.539049	-1.138283	1.395984	0.000000	0.000000
409.810000	0.539051	-1.138280	1.395982	0.000000	0.000000
409.820000	0.539052	-1.138274	1.395981	0.000000	0.000000
409.830000	0.539051	-1.138267	1.395980	0.000000	0.000000
409.840000	0.539051	-1.138260	1.395979	0.000000	0.000000
409.850000	0.539051	-1.138255	1.395977	0.000000	0.000000
409.860000	0.539053	-1.138255	1.395976	0.000000	0.000000
409.870000	0.539056	-1.138259	1.395975	0.000000	0.000000
409.880000	0.539061	-1.138266	1.395974	0.000000	0.000000
409.890000	0.539066	-1.138275	1.395973	0.000000	0.000000
409.900000	0.539070	-1.138284	1.395973	0.000000	0.000000
409.910000	0.539073	-1.138288	1.395972	0.000000	0.000000
409.920000	0.539073	-1.138286	1.395971	0.000000	0.000000
409.930000	0.539071	-1.138279	1.395970	0.000000	0.000000
409.940000	0.539068	-1.138270	1.395969	0.000000	0.000000
409.950000	0.539066	-1.138263	1.395969	0.000000	0.000000
409.960000	0.539065	-1.138258	1.395968	0.000000	0.000000
409.970000	0.539063	-1.138254	1.395967	0.000000	0.000000
409.980000	0.539062	-1.138252	1.395967	0.000000	0.000000
409.990000	0.539060	-1.138251	1.395966	0.000000	0.000000
410.000000	0.539059	-1.138252	1.395966	0.000000	0.000000
410.010000	0.539057	-1.138254	1.395965	0.000000	0.000000
410.020000	0.539055	-1.138257	1.395965	0.000000	0.000000
410.030000	0.539054	-1.138259	1.395964	0.000000	0.000000
410.040000	0.539054	-1.138263	1.395964	0.000000	0.000000
410.050000	0.539054	-1.138266	1.395963	0.000000	0.000000
410.060000	0.539053	-1.138269	1.395963	0.000000	0.000000
410.070000	0.539053	-1.138272	1.395962	0.000000	0.000000
410.080000	0.539051	-1.138273	1.395961	0.000000	0.000000
410.090000	0.539049	-1.138273	1.395961	0.000000	0.000000
410.100000	0.539046	-1.138272	1.395960	0.000000	0.000000
410.110000	0.539042	-1.138268	1.395959	0.000000	0.000000
410.120000	0.539038	-1.138264	1.395958	0.000000	0.000000
410.130000	0.539034	-1.138258	1.395958	0.000000	0.000000
410.140000	0.539031	-1.138253	1.395957	0.000000	0.000000
410.150000	0.539028	-1.138250	1.395956	0.000000	0.000000
410.160000	0.539027	-1.138250	1.395955	0.000000	0.000000
410.170000	0.539026	-1.138252	1.395954	0.000000	0.000000
410.180000	0.539025	-1.138253	1.395954	0.000000	0.000000
410.190000	0.539024	-1.138254	1.395953	0.000000	0.000000
410.200000	0.539023	-1.138253	1.395952	0.000000	0.000000
410.210000	0.539022	-1.138252	1.395951	0.000000	0.000000
410.220000	0.539021	-1.138251	1.395951	0.000000	0.000000
410.230000	0.539021	-1.138252	1.395950	0.000000	0.000000
410.240000	0.539021	-1.138254	1.395949	0.000000	0.000000
410.250000	0.539022	-1.138256	1.395949	0.000000	0.000000
410.260000	0.539022	-1.138258	1.395948	0.000000	0.000000
410.270000	0.539023	-1.138258	1.395948	0.000000	0.000000
410.280000	0.539023	-1.138256	1.395948	0.000000	0.000000
410.290000	0.539022	-1.138251	1.395947	0.000000	0.000000
410.300000	0.539020	-1.138244	1.395947	0.000000	0.000000
410.310000	0.539018	-1.138234	1.395947	0.000000	0.000000
410.320000	0.539016	-1.138224	1.395947	0.000000	0.000000
410.330000	0.539014	-1.138213	1.395947	0.000000	0.000000
410.340000	0.539012	-1.138202	1.395947	0.000000	0.000000
410.350000	0.539010	-1.138191	1.395947	0.000000	0.000000
410.360000	0.539008	-1.138181	1.395947	0.000000	0.000000
410.370000	0.539006	-1.138172	1.395947	0.000000	0.000000
410.380000	0.539005	-1.138164	1.395947	0.000000	0.000000
410.390000	0.539005	-1.138158	1.395947	0.000000	0.000000
410.400000	0.539005	-1.138155	1.395946	0.000000	0.000000
410.410000	0.539006	-1.138154	1.395946	0.000000	0.000000
410.420000	0.539007	-1.138156	1.395946	0.000000	0.000000
410.430000	0.539008	-1.138158	1.395946	0.000000	0.000000
410.440000	0.539008	-1.138158	1.395946	0.000000	0.000000
410.450000	0.539007	-1.138157	1.395946	0.000000	0.000000
410.460000	0.539005	-1.138155	1.395945	0.000000	0.000000
410.470000	0.539002	-1.138151	1.395945	0.000000	0.000000
410.480000	0.538999	-1.138150	1.395945	0.000000	0.000000
410.490000	0.538998	-1.138152	1.395944	0.000000	0.000000
410.500000	0.538998	-1.138156	1.395944	0.000000	0.000000
410.510000	0.538998	-1.138163	1.395944	0.000000	0.000000
410.520000	0.538999	-1.138170	1.395943	0.000000	0.000000
410.530000	0.538999	-1.138177	1.395943	0.000000	0.000000
410.540000	0.538999	-1.138184	1.395942	0.000000	0.000000
410.550000	0.538998	-1.138188	1.395942	0.000000	0.000000
410.560000	0.538997	-1.138192	1.395941	0.000000	0.000000
410.570000	0.538994	-1.138193	1.395941	0.000000	0.000000
410.580000	0.538991	-1.138194	1.395940	0.000000	0.000000
410.590000	0.538987	-1.138194	1.395940	0.000000	0.000000
410.600000	0.538983	-1.138193	1.395939	0.000000	0.000000
410.610000	0.538979	-1.138192	1.395938	0.000000	0.000000
410.620000	0.538975	-1.138191	1.395938	0.000000	0.000000
410.630000	0.538971	-1.138190	1.395937	0.000000	0.000000
410.640000	0.538967	-1.138190	1.395937	0.000000	0.000000
410.650000	0.538963	-1.138189	1.395936	0.000000	0.000000
410.660000	0.538958	-1.138188	1.395936	0.000000	0.000000
410.670000	0.538955	-1.138188	1.395935	0.000000	0.000000
410.680000	0.538950	-1.138189	1.395934	0.000000	0.000000
410.690000	0.538947	-1.138190	1.395934	0.000000	0.000000
410.700000	0.538944	-1.138191	1.395933	0.000000	0.000000
410.710000	0.538941	-1.138194	1.395932	0.000000	0.000000
410.720000	0.538938	-1.138197	1.395932	0.000000	0.000000
410.730000	0.538937	-1.138202	1.395931	0.000000	0.000000
410.740000	0.538935	-1.138208	1.395930	0.000000	0.000000
410.750000	0.538934	-1.138214	1.395929	0.000000	0.000000
410.760000	0.538931	-1.138218	1.395928	0.000000	0.000000
410.770000	0.538929	-1.138221	1.395927	0.000000	0.000000
410.780000	0.538926	-1.138224	1.395926	0.000000	0.000000
410.790000	0.538924	-1.138227	1.395925	0.000000	0.000000
410.800000	0.538922	-1.138231	1.395924	0.000000	0.000000
410.810000	0.538921	-1.138234	1.395923	0.000000	0.000000
410.820000	0.538919	-1.138236	1.395922	0.000000	0.000000
410.830000	0.538916	-1.138237	1.395921	0.000000	0.000000
410.840000	0.538913	-1.138238	1.395920	0.000000	0.000000
410.850000	0.538909	-1.138237	1.395919	0.000000	0.000000
410.860000	0.538905	-1.138237	1.395917	0.000000	0.000000
410.870000	0.538901	-1.138237	1.395916	0.000000	0.000000
410.880000	0.538898	-1.138236	1.395915	0.000000	0.000000
410.890000	0.538895	-1.138236	1.395914	0.000000	0.000000
410.900000	0.538891	-1.138236	1.395912	0.000000	0.000000
410.910000	0.538887	-1.138234	1.395911	0.000000	0.000000
410.920000	0.538883	-1.138233	1.395910	0.000000	0.000000
410.930000	0.538879	-1.138232	1.395908	0.000000	0.000000
410.940000	0.538874	-1.138231	1.395907	0.000000	0.000000
410.950000	0.538871	-1.138232	1.395906	0.000000	0.000000
410.960000	0.538869	-1.138235	1.395904	0.000000	0.000000
410.970000	0.538866	-1.138239	1.395903	0.000000	0.000000
410.980000	0.538864	-1.138244	1.395902	0.000000	0.000000
410.990000	0.538862	-1.138248	1.395900	0.000000	0.000000
411.000000	0.538859	-1.138252	1.395899	0.000000	0.000000
411.010000	0.538855	-1.138254	1.395897	0.000000	0.000000
411.020000	0.538850	-1.138255	1.395896	0.000000	0.000000
411.030000	0.538847	-1.138256	1.395894	0.000000	0.000000
411.040000	0.538843	-1.138260	1.395892	0.000000	0.000000
411.050000	0.538841	-1.138267	1.395890	0.000000	0.000000
411.060000	0.538839	-1.138274	1.395889	0.000000	0.000000
411.070000	0.538838	-1.138282	1.395887	0.000000	0.000000
411.080000	0.538837	-1.138291	1.395884	0.000000	0.000000
411.090000	0.538835	-1.138298	1.395882	0.000000	0.000000
411.100000	0.538833	-1.138305	1.395880	0.000000	0.000000
411.110000	0.538831	-1.138312	1.395878	0.000000	0.000000
411.120000	0.538829	-1.138319	1.395875	0.000000	0.000000
411.130000	0.538827	-1.138327	1.395873	0.000000	0.000000
411.140000	0.538824	-1.138336	1.395870	0.000000	0.000000
411.150000	0.538821	-1.138346	1.395868	0.000000	0.000000
411.160000	0.538819	-1.138358	1.395865	0.000000	0.000000
411.170000	0.538818	-1.138372	1.395862	0.000000	0.000000
411.180000	0.538817	-1.138385	1.395860	0.000000	0.000000
411.190000	0.538817	-1.138399	1.395857	0.000000	0.000000
411.200000	0.538816	-1.138411	1.395854	0.000000	0.000000
411.210000	0.538815	-1.138421	1.395851	0.000000	0.000000
411.220000	0.538813	-1.138429	1.395848	0.000000	0.000000
411.230000	0.538811	-1.138433	1.395845	0.000000	0.000000
411.240000	0.538810	-1.138436	1.395842	0.000000	0.000000
411.250000	0.538809	-1.138439	1.395839	0.000000	0.000000
411.260000	0.538809	-1.138443	1.395836	0.000000	0.000000
411.270000	0.538810	-1.138449	1.395833	0.000000	0.000000
411.280000	0.538811	-1.138458	1.395829	0.000000	0.000000
411.290000	0.538813	-1.138469	1.395826	0.000000	0.000000
411.300000	0.538815	-1.138482	1.395822	0.000000	0.000000
411.310000	0.538818	-1.138495	1.395819	0.000000	0.000000
411.320000	0.538821	-1.138507	1.395815	0.000000	0.000000
411.330000	0.538822	-1.138518	1.395811	0.000000	0.000000
411.340000	0.538824	-1.138529	1.395807	0.000000	0.000000
411.350000	0.538825	-1.138540	1.395803	0.000000	0.000000
411.360000	0.538826	-1.138550	1.395799	0.000000	0.000000
411.370000	0.538826	-1.138560	1.395794	0.000000	0.000000
411.380000	0.538828	-1.138570	1.395790	0.000000	0.000000
411.390000	0.538829	-1.138577	1.395785	0.000000	0.000000
411.400000	0.538830	-1.138582	1.395781	0.000000	0.000000
411.410000	0.538830	-1.138588	1.395776	0.000000	0.000000
411.420000	0.538832	-1.138598	1.395771	0.000000	0.000000
411.430000	0.538835	-1.138611	1.395766	0.000000	0.000000
411.440000	0.538839	-1.138626	1.395761	0.000000	0.000000
411.450000	0.538843	-1.138641	1.395756	0.000000	0.000000
411.460000	0.538847	-1.138653	1.395751	0.000000	0.000000
411.470000	0.538850	-1.138662	1.395746	0.000000	0.000000
411.480000	0.538852	-1.138669	1.395741	0.000000	0.000000
411.490000	0.538854	-1.138677	1.395736	0.000000	0.000000
411.500000	0.538856	-1.138688	1.395731	0.000000	0.000000
411.510000	0.538859	-1.138701	1.395726	0.000000	0.000000
411.520000	0.538861	-1.138713	1.395721	0.000000	0.000000
411.530000	0.538863	-1.138724	1.395716	0.000000	0.000000
411.540000	0.538866	-1.138734	1.395711	0.000000	0.000000
411.550000	0.538867	-1.138742	1.395706	0.000000	0.000000
411.560000	0.538869	-1.138750	1.395701	0.000000	0.000000
411.570000	0.538870	-1.138757	1.395696	0.000000	0.000000
411.580000	0.538871	-1.138762	1.395691	0.000000	0.000000
411.590000	0.538870	-1.138766	1.395686	0.000000	0.000000
411.600000	0.538870	-1.138770	1.395680	0.000000	0.000000
411.610000	0.538869	-1.138775	1.395675	0.000000	0.000000
411.620000	0.538868	-1.138782	1.395670	0.000000	0.000000
411.630000	0.538868	-1.138791	1.395665	0.000000	0.000000
411.640000	0.538867	-1.138802	1.395660	0.000000	0.000000
411.650000	0.538867	-1.138813	1.395655	0.000000	0.000000
411.660000	0.538867	-1.138824	1.395650	0.000000	0.000000
411.670000	0.538866	-1.138834	1.395645	0.000000	0.000000
411.680000	0.538865	-1.138843	1.395640	0.000000	0.000000
411.690000	0.538864	-1.138852	1.395635	0.000000	0.000000
411.700000	0.538862	-1.138861	1.395630	0.000000	0.000000
411.710000	0.538862	-1.138870	1.395625	0.000000	0.000000
411.720000	0.538861	-1.138879	1.395620	0.000000	0.000000
411.730000	0.538860	-1.138887	1.395615	0.000000	0.000000
411.740000	0.538859	-1.138895	1.395610	0.000000	0.000000
411.750000	0.538859	-1.138906	1.395605	0.000000	0.000000
411.760000	0.538860	-1.138921	1.395600	0.000000	0.000000
411.770000	0.538862	-1.138939	1.395595	0.000000	0.000000
411.780000	0.538866	-1.138959	1.395590	0.000000	0.000000
411.790000	0.538871	-1.138978	1.395585	0.000000	0.000000
411.800000	0.538872	-1.138991	1.395580	0.000000	0.000000
411.810000	0.538872	-1.138998	1.395575	0.000000	0.000000
411.820000	0.538872	-1.139005	1.395570	0.000000	0.000000
411.830000	0.538873	-1.139017	1.395565	0.000000	0.000000
411.840000	0.538877	-1.139033	1.395560	0.000000	0.000000
411.850000	0.538880	-1.139050	1.395554	0.000000	0.000000
411.860000	0.538883	-1.139065	1.395549	0.000000	0.000000
411.870000	0.538885	-1.139079	1.395544	0.000000	0.000000
411.880000	0.538887	-1.139091	1.395539	0.000000	0.000000
411.890000	0.538889	-1.139103	1.395533	0.000000	0.000000
411.900000	0.538890	-1.139114	1.395528	0.000000	0.000000
411.910000	0.538892	-1.139123	1.395523	0.000000	0.000000
411.920000	0.538895	-1.139131	1.395517	0.000000	0.000000
411.930000	0.538896	-1.139136	1.395511	0.000000	0.000000
411.940000	0.538897	-1.139139	1.395506	0.000000	0.000000
411.950000	0.538897	-1.139140	1.395500	0.000000	0.000000
411.960000	0.538898	-1.139141	1.395494	0.000000	0.000000
411.970000	0.538899	-1.139141	1.395488	0.000000	0.000000
411.980000	0.538901	-1.139141	1.395482	0.000000	0.000000
411.990000	0.538902	-1.139144	1.395476	0.000000	0.000000
412.000000	0.538906	-1.139151	1.395470	0.000000	0.000000
412.010000	0.538910	-1.139161	1.395463	0.000000	0.000000
412.020000	0.538914	-1.139172	1.395457	0.000000	0.000000
412.030000	0.538918	-1.139184	1.395451	0.000000	0.000000
412.040000	0.538922	-1.139194	1.395444	0.000000	0.000000
412.050000	0.538926	-1.139205	1.395438	0.000000	0.000000
412.060000	0.538931	-1.139218	1.395432	0.000000	0.000000
412.070000	0.538936	-1.139234	1.395426	0.000000	0.000000
412.080000	0.538941	-1.139248	1.395419	0.000000	0.000000
412.090000	0.538943	-1.139256	1.395413	0.000000	0.000000
412.100000	0.538943	-1.139260	1.395407	0.000000	0.000000
412.110000	0.538945	-1.139264	1.395401	0.000000	0.000000
412.120000	0.538946	-1.139271	1.395395	0.000000	0.000000
412.130000	0.538947	-1.139277	1.395390	0.000000	0.000000
412.140000	0.538946	-1.139280	1.395384	0.000000	0.000000
412.150000	0.538945	-1.139280	1.395378	0.000000	0.000000
412.160000	0.538943	-1.139278	1.395373	0.000000	0.000000
412.170000	0.538942	-1.139275	1.395368	0.000000	0.000000
412.180000	0.538942	-1.139275	1.395362	0.000000	0.000000
412.190000	0.538942	-1.139278	1.395357	0.000000	0.000000
412.200000	0.538942	-1.139285	1.395352	0.000000	0.000000
412.210000	0.538943	-1.139295	1.395347	0.000000	0.000000
412.220000	0.538944	-1.139307	1.395342	0.000000	0.000000
412.230000	0.538946	-1.139320	1.395338	0.000000	0.000000
412.240000	0.538947	-1.139333	1.395333	0.000000	0.000000
412.250000	0.538948	-1.139346	1.395328	0.000000	0.000000
412.260000	0.538950	-1.139357	1.395324	0.000000	0.000000
412.270000	0.538951	-1.139366	1.395319	0.000000	0.000000
412.280000	0.538952	-1.139374	1.395314	0.000000	0.000000
412.290000	0.538953	-1.139380	1.395310	0.000000	0.000000
412.300000	0.538954	-1.139385	1.395305	0.000000	0.000000
412.310000	0.538954	-1.139389	1.395301	0.000000	0.000000
412.320000	0.538955	-1.139391	1.395296	0.000000	0.000000
412.330000	0.538955	-1.139394	1.395292	0.000000	0.000000
412.340000	0.538956	-1.139399	1.395287	0.000000	0.000000
412.350000	0.538957	-1.139405	1.395283	0.000000	0.000000
412.360000	0.538958	-1.139414	1.395278	0.000000	0.000000
412.370000	0.538960	-1.139424	1.395274	0.000000	0.000000
412.380000	0.538963	-1.139436	1.395269	0.000000	0.000000
412.390000	0.538965	-1.139448	1.395265	0.000000	0.000000
412.400000	0.538968	-1.139459	1.395261	0.000000	0.000000
412.410000	0.538970	-1.139467	1.395256	0.000000	0.000000
412.420000	0.538971	-1.139474	1.395252	0.000000	0.000000
412.430000	0.538971	-1.139479	1.395248	0.000000	0.000000
412.440000	0.538971	-1.139483	1.395244	0.000000	0.000000
412.450000	0.538971	-1.139486	1.395239	0.000000	0.000000
412.460000	0.538971	-1.139491	1.395235	0.000000	0.000000
412.470000	0.538974	-1.139498	1.395231	0.000000	0.000000
412.480000	0.538977	-1.139505	1.395228	0.000000	0.000000
412.490000	0.538981	-1.139514	1.395224	0.000000	0.000000
412.500000	0.538985	-1.139522	1.395220	0.000000	0.000000
412.510000	0.538988	-1.139529	1.395217	0.000000	0.000000
412.520000	0.538991	-1.139534	1.395213	0.000000	0.000000
412.530000	0.538993	-1.139536	1.395210	0.000000	0.000000
412.540000	0.538995	-1.139536	1.395206	0.000000	0.000000
412.550000	0.538996	-1.139535	1.395203	0.000000	0.000000
412.560000	0.538998	-1.139534	1.395200	0.000000	0.000000
412.570000	0.539000	-1.139535	1.395197	0.000000	0.000000
412.580000	0.539002	-1.139536	1.395194	0.000000	0.000000
412.590000	0.539005	-1.139539	1.395191	0.000000	0.000000
412.600000	0.539007	-1.139542	1.395189	0.000000	0.000000
412.610000	0.539010	-1.139546	1.395186	0.000000	0.000000
412.620000	0.539012	-1.139548	1.395184	0.000000	0.000000
412.630000	0.539014	-1.139550	1.395181	0.000000	0.000000
412.640000	0.539016	-1.139550	1.395179	0.000000	0.000000
412.650000	0.539018	-1.139549	1.395177	0.000000	0.000000
412.660000	0.539020	-1.139546	1.395175	0.000000	0.000000
412.670000	0.539021	-1.139541	1.395173	0.000000	0.000000
412.680000	0.539021	-1.139535	1.395171	0.000000	0.000000
412.690000	0.539022	-1.139527	1.395169	0.000000	0.000000
412.700000	0.539021	-1.139517	1.395167	0.000000	0.000000
412.710000	0.539021	-1.139506	1.395165	0.000000	0.000000
412.720000	0.539020	-1.139494	1.395163	0.000000	0.000000
412.730000	0.539018	-1.139484	1.395162	0.000000	0.000000
412.740000	0.539018	-1.139478	1.395160	0.000000	0.000000
412.750000	0.539019	-1.139475	1.395158	0.000000	0.000000
412.760000	0.539021	-1.139475	1.395156	0.000000	0.000000
412.770000	0.539023	-1.139477	1.395155	0.000000	0.000000
412.780000	0.539026	-1.139479	1.395153	0.000000	0.000000
412.790000	0.539029	-1.139479	1.395151	0.000000	0.000000
412.800000	0.539030	-1.139477	1.395149	0.000000	0.000000
412.810000	0.539030	-1.139472	1.395147	0.000000	0.000000
412.820000	0.539030	-1.139463	1.395145	0.000000	0.000000
412.830000	0.539029	-1.139453	1.395143	0.000000	0.000000
412.840000	0.539028	-1.139444	1.395141	0.000000	0.000000
412.850000	0.539027	-1.139437	1.395139	0.000000	0.000000
412.860000	0.539027	-1.139432	1.395137	0.000000	0.000000
412.870000	0.539027	-1.139429	1.395135	0.000000	0.000000
412.880000	0.539028	-1.139426	1.395133	0.000000	0.000000
412.890000	0.539029	-1.139424	1.395131	0.000000	0.000000
412.900000	0.539029	-1.139420	1.395130	0.000000	0.000000
412.910000	0.539028	-1.139416	1.395128	0.000000	0.000000
412.920000	0.539026	-1.139410	1.395125	0.000000	0.000000
412.930000	0.539023	-1.139404	1.395123	0.000000	0.000000
412.940000	0.539019	-1.139399	1.395121	0.000000	0.000000
412.950000	0.539016	-1.139396	1.395119	0.000000	0.000000
412.960000	0.539014	-1.139394	1.395117	0.000000	0.000000
412.970000	0.539012	-1.139393	1.395115	0.000000	0.000000
412.980000	0.539011	-1.139393	1.395113	0.000000	0.000000
412.990000	0.539010	-1.139392	1.395110	0.000000	0.000000
413.000000	0.539009	-1.139391	1.395108	0.000000	0.000000
413.010000	0.539007	-1.139389	1.395105	0.000000	0.000000
413.020000	0.539006	-1.139386	1.395103	0.000000	0.000000
413.030000	0.539007	-1.139385	1.395100	0.000000	0.000000
413.040000	0.539009	-1.139388	1.395097	0.000000	0.000000
413.050000	0.539012	-1.139394	1.395095	0.000000	0.000000
413.060000	0.539015	-1.139401	1.395092	0.000000	0.000000
413.070000	0.539017	-1.139405	1.395089	0.000000	0.000000
413.080000	0.539019	-1.139407	1.395086	0.000000	0.000000
413.090000	0.539019	-1.139403	1.395084	0.000000	0.000000
413.100000	0.539018	-1.139395	1.395081	0.000000	0.000000
413.110000	0.539015	-1.139384	1.395078	0.000000	0.000000
413.120000	0.539013	-1.139373	1.395075	0.000000	0.000000
413.130000	0.539013	-1.139365	1.395073	0.000000	0.000000
413.140000	0.539015	-1.139362	1.395070	0.000000	0.000000
413.150000	0.539017	-1.139363	1.395067	0.000000	0.000000
413.160000	0.539021	-1.139365	1.395064	0.000000	0.000000
413.170000	0.539026	-1.139369	1.395062	0.000000	0.000000
413.180000	0.539030	-1.139371	1.395059	0.000000	0.000000
413.190000	0.539032	-1.139370	1.395056	0.000000	0.000000
413.200000	0.539033	-1.139364	1.395053	0.000000	0.000000
413.210000	0.539033	-1.139354	1.395050	0.000000	0.000000
413.220000	0.539033	-1.139341	1.395047	0.000000	0.000000
413.230000	0.539033	-1.139328	1.395044	0.000000	0.000000
413.240000	0.539034	-1.139320	1.395041	0.000000	0.000000
413.250000	0.539037	-1.139316	1.395038	0.000000	0.000000
413.260000	0.539040	-1.139317	1.395035	0.000000	0.000000
413.270000	0.539043	-1.139320	1.395032	0.000000	0.000000
413.280000	0.539047	-1.139324	1.395029	0.000000	0.000000
413.290000	0.539051	-1.139327	1.395026	0.000000	0.000000
413.300000	0.539055	-1.139331	1.395024	0.000000	0.000000
413.310000	0.539058	-1.139335	1.395021	0.000000	0.000000
413.320000	0.539062	-1.139339	1.395018	0.000000	0.000000
413.330000	0.539066	-1.139343	1.395016	0.000000	0.000000
413.340000	0.539069	-1.139345	1.395013	0.000000	0.000000
413.350000	0.539071	-1.139346	1.395011	0.000000	0.000000
413.360000	0.539072	-1.139345	1.395009	0.000000	0.000000
413.370000	0.539073	-1.139342	1.395007	0.000000	0.000000
413.380000	0.539072	-1.139337	1.395005	0.000000	0.000000
413.390000	0.539071	-1.139331	1.395003	0.000000	0.000000
413.400000	0.539069	-1.139325	1.395002	0.000000	0.000000
413.410000	0.539068	-1.139318	1.395000	0.000000	0.000000
413.420000	0.539068	-1.139311	1.394999	0.000000	0.000000
413.430000	0.539066	-1.139304	1.394998	0.000000	0.000000
413.440000	0.539065	-1.139296	1.394997	0.000000	0.000000
413.450000	0.539063	-1.139287	1.394996	0.000000	0.000000
413.460000	0.539062	-1.139278	1.394995	0.000000	0.000000
413.470000	0.539061	-1.139267	1.394994	0.000000	0.000000
413.480000	0.539060	-1.139256	1.394993	0.000000	0.000000
413.490000	0.539059	-1.139245	1.394993	0.000000	0.000000
413.500000	0.539058	-1.139233	1.394992	0.000000	0.000000
413.510000	0.539057	-1.139222	1.394991	0.000000	0.000000
413.520000	0.539055	-1.139212	1.394990	0.000000	0.000000
413.530000	0.539055	-1.139202	1.394989	0.000000	0.000000
413.540000	0.539055	-1.139192	1.394988	0.000000	0.000000
413.550000	0.539055	-1.139184	1.394987	0.000000	0.000000
413.560000	0.539055	-1.139176	1.394985	0.000000	0.000000
413.570000	0.539056	-1.139169	1.394984	0.000000	0.000000
413.580000	0.539056	-1.139161	1.394983	0.000000	0.000000
413.590000	0.539057	-1.139154	1.394981	0.000000	0.000000
413.600000	0.539058	-1.139149	1.394979	0.000000	0.000000
413.610000	0.539059	-1.139145	1.394978	0.000000	0.000000
413.620000	0.539060	-1.139142	1.394976	0.000000	0.000000
413.630000	0.539062	-1.139139	1.394975	0.000000	0.000000
413.640000	0.539064	-1.139137	1.394973	0.000000	0.000000
413.650000	0.539065	-1.139135	1.394971	0.000000	0.000000
413.660000	0.539067	-1.139134	1.394970	0.000000	0.000000
413.670000	0.539070	-1.139133	1.394969	0.000000	0.000000
413.680000	0.539073	-1.139132	1.394967	0.000000	0.000000
413.690000	0.539076	-1.139130	1.394966	0.000000	0.000000
413.700000	0.539078	-1.139128	1.394964	0.000000	0.000000
413.710000	0.539080	-1.139125	1.394963	0.000000	0.000000
413.720000	0.539080	-1.139121	1.394962	0.000000	0.000000
413.730000	0.539081	-1.139117	1.394960	0.000000	0.000000
413.740000	0.539082	-1.139112	1.394959	0.000000	0.000000
413.750000	0.539083	-1.139107	1.394957	0.000000	0.000000
413.760000	0.539085	-1.139102	1.394956	0.000000	0.000000
413.770000	0.539087	-1.139098	1.394954	0.000000	0.000000
413.780000	0.539089	-1.139094	1.394952	0.000000	0.000000
413.790000	0.539090	-1.139091	1.394951	0.000000	0.000000
413.800000	0.539092	-1.139090	1.394949	0.000000	0.000000
413.810000	0.539095	-1.139093	1.394947	0.000000	0.000000
413.820000	0.539098	-1.139096	1.394944	0.000000	0.000000
413.830000	0.539101	-1.139100	1.394942	0.000000	0.000000
413.840000	0.539104	-1.139101	1.394940	0.000000	0.000000
413.850000	0.539105	-1.139096	1.394937	0.000000	0.000000
413.860000	0.539105	-1.139089	1.394934	0.000000	0.000000
413.870000	0.539106	-1.139082	1.394932	0.000000	0.000000
413.880000	0.539108	-1.139079	1.394929	0.000000	0.000000
413.890000	0.539110	-1.139080	1.394926	0.000000	0.000000
413.900000	0.539114	-1.139083	1.394923	0.000000	0.000000
413.910000	0.539118	-1.139086	1.394921	0.000000	0.000000
413.920000	0.539122	-1.139090	1.394918	0.000000	0.000000
413.930000	0.539125	-1.139093	1.394915	0.000000	0.000000
413.940000	0.539128	-1.139093	1.394912	0.000000	0.000000
413.950000	0.539129	-1.139091	1.394909	0.000000	0.000000
413.960000	0.539129	-1.139088	1.394907	0.000000	0.000000
413.970000	0.539129	-1.139084	1.394904	0.000000	0.000000
413.980000	0.539129	-1.139080	1.394901	0.000000	0.000000
413.990000	0.539128	-1.139077	1.394899	0.000000	0.000000
414.000000	0.539126	-1.139073	1.394896	0.000000	0.000000
414.010000	0.539124	-1.139067	1.394894	0.000000	0.000000
414.020000	0.539122	-1.139060	1.394891	0.000000	0.000000
414.030000	0.539120	-1.139056	1.394889	0.000000	0.000000
414.040000	0.539120	-1.139056	1.394887	0.000000	0.000000
414.050000	0.539121	-1.139059	1.394885	0.000000	0.000000
414.060000	0.539122	-1.139063	1.394883	0.000000	0.000000
414.070000	0.539122	-1.139068	1.394881	0.000000	0.000000
414.080000	0.539122	-1.139073	1.394879	0.000000	0.000000
414.090000	0.539122	-1.139079	1.394878	0.000000	0.000000
414.100000	0.539121	-1.139084	1.394877	0.000000	0.000000
414.110000	0.539120	-1.139088	1.394875	0.000000	0.000000
414.120000	0.539119	-1.139091	1.394874	0.000000	0.000000
414.130000	0.539119	-1.139093	1.394873	0.000000	0.000000
414.140000	0.539119	-1.139094	1.394872	0.000000	0.000000
414.150000	0.539118	-1.139096	1.394871	0.000000	0.000000
414.160000	0.539118	-1.139097	1.394870	0.000000	0.000000
414.170000	0.539117	-1.139099	1.394869	0.000000	0.000000
414.180000	0.539117	-1.139102	1.394868	0.000000	0.000000
414.190000	0.539117	-1.139104	1.394867	0.000000	0.000000
414.200000	0.539118	-1.139105	1.394866	0.000000	0.000000
414.210000	0.539117	-1.139104	1.394865	0.000000	0.000000
414.220000	0.539114	-1.139099	1.394864	0.000000	0.000000
414.230000	0.539111	-1.139091	1.394863	0.000000	0.000000
414.240000	0.539108	-1.139082	1.394862	0.000000	0.000000
414.250000	0.539105	-1.139073	1.394861	0.000000	0.000000
414.260000	0.539102	-1.139064	1.394860	0.000000	0.000000
414.270000	0.539099	-1.139056	1.394859	0.000000	0.000000
414.280000	0.539097	-1.139048	1.394858	0.000000	0.000000
414.290000	0.539095	-1.139043	1.394857	0.000000	0.000000
414.300000	0.539094	-1.139041	1.394856	0.000000	0.000000
414.310000	0.539094	-1.139041	1.394855	0.000000	0.000000
414.320000	0.539095	-1.139044	1.394855	0.000000	0.000000
414.330000	0.539095	-1.139047	1.394854	0.000000	0.000000
414.340000	0.539095	-1.139048	1.394854	0.000000	0.000000
414.350000	0.539095	-1.139048	1.394853	0.000000	0.000000
414.360000	0.539093	-1.139046	1.394853	0.000000	0.000000
414.370000	0.539091	-1.139040	1.394852	0.000000	0.000000
414.380000	0.539088	-1.139030	1.394851	0.000000	0.000000
414.390000	0.539083	-1.139017	1.394851	0.000000	0.000000
414.400000	0.539078	-1.139003	1.394850	0.000000	0.000000
414.410000	0.539073	-1.138990	1.394850	0.000000	0.000000
414.420000	0.539068	-1.138979	1.394849	0.000000	0.000000
414.430000	0.539065	-1.138971	1.394849	0.000000	0.000000
414.440000	0.539062	-1.138966	1.394848	0.000000	0.000000
414.450000	0.539061	-1.138964	1.394848	0.000000	0.000000
414.460000	0.539060	-1.138965	1.394847	0.000000	0.000000
414.470000	0.539060	-1.138968	1.394846	0.000000	0.000000
414.480000	0.539061	-1.138972	1.394846	0.000000	0.000000
414.490000	0.539062	-1.138977	1.394845	0.000000	0.000000
414.500000	0.539062	-1.138979	1.394845	0.000000	0.000000
414.510000	0.539061	-1.138978	1.394844	0.000000	0.000000
414.520000	0.539060	-1.138972	1.394844	0.000000	0.000000
414.530000	0.539057	-1.138962	1.394843	0.000000	0.000000
414.540000	0.539053	-1.138951	1.394843	0.000000	0.000000
414.550000	0.539049	-1.138940	1.394842	0.000000	0.000000
414.560000	0.539046	-1.138929	1.394842	0.000000	0.000000
414.570000	0.539043	-1.138920	1.394842	0.000000	0.000000
414.580000	0.539039	-1.138912	1.394841	0.000000	0.000000
414.590000	0.539036	-1.138905	1.394841	0.000000	0.000000
414.600000	0.539035	-1.138900	1.394841	0.000000	0.000000
414.610000	0.539034	-1.138897	1.394841	0.000000	0.000000
414.620000	0.539034	-1.138893	1.394841	0.000000	0.000000
414.630000	0.539034	-1.138887	1.394841	0.000000	0.000000
414.640000	0.539032	-1.138879	1.394840	0.000000	0.000000
414.650000	0.539031	-1.138869	1.394840	0.000000	0.000000
414.660000	0.539029	-1.138858	1.394840	0.000000	0.000000
414.670000	0.539027	-1.138846	1.394840	0.000000	0.000000
414.680000	0.539025	-1.138836	1.394840	0.000000	0.000000
414.690000	0.539024	-1.138827	1.394840	0.000000	0.000000
414.700000	0.539022	-1.138816	1.394840	0.000000	0.000000
414.710000	0.539020	-1.138803	1.394840	0.000000	0.000000
414.720000	0.539017	-1.138787	1.394840	0.000000	0.000000
414.730000	0.539014	-1.138770	1.394839	0.000000	0.000000
414.740000	0.539011	-1.138752	1.394839	0.000000	0.000000
414.750000	0.539008	-1.138734	1.394839	0.000000	0.000000
414.760000	0.539006	-1.138721	1.394839	0.000000	0.000000
414.770000	0.539006	-1.138713	1.394839	0.000000	0.000000
414.780000	0.539007	-1.138710	1.394838	0.000000	0.000000
414.790000	0.539010	-1.138710	1.394838	0.000000	0.000000
414.800000	0.539013	-1.138711	1.394838	0.000000	0.000000
414.810000	0.539017	-1.138709	1.394838	0.000000	0.000000
414.820000	0.539019	-1.138707	1.394838	0.000000	0.000000
414.830000	0.539021	-1.138705	1.394838	0.000000	0.000000
414.840000	0.539022	-1.138703	1.394838	0.000000	0.000000
414.850000	0.539023	-1.138701	1.394838	0.000000	0.000000
414.860000	0.539024	-1.138696	1.394838	0.000000	0.000000
414.870000	0.539024	-1.138688	1.394838	0.000000	0.000000
414.880000	0.539024	-1.138676	1.394839	0.000000	0.000000
414.890000	0.539022	-1.138660	1.394839	0.000000	0.000000
414.900000	0.539020	-1.138642	1.394839	0.000000	0.000000
414.910000	0.539018	-1.138623	1.394840	0.000000	0.000000
414.920000	0.539015	-1.138604	1.394840	0.000000	0.000000
414.930000	0.539012	-1.138585	1.394841	0.000000	0.000000
414.940000	0.539009	-1.138565	1.394842	0.000000	0.000000
414.950000	0.539007	-1.138548	1.394843	0.000000	0.000000
414.960000	0.539005	-1.138533	1.394844	0.000000	0.000000
414.970000	0.539004	-1.138523	1.394845	0.000000	0.000000
414.980000	0.539003	-1.138515	1.394846	0.000000	0.000000
414.990000	0.539003	-1.138510	1.394847	0.000000	0.000000
415.000000	0.539004	-1.138507	1.394849	0.000000	0.000000
415.010000	0.539006	-1.138505	1.394850	0.000000	0.000000
415.020000	0.539007	-1.138503	1.394852	0.000000	0.000000
415.030000	0.539008	-1.138501	1.394853	0.000000	0.000000
415.040000	0.539010	-1.138496	1.394855	0.000000	0.000000
415.050000	0.539010	-1.138488	1.394857	0.000000	0.000000
415.060000	0.539010	-1.138479	1.394858	0.000000	0.000000
415.070000	0.539009	-1.138469	1.394860	0.000000	0.000000
415.080000	0.539007	-1.138460	1.394862	0.000000	0.000000
415.090000	0.539006	-1.138453	1.394864	0.000000	0.000000
415.100000	0.539007	-1.138447	1.394866	0.000000	0.000000
415.110000	0.539007	-1.138440	1.394869	0.000000	0.000000
415.120000	0.539009	-1.138431	1.394871	0.000000	0.000000
415.130000	0.539010	-1.138421	1.394874	0.000000	0.000000
415.140000	0.539010	-1.138409	1.394876	0.000000	0.000000
415.150000	0.539010	-1.138397	1.394879	0.000000	0.000000
415.160000	0.539010	-1.138384	1.394882	0.000000	0.000000
415.170000	0.539009	-1.138373	1.394885	0.000000	0.000000
415.180000	0.539010	-1.138362	1.394888	0.000000	0.000000
415.190000	0.539010	-1.138352	1.394891	0.000000	0.000000
415.200000	0.539011	-1.138343	1.394894	0.000000	0.000000
415.210000	0.539011	-1.138334	1.394897	0.000000	0.000000
415.220000	0.539011	-1.138325	1.394900	0.000000	0.000000
415.230000	0.539012	-1.138315	1.394903	0.000000	0.000000
415.240000	0.539012	-1.138303	1.394907	0.000000	0.000000
415.250000	0.539011	-1.138288	1.394910	0.000000	0.000000
415.260000	0.539009	-1.138270	1.394914	0.000000	0.000000
415.270000	0.539007	-1.138249	1.394917	0.000000	0.000000
415.280000	0.539005	-1.138228	1.394921	0.000000	0.000000
415.290000	0.539005	-1.138209	1.394924	0.000000	0.000000
415.300000	0.539005	-1.138193	1.394928	0.000000	0.000000
415.310000	0.539007	-1.138180	1.394931	0.000000	0.000000
415.320000	0.539010	-1.138167	1.394935	0.000000	0.000000
415.330000	0.539012	-1.138155	1.394938	0.000000	0.000000
415.340000	0.539015	-1.138144	1.394942	0.000000	0.000000
415.350000	0.539017	-1.138132	1.394946	0.000000	0.000000
415.360000	0.539020	-1.138120	1.394949	0.000000	0.000000
415.370000	0.539022	-1.138106	1.394953	0.000000	0.000000
415.380000	0.539022	-1.138089	1.394956	0.000000	0.000000
415.390000	0.539022	-1.138071	1.394960	0.000000	0.000000
415.400000	0.539022	-1.138050	1.394963	0.000000	0.000000
415.410000	0.539021	-1.138029	1.394966	0.000000	0.000000
415.420000	0.539021	-1.138007	1.394970	0.000000	0.000000
415.430000	0.539020	-1.137983	1.394973	0.000000	0.000000
415.440000	0.539019	-1.137960	1.394976	0.000000	0.000000
415.450000	0.539017	-1.137938	1.394979	0.000000	0.000000
415.460000	0.539017	-1.137917	1.394982	0.000000	0.000000
415.470000	0.539017	-1.137899	1.394985	0.000000	0.000000
415.480000	0.539018	-1.137884	1.394988	0.000000	0.000000
415.490000	0.539020	-1.137871	1.394990	0.000000	0.000000
415.500000	0.539021	-1.137860	1.394993	0.000000	0.000000
415.510000	0.539023	-1.137851	1.394995	0.000000	0.000000
415.520000	0.539027	-1.137845	1.394998	0.000000	0.000000
415.530000	0.539032	-1.137841	1.395000	0.000000	0.000000
415.540000	0.539037	-1.137839	1.395002	0.000000	0.000000
415.550000	0.539042	-1.137837	1.395004	0.000000	0.000000
415.560000	0.539046	-1.137835	1.395006	0.000000	0.000000
415.570000	0.539051	-1.137832	1.395008	0.000000	0.000000
415.580000	0.539054	-1.137827	1.395010	0.000000	0.000000
415.590000	0.539056	-1.137821	1.395011	0.000000	0.000000
415.600000	0.539057	-1.137814	1.395013	0.000000	0.000000
415.610000	0.539059	-1.137807	1.395015	0.000000	0.000000
415.620000	0.539060	-1.137798	1.395017	0.000000	0.000000
415.630000	0.539061	-1.137789	1.395018	0.000000	0.000000
415.640000	0.539062	-1.137777	1.395020	0.000000	0.000000
415.650000	0.539063	-1.137766	1.395022	0.000000	0.000000
415.660000	0.539063	-1.137756	1.395023	0.000000	0.000000
415.670000	0.539065	-1.137751	1.395025	0.000000	0.000000
415.680000	0.539067	-1.137748	1.395027	0.000000	0.000000
415.690000	0.539071	-1.137747	1.395028	0.000000	0.000000
415.700000	0.539074	-1.137746	1.395030	0.000000	0.000000
415.710000	0.539077	-1.137745	1.395031	0.000000	0.000000
415.720000	0.539079	-1.137742	1.395033	0.000000	0.000000
415.730000	0.539080	-1.137737	1.395035	0.000000	0.000000
415.740000	0.539081	-1.137730	1.395036	0.000000	0.000000
415.750000	0.539081	-1.137720	1.395038	0.000000	0.000000
415.760000	0.539082	-1.137708	1.395039	0.000000	0.000000
415.770000	0.539082	-1.137697	1.395040	0.000000	0.000000
415.780000	0.539082	-1.137685	1.395042	0.000000	0.000000
415.790000	0.539081	-1.137672	1.395043	0.000000	0.000000
415.800000	0.539081	-1.137659	1.395044	0.000000	0.000000
415.810000	0.539082	-1.137647	1.395046	0.000000	0.000000
415.820000	0.539084	-1.137637	1.395047	0.000000	0.000000
415.830000	0.539086	-1.137627	1.395048	0.000000	0.000000
415.840000	0.539089	-1.137617	1.395049	0.000000	0.000000
415.850000	0.539092	-1.137608	1.395051	0.000000	0.000000
415.860000	0.539095	-1.137597	1.395052	0.000000	0.000000
415.870000	0.539097	-1.137586	1.395053	0.000000	0.000000
415.880000	0.539099	-1.137576	1.395054	0.000000	0.000000
415.890000	0.539100	-1.137568	1.395056	0.000000	0.000000
415.900000	0.539102	-1.137561	1.395057	0.000000	0.000000
415.910000	0.539104	-1.137556	1.395058	0.000000	0.000000
415.920000	0.539105	-1.137550	1.395060	0.000000	0.000000
415.930000	0.539106	-1.137543	1.395061	0.000000	0.000000
415.940000	0.539105	-1.137534	1.395063	0.000000	0.000000
415.950000	0.539105	-1.137522	1.395064	0.000000	0.000000
415.960000	0.539103	-1.137510	1.395066	0.000000	0.000000
415.970000	0.539101	-1.137498	1.395068	0.000000	0.000000
415.980000	0.539098	-1.137485	1.395069	0.000000	0.000000
415.990000	0.539096	-1.137476	1.395071	0.000000	0.000000
416.000000	0.539095	-1.137470	1.395073	0.000000	0.000000
416.010000	0.539094	-1.137467	1.395075	0.000000	0.000000
416.020000	0.539093	-1.137466	1.395077	0.000000	0.000000
416.030000	0.539093	-1.137464	1.395079	0.000000	0.000000
416.040000	0.539093	-1.137461	1.395081	0.000000	0.000000
416.050000	0.539092	-1.137455	1.395083	0.000000	0.000000
416.060000	0.539090	-1.137446	1.395085	0.000000	0.000000
416.070000	0.539087	-1.137433	1.395088	0.000000	0.000000
416.080000	0.539082	-1.137415	1.395090	0.000000	0.000000
416.090000	0.539077	-1.137394	1.395092	0.000000	0.000000
416.100000	0.539073	-1.137375	1.395094	0.000000	0.000000
416.110000	0.539070	-1.137358	1.395096	0.000000	0.000000
416.120000	0.539066	-1.137343	1.395098	0.000000	0.000000
416.130000	0.539064	-1.137329	1.395100	0.000000	0.000000
416.140000	0.539061	-1.137315	1.395102	0.000000	0.000000
416.150000	0.539059	-1.137301	1.395104	0.000000	0.000000
416.160000	0.539057	-1.137288	1.395106	0.000000	0.000000
416.170000	0.539056	-1.137275	1.395108	0.000000	0.000000
416.180000	0.539055	-1.137262	1.395110	0.000000	0.000000
416.190000	0.539054	-1.137249	1.395112	0.000000	0.000000
416.200000	0.539053	-1.137236	1.395114	0.000000	0.000000
416.210000	0.539053	-1.137223	1.395115	0.000000	0.000000
416.220000	0.539053	-1.137212	1.395117	0.000000	0.000000
416.230000	0.539054	-1.137201	1.395118	0.000000	0.000000
416.240000	0.539056	-1.137192	1.395119	0.000000	0.000000
416.250000	0.539057	-1.137184	1.395120	0.000000	0.000000
416.260000	0.539059	-1.137175	1.395121	0.000000	0.000000
416.270000	0.539059	-1.137164	1.395122	0.000000	0.000000
416.280000	0.539058	-1.137149	1.395123	0.000000	0.000000
416.290000	0.539055	-1.137128	1.395124	0.000000	0.000000
416.300000	0.539051	-1.137104	1.395125	0.000000	0.000000
416.310000	0.539049	-1.137083	1.395125	0.000000	0.000000
416.320000	0.539048	-1.137070	1.395126	0.000000	0.000000
416.330000	0.539050	-1.137065	1.395126	0.000000	0.000000
416.340000	0.539054	-1.137065	1.395127	0.000000	0.000000
416.350000	0.539058	-1.137069	1.395128	0.000000	0.000000
416.360000	0.539062	-1.137073	1.395129	0.000000	0.000000
416.370000	0.539066	-1.137075	1.395130	0.000000	0.000000
416.380000	0.539068	-1.137074	1.395130	0.000000	0.000000
416.390000	0.539069	-1.137069	1.395131	0.000000	0.000000
416.400000	0.539068	-1.137060	1.395132	0.000000	0.000000
416.410000	0.539067	-1.137047	1.395133	0.000000	0.000000
416.420000	0.539063	-1.137031	1.395134	0.000000	0.000000
416.430000	0.539059	-1.137016	1.395135	0.000000	0.000000
416.440000	0.539055	-1.137002	1.395136	0.000000	0.000000
416.450000	0.539052	-1.136990	1.395137	0.000000	0.000000
416.460000	0.539051	-1.136982	1.395138	0.000000	0.000000
416.470000	0.539050	-1.136978	1.395139	0.000000	0.000000
416.480000	0.539049	-1.136976	1.395140	0.000000	0.000000
416.490000	0.539050	-1.136978	1.395141	0.000000	0.000000
416.500000	0.539050	-1.136980	1.395142	0.000000	0.000000
416.510000	0.539050	-1.136983	1.395143	0.000000	0.000000
416.520000	0.539049	-1.136984	1.395144	0.000000	0.000000
416.530000	0.539048	-1.136984	1.395145	0.000000	0.000000
416.540000	0.539046	-1.136981	1.395145	0.000000	0.000000
416.550000	0.539043	-1.136975	1.395146	0.000000	0.000000
416.560000	0.539040	-1.136968	1.395147	0.000000	0.000000
416.570000	0.539037	-1.136961	1.395147	0.000000	0.000000
416.580000	0.539034	-1.136956	1.395148	0.000000	0.000000
416.590000	0.539033	-1.136954	1.395148	0.000000	0.000000
416.600000	0.539032	-1.136953	1.395149	0.000000	0.000000
416.610000	0.539031	-1.136954	1.395150	0.000000	0.000000
416.620000	0.539029	-1.136954	1.395151	0.000000	0.000000
416.630000	0.539027	-1.136953	1.395151	0.000000	0.000000
416.640000	0.539024	-1.136950	1.395152	0.000000	0.000000
416.650000	0.539020	-1.136946	1.395153	0.000000	0.000000
416.660000	0.539017	-1.136941	1.395154	0.000000	0.000000
416.670000	0.539013	-1.136936	1.395155	0.000000	0.000000
416.680000	0.539010	-1.136932	1.395157	0.000000	0.000000
416.690000	0.539007	-1.136929	1.395158	0.000000	0.000000
416.700000	0.539005	-1.136928	1.395159	0.000000	0.000000
416.710000	0.539004	-1.136928	1.395161	0.000000	0.000000
416.720000	0.539004	-1.136929	1.395162	0.000000	0.000000
416.730000	0.539002	-1.136929	1.395164	0.000000	0.000000
416.740000	0.539001	-1.136929	1.395166	0.000000	0.000000
416.750000	0.538999	-1.136929	1.395168	0.000000	0.000000
416.760000	0.538997	-1.136929	1.395170	0.000000	0.000000
416.770000	0.538996	-1.136930	1.395172	0.000000	0.000000
416.780000	0.538994	-1.136930	1.395174	0.000000	0.000000
416.790000	0.538992	-1.136929	1.395176	0.000000	0.000000
416.800000	0.538990	-1.136929	1.395178	0.000000	0.000000
416.810000	0.538987	-1.136928	1.395180	0.000000	0.000000
416.820000	0.538984	-1.136928	1.395182	0.000000	0.000000
416.830000	0.538982	-1.136929	1.395185	0.000000	0.000000
416.840000	0.538980	-1.136930	1.395187	0.000000	0.000000
416.850000	0.538978	-1.136932	1.395190	0.000000	0.000000
416.860000	0.538977	-1.136935	1.395192	0.000000	0.000000
416.870000	0.538976	-1.136937	1.395195	0.000000	0.000000
416.880000	0.538975	-1.136940	1.395198	0.000000	0.000000
416.890000	0.538973	-1.136941	1.395200	0.000000	0.000000
416.900000	0.538971	-1.136941	1.395203	0.000000	0.000000
416.910000	0.538968	-1.136940	1.395206	0.000000	0.000000
416.920000	0.538966	-1.136937	1.395210	0.000000	0.000000
416.930000	0.538963	-1.136934	1.395213	0.000000	0.000000
416.940000	0.538960	-1.136929	1.395216	0.000000	0.000000
416.950000	0.538957	-1.136923	1.395219	0.000000	0.000000
416.960000	0.538954	-1.136917	1.395223	0.000000	0.000000
416.970000	0.538951	-1.136911	1.395226	0.000000	0.000000
416.980000	0.538947	-1.136906	1.395230	0.000000	0.000000
416.990000	0.538944	-1.136901	1.395233	0.000000	0.000000
417.000000	0.538940	-1.136896	1.395236	0.000000	0.000000
417.010000	0.538936	-1.136891	1.395240	0.000000	0.000000
417.020000	0.538932	-1.136885	1.395243	0.000000	0.000000
417.030000	0.538927	-1.136878	1.395246	0.000000	0.000000
417.040000	0.538923	-1.136872	1.395250	0.000000	0.000000
417.050000	0.538919	-1.136868	1.395253	0.000000	0.000000
417.060000	0.538916	-1.136866	1.395256	0.000000	0.000000
417.070000	0.538913	-1.136866	1.395259	0.000000	0.000000
417.080000	0.538911	-1.136869	1.395262	0.000000	0.000000
417.090000	0.538909	-1.136873	1.395266	0.000000	0.000000
417.100000	0.538909	-1.136879	1.395269	0.000000	0.000000
417.110000	0.538908	-1.136885	1.395272	0.000000	0.000000
417.120000	0.538907	-1.136888	1.395275	0.000000	0.000000
417.130000	0.538904	-1.136888	1.395278	0.000000	0.000000
417.140000	0.538900	-1.136885	1.395281	0.000000	0.000000
417.150000	0.538895	-1.136882	1.395284	0.000000	0.000000
417.160000	0.538892	-1.136883	1.395288	0.000000	0.000000
417.170000	0.538889	-1.136886	1.395291	0.000000	0.000000
417.180000	0.538888	-1.136892	1.395294	0.000000	0.000000
417.190000	0.538886	-1.136898	1.395298	0.000000	0.000000
417.200000	0.538885	-1.136904	1.395301	0.000000	0.000000
417.210000	0.538885	-1.136910	1.395304	0.000000	0.000000
417.220000	0.538884	-1.136914	1.395308	0.000000	0.000000
417.230000	0.538882	-1.136915	1.395312	0.000000	0.000000
417.240000	0.538877	-1.136912	1.395315	0.000000	0.000000
417.250000	0.538872	-1.136907	1.395319	0.000000	0.000000
417.260000	0.538867	-1.136902	1.395323	0.000000	0.000000
417.270000	0.538863	-1.136900	1.395327	0.000000	0.000000
417.280000	0.538858	-1.136899	1.395331	0.000000	0.000000
417.290000	0.538855	-1.136899	1.395335	0.000000	0.000000
417.300000	0.538852	-1.136898	1.395339	0.000000	0.000000
417.310000	0.538849	-1.136896	1.395343	0.000000	0.000000
417.320000	0.538845	-1.136893	1.395347	0.000000	0.000000
417.330000	0.538841	-1.136889	1.395351	0.000000	0.000000
417.340000	0.538836	-1.136882	1.395355	0.000000	0.000000
417.350000	0.538831	-1.136874	1.395360	0.000000	0.000000
417.360000	0.538826	-1.136864	1.395364	0.000000	0.000000
417.370000	0.538822	-1.136855	1.395368	0.000000	0.000000
417.380000	0.538817	-1.136847	1.395373	0.000000	0.000000
417.390000	0.538813	-1.136841	1.395377	0.000000	0.000000
417.400000	0.538809	-1.136838	1.395381	0.000000	0.000000
417.410000	0.538806	-1.136836	1.395386	0.000000	0.000000
417.420000	0.538803	-1.136835	1.395390	0.000000	0.000000
417.430000	0.538800	-1.136836	1.395394	0.000000	0.000000
417.440000	0.538797	-1.136836	1.395399	0.000000	0.000000
417.450000	0.538795	-1.136835	1.395403	0.000000	0.000000
417.460000	0.538792	-1.136833	1.395407	0.000000	0.000000
417.470000	0.538789	-1.136829	1.395411	0.000000	0.000000
417.480000	0.538785	-1.136823	1.395415	0.000000	0.000000
417.490000	0.538781	-1.136815	1.395418	0.000000	0.000000
417.500000	0.538778	-1.136807	1.395422	0.000000	0.000000
417.510000	0.538776	-1.136800	1.395426	0.000000	0.000000
417.520000	0.538773	-1.136794	1.395429	0.000000	0.000000
417.530000	0.538771	-1.136790	1.395432	0.000000	0.000000
417.540000	0.538768	-1.136786	1.395435	0.000000	0.000000
417.550000	0.538764	-1.136782	1.395438	0.000000	0.000000
417.560000	0.538761	-1.136778	1.395441	0.000000	0.000000
417.570000	0.538757	-1.136772	1.395444	0.000000	0.000000
417.580000	0.538754	-1.136766	1.395446	0.000000	0.000000
417.590000	0.538752	-1.136760	1.395449	0.000000	0.000000
417.600000	0.538750	-1.136757	1.395451	0.000000	0.000000
417.610000	0.538749	-1.136754	1.395453	0.000000	0.000000
417.620000	0.538749	-1.136753	1.395455	0.000000	0.000000
417.630000	0.538750	-1.136754	1.395457	0.000000	0.000000
417.640000	0.538753	-1.136758	1.395458	0.000000	0.000000
417.650000	0.538756	-1.136762	1.395460	0.000000	0.000000
417.660000	0.538757	-1.136766	1.395461	0.000000	0.000000
417.670000	0.538758	-1.136767	1.395462	0.000000	0.000000
417.680000	0.538757	-1.136766	1.395463	0.000000	0.000000
417.690000	0.538756	-1.136762	1.395464	0.000000	0.000000
417.700000	0.538754	-1.136756	1.395465	0.000000	0.000000
417.710000	0.538751	-1.136750	1.395465	0.000000	0.000000
417.720000	0.538750	-1.136745	1.395465	0.000000	0.000000
417.730000	0.538750	-1.136743	1.395465	0.000000	0.000000
417.740000	0.538751	-1.136744	1.395465	0.000000	0.000000
417.750000	0.538753	-1.136749	1.395465	0.000000	0.000000
417.760000	0.538756	-1.136755	1.395465	0.000000	0.000000
417.770000	0.538758	-1.136764	1.395465	0.000000	0.000000
417.780000	0.538761	-1.136773	1.395464	0.000000	0.000000
417.790000	0.538762	-1.136781	1.395464	0.000000	0.000000
417.800000	0.538762	-1.136788	1.395463	0.000000	0.000000
417.810000	0.538761	-1.136793	1.395462	0.000000	0.000000
417.820000	0.538759	-1.136796	1.395462	0.000000	0.000000
417.830000	0.538757	-1.136795	1.395461	0.000000	0.000000
417.840000	0.538755	-1.136793	1.395460	0.000000	0.000000
417.850000	0.538752	-1.136790	1.395459	0.000000	0.000000
417.860000	0.538750	-1.136787	1.395458	0.000000	0.000000
417.870000	0.538747	-1.136783	1.395457	0.000000	0.000000
417.880000	0.538746	-1.136781	1.395456	0.000000	0.000000
417.890000	0.538744	-1.136781	1.395456	0.000000	0.000000
417.900000	0.538743	-1.136782	1.395455	0.000000	0.000000
417.910000	0.538744	-1.136784	1.395454	0.000000	0.000000
417.920000	0.538743	-1.136784	1.395453	0.000000	0.000000
417.930000	0.538743	-1.136781	1.395453	0.000000	0.000000
417.940000	0.538741	-1.136775	1.395452	0.000000	0.000000
417.950000	0.538739	-1.136766	1.395451	0.000000	0.000000
417.960000	0.538735	-1.136753	1.395451	0.000000	0.000000
417.970000	0.538730	-1.136739	1.395450	0.000000	0.000000
417.980000	0.538725	-1.136724	1.395450	0.000000	0.000000
417.990000	0.538721	-1.136711	1.395449	0.000000	0.000000
418.000000	0.538719	-1.136700	1.395449	0.000000	0.000000
418.010000	0.538716	-1.136692	1.395448	0.000000	0.000000
418.020000	0.538715	-1.136685	1.395447	0.000000	0.000000
418.030000	0.538715	-1.136681	1.395447	0.000000	0.000000
418.040000	0.538716	-1.136677	1.395446	0.000000	0.000000
418.050000	0.538717	-1.136674	1.395445	0.000000	0.000000
418.060000	0.538719	-1.136672	1.395444	0.000000	0.000000
418.070000	0.538721	-1.136672	1.395443	0.000000	0.000000
418.080000	0.538723	-1.136674	1.395442	0.000000	0.000000
418.090000	0.538725	-1.136676	1.395440	0.000000	0.000000
418.100000	0.538726	-1.136678	1.395439	0.000000	0.000000
418.110000	0.538728	-1.136680	1.395437	0.000000	0.000000
418.120000	0.538729	-1.136680	1.395436	0.000000	0.000000
418.130000	0.538729	-1.136679	1.395434	0.000000	0.000000
418.140000	0.538728	-1.136677	1.395432	0.000000	0.000000
418.150000	0.538727	-1.136676	1.395430	0.000000	0.000000
418.160000	0.538728	-1.136676	1.395428	0.000000	0.000000
418.170000	0.538729	-1.136678	1.395426	0.000000	0.000000
418.180000	0.538731	-1.136681	1.395424	0.000000	0.000000
418.190000	0.538732	-1.136684	1.395422	0.000000	0.000000
418.200000	0.538734	-1.136687	1.395419	0.000000	0.000000
418.210000	0.538735	-1.136688	1.395417	0.000000	0.000000
418.220000	0.538736	-1.136687	1.395414	0.000000	0.000000
418.230000	0.538735	-1.136684	1.395412	0.000000	0.000000
418.240000	0.538735	-1.136680	1.395409	0.000000	0.000000
418.250000	0.538735	-1.136676	1.395407	0.000000	0.000000
418.260000	0.538734	-1.136673	1.395404	0.000000	0.000000
418.270000	0.538734	-1.136672	1.395401	0.000000	0.000000
418.280000	0.538734	-1.136673	1.395398	0.000000	0.000000
418.290000	0.538735	-1.136675	1.395395	0.000000	0.000000
418.300000	0.538736	-1.136678	1.395392	0.000000	0.000000
418.310000	0.538737	-1.136682	1.395389	0.000000	0.000000
418.320000	0.538739	-1.136686	1.395386	0.000000	0.000000
418.330000	0.538740	-1.136691	1.395382	0.000000	0.000000
418.340000	0.538741	-1.136696	1.395379	0.000000	0.000000
418.350000	0.538743	-1.136702	1.395375	0.000000	0.000000
418.360000	0.538745	-1.136706	1.395371	0.000000	0.000000
418.370000	0.538746	-1.136711	1.395368	0.000000	0.000000
418.380000	0.538748	-1.136716	1.395364	0.000000	0.000000
418.390000	0.538749	-1.136720	1.395360	0.000000	0.000000
418.400000	0.538750	-1.136725	1.395355	0.000000	0.000000
418.410000	0.538751	-1.136731	1.395351	0.000000	0.000000
418.420000	0.538753	-1.136735	1.395347	0.000000	0.000000
418.430000	0.538753	-1.136736	1.395342	0.000000	0.000000
418.440000	0.538752	-1.136732	1.395338	0.000000	0.000000
418.450000	0.538749	-1.136728	1.395333	0.000000	0.000000
418.460000	0.538748	-1.136728	1.395328	0.000000	0.000000
418.470000	0.538747	-1.136732	1.395324	0.000000	0.000000
418.480000	0.538747	-1.136740	1.395319	0.000000	0.000000
418.490000	0.538749	-1.136750	1.395314	0.000000	0.000000
418.500000	0.538750	-1.136760	1.395310	0.000000	0.000000
418.510000	0.538752	-1.136772	1.395305	0.000000	0.000000
418.520000	0.538754	-1.136784	1.395300	0.000000	0.000000
418.530000	0.538755	-1.136798	1.395296	0.000000	0.000000
418.540000	0.538758	-1.136813	1.395291	0.000000	0.000000
418.550000	0.538761	-1.136828	1.395287	0.000000	0.000000
418.560000	0.538765	-1.136844	1.395282	0.000000	0.000000
418.570000	0.538769	-1.136860	1.395277	0.000000	0.000000
418.580000	0.538772	-1.136876	1.395273	0.000000	0.000000
418.590000	0.538775	-1.136891	1.395268	0.000000	0.000000
418.600000	0.538779	-1.136907	1.395264	0.000000	0.000000
418.610000	0.538782	-1.136921	1.395260	0.000000	0.000000
418.620000	0.538785	-1.136934	1.395255	0.000000	0.000000
418.630000	0.538787	-1.136945	1.395251	0.000000	0.000000
418.640000	0.538789	-1.136953	1.395247	0.000000	0.000000
418.650000	0.538790	-1.136959	1.395242	0.000000	0.000000
418.660000	0.538791	-1.136965	1.395238	0.000000	0.000000
418.670000	0.538793	-1.136974	1.395234	0.000000	0.000000
418.680000	0.538794	-1.136984	1.395230	0.000000	0.000000
418.690000	0.538795	-1.136995	1.395226	0.000000	0.000000
418.700000	0.538797	-1.137008	1.395222	0.000000	0.000000
418.710000	0.538798	-1.137022	1.395219	0.000000	0.000000
418.720000	0.538800	-1.137037	1.395215	0.000000	0.000000
418.730000	0.538800	-1.137052	1.395211	0.000000	0.000000
418.740000	0.538800	-1.137066	1.395207	0.000000	0.000000
418.750000	0.538800	-1.137079	1.395204	0.000000	0.000000
418.760000	0.538800	-1.137090	1.395200	0.000000	0.000000
418.770000	0.538799	-1.137098	1.395196	0.000000	0.000000
418.780000	0.538797	-1.137103	1.395192	0.000000	0.000000
418.790000	0.538795	-1.137107	1.395188	0.000000	0.000000
418.800000	0.538793	-1.137109	1.395184	0.000000	0.000000
418.810000	0.538790	-1.137113	1.395181	0.000000	0.000000
418.820000	0.538787	-1.137118	1.395177	0.000000	0.000000
418.830000	0.538785	-1.137125	1.395173	0.000000	0.000000
418.840000	0.538784	-1.137131	1.395169	0.000000	0.000000
418.850000	0.538782	-1.137138	1.395164	0.000000	0.000000
418.860000	0.538779	-1.137147	1.395160	0.000000	0.000000
418.870000	0.538778	-1.137161	1.395156	0.000000	0.000000
418.880000	0.538778	-1.137179	1.395152	0.000000	0.000000
418.890000	0.538780	-1.137201	1.395147	0.000000	0.000000
418.900000	0.538783	-1.137226	1.395143	0.000000	0.000000
418.910000	0.538786	-1.137249	1.395138	0.000000	0.000000
418.920000	0.538787	-1.137268	1.395133	0.000000	0.000000
418.930000	0.538786	-1.137281	1.395129	0.000000	0.000000
418.940000	0.538784	-1.137287	1.395124	0.000000	0.000000
418.950000	0.538782	-1.137294	1.395119	0.000000	0.000000
418.960000	0.538782	-1.137306	1.395114	0.000000	0.000000
418.970000	0.538783	-1.137323	1.395110	0.000000	0.000000
418.980000	0.538786	-1.137342	1.395105	0.000000	0.000000
418.990000	0.538789	-1.137361	1.395100	0.000000	0.000000
419.000000	0.538791	-1.137379	1.395096	0.000000	0.000000
419.010000	0.538794	-1.137397	1.395091	0.000000	0.000000
419.020000	0.538796	-1.137416	1.395087	0.000000	0.000000
419.030000	0.538797	-1.137435	1.395083	0.000000	0.000000
419.040000	0.538798	-1.137451	1.395078	0.000000	0.000000
419.050000	0.538797	-1.137464	1.395074	0.000000	0.000000
419.060000	0.538796	-1.137474	1.395070	0.000000	0.000000
419.070000	0.538796	-1.137485	1.395066	0.000000	0.000000
419.080000	0.538794	-1.137496	1.395062	0.000000	0.000000
419.090000	0.538793	-1.137509	1.395058	0.000000	0.000000
419.100000	0.538792	-1.137522	1.395055	0.000000	0.000000
419.110000	0.538791	-1.137536	1.395051	0.000000	0.000000
419.120000	0.538790	-1.137550	1.395047	0.000000	0.000000
419.130000	0.538789	-1.137565	1.395044	0.000000	0.000000
419.140000	0.538788	-1.137579	1.395040	0.000000	0.000000
419.150000	0.538787	-1.137592	1.395036	0.000000	0.000000
419.160000	0.538786	-1.137605	1.395033	0.000000	0.000000
419.170000	0.538785	-1.137619	1.395029	0.000000	0.000000
419.180000	0.538783	-1.137634	1.395025	0.000000	0.000000
419.190000	0.538782	-1.137648	1.395022	0.000000	0.000000
419.200000	0.538780	-1.137659	1.395018	0.000000	0.000000
419.210000	0.538778	-1.137667	1.395015	0.000000	0.000000
419.220000	0.538774	-1.137671	1.395012	0.000000	0.000000
419.230000	0.538771	-1.137673	1.395008	0.000000	0.000000
419.240000	0.538767	-1.137677	1.395005	0.000000	0.000000
419.250000	0.538765	-1.137685	1.395002	0.000000	0.000000
419.260000	0.538764	-1.137695	1.394999	0.000000	0.000000
419.270000	0.538763	-1.137705	1.394996	0.000000	0.000000
419.280000	0.538761	-1.137715	1.394993	0.000000	0.000000
419.290000	0.538760	-1.137722	1.394990	0.000000	0.000000
419.300000	0.538757	-1.137728	1.394987	0.000000	0.000000
419.310000	0.538754	-1.137732	1.394984	0.000000	0.000000
419.320000	0.538751	-1.137737	1.394981	0.000000	0.000000
419.330000	0.538749	-1.137742	1.394979	0.000000	0.000000
419.340000	0.538747	-1.137747	1.394976	0.000000	0.000000
419.350000	0.538744	-1.137753	1.394973	0.000000	0.000000
419.360000	0.538741	-1.137759	1.394971	0.000000	0.000000
419.370000	0.538738	-1.137765	1.394968	0.000000	0.000000
419.380000	0.538735	-1.137772	1.394965	0.000000	0.000000
419.390000	0.538732	-1.137779	1.394962	0.000000	0.000000
419.400000	0.538729	-1.137787	1.394959	0.000000	0.000000
419.410000	0.538728	-1.137797	1.394957	0.000000	0.000000
419.420000	0.538727	-1.137807	1.394954	0.000000	0.000000
419.430000	0.538726	-1.137816	1.394951	0.000000	0.000000
419.440000	0.538724	-1.137824	1.394948	0.000000	0.000000
419.450000	0.538722	-1.137830	1.394945	0.000000	0.000000
419.460000	0.538720	-1.137836	1.394942	0.000000	0.000000
419.470000	0.538719	-1.137840	1.394939	0.000000	0.000000
419.480000	0.538717	-1.137844	1.394936	0.000000	0.000000
419.490000	0.538715	-1.137849	1.394933	0.000000	0.000000
419.500000	0.538714	-1.137854	1.394930	0.000000	0.000000
419.510000	0.538714	-1.137862	1.394927	0.000000	0.000000
419.520000	0.538713	-1.137871	1.394925	0.000000	0.000000
419.530000	0.538711	-1.137878	1.394922	0.000000	0.000000
419.540000	0.538709	-1.137884	1.394919	0.000000	0.000000
419.550000	0.538706	-1.137885	1.394916	0.000000	0.000000
419.560000	0.538703	-1.137885	1.394913	0.000000	0.000000
419.570000	0.538699	-1.137884	1.394910	0.000000	0.000000
419.580000	0.538698	-1.137887	1.394907	0.000000	0.000000
419.590000	0.538697	-1.137894	1.394904	0.000000	0.000000
419.600000	0.538697	-1.137904	1.394901	0.000000	0.000000
419.610000	0.538698	-1.137915	1.394898	0.000000	0.000000
419.620000	0.538699	-1.137925	1.394895	0.000000	0.000000
419.630000	0.538699	-1.137935	1.394892	0.000000	0.000000
419.640000	0.538698	-1.137945	1.394889	0.000000	0.000000
419.650000	0.538699	-1.137955	1.394886	0.000000	0.000000
419.660000	0.538700	-1.137964	1.394884	0.000000	0.000000
419.670000	0.538701	-1.137971	1.394881	0.000000	0.000000
419.680000	0.538700	-1.137975	1.394878	0.000000	0.000000
419.690000	0.538697	-1.137975	1.394876	0.000000	0.000000
419.700000	0.538694	-1.137972	1.394873	0.000000	0.000000
419.710000	0.538689	-1.137967	1.394870	0.000000	0.000000
419.720000	0.538686	-1.137963	1.394868	0.000000	0.000000
419.730000	0.538682	-1.137961	1.394865	0.000000	0.000000
419.740000	0.538680	-1.137962	1.394863	0.000000	0.000000
419.750000	0.538679	-1.137966	1.394860	0.000000	0.000000
419.760000	0.538677	-1.137972	1.394857	0.000000	0.000000
419.770000	0.538677	-1.137980	1.394855	0.000000	0.000000
419.780000	0.538676	-1.137988	1.394852	0.000000	0.000000
419.790000	0.538676	-1.137997	1.394850	0.000000	0.000000
419.800000	0.538675	-1.138005	1.394847	0.000000	0.000000
419.810000	0.538673	-1.138011	1.394844	0.000000	0.000000
419.820000	0.538671	-1.138017	1.394841	0.000000	0.000000
419.830000	0.538668	-1.138020	1.394839	0.000000	0.000000
419.840000	0.538664	-1.138024	1.394836	0.000000	0.000000
419.850000	0.538661	-1.138027	1.394833	0.000000	0.000000
419.860000	0.538657	-1.138032	1.394830	0.000000	0.000000
419.870000	0.538654	-1.138037	1.394827	0.000000	0.000000
419.880000	0.538652	-1.138045	1.394824	0.000000	0.000000
419.890000	0.538651	-1.138053	1.394821	0.000000	0.000000
419.900000	0.538649	-1.138063	1.394818	0.000000	0.000000
419.910000	0.538647	-1.138074	1.394815	0.000000	0.000000
419.920000	0.538646	-1.138084	1.394811	0.000000	0.000000
419.930000	0.538645	-1.138095	1.394808	0.000000	0.000000
419.940000	0.538644	-1.138106	1.394805	0.000000	0.000000
419.950000	0.538642	-1.138117	1.394801	0.000000	0.000000
419.960000	0.538641	-1.138128	1.394798	0.000000	0.000000
419.970000	0.538640	-1.138137	1.394794	0.000000	0.000000
419.980000	0.538639	-1.138144	1.394790	0.000000	0.000000
419.990000	0.538635	-1.138149	1.394787	0.000000	0.000000
420.000000	0.538633	-1.138154	1.394783	0.000000	0.000000
420.010000	0.538631	-1.138162	1.394779	0.000000	0.000000
420.020000	0.538629	-1.138172	1.394776	0.000000	0.000000
420.030000	0.538628	-1.138183	1.394772	0.000000	0.000000
420.040000	0.538627	-1.138193	1.394768	0.000000	0.000000
420.050000	0.538627	-1.138204	1.394764	0.000000	0.000000
420.060000	0.538627	-1.138213	1.394760	0.000000	0.000000
420.070000	0.538625	-1.138222	1.394757	0.000000	0.000000
420.080000	0.538624	-1.138230	1.394753	0.000000	0.000000
420.090000	0.538623	-1.138237	1.394749	0.000000	0.000000
420.100000	0.538621	-1.138243	1.394745	0.000000	0.000000
420.110000	0.538619	-1.138250	1.394741	0.000000	0.000000
420.120000	0.538617	-1.138257	1.394737	0.000000	0.000000
420.130000	0.538617	-1.138266	1.394733	0.000000	0.000000
420.140000	0.538618	-1.138276	1.394729	0.000000	0.000000
420.150000	0.538618	-1.138286	1.394725	0.000000	0.000000
420.160000	0.538619	-1.138295	1.394721	0.000000	0.000000
420.170000	0.538619	-1.138303	1.394717	0.000000	0.000000
420.180000	0.538618	-1.138311	1.394713	0.000000	0.000000
420.190000	0.538617	-1.138317	1.394709	0.000000	0.000000
420.200000	0.538615	-1.138324	1.394704	0.000000	0.000000
420.210000	0.538614	-1.138331	1.394700	0.000000	0.000000
420.220000	0.538613	-1.138339	1.394696	0.000000	0.000000
420.230000	0.538613	-1.138350	1.394691	0.000000	0.000000
420.240000	0.538614	-1.138363	1.394686	0.000000	0.000000
420.250000	0.538615	-1.138377	1.394682	0.000000	0.000000
420.260000	0.538617	-1.138392	1.394677	0.000000	0.000000
420.270000	0.538618	-1.138405	1.394672	0.000000	0.000000
420.280000	0.538620	-1.138416	1.394667	0.000000	0.000000
420.290000	0.538621	-1.138425	1.394662	0.000000	0.000000
420.300000	0.538622	-1.138432	1.394658	0.000000	0.000000
420.310000	0.538621	-1.138436	1.394653	0.000000	0.000000
420.320000	0.538620	-1.138441	1.394648	0.000000	0.000000
420.330000	0.538619	-1.138445	1.394643	0.000000	0.000000
420.340000	0.538619	-1.138449	1.394638	0.000000	0.000000
420.350000	0.538618	-1.138452	1.394633	0.000000	0.000000
420.360000	0.538617	-1.138454	1.394628	0.000000	0.000000
420.370000	0.538616	-1.138454	1.394623	0.000000	0.000000
420.380000	0.538616	-1.138457	1.394619	0.000000	0.000000
420.390000	0.538616	-1.138463	1.394614	0.000000	0.000000
420.400000	0.538617	-1.138473	1.394609	0.000000	0.000000
420.410000	0.538618	-1.138486	1.394605	0.000000	0.000000
420.420000	0.538620	-1.138500	1.394601	0.000000	0.000000
420.430000	0.538624	-1.138516	1.394596	0.000000	0.000000
420.440000	0.538627	-1.138532	1.394592	0.000000	0.000000
420.450000	0.538629	-1.138547	1.394587	0.000000	0.000000
420.460000	0.538631	-1.138561	1.394583	0.000000	0.000000
420.470000	0.538631	-1.138573	1.394579	0.000000	0.000000
420.480000	0.538631	-1.138581	1.394574	0.000000	0.000000
420.490000	0.538629	-1.138586	1.394570	0.000000	0.000000
420.500000	0.538627	-1.138587	1.394566	0.000000	0.000000
420.510000	0.538624	-1.138587	1.394561	0.000000	0.000000
420.520000	0.538622	-1.138586	1.394557	0.000000	0.000000
420.530000	0.538619	-1.138586	1.394552	0.000000	0.000000
420.540000	0.538617	-1.138588	1.394548	0.000000	0.000000
420.550000	0.538615	-1.138592	1.394544	0.000000	0.000000
420.560000	0.538613	-1.138597	1.394539	0.000000	0.000000
420.570000	0.538612	-1.138603	1.394535	0.000000	0.000000
420.580000	0.538611	-1.138608	1.394530	0.000000	0.000000
420.590000	0.538609	-1.138613	1.394526	0.000000	0.000000
420.600000	0.538608	-1.138619	1.394522	0.000000	0.000000
420.610000	0.538609	-1.138626	1.394517	0.000000	0.000000
420.620000	0.538610	-1.138635	1.394513	0.000000	0.000000
420.630000	0.538611	-1.138646	1.394509	0.000000	0.000000
420.640000	0.538613	-1.138657	1.394505	0.000000	0.000000
420.650000	0.538615	-1.138668	1.394501	0.000000	0.000000
420.660000	0.538615	-1.138680	1.394497	0.000000	0.000000
420.670000	0.538616	-1.138691	1.394493	0.000000	0.000000
420.680000	0.538616	-1.138703	1.394489	0.000000	0.000000
420.690000	0.538617	-1.138717	1.394485	0.000000	0.000000
420.700000	0.538618	-1.138733	1.394481	0.000000	0.000000
420.710000	0.538618	-1.138751	1.394478	0.000000	0.000000
420.720000	0.538619	-1.138769	1.394474	0.000000	0.000000
420.730000	0.538620	-1.138787	1.394471	0.000000	0.000000
420.740000	0.538621	-1.138805	1.394467	0.000000	0.000000
420.750000	0.538623	-1.138821	1.394464	0.000000	0.000000
420.760000	0.538624	-1.138835	1.394460	0.000000	0.000000
420.770000	0.538625	-1.138845	1.394457	0.000000	0.000000
420.780000	0.538625	-1.138853	1.394454	0.000000	0.000000
420.790000	0.538625	-1.138858	1.394451	0.000000	0.000000
420.800000	0.538624	-1.138863	1.394448	0.000000	0.000000
420.810000	0.538623	-1.138868	1.394445	0.000000	0.000000
420.820000	0.538623	-1.138871	1.394442	0.000000	0.000000
420.830000	0.538624	-1.138873	1.394439	0.000000	0.000000
420.840000	0.538624	-1.138873	1.394436	0.000000	0.000000
420.850000	0.538623	-1.138873	1.394434	0.000000	0.000000
420.860000	0.538622	-1.138873	1.394431	0.000000	0.000000
420.870000	0.538621	-1.138873	1.394428	0.000000	0.000000
420.880000	0.538620	-1.138875	1.394426	0.000000	0.000000
420.890000	0.538620	-1.138879	1.394423	0.000000	0.000000
420.900000	0.538621	-1.138884	1.394421	0.000000	0.000000
420.910000	0.538621	-1.138890	1.394419	0.000000	0.000000
420.920000	0.538623	-1.138897	1.394416	0.000000	0.000000
420.930000	0.538624	-1.138904	1.394414	0.000000	0.000000
420.940000	0.538626	-1.138912	1.394412	0.000000	0.000000
420.950000	0.538628	-1.138919	1.394410	0.000000	0.000000
420.960000	0.538628	-1.138925	1.394408	0.000000	0.000000
420.970000	0.538630	-1.138930	1.394405	0.000000	0.000000
420.980000	0.538630	-1.138934	1.394403	0.000000	0.000000
420.990000	0.538630	-1.138936	1.394401	0.000000	0.000000
421.000000	0.538630	-1.138937	1.394399	0.000000	0.000000
421.010000	0.538629	-1.138938	1.394397	0.000000	0.000000
421.020000	0.538629	-1.138938	1.394395	0.000000	0.000000
421.030000	0.538628	-1.138937	1.394393	0.000000	0.000000
421.040000	0.538627	-1.138935	1.394391	0.000000	0.000000
421.050000	0.538626	-1.138932	1.394389	0.000000	0.000000
421.060000	0.538624	-1.138930	1.394387	0.000000	0.000000
421.070000	0.538623	-1.138929	1.394385	0.000000	0.000000
421.080000	0.538622	-1.138931	1.394382	0.000000	0.000000
421.090000	0.538623	-1.138937	1.394380	0.000000	0.000000
421.100000	0.538623	-1.138944	1.394378	0.000000	0.000000
421.110000	0.538624	-1.138953	1.394375	0.000000	0.000000
421.120000	0.538625	-1.138962	1.394373	0.000000	0.000000
421.130000	0.538627	-1.138972	1.394370	0.000000	0.000000
421.140000	0.538628	-1.138983	1.394367	0.000000	0.000000
421.150000	0.538629	-1.138994	1.394364	0.000000	0.000000
421.160000	0.538631	-1.139004	1.394361	0.000000	0.000000
421.170000	0.538632	-1.139014	1.394358	0.000000	0.000000
421.180000	0.538632	-1.139023	1.394354	0.000000	0.000000
421.190000	0.538632	-1.139031	1.394351	0.000000	0.000000
421.200000	0.538632	-1.139037	1.394347	0.000000	0.000000
421.210000	0.538631	-1.139042	1.394344	0.000000	0.000000
421.220000	0.538630	-1.139049	1.394340	0.000000	0.000000
421.230000	0.538630	-1.139056	1.394336	0.000000	0.000000
421.240000	0.538629	-1.139063	1.394332	0.000000	0.000000
421.250000	0.538627	-1.139068	1.394328	0.000000	0.000000
421.260000	0.538627	-1.139070	1.394324	0.000000	0.000000
421.270000	0.538627	-1.139073	1.394320	0.000000	0.000000
421.280000	0.538627	-1.139078	1.394316	0.000000	0.000000
421.290000	0.538627	-1.139085	1.394312	0.000000	0.000000
421.300000	0.538627	-1.139091	1.394308	0.000000	0.000000
421.310000	0.538627	-1.139097	1.394304	0.000000	0.000000
421.320000	0.538626	-1.139103	1.394300	0.000000	0.000000
421.330000	0.538625	-1.139110	1.394296	0.000000	0.000000
421.340000	0.538624	-1.139117	1.394293	0.000000	0.000000
421.350000	0.538623	-1.139125	1.394289	0.000000	0.000000
421.360000	0.538622	-1.139134	1.394285	0.000000	0.000000
421.370000	0.538622	-1.139144	1.394282	0.000000	0.000000
421.380000	0.538623	-1.139155	1.394278	0.000000	0.000000
421.390000	0.538624	-1.139166	1.394275	0.000000	0.000000
421.400000	0.538624	-1.139177	1.394271	0.000000	0.000000
421.410000	0.538624	-1.139188	1.394268	0.000000	0.000000
421.420000	0.538625	-1.139198	1.394265	0.000000	0.000000
421.430000	0.538625	-1.139207	1.394261	0.000000	0.000000
421.440000	0.538623	-1.139214	1.394258	0.000000	0.000000
421.450000	0.538622	-1.139218	1.394255	0.000000	0.000000
421.460000	0.538619	-1.139219	1.394251	0.000000	0.000000
421.470000	0.538615	-1.139216	1.394248	0.000000	0.000000
421.480000	0.538612	-1.139213	1.394244	0.000000	0.000000
421.490000	0.538610	-1.139214	1.394241	0.000000	0.000000
421.500000	0.538610	-1.139217	1.394238	0.000000	0.000000
421.510000	0.538611	-1.139224	1.394234	0.000000	0.000000
421.520000	0.538613	-1.139231	1.394230	0.000000	0.000000
421.530000	0.538613	-1.139237	1.394227	0.000000	0.000000
421.540000	0.538613	-1.139241	1.394223	0.000000	0.000000
421.550000	0.538612	-1.139245	1.394219	0.000000	0.000000
421.560000	0.538611	-1.139249	1.394216	0.000000	0.000000
421.570000	0.538610	-1.139255	1.394212	0.000000	0.000000
421.580000	0.538611	-1.139262	1.394208	0.000000	0.000000
421.590000	0.538612	-1.139272	1.394204	0.000000	0.000000
421.600000	0.538612	-1.139281	1.394200	0.000000	0.000000
421.610000	0.538611	-1.139291	1.394196	0.000000	0.000000
421.620000	0.538609	-1.139300	1.394192	0.000000	0.000000
421.630000	0.538608	-1.139308	1.394188	0.000000	0.000000
421.640000	0.538608	-1.139316	1.394184	0.000000	0.000000
421.650000	0.538607	-1.139322	1.394180	0.000000	0.000000
421.660000	0.538605	-1.139328	1.394175	0.000000	0.000000
421.670000	0.538604	-1.139333	1.394171	0.000000	0.000000
421.680000	0.538603	-1.139338	1.394167	0.000000	0.000000
421.690000	0.538601	-1.139342	1.394163	0.000000	0.000000
421.700000	0.538599	-1.139342	1.394159	0.000000	0.000000
421.710000	0.538595	-1.139341	1.394154	0.000000	0.000000
421.720000	0.538592	-1.139340	1.394150	0.000000	0.000000
421.730000	0.538589	-1.139341	1.394146	0.000000	0.000000
421.740000	0.538588	-1.139346	1.394142	0.000000	0.000000
421.750000	0.538587	-1.139352	1.394138	0.000000	0.000000
421.760000	0.538587	-1.139357	1.394134	0.000000	0.000000
421.770000	0.538587	-1.139364	1.394130	0.000000	0.000000
421.780000	0.538588	-1.139374	1.394126	0.000000	0.000000
421.790000	0.538588	-1.139384	1.394122	0.000000	0.000000
421.800000	0.538590	-1.139394	1.394119	0.000000	0.000000
421.810000	0.538590	-1.139403	1.394115	0.000000	0.000000
421.820000	0.538589	-1.139410	1.394112	0.000000	0.000000
421.830000	0.538588	-1.139415	1.394108	0.000000	0.000000
421.840000	0.538586	-1.139421	1.394105	0.000000	0.000000
421.850000	0.538584	-1.139427	1.394102	0.000000	0.000000
421.860000	0.538583	-1.139435	1.394099	0.000000	0.000000
421.870000	0.538582	-1.139444	1.394096	0.000000	0.000000
421.880000	0.538582	-1.139452	1.394093	0.000000	0.000000
421.890000	0.538582	-1.139460	1.394090	0.000000	0.000000
421.900000	0.538581	-1.139467	1.394088	0.000000	0.000000
421.910000	0.538581	-1.139474	1.394085	0.000000	0.000000
421.920000	0.538580	-1.139481	1.394083	0.000000	0.000000
421.930000	0.538579	-1.139487	1.394080	0.000000	0.000000
421.940000	0.538578	-1.139494	1.394078	0.000000	0.000000
421.950000	0.538578	-1.139499	1.394076	0.000000	0.000000
421.960000	0.538577	-1.139503	1.394074	0.000000	0.000000
421.970000	0.538575	-1.139504	1.394071	0.000000	0.000000
421.980000	0.538574	-1.139501	1.394069	0.000000	0.000000
421.990000	0.538570	-1.139494	1.394067	0.000000	0.000000
422.000000	0.538566	-1.139486	1.394065	0.000000	0.000000
422.010000	0.538561	-1.139478	1.394063	0.000000	0.000000
422.020000	0.538558	-1.139473	1.394061	0.000000	0.000000
422.030000	0.538556	-1.139471	1.394059	0.000000	0.000000
422.040000	0.538555	-1.139470	1.394057	0.000000	0.000000
422.050000	0.538554	-1.139470	1.394055	0.000000	0.000000
422.060000	0.538554	-1.139471	1.394053	0.000000	0.000000
422.070000	0.538552	-1.139472	1.394051	0.000000	0.000000
422.080000	0.538551	-1.139473	1.394048	0.000000	0.000000
422.090000	0.538549	-1.139475	1.394046	0.000000	0.000000
422.100000	0.538548	-1.139479	1.394044	0.000000	0.000000
422.110000	0.538549	-1.139485	1.394041	0.000000	0.000000
422.120000	0.538550	-1.139494	1.394039	0.000000	0.000000
422.130000	0.538553	-1.139505	1.394037	0.000000	0.000000
422.140000	0.538556	-1.139515	1.394034	0.000000	0.000000
422.150000	0.538559	-1.139525	1.394032	0.000000	0.000000
422.160000	0.538561	-1.139534	1.394029	0.000000	0.000000
422.170000	0.538562	-1.139539	1.394027	0.000000	0.000000
422.180000	0.538563	-1.139540	1.394024	0.000000	0.000000
422.190000	0.538562	-1.139538	1.394022	0.000000	0.000000
422.200000	0.538562	-1.139535	1.394019	0.000000	0.000000
422.210000	0.538562	-1.139531	1.394016	0.000000	0.000000
422.220000	0.538562	-1.139527	1.394014	0.000000	0.000000
422.230000	0.538563	-1.139524	1.394011	0.000000	0.000000
422.240000	0.538564	-1.139522	1.394008	0.000000	0.000000
422.250000	0.538565	-1.139522	1.394006	0.000000	0.000000
422.260000	0.538568	-1.139523	1.394003	0.000000	0.000000
422.270000	0.538572	-1.139526	1.394000	0.000000	0.000000
422.280000	0.538576	-1.139528	1.393997	0.000000	0.000000
422.290000	0.538579	-1.139527	1.393994	0.000000	0.000000
422.300000	0.538581	-1.139524	1.393991	0.000000	0.000000
422.310000	0.538583	-1.139520	1.393988	0.000000	0.000000
422.320000	0.538586	-1.139517	1.393985	0.000000	0.000000
422.330000	0.538589	-1.139515	1.393982	0.000000	0.000000
422.340000	0.538592	-1.139515	1.393978	0.000000	0.000000
422.350000	0.538595	-1.139514	1.393975	0.000000	0.000000
422.360000	0.538598	-1.139513	1.393972	0.000000	0.000000
422.370000	0.538601	-1.139512	1.393968	0.000000	0.000000
422.380000	0.538604	-1.139513	1.393965	0.000000	0.000000
422.390000	0.538607	-1.139514	1.393961	0.000000	0.000000
422.400000	0.538612	-1.139516	1.393957	0.000000	0.000000
422.410000	0.538616	-1.139517	1.393954	0.000000	0.000000
422.420000	0.538621	-1.139518	1.393950	0.000000	0.000000
422.430000	0.538625	-1.139522	1.393946	0.000000	0.000000
422.440000	0.538631	-1.139530	1.393943	0.000000	0.000000
422.450000	0.538636	-1.139541	1.393939	0.000000	0.000000
422.460000	0.538642	-1.139553	1.393936	0.000000	0.000000
422.470000	0.538646	-1.139565	1.393932	0.000000	0.000000
422.480000	0.538650	-1.139575	1.393929	0.000000	0.000000
422.490000	0.538654	-1.139584	1.393925	0.000000	0.000000
422.500000	0.538658	-1.139591	1.393921	0.000000	0.000000
422.510000	0.538661	-1.139595	1.393918	0.000000	0.000000
422.520000	0.538665	-1.139597	1.393914	0.000000	0.000000
422.530000	0.538669	-1.139599	1.393911	0.000000	0.000000
422.540000	0.538674	-1.139601	1.393907	0.000000	0.000000
422.550000	0.538678	-1.139603	1.393904	0.000000	0.000000
422.560000	0.538681	-1.139603	1.393900	0.000000	0.000000
422.570000	0.538683	-1.139600	1.393897	0.000000	0.000000
422.580000	0.538683	-1.139594	1.393894	0.000000	0.000000
422.590000	0.538683	-1.139588	1.393890	0.000000	0.000000
422.600000	0.538685	-1.139584	1.393887	0.000000	0.000000
422.610000	0.538688	-1.139585	1.393884	0.000000	0.000000
422.620000	0.538691	-1.139589	1.393881	0.000000	0.000000
422.630000	0.538696	-1.139597	1.393878	0.000000	0.000000
422.640000	0.538701	-1.139606	1.393875	0.000000	0.000000
422.650000	0.538707	-1.139613	1.393872	0.000000	0.000000
422.660000	0.538712	-1.139616	1.393869	0.000000	0.000000
422.670000	0.538717	-1.139617	1.393866	0.000000	0.000000
422.680000	0.538721	-1.139616	1.393863	0.000000	0.000000
422.690000	0.538724	-1.139611	1.393860	0.000000	0.000000
422.700000	0.538724	-1.139600	1.393858	0.000000	0.000000
422.710000	0.538723	-1.139586	1.393855	0.000000	0.000000
422.720000	0.538721	-1.139573	1.393853	0.000000	0.000000
422.730000	0.538721	-1.139565	1.393850	0.000000	0.000000
422.740000	0.538722	-1.139562	1.393848	0.000000	0.000000
422.750000	0.538724	-1.139561	1.393846	0.000000	0.000000
422.760000	0.538726	-1.139563	1.393844	0.000000	0.000000
422.770000	0.538728	-1.139567	1.393841	0.000000	0.000000
422.780000	0.538731	-1.139572	1.393839	0.000000	0.000000
422.790000	0.538734	-1.139577	1.393837	0.000000	0.000000
422.800000	0.538737	-1.139582	1.393835	0.000000	0.000000
422.810000	0.538738	-1.139583	1.393833	0.000000	0.000000
422.820000	0.538739	-1.139582	1.393831	0.000000	0.000000
422.830000	0.538739	-1.139577	1.393829	0.000000	0.000000
422.840000	0.538737	-1.139569	1.393827	0.000000	0.000000
422.850000	0.538736	-1.139559	1.393825	0.000000	0.000000
422.860000	0.538734	-1.139549	1.393823	0.000000	0.000000
422.870000	0.538733	-1.139539	1.393821	0.000000	0.000000
422.880000	0.538732	-1.139529	1.393819	0.000000	0.000000
422.890000	0.538732	-1.139521	1.393817	0.000000	0.000000
422.900000	0.538732	-1.139516	1.393815	0.000000	0.000000
422.910000	0.538733	-1.139514	1.393813	0.000000	0.000000
422.920000	0.538733	-1.139515	1.393811	0.000000	0.000000
422.930000	0.538735	-1.139518	1.393810	0.000000	0.000000
422.940000	0.538736	-1.139520	1.393808	0.000000	0.000000
422.950000	0.538736	-1.139520	1.393806	0.000000	0.000000
422.960000	0.538736	-1.139516	1.393804	0.000000	0.000000
422.970000	0.538734	-1.139510	1.393802	0.000000	0.000000
422.980000	0.538732	-1.139503	1.393800	0.000000	0.000000
422.990000	0.538730	-1.139496	1.393798	0.000000	0.000000
423.000000	0.538728	-1.139489	1.393796	0.000000	0.000000
423.010000	0.538728	-1.139484	1.393794	0.000000	0.000000
423.020000	0.538728	-1.139480	1.393791	0.000000	0.000000
423.030000	0.538728	-1.139476	1.393789	0.000000	0.000000
423.040000	0.538727	-1.139471	1.393787	0.000000	0.000000
423.050000	0.538727	-1.139468	1.393785	0.000000	0.000000
423.060000	0.538728	-1.139468	1.393782	0.000000	0.000000
423.070000	0.538732	-1.139470	1.393780	0.000000	0.000000
423.080000	0.538736	-1.139475	1.393777	0.000000	0.000000
423.090000	0.538739	-1.139477	1.393775	0.000000	0.000000
423.100000	0.538741	-1.139475	1.393772	0.000000	0.000000
423.110000	0.538739	-1.139467	1.393769	0.000000	0.000000
423.120000	0.538738	-1.139456	1.393766	0.000000	0.000000
423.130000	0.538736	-1.139445	1.393764	0.000000	0.000000
423.140000	0.538737	-1.139438	1.393761	0.000000	0.000000
423.150000	0.538738	-1.139435	1.393758	0.000000	0.000000
423.160000	0.538740	-1.139434	1.393755	0.000000	0.000000
423.170000	0.538743	-1.139434	1.393752	0.000000	0.000000
423.180000	0.538746	-1.139434	1.393750	0.000000	0.000000
423.190000	0.538748	-1.139435	1.393747	0.000000	0.000000
423.200000	0.538750	-1.139436	1.393744	0.000000	0.000000
423.210000	0.538752	-1.139437	1.393742	0.000000	0.000000
423.220000	0.538753	-1.139437	1.393739	0.000000	0.000000
423.230000	0.538754	-1.139434	1.393737	0.000000	0.000000
423.240000	0.538754	-1.139428	1.393734	0.000000	0.000000
423.250000	0.538754	-1.139421	1.393732	0.000000	0.000000
423.260000	0.538753	-1.139413	1.393730	0.000000	0.000000
423.270000	0.538752	-1.139406	1.393728	0.000000	0.000000
423.280000	0.538751	-1.139399	1.393726	0.000000	0.000000
423.290000	0.538750	-1.139391	1.393724	0.000000	0.000000
423.300000	0.538749	-1.139383	1.393722	0.000000	0.000000
423.310000	0.538748	-1.139375	1.393721	0.000000	0.000000
423.320000	0.538747	-1.139367	1.393719	0.000000	0.000000
423.330000	0.538747	-1.139362	1.393718	0.000000	0.000000
423.340000	0.538748	-1.139359	1.393716	0.000000	0.000000
423.350000	0.538749	-1.139359	1.393715	0.000000	0.000000
423.360000	0.538751	-1.139361	1.393714	0.000000	0.000000
423.370000	0.538752	-1.139364	1.393713	0.000000	0.000000
423.380000	0.538753	-1.139366	1.393712	0.000000	0.000000
423.390000	0.538753	-1.139367	1.393711	0.000000	0.000000
423.400000	0.538752	-1.139365	1.393710	0.000000	0.000000
423.410000	0.538750	-1.139359	1.393710	0.000000	0.000000
423.420000	0.538747	-1.139350	1.393709	0.000000	0.000000
423.430000	0.538744	-1.139339	1.393708	0.000000	0.000000
423.440000	0.538741	-1.139329	1.393708	0.000000	0.000000
423.450000	0.538738	-1.139321	1.393707	0.000000	0.000000
423.460000	0.538736	-1.139317	1.393706	0.000000	0.000000
423.470000	0.538735	-1.139315	1.393706	0.000000	0.000000
423.480000	0.538733	-1.139314	1.393706	0.000000	0.000000
423.490000	0.538733	-1.139313	1.393705	0.000000	0.000000
423.500000	0.538732	-1.139313	1.393705	0.000000	0.000000
423.510000	0.538732	-1.139313	1.393705	0.000000	0.000000
423.520000	0.538733	-1.139314	1.393705	0.000000	0.000000
423.530000	0.538734	-1.139314	1.393704	0.000000	0.000000
423.540000	0.538733	-1.139310	1.393704	0.000000	0.000000
423.550000	0.538731	-1.139301	1.393704	0.000000	0.000000
423.560000	0.538729	-1.139287	1.393704	0.000000	0.000000
423.570000	0.538724	-1.139269	1.393704	0.000000	0.000000
423.580000	0.538720	-1.139251	1.393704	0.000000	0.000000
423.590000	0.538716	-1.139235	1.393704	0.000000	0.000000
423.600000	0.538714	-1.139224	1.393705	0.000000	0.000000
423.610000	0.538713	-1.139216	1.393705	0.000000	0.000000
423.620000	0.538713	-1.139212	1.393705	0.000000	0.000000
423.630000	0.538714	-1.139209	1.393705	0.000000	0.000000
423.640000	0.538715	-1.139207	1.393706	0.000000	0.000000
423.650000	0.538715	-1.139205	1.393706	0.000000	0.000000
423.660000	0.538716	-1.139201	1.393706	0.000000	0.000000
423.670000	0.538715	-1.139195	1.393707	0.000000	0.000000
423.680000	0.538714	-1.139186	1.393707	0.000000	0.000000
423.690000	0.538711	-1.139174	1.393707	0.000000	0.000000
423.700000	0.538707	-1.139163	1.393708	0.000000	0.000000
423.710000	0.538705	-1.139154	1.393708	0.000000	0.000000
423.720000	0.538703	-1.139148	1.393708	0.000000	0.000000
423.730000	0.538702	-1.139145	1.393709	0.000000	0.000000
423.740000	0.538702	-1.139144	1.393709	0.000000	0.000000
423.750000	0.538702	-1.139144	1.393709	0.000000	0.000000
423.760000	0.538701	-1.139147	1.393709	0.000000	0.000000
423.770000	0.538701	-1.139149	1.393710	0.000000	0.000000
423.780000	0.538701	-1.139151	1.393710	0.000000	0.000000
423.790000	0.538700	-1.139152	1.393710	0.000000	0.000000
423.800000	0.538699	-1.139151	1.393710	0.000000	0.000000
423.810000	0.538696	-1.139149	1.393710	0.000000	0.000000
423.820000	0.538693	-1.139145	1.393710	0.000000	0.000000
423.830000	0.538689	-1.139138	1.393710	0.000000	0.000000
423.840000	0.538685	-1.139129	1.393710	0.000000	0.000000
423.850000	0.538680	-1.139118	1.393710	0.000000	0.000000
423.860000	0.538675	-1.139107	1.393710	0.000000	0.000000
423.870000	0.538671	-1.139098	1.393710	0.000000	0.000000
423.880000	0.538667	-1.139090	1.393710	0.000000	0.000000
423.890000	0.538664	-1.139086	1.393710	0.000000	0.000000
423.900000	0.538663	-1.139085	1.393710	0.000000	0.000000
423.910000	0.538661	-1.139087	1.393710	0.000000	0.000000
423.920000	0.538660	-1.139090	1.393709	0.000000	0.000000
423.930000	0.538658	-1.139095	1.393709	0.000000	0.000000
423.940000	0.538657	-1.139101	1.393709	0.000000	0.000000
423.950000	0.538655	-1.139108	1.393708	0.000000	0.000000
423.960000	0.538654	-1.139115	1.393708	0.000000	0.000000
423.970000	0.538653	-1.139122	1.393708	0.000000	0.000000
423.980000	0.538652	-1.139126	1.393707	0.000000	0.000000
423.990000	0.538650	-1.139128	1.393707	0.000000	0.000000
424.000000	0.538646	-1.139126	1.393706	0.000000	0.000000
424.010000	0.538644	-1.139126	1.393705	0.000000	0.000000
424.020000	0.538641	-1.139127	1.393705	0.000000	0.000000
424.030000	0.538639	-1.139132	1.393704	0.000000	0.000000
424.040000	0.538639	-1.139140	1.393703	0.000000	0.000000
424.050000	0.538641	-1.139151	1.393702	0.000000	0.000000
424.060000	0.538643	-1.139163	1.393702	0.000000	0.000000
424.070000	0.538646	-1.139176	1.393701	0.000000	0.000000
424.080000	0.538648	-1.139186	1.393700	0.000000	0.000000
424.090000	0.538649	-1.139192	1.393699	0.000000	0.000000
424.100000	0.538649	-1.139193	1.393698	0.000000	0.000000
424.110000	0.538647	-1.139187	1.393697	0.000000	0.000000
424.120000	0.538644	-1.139176	1.393696	0.000000	0.000000
424.130000	0.538639	-1.139163	1.393695	0.000000	0.000000
424.140000	0.538634	-1.139150	1.393694	0.000000	0.000000
424.150000	0.538631	-1.139140	1.393693	0.000000	0.000000
424.160000	0.538628	-1.139133	1.393693	0.000000	0.000000
424.170000	0.538626	-1.139129	1.393692	0.000000	0.000000
424.180000	0.538623	-1.139126	1.393691	0.000000	0.000000
424.190000	0.538620	-1.139124	1.393691	0.000000	0.000000
424.200000	0.538617	-1.139123	1.393690	0.000000	0.000000
424.210000	0.538613	-1.139124	1.393689	0.000000	0.000000
424.220000	0.538610	-1.139125	1.393689	0.000000	0.000000
424.230000	0.538608	-1.139129	1.393688	0.000000	0.000000
424.240000	0.538606	-1.139134	1.393687	0.000000	0.000000
424.250000	0.538605	-1.139140	1.393686	0.000000	0.000000
424.260000	0.538604	-1.139148	1.393685	0.000000	0.000000
424.270000	0.538603	-1.139157	1.393684	0.000000	0.000000
424.280000	0.538603	-1.139166	1.393682	0.000000	0.000000
424.290000	0.538602	-1.139173	1.393681	0.000000	0.000000
424.300000	0.538601	-1.139179	1.393680	0.000000	0.000000
424.310000	0.538599	-1.139184	1.393678	0.000000	0.000000
424.320000	0.538598	-1.139192	1.393676	0.000000	0.000000
424.330000	0.538598	-1.139203	1.393674	0.000000	0.000000
424.340000	0.538599	-1.139216	1.393672	0.000000	0.000000
424.350000	0.538601	-1.139231	1.393670	0.000000	0.000000
424.360000	0.538602	-1.139247	1.393668	0.000000	0.000000
424.370000	0.538605	-1.139263	1.393666	0.000000	0.000000
424.380000	0.538607	-1.139280	1.393664	0.000000	0.000000
424.390000	0.538610	-1.139295	1.393662	0.000000	0.000000
424.400000	0.538613	-1.139307	1.393660	0.000000	0.000000
424.410000	0.538614	-1.139315	1.393659	0.000000	0.000000
424.420000	0.538615	-1.139319	1.393657	0.000000	0.000000
424.430000	0.538615	-1.139323	1.393655	0.000000	0.000000
424.440000	0.538616	-1.139328	1.393653	0.000000	0.000000
424.450000	0.538617	-1.139334	1.393651	0.000000	0.000000
424.460000	0.538618	-1.139340	1.393650	0.000000	0.000000
424.470000	0.538619	-1.139347	1.393648	0.000000	0.000000
424.480000	0.538621	-1.139354	1.393647	0.000000	0.000000
424.490000	0.538623	-1.139361	1.393646	0.000000	0.000000
424.500000	0.538625	-1.139367	1.393644	0.000000	0.000000
424.510000	0.538627	-1.139371	1.393643	0.000000	0.000000
424.520000	0.538629	-1.139373	1.393642	0.000000	0.000000
424.530000	0.538630	-1.139374	1.393641	0.000000	0.000000
424.540000	0.538631	-1.139375	1.393640	0.000000	0.000000
424.550000	0.538632	-1.139377	1.393639	0.000000	0.000000
424.560000	0.538633	-1.139380	1.393638	0.000000	0.000000
424.570000	0.538634	-1.139383	1.393637	0.000000	0.000000
424.580000	0.538636	-1.139385	1.393636	0.000000	0.000000
424.590000	0.538636	-1.139387	1.393635	0.000000	0.000000
424.600000	0.538636	-1.139388	1.393634	0.000000	0.000000
424.610000	0.538636	-1.139388	1.393633	0.000000	0.000000
424.620000	0.538636	-1.139387	1.393632	0.000000	0.000000
424.630000	0.538636	-1.139388	1.393631	0.000000	0.000000
424.640000	0.538636	-1.139391	1.393630	0.000000	0.000000
424.650000	0.538637	-1.139397	1.393629	0.000000	0.000000
424.660000	0.538638	-1.139406	1.393628	0.000000	0.000000
424.670000	0.538639	-1.139416	1.393627	0.000000	0.000000
424.680000	0.538640	-1.139426	1.393626	0.000000	0.000000
424.690000	0.538640	-1.139436	1.393626	0.000000	0.000000
424.700000	0.538640	-1.139443	1.393625	0.000000	0.000000
424.710000	0.538639	-1.139447	1.393624	0.000000	0.000000
424.720000	0.538637	-1.139447	1.393623	0.000000	0.000000
424.730000	0.538636	-1.139446	1.393623	0.000000	0.000000
424.740000	0.538634	-1.139446	1.393622	0.000000	0.000000
424.750000	0.538633	-1.139448	1.393621	0.000000	0.000000
424.760000	0.538632	-1.139451	1.393621	0.000000	0.000000
424.770000	0.538631	-1.139454	1.393620	0.000000	0.000000
424.780000	0.538630	-1.139456	1.393619	0.000000	0.000000
424.790000	0.538629	-1.139458	1.393619	0.000000	0.000000
424.800000	0.538628	-1.139461	1.393618	0.000000	0.000000
424.810000	0.538626	-1.139463	1.393617	0.000000	0.000000
424.820000	0.538624	-1.139464	1.393617	0.000000	0.000000
424.830000	0.538621	-1.139464	1.393616	0.000000	0.000000
424.840000	0.538619	-1.139463	1.393615	0.000000	0.000000
424.850000	0.538617	-1.139461	1.393614	0.000000	0.000000
424.860000	0.538614	-1.139458	1.393613	0.000000	0.000000
424.870000	0.538611	-1.139457	1.393612	0.000000	0.000000
424.880000	0.538609	-1.139456	1.393611	0.000000	0.000000
424.890000	0.538608	-1.139456	1.393610	0.000000	0.000000
424.900000	0.538607	-1.139458	1.393609	0.000000	0.000000
424.910000	0.538606	-1.139461	1.393608	0.000000	0.000000
424.920000	0.538604	-1.139466	1.393607	0.000000	0.000000
424.930000	0.538603	-1.139473	1.393606	0.000000	0.000000
424.940000	0.538603	-1.139480	1.393605	0.000000	0.000000
424.950000	0.538603	-1.139488	1.393604	0.000000	0.000000
424.960000	0.538604	-1.139495	1.393602	0.000000	0.000000
424.970000	0.538603	-1.139501	1.393601	0.000000	0.000000
424.980000	0.538602	-1.139504	1.393600	0.000000	0.000000
424.990000	0.538602	-1.139508	1.393599	0.000000	0.000000
425.000000	0.538603	-1.139515	1.393598	0.000000	0.000000
425.010000	0.538604	-1.139524	1.393597	0.000000	0.000000
425.020000	0.538604	-1.139532	1.393596	0.000000	0.000000
425.030000	0.538603	-1.139537	1.393595	0.000000	0.000000
425.040000	0.538602	-1.139541	1.393594	0.000000	0.000000
425.050000	0.538600	-1.139543	1.393593	0.000000	0.000000
425.060000	0.538597	-1.139545	1.393592	0.000000	0.000000
425.070000	0.538595	-1.139548	1.393591	0.000000	0.000000
425.080000	0.538592	-1.139552	1.393590	0.000000	0.000000
425.090000	0.538590	-1.139557	1.393589	0.000000	0.000000
425.100000	0.538588	-1.139564	1.393588	0.000000	0.000000
425.110000	0.538587	-1.139571	1.393587	0.000000	0.000000
425.120000	0.538587	-1.139577	1.393586	0.000000	0.000000
425.130000	0.538586	-1.139582	1.393585	0.000000	0.000000
425.140000	0.538585	-1.139586	1.393584	0.000000	0.000000
425.150000	0.538585	-1.139589	1.393583	0.000000	0.000000
425.160000	0.538584	-1.139591	1.393582	0.000000	0.000000
425.170000	0.538583	-1.139592	1.393580	0.000000	0.000000
425.180000	0.538583	-1.139593	1.393579	0.000000	0.000000
425.190000	0.538582	-1.139593	1.393578	0.000000	0.000000
425.200000	0.538580	-1.139591	1.393577	0.000000	0.000000
425.210000	0.538578	-1.139588	1.393575	0.000000	0.000000
425.220000	0.538576	-1.139586	1.393574	0.000000	0.000000
425.230000	0.538575	-1.139586	1.393573	0.000000	0.000000
425.240000	0.538575	-1.139588	1.393571	0.000000	0.000000
425.250000	0.538574	-1.139590	1.393570	0.000000	0.000000
425.260000	0.538573	-1.139593	1.393568	0.000000	0.000000
425.270000	0.538573	-1.139596	1.393567	0.000000	0.000000
425.280000	0.538572	-1.139599	1.393565	0.000000	0.000000
425.290000	0.538572	-1.139602	1.393564	0.000000	0.000000
425.300000	0.538572	-1.139603	1.393562	0.000000	0.000000
425.310000	0.538572	-1.139602	1.393561	0.000000	0.000000
425.320000	0.538571	-1.139597	1.393559	0.000000	0.000000
425.330000	0.538569	-1.139590	1.393558	0.000000	0.000000
425.340000	0.538567	-1.139584	1.393556	0.000000	0.000000
425.350000	0.538568	-1.139583	1.393554	0.000000	0.000000
425.360000	0.538570	-1.139586	1.393553	0.000000	0.000000
425.370000	0.538574	-1.139590	1.393551	0.000000	0.000000
425.380000	0.538576	-1.139595	1.393549	0.000000	0.000000
425.390000	0.538577	-1.139599	1.393548	0.000000	0.000000
425.400000	0.538579	-1.139602	1.393546	0.000000	0.000000
425.410000	0.538581	-1.139606	1.393544	0.000000	0.000000
425.420000	0.538583	-1.139608	1.393542	0.000000	0.000000
425.430000	0.538585	-1.139610	1.393540	0.000000	0.000000
425.440000	0.538585	-1.139610	1.393538	0.000000	0.000000
425.450000	0.538584	-1.139608	1.393536	0.000000	0.000000
425.460000	0.538583	-1.139605	1.393533	0.000000	0.000000
425.470000	0.538582	-1.139602	1.393531	0.000000	0.000000
425.480000	0.538581	-1.139599	1.393529	0.000000	0.000000
425.490000	0.538581	-1.139595	1.393526	0.000000	0.000000
425.500000	0.538580	-1.139591	1.393523	0.000000	0.000000
425.510000	0.538578	-1.139587	1.393520	0.000000	0.000000
425.520000	0.538577	-1.139582	1.393517	0.000000	0.000000
425.530000	0.538575	-1.139577	1.393514	0.000000	0.000000
425.540000	0.538574	-1.139572	1.393511	0.000000	0.000000
425.550000	0.538573	-1.139570	1.393508	0.000000	0.000000
425.560000	0.538574	-1.139572	1.393505	0.000000	0.000000
425.570000	0.538575	-1.139578	1.393502	0.000000	0.000000
425.580000	0.538578	-1.139589	1.393499	0.000000	0.000000
425.590000	0.538582	-1.139602	1.393496	0.000000	0.000000
425.600000	0.538587	-1.139616	1.393492	0.000000	0.000000
425.610000	0.538593	-1.139629	1.393489	0.000000	0.000000
425.620000	0.538597	-1.139639	1.393486	0.000000	0.000000
425.630000	0.538599	-1.139643	1.393483	0.000000	0.000000
425.640000	0.538601	-1.139642	1.393480	0.000000	0.000000
425.650000	0.538602	-1.139639	1.393477	0.000000	0.000000
425.660000	0.538604	-1.139637	1.393474	0.000000	0.000000
425.670000	0.538608	-1.139638	1.393471	0.000000	0.000000
425.680000	0.538612	-1.139640	1.393468	0.000000	0.000000
425.690000	0.538615	-1.139640	1.393465	0.000000	0.000000
425.700000	0.538617	-1.139632	1.393462	0.000000	0.000000
425.710000	0.538619	-1.139624	1.393459	0.000000	0.000000
425.720000	0.538623	-1.139624	1.393456	0.000000	0.000000
425.730000	0.538627	-1.139629	1.393453	0.000000	0.000000
425.740000	0.538631	-1.139634	1.393451	0.000000	0.000000
425.750000	0.538635	-1.139636	1.393448	0.000000	0.000000
425.760000	0.538638	-1.139633	1.393445	0.000000	0.000000
425.770000	0.538639	-1.139627	1.393442	0.000000	0.000000
425.780000	0.538642	-1.139624	1.393439	0.000000	0.000000
425.790000	0.538646	-1.139622	1.393437	0.000000	0.000000
425.800000	0.538651	-1.139621	1.393434	0.000000	0.000000
425.810000	0.538655	-1.139617	1.393431	0.000000	0.000000
425.820000	0.538658	-1.139611	1.393429	0.000000	0.000000
425.830000	0.538661	-1.139604	1.393426	0.000000	0.000000
425.840000	0.538664	-1.139596	1.393424	0.000000	0.000000
425.850000	0.538668	-1.139589	1.393421	0.000000	0.000000
425.860000	0.538672	-1.139582	1.393419	0.000000	0.000000
425.870000	0.538676	-1.139576	1.393416	0.000000	0.000000
425.880000	0.538680	-1.139570	1.393414	0.000000	0.000000
425.890000	0.538685	-1.139566	1.393411	0.000000	0.000000
425.900000	0.538690	-1.139564	1.393409	0.000000	0.000000
425.910000	0.538695	-1.139562	1.393407	0.000000	0.000000
425.920000	0.538700	-1.139560	1.393404	0.000000	0.000000
425.930000	0.538704	-1.139560	1.393402	0.000000	0.000000
425.940000	0.538709	-1.139560	1.393400	0.000000	0.000000
425.950000	0.538712	-1.139559	1.393398	0.000000	0.000000
425.960000	0.538715	-1.139555	1.393396	0.000000	0.000000
425.970000	0.538717	-1.139551	1.393394	0.000000	0.000000
425.980000	0.538720	-1.139547	1.393392	0.000000	0.000000
425.990000	0.538724	-1.139546	1.393390	0.000000	0.000000
426.000000	0.538728	-1.139547	1.393388	0.000000	0.000000
426.010000	0.538732	-1.139551	1.393387	0.000000	0.000000
426.020000	0.538738	-1.139556	1.393385	0.000000	0.000000
426.030000	0.538742	-1.139562	1.393384	0.000000	0.000000
426.040000	0.538748	-1.139569	1.393383	0.000000	0.000000
426.050000	0.538754	-1.139576	1.393382	0.000000	0.000000
426.060000	0.538758	-1.139582	1.393380	0.000000	0.000000
426.070000	0.538762	-1.139586	1.393379	0.000000	0.000000
426.080000	0.538764	-1.139588	1.393378	0.000000	0.000000
426.090000	0.538766	-1.139587	1.393377	0.000000	0.000000
426.100000	0.538766	-1.139582	1.393376	0.000000	0.000000
426.110000	0.538766	-1.139575	1.393375	0.000000	0.000000
426.120000	0.538766	-1.139566	1.393374	0.000000	0.000000
426.130000	0.538766	-1.139557	1.393373	0.000000	0.000000
426.140000	0.538766	-1.139549	1.393373	0.000000	0.000000
426.150000	0.538766	-1.139542	1.393372	0.000000	0.000000
426.160000	0.538766	-1.139539	1.393371	0.000000	0.000000
426.170000	0.538767	-1.139539	1.393370	0.000000	0.000000
426.180000	0.538768	-1.139542	1.393369	0.000000	0.000000
426.190000	0.538771	-1.139547	1.393369	0.000000	0.000000
426.200000	0.538775	-1.139553	1.393368	0.000000	0.000000
426.210000	0.538779	-1.139561	1.393367	0.000000	0.000000
426.220000	0.538782	-1.139569	1.393366	0.000000	0.000000
426.230000	0.538786	-1.139577	1.393365	0.000000	0.000000
426.240000	0.538789	-1.139584	1.393364	0.000000	0.000000
426.250000	0.538792	-1.139586	1.393363	0.000000	0.000000
426.260000	0.538793	-1.139582	1.393362	0.000000	0.000000
426.270000	0.538791	-1.139571	1.393361	0.000000	0.000000
426.280000	0.538790	-1.139559	1.393360	0.000000	0.000000
426.290000	0.538792	-1.139553	1.393359	0.000000	0.000000
426.300000	0.538794	-1.139552	1.393358	0.000000	0.000000
426.310000	0.538798	-1.139551	1.393357	0.000000	0.000000
426.320000	0.538803	-1.139551	1.393356	0.000000	0.000000
426.330000	0.538807	-1.139550	1.393355	0.000000	0.000000
426.340000	0.538811	-1.139549	1.393354	0.000000	0.000000
426.350000	0.538814	-1.139547	1.393353	0.000000	0.000000
426.360000	0.538817	-1.139545	1.393352	0.000000	0.000000
426.370000	0.538820	-1.139543	1.393351	0.000000	0.000000
426.380000	0.538822	-1.139538	1.393349	0.000000	0.000000
426.390000	0.538824	-1.139530	1.393348	0.000000	0.000000
426.400000	0.538824	-1.139520	1.393346	0.000000	0.000000
426.410000	0.538825	-1.139509	1.393345	0.000000	0.000000
426.420000	0.538826	-1.139500	1.393343	0.000000	0.000000
426.430000	0.538829	-1.139496	1.393341	0.000000	0.000000
426.440000	0.538832	-1.139494	1.393339	0.000000	0.000000
426.450000	0.538835	-1.139495	1.393337	0.000000	0.000000
426.460000	0.538838	-1.139496	1.393335	0.000000	0.000000
426.470000	0.538841	-1.139495	1.393332	0.000000	0.000000
426.480000	0.538842	-1.139492	1.393330	0.000000	0.000000
426.490000	0.538844	-1.139488	1.393327	0.000000	0.000000
426.500000	0.538845	-1.139485	1.393325	0.000000	0.000000
426.510000	0.538847	-1.139483	1.393322	0.000000	0.000000
426.520000	0.538849	-1.139483	1.393320	0.000000	0.000000
426.530000	0.538851	-1.139485	1.393317	0.000000	0.000000
426.540000	0.538854	-1.139491	1.393315	0.000000	0.000000
426.550000	0.538858	-1.139501	1.393312	0.000000	0.000000
426.560000	0.538863	-1.139512	1.393310	0.000000	0.000000
426.570000	0.538867	-1.139523	1.393307	0.000000	0.000000
426.580000	0.538870	-1.139530	1.393305	0.000000	0.000000
426.590000	0.538871	-1.139535	1.393303	0.000000	0.000000
426.600000	0.538872	-1.139536	1.393301	0.000000	0.000000
426.610000	0.538872	-1.139534	1.393299	0.000000	0.000000
426.620000	0.538872	-1.139532	1.393297	0.000000	0.000000
426.630000	0.538872	-1.139531	1.393296	0.000000	0.000000
426.640000	0.538873	-1.139530	1.393294	0.000000	0.000000
426.650000	0.538874	-1.139531	1.393292	0.000000	0.000000
426.660000	0.538875	-1.139533	1.393291	0.000000	0.000000
426.670000	0.538876	-1.139536	1.393290	0.000000	0.000000
426.680000	0.538878	-1.139539	1.393288	0.000000	0.000000
426.690000	0.538878	-1.139542	1.393287	0.000000	0.000000
426.700000	0.538877	-1.139544	1.393286	0.000000	0.000000
426.710000	0.538877	-1.139547	1.393285	0.000000	0.000000
426.720000	0.538877	-1.139550	1.393284	0.000000	0.000000
426.730000	0.538877	-1.139554	1.393282	0.000000	0.000000
426.740000	0.538877	-1.139558	1.393281	0.000000	0.000000
426.750000	0.538876	-1.139561	1.393280	0.000000	0.000000
426.760000	0.538875	-1.139563	1.393279	0.000000	0.000000
426.770000	0.538873	-1.139563	1.393278	0.000000	0.000000
426.780000	0.538871	-1.139563	1.393277	0.000000	0.000000
426.790000	0.538870	-1.139565	1.393276	0.000000	0.000000
426.800000	0.538869	-1.139570	1.393274	0.000000	0.000000
426.810000	0.538869	-1.139577	1.393273	0.000000	0.000000
426.820000	0.538869	-1.139584	1.393272	0.000000	0.000000
426.830000	0.538867	-1.139592	1.393271	0.000000	0.000000
426.840000	0.538866	-1.139600	1.393270	0.000000	0.000000
426.850000	0.538865	-1.139609	1.393269	0.000000	0.000000
426.860000	0.538863	-1.139618	1.393268	0.000000	0.000000
426.870000	0.538862	-1.139627	1.393267	0.000000	0.000000
426.880000	0.538862	-1.139637	1.393266	0.000000	0.000000
426.890000	0.538861	-1.139646	1.393265	0.000000	0.000000
426.900000	0.538861	-1.139655	1.393264	0.000000	0.000000
426.910000	0.538860	-1.139664	1.393263	0.000000	0.000000
426.920000	0.538859	-1.139671	1.393262	0.000000	0.000000
426.930000	0.538857	-1.139676	1.393261	0.000000	0.000000
426.940000	0.538855	-1.139678	1.393260	0.000000	0.000000
426.950000	0.538852	-1.139679	1.393259	0.000000	0.000000
426.960000	0.538848	-1.139678	1.393258	0.000000	0.000000
426.970000	0.538844	-1.139675	1.393257	0.000000	0.000000
426.980000	0.538841	-1.139672	1.393256	0.000000	0.000000
426.990000	0.538838	-1.139672	1.393255	0.000000	0.000000
427.000000	0.538838	-1.139674	1.393254	0.000000	0.000000
427.010000	0.538838	-1.139680	1.393253	0.000000	0.000000
427.020000	0.538839	-1.139689	1.393252	0.000000	0.000000
427.030000	0.538841	-1.139697	1.393251	0.000000	0.000000
427.040000	0.538841	-1.139703	1.393250	0.000000	0.000000
427.050000	0.538840	-1.139708	1.393249	0.000000	0.000000
427.060000	0.538838	-1.139710	1.393248	0.000000	0.000000
427.070000	0.538837	-1.139713	1.393247	0.000000	0.000000
427.080000	0.538836	-1.139715	1.393246	0.000000	0.000000
427.090000	0.538834	-1.139717	1.393244	0.000000	0.000000
427.100000	0.538832	-1.139717	1.393243	0.000000	0.000000
427.110000	0.538829	-1.139716	1.393242	0.000000	0.000000
427.120000	0.538828	-1.139718	1.393241	0.000000	0.000000
427.130000	0.538828	-1.139723	1.393240	0.000000	0.000000
427.140000	0.538828	-1.139730	1.393239	0.000000	0.000000
427.150000	0.538827	-1.139736	1.393238	0.000000	0.000000
427.160000	0.538827	-1.139743	1.393237	0.000000	0.000000
427.170000	0.538825	-1.139749	1.393236	0.000000	0.000000
427.180000	0.538823	-1.139755	1.393235	0.000000	0.000000
427.190000	0.538820	-1.139759	1.393234	0.000000	0.000000
427.200000	0.538816	-1.139761	1.393233	0.000000	0.000000
427.210000	0.538811	-1.139761	1.393232	0.000000	0.000000
427.220000	0.538806	-1.139759	1.393231	0.000000	0.000000
427.230000	0.538801	-1.139756	1.393230	0.000000	0.000000
427.240000	0.538796	-1.139755	1.393230	0.000000	0.000000
427.250000	0.538792	-1.139755	1.393229	0.000000	0.000000
427.260000	0.538788	-1.139758	1.393228	0.000000	0.000000
427.270000	0.538786	-1.139764	1.393227	0.000000	0.000000
427.280000	0.538785	-1.139772	1.393227	0.000000	0.000000
427.290000	0.538785	-1.139782	1.393226	0.000000	0.000000
427.300000	0.538785	-1.139794	1.393226	0.000000	0.000000
427.310000	0.538786	-1.139807	1.393225	0.000000	0.000000
427.320000	0.538787	-1.139819	1.393224	0.000000	0.000000
427.330000	0.538788	-1.139831	1.393224	0.000000	0.000000
427.340000	0.538790	-1.139841	1.393223	0.000000	0.000000
427.350000	0.538791	-1.139849	1.393223	0.000000	0.000000
427.360000	0.538792	-1.139855	1.393222	0.000000	0.000000
427.370000	0.538792	-1.139858	1.393222	0.000000	0.000000
427.380000	0.538792	-1.139862	1.393221	0.000000	0.000000
427.390000	0.538792	-1.139866	1.393221	0.000000	0.000000
427.400000	0.538792	-1.139872	1.393221	0.000000	0.000000
427.410000	0.538793	-1.139878	1.393221	0.000000	0.000000
427.420000	0.538793	-1.139884	1.393221	0.000000	0.000000
427.430000	0.538793	-1.139890	1.393221	0.000000	0.000000
427.440000	0.538793	-1.139896	1.393221	0.000000	0.000000
427.450000	0.538793	-1.139903	1.393221	0.000000	0.000000
427.460000	0.538795	-1.139910	1.393220	0.000000	0.000000
427.470000	0.538795	-1.139915	1.393220	0.000000	0.000000
427.480000	0.538795	-1.139918	1.393220	0.000000	0.000000
427.490000	0.538792	-1.139917	1.393220	0.000000	0.000000
427.500000	0.538788	-1.139910	1.393220	0.000000	0.000000
427.510000	0.538784	-1.139901	1.393219	0.000000	0.000000
427.520000	0.538780	-1.139893	1.393219	0.000000	0.000000
427.530000	0.538779	-1.139893	1.393219	0.000000	0.000000
427.540000	0.538779	-1.139899	1.393218	0.000000	0.000000
427.550000	0.538781	-1.139910	1.393218	0.000000	0.000000
427.560000	0.538785	-1.139922	1.393217	0.000000	0.000000
427.570000	0.538788	-1.139936	1.393217	0.000000	0.000000
427.580000	0.538790	-1.139948	1.393217	0.000000	0.000000
427.590000	0.538791	-1.139960	1.393216	0.000000	0.000000
427.600000	0.538792	-1.139970	1.393216	0.000000	0.000000
427.610000	0.538792	-1.139976	1.393216	0.000000	0.000000
427.620000	0.538790	-1.139979	1.393215	0.000000	0.000000
427.630000	0.538789	-1.139981	1.393215	0.000000	0.000000
427.640000	0.538787	-1.139982	1.393215	0.000000	0.000000
427.650000	0.538786	-1.139986	1.393214	0.000000	0.000000
427.660000	0.538784	-1.139991	1.393214	0.000000	0.000000
427.670000	0.538783	-1.139997	1.393214	0.000000	0.000000
427.680000	0.538782	-1.140004	1.393213	0.000000	0.000000
427.690000	0.538782	-1.140013	1.393213	0.000000	0.000000
427.700000	0.538782	-1.140022	1.393213	0.000000	0.000000
427.710000	0.538782	-1.140034	1.393212	0.000000	0.000000
427.720000	0.538783	-1.140048	1.393212	0.000000	0.000000
427.730000	0.538785	-1.140062	1.393212	0.000000	0.000000
427.740000	0.538787	-1.140074	1.393211	0.000000	0.000000
427.750000	0.538787	-1.140084	1.393211	0.000000	0.000000
427.760000	0.538787	-1.140091	1.393210	0.000000	0.000000
427.770000	0.538787	-1.140097	1.393210	0.000000	0.000000
427.780000	0.538785	-1.140099	1.393210	0.000000	0.000000
427.790000	0.538782	-1.140099	1.393209	0.000000	0.000000
427.800000	0.538779	-1.140098	1.393209	0.000000	0.000000
427.810000	0.538776	-1.140097	1.393208	0.000000	0.000000
427.820000	0.538773	-1.140097	1.393208	0.000000	0.000000
427.830000	0.538770	-1.140099	1.393208	0.000000	0.000000
427.840000	0.538767	-1.140101	1.393207	0.000000	0.000000
427.850000	0.538765	-1.140105	1.393207	0.000000	0.000000
427.860000	0.538762	-1.140111	1.393206	0.000000	0.000000
427.870000	0.538761	-1.140119	1.393205	0.000000	0.000000
427.880000	0.538760	-1.140130	1.393205	0.000000	0.000000
427.890000	0.538759	-1.140142	1.393204	0.000000	0.000000
427.900000	0.538757	-1.140155	1.393203	0.000000	0.000000
427.910000	0.538755	-1.140167	1.393202	0.000000	0.000000
427.920000	0.538753	-1.140178	1.393201	0.000000	0.000000
427.930000	0.538751	-1.140189	1.393200	0.000000	0.000000
427.940000	0.538749	-1.140198	1.393199	0.000000	0.000000
427.950000	0.538747	-1.140205	1.393198	0.000000	0.000000
427.960000	0.538746	-1.140211	1.393196	0.000000	0.000000
427.970000	0.538745	-1.140217	1.393195	0.000000	0.000000
427.980000	0.538744	-1.140226	1.393194	0.000000	0.000000
427.990000	0.538745	-1.140238	1.393192	0.000000	0.000000
428.000000	0.538745	-1.140251	1.393191	0.000000	0.000000
428.010000	0.538746	-1.140266	1.393189	0.000000	0.000000
428.020000	0.538748	-1.140282	1.393188	0.000000	0.000000
428.030000	0.538752	-1.140299	1.393186	0.000000	0.000000
428.040000	0.538755	-1.140314	1.393185	0.000000	0.000000
428.050000	0.538759	-1.140329	1.393183	0.000000	0.000000
428.060000	0.538762	-1.140341	1.393182	0.000000	0.000000
428.070000	0.538765	-1.140349	1.393180	0.000000	0.000000
428.080000	0.538766	-1.140352	1.393179	0.000000	0.000000
428.090000	0.538766	-1.140350	1.393178	0.000000	0.000000
428.100000	0.538766	-1.140347	1.393176	0.000000	0.000000
428.110000	0.538765	-1.140345	1.393175	0.000000	0.000000
428.120000	0.538765	-1.140342	1.393173	0.000000	0.000000
428.130000	0.538765	-1.140339	1.393172	0.000000	0.000000
428.140000	0.538764	-1.140337	1.393171	0.000000	0.000000
428.150000	0.538764	-1.140335	1.393169	0.000000	0.000000
428.160000	0.538764	-1.140334	1.393167	0.000000	0.000000
428.170000	0.538766	-1.140335	1.393166	0.000000	0.000000
428.180000	0.538767	-1.140339	1.393164	0.000000	0.000000
428.190000	0.538769	-1.140344	1.393162	0.000000	0.000000
428.200000	0.538771	-1.140350	1.393160	0.000000	0.000000
428.210000	0.538772	-1.140355	1.393158	0.000000	0.000000
428.220000	0.538772	-1.140357	1.393156	0.000000	0.000000
428.230000	0.538771	-1.140359	1.393154	0.000000	0.000000
428.240000	0.538772	-1.140363	1.393151	0.000000	0.000000
428.250000	0.538775	-1.140372	1.393149	0.000000	0.000000
428.260000	0.538780	-1.140385	1.393146	0.000000	0.000000
428.270000	0.538785	-1.140399	1.393144	0.000000	0.000000
428.280000	0.538789	-1.140412	1.393141	0.000000	0.000000
428.290000	0.538793	-1.140424	1.393138	0.000000	0.000000
428.300000	0.538798	-1.140436	1.393136	0.000000	0.000000
428.310000	0.538804	-1.140451	1.393133	0.000000	0.000000
428.320000	0.538811	-1.140469	1.393130	0.000000	0.000000
428.330000	0.538818	-1.140487	1.393127	0.000000	0.000000
428.340000	0.538824	-1.140503	1.393125	0.000000	0.000000
428.350000	0.538830	-1.140514	1.393122	0.000000	0.000000
428.360000	0.538833	-1.140520	1.393119	0.000000	0.000000
428.370000	0.538834	-1.140518	1.393116	0.000000	0.000000
428.380000	0.538834	-1.140512	1.393113	0.000000	0.000000
428.390000	0.538832	-1.140503	1.393111	0.000000	0.000000
428.400000	0.538831	-1.140496	1.393108	0.000000	0.000000
428.410000	0.538829	-1.140490	1.393105	0.000000	0.000000
428.420000	0.538829	-1.140486	1.393102	0.000000	0.000000
428.430000	0.538829	-1.140482	1.393099	0.000000	0.000000
428.440000	0.538828	-1.140478	1.393097	0.000000	0.000000
428.450000	0.538827	-1.140472	1.393094	0.000000	0.000000
428.460000	0.538827	-1.140466	1.393091	0.000000	0.000000
428.470000	0.538827	-1.140463	1.393088	0.000000	0.000000
428.480000	0.538828	-1.140465	1.393085	0.000000	0.000000
428.490000	0.538829	-1.140471	1.393082	0.000000	0.000000
428.500000	0.538833	-1.140479	1.393079	0.000000	0.000000
428.510000	0.538836	-1.140487	1.393076	0.000000	0.000000
428.520000	0.538838	-1.140494	1.393074	0.000000	0.000000
428.530000	0.538840	-1.140498	1.393071	0.000000	0.000000
428.540000	0.538841	-1.140501	1.393068	0.000000	0.000000
428.550000	0.538842	-1.140506	1.393065	0.000000	0.000000
428.560000	0.538843	-1.140514	1.393063	0.000000	0.000000
428.570000	0.538845	-1.140523	1.393060	0.000000	0.000000
428.580000	0.538846	-1.140533	1.393058	0.000000	0.000000
428.590000	0.538847	-1.140543	1.393055	0.000000	0.000000
428.600000	0.538848	-1.140553	1.393053	0.000000	0.000000
428.610000	0.538850	-1.140563	1.393051	0.000000	0.000000
428.620000	0.538850	-1.140575	1.393049	0.000000	0.000000
428.630000	0.538850	-1.140586	1.393047	0.000000	0.000000
428.640000	0.538850	-1.140597	1.393046	0.000000	0.000000
428.650000	0.538849	-1.140606	1.393044	0.000000	0.000000
428.660000	0.538848	-1.140612	1.393043	0.000000	0.000000
428.670000	0.538846	-1.140614	1.393042	0.000000	0.000000
428.680000	0.538843	-1.140613	1.393040	0.000000	0.000000
428.690000	0.538841	-1.140614	1.393039	0.000000	0.000000
428.700000	0.538841	-1.140618	1.393038	0.000000	0.000000
428.710000	0.538841	-1.140624	1.393038	0.000000	0.000000
428.720000	0.538843	-1.140632	1.393037	0.000000	0.000000
428.730000	0.538844	-1.140642	1.393036	0.000000	0.000000
428.740000	0.538846	-1.140651	1.393036	0.000000	0.000000
428.750000	0.538847	-1.140659	1.393035	0.000000	0.000000
428.760000	0.538847	-1.140666	1.393035	0.000000	0.000000
428.770000	0.538847	-1.140670	1.393034	0.000000	0.000000
428.780000	0.538844	-1.140672	1.393034	0.000000	0.000000
428.790000	0.538841	-1.140671	1.393034	0.000000	0.000000
428.800000	0.538837	-1.140667	1.393033	0.000000	0.000000
428.810000	0.538833	-1.140662	1.393033	0.000000	0.000000
428.820000	0.538828	-1.140657	1.393032	0.000000	0.000000
428.830000	0.538824	-1.140655	1.393032	0.000000	0.000000
428.840000	0.538822	-1.140658	1.393032	0.000000	0.000000
428.850000	0.538822	-1.140665	1.393031	0.000000	0.000000
428.860000	0.538822	-1.140675	1.393031	0.000000	0.000000
428.870000	0.538823	-1.140688	1.393031	0.000000	0.000000
428.880000	0.538823	-1.140700	1.393030	0.000000	0.000000
428.890000	0.538823	-1.140710	1.393030	0.000000	0.000000
428.900000	0.538821	-1.140717	1.393030	0.000000	0.000000
428.910000	0.538818	-1.140719	1.393029	0.000000	0.000000
428.920000	0.538814	-1.140719	1.393029	0.000000	0.000000
428.930000	0.538810	-1.140720	1.393029	0.000000	0.000000
428.940000	0.538808	-1.140724	1.393029	0.000000	0.000000
428.950000	0.538806	-1.140733	1.393029	0.000000	0.000000
428.960000	0.538805	-1.140743	1.393029	0.000000	0.000000
428.970000	0.538804	-1.140756	1.393030	0.000000	0.000000
428.980000	0.538803	-1.140768	1.393030	0.000000	0.000000
428.990000	0.538801	-1.140779	1.393030	0.000000	0.000000
429.000000	0.538800	-1.140789	1.393031	0.000000	0.000000
429.010000	0.538798	-1.140798	1.393031	0.000000	0.000000
429.020000	0.538796	-1.140805	1.393032	0.000000	0.000000
429.030000	0.538792	-1.140811	1.393032	0.000000	0.000000
429.040000	0.538789	-1.140815	1.393033	0.000000	0.000000
429.050000	0.538785	-1.140818	1.393034	0.000000	0.000000
429.060000	0.538782	-1.140819	1.393034	0.000000	0.000000
429.070000	0.538777	-1.140819	1.393035	0.000000	0.000000
429.080000	0.538773	-1.140818	1.393036	0.000000	0.000000
429.090000	0.538769	-1.140817	1.393036	0.000000	0.000000
429.100000	0.538765	-1.140815	1.393037	0.000000	0.000000
429.110000	0.538761	-1.140812	1.393038	0.000000	0.000000
429.120000	0.538757	-1.140809	1.393038	0.000000	0.000000
429.130000	0.538754	-1.140806	1.393038	0.000000	0.000000
429.140000	0.538753	-1.140804	1.393039	0.000000	0.000000
429.150000	0.538753	-1.140804	1.393039	0.000000	0.000000
429.160000	0.538755	-1.140806	1.393039	0.000000	0.000000
429.170000	0.538757	-1.140808	1.393040	0.000000	0.000000
429.180000	0.538759	-1.140811	1.393040	0.000000	0.000000
429.190000	0.538762	-1.140813	1.393040	0.000000	0.000000
429.200000	0.538764	-1.140812	1.393040	0.000000	0.000000
429.210000	0.538765	-1.140808	1.393040	0.000000	0.000000
429.220000	0.538766	-1.140801	1.393040	0.000000	0.000000
429.230000	0.538768	-1.140795	1.393039	0.000000	0.000000
429.240000	0.538771	-1.140794	1.393039	0.000000	0.000000
429.250000	0.538778	-1.140797	1.393039	0.000000	0.000000
429.260000	0.538784	-1.140803	1.393039	0.000000	0.000000
429.270000	0.538790	-1.140808	1.393038	0.000000	0.000000
429.280000	0.538795	-1.140811	1.393038	0.000000	0.000000
429.290000	0.538799	-1.140812	1.393038	0.000000	0.000000
429.300000	0.538803	-1.140810	1.393038	0.000000	0.000000
429.310000	0.538805	-1.140806	1.393038	0.000000	0.000000
429.320000	0.538808	-1.140802	1.393038	0.000000	0.000000
429.330000	0.538810	-1.140796	1.393038	0.000000	0.000000
429.340000	0.538812	-1.140789	1.393038	0.000000	0.000000
429.350000	0.538813	-1.140782	1.393038	0.000000	0.000000
429.360000	0.538814	-1.140773	1.393039	0.000000	0.000000
429.370000	0.538816	-1.140762	1.393039	0.000000	0.000000
429.380000	0.538818	-1.140749	1.393040	0.000000	0.000000
429.390000	0.538818	-1.140732	1.393041	0.000000	0.000000
429.400000	0.538816	-1.140713	1.393041	0.000000	0.000000
429.410000	0.538815	-1.140693	1.393042	0.000000	0.000000
429.420000	0.538813	-1.140674	1.393043	0.000000	0.000000
429.430000	0.538812	-1.140655	1.393044	0.000000	0.000000
429.440000	0.538812	-1.140640	1.393045	0.000000	0.000000
429.450000	0.538814	-1.140626	1.393046	0.000000	0.000000
429.460000	0.538817	-1.140615	1.393047	0.000000	0.000000
429.470000	0.538820	-1.140605	1.393048	0.000000	0.000000
429.480000	0.538824	-1.140595	1.393050	0.000000	0.000000
429.490000	0.538827	-1.140586	1.393051	0.000000	0.000000
429.500000	0.538829	-1.140578	1.393052	0.000000	0.000000
429.510000	0.538831	-1.140570	1.393053	0.000000	0.000000
429.520000	0.538834	-1.140564	1.393054	0.000000	0.000000
429.530000	0.538835	-1.140558	1.393056	0.000000	0.000000
429.540000	0.538836	-1.140550	1.393057	0.000000	0.000000
429.550000	0.538836	-1.140541	1.393058	0.000000	0.000000
429.560000	0.538836	-1.140531	1.393059	0.000000	0.000000
429.570000	0.538837	-1.140521	1.393060	0.000000	0.000000
429.580000	0.538837	-1.140510	1.393061	0.000000	0.000000
429.590000	0.538837	-1.140500	1.393062	0.000000	0.000000
429.600000	0.538837	-1.140490	1.393062	0.000000	0.000000
429.610000	0.538837	-1.140480	1.393063	0.000000	0.000000
429.620000	0.538838	-1.140472	1.393064	0.000000	0.000000
429.630000	0.538839	-1.140465	1.393064	0.000000	0.000000
429.640000	0.538840	-1.140460	1.393065	0.000000	0.000000
429.650000	0.538842	-1.140457	1.393066	0.000000	0.000000
429.660000	0.538845	-1.140454	1.393066	0.000000	0.000000
429.670000	0.538848	-1.140450	1.393067	0.000000	0.000000
429.680000	0.538851	-1.140445	1.393068	0.000000	0.000000
429.690000	0.538853	-1.140438	1.393068	0.000000	0.000000
429.700000	0.538857	-1.140431	1.393069	0.000000	0.000000
429.710000	0.538861	-1.140426	1.393070	0.000000	0.000000
429.720000	0.538865	-1.140423	1.393070	0.000000	0.000000
429.730000	0.538869	-1.140420	1.393071	0.000000	0.000000
429.740000	0.538873	-1.140417	1.393072	0.000000	0.000000
429.750000	0.538876	-1.140412	1.393072	0.000000	0.000000
429.760000	0.538877	-1.140404	1.393073	0.000000	0.000000
429.770000	0.538878	-1.140396	1.393073	0.000000	0.000000
429.780000	0.538879	-1.140390	1.393074	0.000000	0.000000
429.790000	0.538881	-1.140385	1.393074	0.000000	0.000000
429.800000	0.538883	-1.140382	1.393075	0.000000	0.000000
429.810000	0.538885	-1.140382	1.393075	0.000000	0.000000
429.820000	0.538888	-1.140383	1.393075	0.000000	0.000000
429.830000	0.538892	-1.140386	1.393076	0.000000	0.000000
429.840000	0.538897	-1.140391	1.393076	0.000000	0.000000
429.850000	0.538900	-1.140398	1.393076	0.000000	0.000000
429.860000	0.538904	-1.140405	1.393076	0.000000	0.000000
429.870000	0.538907	-1.140413	1.393077	0.000000	0.000000
429.880000	0.538910	-1.140419	1.393077	0.000000	0.000000
429.890000	0.538911	-1.140425	1.393077	0.000000	0.000000
429.900000	0.538912	-1.140429	1.393077	0.000000	0.000000
429.910000	0.538913	-1.140431	1.393077	0.000000	0.000000
429.920000	0.538913	-1.140433	1.393077	0.000000	0.000000
429.930000	0.538914	-1.140432	1.393077	0.000000	0.000000
429.940000	0.538914	-1.140429	1.393077	0.000000	0.000000
429.950000	0.538914	-1.140425	1.393077	0.000000	0.000000
429.960000	0.538915	-1.140423	1.393077	0.000000	0.000000
429.970000	0.538917	-1.140426	1.393077	0.000000	0.000000
429.980000	0.538920	-1.140434	1.393077	0.000000	0.000000
429.990000	0.538923	-1.140445	1.393077	0.000000	0.000000
430.000000	0.538927	-1.140457	1.393078	0.000000	0.000000
430.010000	0.538931	-1.140466	1.393078	0.000000	0.000000
430.020000	0.538933	-1.140472	1.393078	0.000000	0.000000
430.030000	0.538934	-1.140472	1.393079	0.000000	0.000000
430.040000	0.538933	-1.140469	1.393079	0.000000	0.000000
430.050000	0.538933	-1.140467	1.393079	0.000000	0.000000
430.060000	0.538932	-1.140466	1.393080	0.000000	0.000000
430.070000	0.538932	-1.140467	1.393080	0.000000	0.000000
430.080000	0.538933	-1.140469	1.393080	0.000000	0.000000
430.090000	0.538934	-1.140471	1.393081	0.000000	0.000000
430.100000	0.538935	-1.140473	1.393081	0.000000	0.000000
430.110000	0.538936	-1.140473	1.393082	0.000000	0.000000
430.120000	0.538937	-1.140472	1.393082	0.000000	0.000000
430.130000	0.538936	-1.140470	1.393082	0.000000	0.000000
430.140000	0.538936	-1.140469	1.393083	0.000000	0.000000
430.150000	0.538935	-1.140470	1.393083	0.000000	0.000000
430.160000	0.538935	-1.140473	1.393083	0.000000	0.000000
430.170000	0.538935	-1.140477	1.393083	0.000000	0.000000
430.180000	0.538936	-1.140483	1.393083	0.000000	0.000000
430.190000	0.538938	-1.140489	1.393083	0.000000	0.000000
430.200000	0.538939	-1.140494	1.393083	0.000000	0.000000
430.210000	0.538940	-1.140498	1.393083	0.000000	0.000000
430.220000	0.538942	-1.140501	1.393082	0.000000	0.000000
430.230000	0.538943	-1.140505	1.393082	0.000000	0.000000
430.240000	0.538944	-1.140509	1.393081	0.000000	0.000000
430.250000	0.538945	-1.140514	1.393081	0.000000	0.000000
430.260000	0.538946	-1.140519	1.393080	0.000000	0.000000
430.270000	0.538947	-1.140523	1.393079	0.000000	0.000000
430.280000	0.538949	-1.140527	1.393078	0.000000	0.000000
430.290000	0.538950	-1.140529	1.393077	0.000000	0.000000
430.300000	0.538951	-1.140530	1.393076	0.000000	0.000000
430.310000	0.538954	-1.140533	1.393075	0.000000	0.000000
430.320000	0.538957	-1.140537	1.393074	0.000000	0.000000
430.330000	0.538959	-1.140540	1.393073	0.000000	0.000000
430.340000	0.538961	-1.140540	1.393072	0.000000	0.000000
430.350000	0.538960	-1.140538	1.393071	0.000000	0.000000
430.360000	0.538961	-1.140536	1.393070	0.000000	0.000000
430.370000	0.538962	-1.140536	1.393069	0.000000	0.000000
430.380000	0.538963	-1.140540	1.393068	0.000000	0.000000
430.390000	0.538965	-1.140546	1.393066	0.000000	0.000000
430.400000	0.538968	-1.140553	1.393065	0.000000	0.000000
430.410000	0.538971	-1.140561	1.393064	0.000000	0.000000
430.420000	0.538974	-1.140568	1.393062	0.000000	0.000000
430.430000	0.538977	-1.140573	1.393061	0.000000	0.000000
430.440000	0.538978	-1.140573	1.393059	0.000000	0.000000
430.450000	0.538978	-1.140568	1.393058	0.000000	0.000000
430.460000	0.538976	-1.140558	1.393056	0.000000	0.000000
430.470000	0.538974	-1.140549	1.393055	0.000000	0.000000
430.480000	0.538972	-1.140543	1.393053	0.000000	0.000000
430.490000	0.538973	-1.140542	1.393051	0.000000	0.000000
430.500000	0.538975	-1.140544	1.393049	0.000000	0.000000
430.510000	0.538977	-1.140549	1.393047	0.000000	0.000000
430.520000	0.538981	-1.140554	1.393046	0.000000	0.000000
430.530000	0.538983	-1.140558	1.393044	0.000000	0.000000
430.540000	0.538986	-1.140559	1.393042	0.000000	0.000000
430.550000	0.538987	-1.140558	1.393040	0.000000	0.000000
430.560000	0.538987	-1.140555	1.393038	0.000000	0.000000
430.570000	0.538987	-1.140551	1.393036	0.000000	0.000000
430.580000	0.538986	-1.140545	1.393034	0.000000	0.000000
430.590000	0.538985	-1.140539	1.393032	0.000000	0.000000
430.600000	0.538983	-1.140530	1.393030	0.000000	0.000000
430.610000	0.538980	-1.140519	1.393028	0.000000	0.000000
430.620000	0.538977	-1.140505	1.393026	0.000000	0.000000
430.630000	0.538974	-1.140492	1.393024	0.000000	0.000000
430.640000	0.538971	-1.140480	1.393022	0.000000	0.000000
430.650000	0.538972	-1.140474	1.393019	0.000000	0.000000
430.660000	0.538974	-1.140474	1.393017	0.000000	0.000000
430.670000	0.538978	-1.140479	1.393015	0.000000	0.000000
430.680000	0.538983	-1.140487	1.393012	0.000000	0.000000
430.690000	0.538989	-1.140496	1.393010	0.000000	0.000000
430.700000	0.538995	-1.140504	1.393007	0.000000	0.000000
430.710000	0.539000	-1.140510	1.393004	0.000000	0.000000
430.720000	0.539005	-1.140513	1.393002	0.000000	0.000000
430.730000	0.539008	-1.140512	1.392999	0.000000	0.000000
430.740000	0.539011	-1.140508	1.392996	0.000000	0.000000
430.750000	0.539014	-1.140504	1.392993	0.000000	0.000000
430.760000	0.539018	-1.140503	1.392990	0.000000	0.000000
430.770000	0.539022	-1.140502	1.392987	0.000000	0.000000
430.780000	0.539026	-1.140500	1.392984	0.000000	0.000000
430.790000	0.539030	-1.140497	1.392981	0.000000	0.000000
430.800000	0.539034	-1.140494	1.392978	0.000000	0.000000
430.810000	0.539038	-1.140492	1.392975	0.000000	0.000000
430.820000	0.539042	-1.140492	1.392973	0.000000	0.000000
430.830000	0.539046	-1.140492	1.392970	0.000000	0.000000
430.840000	0.539050	-1.140491	1.392967	0.000000	0.000000
430.850000	0.539054	-1.140489	1.392964	0.000000	0.000000
430.860000	0.539056	-1.140485	1.392961	0.000000	0.000000
430.870000	0.539058	-1.140479	1.392958	0.000000	0.000000
430.880000	0.539060	-1.140474	1.392956	0.000000	0.000000
430.890000	0.539062	-1.140468	1.392953	0.000000	0.000000
430.900000	0.539064	-1.140462	1.392950	0.000000	0.000000
430.910000	0.539065	-1.140456	1.392947	0.000000	0.000000
430.920000	0.539066	-1.140447	1.392945	0.000000	0.000000
430.930000	0.539067	-1.140437	1.392942	0.000000	0.000000
430.940000	0.539068	-1.140427	1.392939	0.000000	0.000000
430.950000	0.539069	-1.140419	1.392936	0.000000	0.000000
430.960000	0.539072	-1.140412	1.392933	0.000000	0.000000
430.970000	0.539075	-1.140405	1.392930	0.000000	0.000000
430.980000	0.539076	-1.140396	1.392927	0.000000	0.000000
430.990000	0.539077	-1.140384	1.392924	0.000000	0.000000
431.000000	0.539076	-1.140370	1.392921	0.000000	0.000000
431.010000	0.539074	-1.140355	1.392918	0.000000	0.000000
431.020000	0.539074	-1.140343	1.392914	0.000000	0.000000
431.030000	0.539075	-1.140335	1.392911	0.000000	0.000000
431.040000	0.539077	-1.140331	1.392907	0.000000	0.000000
431.050000	0.539079	-1.140329	1.392904	0.000000	0.000000
431.060000	0.539081	-1.140329	1.392900	0.000000	0.000000
431.070000	0.539083	-1.140328	1.392896	0.000000	0.000000
431.080000	0.539084	-1.140328	1.392892	0.000000	0.000000
431.090000	0.539086	-1.140331	1.392889	0.000000	0.000000
431.100000	0.539089	-1.140338	1.392885	0.000000	0.000000
431.110000	0.539093	-1.140347	1.392881	0.000000	0.000000
431.120000	0.539097	-1.140355	1.392877	0.000000	0.000000
431.130000	0.539100	-1.140363	1.392872	0.000000	0.000000
431.140000	0.539103	-1.140371	1.392868	0.000000	0.000000
431.150000	0.539105	-1.140380	1.392864	0.000000	0.000000
431.160000	0.539107	-1.140388	1.392860	0.000000	0.000000
431.170000	0.539108	-1.140395	1.392856	0.000000	0.000000
431.180000	0.539109	-1.140399	1.392852	0.000000	0.000000
431.190000	0.539108	-1.140398	1.392848	0.000000	0.000000
431.200000	0.539107	-1.140392	1.392844	0.000000	0.000000
431.210000	0.539105	-1.140383	1.392840	0.000000	0.000000
431.220000	0.539102	-1.140371	1.392837	0.000000	0.000000
431.230000	0.539100	-1.140361	1.392833	0.000000	0.000000
431.240000	0.539099	-1.140356	1.392829	0.000000	0.000000
431.250000	0.539100	-1.140356	1.392826	0.000000	0.000000
431.260000	0.539103	-1.140358	1.392822	0.000000	0.000000
431.270000	0.539105	-1.140359	1.392819	0.000000	0.000000
431.280000	0.539108	-1.140359	1.392816	0.000000	0.000000
431.290000	0.539110	-1.140356	1.392812	0.000000	0.000000
431.300000	0.539109	-1.140348	1.392809	0.000000	0.000000
431.310000	0.539107	-1.140336	1.392806	0.000000	0.000000
431.320000	0.539104	-1.140320	1.392803	0.000000	0.000000
431.330000	0.539099	-1.140301	1.392799	0.000000	0.000000
431.340000	0.539094	-1.140280	1.392796	0.000000	0.000000
431.350000	0.539089	-1.140260	1.392792	0.000000	0.000000
431.360000	0.539084	-1.140244	1.392789	0.000000	0.000000
431.370000	0.539082	-1.140234	1.392785	0.000000	0.000000
431.380000	0.539082	-1.140231	1.392782	0.000000	0.000000
431.390000	0.539084	-1.140234	1.392778	0.000000	0.000000
431.400000	0.539087	-1.140241	1.392774	0.000000	0.000000
431.410000	0.539090	-1.140251	1.392770	0.000000	0.000000
431.420000	0.539095	-1.140262	1.392766	0.000000	0.000000
431.430000	0.539099	-1.140274	1.392761	0.000000	0.000000
431.440000	0.539104	-1.140287	1.392757	0.000000	0.000000
431.450000	0.539108	-1.140299	1.392752	0.000000	0.000000
431.460000	0.539112	-1.140308	1.392748	0.000000	0.000000
431.470000	0.539113	-1.140315	1.392743	0.000000	0.000000
431.480000	0.539112	-1.140315	1.392738	0.000000	0.000000
431.490000	0.539109	-1.140309	1.392733	0.000000	0.000000
431.500000	0.539106	-1.140302	1.392729	0.000000	0.000000
431.510000	0.539106	-1.140302	1.392724	0.000000	0.000000
431.520000	0.539108	-1.140309	1.392719	0.000000	0.000000
431.530000	0.539110	-1.140322	1.392714	0.000000	0.000000
431.540000	0.539113	-1.140337	1.392709	0.000000	0.000000
431.550000	0.539117	-1.140355	1.392704	0.000000	0.000000
431.560000	0.539121	-1.140372	1.392700	0.000000	0.000000
431.570000	0.539125	-1.140388	1.392695	0.000000	0.000000
431.580000	0.539127	-1.140400	1.392690	0.000000	0.000000
431.590000	0.539129	-1.140408	1.392685	0.000000	0.000000
431.600000	0.539130	-1.140410	1.392681	0.000000	0.000000
431.610000	0.539129	-1.140407	1.392676	0.000000	0.000000
431.620000	0.539128	-1.140401	1.392671	0.000000	0.000000
431.630000	0.539126	-1.140396	1.392666	0.000000	0.000000
431.640000	0.539125	-1.140392	1.392662	0.000000	0.000000
431.650000	0.539125	-1.140388	1.392657	0.000000	0.000000
431.660000	0.539124	-1.140383	1.392652	0.000000	0.000000
431.670000	0.539123	-1.140377	1.392648	0.000000	0.000000
431.680000	0.539123	-1.140373	1.392643	0.000000	0.000000
431.690000	0.539122	-1.140372	1.392638	0.000000	0.000000
431.700000	0.539123	-1.140374	1.392634	0.000000	0.000000
431.710000	0.539124	-1.140379	1.392629	0.000000	0.000000
431.720000	0.539126	-1.140385	1.392624	0.000000	0.000000
431.730000	0.539127	-1.140395	1.392620	0.000000	0.000000
431.740000	0.539128	-1.140408	1.392615	0.000000	0.000000
431.750000	0.539131	-1.140424	1.392610	0.000000	0.000000
431.760000	0.539135	-1.140442	1.392605	0.000000	0.000000
431.770000	0.539139	-1.140462	1.392601	0.000000	0.000000
431.780000	0.539143	-1.140483	1.392596	0.000000	0.000000
431.790000	0.539147	-1.140503	1.392591	0.000000	0.000000
431.800000	0.539151	-1.140523	1.392586	0.000000	0.000000
431.810000	0.539155	-1.140542	1.392581	0.000000	0.000000
431.820000	0.539160	-1.140563	1.392576	0.000000	0.000000
431.830000	0.539164	-1.140585	1.392571	0.000000	0.000000
431.840000	0.539167	-1.140607	1.392566	0.000000	0.000000
431.850000	0.539171	-1.140629	1.392561	0.000000	0.000000
431.860000	0.539175	-1.140651	1.392556	0.000000	0.000000
431.870000	0.539179	-1.140673	1.392550	0.000000	0.000000
431.880000	0.539182	-1.140695	1.392545	0.000000	0.000000
431.890000	0.539185	-1.140716	1.392540	0.000000	0.000000
431.900000	0.539187	-1.140733	1.392535	0.000000	0.000000
431.910000	0.539186	-1.140745	1.392530	0.000000	0.000000
431.920000	0.539186	-1.140754	1.392524	0.000000	0.000000
431.930000	0.539187	-1.140765	1.392519	0.000000	0.000000
431.940000	0.539188	-1.140777	1.392514	0.000000	0.000000
431.950000	0.539189	-1.140789	1.392509	0.000000	0.000000
431.960000	0.539189	-1.140803	1.392504	0.000000	0.000000
431.970000	0.539190	-1.140818	1.392499	0.000000	0.000000
431.980000	0.539192	-1.140833	1.392495	0.000000	0.000000
431.990000	0.539194	-1.140849	1.392490	0.000000	0.000000
432.000000	0.539197	-1.140867	1.392485	0.000000	0.000000
432.010000	0.539200	-1.140886	1.392480	0.000000	0.000000
432.020000	0.539204	-1.140908	1.392475	0.000000	0.000000
432.030000	0.539208	-1.140931	1.392470	0.000000	0.000000
432.040000	0.539212	-1.140955	1.392466	0.000000	0.000000
432.050000	0.539217	-1.140980	1.392461	0.000000	0.000000
432.060000	0.539222	-1.141007	1.392456	0.000000	0.000000
432.070000	0.539227	-1.141033	1.392451	0.000000	0.000000
432.080000	0.539232	-1.141057	1.392447	0.000000	0.000000
432.090000	0.539235	-1.141079	1.392442	0.000000	0.000000
432.100000	0.539236	-1.141095	1.392437	0.000000	0.000000
432.110000	0.539237	-1.141108	1.392432	0.000000	0.000000
432.120000	0.539238	-1.141124	1.392427	0.000000	0.000000
432.130000	0.539241	-1.141146	1.392423	0.000000	0.000000
432.140000	0.539245	-1.141171	1.392418	0.000000	0.000000
432.150000	0.539249	-1.141195	1.392414	0.000000	0.000000
432.160000	0.539253	-1.141217	1.392409	0.000000	0.000000
432.170000	0.539256	-1.141238	1.392405	0.000000	0.000000
432.180000	0.539259	-1.141257	1.392401	0.000000	0.000000
432.190000	0.539261	-1.141276	1.392397	0.000000	0.000000
432.200000	0.539263	-1.141293	1.392393	0.000000	0.000000
432.210000	0.539265	-1.141309	1.392389	0.000000	0.000000
432.220000	0.539266	-1.141324	1.392385	0.000000	0.000000
432.230000	0.539267	-1.141337	1.392381	0.000000	0.000000
432.240000	0.539268	-1.141348	1.392377	0.000000	0.000000
432.250000	0.539267	-1.141358	1.392373	0.000000	0.000000
432.260000	0.539266	-1.141367	1.392369	0.000000	0.000000
432.270000	0.539264	-1.141374	1.392365	0.000000	0.000000
432.280000	0.539261	-1.141381	1.392361	0.000000	0.000000
432.290000	0.539258	-1.141388	1.392357	0.000000	0.000000
432.300000	0.539256	-1.141396	1.392353	0.000000	0.000000
432.310000	0.539254	-1.141404	1.392349	0.000000	0.000000
432.320000	0.539251	-1.141414	1.392345	0.000000	0.000000
432.330000	0.539249	-1.141426	1.392341	0.000000	0.000000
432.340000	0.539248	-1.141442	1.392337	0.000000	0.000000
432.350000	0.539248	-1.141460	1.392334	0.000000	0.000000
432.360000	0.539249	-1.141480	1.392330	0.000000	0.000000
432.370000	0.539250	-1.141501	1.392326	0.000000	0.000000
432.380000	0.539251	-1.141523	1.392322	0.000000	0.000000
432.390000	0.539252	-1.141543	1.392319	0.000000	0.000000
432.400000	0.539252	-1.141561	1.392315	0.000000	0.000000
432.410000	0.539251	-1.141576	1.392311	0.000000	0.000000
432.420000	0.539250	-1.141590	1.392308	0.000000	0.000000
432.430000	0.539247	-1.141603	1.392304	0.000000	0.000000
432.440000	0.539245	-1.141616	1.392301	0.000000	0.000000
432.450000	0.539244	-1.141630	1.392297	0.000000	0.000000
432.460000	0.539242	-1.141645	1.392294	0.000000	0.000000
432.470000	0.539241	-1.141660	1.392290	0.000000	0.000000
432.480000	0.539239	-1.141675	1.392287	0.000000	0.000000
432.490000	0.539237	-1.141689	1.392283	0.000000	0.000000
432.500000	0.539235	-1.141702	1.392280	0.000000	0.000000
432.510000	0.539233	-1.141715	1.392276	0.000000	0.000000
432.520000	0.539230	-1.141726	1.392273	0.000000	0.000000
432.530000	0.539227	-1.141737	1.392269	0.000000	0.000000
432.540000	0.539225	-1.141748	1.392265	0.000000	0.000000
432.550000	0.539223	-1.141759	1.392262	0.000000	0.000000
432.560000	0.539221	-1.141771	1.392258	0.000000	0.000000
432.570000	0.539219	-1.141784	1.392254	0.000000	0.000000
432.580000	0.539218	-1.141799	1.392250	0.000000	0.000000
432.590000	0.539217	-1.141816	1.392246	0.000000	0.000000
432.600000	0.539218	-1.141833	1.392242	0.000000	0.000000
432.610000	0.539218	-1.141851	1.392238	0.000000	0.000000
432.620000	0.539217	-1.141868	1.392234	0.000000	0.000000
432.630000	0.539217	-1.141885	1.392230	0.000000	0.000000
432.640000	0.539216	-1.141901	1.392226	0.000000	0.000000
432.650000	0.539215	-1.141917	1.392222	0.000000	0.000000
432.660000	0.539213	-1.141931	1.392218	0.000000	0.000000
432.670000	0.539210	-1.141945	1.392215	0.000000	0.000000
432.680000	0.539209	-1.141959	1.392211	0.000000	0.000000
432.690000	0.539207	-1.141975	1.392207	0.000000	0.000000
432.700000	0.539207	-1.141991	1.392204	0.000000	0.000000
432.710000	0.539206	-1.142008	1.392200	0.000000	0.000000
432.720000	0.539207	-1.142025	1.392197	0.000000	0.000000
432.730000	0.539207	-1.142042	1.392194	0.000000	0.000000
432.740000	0.539206	-1.142058	1.392191	0.000000	0.000000
432.750000	0.539205	-1.142072	1.392188	0.000000	0.000000
432.760000	0.539204	-1.142084	1.392185	0.000000	0.000000
432.770000	0.539202	-1.142094	1.392182	0.000000	0.000000
432.780000	0.539199	-1.142102	1.392179	0.000000	0.000000
432.790000	0.539196	-1.142109	1.392176	0.000000	0.000000
432.800000	0.539193	-1.142114	1.392173	0.000000	0.000000
432.810000	0.539190	-1.142119	1.392170	0.000000	0.000000
432.820000	0.539186	-1.142124	1.392167	0.000000	0.000000
432.830000	0.539183	-1.142129	1.392165	0.000000	0.000000
432.840000	0.539181	-1.142134	1.392162	0.000000	0.000000
432.850000	0.539178	-1.142139	1.392159	0.000000	0.000000
432.860000	0.539176	-1.142145	1.392156	0.000000	0.000000
432.870000	0.539175	-1.142152	1.392153	0.000000	0.000000
432.880000	0.539174	-1.142160	1.392150	0.000000	0.000000
432.890000	0.539172	-1.142168	1.392147	0.000000	0.000000
432.900000	0.539171	-1.142177	1.392144	0.000000	0.000000
432.910000	0.539170	-1.142185	1.392141	0.000000	0.000000
432.920000	0.539168	-1.142193	1.392138	0.000000	0.000000
432.930000	0.539168	-1.142201	1.392135	0.000000	0.000000
432.940000	0.539168	-1.142209	1.392132	0.000000	0.000000
432.950000	0.539169	-1.142219	1.392129	0.000000	0.000000
432.960000	0.539170	-1.142229	1.392126	0.000000	0.000000
432.970000	0.539170	-1.142240	1.392122	0.000000	0.000000
432.980000	0.539170	-1.142252	1.392119	0.000000	0.000000
432.990000	0.539169	-1.142263	1.392116	0.000000	0.000000
433.000000	0.539167	-1.142274	1.392112	0.000000	0.000000
433.010000	0.539166	-1.142285	1.392109	0.000000	0.000000
433.020000	0.539165	-1.142295	1.392105	0.000000	0.000000
433.030000	0.539164	-1.142306	1.392102	0.000000	0.000000
433.040000	0.539163	-1.142319	1.392098	0.000000	0.000000
433.050000	0.539164	-1.142333	1.392095	0.000000	0.000000
433.060000	0.539164	-1.142349	1.392091	0.000000	0.000000
433.070000	0.539164	-1.142366	1.392087	0.000000	0.000000
433.080000	0.539163	-1.142383	1.392083	0.000000	0.000000
433.090000	0.539162	-1.142398	1.392079	0.000000	0.000000
433.100000	0.539160	-1.142412	1.392075	0.000000	0.000000
433.110000	0.539157	-1.142423	1.392071	0.000000	0.000000
433.120000	0.539154	-1.142432	1.392067	0.000000	0.000000
433.130000	0.539149	-1.142440	1.392063	0.000000	0.000000
433.140000	0.539144	-1.142445	1.392058	0.000000	0.000000
433.150000	0.539139	-1.142450	1.392054	0.000000	0.000000
433.160000	0.539134	-1.142455	1.392050	0.000000	0.000000
433.170000	0.539130	-1.142462	1.392045	0.000000	0.000000
433.180000	0.539126	-1.142471	1.392041	0.000000	0.000000
433.190000	0.539124	-1.142482	1.392036	0.000000	0.000000
433.200000	0.539122	-1.142495	1.392032	0.000000	0.000000
433.210000	0.539120	-1.142507	1.392027	0.000000	0.000000
433.220000	0.539118	-1.142520	1.392023	0.000000	0.000000
433.230000	0.539116	-1.142532	1.392018	0.000000	0.000000
433.240000	0.539114	-1.142545	1.392014	0.000000	0.000000
433.250000	0.539113	-1.142558	1.392009	0.000000	0.000000
433.260000	0.539112	-1.142573	1.392004	0.000000	0.000000
433.270000	0.539111	-1.142588	1.391999	0.000000	0.000000
433.280000	0.539111	-1.142605	1.391994	0.000000	0.000000
433.290000	0.539110	-1.142622	1.391989	0.000000	0.000000
433.300000	0.539110	-1.142639	1.391984	0.000000	0.000000
433.310000	0.539109	-1.142656	1.391979	0.000000	0.000000
433.320000	0.539108	-1.142671	1.391974	0.000000	0.000000
433.330000	0.539107	-1.142683	1.391968	0.000000	0.000000
433.340000	0.539104	-1.142692	1.391963	0.000000	0.000000
433.350000	0.539101	-1.142699	1.391958	0.000000	0.000000
433.360000	0.539097	-1.142702	1.391952	0.000000	0.000000
433.370000	0.539092	-1.142705	1.391946	0.000000	0.000000
433.380000	0.539088	-1.142710	1.391941	0.000000	0.000000
433.390000	0.539085	-1.142719	1.391935	0.000000	0.000000
433.400000	0.539084	-1.142731	1.391930	0.000000	0.000000
433.410000	0.539084	-1.142747	1.391924	0.000000	0.000000
433.420000	0.539084	-1.142766	1.391919	0.000000	0.000000
433.430000	0.539085	-1.142785	1.391913	0.000000	0.000000
433.440000	0.539086	-1.142805	1.391908	0.000000	0.000000
433.450000	0.539087	-1.142824	1.391902	0.000000	0.000000
433.460000	0.539088	-1.142843	1.391897	0.000000	0.000000
433.470000	0.539089	-1.142861	1.391891	0.000000	0.000000
433.480000	0.539090	-1.142878	1.391886	0.000000	0.000000
433.490000	0.539091	-1.142895	1.391880	0.000000	0.000000
433.500000	0.539092	-1.142909	1.391875	0.000000	0.000000
433.510000	0.539093	-1.142921	1.391869	0.000000	0.000000
433.520000	0.539092	-1.142930	1.391864	0.000000	0.000000
433.530000	0.539091	-1.142935	1.391858	0.000000	0.000000
433.540000	0.539088	-1.142937	1.391853	0.000000	0.000000
433.550000	0.539084	-1.142938	1.391847	0.000000	0.000000
433.560000	0.539081	-1.142940	1.391842	0.000000	0.000000
433.570000	0.539078	-1.142944	1.391836	0.000000	0.000000
433.580000	0.539076	-1.142948	1.391831	0.000000	0.000000
433.590000	0.539075	-1.142955	1.391825	0.000000	0.000000
433.600000	0.539075	-1.142964	1.391819	0.000000	0.000000
433.610000	0.539074	-1.142973	1.391813	0.000000	0.000000
433.620000	0.539074	-1.142985	1.391808	0.000000	0.000000
433.630000	0.539076	-1.143000	1.391802	0.000000	0.000000
433.640000	0.539078	-1.143018	1.391796	0.000000	0.000000
433.650000	0.539080	-1.143037	1.391790	0.000000	0.000000
433.660000	0.539082	-1.143053	1.391783	0.000000	0.000000
433.670000	0.539083	-1.143065	1.391777	0.000000	0.000000
433.680000	0.539081	-1.143073	1.391771	0.000000	0.000000
433.690000	0.539080	-1.143080	1.391765	0.000000	0.000000
433.700000	0.539078	-1.143088	1.391759	0.000000	0.000000
433.710000	0.539078	-1.143101	1.391753	0.000000	0.000000
433.720000	0.539080	-1.143118	1.391747	0.000000	0.000000
433.730000	0.539081	-1.143136	1.391742	0.000000	0.000000
433.740000	0.539083	-1.143153	1.391736	0.000000	0.000000
433.750000	0.539084	-1.143169	1.391731	0.000000	0.000000
433.760000	0.539085	-1.143184	1.391725	0.000000	0.000000
433.770000	0.539086	-1.143198	1.391720	0.000000	0.000000
433.780000	0.539086	-1.143211	1.391715	0.000000	0.000000
433.790000	0.539086	-1.143223	1.391710	0.000000	0.000000
433.800000	0.539087	-1.143234	1.391705	0.000000	0.000000
433.810000	0.539087	-1.143242	1.391700	0.000000	0.000000
433.820000	0.539086	-1.143248	1.391695	0.000000	0.000000
433.830000	0.539086	-1.143252	1.391691	0.000000	0.000000
433.840000	0.539084	-1.143254	1.391686	0.000000	0.000000
433.850000	0.539082	-1.143254	1.391681	0.000000	0.000000
433.860000	0.539080	-1.143255	1.391677	0.000000	0.000000
433.870000	0.539078	-1.143256	1.391672	0.000000	0.000000
433.880000	0.539077	-1.143259	1.391667	0.000000	0.000000
433.890000	0.539076	-1.143261	1.391663	0.000000	0.000000
433.900000	0.539074	-1.143264	1.391658	0.000000	0.000000
433.910000	0.539072	-1.143266	1.391653	0.000000	0.000000
433.920000	0.539069	-1.143268	1.391648	0.000000	0.000000
433.930000	0.539067	-1.143272	1.391643	0.000000	0.000000
433.940000	0.539064	-1.143279	1.391639	0.000000	0.000000
433.950000	0.539062	-1.143289	1.391634	0.000000	0.000000
433.960000	0.539061	-1.143300	1.391629	0.000000	0.000000
433.970000	0.539060	-1.143314	1.391624	0.000000	0.000000
433.980000	0.539060	-1.143329	1.391619	0.000000	0.000000
433.990000	0.539060	-1.143344	1.391614	0.000000	0.000000
434.000000	0.539059	-1.143357	1.391609	0.000000	0.000000
434.010000	0.539058	-1.143368	1.391604	0.000000	0.000000
434.020000	0.539057	-1.143376	1.391599	0.000000	0.000000
434.030000	0.539055	-1.143384	1.391594	0.000000	0.000000
434.040000	0.539054	-1.143391	1.391589	0.000000	0.000000
434.050000	0.539054	-1.143399	1.391584	0.000000	0.000000
434.060000	0.539054	-1.143405	1.391579	0.000000	0.000000
434.070000	0.539053	-1.143410	1.391575	0.000000	0.000000
434.080000	0.539051	-1.143412	1.391570	0.000000	0.000000
434.090000	0.539050	-1.143413	1.391566	0.000000	0.000000
434.100000	0.539048	-1.143416	1.391561	0.000000	0.000000
434.110000	0.539047	-1.143421	1.391556	0.000000	0.000000
434.120000	0.539046	-1.143427	1.391552	0.000000	0.000000
434.130000	0.539045	-1.143433	1.391548	0.000000	0.000000
434.140000	0.539044	-1.143439	1.391543	0.000000	0.000000
434.150000	0.539043	-1.143446	1.391539	0.000000	0.000000
434.160000	0.539042	-1.143454	1.391534	0.000000	0.000000
434.170000	0.539042	-1.143463	1.391529	0.000000	0.000000
434.180000	0.539043	-1.143473	1.391525	0.000000	0.000000
434.190000	0.539044	-1.143484	1.391520	0.000000	0.000000
434.200000	0.539046	-1.143494	1.391515	0.000000	0.000000
434.210000	0.539046	-1.143504	1.391510	0.000000	0.000000
434.220000	0.539045	-1.143510	1.391506	0.000000	0.000000
434.230000	0.539044	-1.143515	1.391501	0.000000	0.000000
434.240000	0.539042	-1.143519	1.391496	0.000000	0.000000
434.250000	0.539041	-1.143526	1.391491	0.000000	0.000000
434.260000	0.539041	-1.143535	1.391486	0.000000	0.000000
434.270000	0.539042	-1.143547	1.391482	0.000000	0.000000
434.280000	0.539043	-1.143561	1.391477	0.000000	0.000000
434.290000	0.539046	-1.143576	1.391473	0.000000	0.000000
434.300000	0.539048	-1.143590	1.391468	0.000000	0.000000
434.310000	0.539051	-1.143602	1.391464	0.000000	0.000000
434.320000	0.539052	-1.143611	1.391459	0.000000	0.000000
434.330000	0.539052	-1.143615	1.391455	0.000000	0.000000
434.340000	0.539051	-1.143614	1.391451	0.000000	0.000000
434.350000	0.539048	-1.143608	1.391447	0.000000	0.000000
434.360000	0.539044	-1.143598	1.391443	0.000000	0.000000
434.370000	0.539038	-1.143586	1.391438	0.000000	0.000000
434.380000	0.539033	-1.143576	1.391434	0.000000	0.000000
434.390000	0.539029	-1.143568	1.391430	0.000000	0.000000
434.400000	0.539027	-1.143565	1.391426	0.000000	0.000000
434.410000	0.539026	-1.143567	1.391422	0.000000	0.000000
434.420000	0.539026	-1.143572	1.391418	0.000000	0.000000
434.430000	0.539026	-1.143581	1.391414	0.000000	0.000000
434.440000	0.539028	-1.143591	1.391410	0.000000	0.000000
434.450000	0.539029	-1.143601	1.391406	0.000000	0.000000
434.460000	0.539030	-1.143610	1.391402	0.000000	0.000000
434.470000	0.539030	-1.143616	1.391398	0.000000	0.000000
434.480000	0.539030	-1.143621	1.391393	0.000000	0.000000
434.490000	0.539030	-1.143623	1.391389	0.000000	0.000000
434.500000	0.539029	-1.143624	1.391385	0.000000	0.000000
434.510000	0.539029	-1.143624	1.391380	0.000000	0.000000
434.520000	0.539029	-1.143624	1.391376	0.000000	0.000000
434.530000	0.539029	-1.143627	1.391372	0.000000	0.000000
434.540000	0.539029	-1.143630	1.391367	0.000000	0.000000
434.550000	0.539031	-1.143636	1.391363	0.000000	0.000000
434.560000	0.539033	-1.143643	1.391359	0.000000	0.000000
434.570000	0.539035	-1.143653	1.391355	0.000000	0.000000
434.580000	0.539037	-1.143665	1.391350	0.000000	0.000000
434.590000	0.539042	-1.143679	1.391346	0.000000	0.000000
434.600000	0.539047	-1.143694	1.391342	0.000000	0.000000
434.610000	0.539051	-1.143708	1.391338	0.000000	0.000000
434.620000	0.539055	-1.143721	1.391335	0.000000	0.000000
434.630000	0.539058	-1.143732	1.391331	0.000000	0.000000
434.640000	0.539060	-1.143740	1.391327	0.000000	0.000000
434.650000	0.539061	-1.143745	1.391324	0.000000	0.000000
434.660000	0.539061	-1.143747	1.391320	0.000000	0.000000
434.670000	0.539061	-1.143747	1.391317	0.000000	0.000000
434.680000	0.539060	-1.143747	1.391313	0.000000	0.000000
434.690000	0.539059	-1.143746	1.391310	0.000000	0.000000
434.700000	0.539058	-1.143746	1.391307	0.000000	0.000000
434.710000	0.539058	-1.143748	1.391303	0.000000	0.000000
434.720000	0.539058	-1.143753	1.391300	0.000000	0.000000
434.730000	0.539060	-1.143760	1.391297	0.000000	0.000000
434.740000	0.539060	-1.143768	1.391293	0.000000	0.000000
434.750000	0.539061	-1.143777	1.391290	0.000000	0.000000
434.760000	0.539061	-1.143786	1.391287	0.000000	0.000000
434.770000	0.539061	-1.143795	1.391283	0.000000	0.000000
434.780000	0.539060	-1.143802	1.391280	0.000000	0.000000
434.790000	0.539058	-1.143808	1.391277	0.000000	0.000000
434.800000	0.539056	-1.143813	1.391273	0.000000	0.000000
434.810000	0.539053	-1.143818	1.391270	0.000000	0.000000
434.820000	0.539051	-1.143823	1.391267	0.000000	0.000000
434.830000	0.539049	-1.143828	1.391263	0.000000	0.000000
434.840000	0.539047	-1.143832	1.391260	0.000000	0.000000
434.850000	0.539046	-1.143836	1.391256	0.000000	0.000000
434.860000	0.539044	-1.143842	1.391253	0.000000	0.000000
434.870000	0.539043	-1.143850	1.391250	0.000000	0.000000
434.880000	0.539042	-1.143859	1.391246	0.000000	0.000000
434.890000	0.539041	-1.143868	1.391243	0.000000	0.000000
434.900000	0.539039	-1.143878	1.391240	0.000000	0.000000
434.910000	0.539037	-1.143887	1.391236	0.000000	0.000000
434.920000	0.539035	-1.143895	1.391233	0.000000	0.000000
434.930000	0.539032	-1.143902	1.391230	0.000000	0.000000
434.940000	0.539029	-1.143910	1.391226	0.000000	0.000000
434.950000	0.539026	-1.143918	1.391223	0.000000	0.000000
434.960000	0.539023	-1.143926	1.391220	0.000000	0.000000
434.970000	0.539019	-1.143934	1.391216	0.000000	0.000000
434.980000	0.539017	-1.143945	1.391213	0.000000	0.000000
434.990000	0.539016	-1.143957	1.391209	0.000000	0.000000
435.000000	0.539014	-1.143972	1.391206	0.000000	0.000000
435.010000	0.539013	-1.143987	1.391202	0.000000	0.000000
435.020000	0.539012	-1.144004	1.391199	0.000000	0.000000
435.030000	0.539011	-1.144020	1.391196	0.000000	0.000000
435.040000	0.539010	-1.144035	1.391192	0.000000	0.000000
435.050000	0.539008	-1.144048	1.391189	0.000000	0.000000
435.060000	0.539005	-1.144059	1.391185	0.000000	0.000000
435.070000	0.539002	-1.144069	1.391182	0.000000	0.000000
435.080000	0.538999	-1.144081	1.391179	0.000000	0.000000
435.090000	0.538997	-1.144096	1.391176	0.000000	0.000000
435.100000	0.538996	-1.144112	1.391172	0.000000	0.000000
435.110000	0.538995	-1.144129	1.391169	0.000000	0.000000
435.120000	0.538994	-1.144145	1.391166	0.000000	0.000000
435.130000	0.538994	-1.144160	1.391163	0.000000	0.000000
435.140000	0.538992	-1.144172	1.391160	0.000000	0.000000
435.150000	0.538989	-1.144182	1.391157	0.000000	0.000000
435.160000	0.538987	-1.144189	1.391154	0.000000	0.000000
435.170000	0.538984	-1.144193	1.391151	0.000000	0.000000
435.180000	0.538981	-1.144195	1.391148	0.000000	0.000000
435.190000	0.538977	-1.144197	1.391145	0.000000	0.000000
435.200000	0.538974	-1.144199	1.391143	0.000000	0.000000
435.210000	0.538972	-1.144202	1.391140	0.000000	0.000000
435.220000	0.538970	-1.144207	1.391137	0.000000	0.000000
435.230000	0.538970	-1.144212	1.391134	0.000000	0.000000
435.240000	0.538969	-1.144217	1.391131	0.000000	0.000000
435.250000	0.538968	-1.144221	1.391128	0.000000	0.000000
435.260000	0.538966	-1.144224	1.391125	0.000000	0.000000
435.270000	0.538963	-1.144227	1.391122	0.000000	0.000000
435.280000	0.538961	-1.144232	1.391120	0.000000	0.000000
435.290000	0.538961	-1.144237	1.391117	0.000000	0.000000
435.300000	0.538960	-1.144241	1.391114	0.000000	0.000000
435.310000	0.538960	-1.144242	1.391111	0.000000	0.000000
435.320000	0.538959	-1.144243	1.391108	0.000000	0.000000
435.330000	0.538958	-1.144244	1.391105	0.000000	0.000000
435.340000	0.538958	-1.144247	1.391102	0.000000	0.000000
435.350000	0.538958	-1.144250	1.391099	0.000000	0.000000
435.360000	0.538958	-1.144254	1.391096	0.000000	0.000000
435.370000	0.538958	-1.144257	1.391093	0.000000	0.000000
435.380000	0.538957	-1.144259	1.391090	0.000000	0.000000
435.390000	0.538956	-1.144261	1.391088	0.000000	0.000000
435.400000	0.538955	-1.144264	1.391085	0.000000	0.000000
435.410000	0.538955	-1.144266	1.391082	0.000000	0.000000
435.420000	0.538955	-1.144268	1.391079	0.000000	0.000000
435.430000	0.538953	-1.144271	1.391076	0.000000	0.000000
435.440000	0.538952	-1.144275	1.391074	0.000000	0.000000
435.450000	0.538951	-1.144280	1.391071	0.000000	0.000000
435.460000	0.538951	-1.144288	1.391068	0.000000	0.000000
435.470000	0.538951	-1.144296	1.391066	0.000000	0.000000
435.480000	0.538952	-1.144306	1.391063	0.000000	0.000000
435.490000	0.538952	-1.144315	1.391061	0.000000	0.000000
435.500000	0.538953	-1.144325	1.391058	0.000000	0.000000
435.510000	0.538955	-1.144333	1.391056	0.000000	0.000000
435.520000	0.538956	-1.144341	1.391054	0.000000	0.000000
435.530000	0.538957	-1.144349	1.391052	0.000000	0.000000
435.540000	0.538957	-1.144355	1.391049	0.000000	0.000000
435.550000	0.538958	-1.144360	1.391047	0.000000	0.000000
435.560000	0.538959	-1.144365	1.391045	0.000000	0.000000
435.570000	0.538960	-1.144371	1.391043	0.000000	0.000000
435.580000	0.538959	-1.144376	1.391042	0.000000	0.000000
435.590000	0.538959	-1.144381	1.391040	0.000000	0.000000
435.600000	0.538959	-1.144387	1.391038	0.000000	0.000000
435.610000	0.538961	-1.144394	1.391037	0.000000	0.000000
435.620000	0.538963	-1.144401	1.391035	0.000000	0.000000
435.630000	0.538966	-1.144410	1.391034	0.000000	0.000000
435.640000	0.538969	-1.144419	1.391033	0.000000	0.000000
435.650000	0.538972	-1.144427	1.391031	0.000000	0.000000
435.660000	0.538974	-1.144434	1.391030	0.000000	0.000000
435.670000	0.538977	-1.144440	1.391029	0.000000	0.000000
435.680000	0.538978	-1.144446	1.391028	0.000000	0.000000
435.690000	0.538979	-1.144451	1.391027	0.000000	0.000000
435.700000	0.538981	-1.144456	1.391026	0.000000	0.000000
435.710000	0.538984	-1.144460	1.391025	0.000000	0.000000
435.720000	0.538986	-1.144463	1.391024	0.000000	0.000000
435.730000	0.538990	-1.144464	1.391024	0.000000	0.000000
435.740000	0.538992	-1.144465	1.391023	0.000000	0.000000
435.750000	0.538994	-1.144465	1.391022	0.000000	0.000000
435.760000	0.538996	-1.144465	1.391021	0.000000	0.000000
435.770000	0.538999	-1.144464	1.391021	0.000000	0.000000
435.780000	0.539002	-1.144462	1.391020	0.000000	0.000000
435.790000	0.539005	-1.144459	1.391019	0.000000	0.000000
435.800000	0.539007	-1.144453	1.391019	0.000000	0.000000
435.810000	0.539008	-1.144444	1.391018	0.000000	0.000000
435.820000	0.539009	-1.144433	1.391017	0.000000	0.000000
435.830000	0.539010	-1.144425	1.391017	0.000000	0.000000
435.840000	0.539013	-1.144422	1.391016	0.000000	0.000000
435.850000	0.539017	-1.144421	1.391016	0.000000	0.000000
435.860000	0.539021	-1.144420	1.391016	0.000000	0.000000
435.870000	0.539025	-1.144418	1.391015	0.000000	0.000000
435.880000	0.539029	-1.144414	1.391015	0.000000	0.000000
435.890000	0.539032	-1.144409	1.391015	0.000000	0.000000
435.900000	0.539035	-1.144402	1.391014	0.000000	0.000000
435.910000	0.539037	-1.144395	1.391014	0.000000	0.000000
435.920000	0.539041	-1.144387	1.391014	0.000000	0.000000
435.930000	0.539045	-1.144381	1.391014	0.000000	0.000000
435.940000	0.539049	-1.144376	1.391014	0.000000	0.000000
435.950000	0.539054	-1.144372	1.391014	0.000000	0.000000
435.960000	0.539058	-1.144369	1.391014	0.000000	0.000000
435.970000	0.539063	-1.144366	1.391014	0.000000	0.000000
435.980000	0.539068	-1.144363	1.391014	0.000000	0.000000
435.990000	0.539071	-1.144359	1.391014	0.000000	0.000000
436.000000	0.539075	-1.144354	1.391014	0.000000	0.000000
436.010000	0.539077	-1.144346	1.391014	0.000000	0.000000
436.020000	0.539079	-1.144335	1.391015	0.000000	0.000000
436.030000	0.539081	-1.144322	1.391015	0.000000	0.000000
436.040000	0.539081	-1.144307	1.391015	0.000000	0.000000
436.050000	0.539081	-1.144289	1.391016	0.000000	0.000000
436.060000	0.539079	-1.144270	1.391016	0.000000	0.000000
436.070000	0.539077	-1.144251	1.391017	0.000000	0.000000
436.080000	0.539075	-1.144233	1.391017	0.000000	0.000000
436.090000	0.539073	-1.144215	1.391017	0.000000	0.000000
436.100000	0.539071	-1.144198	1.391017	0.000000	0.000000
436.110000	0.539070	-1.144183	1.391017	0.000000	0.000000
436.120000	0.539069	-1.144170	1.391017	0.000000	0.000000
436.130000	0.539070	-1.144159	1.391017	0.000000	0.000000
436.140000	0.539072	-1.144151	1.391017	0.000000	0.000000
436.150000	0.539075	-1.144145	1.391017	0.000000	0.000000
436.160000	0.539078	-1.144142	1.391017	0.000000	0.000000
436.170000	0.539083	-1.144142	1.391016	0.000000	0.000000
436.180000	0.539089	-1.144144	1.391016	0.000000	0.000000
436.190000	0.539094	-1.144147	1.391015	0.000000	0.000000
436.200000	0.539099	-1.144148	1.391015	0.000000	0.000000
436.210000	0.539104	-1.144147	1.391014	0.000000	0.000000
436.220000	0.539107	-1.144142	1.391013	0.000000	0.000000
436.230000	0.539109	-1.144135	1.391012	0.000000	0.000000
436.240000	0.539111	-1.144128	1.391011	0.000000	0.000000
436.250000	0.539113	-1.144124	1.391010	0.000000	0.000000
436.260000	0.539116	-1.144123	1.391009	0.000000	0.000000
436.270000	0.539120	-1.144124	1.391008	0.000000	0.000000
436.280000	0.539124	-1.144125	1.391007	0.000000	0.000000
436.290000	0.539127	-1.144123	1.391005	0.000000	0.000000
436.300000	0.539130	-1.144118	1.391004	0.000000	0.000000
436.310000	0.539131	-1.144110	1.391003	0.000000	0.000000
436.320000	0.539132	-1.144102	1.391001	0.000000	0.000000
436.330000	0.539135	-1.144096	1.391000	0.000000	0.000000
436.340000	0.539138	-1.144093	1.390998	0.000000	0.000000
436.350000	0.539142	-1.144091	1.390997	0.000000	0.000000
436.360000	0.539145	-1.144090	1.390995	0.000000	0.000000
436.370000	0.539148	-1.144089	1.390993	0.000000	0.000000
436.380000	0.539151	-1.144087	1.390991	0.000000	0.000000
436.390000	0.539153	-1.144084	1.390990	0.000000	0.000000
436.400000	0.539155	-1.144080	1.390988	0.000000	0.000000
436.410000	0.539157	-1.144076	1.390986	0.000000	0.000000
436.420000	0.539159	-1.144073	1.390984	0.000000	0.000000
436.430000	0.539161	-1.144071	1.390982	0.000000	0.000000
436.440000	0.539162	-1.144069	1.390980	0.000000	0.000000
436.450000	0.539164	-1.144066	1.390978	0.000000	0.000000
436.460000	0.539165	-1.144063	1.390976	0.000000	0.000000
436.470000	0.539165	-1.144060	1.390974	0.000000	0.000000
436.480000	0.539164	-1.144056	1.390972	0.000000	0.000000
436.490000	0.539165	-1.144052	1.390969	0.000000	0.000000
436.500000	0.539165	-1.144049	1.390967	0.000000	0.000000
436.510000	0.539166	-1.144046	1.390965	0.000000	0.000000
436.520000	0.539167	-1.144046	1.390963	0.000000	0.000000
436.530000	0.539168	-1.144046	1.390961	0.000000	0.000000
436.540000	0.539170	-1.144046	1.390959	0.000000	0.000000
436.550000	0.539170	-1.144044	1.390958	0.000000	0.000000
436.560000	0.539170	-1.144039	1.390956	0.000000	0.000000
436.570000	0.539169	-1.144033	1.390954	0.000000	0.000000
436.580000	0.539168	-1.144025	1.390952	0.000000	0.000000
436.590000	0.539166	-1.144017	1.390950	0.000000	0.000000
436.600000	0.539164	-1.144009	1.390948	0.000000	0.000000
436.610000	0.539162	-1.144002	1.390947	0.000000	0.000000
436.620000	0.539161	-1.143996	1.390945	0.000000	0.000000
436.630000	0.539160	-1.143989	1.390943	0.000000	0.000000
436.640000	0.539159	-1.143981	1.390941	0.000000	0.000000
436.650000	0.539158	-1.143972	1.390940	0.000000	0.000000
436.660000	0.539158	-1.143965	1.390938	0.000000	0.000000
436.670000	0.539157	-1.143958	1.390936	0.000000	0.000000
436.680000	0.539157	-1.143955	1.390934	0.000000	0.000000
436.690000	0.539158	-1.143954	1.390932	0.000000	0.000000
436.700000	0.539160	-1.143956	1.390930	0.000000	0.000000
436.710000	0.539163	-1.143960	1.390928	0.000000	0.000000
436.720000	0.539166	-1.143965	1.390926	0.000000	0.000000
436.730000	0.539169	-1.143972	1.390924	0.000000	0.000000
436.740000	0.539172	-1.143980	1.390922	0.000000	0.000000
436.750000	0.539175	-1.143986	1.390920	0.000000	0.000000
436.760000	0.539178	-1.143993	1.390917	0.000000	0.000000
436.770000	0.539180	-1.143998	1.390915	0.000000	0.000000
436.780000	0.539181	-1.144004	1.390912	0.000000	0.000000
436.790000	0.539182	-1.144010	1.390910	0.000000	0.000000
436.800000	0.539183	-1.144018	1.390908	0.000000	0.000000
436.810000	0.539184	-1.144029	1.390905	0.000000	0.000000
436.820000	0.539185	-1.144041	1.390903	0.000000	0.000000
436.830000	0.539186	-1.144053	1.390900	0.000000	0.000000
436.840000	0.539186	-1.144062	1.390898	0.000000	0.000000
436.850000	0.539185	-1.144070	1.390895	0.000000	0.000000
436.860000	0.539184	-1.144074	1.390892	0.000000	0.000000
436.870000	0.539183	-1.144079	1.390890	0.000000	0.000000
436.880000	0.539182	-1.144085	1.390887	0.000000	0.000000
436.890000	0.539182	-1.144095	1.390885	0.000000	0.000000
436.900000	0.539182	-1.144105	1.390883	0.000000	0.000000
436.910000	0.539182	-1.144116	1.390880	0.000000	0.000000
436.920000	0.539182	-1.144125	1.390878	0.000000	0.000000
436.930000	0.539182	-1.144131	1.390876	0.000000	0.000000
436.940000	0.539179	-1.144134	1.390874	0.000000	0.000000
436.950000	0.539177	-1.144135	1.390871	0.000000	0.000000
436.960000	0.539172	-1.144133	1.390869	0.000000	0.000000
436.970000	0.539167	-1.144128	1.390867	0.000000	0.000000
436.980000	0.539162	-1.144123	1.390865	0.000000	0.000000
436.990000	0.539156	-1.144118	1.390863	0.000000	0.000000
437.000000	0.539151	-1.144115	1.390861	0.000000	0.000000
437.010000	0.539147	-1.144115	1.390859	0.000000	0.000000
437.020000	0.539144	-1.144117	1.390857	0.000000	0.000000
437.030000	0.539142	-1.144122	1.390855	0.000000	0.000000
437.040000	0.539140	-1.144129	1.390853	0.000000	0.000000
437.050000	0.539138	-1.144136	1.390851	0.000000	0.000000
437.060000	0.539137	-1.144143	1.390849	0.000000	0.000000
437.070000	0.539136	-1.144149	1.390847	0.000000	0.000000
437.080000	0.539134	-1.144153	1.390845	0.000000	0.000000
437.090000	0.539132	-1.144157	1.390843	0.000000	0.000000
437.100000	0.539130	-1.144159	1.390841	0.000000	0.000000
437.110000	0.539128	-1.144161	1.390839	0.000000	0.000000
437.120000	0.539125	-1.144161	1.390837	0.000000	0.000000
437.130000	0.539122	-1.144161	1.390834	0.000000	0.000000
437.140000	0.539120	-1.144161	1.390832	0.000000	0.000000
437.150000	0.539119	-1.144161	1.390830	0.000000	0.000000
437.160000	0.539117	-1.144161	1.390828	0.000000	0.000000
437.170000	0.539115	-1.144160	1.390826	0.000000	0.000000
437.180000	0.539113	-1.144161	1.390824	0.000000	0.000000
437.190000	0.539110	-1.144162	1.390822	0.000000	0.000000
437.200000	0.539107	-1.144164	1.390820	0.000000	0.000000
437.210000	0.539106	-1.144168	1.390818	0.000000	0.000000
437.220000	0.539104	-1.144172	1.390816	0.000000	0.000000
437.230000	0.539102	-1.144175	1.390814	0.000000	0.000000
437.240000	0.539099	-1.144177	1.390812	0.000000	0.000000
437.250000	0.539097	-1.144179	1.390810	0.000000	0.000000
437.260000	0.539095	-1.144182	1.390808	0.000000	0.000000
437.270000	0.539094	-1.144185	1.390805	0.000000	0.000000
437.280000	0.539093	-1.144190	1.390803	0.000000	0.000000
437.290000	0.539092	-1.144195	1.390801	0.000000	0.000000
437.300000	0.539091	-1.144201	1.390799	0.000000	0.000000
437.310000	0.539091	-1.144207	1.390797	0.000000	0.000000
437.320000	0.539091	-1.144215	1.390794	0.000000	0.000000
437.330000	0.539091	-1.144223	1.390792	0.000000	0.000000
437.340000	0.539091	-1.144231	1.390789	0.000000	0.000000
437.350000	0.539091	-1.144239	1.390787	0.000000	0.000000
437.360000	0.539091	-1.144247	1.390784	0.000000	0.000000
437.370000	0.539090	-1.144254	1.390781	0.000000	0.000000
437.380000	0.539090	-1.144264	1.390779	0.000000	0.000000
437.390000	0.539090	-1.144276	1.390776	0.000000	0.000000
437.400000	0.539091	-1.144288	1.390773	0.000000	0.000000
437.410000	0.539091	-1.144300	1.390770	0.000000	0.000000
437.420000	0.539092	-1.144311	1.390767	0.000000	0.000000
437.430000	0.539091	-1.144321	1.390764	0.000000	0.000000
437.440000	0.539090	-1.144330	1.390761	0.000000	0.000000
437.450000	0.539090	-1.144341	1.390758	0.000000	0.000000
437.460000	0.539090	-1.144353	1.390755	0.000000	0.000000
437.470000	0.539089	-1.144366	1.390752	0.000000	0.000000
437.480000	0.539088	-1.144376	1.390749	0.000000	0.000000
437.490000	0.539087	-1.144384	1.390746	0.000000	0.000000
437.500000	0.539085	-1.144390	1.390743	0.000000	0.000000
437.510000	0.539083	-1.144395	1.390740	0.000000	0.000000
437.520000	0.539080	-1.144401	1.390737	0.000000	0.000000
437.530000	0.539078	-1.144408	1.390734	0.000000	0.000000
437.540000	0.539078	-1.144416	1.390731	0.000000	0.000000
437.550000	0.539077	-1.144424	1.390728	0.000000	0.000000
437.560000	0.539076	-1.144431	1.390725	0.000000	0.000000
437.570000	0.539075	-1.144438	1.390722	0.000000	0.000000
437.580000	0.539074	-1.144444	1.390720	0.000000	0.000000
437.590000	0.539073	-1.144452	1.390717	0.000000	0.000000
437.600000	0.539073	-1.144462	1.390715	0.000000	0.000000
437.610000	0.539074	-1.144474	1.390713	0.000000	0.000000
437.620000	0.539074	-1.144488	1.390710	0.000000	0.000000
437.630000	0.539075	-1.144502	1.390708	0.000000	0.000000
437.640000	0.539075	-1.144516	1.390706	0.000000	0.000000
437.650000	0.539075	-1.144528	1.390704	0.000000	0.000000
437.660000	0.539075	-1.144540	1.390702	0.000000	0.000000
437.670000	0.539074	-1.144548	1.390701	0.000000	0.000000
437.680000	0.539073	-1.144553	1.390699	0.000000	0.000000
437.690000	0.539071	-1.144554	1.390697	0.000000	0.000000
437.700000	0.539069	-1.144554	1.390695	0.000000	0.000000
437.710000	0.539068	-1.144554	1.390693	0.000000	0.000000
437.720000	0.539066	-1.144555	1.390691	0.000000	0.000000
437.730000	0.539063	-1.144557	1.390690	0.000000	0.000000
437.740000	0.539061	-1.144558	1.390688	0.000000	0.000000
437.750000	0.539060	-1.144562	1.390686	0.000000	0.000000
437.760000	0.539059	-1.144568	1.390685	0.000000	0.000000
437.770000	0.539058	-1.144576	1.390683	0.000000	0.000000
437.780000	0.539057	-1.144586	1.390681	0.000000	0.000000
437.790000	0.539057	-1.144596	1.390680	0.000000	0.000000
437.800000	0.539056	-1.144605	1.390678	0.000000	0.000000
437.810000	0.539055	-1.144613	1.390677	0.000000	0.000000
437.820000	0.539054	-1.144620	1.390676	0.000000	0.000000
437.830000	0.539053	-1.144626	1.390674	0.000000	0.000000
437.840000	0.539052	-1.144630	1.390673	0.000000	0.000000
437.850000	0.539051	-1.144634	1.390671	0.000000	0.000000
437.860000	0.539049	-1.144637	1.390670	0.000000	0.000000
437.870000	0.539049	-1.144640	1.390668	0.000000	0.000000
437.880000	0.539048	-1.144643	1.390667	0.000000	0.000000
437.890000	0.539048	-1.144648	1.390666	0.000000	0.000000
437.900000	0.539049	-1.144654	1.390664	0.000000	0.000000
437.910000	0.539052	-1.144662	1.390663	0.000000	0.000000
437.920000	0.539055	-1.144671	1.390662	0.000000	0.000000
437.930000	0.539057	-1.144680	1.390660	0.000000	0.000000
437.940000	0.539060	-1.144688	1.390659	0.000000	0.000000
437.950000	0.539062	-1.144694	1.390658	0.000000	0.000000
437.960000	0.539062	-1.144697	1.390657	0.000000	0.000000
437.970000	0.539061	-1.144697	1.390655	0.000000	0.000000
437.980000	0.539059	-1.144694	1.390654	0.000000	0.000000
437.990000	0.539057	-1.144689	1.390653	0.000000	0.000000
438.000000	0.539056	-1.144683	1.390652	0.000000	0.000000
438.010000	0.539055	-1.144676	1.390650	0.000000	0.000000
438.020000	0.539053	-1.144669	1.390649	0.000000	0.000000
438.030000	0.539051	-1.144663	1.390648	0.000000	0.000000
438.040000	0.539050	-1.144660	1.390647	0.000000	0.000000
438.050000	0.539051	-1.144657	1.390645	0.000000	0.000000
438.060000	0.539051	-1.144655	1.390644	0.000000	0.000000
438.070000	0.539050	-1.144653	1.390643	0.000000	0.000000
438.080000	0.539050	-1.144649	1.390642	0.000000	0.000000
438.090000	0.539049	-1.144646	1.390641	0.000000	0.000000
438.100000	0.539048	-1.144643	1.390640	0.000000	0.000000
438.110000	0.539048	-1.144640	1.390639	0.000000	0.000000
438.120000	0.539048	-1.144637	1.390638	0.000000	0.000000
438.130000	0.539047	-1.144632	1.390637	0.000000	0.000000
438.140000	0.539046	-1.144628	1.390636	0.000000	0.000000
438.150000	0.539044	-1.144625	1.390635	0.000000	0.000000
438.160000	0.539043	-1.144622	1.390635	0.000000	0.000000
438.170000	0.539043	-1.144621	1.390634	0.000000	0.000000
438.180000	0.539042	-1.144621	1.390633	0.000000	0.000000
438.190000	0.539043	-1.144622	1.390633	0.000000	0.000000
438.200000	0.539042	-1.144623	1.390632	0.000000	0.000000
438.210000	0.539043	-1.144626	1.390631	0.000000	0.000000
438.220000	0.539044	-1.144630	1.390631	0.000000	0.000000
438.230000	0.539045	-1.144634	1.390630	0.000000	0.000000
438.240000	0.539045	-1.144637	1.390630	0.000000	0.000000
438.250000	0.539046	-1.144638	1.390629	0.000000	0.000000
438.260000	0.539045	-1.144636	1.390629	0.000000	0.000000
438.270000	0.539043	-1.144631	1.390628	0.000000	0.000000
438.280000	0.539041	-1.144624	1.390628	0.000000	0.000000
438.290000	0.539037	-1.144616	1.390628	0.000000	0.000000
438.300000	0.539035	-1.144609	1.390627	0.000000	0.000000
438.310000	0.539033	-1.144604	1.390627	0.000000	0.000000
438.320000	0.539032	-1.144601	1.390627	0.000000	0.000000
438.330000	0.539031	-1.144600	1.390627	0.000000	0.000000
438.340000	0.539031	-1.144600	1.390627	0.000000	0.000000
438.350000	0.539030	-1.144601	1.390627	0.000000	0.000000
438.360000	0.539030	-1.144604	1.390627	0.000000	0.000000
438.370000	0.539030	-1.144608	1.390628	0.000000	0.000000
438.380000	0.539030	-1.144611	1.390628	0.000000	0.000000
438.390000	0.539030	-1.144612	1.390629	0.000000	0.000000
438.400000	0.539029	-1.144611	1.390629	0.000000	0.000000
438.410000	0.539028	-1.144611	1.390630	0.000000	0.000000
438.420000	0.539028	-1.144612	1.390631	0.000000	0.000000
438.430000	0.539028	-1.144612	1.390632	0.000000	0.000000
438.440000	0.539027	-1.144611	1.390633	0.000000	0.000000
438.450000	0.539027	-1.144609	1.390634	0.000000	0.000000
438.460000	0.539026	-1.144605	1.390635	0.000000	0.000000
438.470000	0.539025	-1.144601	1.390636	0.000000	0.000000
438.480000	0.539023	-1.144595	1.390637	0.000000	0.000000
438.490000	0.539021	-1.144588	1.390639	0.000000	0.000000
438.500000	0.539020	-1.144581	1.390640	0.000000	0.000000
438.510000	0.539018	-1.144573	1.390642	0.000000	0.000000
438.520000	0.539016	-1.144565	1.390643	0.000000	0.000000
438.530000	0.539013	-1.144555	1.390645	0.000000	0.000000
438.540000	0.539010	-1.144546	1.390646	0.000000	0.000000
438.550000	0.539007	-1.144536	1.390648	0.000000	0.000000
438.560000	0.539005	-1.144527	1.390650	0.000000	0.000000
438.570000	0.539002	-1.144517	1.390651	0.000000	0.000000
438.580000	0.539001	-1.144506	1.390653	0.000000	0.000000
438.590000	0.538999	-1.144494	1.390655	0.000000	0.000000
438.600000	0.538996	-1.144482	1.390657	0.000000	0.000000
438.610000	0.538995	-1.144473	1.390658	0.000000	0.000000
438.620000	0.538995	-1.144467	1.390660	0.000000	0.000000
438.630000	0.538994	-1.144462	1.390662	0.000000	0.000000
438.640000	0.538994	-1.144456	1.390664	0.000000	0.000000
438.650000	0.538993	-1.144450	1.390666	0.000000	0.000000
438.660000	0.538992	-1.144444	1.390668	0.000000	0.000000
438.670000	0.538991	-1.144440	1.390670	0.000000	0.000000
438.680000	0.538991	-1.144436	1.390672	0.000000	0.000000
438.690000	0.538990	-1.144433	1.390674	0.000000	0.000000
438.700000	0.538990	-1.144430	1.390676	0.000000	0.000000
438.710000	0.538989	-1.144426	1.390678	0.000000	0.000000
438.720000	0.538989	-1.144422	1.390680	0.000000	0.000000
438.730000	0.538989	-1.144417	1.390682	0.000000	0.000000
438.740000	0.538989	-1.144411	1.390685	0.000000	0.000000
438.750000	0.538989	-1.144405	1.390687	0.000000	0.000000
438.760000	0.538989	-1.144398	1.390689	0.000000	0.000000
438.770000	0.538988	-1.144388	1.390691	0.000000	0.000000
438.780000	0.538986	-1.144377	1.390693	0.000000	0.000000
438.790000	0.538984	-1.144364	1.390695	0.000000	0.000000
438.800000	0.538982	-1.144350	1.390697	0.000000	0.000000
438.810000	0.538980	-1.144337	1.390699	0.000000	0.000000
438.820000	0.538978	-1.144327	1.390701	0.000000	0.000000
438.830000	0.538977	-1.144320	1.390702	0.000000	0.000000
438.840000	0.538977	-1.144316	1.390704	0.000000	0.000000
438.850000	0.538977	-1.144313	1.390706	0.000000	0.000000
438.860000	0.538977	-1.144309	1.390708	0.000000	0.000000
438.870000	0.538977	-1.144303	1.390710	0.000000	0.000000
438.880000	0.538976	-1.144298	1.390712	0.000000	0.000000
438.890000	0.538977	-1.144293	1.390713	0.000000	0.000000
438.900000	0.538978	-1.144291	1.390715	0.000000	0.000000
438.910000	0.538980	-1.144291	1.390717	0.000000	0.000000
438.920000	0.538981	-1.144292	1.390719	0.000000	0.000000
438.930000	0.538982	-1.144292	1.390720	0.000000	0.000000
438.940000	0.538982	-1.144291	1.390722	0.000000	0.000000
438.950000	0.538982	-1.144287	1.390724	0.000000	0.000000
438.960000	0.538980	-1.144282	1.390726	0.000000	0.000000
438.970000	0.538979	-1.144278	1.390728	0.000000	0.000000
438.980000	0.538978	-1.144277	1.390729	0.000000	0.000000
438.990000	0.538978	-1.144279	1.390731	0.000000	0.000000
439.000000	0.538980	-1.144281	1.390733	0.000000	0.000000
439.010000	0.538980	-1.144282	1.390735	0.000000	0.000000
439.020000	0.538980	-1.144281	1.390737	0.000000	0.000000
439.030000	0.538980	-1.144278	1.390739	0.000000	0.000000
439.040000	0.538979	-1.144274	1.390741	0.000000	0.000000
439.050000	0.538978	-1.144271	1.390743	0.000000	0.000000
439.060000	0.538978	-1.144268	1.390745	0.000000	0.000000
439.070000	0.538977	-1.144267	1.390747	0.000000	0.000000
439.080000	0.538977	-1.144266	1.390748	0.000000	0.000000
439.090000	0.538976	-1.144266	1.390750	0.000000	0.000000
439.100000	0.538975	-1.144265	1.390752	0.000000	0.000000
439.110000	0.538974	-1.144264	1.390754	0.000000	0.000000
439.120000	0.538973	-1.144262	1.390755	0.000000	0.000000
439.130000	0.538973	-1.144261	1.390757	0.000000	0.000000
439.140000	0.538973	-1.144261	1.390758	0.000000	0.000000
439.150000	0.538974	-1.144262	1.390760	0.000000	0.000000
439.160000	0.538976	-1.144263	1.390761	0.000000	0.000000
439.170000	0.538978	-1.144263	1.390763	0.000000	0.000000
439.180000	0.538979	-1.144261	1.390764	0.000000	0.000000
439.190000	0.538980	-1.144260	1.390766	0.000000	0.000000
439.200000	0.538982	-1.144261	1.390767	0.000000	0.000000
439.210000	0.538984	-1.144262	1.390768	0.000000	0.000000
439.220000	0.538985	-1.144262	1.390770	0.000000	0.000000
439.230000	0.538986	-1.144261	1.390771	0.000000	0.000000
439.240000	0.538987	-1.144258	1.390772	0.000000	0.000000
439.250000	0.538987	-1.144255	1.390773	0.000000	0.000000
439.260000	0.538988	-1.144254	1.390775	0.000000	0.000000
439.270000	0.538990	-1.144255	1.390776	0.000000	0.000000
439.280000	0.538991	-1.144257	1.390777	0.000000	0.000000
439.290000	0.538993	-1.144260	1.390779	0.000000	0.000000
439.300000	0.538995	-1.144262	1.390780	0.000000	0.000000
439.310000	0.538997	-1.144263	1.390781	0.000000	0.000000
439.320000	0.538998	-1.144263	1.390783	0.000000	0.000000
439.330000	0.538998	-1.144263	1.390784	0.000000	0.000000
439.340000	0.538997	-1.144261	1.390786	0.000000	0.000000
439.350000	0.538997	-1.144260	1.390787	0.000000	0.000000
439.360000	0.538996	-1.144259	1.390788	0.000000	0.000000
439.370000	0.538995	-1.144258	1.390790	0.000000	0.000000
439.380000	0.538994	-1.144258	1.390791	0.000000	0.000000
439.390000	0.538993	-1.144260	1.390792	0.000000	0.000000
439.400000	0.538992	-1.144262	1.390794	0.000000	0.000000
439.410000	0.538992	-1.144266	1.390795	0.000000	0.000000
439.420000	0.538992	-1.144269	1.390796	0.000000	0.000000
439.430000	0.538992	-1.144272	1.390797	0.000000	0.000000
439.440000	0.538991	-1.144274	1.390799	0.000000	0.000000
439.450000	0.538990	-1.144275	1.390800	0.000000	0.000000
439.460000	0.538990	-1.144277	1.390801	0.000000	0.000000
439.470000	0.538989	-1.144279	1.390802	0.000000	0.000000
439.480000	0.538989	-1.144280	1.390803	0.000000	0.000000
439.490000	0.538987	-1.144281	1.390804	0.000000	0.000000
439.500000	0.538985	-1.144281	1.390806	0.000000	0.000000
439.510000	0.538983	-1.144280	1.390807	0.000000	0.000000
439.520000	0.538981	-1.144280	1.390808	0.000000	0.000000
439.530000	0.538980	-1.144280	1.390810	0.000000	0.000000
439.540000	0.538978	-1.144282	1.390811	0.000000	0.000000
439.550000	0.538977	-1.144283	1.390812	0.000000	0.000000
439.560000	0.538976	-1.144284	1.390814	0.000000	0.000000
439.570000	0.538975	-1.144285	1.390815	0.000000	0.000000
439.580000	0.538974	-1.144285	1.390817	0.000000	0.000000
439.590000	0.538972	-1.144283	1.390818	0.000000	0.000000
439.600000	0.538970	-1.144279	1.390819	0.000000	0.000000
439.610000	0.538967	-1.144274	1.390821	0.000000	0.000000
439.620000	0.538964	-1.144267	1.390822	0.000000	0.000000
439.630000	0.538961	-1.144261	1.390824	0.000000	0.000000
439.640000	0.538957	-1.144255	1.390825	0.000000	0.000000
439.650000	0.538954	-1.144250	1.390827	0.000000	0.000000
439.660000	0.538951	-1.144247	1.390828	0.000000	0.000000
439.670000	0.538948	-1.144247	1.390829	0.000000	0.000000
439.680000	0.538946	-1.144247	1.390831	0.000000	0.000000
439.690000	0.538946	-1.144248	1.390832	0.000000	0.000000
439.700000	0.538944	-1.144249	1.390833	0.000000	0.000000
439.710000	0.538942	-1.144249	1.390835	0.000000	0.000000
439.720000	0.538941	-1.144251	1.390836	0.000000	0.000000
439.730000	0.538940	-1.144253	1.390837	0.000000	0.000000
439.740000	0.538938	-1.144258	1.390838	0.000000	0.000000
439.750000	0.538936	-1.144263	1.390840	0.000000	0.000000
439.760000	0.538935	-1.144269	1.390841	0.000000	0.000000
439.770000	0.538935	-1.144274	1.390843	0.000000	0.000000
439.780000	0.538934	-1.144278	1.390844	0.000000	0.000000
439.790000	0.538933	-1.144281	1.390845	0.000000	0.000000
439.800000	0.538933	-1.144282	1.390847	0.000000	0.000000
439.810000	0.538932	-1.144281	1.390849	0.000000	0.000000
439.820000	0.538932	-1.144280	1.390850	0.000000	0.000000
439.830000	0.538931	-1.144280	1.390852	0.000000	0.000000
439.840000	0.538931	-1.144279	1.390854	0.000000	0.000000
439.850000	0.538931	-1.144277	1.390856	0.000000	0.000000
439.860000	0.538931	-1.144275	1.390858	0.000000	0.000000
439.870000	0.538930	-1.144272	1.390860	0.000000	0.000000
439.880000	0.538929	-1.144269	1.390863	0.000000	0.000000
439.890000	0.538927	-1.144264	1.390865	0.000000	0.000000
439.900000	0.538925	-1.144259	1.390867	0.000000	0.000000
439.910000	0.538923	-1.144253	1.390870	0.000000	0.000000
439.920000	0.538921	-1.144246	1.390872	0.000000	0.000000
439.930000	0.538919	-1.144238	1.390874	0.000000	0.000000
439.940000	0.538916	-1.144230	1.390877	0.000000	0.000000
439.950000	0.538914	-1.144222	1.390879	0.000000	0.000000
439.960000	0.538912	-1.144214	1.390881	0.000000	0.000000
439.970000	0.538910	-1.144208	1.390884	0.000000	0.000000
439.980000	0.538908	-1.144202	1.390886	0.000000	0.000000
439.990000	0.538906	-1.144197	1.390888	0.000000	0.000000
440.000000	0.538903	-1.144192	1.390890	0.000000	0.000000
440.010000	0.538901	-1.144187	1.390892	0.000000	0.000000
440.020000	0.538901	-1.144182	1.390894	0.000000	0.000000
440.030000	0.538900	-1.144178	1.390896	0.000000	0.000000
440.040000	0.538900	-1.144173	1.390898	0.000000	0.000000
440.050000	0.538901	-1.144168	1.390900	0.000000	0.000000
440.060000	0.538901	-1.144162	1.390901	0.000000	0.000000
440.070000	0.538902	-1.144156	1.390903	0.000000	0.000000
440.080000	0.538902	-1.144149	1.390904	0.000000	0.000000
440.090000	0.538903	-1.144142	1.390905	0.000000	0.000000
440.100000	0.538905	-1.144136	1.390906	0.000000	0.000000
440.110000	0.538907	-1.144130	1.390907	0.000000	0.000000
440.120000	0.538908	-1.144123	1.390907	0.000000	0.000000
440.130000	0.538908	-1.144116	1.390908	0.000000	0.000000
440.140000	0.538909	-1.144109	1.390908	0.000000	0.000000
440.150000	0.538911	-1.144103	1.390909	0.000000	0.000000
440.160000	0.538912	-1.144097	1.390909	0.000000	0.000000
440.170000	0.538913	-1.144092	1.390909	0.000000	0.000000
440.180000	0.538914	-1.144086	1.390909	0.000000	0.000000
440.190000	0.538915	-1.144081	1.390910	0.000000	0.000000
440.200000	0.538917	-1.144076	1.390910	0.000000	0.000000
440.210000	0.538919	-1.144072	1.390910	0.000000	0.000000
440.220000	0.538921	-1.144068	1.390910	0.000000	0.000000
440.230000	0.538923	-1.144065	1.390910	0.000000	0.000000
440.240000	0.538926	-1.144063	1.390910	0.000000	0.000000
440.250000	0.538928	-1.144063	1.390909	0.000000	0.000000
440.260000	0.538930	-1.144063	1.390909	0.000000	0.000000
440.270000	0.538932	-1.144065	1.390909	0.000000	0.000000
440.280000	0.538934	-1.144067	1.390908	0.000000	0.000000
440.290000	0.538935	-1.144068	1.390908	0.000000	0.000000
440.300000	0.538936	-1.144068	1.390907	0.000000	0.000000
440.310000	0.538936	-1.144066	1.390907	0.000000	0.000000
440.320000	0.538937	-1.144064	1.390906	0.000000	0.000000
440.330000	0.538938	-1.144065	1.390905	0.000000	0.000000
440.340000	0.538940	-1.144072	1.390904	0.000000	0.000000
440.350000	0.538944	-1.144083	1.390903	0.000000	0.000000
440.360000	0.538947	-1.144095	1.390902	0.000000	0.000000
440.370000	0.538950	-1.144108	1.390901	0.000000	0.000000
440.380000	0.538953	-1.144116	1.390900	0.000000	0.000000
440.390000	0.538954	-1.144118	1.390899	0.000000	0.000000
440.400000	0.538954	-1.144116	1.390898	0.000000	0.000000
440.410000	0.538953	-1.144112	1.390896	0.000000	0.000000
440.420000	0.538952	-1.144108	1.390895	0.000000	0.000000
440.430000	0.538953	-1.144108	1.390894	0.000000	0.000000
440.440000	0.538954	-1.144110	1.390892	0.000000	0.000000
440.450000	0.538956	-1.144115	1.390891	0.000000	0.000000
440.460000	0.538958	-1.144120	1.390889	0.000000	0.000000
440.470000	0.538959	-1.144125	1.390888	0.000000	0.000000
440.480000	0.538961	-1.144128	1.390886	0.000000	0.000000
440.490000	0.538962	-1.144130	1.390884	0.000000	0.000000
440.500000	0.538963	-1.144130	1.390883	0.000000	0.000000
440.510000	0.538963	-1.144128	1.390881	0.000000	0.000000
440.520000	0.538964	-1.144125	1.390879	0.000000	0.000000
440.530000	0.538965	-1.144123	1.390877	0.000000	0.000000
440.540000	0.538965	-1.144120	1.390876	0.000000	0.000000
440.550000	0.538966	-1.144117	1.390874	0.000000	0.000000
440.560000	0.538966	-1.144114	1.390872	0.000000	0.000000
440.570000	0.538965	-1.144112	1.390870	0.000000	0.000000
440.580000	0.538965	-1.144110	1.390868	0.000000	0.000000
440.590000	0.538965	-1.144110	1.390866	0.000000	0.000000
440.600000	0.538965	-1.144112	1.390863	0.000000	0.000000
440.610000	0.538966	-1.144117	1.390861	0.000000	0.000000
440.620000	0.538968	-1.144124	1.390859	0.000000	0.000000
440.630000	0.538971	-1.144132	1.390856	0.000000	0.000000
440.640000	0.538974	-1.144143	1.390854	0.000000	0.000000
440.650000	0.538979	-1.144156	1.390851	0.000000	0.000000
440.660000	0.538983	-1.144169	1.390849	0.000000	0.000000
440.670000	0.538987	-1.144181	1.390846	0.000000	0.000000
440.680000	0.538991	-1.144192	1.390843	0.000000	0.000000
440.690000	0.538993	-1.144200	1.390841	0.000000	0.000000
440.700000	0.538994	-1.144205	1.390838	0.000000	0.000000
440.710000	0.538994	-1.144208	1.390835	0.000000	0.000000
440.720000	0.538995	-1.144210	1.390832	0.000000	0.000000
440.730000	0.538995	-1.144216	1.390830	0.000000	0.000000
440.740000	0.538997	-1.144225	1.390827	0.000000	0.000000
440.750000	0.538999	-1.144237	1.390825	0.000000	0.000000
440.760000	0.539001	-1.144251	1.390822	0.000000	0.000000
440.770000	0.539004	-1.144266	1.390820	0.000000	0.000000
440.780000	0.539007	-1.144281	1.390817	0.000000	0.000000
440.790000	0.539009	-1.144294	1.390815	0.000000	0.000000
440.800000	0.539010	-1.144306	1.390812	0.000000	0.000000
440.810000	0.539012	-1.144315	1.390810	0.000000	0.000000
440.820000	0.539012	-1.144321	1.390808	0.000000	0.000000
440.830000	0.539012	-1.144322	1.390805	0.000000	0.000000
440.840000	0.539010	-1.144320	1.390803	0.000000	0.000000
440.850000	0.539009	-1.144317	1.390800	0.000000	0.000000
440.860000	0.539008	-1.144316	1.390798	0.000000	0.000000
440.870000	0.539008	-1.144317	1.390795	0.000000	0.000000
440.880000	0.539009	-1.144319	1.390793	0.000000	0.000000
440.890000	0.539010	-1.144320	1.390791	0.000000	0.000000
440.900000	0.539011	-1.144322	1.390788	0.000000	0.000000
440.910000	0.539011	-1.144324	1.390786	0.000000	0.000000
440.920000	0.539012	-1.144328	1.390783	0.000000	0.000000
440.930000	0.539015	-1.144334	1.390781	0.000000	0.000000
440.940000	0.539019	-1.144342	1.390779	0.000000	0.000000
440.950000	0.539022	-1.144351	1.390776	0.000000	0.000000
440.960000	0.539026	-1.144359	1.390774	0.000000	0.000000
440.970000	0.539030	-1.144367	1.390771	0.000000	0.000000
440.980000	0.539033	-1.144373	1.390769	0.000000	0.000000
440.990000	0.539034	-1.144374	1.390766	0.000000	0.000000
441.000000	0.539034	-1.144372	1.390764	0.000000	0.000000
441.010000	0.539033	-1.144368	1.390762	0.000000	0.000000
441.020000	0.539033	-1.144364	1.390759	0.000000	0.000000
441.030000	0.539032	-1.144363	1.390757	0.000000	0.000000
441.040000	0.539032	-1.144366	1.390754	0.000000	0.000000
441.050000	0.539033	-1.144373	1.390752	0.000000	0.000000
441.060000	0.539035	-1.144380	1.390749	0.000000	0.000000
441.070000	0.539036	-1.144388	1.390747	0.000000	0.000000
441.080000	0.539036	-1.144395	1.390745	0.000000	0.000000
441.090000	0.539037	-1.144400	1.390742	0.000000	0.000000
441.100000	0.539037	-1.144404	1.390740	0.000000	0.000000
441.110000	0.539038	-1.144407	1.390738	0.000000	0.000000
441.120000	0.539038	-1.144409	1.390736	0.000000	0.000000
441.130000	0.539037	-1.144408	1.390733	0.000000	0.000000
441.140000	0.539035	-1.144405	1.390731	0.000000	0.000000
441.150000	0.539033	-1.144400	1.390729	0.000000	0.000000
441.160000	0.539031	-1.144395	1.390727	0.000000	0.000000
441.170000	0.539029	-1.144391	1.390725	0.000000	0.000000
441.180000	0.539027	-1.144388	1.390722	0.000000	0.000000
441.190000	0.539026	-1.144387	1.390720	0.000000	0.000000
441.200000	0.539027	-1.144389	1.390718	0.000000	0.000000
441.210000	0.539029	-1.144394	1.390716	0.000000	0.000000
441.220000	0.539031	-1.144401	1.390714	0.000000	0.000000
441.230000	0.539033	-1.144408	1.390712	0.000000	0.000000
441.240000	0.539036	-1.144414	1.390710	0.000000	0.000000
441.250000	0.539037	-1.144417	1.390707	0.000000	0.000000
441.260000	0.539038	-1.144416	1.390705	0.000000	0.000000
441.270000	0.539036	-1.144411	1.390703	0.000000	0.000000
441.280000	0.539033	-1.144403	1.390701	0.000000	0.000000
441.290000	0.539031	-1.144396	1.390698	0.000000	0.000000
441.300000	0.539030	-1.144392	1.390696	0.000000	0.000000
441.310000	0.539030	-1.144393	1.390694	0.000000	0.000000
441.320000	0.539031	-1.144398	1.390692	0.000000	0.000000
441.330000	0.539033	-1.144406	1.390689	0.000000	0.000000
441.340000	0.539035	-1.144415	1.390687	0.000000	0.000000
441.350000	0.539036	-1.144424	1.390685	0.000000	0.000000
441.360000	0.539036	-1.144432	1.390682	0.000000	0.000000
441.370000	0.539036	-1.144438	1.390680	0.000000	0.000000
441.380000	0.539036	-1.144443	1.390678	0.000000	0.000000
441.390000	0.539036	-1.144450	1.390676	0.000000	0.000000
441.400000	0.539038	-1.144457	1.390673	0.000000	0.000000
441.410000	0.539038	-1.144465	1.390671	0.000000	0.000000
441.420000	0.539040	-1.144473	1.390669	0.000000	0.000000
441.430000	0.539042	-1.144481	1.390667	0.000000	0.000000
441.440000	0.539043	-1.144489	1.390665	0.000000	0.000000
441.450000	0.539045	-1.144500	1.390663	0.000000	0.000000
441.460000	0.539048	-1.144513	1.390661	0.000000	0.000000
441.470000	0.539052	-1.144527	1.390659	0.000000	0.000000
441.480000	0.539054	-1.144541	1.390658	0.000000	0.000000
441.490000	0.539056	-1.144555	1.390656	0.000000	0.000000
441.500000	0.539057	-1.144567	1.390655	0.000000	0.000000
441.510000	0.539057	-1.144577	1.390653	0.000000	0.000000
441.520000	0.539056	-1.144586	1.390652	0.000000	0.000000
441.530000	0.539055	-1.144592	1.390650	0.000000	0.000000
441.540000	0.539053	-1.144596	1.390649	0.000000	0.000000
441.550000	0.539051	-1.144600	1.390647	0.000000	0.000000
441.560000	0.539049	-1.144605	1.390646	0.000000	0.000000
441.570000	0.539047	-1.144611	1.390645	0.000000	0.000000
441.580000	0.539047	-1.144617	1.390643	0.000000	0.000000
441.590000	0.539046	-1.144623	1.390642	0.000000	0.000000
441.600000	0.539045	-1.144629	1.390641	0.000000	0.000000
441.610000	0.539044	-1.144634	1.390639	0.000000	0.000000
441.620000	0.539042	-1.144637	1.390638	0.000000	0.000000
441.630000	0.539041	-1.144637	1.390636	0.000000	0.000000
441.640000	0.539040	-1.144636	1.390635	0.000000	0.000000
441.650000	0.539039	-1.144635	1.390633	0.000000	0.000000
441.660000	0.539039	-1.144635	1.390632	0.000000	0.000000
441.670000	0.539040	-1.144637	1.390630	0.000000	0.000000
441.680000	0.539042	-1.144641	1.390628	0.000000	0.000000
441.690000	0.539044	-1.144648	1.390626	0.000000	0.000000
441.700000	0.539047	-1.144657	1.390625	0.000000	0.000000
441.710000	0.539049	-1.144666	1.390623	0.000000	0.000000
441.720000	0.539051	-1.144676	1.390621	0.000000	0.000000
441.730000	0.539054	-1.144687	1.390619	0.000000	0.000000
441.740000	0.539057	-1.144698	1.390617	0.000000	0.000000
441.750000	0.539062	-1.144711	1.390615	0.000000	0.000000
441.760000	0.539067	-1.144724	1.390613	0.000000	0.000000
441.770000	0.539071	-1.144736	1.390611	0.000000	0.000000
441.780000	0.539075	-1.144747	1.390609	0.000000	0.000000
441.790000	0.539079	-1.144755	1.390607	0.000000	0.000000
441.800000	0.539081	-1.144758	1.390605	0.000000	0.000000
441.810000	0.539080	-1.144754	1.390603	0.000000	0.000000
441.820000	0.539078	-1.144746	1.390601	0.000000	0.000000
441.830000	0.539075	-1.144736	1.390599	0.000000	0.000000
441.840000	0.539073	-1.144728	1.390597	0.000000	0.000000
441.850000	0.539072	-1.144722	1.390595	0.000000	0.000000
441.860000	0.539072	-1.144716	1.390593	0.000000	0.000000
441.870000	0.539072	-1.144709	1.390591	0.000000	0.000000
441.880000	0.539072	-1.144702	1.390589	0.000000	0.000000
441.890000	0.539072	-1.144695	1.390587	0.000000	0.000000
441.900000	0.539073	-1.144689	1.390585	0.000000	0.000000
441.910000	0.539074	-1.144684	1.390583	0.000000	0.000000
441.920000	0.539075	-1.144679	1.390581	0.000000	0.000000
441.930000	0.539076	-1.144675	1.390580	0.000000	0.000000
441.940000	0.539077	-1.144675	1.390578	0.000000	0.000000
441.950000	0.539079	-1.144678	1.390576	0.000000	0.000000
441.960000	0.539081	-1.144684	1.390575	0.000000	0.000000
441.970000	0.539084	-1.144693	1.390573	0.000000	0.000000
441.980000	0.539087	-1.144702	1.390572	0.000000	0.000000
441.990000	0.539090	-1.144711	1.390570	0.000000	0.000000
442.000000	0.539092	-1.144718	1.390569	0.000000	0.000000
442.010000	0.539093	-1.144722	1.390568	0.000000	0.000000
442.020000	0.539092	-1.144723	1.390566	0.000000	0.000000
442.030000	0.539090	-1.144719	1.390565	0.000000	0.000000
442.040000	0.539087	-1.144712	1.390564	0.000000	0.000000
442.050000	0.539084	-1.144705	1.390563	0.000000	0.000000
442.060000	0.539082	-1.144699	1.390563	0.000000	0.000000
442.070000	0.539080	-1.144695	1.390562	0.000000	0.000000
442.080000	0.539078	-1.144692	1.390561	0.000000	0.000000
442.090000	0.539077	-1.144690	1.390561	0.000000	0.000000
442.100000	0.539075	-1.144689	1.390560	0.000000	0.000000
442.110000	0.539073	-1.144688	1.390560	0.000000	0.000000
442.120000	0.539073	-1.144688	1.390559	0.000000	0.000000
442.130000	0.539072	-1.144690	1.390559	0.000000	0.000000
442.140000	0.539071	-1.144693	1.390559	0.000000	0.000000
442.150000	0.539071	-1.144696	1.390558	0.000000	0.000000
442.160000	0.539070	-1.144699	1.390558	0.000000	0.000000
442.170000	0.539069	-1.144701	1.390558	0.000000	0.000000
442.180000	0.539067	-1.144702	1.390557	0.000000	0.000000
442.190000	0.539065	-1.144701	1.390557	0.000000	0.000000
442.200000	0.539063	-1.144700	1.390556	0.000000	0.000000
442.210000	0.539061	-1.144698	1.390556	0.000000	0.000000
442.220000	0.539059	-1.144696	1.390556	0.000000	0.000000
442.230000	0.539057	-1.144694	1.390555	0.000000	0.000000
442.240000	0.539055	-1.144693	1.390555	0.000000	0.000000
442.250000	0.539052	-1.144692	1.390554	0.000000	0.000000
442.260000	0.539051	-1.144694	1.390554	0.000000	0.000000
442.270000	0.539051	-1.144697	1.390554	0.000000	0.000000
442.280000	0.539052	-1.144702	1.390553	0.000000	0.000000
442.290000	0.539053	-1.144709	1.390553	0.000000	0.000000
442.300000	0.539053	-1.144715	1.390552	0.000000	0.000000
442.310000	0.539054	-1.144720	1.390552	0.000000	0.000000
442.320000	0.539054	-1.144722	1.390552	0.000000	0.000000
442.330000	0.539052	-1.144721	1.390551	0.000000	0.000000
442.340000	0.539050	-1.144717	1.390551	0.000000	0.000000
442.350000	0.539047	-1.144711	1.390550	0.000000	0.000000
442.360000	0.539045	-1.144703	1.390550	0.000000	0.000000
442.370000	0.539042	-1.144693	1.390549	0.000000	0.000000
442.380000	0.539038	-1.144684	1.390548	0.000000	0.000000
442.390000	0.539035	-1.144674	1.390548	0.000000	0.000000
442.400000	0.539032	-1.144665	1.390547	0.000000	0.000000
442.410000	0.539030	-1.144655	1.390546	0.000000	0.000000
442.420000	0.539028	-1.144645	1.390545	0.000000	0.000000
442.430000	0.539026	-1.144636	1.390545	0.000000	0.000000
442.440000	0.539026	-1.144626	1.390544	0.000000	0.000000
442.450000	0.539025	-1.144618	1.390543	0.000000	0.000000
442.460000	0.539024	-1.144611	1.390542	0.000000	0.000000
442.470000	0.539025	-1.144607	1.390540	0.000000	0.000000
442.480000	0.539027	-1.144606	1.390539	0.000000	0.000000
442.490000	0.539029	-1.144606	1.390538	0.000000	0.000000
442.500000	0.539032	-1.144607	1.390536	0.000000	0.000000
442.510000	0.539034	-1.144607	1.390535	0.000000	0.000000
442.520000	0.539035	-1.144606	1.390533	0.000000	0.000000
442.530000	0.539036	-1.144605	1.390531	0.000000	0.000000
442.540000	0.539039	-1.144606	1.390530	0.000000	0.000000
442.550000	0.539040	-1.144610	1.390528	0.000000	0.000000
442.560000	0.539041	-1.144615	1.390526	0.000000	0.000000
442.570000	0.539042	-1.144622	1.390524	0.000000	0.000000
442.580000	0.539044	-1.144627	1.390522	0.000000	0.000000
442.590000	0.539044	-1.144631	1.390520	0.000000	0.000000
442.600000	0.539043	-1.144631	1.390517	0.000000	0.000000
442.610000	0.539042	-1.144629	1.390515	0.000000	0.000000
442.620000	0.539039	-1.144626	1.390513	0.000000	0.000000
442.630000	0.539036	-1.144622	1.390510	0.000000	0.000000
442.640000	0.539033	-1.144620	1.390508	0.000000	0.000000
442.650000	0.539031	-1.144619	1.390505	0.000000	0.000000
442.660000	0.539030	-1.144620	1.390503	0.000000	0.000000
442.670000	0.539029	-1.144621	1.390501	0.000000	0.000000
442.680000	0.539028	-1.144620	1.390498	0.000000	0.000000
442.690000	0.539027	-1.144617	1.390496	0.000000	0.000000
442.700000	0.539025	-1.144612	1.390493	0.000000	0.000000
442.710000	0.539023	-1.144605	1.390491	0.000000	0.000000
442.720000	0.539020	-1.144597	1.390488	0.000000	0.000000
442.730000	0.539017	-1.144588	1.390486	0.000000	0.000000
442.740000	0.539014	-1.144580	1.390483	0.000000	0.000000
442.750000	0.539013	-1.144573	1.390481	0.000000	0.000000
442.760000	0.539012	-1.144567	1.390479	0.000000	0.000000
442.770000	0.539011	-1.144565	1.390477	0.000000	0.000000
442.780000	0.539013	-1.144566	1.390475	0.000000	0.000000
442.790000	0.539016	-1.144569	1.390473	0.000000	0.000000
442.800000	0.539019	-1.144572	1.390471	0.000000	0.000000
442.810000	0.539022	-1.144573	1.390469	0.000000	0.000000
442.820000	0.539024	-1.144570	1.390468	0.000000	0.000000
442.830000	0.539023	-1.144563	1.390467	0.000000	0.000000
442.840000	0.539022	-1.144552	1.390465	0.000000	0.000000
442.850000	0.539020	-1.144539	1.390464	0.000000	0.000000
442.860000	0.539018	-1.144526	1.390463	0.000000	0.000000
442.870000	0.539016	-1.144514	1.390462	0.000000	0.000000
442.880000	0.539013	-1.144502	1.390462	0.000000	0.000000
442.890000	0.539011	-1.144490	1.390461	0.000000	0.000000
442.900000	0.539008	-1.144479	1.390460	0.000000	0.000000
442.910000	0.539006	-1.144468	1.390460	0.000000	0.000000
442.920000	0.539003	-1.144458	1.390459	0.000000	0.000000
442.930000	0.539001	-1.144447	1.390459	0.000000	0.000000
442.940000	0.538998	-1.144437	1.390458	0.000000	0.000000
442.950000	0.538995	-1.144427	1.390458	0.000000	0.000000
442.960000	0.538993	-1.144416	1.390457	0.000000	0.000000
442.970000	0.538990	-1.144404	1.390457	0.000000	0.000000
442.980000	0.538988	-1.144390	1.390456	0.000000	0.000000
442.990000	0.538986	-1.144377	1.390456	0.000000	0.000000
443.000000	0.538985	-1.144366	1.390455	0.000000	0.000000
443.010000	0.538984	-1.144357	1.390455	0.000000	0.000000
443.020000	0.538984	-1.144347	1.390454	0.000000	0.000000
443.030000	0.538984	-1.144339	1.390453	0.000000	0.000000
443.040000	0.538984	-1.144332	1.390453	0.000000	0.000000
443.050000	0.538984	-1.144327	1.390452	0.000000	0.000000
443.060000	0.538985	-1.144325	1.390452	0.000000	0.000000
443.070000	0.538987	-1.144323	1.390451	0.000000	0.000000
443.080000	0.538987	-1.144320	1.390451	0.000000	0.000000
443.090000	0.538988	-1.144314	1.390450	0.000000	0.000000
443.100000	0.538988	-1.144305	1.390450	0.000000	0.000000
443.110000	0.538988	-1.144296	1.390449	0.000000	0.000000
443.120000	0.538988	-1.144286	1.390449	0.000000	0.000000
443.130000	0.538988	-1.144276	1.390448	0.000000	0.000000
443.140000	0.538989	-1.144268	1.390448	0.000000	0.000000
443.150000	0.538991	-1.144262	1.390448	0.000000	0.000000
443.160000	0.538992	-1.144255	1.390447	0.000000	0.000000
443.170000	0.538993	-1.144246	1.390447	0.000000	0.000000
443.180000	0.538993	-1.144233	1.390447	0.000000	0.000000
443.190000	0.538991	-1.144215	1.390447	0.000000	0.000000
443.200000	0.538987	-1.144192	1.390446	0.000000	0.000000
443.210000	0.538984	-1.144168	1.390446	0.000000	0.000000
443.220000	0.538982	-1.144145	1.390446	0.000000	0.000000
443.230000	0.538982	-1.144126	1.390445	0.000000	0.000000
443.240000	0.538982	-1.144109	1.390445	0.000000	0.000000
443.250000	0.538983	-1.144094	1.390445	0.000000	0.000000
443.260000	0.538985	-1.144081	1.390444	0.000000	0.000000
443.270000	0.538988	-1.144068	1.390444	0.000000	0.000000
443.280000	0.538990	-1.144055	1.390443	0.000000	0.000000
443.290000	0.538993	-1.144041	1.390442	0.000000	0.000000
443.300000	0.538996	-1.144029	1.390442	0.000000	0.000000
443.310000	0.538999	-1.144017	1.390441	0.000000	0.000000
443.320000	0.539003	-1.144005	1.390440	0.000000	0.000000
443.330000	0.539008	-1.143993	1.390439	0.000000	0.000000
443.340000	0.539013	-1.143979	1.390438	0.000000	0.000000
443.350000	0.539017	-1.143965	1.390437	0.000000	0.000000
443.360000	0.539022	-1.143954	1.390436	0.000000	0.000000
443.370000	0.539027	-1.143946	1.390435	0.000000	0.000000
443.380000	0.539033	-1.143940	1.390434	0.000000	0.000000
443.390000	0.539040	-1.143935	1.390432	0.000000	0.000000
443.400000	0.539046	-1.143932	1.390431	0.000000	0.000000
443.410000	0.539052	-1.143930	1.390430	0.000000	0.000000
443.420000	0.539059	-1.143928	1.390429	0.000000	0.000000
443.430000	0.539065	-1.143924	1.390428	0.000000	0.000000
443.440000	0.539069	-1.143914	1.390427	0.000000	0.000000
443.450000	0.539073	-1.143899	1.390426	0.000000	0.000000
443.460000	0.539075	-1.143880	1.390426	0.000000	0.000000
443.470000	0.539078	-1.143861	1.390425	0.000000	0.000000
443.480000	0.539082	-1.143844	1.390424	0.000000	0.000000
443.490000	0.539086	-1.143830	1.390424	0.000000	0.000000
443.500000	0.539091	-1.143818	1.390423	0.000000	0.000000
443.510000	0.539097	-1.143805	1.390423	0.000000	0.000000
443.520000	0.539101	-1.143790	1.390423	0.000000	0.000000
443.530000	0.539104	-1.143772	1.390423	0.000000	0.000000
443.540000	0.539106	-1.143753	1.390423	0.000000	0.000000
443.550000	0.539108	-1.143734	1.390423	0.000000	0.000000
443.560000	0.539110	-1.143715	1.390423	0.000000	0.000000
443.570000	0.539113	-1.143697	1.390423	0.000000	0.000000
443.580000	0.539115	-1.143679	1.390423	0.000000	0.000000
443.590000	0.539118	-1.143662	1.390423	0.000000	0.000000
443.600000	0.539121	-1.143645	1.390423	0.000000	0.000000
443.610000	0.539124	-1.143626	1.390423	0.000000	0.000000
443.620000	0.539127	-1.143607	1.390423	0.000000	0.000000
443.630000	0.539130	-1.143585	1.390423	0.000000	0.000000
443.640000	0.539132	-1.143561	1.390423	0.000000	0.000000
443.650000	0.539133	-1.143536	1.390422	0.000000	0.000000
443.660000	0.539134	-1.143511	1.390422	0.000000	0.000000
443.670000	0.539137	-1.143488	1.390422	0.000000	0.000000
443.680000	0.539140	-1.143467	1.390422	0.000000	0.000000
443.690000	0.539143	-1.143447	1.390421	0.000000	0.000000
443.700000	0.539147	-1.143428	1.390421	0.000000	0.000000
443.710000	0.539152	-1.143410	1.390420	0.000000	0.000000
443.720000	0.539158	-1.143394	1.390420	0.000000	0.000000
443.730000	0.539164	-1.143381	1.390419	0.000000	0.000000
443.740000	0.539171	-1.143372	1.390418	0.000000	0.000000
443.750000	0.539179	-1.143364	1.390417	0.000000	0.000000
443.760000	0.539186	-1.143357	1.390417	0.000000	0.000000
443.770000	0.539193	-1.143346	1.390416	0.000000	0.000000
443.780000	0.539198	-1.143332	1.390415	0.000000	0.000000
443.790000	0.539202	-1.143313	1.390413	0.000000	0.000000
443.800000	0.539204	-1.143292	1.390412	0.000000	0.000000
443.810000	0.539206	-1.143273	1.390411	0.000000	0.000000
443.820000	0.539210	-1.143257	1.390410	0.000000	0.000000
443.830000	0.539216	-1.143246	1.390408	0.000000	0.000000
443.840000	0.539222	-1.143236	1.390407	0.000000	0.000000
443.850000	0.539228	-1.143228	1.390405	0.000000	0.000000
443.860000	0.539235	-1.143221	1.390403	0.000000	0.000000
443.870000	0.539242	-1.143216	1.390401	0.000000	0.000000
443.880000	0.539252	-1.143214	1.390400	0.000000	0.000000
443.890000	0.539262	-1.143216	1.390398	0.000000	0.000000
443.900000	0.539272	-1.143218	1.390396	0.000000	0.000000
443.910000	0.539283	-1.143220	1.390393	0.000000	0.000000
443.920000	0.539293	-1.143218	1.390391	0.000000	0.000000
443.930000	0.539300	-1.143210	1.390389	0.000000	0.000000
443.940000	0.539306	-1.143196	1.390386	0.000000	0.000000
443.950000	0.539309	-1.143179	1.390384	0.000000	0.000000
443.960000	0.539312	-1.143160	1.390381	0.000000	0.000000
443.970000	0.539316	-1.143143	1.390379	0.000000	0.000000
443.980000	0.539322	-1.143129	1.390376	0.000000	0.000000
443.990000	0.539327	-1.143117	1.390373	0.000000	0.000000
444.000000	0.539333	-1.143105	1.390371	0.000000	0.000000
444.010000	0.539338	-1.143093	1.390368	0.000000	0.000000
444.020000	0.539344	-1.143080	1.390365	0.000000	0.000000
444.030000	0.539349	-1.143066	1.390363	0.000000	0.000000
444.040000	0.539354	-1.143053	1.390360	0.000000	0.000000
444.050000	0.539361	-1.143042	1.390357	0.000000	0.000000
444.060000	0.539368	-1.143033	1.390355	0.000000	0.000000
444.070000	0.539376	-1.143026	1.390352	0.000000	0.000000
444.080000	0.539383	-1.143019	1.390350	0.000000	0.000000
444.090000	0.539389	-1.143013	1.390348	0.000000	0.000000
444.100000	0.539396	-1.143008	1.390345	0.000000	0.000000
444.110000	0.539402	-1.143005	1.390343	0.000000	0.000000
444.120000	0.539408	-1.143002	1.390341	0.000000	0.000000
444.130000	0.539413	-1.143000	1.390338	0.000000	0.000000
444.140000	0.539419	-1.142996	1.390336	0.000000	0.000000
444.150000	0.539424	-1.142992	1.390334	0.000000	0.000000
444.160000	0.539431	-1.142989	1.390331	0.000000	0.000000
444.170000	0.539436	-1.142987	1.390329	0.000000	0.000000
444.180000	0.539441	-1.142986	1.390327	0.000000	0.000000
444.190000	0.539447	-1.142984	1.390325	0.000000	0.000000
444.200000	0.539453	-1.142983	1.390323	0.000000	0.000000
444.210000	0.539458	-1.142979	1.390321	0.000000	0.000000
444.220000	0.539461	-1.142969	1.390319	0.000000	0.000000
444.230000	0.539465	-1.142958	1.390317	0.000000	0.000000
444.240000	0.539470	-1.142952	1.390315	0.000000	0.000000
444.250000	0.539477	-1.142949	1.390313	0.000000	0.000000
444.260000	0.539484	-1.142946	1.390312	0.000000	0.000000
444.270000	0.539491	-1.142941	1.390310	0.000000	0.000000
444.280000	0.539495	-1.142934	1.390309	0.000000	0.000000
444.290000	0.539499	-1.142925	1.390308	0.000000	0.000000
444.300000	0.539502	-1.142914	1.390307	0.000000	0.000000
444.310000	0.539505	-1.142904	1.390306	0.000000	0.000000
444.320000	0.539508	-1.142895	1.390305	0.000000	0.000000
444.330000	0.539511	-1.142888	1.390304	0.000000	0.000000
444.340000	0.539516	-1.142882	1.390304	0.000000	0.000000
444.350000	0.539521	-1.142878	1.390303	0.000000	0.000000
444.360000	0.539527	-1.142877	1.390303	0.000000	0.000000
444.370000	0.539534	-1.142877	1.390303	0.000000	0.000000
444.380000	0.539542	-1.142880	1.390302	0.000000	0.000000
444.390000	0.539550	-1.142882	1.390302	0.000000	0.000000
444.400000	0.539558	-1.142884	1.390303	0.000000	0.000000
444.410000	0.539563	-1.142881	1.390303	0.000000	0.000000
444.420000	0.539566	-1.142873	1.390303	0.000000	0.000000
444.430000	0.539568	-1.142861	1.390304	0.000000	0.000000
444.440000	0.539570	-1.142847	1.390304	0.000000	0.000000
444.450000	0.539571	-1.142832	1.390305	0.000000	0.000000
444.460000	0.539571	-1.142815	1.390305	0.000000	0.000000
444.470000	0.539571	-1.142800	1.390306	0.000000	0.000000
444.480000	0.539571	-1.142787	1.390307	0.000000	0.000000
444.490000	0.539572	-1.142778	1.390308	0.000000	0.000000
444.500000	0.539574	-1.142770	1.390309	0.000000	0.000000
444.510000	0.539576	-1.142765	1.390310	0.000000	0.000000
444.520000	0.539578	-1.142759	1.390311	0.000000	0.000000
444.530000	0.539579	-1.142753	1.390312	0.000000	0.000000
444.540000	0.539580	-1.142745	1.390314	0.000000	0.000000
444.550000	0.539581	-1.142734	1.390315	0.000000	0.000000
444.560000	0.539581	-1.142722	1.390316	0.000000	0.000000
444.570000	0.539580	-1.142708	1.390317	0.000000	0.000000
444.580000	0.539579	-1.142692	1.390318	0.000000	0.000000
444.590000	0.539577	-1.142677	1.390319	0.000000	0.000000
444.600000	0.539576	-1.142663	1.390320	0.000000	0.000000
444.610000	0.539576	-1.142653	1.390321	0.000000	0.000000
444.620000	0.539577	-1.142646	1.390322	0.000000	0.000000
444.630000	0.539577	-1.142641	1.390323	0.000000	0.000000
444.640000	0.539579	-1.142637	1.390324	0.000000	0.000000
444.650000	0.539580	-1.142633	1.390324	0.000000	0.000000
444.660000	0.539579	-1.142628	1.390325	0.000000	0.000000
444.670000	0.539579	-1.142625	1.390326	0.000000	0.000000
444.680000	0.539579	-1.142623	1.390327	0.000000	0.000000
444.690000	0.539580	-1.142622	1.390327	0.000000	0.000000
444.700000	0.539581	-1.142621	1.390328	0.000000	0.000000
444.710000	0.539581	-1.142618	1.390329	0.000000	0.000000
444.720000	0.539580	-1.142612	1.390330	0.000000	0.000000
444.730000	0.539578	-1.142602	1.390331	0.000000	0.000000
444.740000	0.539575	-1.142590	1.390331	0.000000	0.000000
444.750000	0.539571	-1.142578	1.390332	0.000000	0.000000
444.760000	0.539568	-1.142568	1.390333	0.000000	0.000000
444.770000	0.539566	-1.142561	1.390334	0.000000	0.000000
444.780000	0.539565	-1.142557	1.390335	0.000000	0.000000
444.790000	0.539563	-1.142553	1.390337	0.000000	0.000000
444.800000	0.539561	-1.142548	1.390338	0.000000	0.000000
444.810000	0.539558	-1.142541	1.390339	0.000000	0.000000
444.820000	0.539555	-1.142532	1.390340	0.000000	0.000000
444.830000	0.539552	-1.142523	1.390341	0.000000	0.000000
444.840000	0.539549	-1.142513	1.390342	0.000000	0.000000
444.850000	0.539546	-1.142504	1.390343	0.000000	0.000000
444.860000	0.539543	-1.142496	1.390345	0.000000	0.000000
444.870000	0.539541	-1.142488	1.390346	0.000000	0.000000
444.880000	0.539539	-1.142481	1.390347	0.000000	0.000000
444.890000	0.539537	-1.142475	1.390348	0.000000	0.000000
444.900000	0.539536	-1.142468	1.390348	0.000000	0.000000
444.910000	0.539535	-1.142463	1.390349	0.000000	0.000000
444.920000	0.539534	-1.142459	1.390350	0.000000	0.000000
444.930000	0.539534	-1.142454	1.390350	0.000000	0.000000
444.940000	0.539534	-1.142448	1.390351	0.000000	0.000000
444.950000	0.539533	-1.142438	1.390351	0.000000	0.000000
444.960000	0.539532	-1.142429	1.390351	0.000000	0.000000
444.970000	0.539533	-1.142423	1.390351	0.000000	0.000000
444.980000	0.539533	-1.142418	1.390351	0.000000	0.000000
444.990000	0.539533	-1.142415	1.390351	0.000000	0.000000
445.000000	0.539533	-1.142411	1.390352	0.000000	0.000000
445.010000	0.539535	-1.142406	1.390352	0.000000	0.000000
445.020000	0.539536	-1.142401	1.390352	0.000000	0.000000
445.030000	0.539536	-1.142396	1.390352	0.000000	0.000000
445.040000	0.539536	-1.142391	1.390352	0.000000	0.000000
445.050000	0.539535	-1.142387	1.390352	0.000000	0.000000
445.060000	0.539534	-1.142382	1.390352	0.000000	0.000000
445.070000	0.539533	-1.142376	1.390353	0.000000	0.000000
445.080000	0.539533	-1.142370	1.390353	0.000000	0.000000
445.090000	0.539531	-1.142364	1.390353	0.000000	0.000000
445.100000	0.539530	-1.142358	1.390353	0.000000	0.000000
445.110000	0.539529	-1.142352	1.390353	0.000000	0.000000
445.120000	0.539528	-1.142348	1.390353	0.000000	0.000000
445.130000	0.539529	-1.142345	1.390353	0.000000	0.000000
445.140000	0.539529	-1.142343	1.390353	0.000000	0.000000
445.150000	0.539529	-1.142341	1.390353	0.000000	0.000000
445.160000	0.539530	-1.142340	1.390352	0.000000	0.000000
445.170000	0.539530	-1.142339	1.390352	0.000000	0.000000
445.180000	0.539530	-1.142337	1.390351	0.000000	0.000000
445.190000	0.539530	-1.142334	1.390350	0.000000	0.000000
445.200000	0.539530	-1.142331	1.390349	0.000000	0.000000
445.210000	0.539529	-1.142328	1.390348	0.000000	0.000000
445.220000	0.539528	-1.142328	1.390347	0.000000	0.000000
445.230000	0.539527	-1.142329	1.390346	0.000000	0.000000
445.240000	0.539527	-1.142331	1.390345	0.000000	0.000000
445.250000	0.539527	-1.142335	1.390343	0.000000	0.000000
445.260000	0.539528	-1.142341	1.390342	0.000000	0.000000
445.270000	0.539529	-1.142349	1.390341	0.000000	0.000000
445.280000	0.539532	-1.142357	1.390340	0.000000	0.000000
445.290000	0.539534	-1.142363	1.390338	0.000000	0.000000
445.300000	0.539535	-1.142366	1.390337	0.000000	0.000000
445.310000	0.539534	-1.142364	1.390336	0.000000	0.000000
445.320000	0.539534	-1.142360	1.390335	0.000000	0.000000
445.330000	0.539533	-1.142355	1.390334	0.000000	0.000000
445.340000	0.539532	-1.142351	1.390332	0.000000	0.000000
445.350000	0.539532	-1.142349	1.390331	0.000000	0.000000
445.360000	0.539533	-1.142350	1.390330	0.000000	0.000000
445.370000	0.539534	-1.142355	1.390329	0.000000	0.000000
445.380000	0.539536	-1.142361	1.390328	0.000000	0.000000
445.390000	0.539538	-1.142369	1.390327	0.000000	0.000000
445.400000	0.539541	-1.142375	1.390326	0.000000	0.000000
445.410000	0.539542	-1.142379	1.390325	0.000000	0.000000
445.420000	0.539543	-1.142380	1.390324	0.000000	0.000000
445.430000	0.539542	-1.142378	1.390323	0.000000	0.000000
445.440000	0.539540	-1.142373	1.390322	0.000000	0.000000
445.450000	0.539538	-1.142364	1.390321	0.000000	0.000000
445.460000	0.539536	-1.142352	1.390320	0.000000	0.000000
445.470000	0.539532	-1.142341	1.390320	0.000000	0.000000
445.480000	0.539530	-1.142334	1.390319	0.000000	0.000000
445.490000	0.539529	-1.142330	1.390318	0.000000	0.000000
445.500000	0.539530	-1.142331	1.390317	0.000000	0.000000
445.510000	0.539531	-1.142334	1.390317	0.000000	0.000000
445.520000	0.539534	-1.142339	1.390316	0.000000	0.000000
445.530000	0.539536	-1.142343	1.390316	0.000000	0.000000
445.540000	0.539536	-1.142346	1.390316	0.000000	0.000000
445.550000	0.539537	-1.142346	1.390315	0.000000	0.000000
445.560000	0.539537	-1.142345	1.390315	0.000000	0.000000
445.570000	0.539535	-1.142343	1.390315	0.000000	0.000000
445.580000	0.539535	-1.142341	1.390315	0.000000	0.000000
445.590000	0.539534	-1.142341	1.390315	0.000000	0.000000
445.600000	0.539533	-1.142341	1.390315	0.000000	0.000000
445.610000	0.539533	-1.142341	1.390315	0.000000	0.000000
445.620000	0.539533	-1.142342	1.390315	0.000000	0.000000
445.630000	0.539534	-1.142343	1.390315	0.000000	0.000000
445.640000	0.539534	-1.142346	1.390315	0.000000	0.000000
445.650000	0.539535	-1.142350	1.390315	0.000000	0.000000
445.660000	0.539536	-1.142355	1.390315	0.000000	0.000000
445.670000	0.539537	-1.142359	1.390315	0.000000	0.000000
445.680000	0.539538	-1.142363	1.390315	0.000000	0.000000
445.690000	0.539539	-1.142365	1.390315	0.000000	0.000000
445.700000	0.539539	-1.142366	1.390315	0.000000	0.000000
445.710000	0.539539	-1.142365	1.390315	0.000000	0.000000
445.720000	0.539538	-1.142362	1.390315	0.000000	0.000000
445.730000	0.539536	-1.142357	1.390315	0.000000	0.000000
445.740000	0.539534	-1.142354	1.390315	0.000000	0.000000
445.750000	0.539533	-1.142352	1.390316	0.000000	0.000000
445.760000	0.539531	-1.142352	1.390316	0.000000	0.000000
445.770000	0.539531	-1.142354	1.390317	0.000000	0.000000
445.780000	0.539531	-1.142356	1.390317	0.000000	0.000000
445.790000	0.539530	-1.142356	1.390318	0.000000	0.000000
445.800000	0.539530	-1.142355	1.390319	0.000000	0.000000
445.810000	0.539529	-1.142351	1.390320	0.000000	0.000000
445.820000	0.539527	-1.142346	1.390321	0.000000	0.000000
445.830000	0.539524	-1.142339	1.390322	0.000000	0.000000
445.840000	0.539522	-1.142332	1.390323	0.000000	0.000000
445.850000	0.539519	-1.142326	1.390324	0.000000	0.000000
445.860000	0.539517	-1.142321	1.390325	0.000000	0.000000
445.870000	0.539516	-1.142318	1.390326	0.000000	0.000000
445.880000	0.539515	-1.142316	1.390327	0.000000	0.000000
445.890000	0.539515	-1.142317	1.390328	0.000000	0.000000
445.900000	0.539515	-1.142319	1.390329	0.000000	0.000000
445.910000	0.539516	-1.142321	1.390329	0.000000	0.000000
445.920000	0.539516	-1.142324	1.390330	0.000000	0.000000
445.930000	0.539516	-1.142325	1.390331	0.000000	0.000000
445.940000	0.539515	-1.142325	1.390331	0.000000	0.000000
445.950000	0.539514	-1.142323	1.390332	0.000000	0.000000
445.960000	0.539512	-1.142321	1.390333	0.000000	0.000000
445.970000	0.539511	-1.142320	1.390333	0.000000	0.000000
445.980000	0.539510	-1.142319	1.390334	0.000000	0.000000
445.990000	0.539509	-1.142318	1.390334	0.000000	0.000000
446.000000	0.539508	-1.142318	1.390335	0.000000	0.000000
446.010000	0.539508	-1.142320	1.390336	0.000000	0.000000
446.020000	0.539508	-1.142322	1.390336	0.000000	0.000000
446.030000	0.539509	-1.142324	1.390337	0.000000	0.000000
446.040000	0.539510	-1.142326	1.390338	0.000000	0.000000
446.050000	0.539511	-1.142327	1.390338	0.000000	0.000000
446.060000	0.539512	-1.142325	1.390339	0.000000	0.000000
446.070000	0.539511	-1.142319	1.390340	0.000000	0.000000
446.080000	0.539510	-1.142310	1.390340	0.000000	0.000000
446.090000	0.539508	-1.142299	1.390341	0.000000	0.000000
446.100000	0.539505	-1.142286	1.390341	0.000000	0.000000
446.110000	0.539503	-1.142273	1.390341	0.000000	0.000000
446.120000	0.539500	-1.142261	1.390342	0.000000	0.000000
446.130000	0.539499	-1.142249	1.390342	0.000000	0.000000
446.140000	0.539498	-1.142240	1.390342	0.000000	0.000000
446.150000	0.539498	-1.142234	1.390342	0.000000	0.000000
446.160000	0.539498	-1.142230	1.390341	0.000000	0.000000
446.170000	0.539499	-1.142227	1.390341	0.000000	0.000000
446.180000	0.539499	-1.142224	1.390340	0.000000	0.000000
446.190000	0.539500	-1.142221	1.390340	0.000000	0.000000
446.200000	0.539501	-1.142217	1.390339	0.000000	0.000000
446.210000	0.539503	-1.142215	1.390338	0.000000	0.000000
446.220000	0.539505	-1.142215	1.390337	0.000000	0.000000
446.230000	0.539509	-1.142216	1.390336	0.000000	0.000000
446.240000	0.539512	-1.142218	1.390335	0.000000	0.000000
446.250000	0.539515	-1.142220	1.390333	0.000000	0.000000
446.260000	0.539518	-1.142220	1.390332	0.000000	0.000000
446.270000	0.539519	-1.142216	1.390331	0.000000	0.000000
446.280000	0.539520	-1.142210	1.390330	0.000000	0.000000
446.290000	0.539521	-1.142203	1.390329	0.000000	0.000000
446.300000	0.539523	-1.142197	1.390328	0.000000	0.000000
446.310000	0.539526	-1.142191	1.390327	0.000000	0.000000
446.320000	0.539527	-1.142184	1.390327	0.000000	0.000000
446.330000	0.539529	-1.142175	1.390326	0.000000	0.000000
446.340000	0.539529	-1.142165	1.390326	0.000000	0.000000
446.350000	0.539530	-1.142153	1.390326	0.000000	0.000000
446.360000	0.539531	-1.142141	1.390325	0.000000	0.000000
446.370000	0.539532	-1.142128	1.390325	0.000000	0.000000
446.380000	0.539533	-1.142114	1.390326	0.000000	0.000000
446.390000	0.539534	-1.142101	1.390326	0.000000	0.000000
446.400000	0.539534	-1.142088	1.390326	0.000000	0.000000
446.410000	0.539534	-1.142076	1.390326	0.000000	0.000000
446.420000	0.539535	-1.142065	1.390327	0.000000	0.000000
446.430000	0.539535	-1.142056	1.390327	0.000000	0.000000
446.440000	0.539536	-1.142047	1.390327	0.000000	0.000000
446.450000	0.539537	-1.142040	1.390327	0.000000	0.000000
446.460000	0.539537	-1.142034	1.390327	0.000000	0.000000
446.470000	0.539538	-1.142027	1.390327	0.000000	0.000000
446.480000	0.539539	-1.142018	1.390327	0.000000	0.000000
446.490000	0.539539	-1.142007	1.390327	0.000000	0.000000
446.500000	0.539537	-1.141993	1.390326	0.000000	0.000000
446.510000	0.539536	-1.141978	1.390326	0.000000	0.000000
446.520000	0.539535	-1.141965	1.390325	0.000000	0.000000
446.530000	0.539536	-1.141958	1.390324	0.000000	0.000000
446.540000	0.539537	-1.141955	1.390324	0.000000	0.000000
446.550000	0.539538	-1.141954	1.390323	0.000000	0.000000
446.560000	0.539538	-1.141951	1.390322	0.000000	0.000000
446.570000	0.539538	-1.141945	1.390322	0.000000	0.000000
446.580000	0.539537	-1.141935	1.390321	0.000000	0.000000
446.590000	0.539536	-1.141924	1.390320	0.000000	0.000000
446.600000	0.539535	-1.141914	1.390319	0.000000	0.000000
446.610000	0.539536	-1.141906	1.390319	0.000000	0.000000
446.620000	0.539536	-1.141901	1.390318	0.000000	0.000000
446.630000	0.539536	-1.141895	1.390318	0.000000	0.000000
446.640000	0.539535	-1.141889	1.390317	0.000000	0.000000
446.650000	0.539535	-1.141882	1.390317	0.000000	0.000000
446.660000	0.539535	-1.141876	1.390317	0.000000	0.000000
446.670000	0.539537	-1.141870	1.390316	0.000000	0.000000
446.680000	0.539538	-1.141865	1.390316	0.000000	0.000000
446.690000	0.539540	-1.141858	1.390316	0.000000	0.000000
446.700000	0.539541	-1.141850	1.390315	0.000000	0.000000
446.710000	0.539541	-1.141839	1.390315	0.000000	0.000000
446.720000	0.539540	-1.141827	1.390315	0.000000	0.000000
446.730000	0.539539	-1.141815	1.390314	0.000000	0.000000
446.740000	0.539538	-1.141805	1.390314	0.000000	0.000000
446.750000	0.539538	-1.141796	1.390313	0.000000	0.000000
446.760000	0.539537	-1.141787	1.390313	0.000000	0.000000
446.770000	0.539536	-1.141777	1.390312	0.000000	0.000000
446.780000	0.539536	-1.141768	1.390312	0.000000	0.000000
446.790000	0.539536	-1.141762	1.390311	0.000000	0.000000
446.800000	0.539537	-1.141760	1.390310	0.000000	0.000000
446.810000	0.539539	-1.141759	1.390310	0.000000	0.000000
446.820000	0.539542	-1.141759	1.390309	0.000000	0.000000
446.830000	0.539543	-1.141757	1.390308	0.000000	0.000000
446.840000	0.539545	-1.141755	1.390306	0.000000	0.000000
446.850000	0.539546	-1.141753	1.390305	0.000000	0.000000
446.860000	0.539547	-1.141750	1.390304	0.000000	0.000000
446.870000	0.539548	-1.141747	1.390302	0.000000	0.000000
446.880000	0.539549	-1.141745	1.390301	0.000000	0.000000
446.890000	0.539551	-1.141744	1.390299	0.000000	0.000000
446.900000	0.539554	-1.141745	1.390298	0.000000	0.000000
446.910000	0.539557	-1.141747	1.390296	0.000000	0.000000
446.920000	0.539560	-1.141751	1.390294	0.000000	0.000000
446.930000	0.539563	-1.141756	1.390292	0.000000	0.000000
446.940000	0.539566	-1.141760	1.390290	0.000000	0.000000
446.950000	0.539569	-1.141763	1.390289	0.000000	0.000000
446.960000	0.539571	-1.141765	1.390287	0.000000	0.000000
446.970000	0.539572	-1.141767	1.390285	0.000000	0.000000
446.980000	0.539574	-1.141770	1.390283	0.000000	0.000000
446.990000	0.539576	-1.141775	1.390281	0.000000	0.000000
447.000000	0.539579	-1.141782	1.390280	0.000000	0.000000
447.010000	0.539582	-1.141790	1.390278	0.000000	0.000000
447.020000	0.539585	-1.141797	1.390276	0.000000	0.000000
447.030000	0.539587	-1.141802	1.390275	0.000000	0.000000
447.040000	0.539589	-1.141806	1.390273	0.000000	0.000000
447.050000	0.539590	-1.141808	1.390272	0.000000	0.000000
447.060000	0.539592	-1.141809	1.390270	0.000000	0.000000
447.070000	0.539593	-1.141809	1.390269	0.000000	0.000000
447.080000	0.539594	-1.141810	1.390268	0.000000	0.000000
447.090000	0.539595	-1.141812	1.390267	0.000000	0.000000
447.100000	0.539597	-1.141814	1.390265	0.000000	0.000000
447.110000	0.539598	-1.141816	1.390264	0.000000	0.000000
447.120000	0.539598	-1.141817	1.390263	0.000000	0.000000
447.130000	0.539598	-1.141818	1.390262	0.000000	0.000000
447.140000	0.539597	-1.141818	1.390261	0.000000	0.000000
447.150000	0.539596	-1.141817	1.390260	0.000000	0.000000
447.160000	0.539596	-1.141817	1.390259	0.000000	0.000000
447.170000	0.539595	-1.141817	1.390258	0.000000	0.000000
447.180000	0.539595	-1.141819	1.390257	0.000000	0.000000
447.190000	0.539595	-1.141824	1.390256	0.000000	0.000000
447.200000	0.539596	-1.141830	1.390255	0.000000	0.000000
447.210000	0.539595	-1.141835	1.390255	0.000000	0.000000
447.220000	0.539595	-1.141840	1.390254	0.000000	0.000000
447.230000	0.539595	-1.141843	1.390253	0.000000	0.000000
447.240000	0.539593	-1.141844	1.390252	0.000000	0.000000
447.250000	0.539591	-1.141842	1.390252	0.000000	0.000000
447.260000	0.539588	-1.141838	1.390251	0.000000	0.000000
447.270000	0.539585	-1.141833	1.390250	0.000000	0.000000
447.280000	0.539583	-1.141830	1.390249	0.000000	0.000000
447.290000	0.539583	-1.141832	1.390248	0.000000	0.000000
447.300000	0.539583	-1.141837	1.390247	0.000000	0.000000
447.310000	0.539584	-1.141842	1.390246	0.000000	0.000000
447.320000	0.539585	-1.141847	1.390245	0.000000	0.000000
447.330000	0.539585	-1.141851	1.390244	0.000000	0.000000
447.340000	0.539585	-1.141855	1.390243	0.000000	0.000000
447.350000	0.539587	-1.141861	1.390241	0.000000	0.000000
447.360000	0.539588	-1.141868	1.390240	0.000000	0.000000
447.370000	0.539590	-1.141876	1.390239	0.000000	0.000000
447.380000	0.539591	-1.141883	1.390237	0.000000	0.000000
447.390000	0.539592	-1.141888	1.390235	0.000000	0.000000
447.400000	0.539593	-1.141892	1.390233	0.000000	0.000000
447.410000	0.539593	-1.141893	1.390231	0.000000	0.000000
447.420000	0.539593	-1.141896	1.390229	0.000000	0.000000
447.430000	0.539594	-1.141900	1.390227	0.000000	0.000000
447.440000	0.539596	-1.141907	1.390225	0.000000	0.000000
447.450000	0.539598	-1.141916	1.390222	0.000000	0.000000
447.460000	0.539600	-1.141925	1.390220	0.000000	0.000000
447.470000	0.539602	-1.141934	1.390217	0.000000	0.000000
447.480000	0.539603	-1.141941	1.390214	0.000000	0.000000
447.490000	0.539604	-1.141947	1.390212	0.000000	0.000000
447.500000	0.539603	-1.141951	1.390209	0.000000	0.000000
447.510000	0.539603	-1.141954	1.390206	0.000000	0.000000
447.520000	0.539603	-1.141959	1.390202	0.000000	0.000000
447.530000	0.539604	-1.141965	1.390199	0.000000	0.000000
447.540000	0.539606	-1.141974	1.390196	0.000000	0.000000
447.550000	0.539608	-1.141983	1.390192	0.000000	0.000000
447.560000	0.539610	-1.141992	1.390189	0.000000	0.000000
447.570000	0.539612	-1.142001	1.390185	0.000000	0.000000
447.580000	0.539613	-1.142009	1.390182	0.000000	0.000000
447.590000	0.539616	-1.142018	1.390178	0.000000	0.000000
447.600000	0.539617	-1.142027	1.390174	0.000000	0.000000
447.610000	0.539618	-1.142038	1.390170	0.000000	0.000000
447.620000	0.539619	-1.142048	1.390166	0.000000	0.000000
447.630000	0.539619	-1.142058	1.390162	0.000000	0.000000
447.640000	0.539619	-1.142068	1.390158	0.000000	0.000000
447.650000	0.539618	-1.142076	1.390154	0.000000	0.000000
447.660000	0.539617	-1.142085	1.390150	0.000000	0.000000
447.670000	0.539618	-1.142095	1.390146	0.000000	0.000000
447.680000	0.539619	-1.142107	1.390142	0.000000	0.000000
447.690000	0.539620	-1.142120	1.390137	0.000000	0.000000
447.700000	0.539621	-1.142133	1.390133	0.000000	0.000000
447.710000	0.539622	-1.142144	1.390129	0.000000	0.000000
447.720000	0.539622	-1.142153	1.390124	0.000000	0.000000
447.730000	0.539621	-1.142163	1.390120	0.000000	0.000000
447.740000	0.539621	-1.142176	1.390116	0.000000	0.000000
447.750000	0.539623	-1.142189	1.390112	0.000000	0.000000
447.760000	0.539624	-1.142201	1.390108	0.000000	0.000000
447.770000	0.539625	-1.142211	1.390104	0.000000	0.000000
447.780000	0.539626	-1.142219	1.390100	0.000000	0.000000
447.790000	0.539626	-1.142225	1.390096	0.000000	0.000000
447.800000	0.539626	-1.142230	1.390093	0.000000	0.000000
447.810000	0.539626	-1.142236	1.390089	0.000000	0.000000
447.820000	0.539627	-1.142244	1.390086	0.000000	0.000000
447.830000	0.539629	-1.142254	1.390082	0.000000	0.000000
447.840000	0.539631	-1.142264	1.390079	0.000000	0.000000
447.850000	0.539633	-1.142274	1.390076	0.000000	0.000000
447.860000	0.539635	-1.142282	1.390072	0.000000	0.000000
447.870000	0.539636	-1.142288	1.390069	0.000000	0.000000
447.880000	0.539636	-1.142292	1.390066	0.000000	0.000000
447.890000	0.539635	-1.142294	1.390063	0.000000	0.000000
447.900000	0.539633	-1.142294	1.390059	0.000000	0.000000
447.910000	0.539631	-1.142293	1.390056	0.000000	0.000000
447.920000	0.539628	-1.142293	1.390053	0.000000	0.000000
447.930000	0.539626	-1.142292	1.390050	0.000000	0.000000
447.940000	0.539624	-1.142291	1.390046	0.000000	0.000000
447.950000	0.539623	-1.142291	1.390043	0.000000	0.000000
447.960000	0.539622	-1.142293	1.390039	0.000000	0.000000
447.970000	0.539622	-1.142296	1.390036	0.000000	0.000000
447.980000	0.539623	-1.142303	1.390032	0.000000	0.000000
447.990000	0.539624	-1.142311	1.390028	0.000000	0.000000
448.000000	0.539626	-1.142321	1.390025	0.000000	0.000000
448.010000	0.539628	-1.142331	1.390021	0.000000	0.000000
448.020000	0.539630	-1.142343	1.390017	0.000000	0.000000
448.030000	0.539634	-1.142355	1.390013	0.000000	0.000000
448.040000	0.539638	-1.142369	1.390009	0.000000	0.000000
448.050000	0.539642	-1.142383	1.390005	0.000000	0.000000
448.060000	0.539646	-1.142399	1.390001	0.000000	0.000000
448.070000	0.539649	-1.142414	1.389997	0.000000	0.000000
448.080000	0.539653	-1.142428	1.389993	0.000000	0.000000
448.090000	0.539655	-1.142439	1.389988	0.000000	0.000000
448.100000	0.539656	-1.142444	1.389984	0.000000	0.000000
448.110000	0.539656	-1.142445	1.389980	0.000000	0.000000
448.120000	0.539656	-1.142445	1.389976	0.000000	0.000000
448.130000	0.539657	-1.142449	1.389972	0.000000	0.000000
448.140000	0.539660	-1.142456	1.389969	0.000000	0.000000
448.150000	0.539663	-1.142464	1.389965	0.000000	0.000000
448.160000	0.539665	-1.142473	1.389961	0.000000	0.000000
448.170000	0.539668	-1.142484	1.389958	0.000000	0.000000
448.180000	0.539671	-1.142494	1.389954	0.000000	0.000000
448.190000	0.539672	-1.142503	1.389951	0.000000	0.000000
448.200000	0.539674	-1.142510	1.389948	0.000000	0.000000
448.210000	0.539673	-1.142515	1.389945	0.000000	0.000000
448.220000	0.539672	-1.142515	1.389941	0.000000	0.000000
448.230000	0.539669	-1.142513	1.389938	0.000000	0.000000
448.240000	0.539667	-1.142510	1.389935	0.000000	0.000000
448.250000	0.539665	-1.142506	1.389932	0.000000	0.000000
448.260000	0.539662	-1.142503	1.389929	0.000000	0.000000
448.270000	0.539660	-1.142501	1.389926	0.000000	0.000000
448.280000	0.539657	-1.142500	1.389923	0.000000	0.000000
448.290000	0.539655	-1.142502	1.389920	0.000000	0.000000
448.300000	0.539654	-1.142508	1.389917	0.000000	0.000000
448.310000	0.539654	-1.142517	1.389914	0.000000	0.000000
448.320000	0.539654	-1.142528	1.389910	0.000000	0.000000
448.330000	0.539654	-1.142540	1.389907	0.000000	0.000000
448.340000	0.539654	-1.142552	1.389903	0.000000	0.000000
448.350000	0.539655	-1.142562	1.389899	0.000000	0.000000
448.360000	0.539656	-1.142572	1.389895	0.000000	0.000000
448.370000	0.539657	-1.142582	1.389891	0.000000	0.000000
448.380000	0.539659	-1.142592	1.389887	0.000000	0.000000
448.390000	0.539660	-1.142601	1.389883	0.000000	0.000000
448.400000	0.539662	-1.142607	1.389878	0.000000	0.000000
448.410000	0.539662	-1.142610	1.389874	0.000000	0.000000
448.420000	0.539663	-1.142614	1.389869	0.000000	0.000000
448.430000	0.539664	-1.142620	1.389864	0.000000	0.000000
448.440000	0.539666	-1.142626	1.389859	0.000000	0.000000
448.450000	0.539667	-1.142634	1.389854	0.000000	0.000000
448.460000	0.539670	-1.142643	1.389849	0.000000	0.000000
448.470000	0.539674	-1.142658	1.389844	0.000000	0.000000
448.480000	0.539680	-1.142676	1.389839	0.000000	0.000000
448.490000	0.539687	-1.142697	1.389834	0.000000	0.000000
448.500000	0.539693	-1.142717	1.389829	0.000000	0.000000
448.510000	0.539698	-1.142733	1.389824	0.000000	0.000000
448.520000	0.539701	-1.142745	1.389819	0.000000	0.000000
448.530000	0.539702	-1.142752	1.389815	0.000000	0.000000
448.540000	0.539703	-1.142758	1.389810	0.000000	0.000000
448.550000	0.539704	-1.142762	1.389805	0.000000	0.000000
448.560000	0.539705	-1.142767	1.389801	0.000000	0.000000
448.570000	0.539706	-1.142770	1.389797	0.000000	0.000000
448.580000	0.539707	-1.142770	1.389793	0.000000	0.000000
448.590000	0.539707	-1.142766	1.389789	0.000000	0.000000
448.600000	0.539706	-1.142759	1.389785	0.000000	0.000000
448.610000	0.539704	-1.142750	1.389781	0.000000	0.000000
448.620000	0.539704	-1.142741	1.389777	0.000000	0.000000
448.630000	0.539704	-1.142732	1.389773	0.000000	0.000000
448.640000	0.539704	-1.142725	1.389770	0.000000	0.000000
448.650000	0.539704	-1.142719	1.389766	0.000000	0.000000
448.660000	0.539705	-1.142715	1.389763	0.000000	0.000000
448.670000	0.539707	-1.142714	1.389759	0.000000	0.000000
448.680000	0.539711	-1.142715	1.389755	0.000000	0.000000
448.690000	0.539714	-1.142718	1.389752	0.000000	0.000000
448.700000	0.539718	-1.142721	1.389748	0.000000	0.000000
448.710000	0.539723	-1.142725	1.389744	0.000000	0.000000
448.720000	0.539726	-1.142729	1.389740	0.000000	0.000000
448.730000	0.539730	-1.142735	1.389736	0.000000	0.000000
448.740000	0.539734	-1.142744	1.389732	0.000000	0.000000
448.750000	0.539738	-1.142756	1.389728	0.000000	0.000000
448.760000	0.539743	-1.142769	1.389724	0.000000	0.000000
448.770000	0.539747	-1.142781	1.389719	0.000000	0.000000
448.780000	0.539752	-1.142792	1.389715	0.000000	0.000000
448.790000	0.539755	-1.142800	1.389711	0.000000	0.000000
448.800000	0.539758	-1.142807	1.389706	0.000000	0.000000
448.810000	0.539761	-1.142817	1.389702	0.000000	0.000000
448.820000	0.539766	-1.142833	1.389698	0.000000	0.000000
448.830000	0.539772	-1.142851	1.389694	0.000000	0.000000
448.840000	0.539776	-1.142868	1.389690	0.000000	0.000000
448.850000	0.539780	-1.142882	1.389686	0.000000	0.000000
448.860000	0.539784	-1.142892	1.389682	0.000000	0.000000
448.870000	0.539787	-1.142902	1.389678	0.000000	0.000000
448.880000	0.539789	-1.142911	1.389675	0.000000	0.000000
448.890000	0.539791	-1.142920	1.389671	0.000000	0.000000
448.900000	0.539792	-1.142928	1.389668	0.000000	0.000000
448.910000	0.539793	-1.142935	1.389664	0.000000	0.000000
448.920000	0.539794	-1.142941	1.389661	0.000000	0.000000
448.930000	0.539795	-1.142946	1.389657	0.000000	0.000000
448.940000	0.539796	-1.142951	1.389654	0.000000	0.000000
448.950000	0.539797	-1.142956	1.389651	0.000000	0.000000
448.960000	0.539798	-1.142960	1.389647	0.000000	0.000000
448.970000	0.539798	-1.142964	1.389644	0.000000	0.000000
448.980000	0.539798	-1.142968	1.389641	0.000000	0.000000
448.990000	0.539798	-1.142972	1.389638	0.000000	0.000000
449.000000	0.539797	-1.142974	1.389634	0.000000	0.000000
449.010000	0.539796	-1.142977	1.389631	0.000000	0.000000
449.020000	0.539796	-1.142980	1.389627	0.000000	0.000000
449.030000	0.539797	-1.142986	1.389624	0.000000	0.000000
449.040000	0.539800	-1.142996	1.389621	0.000000	0.000000
449.050000	0.539805	-1.143007	1.389617	0.000000	0.000000
449.060000	0.539811	-1.143018	1.389614	0.000000	0.000000
449.070000	0.539817	-1.143028	1.389611	0.000000	0.000000
449.080000	0.539822	-1.143035	1.389607	0.000000	0.000000
449.090000	0.539828	-1.143041	1.389604	0.000000	0.000000
449.100000	0.539833	-1.143045	1.389600	0.000000	0.000000
449.110000	0.539839	-1.143049	1.389597	0.000000	0.000000
449.120000	0.539845	-1.143052	1.389593	0.000000	0.000000
449.130000	0.539850	-1.143055	1.389590	0.000000	0.000000
449.140000	0.539854	-1.143058	1.389586	0.000000	0.000000
449.150000	0.539859	-1.143059	1.389583	0.000000	0.000000
449.160000	0.539864	-1.143060	1.389579	0.000000	0.000000
449.170000	0.539868	-1.143059	1.389575	0.000000	0.000000
449.180000	0.539871	-1.143056	1.389571	0.000000	0.000000
449.190000	0.539873	-1.143051	1.389568	0.000000	0.000000
449.200000	0.539875	-1.143043	1.389564	0.000000	0.000000
449.210000	0.539877	-1.143033	1.389559	0.000000	0.000000
449.220000	0.539880	-1.143024	1.389555	0.000000	0.000000
449.230000	0.539884	-1.143021	1.389551	0.000000	0.000000
449.240000	0.539890	-1.143024	1.389547	0.000000	0.000000
449.250000	0.539898	-1.143033	1.389543	0.000000	0.000000
449.260000	0.539908	-1.143046	1.389539	0.000000	0.000000
449.270000	0.539919	-1.143062	1.389534	0.000000	0.000000
449.280000	0.539930	-1.143076	1.389530	0.000000	0.000000
449.290000	0.539940	-1.143087	1.389526	0.000000	0.000000
449.300000	0.539949	-1.143091	1.389522	0.000000	0.000000
449.310000	0.539956	-1.143089	1.389518	0.000000	0.000000
449.320000	0.539961	-1.143081	1.389514	0.000000	0.000000
449.330000	0.539965	-1.143069	1.389511	0.000000	0.000000
449.340000	0.539969	-1.143056	1.389507	0.000000	0.000000
449.350000	0.539973	-1.143041	1.389503	0.000000	0.000000
449.360000	0.539977	-1.143029	1.389500	0.000000	0.000000
449.370000	0.539982	-1.143017	1.389497	0.000000	0.000000
449.380000	0.539986	-1.143006	1.389493	0.000000	0.000000
449.390000	0.539991	-1.142994	1.389490	0.000000	0.000000
449.400000	0.539996	-1.142982	1.389487	0.000000	0.000000
449.410000	0.540000	-1.142968	1.389484	0.000000	0.000000
449.420000	0.540004	-1.142953	1.389480	0.000000	0.000000
449.430000	0.540007	-1.142937	1.389477	0.000000	0.000000
449.440000	0.540010	-1.142920	1.389474	0.000000	0.000000
449.450000	0.540015	-1.142907	1.389471	0.000000	0.000000
449.460000	0.540020	-1.142897	1.389467	0.000000	0.000000
449.470000	0.540027	-1.142891	1.389464	0.000000	0.000000
449.480000	0.540035	-1.142889	1.389460	0.000000	0.000000
449.490000	0.540043	-1.142889	1.389457	0.000000	0.000000
449.500000	0.540050	-1.142889	1.389453	0.000000	0.000000
449.510000	0.540057	-1.142890	1.389449	0.000000	0.000000
449.520000	0.540063	-1.142890	1.389446	0.000000	0.000000
449.530000	0.540068	-1.142890	1.389442	0.000000	0.000000
449.540000	0.540075	-1.142890	1.389438	0.000000	0.000000
449.550000	0.540081	-1.142892	1.389434	0.000000	0.000000
449.560000	0.540088	-1.142897	1.389429	0.000000	0.000000
449.570000	0.540095	-1.142903	1.389425	0.000000	0.000000
449.580000	0.540102	-1.142911	1.389421	0.000000	0.000000
449.590000	0.540109	-1.142918	1.389417	0.000000	0.000000
449.600000	0.540115	-1.142921	1.389413	0.000000	0.000000
449.610000	0.540119	-1.142918	1.389409	0.000000	0.000000
449.620000	0.540123	-1.142915	1.389405	0.000000	0.000000
449.630000	0.540127	-1.142913	1.389402	0.000000	0.000000
449.640000	0.540132	-1.142914	1.389398	0.000000	0.000000
449.650000	0.540138	-1.142915	1.389395	0.000000	0.000000
449.660000	0.540143	-1.142916	1.389392	0.000000	0.000000
449.670000	0.540149	-1.142916	1.389389	0.000000	0.000000
449.680000	0.540153	-1.142915	1.389386	0.000000	0.000000
449.690000	0.540158	-1.142914	1.389384	0.000000	0.000000
449.700000	0.540163	-1.142912	1.389382	0.000000	0.000000
449.710000	0.540169	-1.142909	1.389380	0.000000	0.000000
449.720000	0.540175	-1.142905	1.389378	0.000000	0.000000
449.730000	0.540180	-1.142898	1.389376	0.000000	0.000000
449.740000	0.540184	-1.142889	1.389375	0.000000	0.000000
449.750000	0.540188	-1.142877	1.389373	0.000000	0.000000
449.760000	0.540190	-1.142863	1.389372	0.000000	0.000000
449.770000	0.540193	-1.142847	1.389371	0.000000	0.000000
449.780000	0.540195	-1.142829	1.389370	0.000000	0.000000
449.790000	0.540196	-1.142808	1.389369	0.000000	0.000000
449.800000	0.540195	-1.142785	1.389368	0.000000	0.000000
449.810000	0.540194	-1.142761	1.389367	0.000000	0.000000
449.820000	0.540194	-1.142738	1.389366	0.000000	0.000000
449.830000	0.540193	-1.142718	1.389365	0.000000	0.000000
449.840000	0.540195	-1.142703	1.389364	0.000000	0.000000
449.850000	0.540199	-1.142693	1.389363	0.000000	0.000000
449.860000	0.540204	-1.142689	1.389362	0.000000	0.000000
449.870000	0.540211	-1.142688	1.389361	0.000000	0.000000
449.880000	0.540219	-1.142690	1.389359	0.000000	0.000000
449.890000	0.540227	-1.142693	1.389358	0.000000	0.000000
449.900000	0.540234	-1.142694	1.389357	0.000000	0.000000
449.910000	0.540242	-1.142692	1.389355	0.000000	0.000000
449.920000	0.540247	-1.142684	1.389354	0.000000	0.000000
449.930000	0.540252	-1.142672	1.389353	0.000000	0.000000
449.940000	0.540256	-1.142657	1.389351	0.000000	0.000000
449.950000	0.540261	-1.142643	1.389350	0.000000	0.000000
449.960000	0.540266	-1.142632	1.389349	0.000000	0.000000
449.970000	0.540272	-1.142621	1.389347	0.000000	0.000000
449.980000	0.540278	-1.142609	1.389346	0.000000	0.000000
449.990000	0.540285	-1.142597	1.389345	0.000000	0.000000
450.000000	0.540292	-1.142585	1.389344	0.000000	0.000000
450.010000	0.540299	-1.142573	1.389342	0.000000	0.000000
450.020000	0.540306	-1.142561	1.389341	0.000000	0.000000
450.030000	0.540312	-1.142550	1.389340	0.000000	0.000000
450.040000	0.540318	-1.142538	1.389339	0.000000	0.000000
450.050000	0.540323	-1.142525	1.389338	0.000000	0.000000
450.060000	0.540327	-1.142508	1.389338	0.000000	0.000000
450.070000	0.540330	-1.142487	1.389337	0.000000	0.000000
450.080000	0.540333	-1.142465	1.389336	0.000000	0.000000
450.090000	0.540335	-1.142441	1.389336	0.000000	0.000000
450.100000	0.540336	-1.142417	1.389335	0.000000	0.000000
450.110000	0.540337	-1.142394	1.389335	0.000000	0.000000
450.120000	0.540338	-1.142373	1.389334	0.000000	0.000000
450.130000	0.540340	-1.142353	1.389334	0.000000	0.000000
450.140000	0.540343	-1.142335	1.389334	0.000000	0.000000
450.150000	0.540345	-1.142318	1.389334	0.000000	0.000000
450.160000	0.540347	-1.142302	1.389334	0.000000	0.000000
450.170000	0.540349	-1.142287	1.389334	0.000000	0.000000
450.180000	0.540351	-1.142273	1.389333	0.000000	0.000000
450.190000	0.540353	-1.142261	1.389333	0.000000	0.000000
450.200000	0.540356	-1.142251	1.389333	0.000000	0.000000
450.210000	0.540360	-1.142243	1.389333	0.000000	0.000000
450.220000	0.540365	-1.142238	1.389333	0.000000	0.000000
450.230000	0.540371	-1.142236	1.389333	0.000000	0.000000
450.240000	0.540378	-1.142236	1.389332	0.000000	0.000000
450.250000	0.540385	-1.142239	1.389332	0.000000	0.000000
450.260000	0.540393	-1.142244	1.389332	0.000000	0.000000
450.270000	0.540401	-1.142250	1.389331	0.000000	0.000000
450.280000	0.540408	-1.142257	1.389330	0.000000	0.000000
450.290000	0.540417	-1.142264	1.389330	0.000000	0.000000
450.300000	0.540425	-1.142270	1.389329	0.000000	0.000000
450.310000	0.540432	-1.142272	1.389328	0.000000	0.000000
450.320000	0.540437	-1.142271	1.389327	0.000000	0.000000
450.330000	0.540442	-1.142269	1.389326	0.000000	0.000000
450.340000	0.540449	-1.142272	1.389325	0.000000	0.000000
450.350000	0.540458	-1.142279	1.389324	0.000000	0.000000
450.360000	0.540468	-1.142288	1.389323	0.000000	0.000000
450.370000	0.540478	-1.142295	1.389321	0.000000	0.000000
450.380000	0.540485	-1.142293	1.389320	0.000000	0.000000
450.390000	0.540489	-1.142284	1.389319	0.000000	0.000000
450.400000	0.540495	-1.142280	1.389318	0.000000	0.000000
450.410000	0.540502	-1.142281	1.389317	0.000000	0.000000
450.420000	0.540509	-1.142281	1.389315	0.000000	0.000000
450.430000	0.540515	-1.142279	1.389314	0.000000	0.000000
450.440000	0.540521	-1.142274	1.389313	0.000000	0.000000
450.450000	0.540525	-1.142264	1.389312	0.000000	0.000000
450.460000	0.540528	-1.142251	1.389311	0.000000	0.000000
450.470000	0.540530	-1.142235	1.389310	0.000000	0.000000
450.480000	0.540533	-1.142218	1.389309	0.000000	0.000000
450.490000	0.540535	-1.142201	1.389309	0.000000	0.000000
450.500000	0.540537	-1.142186	1.389308	0.000000	0.000000
450.510000	0.540540	-1.142170	1.389307	0.000000	0.000000
450.520000	0.540543	-1.142155	1.389306	0.000000	0.000000
450.530000	0.540548	-1.142141	1.389305	0.000000	0.000000
450.540000	0.540552	-1.142130	1.389304	0.000000	0.000000
450.550000	0.540557	-1.142121	1.389303	0.000000	0.000000
450.560000	0.540563	-1.142115	1.389302	0.000000	0.000000
450.570000	0.540569	-1.142110	1.389301	0.000000	0.000000
450.580000	0.540576	-1.142107	1.389300	0.000000	0.000000
450.590000	0.540583	-1.142106	1.389299	0.000000	0.000000
450.600000	0.540590	-1.142107	1.389298	0.000000	0.000000
450.610000	0.540598	-1.142109	1.389297	0.000000	0.000000
450.620000	0.540605	-1.142108	1.389295	0.000000	0.000000
450.630000	0.540610	-1.142099	1.389294	0.000000	0.000000
450.640000	0.540611	-1.142078	1.389293	0.000000	0.000000
450.650000	0.540611	-1.142056	1.389292	0.000000	0.000000
450.660000	0.540615	-1.142043	1.389290	0.000000	0.000000
450.670000	0.540620	-1.142039	1.389289	0.000000	0.000000
450.680000	0.540627	-1.142040	1.389288	0.000000	0.000000
450.690000	0.540633	-1.142042	1.389287	0.000000	0.000000
450.700000	0.540638	-1.142044	1.389286	0.000000	0.000000
450.710000	0.540642	-1.142042	1.389285	0.000000	0.000000
450.720000	0.540645	-1.142036	1.389284	0.000000	0.000000
450.730000	0.540647	-1.142025	1.389283	0.000000	0.000000
450.740000	0.540647	-1.142009	1.389283	0.000000	0.000000
450.750000	0.540646	-1.141992	1.389282	0.000000	0.000000
450.760000	0.540645	-1.141977	1.389281	0.000000	0.000000
450.770000	0.540646	-1.141965	1.389280	0.000000	0.000000
450.780000	0.540647	-1.141955	1.389279	0.000000	0.000000
450.790000	0.540648	-1.141948	1.389278	0.000000	0.000000
450.800000	0.540650	-1.141942	1.389277	0.000000	0.000000
450.810000	0.540651	-1.141937	1.389276	0.000000	0.000000
450.820000	0.540653	-1.141931	1.389274	0.000000	0.000000
450.830000	0.540655	-1.141926	1.389273	0.000000	0.000000
450.840000	0.540657	-1.141922	1.389271	0.000000	0.000000
450.850000	0.540661	-1.141922	1.389270	0.000000	0.000000
450.860000	0.540667	-1.141926	1.389268	0.000000	0.000000
450.870000	0.540674	-1.141934	1.389266	0.000000	0.000000
450.880000	0.540681	-1.141942	1.389264	0.000000	0.000000
450.890000	0.540687	-1.141948	1.389262	0.000000	0.000000
450.900000	0.540693	-1.141951	1.389260	0.000000	0.000000
450.910000	0.540696	-1.141952	1.389258	0.000000	0.000000
450.920000	0.540700	-1.141952	1.389256	0.000000	0.000000
450.930000	0.540704	-1.141952	1.389254	0.000000	0.000000
450.940000	0.540708	-1.141951	1.389253	0.000000	0.000000
450.950000	0.540713	-1.141948	1.389251	0.000000	0.000000
450.960000	0.540715	-1.141942	1.389249	0.000000	0.000000
450.970000	0.540718	-1.141931	1.389248	0.000000	0.000000
450.980000	0.540719	-1.141918	1.389246	0.000000	0.000000
450.990000	0.540720	-1.141904	1.389245	0.000000	0.000000
451.000000	0.540723	-1.141891	1.389244	0.000000	0.000000
451.010000	0.540726	-1.141880	1.389242	0.000000	0.000000
451.020000	0.540729	-1.141872	1.389241	0.000000	0.000000
451.030000	0.540733	-1.141865	1.389241	0.000000	0.000000
451.040000	0.540737	-1.141859	1.389240	0.000000	0.000000
451.050000	0.540741	-1.141854	1.389239	0.000000	0.000000
451.060000	0.540744	-1.141847	1.389238	0.000000	0.000000
451.070000	0.540746	-1.141840	1.389238	0.000000	0.000000
451.080000	0.540748	-1.141834	1.389237	0.000000	0.000000
451.090000	0.540751	-1.141828	1.389237	0.000000	0.000000
451.100000	0.540754	-1.141823	1.389236	0.000000	0.000000
451.110000	0.540758	-1.141820	1.389236	0.000000	0.000000
451.120000	0.540762	-1.141817	1.389235	0.000000	0.000000
451.130000	0.540766	-1.141815	1.389235	0.000000	0.000000
451.140000	0.540770	-1.141813	1.389234	0.000000	0.000000
451.150000	0.540774	-1.141811	1.389234	0.000000	0.000000
451.160000	0.540778	-1.141808	1.389233	0.000000	0.000000
451.170000	0.540781	-1.141803	1.389233	0.000000	0.000000
451.180000	0.540782	-1.141797	1.389232	0.000000	0.000000
451.190000	0.540783	-1.141791	1.389232	0.000000	0.000000
451.200000	0.540785	-1.141787	1.389232	0.000000	0.000000
451.210000	0.540786	-1.141785	1.389231	0.000000	0.000000
451.220000	0.540788	-1.141782	1.389231	0.000000	0.000000
451.230000	0.540788	-1.141779	1.389231	0.000000	0.000000
451.240000	0.540788	-1.141776	1.389231	0.000000	0.000000
451.250000	0.540787	-1.141773	1.389231	0.000000	0.000000
451.260000	0.540786	-1.141769	1.389231	0.000000	0.000000
451.270000	0.540785	-1.141765	1.389231	0.000000	0.000000
451.280000	0.540785	-1.141760	1.389231	0.000000	0.000000
451.290000	0.540784	-1.141755	1.389231	0.000000	0.000000
451.300000	0.540784	-1.141750	1.389231	0.000000	0.000000
451.310000	0.540783	-1.141745	1.389230	0.000000	0.000000
451.320000	0.540782	-1.141742	1.389230	0.000000	0.000000
451.330000	0.540782	-1.141739	1.389230	0.000000	0.000000
451.340000	0.540782	-1.141738	1.389230	0.000000	0.000000
451.350000	0.540781	-1.141738	1.389230	0.000000	0.000000
451.360000	0.540780	-1.141739	1.389230	0.000000	0.000000
451.370000	0.540778	-1.141739	1.389229	0.000000	0.000000
451.380000	0.540776	-1.141737	1.389229	0.000000	0.000000
451.390000	0.540774	-1.141735	1.389228	0.000000	0.000000
451.400000	0.540772	-1.141734	1.389228	0.000000	0.000000
451.410000	0.540771	-1.141733	1.389227	0.000000	0.000000
451.420000	0.540770	-1.141734	1.389227	0.000000	0.000000
451.430000	0.540769	-1.141735	1.389226	0.000000	0.000000
451.440000	0.540768	-1.141735	1.389225	0.000000	0.000000
451.450000	0.540766	-1.141734	1.389225	0.000000	0.000000
451.460000	0.540763	-1.141734	1.389224	0.000000	0.000000
451.470000	0.540762	-1.141735	1.389223	0.000000	0.000000
451.480000	0.540762	-1.141740	1.389222	0.000000	0.000000
451.490000	0.540762	-1.141747	1.389221	0.000000	0.000000
451.500000	0.540763	-1.141755	1.389220	0.000000	0.000000
451.510000	0.540764	-1.141765	1.389219	0.000000	0.000000
451.520000	0.540766	-1.141776	1.389218	0.000000	0.000000
451.530000	0.540769	-1.141787	1.389217	0.000000	0.000000
451.540000	0.540774	-1.141798	1.389215	0.000000	0.000000
451.550000	0.540776	-1.141807	1.389214	0.000000	0.000000
451.560000	0.540778	-1.141817	1.389213	0.000000	0.000000
451.570000	0.540781	-1.141830	1.389212	0.000000	0.000000
451.580000	0.540783	-1.141844	1.389211	0.000000	0.000000
451.590000	0.540784	-1.141857	1.389210	0.000000	0.000000
451.600000	0.540785	-1.141869	1.389209	0.000000	0.000000
451.610000	0.540785	-1.141878	1.389208	0.000000	0.000000
451.620000	0.540785	-1.141886	1.389207	0.000000	0.000000
451.630000	0.540783	-1.141892	1.389206	0.000000	0.000000
451.640000	0.540782	-1.141897	1.389205	0.000000	0.000000
451.650000	0.540781	-1.141902	1.389205	0.000000	0.000000
451.660000	0.540780	-1.141906	1.389204	0.000000	0.000000
451.670000	0.540779	-1.141910	1.389203	0.000000	0.000000
451.680000	0.540778	-1.141912	1.389203	0.000000	0.000000
451.690000	0.540775	-1.141912	1.389202	0.000000	0.000000
451.700000	0.540772	-1.141910	1.389201	0.000000	0.000000
451.710000	0.540767	-1.141906	1.389201	0.000000	0.000000
451.720000	0.540763	-1.141902	1.389200	0.000000	0.000000
451.730000	0.540760	-1.141899	1.389200	0.000000	0.000000
451.740000	0.540758	-1.141899	1.389199	0.000000	0.000000
451.750000	0.540756	-1.141900	1.389199	0.000000	0.000000
451.760000	0.540754	-1.141902	1.389198	0.000000	0.000000
451.770000	0.540751	-1.141907	1.389198	0.000000	0.000000
451.780000	0.540749	-1.141913	1.389197	0.000000	0.000000
451.790000	0.540747	-1.141921	1.389196	0.000000	0.000000
451.800000	0.540745	-1.141930	1.389196	0.000000	0.000000
451.810000	0.540744	-1.141940	1.389195	0.000000	0.000000
451.820000	0.540742	-1.141951	1.389194	0.000000	0.000000
451.830000	0.540740	-1.141960	1.389194	0.000000	0.000000
451.840000	0.540737	-1.141968	1.389193	0.000000	0.000000
451.850000	0.540734	-1.141973	1.389192	0.000000	0.000000
451.860000	0.540730	-1.141977	1.389191	0.000000	0.000000
451.870000	0.540725	-1.141979	1.389190	0.000000	0.000000
451.880000	0.540721	-1.141981	1.389189	0.000000	0.000000
451.890000	0.540717	-1.141985	1.389188	0.000000	0.000000
451.900000	0.540713	-1.141991	1.389186	0.000000	0.000000
451.910000	0.540709	-1.141998	1.389185	0.000000	0.000000
451.920000	0.540706	-1.142007	1.389184	0.000000	0.000000
451.930000	0.540703	-1.142017	1.389183	0.000000	0.000000
451.940000	0.540700	-1.142027	1.389181	0.000000	0.000000
451.950000	0.540697	-1.142035	1.389180	0.000000	0.000000
451.960000	0.540693	-1.142041	1.389179	0.000000	0.000000
451.970000	0.540690	-1.142044	1.389177	0.000000	0.000000
451.980000	0.540686	-1.142046	1.389176	0.000000	0.000000
451.990000	0.540682	-1.142046	1.389175	0.000000	0.000000
452.000000	0.540679	-1.142046	1.389173	0.000000	0.000000
452.010000	0.540676	-1.142046	1.389172	0.000000	0.000000
452.020000	0.540673	-1.142045	1.389171	0.000000	0.000000
452.030000	0.540670	-1.142044	1.389169	0.000000	0.000000
452.040000	0.540668	-1.142045	1.389168	0.000000	0.000000
452.050000	0.540667	-1.142046	1.389166	0.000000	0.000000
452.060000	0.540665	-1.142047	1.389165	0.000000	0.000000
452.070000	0.540664	-1.142047	1.389164	0.000000	0.000000
452.080000	0.540661	-1.142045	1.389162	0.000000	0.000000
452.090000	0.540658	-1.142043	1.389161	0.000000	0.000000
452.100000	0.540654	-1.142039	1.389159	0.000000	0.000000
452.110000	0.540651	-1.142036	1.389157	0.000000	0.000000
452.120000	0.540647	-1.142034	1.389156	0.000000	0.000000
452.130000	0.540644	-1.142033	1.389154	0.000000	0.000000
452.140000	0.540641	-1.142034	1.389152	0.000000	0.000000
452.150000	0.540638	-1.142036	1.389150	0.000000	0.000000
452.160000	0.540635	-1.142038	1.389148	0.000000	0.000000
452.170000	0.540632	-1.142041	1.389146	0.000000	0.000000
452.180000	0.540629	-1.142042	1.389143	0.000000	0.000000
452.190000	0.540626	-1.142044	1.389141	0.000000	0.000000
452.200000	0.540623	-1.142046	1.389138	0.000000	0.000000
452.210000	0.540620	-1.142050	1.389136	0.000000	0.000000
452.220000	0.540618	-1.142057	1.389133	0.000000	0.000000
452.230000	0.540617	-1.142064	1.389131	0.000000	0.000000
452.240000	0.540616	-1.142072	1.389128	0.000000	0.000000
452.250000	0.540615	-1.142081	1.389126	0.000000	0.000000
452.260000	0.540613	-1.142089	1.389123	0.000000	0.000000
452.270000	0.540611	-1.142096	1.389121	0.000000	0.000000
452.280000	0.540610	-1.142103	1.389118	0.000000	0.000000
452.290000	0.540608	-1.142110	1.389116	0.000000	0.000000
452.300000	0.540605	-1.142116	1.389113	0.000000	0.000000
452.310000	0.540602	-1.142120	1.389111	0.000000	0.000000
452.320000	0.540599	-1.142122	1.389109	0.000000	0.000000
452.330000	0.540595	-1.142122	1.389107	0.000000	0.000000
452.340000	0.540591	-1.142120	1.389105	0.000000	0.000000
452.350000	0.540587	-1.142117	1.389103	0.000000	0.000000
452.360000	0.540583	-1.142114	1.389101	0.000000	0.000000
452.370000	0.540580	-1.142112	1.389099	0.000000	0.000000
452.380000	0.540577	-1.142111	1.389097	0.000000	0.000000
452.390000	0.540574	-1.142110	1.389096	0.000000	0.000000
452.400000	0.540571	-1.142111	1.389094	0.000000	0.000000
452.410000	0.540569	-1.142113	1.389092	0.000000	0.000000
452.420000	0.540567	-1.142117	1.389091	0.000000	0.000000
452.430000	0.540566	-1.142122	1.389089	0.000000	0.000000
452.440000	0.540565	-1.142129	1.389088	0.000000	0.000000
452.450000	0.540565	-1.142137	1.389086	0.000000	0.000000
452.460000	0.540565	-1.142144	1.389085	0.000000	0.000000
452.470000	0.540564	-1.142151	1.389083	0.000000	0.000000
452.480000	0.540563	-1.142157	1.389082	0.000000	0.000000
452.490000	0.540561	-1.142162	1.389080	0.000000	0.000000
452.500000	0.540559	-1.142165	1.389079	0.000000	0.000000
452.510000	0.540557	-1.142168	1.389077	0.000000	0.000000
452.520000	0.540554	-1.142170	1.389076	0.000000	0.000000
452.530000	0.540553	-1.142173	1.389074	0.000000	0.000000
452.540000	0.540551	-1.142177	1.389073	0.000000	0.000000
452.550000	0.540550	-1.142182	1.389072	0.000000	0.000000
452.560000	0.540549	-1.142188	1.389071	0.000000	0.000000
452.570000	0.540548	-1.142194	1.389070	0.000000	0.000000
452.580000	0.540548	-1.142199	1.389069	0.000000	0.000000
452.590000	0.540547	-1.142204	1.389068	0.000000	0.000000
452.600000	0.540546	-1.142207	1.389067	0.000000	0.000000
452.610000	0.540544	-1.142208	1.389067	0.000000	0.000000
452.620000	0.540542	-1.142207	1.389066	0.000000	0.000000
452.630000	0.540539	-1.142203	1.389066	0.000000	0.000000
452.640000	0.540535	-1.142198	1.389065	0.000000	0.000000
452.650000	0.540530	-1.142191	1.389065	0.000000	0.000000
452.660000	0.540525	-1.142183	1.389065	0.000000	0.000000
452.670000	0.540521	-1.142175	1.389065	0.000000	0.000000
452.680000	0.540516	-1.142167	1.389064	0.000000	0.000000
452.690000	0.540512	-1.142159	1.389064	0.000000	0.000000
452.700000	0.540508	-1.142152	1.389064	0.000000	0.000000
452.710000	0.540504	-1.142146	1.389064	0.000000	0.000000
452.720000	0.540500	-1.142141	1.389064	0.000000	0.000000
452.730000	0.540496	-1.142138	1.389063	0.000000	0.000000
452.740000	0.540493	-1.142136	1.389063	0.000000	0.000000
452.750000	0.540491	-1.142135	1.389063	0.000000	0.000000
452.760000	0.540489	-1.142135	1.389062	0.000000	0.000000
452.770000	0.540487	-1.142136	1.389061	0.000000	0.000000
452.780000	0.540485	-1.142137	1.389061	0.000000	0.000000
452.790000	0.540483	-1.142138	1.389060	0.000000	0.000000
452.800000	0.540480	-1.142139	1.389059	0.000000	0.000000
452.810000	0.540478	-1.142140	1.389058	0.000000	0.000000
452.820000	0.540476	-1.142141	1.389056	0.000000	0.000000
452.830000	0.540474	-1.142142	1.389055	0.000000	0.000000
452.840000	0.540472	-1.142145	1.389054	0.000000	0.000000
452.850000	0.540470	-1.142148	1.389053	0.000000	0.000000
452.860000	0.540468	-1.142153	1.389051	0.000000	0.000000
452.870000	0.540467	-1.142157	1.389050	0.000000	0.000000
452.880000	0.540465	-1.142161	1.389049	0.000000	0.000000
452.890000	0.540463	-1.142164	1.389048	0.000000	0.000000
452.900000	0.540461	-1.142166	1.389047	0.000000	0.000000
452.910000	0.540460	-1.142167	1.389045	0.000000	0.000000
452.920000	0.540460	-1.142167	1.389044	0.000000	0.000000
452.930000	0.540460	-1.142166	1.389043	0.000000	0.000000
452.940000	0.540460	-1.142163	1.389042	0.000000	0.000000
452.950000	0.540460	-1.142158	1.389041	0.000000	0.000000
452.960000	0.540460	-1.142151	1.389040	0.000000	0.000000
452.970000	0.540460	-1.142142	1.389039	0.000000	0.000000
452.980000	0.540461	-1.142131	1.389038	0.000000	0.000000
452.990000	0.540460	-1.142119	1.389036	0.000000	0.000000
453.000000	0.540460	-1.142106	1.389035	0.000000	0.000000
453.010000	0.540460	-1.142095	1.389034	0.000000	0.000000
453.020000	0.540460	-1.142085	1.389032	0.000000	0.000000
453.030000	0.540461	-1.142077	1.389031	0.000000	0.000000
453.040000	0.540463	-1.142072	1.389029	0.000000	0.000000
453.050000	0.540465	-1.142069	1.389027	0.000000	0.000000
453.060000	0.540467	-1.142070	1.389026	0.000000	0.000000
453.070000	0.540471	-1.142072	1.389024	0.000000	0.000000
453.080000	0.540475	-1.142077	1.389021	0.000000	0.000000
453.090000	0.540481	-1.142083	1.389019	0.000000	0.000000
453.100000	0.540486	-1.142089	1.389017	0.000000	0.000000
453.110000	0.540493	-1.142097	1.389014	0.000000	0.000000
453.120000	0.540499	-1.142104	1.389012	0.000000	0.000000
453.130000	0.540505	-1.142110	1.389009	0.000000	0.000000
453.140000	0.540509	-1.142114	1.389006	0.000000	0.000000
453.150000	0.540512	-1.142111	1.389003	0.000000	0.000000
453.160000	0.540511	-1.142101	1.389000	0.000000	0.000000
453.170000	0.540512	-1.142094	1.388997	0.000000	0.000000
453.180000	0.540516	-1.142095	1.388994	0.000000	0.000000
453.190000	0.540520	-1.142103	1.388991	0.000000	0.000000
453.200000	0.540526	-1.142113	1.388988	0.000000	0.000000
453.210000	0.540532	-1.142125	1.388984	0.000000	0.000000
453.220000	0.540537	-1.142136	1.388981	0.000000	0.000000
453.230000	0.540542	-1.142144	1.388978	0.000000	0.000000
453.240000	0.540544	-1.142145	1.388974	0.000000	0.000000
453.250000	0.540545	-1.142143	1.388971	0.000000	0.000000
453.260000	0.540545	-1.142144	1.388968	0.000000	0.000000
453.270000	0.540548	-1.142149	1.388964	0.000000	0.000000
453.280000	0.540552	-1.142158	1.388961	0.000000	0.000000
453.290000	0.540555	-1.142168	1.388958	0.000000	0.000000
453.300000	0.540558	-1.142178	1.388955	0.000000	0.000000
453.310000	0.540561	-1.142186	1.388952	0.000000	0.000000
453.320000	0.540564	-1.142193	1.388949	0.000000	0.000000
453.330000	0.540567	-1.142200	1.388946	0.000000	0.000000
453.340000	0.540570	-1.142205	1.388943	0.000000	0.000000
453.350000	0.540573	-1.142208	1.388941	0.000000	0.000000
453.360000	0.540575	-1.142210	1.388938	0.000000	0.000000
453.370000	0.540577	-1.142208	1.388935	0.000000	0.000000
453.380000	0.540578	-1.142204	1.388933	0.000000	0.000000
453.390000	0.540578	-1.142198	1.388930	0.000000	0.000000
453.400000	0.540577	-1.142191	1.388928	0.000000	0.000000
453.410000	0.540576	-1.142181	1.388925	0.000000	0.000000
453.420000	0.540574	-1.142170	1.388923	0.000000	0.000000
453.430000	0.540573	-1.142158	1.388920	0.000000	0.000000
453.440000	0.540572	-1.142148	1.388918	0.000000	0.000000
453.450000	0.540572	-1.142142	1.388915	0.000000	0.000000
453.460000	0.540574	-1.142140	1.388913	0.000000	0.000000
453.470000	0.540578	-1.142140	1.388910	0.000000	0.000000
453.480000	0.540582	-1.142142	1.388908	0.000000	0.000000
453.490000	0.540587	-1.142145	1.388906	0.000000	0.000000
453.500000	0.540593	-1.142148	1.388903	0.000000	0.000000
453.510000	0.540598	-1.142150	1.388900	0.000000	0.000000
453.520000	0.540603	-1.142150	1.388898	0.000000	0.000000
453.530000	0.540605	-1.142144	1.388895	0.000000	0.000000
453.540000	0.540606	-1.142134	1.388892	0.000000	0.000000
453.550000	0.540607	-1.142124	1.388890	0.000000	0.000000
453.560000	0.540610	-1.142118	1.388887	0.000000	0.000000
453.570000	0.540614	-1.142115	1.388884	0.000000	0.000000
453.580000	0.540619	-1.142115	1.388882	0.000000	0.000000
453.590000	0.540626	-1.142118	1.388879	0.000000	0.000000
453.600000	0.540633	-1.142122	1.388876	0.000000	0.000000
453.610000	0.540639	-1.142125	1.388874	0.000000	0.000000
453.620000	0.540645	-1.142128	1.388871	0.000000	0.000000
453.630000	0.540651	-1.142129	1.388869	0.000000	0.000000
453.640000	0.540655	-1.142127	1.388866	0.000000	0.000000
453.650000	0.540660	-1.142122	1.388864	0.000000	0.000000
453.660000	0.540665	-1.142116	1.388861	0.000000	0.000000
453.670000	0.540670	-1.142111	1.388859	0.000000	0.000000
453.680000	0.540674	-1.142107	1.388857	0.000000	0.000000
453.690000	0.540678	-1.142103	1.388854	0.000000	0.000000
453.700000	0.540683	-1.142099	1.388852	0.000000	0.000000
453.710000	0.540686	-1.142094	1.388850	0.000000	0.000000
453.720000	0.540689	-1.142089	1.388847	0.000000	0.000000
453.730000	0.540691	-1.142083	1.388845	0.000000	0.000000
453.740000	0.540693	-1.142076	1.388842	0.000000	0.000000
453.750000	0.540694	-1.142070	1.388840	0.000000	0.000000
453.760000	0.540696	-1.142063	1.388837	0.000000	0.000000
453.770000	0.540697	-1.142058	1.388835	0.000000	0.000000
453.780000	0.540699	-1.142054	1.388832	0.000000	0.000000
453.790000	0.540701	-1.142054	1.388829	0.000000	0.000000
453.800000	0.540704	-1.142057	1.388826	0.000000	0.000000
453.810000	0.540708	-1.142062	1.388823	0.000000	0.000000
453.820000	0.540713	-1.142069	1.388820	0.000000	0.000000
453.830000	0.540718	-1.142078	1.388817	0.000000	0.000000
453.840000	0.540722	-1.142089	1.388813	0.000000	0.000000
453.850000	0.540728	-1.142104	1.388810	0.000000	0.000000
453.860000	0.540734	-1.142121	1.388806	0.000000	0.000000
453.870000	0.540741	-1.142138	1.388803	0.000000	0.000000
453.880000	0.540746	-1.142152	1.388799	0.000000	0.000000
453.890000	0.540750	-1.142162	1.388795	0.000000	0.000000
453.900000	0.540752	-1.142168	1.388791	0.000000	0.000000
453.910000	0.540754	-1.142173	1.388787	0.000000	0.000000
453.920000	0.540756	-1.142177	1.388784	0.000000	0.000000
453.930000	0.540758	-1.142181	1.388780	0.000000	0.000000
453.940000	0.540760	-1.142188	1.388776	0.000000	0.000000
453.950000	0.540763	-1.142197	1.388772	0.000000	0.000000
453.960000	0.540766	-1.142206	1.388769	0.000000	0.000000
453.970000	0.540769	-1.142215	1.388765	0.000000	0.000000
453.980000	0.540771	-1.142223	1.388761	0.000000	0.000000
453.990000	0.540774	-1.142232	1.388758	0.000000	0.000000
454.000000	0.540776	-1.142240	1.388755	0.000000	0.000000
454.010000	0.540779	-1.142250	1.388751	0.000000	0.000000
454.020000	0.540782	-1.142261	1.388748	0.000000	0.000000
454.030000	0.540785	-1.142273	1.388745	0.000000	0.000000
454.040000	0.540788	-1.142285	1.388742	0.000000	0.000000
454.050000	0.540791	-1.142297	1.388739	0.000000	0.000000
454.060000	0.540794	-1.142306	1.388736	0.000000	0.000000
454.070000	0.540794	-1.142311	1.388732	0.000000	0.000000
454.080000	0.540792	-1.142311	1.388729	0.000000	0.000000
454.090000	0.540791	-1.142311	1.388726	0.000000	0.000000
454.100000	0.540791	-1.142317	1.388723	0.000000	0.000000
454.110000	0.540793	-1.142328	1.388720	0.000000	0.000000
454.120000	0.540795	-1.142343	1.388717	0.000000	0.000000
454.130000	0.540798	-1.142360	1.388714	0.000000	0.000000
454.140000	0.540800	-1.142377	1.388711	0.000000	0.000000
454.150000	0.540802	-1.142394	1.388708	0.000000	0.000000
454.160000	0.540802	-1.142410	1.388705	0.000000	0.000000
454.170000	0.540801	-1.142423	1.388702	0.000000	0.000000
454.180000	0.540799	-1.142434	1.388698	0.000000	0.000000
454.190000	0.540798	-1.142444	1.388695	0.000000	0.000000
454.200000	0.540797	-1.142456	1.388692	0.000000	0.000000
454.210000	0.540796	-1.142469	1.388688	0.000000	0.000000
454.220000	0.540796	-1.142482	1.388685	0.000000	0.000000
454.230000	0.540795	-1.142495	1.388682	0.000000	0.000000
454.240000	0.540794	-1.142508	1.388679	0.000000	0.000000
454.250000	0.540793	-1.142522	1.388675	0.000000	0.000000
454.260000	0.540793	-1.142536	1.388672	0.000000	0.000000
454.270000	0.540794	-1.142551	1.388669	0.000000	0.000000
454.280000	0.540794	-1.142566	1.388666	0.000000	0.000000
454.290000	0.540794	-1.142580	1.388662	0.000000	0.000000
454.300000	0.540792	-1.142591	1.388659	0.000000	0.000000
454.310000	0.540789	-1.142599	1.388656	0.000000	0.000000
454.320000	0.540785	-1.142603	1.388653	0.000000	0.000000
454.330000	0.540781	-1.142605	1.388650	0.000000	0.000000
454.340000	0.540777	-1.142605	1.388647	0.000000	0.000000
454.350000	0.540773	-1.142607	1.388644	0.000000	0.000000
454.360000	0.540770	-1.142610	1.388641	0.000000	0.000000
454.370000	0.540768	-1.142616	1.388639	0.000000	0.000000
454.380000	0.540766	-1.142624	1.388636	0.000000	0.000000
454.390000	0.540765	-1.142633	1.388634	0.000000	0.000000
454.400000	0.540763	-1.142642	1.388632	0.000000	0.000000
454.410000	0.540762	-1.142651	1.388630	0.000000	0.000000
454.420000	0.540760	-1.142659	1.388628	0.000000	0.000000
454.430000	0.540758	-1.142667	1.388626	0.000000	0.000000
454.440000	0.540755	-1.142673	1.388624	0.000000	0.000000
454.450000	0.540752	-1.142679	1.388623	0.000000	0.000000
454.460000	0.540749	-1.142683	1.388621	0.000000	0.000000
454.470000	0.540746	-1.142685	1.388620	0.000000	0.000000
454.480000	0.540743	-1.142687	1.388618	0.000000	0.000000
454.490000	0.540739	-1.142689	1.388617	0.000000	0.000000
454.500000	0.540735	-1.142691	1.388615	0.000000	0.000000
454.510000	0.540733	-1.142695	1.388613	0.000000	0.000000
454.520000	0.540731	-1.142699	1.388612	0.000000	0.000000
454.530000	0.540730	-1.142705	1.388610	0.000000	0.000000
454.540000	0.540729	-1.142711	1.388608	0.000000	0.000000
454.550000	0.540729	-1.142716	1.388607	0.000000	0.000000
454.560000	0.540728	-1.142720	1.388605	0.000000	0.000000
454.570000	0.540727	-1.142724	1.388603	0.000000	0.000000
454.580000	0.540726	-1.142726	1.388601	0.000000	0.000000
454.590000	0.540724	-1.142730	1.388599	0.000000	0.000000
454.600000	0.540723	-1.142735	1.388597	0.000000	0.000000
454.610000	0.540723	-1.142743	1.388595	0.000000	0.000000
454.620000	0.540724	-1.142751	1.388593	0.000000	0.000000
454.630000	0.540725	-1.142761	1.388591	0.000000	0.000000
454.640000	0.540726	-1.142772	1.388588	0.000000	0.000000
454.650000	0.540728	-1.142785	1.388586	0.000000	0.000000
454.660000	0.540730	-1.142799	1.388584	0.000000	0.000000
454.670000	0.540732	-1.142814	1.388581	0.000000	0.000000
454.680000	0.540734	-1.142829	1.388579	0.000000	0.000000
454.690000	0.540734	-1.142843	1.388576	0.000000	0.000000
454.700000	0.540736	-1.142856	1.388574	0.000000	0.000000
454.710000	0.540737	-1.142870	1.388571	0.000000	0.000000
454.720000	0.540738	-1.142884	1.388569	0.000000	0.000000
454.730000	0.540740	-1.142899	1.388566	0.000000	0.000000
454.740000	0.540743	-1.142914	1.388563	0.000000	0.000000
454.750000	0.540747	-1.142928	1.388560	0.000000	0.000000
454.760000	0.540750	-1.142940	1.388558	0.000000	0.000000
454.770000	0.540752	-1.142948	1.388555	0.000000	0.000000
454.780000	0.540753	-1.142954	1.388552	0.000000	0.000000
454.790000	0.540755	-1.142960	1.388549	0.000000	0.000000
454.800000	0.540756	-1.142966	1.388546	0.000000	0.000000
454.810000	0.540757	-1.142973	1.388543	0.000000	0.000000
454.820000	0.540760	-1.142981	1.388540	0.000000	0.000000
454.830000	0.540762	-1.142990	1.388537	0.000000	0.000000
454.840000	0.540764	-1.143001	1.388535	0.000000	0.000000
454.850000	0.540767	-1.143013	1.388532	0.000000	0.000000
454.860000	0.540771	-1.143027	1.388530	0.000000	0.000000
454.870000	0.540776	-1.143042	1.388527	0.000000	0.000000
454.880000	0.540781	-1.143058	1.388525	0.000000	0.000000
454.890000	0.540785	-1.143074	1.388523	0.000000	0.000000
454.900000	0.540789	-1.143089	1.388521	0.000000	0.000000
454.910000	0.540792	-1.143103	1.388518	0.000000	0.000000
454.920000	0.540793	-1.143115	1.388516	0.000000	0.000000
454.930000	0.540794	-1.143124	1.388514	0.000000	0.000000
454.940000	0.540794	-1.143130	1.388512	0.000000	0.000000
454.950000	0.540794	-1.143134	1.388511	0.000000	0.000000
454.960000	0.540795	-1.143138	1.388509	0.000000	0.000000
454.970000	0.540795	-1.143143	1.388507	0.000000	0.000000
454.980000	0.540796	-1.143148	1.388505	0.000000	0.000000
454.990000	0.540797	-1.143154	1.388503	0.000000	0.000000
455.000000	0.540798	-1.143158	1.388501	0.000000	0.000000
455.010000	0.540798	-1.143161	1.388500	0.000000	0.000000
455.020000	0.540797	-1.143161	1.388498	0.000000	0.000000
455.030000	0.540796	-1.143162	1.388496	0.000000	0.000000
455.040000	0.540795	-1.143163	1.388494	0.000000	0.000000
455.050000	0.540794	-1.143164	1.388492	0.000000	0.000000
455.060000	0.540793	-1.143166	1.388491	0.000000	0.000000
455.070000	0.540791	-1.143168	1.388489	0.000000	0.000000
455.080000	0.540789	-1.143169	1.388487	0.000000	0.000000
455.090000	0.540787	-1.143169	1.388486	0.000000	0.000000
455.100000	0.540786	-1.143169	1.388484	0.000000	0.000000
455.110000	0.540785	-1.143171	1.388483	0.000000	0.000000
455.120000	0.540783	-1.143173	1.388481	0.000000	0.000000
455.130000	0.540782	-1.143178	1.388480	0.000000	0.000000
455.140000	0.540781	-1.143184	1.388478	0.000000	0.000000
455.150000	0.540780	-1.143191	1.388477	0.000000	0.000000
455.160000	0.540780	-1.143199	1.388475	0.000000	0.000000
455.170000	0.540778	-1.143206	1.388474	0.000000	0.000000
455.180000	0.540777	-1.143212	1.388472	0.000000	0.000000
455.190000	0.540775	-1.143216	1.388471	0.000000	0.000000
455.200000	0.540773	-1.143218	1.388469	0.000000	0.000000
455.210000	0.540771	-1.143219	1.388467	0.000000	0.000000
455.220000	0.540770	-1.143223	1.388466	0.000000	0.000000
455.230000	0.540769	-1.143230	1.388464	0.000000	0.000000
455.240000	0.540770	-1.143240	1.388462	0.000000	0.000000
455.250000	0.540771	-1.143253	1.388460	0.000000	0.000000
455.260000	0.540772	-1.143265	1.388458	0.000000	0.000000
455.270000	0.540771	-1.143277	1.388456	0.000000	0.000000
455.280000	0.540770	-1.143285	1.388454	0.000000	0.000000
455.290000	0.540768	-1.143289	1.388452	0.000000	0.000000
455.300000	0.540766	-1.143291	1.388450	0.000000	0.000000
455.310000	0.540763	-1.143291	1.388447	0.000000	0.000000
455.320000	0.540761	-1.143294	1.388445	0.000000	0.000000
455.330000	0.540760	-1.143300	1.388443	0.000000	0.000000
455.340000	0.540760	-1.143309	1.388441	0.000000	0.000000
455.350000	0.540760	-1.143318	1.388439	0.000000	0.000000
455.360000	0.540759	-1.143326	1.388437	0.000000	0.000000
455.370000	0.540757	-1.143330	1.388434	0.000000	0.000000
455.380000	0.540754	-1.143333	1.388432	0.000000	0.000000
455.390000	0.540751	-1.143335	1.388430	0.000000	0.000000
455.400000	0.540748	-1.143337	1.388428	0.000000	0.000000
455.410000	0.540746	-1.143338	1.388426	0.000000	0.000000
455.420000	0.540743	-1.143338	1.388424	0.000000	0.000000
455.430000	0.540739	-1.143336	1.388421	0.000000	0.000000
455.440000	0.540734	-1.143332	1.388419	0.000000	0.000000
455.450000	0.540730	-1.143330	1.388417	0.000000	0.000000
455.460000	0.540727	-1.143332	1.388415	0.000000	0.000000
455.470000	0.540725	-1.143340	1.388413	0.000000	0.000000
455.480000	0.540725	-1.143353	1.388411	0.000000	0.000000
455.490000	0.540725	-1.143367	1.388409	0.000000	0.000000
455.500000	0.540724	-1.143379	1.388407	0.000000	0.000000
455.510000	0.540722	-1.143389	1.388405	0.000000	0.000000
455.520000	0.540720	-1.143396	1.388403	0.000000	0.000000
455.530000	0.540717	-1.143400	1.388401	0.000000	0.000000
455.540000	0.540713	-1.143403	1.388400	0.000000	0.000000
455.550000	0.540710	-1.143406	1.388398	0.000000	0.000000
455.560000	0.540706	-1.143410	1.388396	0.000000	0.000000
455.570000	0.540704	-1.143414	1.388395	0.000000	0.000000
455.580000	0.540701	-1.143419	1.388393	0.000000	0.000000
455.590000	0.540700	-1.143426	1.388392	0.000000	0.000000
455.600000	0.540698	-1.143433	1.388390	0.000000	0.000000
455.610000	0.540696	-1.143440	1.388389	0.000000	0.000000
455.620000	0.540694	-1.143447	1.388388	0.000000	0.000000
455.630000	0.540692	-1.143454	1.388386	0.000000	0.000000
455.640000	0.540690	-1.143461	1.388385	0.000000	0.000000
455.650000	0.540688	-1.143468	1.388384	0.000000	0.000000
455.660000	0.540686	-1.143476	1.388383	0.000000	0.000000
455.670000	0.540684	-1.143486	1.388382	0.000000	0.000000
455.680000	0.540682	-1.143496	1.388381	0.000000	0.000000
455.690000	0.540680	-1.143507	1.388380	0.000000	0.000000
455.700000	0.540679	-1.143518	1.388378	0.000000	0.000000
455.710000	0.540677	-1.143530	1.388377	0.000000	0.000000
455.720000	0.540675	-1.143541	1.388376	0.000000	0.000000
455.730000	0.540673	-1.143551	1.388375	0.000000	0.000000
455.740000	0.540670	-1.143558	1.388373	0.000000	0.000000
455.750000	0.540666	-1.143563	1.388372	0.000000	0.000000
455.760000	0.540662	-1.143567	1.388371	0.000000	0.000000
455.770000	0.540660	-1.143572	1.388369	0.000000	0.000000
455.780000	0.540658	-1.143581	1.388368	0.000000	0.000000
455.790000	0.540656	-1.143591	1.388367	0.000000	0.000000
455.800000	0.540653	-1.143601	1.388365	0.000000	0.000000
455.810000	0.540651	-1.143610	1.388364	0.000000	0.000000
455.820000	0.540648	-1.143619	1.388362	0.000000	0.000000
455.830000	0.540644	-1.143627	1.388361	0.000000	0.000000
455.840000	0.540641	-1.143635	1.388359	0.000000	0.000000
455.850000	0.540639	-1.143643	1.388357	0.000000	0.000000
455.860000	0.540636	-1.143650	1.388356	0.000000	0.000000
455.870000	0.540633	-1.143656	1.388354	0.000000	0.000000
455.880000	0.540631	-1.143661	1.388353	0.000000	0.000000
455.890000	0.540628	-1.143665	1.388351	0.000000	0.000000
455.900000	0.540626	-1.143669	1.388350	0.000000	0.000000
455.910000	0.540624	-1.143674	1.388348	0.000000	0.000000
455.920000	0.540623	-1.143679	1.388346	0.000000	0.000000
455.930000	0.540622	-1.143685	1.388345	0.000000	0.000000
455.940000	0.540621	-1.143692	1.388343	0.000000	0.000000
455.950000	0.540619	-1.143699	1.388341	0.000000	0.000000
455.960000	0.540617	-1.143706	1.388339	0.000000	0.000000
455.970000	0.540616	-1.143715	1.388337	0.000000	0.000000
455.980000	0.540614	-1.143725	1.388335	0.000000	0.000000
455.990000	0.540613	-1.143736	1.388333	0.000000	0.000000
456.000000	0.540612	-1.143747	1.388331	0.000000	0.000000
456.010000	0.540612	-1.143758	1.388329	0.000000	0.000000
456.020000	0.540610	-1.143768	1.388326	0.000000	0.000000
456.030000	0.540608	-1.143775	1.388323	0.000000	0.000000
456.040000	0.540606	-1.143779	1.388321	0.000000	0.000000
456.050000	0.540603	-1.143783	1.388318	0.000000	0.000000
456.060000	0.540601	-1.143787	1.388315	0.000000	0.000000
456.070000	0.540600	-1.143795	1.388312	0.000000	0.000000
456.080000	0.540600	-1.143806	1.388309	0.000000	0.000000
456.090000	0.540600	-1.143817	1.388306	0.000000	0.000000
456.100000	0.540600	-1.143828	1.388303	0.000000	0.000000
456.110000	0.540600	-1.143839	1.388300	0.000000	0.000000
456.120000	0.540599	-1.143849	1.388297	0.000000	0.000000
456.130000	0.540597	-1.143859	1.388293	0.000000	0.000000
456.140000	0.540596	-1.143870	1.388290	0.000000	0.000000
456.150000	0.540595	-1.143880	1.388287	0.000000	0.000000
456.160000	0.540594	-1.143891	1.388284	0.000000	0.000000
456.170000	0.540592	-1.143902	1.388281	0.000000	0.000000
456.180000	0.540591	-1.143913	1.388278	0.000000	0.000000
456.190000	0.540590	-1.143925	1.388275	0.000000	0.000000
456.200000	0.540589	-1.143937	1.388272	0.000000	0.000000
456.210000	0.540588	-1.143949	1.388269	0.000000	0.000000
456.220000	0.540587	-1.143959	1.388266	0.000000	0.000000
456.230000	0.540586	-1.143969	1.388263	0.000000	0.000000
456.240000	0.540585	-1.143978	1.388260	0.000000	0.000000
456.250000	0.540583	-1.143986	1.388257	0.000000	0.000000
456.260000	0.540580	-1.143992	1.388254	0.000000	0.000000
456.270000	0.540577	-1.143997	1.388250	0.000000	0.000000
456.280000	0.540573	-1.144000	1.388247	0.000000	0.000000
456.290000	0.540570	-1.144002	1.388244	0.000000	0.000000
456.300000	0.540567	-1.144006	1.388241	0.000000	0.000000
456.310000	0.540564	-1.144011	1.388238	0.000000	0.000000
456.320000	0.540562	-1.144017	1.388234	0.000000	0.000000
456.330000	0.540561	-1.144024	1.388231	0.000000	0.000000
456.340000	0.540560	-1.144032	1.388228	0.000000	0.000000
456.350000	0.540560	-1.144040	1.388225	0.000000	0.000000
456.360000	0.540560	-1.144049	1.388221	0.000000	0.000000
456.370000	0.540559	-1.144058	1.388218	0.000000	0.000000
456.380000	0.540559	-1.144066	1.388215	0.000000	0.000000
456.390000	0.540557	-1.144074	1.388211	0.000000	0.000000
456.400000	0.540557	-1.144083	1.388208	0.000000	0.000000
456.410000	0.540556	-1.144092	1.388204	0.000000	0.000000
456.420000	0.540555	-1.144102	1.388201	0.000000	0.000000
456.430000	0.540555	-1.144112	1.388197	0.000000	0.000000
456.440000	0.540555	-1.144123	1.388194	0.000000	0.000000
456.450000	0.540554	-1.144133	1.388190	0.000000	0.000000
456.460000	0.540555	-1.144143	1.388187	0.000000	0.000000
456.470000	0.540556	-1.144153	1.388183	0.000000	0.000000
456.480000	0.540558	-1.144164	1.388179	0.000000	0.000000
456.490000	0.540559	-1.144173	1.388176	0.000000	0.000000
456.500000	0.540559	-1.144183	1.388172	0.000000	0.000000
456.510000	0.540561	-1.144193	1.388168	0.000000	0.000000
456.520000	0.540562	-1.144203	1.388165	0.000000	0.000000
456.530000	0.540565	-1.144215	1.388161	0.000000	0.000000
456.540000	0.540567	-1.144228	1.388158	0.000000	0.000000
456.550000	0.540570	-1.144241	1.388154	0.000000	0.000000
456.560000	0.540573	-1.144254	1.388151	0.000000	0.000000
456.570000	0.540575	-1.144268	1.388147	0.000000	0.000000
456.580000	0.540576	-1.144282	1.388144	0.000000	0.000000
456.590000	0.540578	-1.144294	1.388140	0.000000	0.000000
456.600000	0.540579	-1.144303	1.388137	0.000000	0.000000
456.610000	0.540580	-1.144311	1.388133	0.000000	0.000000
456.620000	0.540581	-1.144320	1.388130	0.000000	0.000000
456.630000	0.540581	-1.144328	1.388126	0.000000	0.000000
456.640000	0.540581	-1.144337	1.388122	0.000000	0.000000
456.650000	0.540580	-1.144344	1.388119	0.000000	0.000000
456.660000	0.540579	-1.144349	1.388115	0.000000	0.000000
456.670000	0.540578	-1.144352	1.388111	0.000000	0.000000
456.680000	0.540579	-1.144357	1.388107	0.000000	0.000000
456.690000	0.540579	-1.144363	1.388103	0.000000	0.000000
456.700000	0.540581	-1.144371	1.388099	0.000000	0.000000
456.710000	0.540583	-1.144384	1.388095	0.000000	0.000000
456.720000	0.540585	-1.144399	1.388091	0.000000	0.000000
456.730000	0.540588	-1.144416	1.388087	0.000000	0.000000
456.740000	0.540592	-1.144435	1.388082	0.000000	0.000000
456.750000	0.540596	-1.144455	1.388078	0.000000	0.000000
456.760000	0.540602	-1.144475	1.388073	0.000000	0.000000
456.770000	0.540607	-1.144496	1.388069	0.000000	0.000000
456.780000	0.540611	-1.144517	1.388064	0.000000	0.000000
456.790000	0.540614	-1.144535	1.388059	0.000000	0.000000
456.800000	0.540616	-1.144549	1.388054	0.000000	0.000000
456.810000	0.540617	-1.144558	1.388049	0.000000	0.000000
456.820000	0.540617	-1.144563	1.388044	0.000000	0.000000
456.830000	0.540616	-1.144568	1.388040	0.000000	0.000000
456.840000	0.540616	-1.144576	1.388035	0.000000	0.000000
456.850000	0.540617	-1.144588	1.388030	0.000000	0.000000
456.860000	0.540619	-1.144602	1.388025	0.000000	0.000000
456.870000	0.540622	-1.144618	1.388020	0.000000	0.000000
456.880000	0.540626	-1.144635	1.388015	0.000000	0.000000
456.890000	0.540631	-1.144653	1.388011	0.000000	0.000000
456.900000	0.540636	-1.144671	1.388006	0.000000	0.000000
456.910000	0.540641	-1.144690	1.388001	0.000000	0.000000
456.920000	0.540647	-1.144709	1.387997	0.000000	0.000000
456.930000	0.540652	-1.144727	1.387992	0.000000	0.000000
456.940000	0.540656	-1.144745	1.387988	0.000000	0.000000
456.950000	0.540659	-1.144760	1.387984	0.000000	0.000000
456.960000	0.540661	-1.144774	1.387979	0.000000	0.000000
456.970000	0.540663	-1.144788	1.387975	0.000000	0.000000
456.980000	0.540665	-1.144801	1.387971	0.000000	0.000000
456.990000	0.540667	-1.144815	1.387967	0.000000	0.000000
457.000000	0.540668	-1.144826	1.387963	0.000000	0.000000
457.010000	0.540668	-1.144836	1.387959	0.000000	0.000000
457.020000	0.540668	-1.144845	1.387955	0.000000	0.000000
457.030000	0.540669	-1.144855	1.387951	0.000000	0.000000
457.040000	0.540671	-1.144868	1.387947	0.000000	0.000000
457.050000	0.540674	-1.144885	1.387943	0.000000	0.000000
457.060000	0.540677	-1.144903	1.387940	0.000000	0.000000
457.070000	0.540682	-1.144923	1.387936	0.000000	0.000000
457.080000	0.540686	-1.144942	1.387933	0.000000	0.000000
457.090000	0.540689	-1.144960	1.387929	0.000000	0.000000
457.100000	0.540691	-1.144976	1.387926	0.000000	0.000000
457.110000	0.540692	-1.144990	1.387923	0.000000	0.000000
457.120000	0.540693	-1.145002	1.387920	0.000000	0.000000
457.130000	0.540693	-1.145011	1.387917	0.000000	0.000000
457.140000	0.540692	-1.145019	1.387914	0.000000	0.000000
457.150000	0.540690	-1.145026	1.387911	0.000000	0.000000
457.160000	0.540688	-1.145032	1.387908	0.000000	0.000000
457.170000	0.540685	-1.145038	1.387905	0.000000	0.000000
457.180000	0.540682	-1.145045	1.387902	0.000000	0.000000
457.190000	0.540679	-1.145052	1.387900	0.000000	0.000000
457.200000	0.540676	-1.145061	1.387897	0.000000	0.000000
457.210000	0.540673	-1.145072	1.387895	0.000000	0.000000
457.220000	0.540671	-1.145084	1.387892	0.000000	0.000000
457.230000	0.540669	-1.145098	1.387890	0.000000	0.000000
457.240000	0.540667	-1.145113	1.387887	0.000000	0.000000
457.250000	0.540667	-1.145128	1.387885	0.000000	0.000000
457.260000	0.540666	-1.145144	1.387882	0.000000	0.000000
457.270000	0.540664	-1.145160	1.387880	0.000000	0.000000
457.280000	0.540663	-1.145176	1.387877	0.000000	0.000000
457.290000	0.540662	-1.145191	1.387875	0.000000	0.000000
457.300000	0.540659	-1.145207	1.387872	0.000000	0.000000
457.310000	0.540657	-1.145221	1.387870	0.000000	0.000000
457.320000	0.540654	-1.145235	1.387867	0.000000	0.000000
457.330000	0.540651	-1.145247	1.387865	0.000000	0.000000
457.340000	0.540647	-1.145258	1.387862	0.000000	0.000000
457.350000	0.540643	-1.145269	1.387860	0.000000	0.000000
457.360000	0.540639	-1.145282	1.387857	0.000000	0.000000
457.370000	0.540636	-1.145298	1.387855	0.000000	0.000000
457.380000	0.540634	-1.145316	1.387852	0.000000	0.000000
457.390000	0.540632	-1.145336	1.387850	0.000000	0.000000
457.400000	0.540630	-1.145357	1.387847	0.000000	0.000000
457.410000	0.540628	-1.145378	1.387844	0.000000	0.000000
457.420000	0.540626	-1.145399	1.387842	0.000000	0.000000
457.430000	0.540622	-1.145419	1.387839	0.000000	0.000000
457.440000	0.540619	-1.145439	1.387837	0.000000	0.000000
457.450000	0.540615	-1.145458	1.387834	0.000000	0.000000
457.460000	0.540611	-1.145479	1.387831	0.000000	0.000000
457.470000	0.540609	-1.145500	1.387829	0.000000	0.000000
457.480000	0.540607	-1.145522	1.387826	0.000000	0.000000
457.490000	0.540605	-1.145544	1.387823	0.000000	0.000000
457.500000	0.540604	-1.145567	1.387820	0.000000	0.000000
457.510000	0.540602	-1.145589	1.387817	0.000000	0.000000
457.520000	0.540600	-1.145610	1.387815	0.000000	0.000000
457.530000	0.540597	-1.145629	1.387812	0.000000	0.000000
457.540000	0.540594	-1.145648	1.387809	0.000000	0.000000
457.550000	0.540590	-1.145667	1.387806	0.000000	0.000000
457.560000	0.540587	-1.145686	1.387803	0.000000	0.000000
457.570000	0.540584	-1.145705	1.387800	0.000000	0.000000
457.580000	0.540580	-1.145722	1.387797	0.000000	0.000000
457.590000	0.540575	-1.145739	1.387794	0.000000	0.000000
457.600000	0.540571	-1.145756	1.387791	0.000000	0.000000
457.610000	0.540567	-1.145774	1.387787	0.000000	0.000000
457.620000	0.540564	-1.145792	1.387784	0.000000	0.000000
457.630000	0.540561	-1.145811	1.387781	0.000000	0.000000
457.640000	0.540559	-1.145830	1.387778	0.000000	0.000000
457.650000	0.540556	-1.145847	1.387775	0.000000	0.000000
457.660000	0.540553	-1.145863	1.387771	0.000000	0.000000
457.670000	0.540549	-1.145878	1.387768	0.000000	0.000000
457.680000	0.540546	-1.145893	1.387764	0.000000	0.000000
457.690000	0.540543	-1.145907	1.387761	0.000000	0.000000
457.700000	0.540540	-1.145922	1.387757	0.000000	0.000000
457.710000	0.540537	-1.145936	1.387753	0.000000	0.000000
457.720000	0.540534	-1.145950	1.387750	0.000000	0.000000
457.730000	0.540532	-1.145963	1.387746	0.000000	0.000000
457.740000	0.540530	-1.145976	1.387742	0.000000	0.000000
457.750000	0.540528	-1.145987	1.387738	0.000000	0.000000
457.760000	0.540524	-1.145997	1.387733	0.000000	0.000000
457.770000	0.540522	-1.146008	1.387729	0.000000	0.000000
457.780000	0.540520	-1.146021	1.387725	0.000000	0.000000
457.790000	0.540519	-1.146037	1.387721	0.000000	0.000000
457.800000	0.540519	-1.146056	1.387716	0.000000	0.000000
457.810000	0.540520	-1.146077	1.387712	0.000000	0.000000
457.820000	0.540520	-1.146099	1.387708	0.000000	0.000000
457.830000	0.540520	-1.146121	1.387704	0.000000	0.000000
457.840000	0.540519	-1.146143	1.387699	0.000000	0.000000
457.850000	0.540519	-1.146163	1.387695	0.000000	0.000000
457.860000	0.540518	-1.146182	1.387691	0.000000	0.000000
457.870000	0.540517	-1.146199	1.387687	0.000000	0.000000
457.880000	0.540516	-1.146216	1.387684	0.000000	0.000000
457.890000	0.540514	-1.146232	1.387680	0.000000	0.000000
457.900000	0.540513	-1.146248	1.387676	0.000000	0.000000
457.910000	0.540511	-1.146264	1.387673	0.000000	0.000000
457.920000	0.540508	-1.146278	1.387669	0.000000	0.000000
457.930000	0.540506	-1.146292	1.387666	0.000000	0.000000
457.940000	0.540505	-1.146306	1.387663	0.000000	0.000000
457.950000	0.540503	-1.146321	1.387660	0.000000	0.000000
457.960000	0.540502	-1.146335	1.387657	0.000000	0.000000
457.970000	0.540501	-1.146349	1.387654	0.000000	0.000000
457.980000	0.540499	-1.146363	1.387651	0.000000	0.000000
457.990000	0.540496	-1.146375	1.387649	0.000000	0.000000
458.000000	0.540494	-1.146387	1.387646	0.000000	0.000000
458.010000	0.540491	-1.146397	1.387644	0.000000	0.000000
458.020000	0.540488	-1.146407	1.387641	0.000000	0.000000
458.030000	0.540484	-1.146416	1.387639	0.000000	0.000000
458.040000	0.540482	-1.146426	1.387636	0.000000	0.000000
458.050000	0.540479	-1.146438	1.387634	0.000000	0.000000
458.060000	0.540478	-1.146452	1.387632	0.000000	0.000000
458.070000	0.540478	-1.146467	1.387629	0.000000	0.000000
458.080000	0.540478	-1.146483	1.387627	0.000000	0.000000
458.090000	0.540478	-1.146499	1.387625	0.000000	0.000000
458.100000	0.540477	-1.146515	1.387622	0.000000	0.000000
458.110000	0.540476	-1.146529	1.387620	0.000000	0.000000
458.120000	0.540475	-1.146543	1.387618	0.000000	0.000000
458.130000	0.540472	-1.146555	1.387615	0.000000	0.000000
458.140000	0.540470	-1.146567	1.387613	0.000000	0.000000
458.150000	0.540467	-1.146578	1.387611	0.000000	0.000000
458.160000	0.540464	-1.146587	1.387609	0.000000	0.000000
458.170000	0.540461	-1.146597	1.387607	0.000000	0.000000
458.180000	0.540457	-1.146605	1.387605	0.000000	0.000000
458.190000	0.540453	-1.146613	1.387603	0.000000	0.000000
458.200000	0.540449	-1.146620	1.387601	0.000000	0.000000
458.210000	0.540445	-1.146626	1.387599	0.000000	0.000000
458.220000	0.540441	-1.146632	1.387597	0.000000	0.000000
458.230000	0.540437	-1.146637	1.387595	0.000000	0.000000
458.240000	0.540433	-1.146643	1.387594	0.000000	0.000000
458.250000	0.540430	-1.146650	1.387592	0.000000	0.000000
458.260000	0.540427	-1.146657	1.387590	0.000000	0.000000
458.270000	0.540425	-1.146664	1.387588	0.000000	0.000000
458.280000	0.540422	-1.146671	1.387587	0.000000	0.000000
458.290000	0.540419	-1.146677	1.387585	0.000000	0.000000
458.300000	0.540416	-1.146681	1.387583	0.000000	0.000000
458.310000	0.540411	-1.146684	1.387581	0.000000	0.000000
458.320000	0.540407	-1.146685	1.387579	0.000000	0.000000
458.330000	0.540402	-1.146684	1.387577	0.000000	0.000000
458.340000	0.540396	-1.146681	1.387575	0.000000	0.000000
458.350000	0.540391	-1.146680	1.387573	0.000000	0.000000
458.360000	0.540387	-1.146680	1.387571	0.000000	0.000000
458.370000	0.540385	-1.146685	1.387569	0.000000	0.000000
458.380000	0.540383	-1.146693	1.387567	0.000000	0.000000
458.390000	0.540383	-1.146704	1.387564	0.000000	0.000000
458.400000	0.540383	-1.146717	1.387562	0.000000	0.000000
458.410000	0.540382	-1.146729	1.387559	0.000000	0.000000
458.420000	0.540381	-1.146740	1.387556	0.000000	0.000000
458.430000	0.540379	-1.146750	1.387554	0.000000	0.000000
458.440000	0.540376	-1.146758	1.387551	0.000000	0.000000
458.450000	0.540373	-1.146766	1.387548	0.000000	0.000000
458.460000	0.540371	-1.146774	1.387545	0.000000	0.000000
458.470000	0.540368	-1.146783	1.387542	0.000000	0.000000
458.480000	0.540366	-1.146794	1.387539	0.000000	0.000000
458.490000	0.540365	-1.146806	1.387536	0.000000	0.000000
458.500000	0.540363	-1.146819	1.387534	0.000000	0.000000
458.510000	0.540360	-1.146831	1.387531	0.000000	0.000000
458.520000	0.540358	-1.146843	1.387528	0.000000	0.000000
458.530000	0.540355	-1.146853	1.387525	0.000000	0.000000
458.540000	0.540352	-1.146863	1.387522	0.000000	0.000000
458.550000	0.540348	-1.146871	1.387519	0.000000	0.000000
458.560000	0.540345	-1.146880	1.387516	0.000000	0.000000
458.570000	0.540342	-1.146889	1.387513	0.000000	0.000000
458.580000	0.540341	-1.146900	1.387510	0.000000	0.000000
458.590000	0.540340	-1.146912	1.387508	0.000000	0.000000
458.600000	0.540339	-1.146924	1.387505	0.000000	0.000000
458.610000	0.540339	-1.146935	1.387502	0.000000	0.000000
458.620000	0.540337	-1.146944	1.387499	0.000000	0.000000
458.630000	0.540336	-1.146952	1.387497	0.000000	0.000000
458.640000	0.540334	-1.146957	1.387494	0.000000	0.000000
458.650000	0.540331	-1.146961	1.387491	0.000000	0.000000
458.660000	0.540328	-1.146965	1.387489	0.000000	0.000000
458.670000	0.540326	-1.146971	1.387486	0.000000	0.000000
458.680000	0.540325	-1.146978	1.387484	0.000000	0.000000
458.690000	0.540324	-1.146988	1.387481	0.000000	0.000000
458.700000	0.540325	-1.146998	1.387479	0.000000	0.000000
458.710000	0.540325	-1.147007	1.387477	0.000000	0.000000
458.720000	0.540326	-1.147016	1.387474	0.000000	0.000000
458.730000	0.540327	-1.147023	1.387472	0.000000	0.000000
458.740000	0.540327	-1.147027	1.387470	0.000000	0.000000
458.750000	0.540325	-1.147028	1.387468	0.000000	0.000000
458.760000	0.540322	-1.147026	1.387465	0.000000	0.000000
458.770000	0.540319	-1.147023	1.387463	0.000000	0.000000
458.780000	0.540314	-1.147019	1.387461	0.000000	0.000000
458.790000	0.540311	-1.147017	1.387459	0.000000	0.000000
458.800000	0.540309	-1.147018	1.387457	0.000000	0.000000
458.810000	0.540307	-1.147020	1.387455	0.000000	0.000000
458.820000	0.540306	-1.147023	1.387453	0.000000	0.000000
458.830000	0.540304	-1.147024	1.387451	0.000000	0.000000
458.840000	0.540302	-1.147025	1.387449	0.000000	0.000000
458.850000	0.540300	-1.147025	1.387448	0.000000	0.000000
458.860000	0.540298	-1.147026	1.387446	0.000000	0.000000
458.870000	0.540295	-1.147029	1.387444	0.000000	0.000000
458.880000	0.540293	-1.147033	1.387443	0.000000	0.000000
458.890000	0.540291	-1.147039	1.387441	0.000000	0.000000
458.900000	0.540290	-1.147046	1.387440	0.000000	0.000000
458.910000	0.540288	-1.147054	1.387438	0.000000	0.000000
458.920000	0.540286	-1.147061	1.387437	0.000000	0.000000
458.930000	0.540284	-1.147067	1.387436	0.000000	0.000000
458.940000	0.540281	-1.147071	1.387435	0.000000	0.000000
458.950000	0.540278	-1.147075	1.387433	0.000000	0.000000
458.960000	0.540276	-1.147078	1.387432	0.000000	0.000000
458.970000	0.540273	-1.147084	1.387431	0.000000	0.000000
458.980000	0.540272	-1.147093	1.387430	0.000000	0.000000
458.990000	0.540270	-1.147103	1.387429	0.000000	0.000000
459.000000	0.540269	-1.147113	1.387428	0.000000	0.000000
459.010000	0.540266	-1.147122	1.387427	0.000000	0.000000
459.020000	0.540263	-1.147130	1.387426	0.000000	0.000000
459.030000	0.540260	-1.147136	1.387426	0.000000	0.000000
459.040000	0.540256	-1.147142	1.387425	0.000000	0.000000
459.050000	0.540251	-1.147147	1.387424	0.000000	0.000000
459.060000	0.540247	-1.147152	1.387423	0.000000	0.000000
459.070000	0.540242	-1.147156	1.387422	0.000000	0.000000
459.080000	0.540238	-1.147160	1.387421	0.000000	0.000000
459.090000	0.540234	-1.147165	1.387421	0.000000	0.000000
459.100000	0.540229	-1.147170	1.387420	0.000000	0.000000
459.110000	0.540225	-1.147175	1.387419	0.000000	0.000000
459.120000	0.540221	-1.147178	1.387418	0.000000	0.000000
459.130000	0.540216	-1.147180	1.387417	0.000000	0.000000
459.140000	0.540211	-1.147180	1.387416	0.000000	0.000000
459.150000	0.540206	-1.147180	1.387415	0.000000	0.000000
459.160000	0.540201	-1.147181	1.387414	0.000000	0.000000
459.170000	0.540196	-1.147182	1.387413	0.000000	0.000000
459.180000	0.540192	-1.147185	1.387411	0.000000	0.000000
459.190000	0.540189	-1.147190	1.387410	0.000000	0.000000
459.200000	0.540185	-1.147196	1.387409	0.000000	0.000000
459.210000	0.540182	-1.147204	1.387408	0.000000	0.000000
459.220000	0.540179	-1.147212	1.387406	0.000000	0.000000
459.230000	0.540175	-1.147220	1.387405	0.000000	0.000000
459.240000	0.540171	-1.147228	1.387404	0.000000	0.000000
459.250000	0.540167	-1.147236	1.387402	0.000000	0.000000
459.260000	0.540163	-1.147243	1.387401	0.000000	0.000000
459.270000	0.540160	-1.147251	1.387399	0.000000	0.000000
459.280000	0.540156	-1.147260	1.387398	0.000000	0.000000
459.290000	0.540152	-1.147270	1.387397	0.000000	0.000000
459.300000	0.540150	-1.147282	1.387395	0.000000	0.000000
459.310000	0.540148	-1.147295	1.387394	0.000000	0.000000
459.320000	0.540145	-1.147308	1.387392	0.000000	0.000000
459.330000	0.540143	-1.147320	1.387391	0.000000	0.000000
459.340000	0.540140	-1.147331	1.387390	0.000000	0.000000
459.350000	0.540137	-1.147341	1.387389	0.000000	0.000000
459.360000	0.540133	-1.147351	1.387388	0.000000	0.000000
459.370000	0.540129	-1.147360	1.387387	0.000000	0.000000
459.380000	0.540124	-1.147367	1.387386	0.000000	0.000000
459.390000	0.540119	-1.147372	1.387385	0.000000	0.000000
459.400000	0.540115	-1.147377	1.387384	0.000000	0.000000
459.410000	0.540110	-1.147381	1.387383	0.000000	0.000000
459.420000	0.540105	-1.147384	1.387382	0.000000	0.000000
459.430000	0.540099	-1.147387	1.387382	0.000000	0.000000
459.440000	0.540093	-1.147390	1.387381	0.000000	0.000000
459.450000	0.540087	-1.147393	1.387381	0.000000	0.000000
459.460000	0.540081	-1.147396	1.387380	0.000000	0.000000
459.470000	0.540075	-1.147400	1.387380	0.000000	0.000000
459.480000	0.540070	-1.147406	1.387379	0.000000	0.000000
459.490000	0.540065	-1.147412	1.387379	0.000000	0.000000
459.500000	0.540062	-1.147421	1.387378	0.000000	0.000000
459.510000	0.540058	-1.147432	1.387378	0.000000	0.000000
459.520000	0.540055	-1.147444	1.387377	0.000000	0.000000
459.530000	0.540053	-1.147458	1.387376	0.000000	0.000000
459.540000	0.540052	-1.147472	1.387376	0.000000	0.000000
459.550000	0.540050	-1.147485	1.387375	0.000000	0.000000
459.560000	0.540048	-1.147495	1.387374	0.000000	0.000000
459.570000	0.540044	-1.147501	1.387373	0.000000	0.000000
459.580000	0.540040	-1.147502	1.387371	0.000000	0.000000
459.590000	0.540035	-1.147502	1.387370	0.000000	0.000000
459.600000	0.540032	-1.147506	1.387369	0.000000	0.000000
459.610000	0.540029	-1.147514	1.387368	0.000000	0.000000
459.620000	0.540027	-1.147524	1.387366	0.000000	0.000000
459.630000	0.540026	-1.147535	1.387365	0.000000	0.000000
459.640000	0.540025	-1.147547	1.387363	0.000000	0.000000
459.650000	0.540025	-1.147560	1.387362	0.000000	0.000000
459.660000	0.540024	-1.147573	1.387361	0.000000	0.000000
459.670000	0.540024	-1.147585	1.387359	0.000000	0.000000
459.680000	0.540022	-1.147595	1.387358	0.000000	0.000000
459.690000	0.540020	-1.147603	1.387356	0.000000	0.000000
459.700000	0.540018	-1.147612	1.387355	0.000000	0.000000
459.710000	0.540016	-1.147620	1.387354	0.000000	0.000000
459.720000	0.540015	-1.147628	1.387352	0.000000	0.000000
459.730000	0.540014	-1.147636	1.387351	0.000000	0.000000
459.740000	0.540013	-1.147643	1.387349	0.000000	0.000000
459.750000	0.540012	-1.147651	1.387348	0.000000	0.000000
459.760000	0.540012	-1.147658	1.387346	0.000000	0.000000
459.770000	0.540011	-1.147666	1.387344	0.000000	0.000000
459.780000	0.540011	-1.147673	1.387342	0.000000	0.000000
459.790000	0.540010	-1.147677	1.387341	0.000000	0.000000
459.800000	0.540008	-1.147679	1.387339	0.000000	0.000000
459.810000	0.540007	-1.147683	1.387337	0.000000	0.000000
459.820000	0.540006	-1.147688	1.387335	0.000000	0.000000
459.830000	0.540006	-1.147694	1.387332	0.000000	0.000000
459.840000	0.540006	-1.147700	1.387330	0.000000	0.000000
459.850000	0.540005	-1.147709	1.387328	0.000000	0.000000
459.860000	0.540006	-1.147719	1.387326	0.000000	0.000000
459.870000	0.540007	-1.147732	1.387324	0.000000	0.000000
459.880000	0.540009	-1.147745	1.387322	0.000000	0.000000
459.890000	0.540011	-1.147760	1.387320	0.000000	0.000000
459.900000	0.540014	-1.147775	1.387318	0.000000	0.000000
459.910000	0.540016	-1.147789	1.387316	0.000000	0.000000
459.920000	0.540018	-1.147802	1.387314	0.000000	0.000000
459.930000	0.540020	-1.147813	1.387312	0.000000	0.000000
459.940000	0.540021	-1.147822	1.387310	0.000000	0.000000
459.950000	0.540021	-1.147830	1.387308	0.000000	0.000000
459.960000	0.540021	-1.147837	1.387306	0.000000	0.000000
459.970000	0.540022	-1.147844	1.387304	0.000000	0.000000
459.980000	0.540022	-1.147852	1.387302	0.000000	0.000000
459.990000	0.540023	-1.147860	1.387299	0.000000	0.000000
460.000000	0.540024	-1.147871	1.387297	0.000000	0.000000
460.010000	0.540026	-1.147882	1.387295	0.000000	0.000000
460.020000	0.540027	-1.147893	1.387293	0.000000	0.000000
460.030000	0.540027	-1.147902	1.387291	0.000000	0.000000
460.040000	0.540027	-1.147909	1.387289	0.000000	0.000000
460.050000	0.540028	-1.147916	1.387287	0.000000	0.000000
460.060000	0.540029	-1.147925	1.387285	0.000000	0.000000
460.070000	0.540032	-1.147937	1.387283	0.000000	0.000000
460.080000	0.540036	-1.147949	1.387281	0.000000	0.000000
460.090000	0.540040	-1.147962	1.387279	0.000000	0.000000
460.100000	0.540044	-1.147974	1.387277	0.000000	0.000000
460.110000	0.540048	-1.147985	1.387276	0.000000	0.000000
460.120000	0.540050	-1.147994	1.387274	0.000000	0.000000
460.130000	0.540052	-1.148000	1.387273	0.000000	0.000000
460.140000	0.540053	-1.148004	1.387271	0.000000	0.000000
460.150000	0.540054	-1.148008	1.387270	0.000000	0.000000
460.160000	0.540056	-1.148011	1.387269	0.000000	0.000000
460.170000	0.540059	-1.148016	1.387268	0.000000	0.000000
460.180000	0.540062	-1.148020	1.387267	0.000000	0.000000
460.190000	0.540065	-1.148025	1.387267	0.000000	0.000000
460.200000	0.540069	-1.148030	1.387266	0.000000	0.000000
460.210000	0.540072	-1.148033	1.387265	0.000000	0.000000
460.220000	0.540076	-1.148036	1.387265	0.000000	0.000000
460.230000	0.540078	-1.148036	1.387264	0.000000	0.000000
460.240000	0.540079	-1.148034	1.387263	0.000000	0.000000
460.250000	0.540079	-1.148029	1.387263	0.000000	0.000000
460.260000	0.540078	-1.148022	1.387262	0.000000	0.000000
460.270000	0.540076	-1.148014	1.387261	0.000000	0.000000
460.280000	0.540075	-1.148006	1.387261	0.000000	0.000000
460.290000	0.540074	-1.147998	1.387260	0.000000	0.000000
460.300000	0.540073	-1.147991	1.387259	0.000000	0.000000
460.310000	0.540074	-1.147985	1.387258	0.000000	0.000000
460.320000	0.540076	-1.147982	1.387257	0.000000	0.000000
460.330000	0.540077	-1.147980	1.387256	0.000000	0.000000
460.340000	0.540079	-1.147979	1.387255	0.000000	0.000000
460.350000	0.540080	-1.147979	1.387254	0.000000	0.000000
460.360000	0.540081	-1.147979	1.387252	0.000000	0.000000
460.370000	0.540082	-1.147978	1.387251	0.000000	0.000000
460.380000	0.540083	-1.147976	1.387249	0.000000	0.000000
460.390000	0.540085	-1.147976	1.387247	0.000000	0.000000
460.400000	0.540088	-1.147978	1.387245	0.000000	0.000000
460.410000	0.540092	-1.147982	1.387243	0.000000	0.000000
460.420000	0.540097	-1.147989	1.387241	0.000000	0.000000
460.430000	0.540102	-1.147998	1.387239	0.000000	0.000000
460.440000	0.540108	-1.148007	1.387237	0.000000	0.000000
460.450000	0.540114	-1.148015	1.387234	0.000000	0.000000
460.460000	0.540118	-1.148020	1.387232	0.000000	0.000000
460.470000	0.540122	-1.148021	1.387229	0.000000	0.000000
460.480000	0.540126	-1.148020	1.387227	0.000000	0.000000
460.490000	0.540130	-1.148018	1.387225	0.000000	0.000000
460.500000	0.540133	-1.148017	1.387222	0.000000	0.000000
460.510000	0.540136	-1.148018	1.387220	0.000000	0.000000
460.520000	0.540139	-1.148017	1.387218	0.000000	0.000000
460.530000	0.540143	-1.148015	1.387215	0.000000	0.000000
460.540000	0.540145	-1.148012	1.387213	0.000000	0.000000
460.550000	0.540148	-1.148009	1.387211	0.000000	0.000000
460.560000	0.540152	-1.148007	1.387209	0.000000	0.000000
460.570000	0.540156	-1.148006	1.387208	0.000000	0.000000
460.580000	0.540161	-1.148005	1.387206	0.000000	0.000000
460.590000	0.540164	-1.148002	1.387205	0.000000	0.000000
460.600000	0.540168	-1.148000	1.387203	0.000000	0.000000
460.610000	0.540173	-1.147997	1.387202	0.000000	0.000000
460.620000	0.540178	-1.147995	1.387201	0.000000	0.000000
460.630000	0.540183	-1.147992	1.387200	0.000000	0.000000
460.640000	0.540189	-1.147988	1.387200	0.000000	0.000000
460.650000	0.540193	-1.147982	1.387199	0.000000	0.000000
460.660000	0.540196	-1.147975	1.387199	0.000000	0.000000
460.670000	0.540199	-1.147964	1.387198	0.000000	0.000000
460.680000	0.540201	-1.147951	1.387198	0.000000	0.000000
460.690000	0.540202	-1.147936	1.387198	0.000000	0.000000
460.700000	0.540204	-1.147918	1.387198	0.000000	0.000000
460.710000	0.540205	-1.147899	1.387198	0.000000	0.000000
460.720000	0.540208	-1.147882	1.387198	0.000000	0.000000
460.730000	0.540211	-1.147866	1.387198	0.000000	0.000000
460.740000	0.540214	-1.147853	1.387199	0.000000	0.000000
460.750000	0.540219	-1.147843	1.387199	0.000000	0.000000
460.760000	0.540225	-1.147834	1.387199	0.000000	0.000000
460.770000	0.540231	-1.147827	1.387200	0.000000	0.000000
460.780000	0.540238	-1.147821	1.387200	0.000000	0.000000
460.790000	0.540244	-1.147814	1.387201	0.000000	0.000000
460.800000	0.540249	-1.147806	1.387201	0.000000	0.000000
460.810000	0.540255	-1.147795	1.387202	0.000000	0.000000
460.820000	0.540258	-1.147781	1.387202	0.000000	0.000000
460.830000	0.540261	-1.147764	1.387203	0.000000	0.000000
460.840000	0.540262	-1.147744	1.387203	0.000000	0.000000
460.850000	0.540263	-1.147723	1.387204	0.000000	0.000000
460.860000	0.540265	-1.147704	1.387205	0.000000	0.000000
460.870000	0.540268	-1.147688	1.387205	0.000000	0.000000
460.880000	0.540271	-1.147676	1.387206	0.000000	0.000000
460.890000	0.540274	-1.147665	1.387206	0.000000	0.000000
460.900000	0.540278	-1.147655	1.387207	0.000000	0.000000
460.910000	0.540281	-1.147644	1.387208	0.000000	0.000000
460.920000	0.540285	-1.147632	1.387208	0.000000	0.000000
460.930000	0.540287	-1.147617	1.387208	0.000000	0.000000
460.940000	0.540289	-1.147598	1.387209	0.000000	0.000000
460.950000	0.540289	-1.147577	1.387209	0.000000	0.000000
460.960000	0.540289	-1.147556	1.387209	0.000000	0.000000
460.970000	0.540290	-1.147537	1.387209	0.000000	0.000000
460.980000	0.540292	-1.147522	1.387209	0.000000	0.000000
460.990000	0.540294	-1.147511	1.387209	0.000000	0.000000
461.000000	0.540297	-1.147503	1.387209	0.000000	0.000000
461.010000	0.540301	-1.147497	1.387209	0.000000	0.000000
461.020000	0.540304	-1.147490	1.387209	0.000000	0.000000
461.030000	0.540306	-1.147482	1.387209	0.000000	0.000000
461.040000	0.540308	-1.147473	1.387208	0.000000	0.000000
461.050000	0.540312	-1.147467	1.387208	0.000000	0.000000
461.060000	0.540316	-1.147463	1.387207	0.000000	0.000000
461.070000	0.540320	-1.147460	1.387207	0.000000	0.000000
461.080000	0.540325	-1.147455	1.387207	0.000000	0.000000
461.090000	0.540330	-1.147448	1.387206	0.000000	0.000000
461.100000	0.540333	-1.147439	1.387206	0.000000	0.000000
461.110000	0.540335	-1.147428	1.387205	0.000000	0.000000
461.120000	0.540336	-1.147415	1.387205	0.000000	0.000000
461.130000	0.540337	-1.147402	1.387204	0.000000	0.000000
461.140000	0.540338	-1.147388	1.387204	0.000000	0.000000
461.150000	0.540339	-1.147374	1.387203	0.000000	0.000000
461.160000	0.540341	-1.147359	1.387203	0.000000	0.000000
461.170000	0.540343	-1.147343	1.387203	0.000000	0.000000
461.180000	0.540344	-1.147327	1.387202	0.000000	0.000000
461.190000	0.540345	-1.147309	1.387202	0.000000	0.000000
461.200000	0.540347	-1.147291	1.387201	0.000000	0.000000
461.210000	0.540350	-1.147275	1.387201	0.000000	0.000000
461.220000	0.540354	-1.147261	1.387200	0.000000	0.000000
461.230000	0.540359	-1.147249	1.387200	0.000000	0.000000
461.240000	0.540366	-1.147241	1.387199	0.000000	0.000000
461.250000	0.540373	-1.147237	1.387199	0.000000	0.000000
461.260000	0.540381	-1.147235	1.387198	0.000000	0.000000
461.270000	0.540388	-1.147231	1.387197	0.000000	0.000000
461.280000	0.540395	-1.147224	1.387196	0.000000	0.000000
461.290000	0.540399	-1.147214	1.387196	0.000000	0.000000
461.300000	0.540403	-1.147202	1.387195	0.000000	0.000000
461.310000	0.540406	-1.147190	1.387194	0.000000	0.000000
461.320000	0.540410	-1.147182	1.387193	0.000000	0.000000
461.330000	0.540415	-1.147178	1.387192	0.000000	0.000000
461.340000	0.540419	-1.147177	1.387192	0.000000	0.000000
461.350000	0.540425	-1.147181	1.387191	0.000000	0.000000
461.360000	0.540431	-1.147186	1.387190	0.000000	0.000000
461.370000	0.540438	-1.147192	1.387189	0.000000	0.000000
461.380000	0.540443	-1.147196	1.387189	0.000000	0.000000
461.390000	0.540448	-1.147198	1.387188	0.000000	0.000000
461.400000	0.540452	-1.147196	1.387187	0.000000	0.000000
461.410000	0.540453	-1.147189	1.387186	0.000000	0.000000
461.420000	0.540453	-1.147177	1.387185	0.000000	0.000000
461.430000	0.540453	-1.147162	1.387184	0.000000	0.000000
461.440000	0.540453	-1.147146	1.387183	0.000000	0.000000
461.450000	0.540453	-1.147131	1.387182	0.000000	0.000000
461.460000	0.540455	-1.147118	1.387181	0.000000	0.000000
461.470000	0.540457	-1.147108	1.387180	0.000000	0.000000
461.480000	0.540461	-1.147101	1.387179	0.000000	0.000000
461.490000	0.540465	-1.147098	1.387178	0.000000	0.000000
461.500000	0.540470	-1.147096	1.387176	0.000000	0.000000
461.510000	0.540475	-1.147095	1.387175	0.000000	0.000000
461.520000	0.540481	-1.147094	1.387174	0.000000	0.000000
461.530000	0.540486	-1.147091	1.387172	0.000000	0.000000
461.540000	0.540492	-1.147088	1.387171	0.000000	0.000000
461.550000	0.540499	-1.147085	1.387170	0.000000	0.000000
461.560000	0.540505	-1.147085	1.387168	0.000000	0.000000
461.570000	0.540512	-1.147087	1.387167	0.000000	0.000000
461.580000	0.540518	-1.147088	1.387166	0.000000	0.000000
461.590000	0.540523	-1.147085	1.387165	0.000000	0.000000
461.600000	0.540528	-1.147078	1.387164	0.000000	0.000000
461.610000	0.540532	-1.147073	1.387163	0.000000	0.000000
461.620000	0.540537	-1.147072	1.387162	0.000000	0.000000
461.630000	0.540544	-1.147075	1.387162	0.000000	0.000000
461.640000	0.540551	-1.147079	1.387161	0.000000	0.000000
461.650000	0.540558	-1.147082	1.387161	0.000000	0.000000
461.660000	0.540564	-1.147081	1.387161	0.000000	0.000000
461.670000	0.540568	-1.147077	1.387161	0.000000	0.000000
461.680000	0.540571	-1.147069	1.387162	0.000000	0.000000
461.690000	0.540574	-1.147057	1.387162	0.000000	0.000000
461.700000	0.540575	-1.147043	1.387162	0.000000	0.000000
461.710000	0.540577	-1.147027	1.387163	0.000000	0.000000
461.720000	0.540577	-1.147010	1.387164	0.000000	0.000000
461.730000	0.540578	-1.146993	1.387165	0.000000	0.000000
461.740000	0.540580	-1.146977	1.387166	0.000000	0.000000
461.750000	0.540581	-1.146960	1.387167	0.000000	0.000000
461.760000	0.540582	-1.146943	1.387168	0.000000	0.000000
461.770000	0.540583	-1.146926	1.387169	0.000000	0.000000
461.780000	0.540583	-1.146909	1.387170	0.000000	0.000000
461.790000	0.540583	-1.146891	1.387171	0.000000	0.000000
461.800000	0.540582	-1.146872	1.387172	0.000000	0.000000
461.810000	0.540581	-1.146851	1.387173	0.000000	0.000000
461.820000	0.540578	-1.146828	1.387174	0.000000	0.000000
461.830000	0.540576	-1.146805	1.387175	0.000000	0.000000
461.840000	0.540574	-1.146787	1.387176	0.000000	0.000000
461.850000	0.540575	-1.146775	1.387177	0.000000	0.000000
461.860000	0.540576	-1.146767	1.387178	0.000000	0.000000
461.870000	0.540578	-1.146760	1.387179	0.000000	0.000000
461.880000	0.540579	-1.146753	1.387179	0.000000	0.000000
461.890000	0.540580	-1.146745	1.387180	0.000000	0.000000
461.900000	0.540581	-1.146737	1.387181	0.000000	0.000000
461.910000	0.540581	-1.146729	1.387182	0.000000	0.000000
461.920000	0.540581	-1.146720	1.387183	0.000000	0.000000
461.930000	0.540582	-1.146711	1.387184	0.000000	0.000000
461.940000	0.540582	-1.146700	1.387185	0.000000	0.000000
461.950000	0.540581	-1.146687	1.387186	0.000000	0.000000
461.960000	0.540580	-1.146672	1.387187	0.000000	0.000000
461.970000	0.540577	-1.146653	1.387188	0.000000	0.000000
461.980000	0.540575	-1.146632	1.387188	0.000000	0.000000
461.990000	0.540572	-1.146610	1.387189	0.000000	0.000000
462.000000	0.540571	-1.146591	1.387190	0.000000	0.000000
462.010000	0.540571	-1.146577	1.387191	0.000000	0.000000
462.020000	0.540572	-1.146566	1.387192	0.000000	0.000000
462.030000	0.540574	-1.146559	1.387193	0.000000	0.000000
462.040000	0.540578	-1.146553	1.387194	0.000000	0.000000
462.050000	0.540581	-1.146548	1.387196	0.000000	0.000000
462.060000	0.540583	-1.146543	1.387197	0.000000	0.000000
462.070000	0.540585	-1.146538	1.387198	0.000000	0.000000
462.080000	0.540587	-1.146532	1.387200	0.000000	0.000000
462.090000	0.540589	-1.146526	1.387201	0.000000	0.000000
462.100000	0.540589	-1.146519	1.387203	0.000000	0.000000
462.110000	0.540588	-1.146509	1.387204	0.000000	0.000000
462.120000	0.540587	-1.146496	1.387206	0.000000	0.000000
462.130000	0.540584	-1.146477	1.387207	0.000000	0.000000
462.140000	0.540580	-1.146456	1.387209	0.000000	0.000000
462.150000	0.540576	-1.146435	1.387211	0.000000	0.000000
462.160000	0.540574	-1.146417	1.387213	0.000000	0.000000
462.170000	0.540571	-1.146402	1.387215	0.000000	0.000000
462.180000	0.540570	-1.146390	1.387217	0.000000	0.000000
462.190000	0.540569	-1.146380	1.387219	0.000000	0.000000
462.200000	0.540567	-1.146371	1.387221	0.000000	0.000000
462.210000	0.540565	-1.146363	1.387223	0.000000	0.000000
462.220000	0.540562	-1.146355	1.387225	0.000000	0.000000
462.230000	0.540560	-1.146347	1.387227	0.000000	0.000000
462.240000	0.540559	-1.146339	1.387229	0.000000	0.000000
462.250000	0.540558	-1.146331	1.387231	0.000000	0.000000
462.260000	0.540556	-1.146323	1.387233	0.000000	0.000000
462.270000	0.540554	-1.146317	1.387235	0.000000	0.000000
462.280000	0.540553	-1.146312	1.387237	0.000000	0.000000
462.290000	0.540552	-1.146308	1.387239	0.000000	0.000000
462.300000	0.540551	-1.146304	1.387241	0.000000	0.000000
462.310000	0.540550	-1.146299	1.387243	0.000000	0.000000
462.320000	0.540549	-1.146295	1.387245	0.000000	0.000000
462.330000	0.540548	-1.146291	1.387247	0.000000	0.000000
462.340000	0.540547	-1.146287	1.387249	0.000000	0.000000
462.350000	0.540546	-1.146282	1.387251	0.000000	0.000000
462.360000	0.540546	-1.146277	1.387253	0.000000	0.000000
462.370000	0.540545	-1.146272	1.387254	0.000000	0.000000
462.380000	0.540544	-1.146265	1.387256	0.000000	0.000000
462.390000	0.540542	-1.146257	1.387258	0.000000	0.000000
462.400000	0.540541	-1.146249	1.387260	0.000000	0.000000
462.410000	0.540542	-1.146244	1.387262	0.000000	0.000000
462.420000	0.540543	-1.146240	1.387264	0.000000	0.000000
462.430000	0.540545	-1.146238	1.387266	0.000000	0.000000
462.440000	0.540547	-1.146237	1.387268	0.000000	0.000000
462.450000	0.540549	-1.146236	1.387271	0.000000	0.000000
462.460000	0.540551	-1.146235	1.387273	0.000000	0.000000
462.470000	0.540554	-1.146231	1.387275	0.000000	0.000000
462.480000	0.540555	-1.146226	1.387278	0.000000	0.000000
462.490000	0.540555	-1.146218	1.387281	0.000000	0.000000
462.500000	0.540554	-1.146207	1.387283	0.000000	0.000000
462.510000	0.540553	-1.146194	1.387286	0.000000	0.000000
462.520000	0.540552	-1.146180	1.387289	0.000000	0.000000
462.530000	0.540550	-1.146166	1.387292	0.000000	0.000000
462.540000	0.540548	-1.146151	1.387295	0.000000	0.000000
462.550000	0.540547	-1.146137	1.387298	0.000000	0.000000
462.560000	0.540544	-1.146124	1.387301	0.000000	0.000000
462.570000	0.540543	-1.146111	1.387304	0.000000	0.000000
462.580000	0.540541	-1.146099	1.387307	0.000000	0.000000
462.590000	0.540539	-1.146088	1.387310	0.000000	0.000000
462.600000	0.540537	-1.146077	1.387314	0.000000	0.000000
462.610000	0.540535	-1.146067	1.387317	0.000000	0.000000
462.620000	0.540533	-1.146057	1.387320	0.000000	0.000000
462.630000	0.540531	-1.146049	1.387323	0.000000	0.000000
462.640000	0.540530	-1.146040	1.387327	0.000000	0.000000
462.650000	0.540529	-1.146031	1.387330	0.000000	0.000000
462.660000	0.540528	-1.146023	1.387333	0.000000	0.000000
462.670000	0.540527	-1.146014	1.387336	0.000000	0.000000
462.680000	0.540526	-1.146004	1.387340	0.000000	0.000000
462.690000	0.540526	-1.145994	1.387343	0.000000	0.000000
462.700000	0.540525	-1.145983	1.387346	0.000000	0.000000
462.710000	0.540524	-1.145971	1.387350	0.000000	0.000000
462.720000	0.540523	-1.145958	1.387353	0.000000	0.000000
462.730000	0.540521	-1.145945	1.387356	0.000000	0.000000
462.740000	0.540520	-1.145932	1.387360	0.000000	0.000000
462.750000	0.540520	-1.145921	1.387363	0.000000	0.000000
462.760000	0.540519	-1.145912	1.387367	0.000000	0.000000
462.770000	0.540519	-1.145904	1.387370	0.000000	0.000000
462.780000	0.540520	-1.145897	1.387374	0.000000	0.000000
462.790000	0.540520	-1.145892	1.387378	0.000000	0.000000
462.800000	0.540522	-1.145887	1.387382	0.000000	0.000000
462.810000	0.540523	-1.145882	1.387386	0.000000	0.000000
462.820000	0.540525	-1.145878	1.387390	0.000000	0.000000
462.830000	0.540527	-1.145872	1.387394	0.000000	0.000000
462.840000	0.540527	-1.145865	1.387398	0.000000	0.000000
462.850000	0.540526	-1.145857	1.387403	0.000000	0.000000
462.860000	0.540524	-1.145847	1.387407	0.000000	0.000000
462.870000	0.540522	-1.145836	1.387411	0.000000	0.000000
462.880000	0.540519	-1.145825	1.387416	0.000000	0.000000
462.890000	0.540516	-1.145813	1.387420	0.000000	0.000000
462.900000	0.540513	-1.145801	1.387425	0.000000	0.000000
462.910000	0.540511	-1.145790	1.387429	0.000000	0.000000
462.920000	0.540509	-1.145780	1.387433	0.000000	0.000000
462.930000	0.540507	-1.145772	1.387438	0.000000	0.000000
462.940000	0.540505	-1.145764	1.387442	0.000000	0.000000
462.950000	0.540504	-1.145758	1.387446	0.000000	0.000000
462.960000	0.540503	-1.145751	1.387450	0.000000	0.000000
462.970000	0.540502	-1.145745	1.387454	0.000000	0.000000
462.980000	0.540501	-1.145737	1.387458	0.000000	0.000000
462.990000	0.540499	-1.145730	1.387462	0.000000	0.000000
463.000000	0.540498	-1.145723	1.387465	0.000000	0.000000
463.010000	0.540497	-1.145719	1.387469	0.000000	0.000000
463.020000	0.540497	-1.145717	1.387473	0.000000	0.000000
463.030000	0.540498	-1.145717	1.387476	0.000000	0.000000
463.040000	0.540499	-1.145718	1.387480	0.000000	0.000000
463.050000	0.540499	-1.145720	1.387483	0.000000	0.000000
463.060000	0.540500	-1.145722	1.387486	0.000000	0.000000
463.070000	0.540502	-1.145723	1.387490	0.000000	0.000000
463.080000	0.540502	-1.145724	1.387493	0.000000	0.000000
463.090000	0.540501	-1.145724	1.387496	0.000000	0.000000
463.100000	0.540500	-1.145724	1.387500	0.000000	0.000000
463.110000	0.540500	-1.145723	1.387503	0.000000	0.000000
463.120000	0.540500	-1.145723	1.387506	0.000000	0.000000
463.130000	0.540499	-1.145724	1.387510	0.000000	0.000000
463.140000	0.540498	-1.145725	1.387513	0.000000	0.000000
463.150000	0.540496	-1.145725	1.387516	0.000000	0.000000
463.160000	0.540494	-1.145726	1.387520	0.000000	0.000000
463.170000	0.540492	-1.145726	1.387523	0.000000	0.000000
463.180000	0.540490	-1.145727	1.387527	0.000000	0.000000
463.190000	0.540490	-1.145729	1.387530	0.000000	0.000000
463.200000	0.540488	-1.145732	1.387534	0.000000	0.000000
463.210000	0.540486	-1.145735	1.387538	0.000000	0.000000
463.220000	0.540484	-1.145738	1.387541	0.000000	0.000000
463.230000	0.540482	-1.145740	1.387545	0.000000	0.000000
463.240000	0.540478	-1.145741	1.387549	0.000000	0.000000
463.250000	0.540475	-1.145741	1.387553	0.000000	0.000000
463.260000	0.540471	-1.145739	1.387557	0.000000	0.000000
463.270000	0.540467	-1.145735	1.387561	0.000000	0.000000
463.280000	0.540463	-1.145732	1.387565	0.000000	0.000000
463.290000	0.540459	-1.145728	1.387569	0.000000	0.000000
463.300000	0.540455	-1.145725	1.387573	0.000000	0.000000
463.310000	0.540451	-1.145723	1.387577	0.000000	0.000000
463.320000	0.540448	-1.145720	1.387581	0.000000	0.000000
463.330000	0.540445	-1.145717	1.387585	0.000000	0.000000
463.340000	0.540441	-1.145715	1.387589	0.000000	0.000000
463.350000	0.540437	-1.145712	1.387593	0.000000	0.000000
463.360000	0.540434	-1.145711	1.387597	0.000000	0.000000
463.370000	0.540431	-1.145711	1.387601	0.000000	0.000000
463.380000	0.540427	-1.145711	1.387605	0.000000	0.000000
463.390000	0.540425	-1.145713	1.387609	0.000000	0.000000
463.400000	0.540422	-1.145717	1.387613	0.000000	0.000000
463.410000	0.540419	-1.145721	1.387616	0.000000	0.000000
463.420000	0.540416	-1.145727	1.387620	0.000000	0.000000
463.430000	0.540414	-1.145733	1.387624	0.000000	0.000000
463.440000	0.540412	-1.145740	1.387627	0.000000	0.000000
463.450000	0.540409	-1.145747	1.387630	0.000000	0.000000
463.460000	0.540406	-1.145753	1.387634	0.000000	0.000000
463.470000	0.540404	-1.145758	1.387637	0.000000	0.000000
463.480000	0.540401	-1.145761	1.387640	0.000000	0.000000
463.490000	0.540397	-1.145764	1.387643	0.000000	0.000000
463.500000	0.540393	-1.145766	1.387647	0.000000	0.000000
463.510000	0.540390	-1.145768	1.387650	0.000000	0.000000
463.520000	0.540388	-1.145772	1.387653	0.000000	0.000000
463.530000	0.540387	-1.145776	1.387656	0.000000	0.000000
463.540000	0.540386	-1.145781	1.387659	0.000000	0.000000
463.550000	0.540384	-1.145784	1.387662	0.000000	0.000000
463.560000	0.540381	-1.145786	1.387664	0.000000	0.000000
463.570000	0.540378	-1.145786	1.387668	0.000000	0.000000
463.580000	0.540374	-1.145786	1.387671	0.000000	0.000000
463.590000	0.540372	-1.145786	1.387674	0.000000	0.000000
463.600000	0.540368	-1.145789	1.387677	0.000000	0.000000
463.610000	0.540366	-1.145792	1.387680	0.000000	0.000000
463.620000	0.540362	-1.145796	1.387683	0.000000	0.000000
463.630000	0.540359	-1.145800	1.387686	0.000000	0.000000
463.640000	0.540356	-1.145804	1.387690	0.000000	0.000000
463.650000	0.540353	-1.145807	1.387693	0.000000	0.000000
463.660000	0.540350	-1.145810	1.387696	0.000000	0.000000
463.670000	0.540348	-1.145813	1.387699	0.000000	0.000000
463.680000	0.540346	-1.145816	1.387703	0.000000	0.000000
463.690000	0.540344	-1.145818	1.387706	0.000000	0.000000
463.700000	0.540343	-1.145822	1.387709	0.000000	0.000000
463.710000	0.540342	-1.145826	1.387712	0.000000	0.000000
463.720000	0.540340	-1.145829	1.387715	0.000000	0.000000
463.730000	0.540339	-1.145832	1.387718	0.000000	0.000000
463.740000	0.540338	-1.145833	1.387721	0.000000	0.000000
463.750000	0.540336	-1.145833	1.387723	0.000000	0.000000
463.760000	0.540334	-1.145832	1.387726	0.000000	0.000000
463.770000	0.540332	-1.145831	1.387729	0.000000	0.000000
463.780000	0.540330	-1.145831	1.387731	0.000000	0.000000
463.790000	0.540328	-1.145830	1.387734	0.000000	0.000000
463.800000	0.540326	-1.145829	1.387736	0.000000	0.000000
463.810000	0.540324	-1.145829	1.387738	0.000000	0.000000
463.820000	0.540321	-1.145829	1.387741	0.000000	0.000000
463.830000	0.540319	-1.145829	1.387743	0.000000	0.000000
463.840000	0.540317	-1.145831	1.387745	0.000000	0.000000
463.850000	0.540316	-1.145833	1.387746	0.000000	0.000000
463.860000	0.540314	-1.145836	1.387748	0.000000	0.000000
463.870000	0.540313	-1.145840	1.387750	0.000000	0.000000
463.880000	0.540312	-1.145844	1.387752	0.000000	0.000000
463.890000	0.540312	-1.145849	1.387753	0.000000	0.000000
463.900000	0.540312	-1.145854	1.387754	0.000000	0.000000
463.910000	0.540312	-1.145858	1.387755	0.000000	0.000000
463.920000	0.540313	-1.145862	1.387757	0.000000	0.000000
463.930000	0.540312	-1.145863	1.387757	0.000000	0.000000
463.940000	0.540312	-1.145864	1.387758	0.000000	0.000000
463.950000	0.540312	-1.145865	1.387759	0.000000	0.000000
463.960000	0.540311	-1.145865	1.387759	0.000000	0.000000
463.970000	0.540311	-1.145866	1.387759	0.000000	0.000000
463.980000	0.540311	-1.145868	1.387759	0.000000	0.000000
463.990000	0.540311	-1.145870	1.387759	0.000000	0.000000
464.000000	0.540312	-1.145874	1.387759	0.000000	0.000000
464.010000	0.540313	-1.145880	1.387759	0.000000	0.000000
464.020000	0.540314	-1.145886	1.387758	0.000000	0.000000
464.030000	0.540316	-1.145892	1.387757	0.000000	0.000000
464.040000	0.540316	-1.145896	1.387756	0.000000	0.000000
464.050000	0.540316	-1.145899	1.387755	0.000000	0.000000
464.060000	0.540315	-1.145899	1.387754	0.000000	0.000000
464.070000	0.540314	-1.145898	1.387753	0.000000	0.000000
464.080000	0.540313	-1.145896	1.387752	0.000000	0.000000
464.090000	0.540313	-1.145895	1.387750	0.000000	0.000000
464.100000	0.540314	-1.145896	1.387749	0.000000	0.000000
464.110000	0.540315	-1.145899	1.387748	0.000000	0.000000
464.120000	0.540316	-1.145904	1.387746	0.000000	0.000000
464.130000	0.540318	-1.145910	1.387744	0.000000	0.000000
464.140000	0.540320	-1.145916	1.387743	0.000000	0.000000
464.150000	0.540320	-1.145922	1.387741	0.000000	0.000000
464.160000	0.540321	-1.145926	1.387740	0.000000	0.000000
464.170000	0.540321	-1.145928	1.387738	0.000000	0.000000
464.180000	0.540322	-1.145929	1.387737	0.000000	0.000000
464.190000	0.540322	-1.145929	1.387735	0.000000	0.000000
464.200000	0.540323	-1.145926	1.387733	0.000000	0.000000
464.210000	0.540323	-1.145922	1.387732	0.000000	0.000000
464.220000	0.540322	-1.145916	1.387730	0.000000	0.000000
464.230000	0.540321	-1.145908	1.387729	0.000000	0.000000
464.240000	0.540319	-1.145899	1.387727	0.000000	0.000000
464.250000	0.540317	-1.145891	1.387725	0.000000	0.000000
464.260000	0.540316	-1.145884	1.387724	0.000000	0.000000
464.270000	0.540315	-1.145879	1.387722	0.000000	0.000000
464.280000	0.540315	-1.145877	1.387721	0.000000	0.000000
464.290000	0.540315	-1.145874	1.387719	0.000000	0.000000
464.300000	0.540316	-1.145872	1.387718	0.000000	0.000000
464.310000	0.540316	-1.145871	1.387716	0.000000	0.000000
464.320000	0.540317	-1.145870	1.387714	0.000000	0.000000
464.330000	0.540319	-1.145872	1.387713	0.000000	0.000000
464.340000	0.540322	-1.145874	1.387711	0.000000	0.000000
464.350000	0.540324	-1.145879	1.387709	0.000000	0.000000
464.360000	0.540326	-1.145884	1.387708	0.000000	0.000000
464.370000	0.540329	-1.145891	1.387706	0.000000	0.000000
464.380000	0.540333	-1.145897	1.387704	0.000000	0.000000
464.390000	0.540336	-1.145903	1.387702	0.000000	0.000000
464.400000	0.540339	-1.145908	1.387701	0.000000	0.000000
464.410000	0.540341	-1.145912	1.387699	0.000000	0.000000
464.420000	0.540342	-1.145914	1.387697	0.000000	0.000000
464.430000	0.540342	-1.145914	1.387696	0.000000	0.000000
464.440000	0.540341	-1.145912	1.387694	0.000000	0.000000
464.450000	0.540339	-1.145906	1.387693	0.000000	0.000000
464.460000	0.540337	-1.145898	1.387691	0.000000	0.000000
464.470000	0.540334	-1.145887	1.387690	0.000000	0.000000
464.480000	0.540330	-1.145874	1.387689	0.000000	0.000000
464.490000	0.540327	-1.145862	1.387688	0.000000	0.000000
464.500000	0.540323	-1.145851	1.387687	0.000000	0.000000
464.510000	0.540321	-1.145841	1.387686	0.000000	0.000000
464.520000	0.540318	-1.145834	1.387685	0.000000	0.000000
464.530000	0.540317	-1.145828	1.387684	0.000000	0.000000
464.540000	0.540316	-1.145824	1.387683	0.000000	0.000000
464.550000	0.540316	-1.145820	1.387682	0.000000	0.000000
464.560000	0.540315	-1.145817	1.387682	0.000000	0.000000
464.570000	0.540314	-1.145813	1.387681	0.000000	0.000000
464.580000	0.540313	-1.145809	1.387680	0.000000	0.000000
464.590000	0.540311	-1.145804	1.387680	0.000000	0.000000
464.600000	0.540310	-1.145799	1.387679	0.000000	0.000000
464.610000	0.540309	-1.145794	1.387679	0.000000	0.000000
464.620000	0.540309	-1.145790	1.387678	0.000000	0.000000
464.630000	0.540309	-1.145787	1.387677	0.000000	0.000000
464.640000	0.540310	-1.145784	1.387677	0.000000	0.000000
464.650000	0.540311	-1.145780	1.387676	0.000000	0.000000
464.660000	0.540311	-1.145776	1.387675	0.000000	0.000000
464.670000	0.540310	-1.145771	1.387675	0.000000	0.000000
464.680000	0.540309	-1.145765	1.387674	0.000000	0.000000
464.690000	0.540307	-1.145760	1.387673	0.000000	0.000000
464.700000	0.540305	-1.145755	1.387672	0.000000	0.000000
464.710000	0.540304	-1.145750	1.387672	0.000000	0.000000
464.720000	0.540303	-1.145747	1.387671	0.000000	0.000000
464.730000	0.540303	-1.145744	1.387670	0.000000	0.000000
464.740000	0.540303	-1.145743	1.387669	0.000000	0.000000
464.750000	0.540303	-1.145741	1.387669	0.000000	0.000000
464.760000	0.540302	-1.145738	1.387668	0.000000	0.000000
464.770000	0.540302	-1.145734	1.387668	0.000000	0.000000
464.780000	0.540302	-1.145730	1.387667	0.000000	0.000000
464.790000	0.540301	-1.145726	1.387667	0.000000	0.000000
464.800000	0.540300	-1.145722	1.387666	0.000000	0.000000
464.810000	0.540299	-1.145719	1.387666	0.000000	0.000000
464.820000	0.540299	-1.145715	1.387666	0.000000	0.000000
464.830000	0.540298	-1.145710	1.387665	0.000000	0.000000
464.840000	0.540297	-1.145702	1.387665	0.000000	0.000000
464.850000	0.540295	-1.145692	1.387665	0.000000	0.000000
464.860000	0.540293	-1.145679	1.387664	0.000000	0.000000
464.870000	0.540290	-1.145667	1.387664	0.000000	0.000000
464.880000	0.540289	-1.145658	1.387664	0.000000	0.000000
464.890000	0.540289	-1.145650	1.387664	0.000000	0.000000
464.900000	0.540289	-1.145644	1.387663	0.000000	0.000000
464.910000	0.540288	-1.145638	1.387663	0.000000	0.000000
464.920000	0.540288	-1.145632	1.387662	0.000000	0.000000
464.930000	0.540286	-1.145626	1.387662	0.000000	0.000000
464.940000	0.540284	-1.145620	1.387662	0.000000	0.000000
464.950000	0.540283	-1.145615	1.387661	0.000000	0.000000
464.960000	0.540281	-1.145611	1.387661	0.000000	0.000000
464.970000	0.540280	-1.145606	1.387660	0.000000	0.000000
464.980000	0.540278	-1.145601	1.387659	0.000000	0.000000
464.990000	0.540277	-1.145596	1.387659	0.000000	0.000000
465.000000	0.540275	-1.145590	1.387658	0.000000	0.000000
465.010000	0.540274	-1.145584	1.387657	0.000000	0.000000
465.020000	0.540273	-1.145576	1.387656	0.000000	0.000000
465.030000	0.540271	-1.145567	1.387655	0.000000	0.000000
465.040000	0.540268	-1.145559	1.387654	0.000000	0.000000
465.050000	0.540268	-1.145555	1.387653	0.000000	0.000000
465.060000	0.540268	-1.145553	1.387652	0.000000	0.000000
465.070000	0.540268	-1.145554	1.387651	0.000000	0.000000
465.080000	0.540269	-1.145555	1.387650	0.000000	0.000000
465.090000	0.540269	-1.145555	1.387649	0.000000	0.000000
465.100000	0.540268	-1.145554	1.387648	0.000000	0.000000
465.110000	0.540268	-1.145553	1.387647	0.000000	0.000000
465.120000	0.540268	-1.145554	1.387646	0.000000	0.000000
465.130000	0.540268	-1.145555	1.387645	0.000000	0.000000
465.140000	0.540267	-1.145557	1.387644	0.000000	0.000000
465.150000	0.540268	-1.145558	1.387644	0.000000	0.000000
465.160000	0.540267	-1.145556	1.387643	0.000000	0.000000
465.170000	0.540266	-1.145551	1.387642	0.000000	0.000000
465.180000	0.540263	-1.145543	1.387642	0.000000	0.000000
465.190000	0.540259	-1.145536	1.387642	0.000000	0.000000
465.200000	0.540256	-1.145532	1.387641	0.000000	0.000000
465.210000	0.540253	-1.145529	1.387641	0.000000	0.000000
465.220000	0.540252	-1.145529	1.387640	0.000000	0.000000
465.230000	0.540250	-1.145529	1.387640	0.000000	0.000000
465.240000	0.540248	-1.145530	1.387639	0.000000	0.000000
465.250000	0.540247	-1.145530	1.387639	0.000000	0.000000
465.260000	0.540247	-1.145530	1.387638	0.000000	0.000000
465.270000	0.540246	-1.145528	1.387637	0.000000	0.000000
465.280000	0.540245	-1.145525	1.387636	0.000000	0.000000
465.290000	0.540243	-1.145520	1.387635	0.000000	0.000000
465.300000	0.540242	-1.145513	1.387634	0.000000	0.000000
465.310000	0.540240	-1.145505	1.387633	0.000000	0.000000
465.320000	0.540237	-1.145498	1.387631	0.000000	0.000000
465.330000	0.540236	-1.145492	1.387630	0.000000	0.000000
465.340000	0.540235	-1.145490	1.387628	0.000000	0.000000
465.350000	0.540236	-1.145493	1.387626	0.000000	0.000000
465.360000	0.540238	-1.145500	1.387624	0.000000	0.000000
465.370000	0.540240	-1.145511	1.387622	0.000000	0.000000
465.380000	0.540243	-1.145525	1.387620	0.000000	0.000000
465.390000	0.540246	-1.145540	1.387618	0.000000	0.000000
465.400000	0.540248	-1.145553	1.387615	0.000000	0.000000
465.410000	0.540250	-1.145563	1.387613	0.000000	0.000000
465.420000	0.540250	-1.145569	1.387611	0.000000	0.000000
465.430000	0.540249	-1.145572	1.387608	0.000000	0.000000
465.440000	0.540248	-1.145573	1.387606	0.000000	0.000000
465.450000	0.540247	-1.145575	1.387603	0.000000	0.000000
465.460000	0.540247	-1.145579	1.387600	0.000000	0.000000
465.470000	0.540247	-1.145585	1.387597	0.000000	0.000000
465.480000	0.540246	-1.145590	1.387595	0.000000	0.000000
465.490000	0.540245	-1.145594	1.387592	0.000000	0.000000
465.500000	0.540244	-1.145599	1.387589	0.000000	0.000000
465.510000	0.540244	-1.145606	1.387586	0.000000	0.000000
465.520000	0.540245	-1.145616	1.387583	0.000000	0.000000
465.530000	0.540246	-1.145628	1.387580	0.000000	0.000000
465.540000	0.540248	-1.145640	1.387577	0.000000	0.000000
465.550000	0.540249	-1.145650	1.387574	0.000000	0.000000
465.560000	0.540248	-1.145657	1.387572	0.000000	0.000000
465.570000	0.540246	-1.145660	1.387569	0.000000	0.000000
465.580000	0.540243	-1.145663	1.387566	0.000000	0.000000
465.590000	0.540241	-1.145668	1.387563	0.000000	0.000000
465.600000	0.540239	-1.145675	1.387561	0.000000	0.000000
465.610000	0.540237	-1.145684	1.387558	0.000000	0.000000
465.620000	0.540236	-1.145694	1.387556	0.000000	0.000000
465.630000	0.540234	-1.145705	1.387554	0.000000	0.000000
465.640000	0.540232	-1.145716	1.387551	0.000000	0.000000
465.650000	0.540231	-1.145728	1.387549	0.000000	0.000000
465.660000	0.540229	-1.145739	1.387547	0.000000	0.000000
465.670000	0.540227	-1.145749	1.387545	0.000000	0.000000
465.680000	0.540227	-1.145758	1.387543	0.000000	0.000000
465.690000	0.540225	-1.145768	1.387541	0.000000	0.000000
465.700000	0.540223	-1.145776	1.387540	0.000000	0.000000
465.710000	0.540221	-1.145784	1.387538	0.000000	0.000000
465.720000	0.540218	-1.145790	1.387536	0.000000	0.000000
465.730000	0.540216	-1.145795	1.387535	0.000000	0.000000
465.740000	0.540213	-1.145801	1.387533	0.000000	0.000000
465.750000	0.540211	-1.145807	1.387531	0.000000	0.000000
465.760000	0.540209	-1.145814	1.387530	0.000000	0.000000
465.770000	0.540206	-1.145822	1.387528	0.000000	0.000000
465.780000	0.540204	-1.145830	1.387527	0.000000	0.000000
465.790000	0.540202	-1.145838	1.387525	0.000000	0.000000
465.800000	0.540200	-1.145848	1.387524	0.000000	0.000000
465.810000	0.540199	-1.145859	1.387522	0.000000	0.000000
465.820000	0.540198	-1.145869	1.387521	0.000000	0.000000
465.830000	0.540196	-1.145878	1.387520	0.000000	0.000000
465.840000	0.540194	-1.145885	1.387519	0.000000	0.000000
465.850000	0.540191	-1.145890	1.387517	0.000000	0.000000
465.860000	0.540188	-1.145895	1.387516	0.000000	0.000000
465.870000	0.540186	-1.145902	1.387515	0.000000	0.000000
465.880000	0.540185	-1.145909	1.387514	0.000000	0.000000
465.890000	0.540182	-1.145916	1.387513	0.000000	0.000000
465.900000	0.540180	-1.145922	1.387512	0.000000	0.000000
465.910000	0.540177	-1.145927	1.387511	0.000000	0.000000
465.920000	0.540175	-1.145930	1.387510	0.000000	0.000000
465.930000	0.540171	-1.145932	1.387510	0.000000	0.000000
465.940000	0.540167	-1.145933	1.387509	0.000000	0.000000
465.950000	0.540163	-1.145933	1.387508	0.000000	0.000000
465.960000	0.540158	-1.145932	1.387507	0.000000	0.000000
465.970000	0.540153	-1.145930	1.387506	0.000000	0.000000
465.980000	0.540149	-1.145929	1.387506	0.000000	0.000000
465.990000	0.540145	-1.145928	1.387505	0.000000	0.000000
466.000000	0.540141	-1.145928	1.387504	0.000000	0.000000
466.010000	0.540137	-1.145929	1.387503	0.000000	0.000000
466.020000	0.540133	-1.145929	1.387502	0.000000	0.000000
466.030000	0.540128	-1.145930	1.387501	0.000000	0.000000
466.040000	0.540123	-1.145930	1.387499	0.000000	0.000000
466.050000	0.540119	-1.145931	1.387498	0.000000	0.000000
466.060000	0.540115	-1.145931	1.387496	0.000000	0.000000
466.070000	0.540111	-1.145934	1.387495	0.000000	0.000000
466.080000	0.540109	-1.145938	1.387493	0.000000	0.000000
466.090000	0.540107	-1.145946	1.387491	0.000000	0.000000
466.100000	0.540106	-1.145956	1.387489	0.000000	0.000000
466.110000	0.540107	-1.145970	1.387487	0.000000	0.000000
466.120000	0.540108	-1.145985	1.387485	0.000000	0.000000
466.130000	0.540109	-1.146000	1.387483	0.000000	0.000000
466.140000	0.540109	-1.146011	1.387480	0.000000	0.000000
466.150000	0.540107	-1.146016	1.387478	0.000000	0.000000
466.160000	0.540104	-1.146016	1.387476	0.000000	0.000000
466.170000	0.540101	-1.146015	1.387473	0.000000	0.000000
466.180000	0.540098	-1.146018	1.387471	0.000000	0.000000
466.190000	0.540097	-1.146026	1.387468	0.000000	0.000000
466.200000	0.540097	-1.146037	1.387466	0.000000	0.000000
466.210000	0.540098	-1.146051	1.387463	0.000000	0.000000
466.220000	0.540099	-1.146063	1.387461	0.000000	0.000000
466.230000	0.540100	-1.146075	1.387459	0.000000	0.000000
466.240000	0.540101	-1.146083	1.387456	0.000000	0.000000
466.250000	0.540101	-1.146089	1.387454	0.000000	0.000000
466.260000	0.540101	-1.146091	1.387452	0.000000	0.000000
466.270000	0.540099	-1.146089	1.387450	0.000000	0.000000
466.280000	0.540096	-1.146083	1.387447	0.000000	0.000000
466.290000	0.540093	-1.146073	1.387445	0.000000	0.000000
466.300000	0.540090	-1.146062	1.387443	0.000000	0.000000
466.310000	0.540086	-1.146053	1.387440	0.000000	0.000000
466.320000	0.540084	-1.146047	1.387438	0.000000	0.000000
466.330000	0.540083	-1.146044	1.387435	0.000000	0.000000
466.340000	0.540082	-1.146043	1.387433	0.000000	0.000000
466.350000	0.540083	-1.146044	1.387430	0.000000	0.000000
466.360000	0.540084	-1.146047	1.387428	0.000000	0.000000
466.370000	0.540084	-1.146051	1.387425	0.000000	0.000000
466.380000	0.540086	-1.146056	1.387422	0.000000	0.000000
466.390000	0.540088	-1.146059	1.387419	0.000000	0.000000
466.400000	0.540089	-1.146062	1.387416	0.000000	0.000000
466.410000	0.540090	-1.146065	1.387413	0.000000	0.000000
466.420000	0.540092	-1.146069	1.387410	0.000000	0.000000
466.430000	0.540094	-1.146074	1.387407	0.000000	0.000000
466.440000	0.540096	-1.146078	1.387404	0.000000	0.000000
466.450000	0.540098	-1.146083	1.387401	0.000000	0.000000
466.460000	0.540100	-1.146090	1.387398	0.000000	0.000000
466.470000	0.540103	-1.146101	1.387395	0.000000	0.000000
466.480000	0.540107	-1.146114	1.387391	0.000000	0.000000
466.490000	0.540111	-1.146127	1.387388	0.000000	0.000000
466.500000	0.540114	-1.146140	1.387385	0.000000	0.000000
466.510000	0.540116	-1.146151	1.387382	0.000000	0.000000
466.520000	0.540117	-1.146162	1.387379	0.000000	0.000000
466.530000	0.540118	-1.146171	1.387376	0.000000	0.000000
466.540000	0.540117	-1.146179	1.387373	0.000000	0.000000
466.550000	0.540116	-1.146185	1.387370	0.000000	0.000000
466.560000	0.540115	-1.146192	1.387368	0.000000	0.000000
466.570000	0.540114	-1.146201	1.387365	0.000000	0.000000
466.580000	0.540115	-1.146210	1.387362	0.000000	0.000000
466.590000	0.540115	-1.146218	1.387359	0.000000	0.000000
466.600000	0.540114	-1.146226	1.387357	0.000000	0.000000
466.610000	0.540113	-1.146233	1.387354	0.000000	0.000000
466.620000	0.540112	-1.146239	1.387351	0.000000	0.000000
466.630000	0.540111	-1.146246	1.387349	0.000000	0.000000
466.640000	0.540110	-1.146254	1.387346	0.000000	0.000000
466.650000	0.540110	-1.146262	1.387344	0.000000	0.000000
466.660000	0.540109	-1.146271	1.387342	0.000000	0.000000
466.670000	0.540108	-1.146281	1.387340	0.000000	0.000000
466.680000	0.540107	-1.146291	1.387337	0.000000	0.000000
466.690000	0.540107	-1.146301	1.387335	0.000000	0.000000
466.700000	0.540106	-1.146312	1.387333	0.000000	0.000000
466.710000	0.540105	-1.146321	1.387331	0.000000	0.000000
466.720000	0.540105	-1.146330	1.387329	0.000000	0.000000
466.730000	0.540105	-1.146338	1.387327	0.000000	0.000000
466.740000	0.540104	-1.146345	1.387325	0.000000	0.000000
466.750000	0.540104	-1.146351	1.387323	0.000000	0.000000
466.760000	0.540104	-1.146356	1.387321	0.000000	0.000000
466.770000	0.540103	-1.146361	1.387319	0.000000	0.000000
466.780000	0.540101	-1.146365	1.387317	0.000000	0.000000
466.790000	0.540100	-1.146369	1.387315	0.000000	0.000000
466.800000	0.540099	-1.146373	1.387313	0.000000	0.000000
466.810000	0.540098	-1.146378	1.387311	0.000000	0.000000
466.820000	0.540097	-1.146383	1.387308	0.000000	0.000000
466.830000	0.540095	-1.146391	1.387306	0.000000	0.000000
466.840000	0.540095	-1.146400	1.387303	0.000000	0.000000
466.850000	0.540095	-1.146410	1.387301	0.000000	0.000000
466.860000	0.540095	-1.146421	1.387298	0.000000	0.000000
466.870000	0.540096	-1.146433	1.387295	0.000000	0.000000
466.880000	0.540096	-1.146445	1.387292	0.000000	0.000000
466.890000	0.540096	-1.146457	1.387289	0.000000	0.000000
466.900000	0.540096	-1.146469	1.387286	0.000000	0.000000
466.910000	0.540095	-1.146481	1.387284	0.000000	0.000000
466.920000	0.540094	-1.146491	1.387281	0.000000	0.000000
466.930000	0.540091	-1.146497	1.387278	0.000000	0.000000
466.940000	0.540088	-1.146501	1.387275	0.000000	0.000000
466.950000	0.540085	-1.146505	1.387272	0.000000	0.000000
466.960000	0.540083	-1.146511	1.387269	0.000000	0.000000
466.970000	0.540081	-1.146522	1.387266	0.000000	0.000000
466.980000	0.540080	-1.146536	1.387263	0.000000	0.000000
466.990000	0.540080	-1.146550	1.387261	0.000000	0.000000
467.000000	0.540079	-1.146562	1.387258	0.000000	0.000000
467.010000	0.540077	-1.146573	1.387255	0.000000	0.000000
467.020000	0.540075	-1.146581	1.387253	0.000000	0.000000
467.030000	0.540073	-1.146587	1.387250	0.000000	0.000000
467.040000	0.540070	-1.146592	1.387248	0.000000	0.000000
467.050000	0.540067	-1.146596	1.387246	0.000000	0.000000
467.060000	0.540064	-1.146600	1.387244	0.000000	0.000000
467.070000	0.540062	-1.146606	1.387241	0.000000	0.000000
467.080000	0.540060	-1.146614	1.387239	0.000000	0.000000
467.090000	0.540058	-1.146624	1.387237	0.000000	0.000000
467.100000	0.540057	-1.146634	1.387235	0.000000	0.000000
467.110000	0.540056	-1.146645	1.387233	0.000000	0.000000
467.120000	0.540054	-1.146656	1.387230	0.000000	0.000000
467.130000	0.540052	-1.146666	1.387228	0.000000	0.000000
467.140000	0.540049	-1.146676	1.387226	0.000000	0.000000
467.150000	0.540046	-1.146686	1.387223	0.000000	0.000000
467.160000	0.540044	-1.146697	1.387221	0.000000	0.000000
467.170000	0.540041	-1.146709	1.387219	0.000000	0.000000
467.180000	0.540039	-1.146721	1.387216	0.000000	0.000000
467.190000	0.540038	-1.146734	1.387214	0.000000	0.000000
467.200000	0.540037	-1.146749	1.387211	0.000000	0.000000
467.210000	0.540037	-1.146764	1.387209	0.000000	0.000000
467.220000	0.540037	-1.146780	1.387207	0.000000	0.000000
467.230000	0.540037	-1.146796	1.387204	0.000000	0.000000
467.240000	0.540037	-1.146810	1.387202	0.000000	0.000000
467.250000	0.540036	-1.146822	1.387199	0.000000	0.000000
467.260000	0.540034	-1.146833	1.387197	0.000000	0.000000
467.270000	0.540031	-1.146841	1.387195	0.000000	0.000000
467.280000	0.540029	-1.146848	1.387193	0.000000	0.000000
467.290000	0.540027	-1.146855	1.387190	0.000000	0.000000
467.300000	0.540025	-1.146861	1.387188	0.000000	0.000000
467.310000	0.540022	-1.146868	1.387186	0.000000	0.000000
467.320000	0.540020	-1.146874	1.387184	0.000000	0.000000
467.330000	0.540018	-1.146879	1.387182	0.000000	0.000000
467.340000	0.540015	-1.146883	1.387180	0.000000	0.000000
467.350000	0.540012	-1.146885	1.387179	0.000000	0.000000
467.360000	0.540010	-1.146889	1.387177	0.000000	0.000000
467.370000	0.540007	-1.146894	1.387175	0.000000	0.000000
467.380000	0.540005	-1.146901	1.387174	0.000000	0.000000
467.390000	0.540004	-1.146911	1.387172	0.000000	0.000000
467.400000	0.540003	-1.146922	1.387171	0.000000	0.000000
467.410000	0.540003	-1.146935	1.387169	0.000000	0.000000
467.420000	0.540003	-1.146946	1.387168	0.000000	0.000000
467.430000	0.540002	-1.146957	1.387167	0.000000	0.000000
467.440000	0.540000	-1.146965	1.387165	0.000000	0.000000
467.450000	0.539998	-1.146971	1.387164	0.000000	0.000000
467.460000	0.539994	-1.146975	1.387163	0.000000	0.000000
467.470000	0.539990	-1.146977	1.387161	0.000000	0.000000
467.480000	0.539985	-1.146978	1.387160	0.000000	0.000000
467.490000	0.539980	-1.146980	1.387159	0.000000	0.000000
467.500000	0.539977	-1.146983	1.387157	0.000000	0.000000
467.510000	0.539974	-1.146989	1.387156	0.000000	0.000000
467.520000	0.539972	-1.146997	1.387155	0.000000	0.000000
467.530000	0.539971	-1.147006	1.387153	0.000000	0.000000
467.540000	0.539970	-1.147015	1.387152	0.000000	0.000000
467.550000	0.539969	-1.147024	1.387150	0.000000	0.000000
467.560000	0.539967	-1.147032	1.387148	0.000000	0.000000
467.570000	0.539965	-1.147037	1.387147	0.000000	0.000000
467.580000	0.539962	-1.147042	1.387145	0.000000	0.000000
467.590000	0.539960	-1.147047	1.387143	0.000000	0.000000
467.600000	0.539957	-1.147052	1.387141	0.000000	0.000000
467.610000	0.539955	-1.147058	1.387139	0.000000	0.000000
467.620000	0.539953	-1.147066	1.387137	0.000000	0.000000
467.630000	0.539951	-1.147076	1.387135	0.000000	0.000000
467.640000	0.539951	-1.147088	1.387133	0.000000	0.000000
467.650000	0.539950	-1.147101	1.387131	0.000000	0.000000
467.660000	0.539949	-1.147114	1.387129	0.000000	0.000000
467.670000	0.539949	-1.147127	1.387126	0.000000	0.000000
467.680000	0.539949	-1.147139	1.387124	0.000000	0.000000
467.690000	0.539948	-1.147150	1.387122	0.000000	0.000000
467.700000	0.539947	-1.147160	1.387120	0.000000	0.000000
467.710000	0.539946	-1.147170	1.387117	0.000000	0.000000
467.720000	0.539945	-1.147179	1.387115	0.000000	0.000000
467.730000	0.539944	-1.147188	1.387113	0.000000	0.000000
467.740000	0.539942	-1.147195	1.387110	0.000000	0.000000
467.750000	0.539941	-1.147202	1.387108	0.000000	0.000000
467.760000	0.539941	-1.147209	1.387106	0.000000	0.000000
467.770000	0.539940	-1.147216	1.387104	0.000000	0.000000
467.780000	0.539940	-1.147223	1.387101	0.000000	0.000000
467.790000	0.539939	-1.147227	1.387099	0.000000	0.000000
467.800000	0.539937	-1.147229	1.387097	0.000000	0.000000
467.810000	0.539935	-1.147229	1.387095	0.000000	0.000000
467.820000	0.539933	-1.147229	1.387093	0.000000	0.000000
467.830000	0.539932	-1.147232	1.387090	0.000000	0.000000
467.840000	0.539932	-1.147236	1.387088	0.000000	0.000000
467.850000	0.539932	-1.147242	1.387086	0.000000	0.000000
467.860000	0.539932	-1.147248	1.387084	0.000000	0.000000
467.870000	0.539932	-1.147253	1.387082	0.000000	0.000000
467.880000	0.539932	-1.147257	1.387080	0.000000	0.000000
467.890000	0.539930	-1.147260	1.387078	0.000000	0.000000
467.900000	0.539930	-1.147262	1.387076	0.000000	0.000000
467.910000	0.539928	-1.147264	1.387075	0.000000	0.000000
467.920000	0.539926	-1.147265	1.387073	0.000000	0.000000
467.930000	0.539925	-1.147266	1.387071	0.000000	0.000000
467.940000	0.539924	-1.147269	1.387069	0.000000	0.000000
467.950000	0.539923	-1.147274	1.387067	0.000000	0.000000
467.960000	0.539924	-1.147281	1.387066	0.000000	0.000000
467.970000	0.539925	-1.147291	1.387064	0.000000	0.000000
467.980000	0.539927	-1.147303	1.387062	0.000000	0.000000
467.990000	0.539930	-1.147314	1.387061	0.000000	0.000000
468.000000	0.539932	-1.147325	1.387059	0.000000	0.000000
468.010000	0.539934	-1.147334	1.387057	0.000000	0.000000
468.020000	0.539935	-1.147340	1.387055	0.000000	0.000000
468.030000	0.539934	-1.147343	1.387054	0.000000	0.000000
468.040000	0.539933	-1.147344	1.387052	0.000000	0.000000
468.050000	0.539930	-1.147342	1.387050	0.000000	0.000000
468.060000	0.539928	-1.147341	1.387049	0.000000	0.000000
468.070000	0.539926	-1.147339	1.387047	0.000000	0.000000
468.080000	0.539924	-1.147338	1.387046	0.000000	0.000000
468.090000	0.539922	-1.147338	1.387045	0.000000	0.000000
468.100000	0.539920	-1.147338	1.387043	0.000000	0.000000
468.110000	0.539918	-1.147339	1.387042	0.000000	0.000000
468.120000	0.539916	-1.147340	1.387041	0.000000	0.000000
468.130000	0.539915	-1.147340	1.387040	0.000000	0.000000
468.140000	0.539913	-1.147340	1.387039	0.000000	0.000000
468.150000	0.539911	-1.147339	1.387038	0.000000	0.000000
468.160000	0.539909	-1.147337	1.387037	0.000000	0.000000
468.170000	0.539906	-1.147332	1.387036	0.000000	0.000000
468.180000	0.539902	-1.147327	1.387035	0.000000	0.000000
468.190000	0.539899	-1.147322	1.387034	0.000000	0.000000
468.200000	0.539897	-1.147319	1.387033	0.000000	0.000000
468.210000	0.539895	-1.147317	1.387032	0.000000	0.000000
468.220000	0.539893	-1.147316	1.387031	0.000000	0.000000
468.230000	0.539892	-1.147315	1.387030	0.000000	0.000000
468.240000	0.539891	-1.147314	1.387029	0.000000	0.000000
468.250000	0.539889	-1.147314	1.387028	0.000000	0.000000
468.260000	0.539888	-1.147315	1.387027	0.000000	0.000000
468.270000	0.539888	-1.147318	1.387026	0.000000	0.000000
468.280000	0.539888	-1.147322	1.387025	0.000000	0.000000
468.290000	0.539889	-1.147326	1.387024	0.000000	0.000000
468.300000	0.539891	-1.147329	1.387023	0.000000	0.000000
468.310000	0.539893	-1.147332	1.387022	0.000000	0.000000
468.320000	0.539894	-1.147333	1.387021	0.000000	0.000000
468.330000	0.539896	-1.147332	1.387019	0.000000	0.000000
468.340000	0.539896	-1.147329	1.387018	0.000000	0.000000
468.350000	0.539894	-1.147324	1.387017	0.000000	0.000000
468.360000	0.539892	-1.147316	1.387016	0.000000	0.000000
468.370000	0.539891	-1.147305	1.387015	0.000000	0.000000
468.380000	0.539889	-1.147293	1.387013	0.000000	0.000000
468.390000	0.539887	-1.147281	1.387012	0.000000	0.000000
468.400000	0.539887	-1.147272	1.387011	0.000000	0.000000
468.410000	0.539888	-1.147268	1.387010	0.000000	0.000000
468.420000	0.539891	-1.147267	1.387009	0.000000	0.000000
468.430000	0.539893	-1.147269	1.387008	0.000000	0.000000
468.440000	0.539896	-1.147272	1.387006	0.000000	0.000000
468.450000	0.539897	-1.147275	1.387005	0.000000	0.000000
468.460000	0.539898	-1.147277	1.387005	0.000000	0.000000
468.470000	0.539899	-1.147278	1.387004	0.000000	0.000000
468.480000	0.539900	-1.147279	1.387003	0.000000	0.000000
468.490000	0.539900	-1.147279	1.387002	0.000000	0.000000
468.500000	0.539901	-1.147279	1.387001	0.000000	0.000000
468.510000	0.539902	-1.147279	1.387000	0.000000	0.000000
468.520000	0.539903	-1.147280	1.386999	0.000000	0.000000
468.530000	0.539904	-1.147280	1.386998	0.000000	0.000000
468.540000	0.539905	-1.147281	1.386997	0.000000	0.000000
468.550000	0.539904	-1.147281	1.386996	0.000000	0.000000
468.560000	0.539904	-1.147280	1.386996	0.000000	0.000000
468.570000	0.539903	-1.147278	1.386995	0.000000	0.000000
468.580000	0.539903	-1.147275	1.386994	0.000000	0.000000
468.590000	0.539901	-1.147270	1.386993	0.000000	0.000000
468.600000	0.539898	-1.147264	1.386993	0.000000	0.000000
468.610000	0.539895	-1.147257	1.386992	0.000000	0.000000
468.620000	0.539891	-1.147250	1.386991	0.000000	0.000000
468.630000	0.539887	-1.147244	1.386990	0.000000	0.000000
468.640000	0.539884	-1.147239	1.386990	0.000000	0.000000
468.650000	0.539881	-1.147235	1.386989	0.000000	0.000000
468.660000	0.539878	-1.147233	1.386989	0.000000	0.000000
468.670000	0.539875	-1.147231	1.386988	0.000000	0.000000
468.680000	0.539873	-1.147230	1.386988	0.000000	0.000000
468.690000	0.539870	-1.147227	1.386987	0.000000	0.000000
468.700000	0.539867	-1.147224	1.386987	0.000000	0.000000
468.710000	0.539863	-1.147220	1.386986	0.000000	0.000000
468.720000	0.539858	-1.147215	1.386986	0.000000	0.000000
468.730000	0.539852	-1.147207	1.386986	0.000000	0.000000
468.740000	0.539846	-1.147198	1.386985	0.000000	0.000000
468.750000	0.539839	-1.147188	1.386984	0.000000	0.000000
468.760000	0.539833	-1.147179	1.386984	0.000000	0.000000
468.770000	0.539827	-1.147173	1.386983	0.000000	0.000000
468.780000	0.539822	-1.147169	1.386983	0.000000	0.000000
468.790000	0.539819	-1.147167	1.386982	0.000000	0.000000
468.800000	0.539815	-1.147166	1.386981	0.000000	0.000000
468.810000	0.539813	-1.147166	1.386980	0.000000	0.000000
468.820000	0.539810	-1.147166	1.386979	0.000000	0.000000
468.830000	0.539807	-1.147166	1.386978	0.000000	0.000000
468.840000	0.539804	-1.147165	1.386977	0.000000	0.000000
468.850000	0.539801	-1.147164	1.386976	0.000000	0.000000
468.860000	0.539799	-1.147164	1.386975	0.000000	0.000000
468.870000	0.539796	-1.147162	1.386974	0.000000	0.000000
468.880000	0.539792	-1.147159	1.386973	0.000000	0.000000
468.890000	0.539788	-1.147152	1.386972	0.000000	0.000000
468.900000	0.539784	-1.147144	1.386971	0.000000	0.000000
468.910000	0.539780	-1.147136	1.386970	0.000000	0.000000
468.920000	0.539777	-1.147129	1.386968	0.000000	0.000000
468.930000	0.539773	-1.147125	1.386967	0.000000	0.000000
468.940000	0.539770	-1.147122	1.386966	0.000000	0.000000
468.950000	0.539768	-1.147122	1.386965	0.000000	0.000000
468.960000	0.539767	-1.147123	1.386963	0.000000	0.000000
468.970000	0.539766	-1.147124	1.386962	0.000000	0.000000
468.980000	0.539766	-1.147126	1.386961	0.000000	0.000000
468.990000	0.539765	-1.147127	1.386960	0.000000	0.000000
469.000000	0.539763	-1.147129	1.386958	0.000000	0.000000
469.010000	0.539762	-1.147131	1.386957	0.000000	0.000000
469.020000	0.539762	-1.147133	1.386956	0.000000	0.000000
469.030000	0.539761	-1.147136	1.386955	0.000000	0.000000
469.040000	0.539759	-1.147139	1.386953	0.000000	0.000000
469.050000	0.539759	-1.147141	1.386952	0.000000	0.000000
469.060000	0.539757	-1.147143	1.386951	0.000000	0.000000
469.070000	0.539756	-1.147144	1.386950	0.000000	0.000000
469.080000	0.539754	-1.147146	1.386948	0.000000	0.000000
469.090000	0.539752	-1.147147	1.386947	0.000000	0.000000
469.100000	0.539751	-1.147150	1.386946	0.000000	0.000000
469.110000	0.539750	-1.147153	1.386944	0.000000	0.000000
469.120000	0.539749	-1.147157	1.386943	0.000000	0.000000
469.130000	0.539747	-1.147159	1.386941	0.000000	0.000000
469.140000	0.539744	-1.147160	1.386940	0.000000	0.000000
469.150000	0.539741	-1.147157	1.386938	0.000000	0.000000
469.160000	0.539736	-1.147152	1.386937	0.000000	0.000000
469.170000	0.539732	-1.147147	1.386935	0.000000	0.000000
469.180000	0.539729	-1.147144	1.386934	0.000000	0.000000
469.190000	0.539726	-1.147144	1.386932	0.000000	0.000000
469.200000	0.539724	-1.147147	1.386930	0.000000	0.000000
469.210000	0.539722	-1.147155	1.386929	0.000000	0.000000
469.220000	0.539722	-1.147165	1.386927	0.000000	0.000000
469.230000	0.539722	-1.147177	1.386926	0.000000	0.000000
469.240000	0.539722	-1.147191	1.386924	0.000000	0.000000
469.250000	0.539721	-1.147204	1.386923	0.000000	0.000000
469.260000	0.539722	-1.147217	1.386922	0.000000	0.000000
469.270000	0.539721	-1.147228	1.386920	0.000000	0.000000
469.280000	0.539721	-1.147237	1.386919	0.000000	0.000000
469.290000	0.539720	-1.147245	1.386918	0.000000	0.000000
469.300000	0.539719	-1.147252	1.386916	0.000000	0.000000
469.310000	0.539718	-1.147257	1.386915	0.000000	0.000000
469.320000	0.539717	-1.147261	1.386914	0.000000	0.000000
469.330000	0.539716	-1.147263	1.386912	0.000000	0.000000
469.340000	0.539713	-1.147263	1.386911	0.000000	0.000000
469.350000	0.539711	-1.147263	1.386910	0.000000	0.000000
469.360000	0.539709	-1.147263	1.386909	0.000000	0.000000
469.370000	0.539706	-1.147265	1.386907	0.000000	0.000000
469.380000	0.539704	-1.147266	1.386906	0.000000	0.000000
469.390000	0.539703	-1.147268	1.386905	0.000000	0.000000
469.400000	0.539701	-1.147268	1.386904	0.000000	0.000000
469.410000	0.539699	-1.147268	1.386902	0.000000	0.000000
469.420000	0.539697	-1.147268	1.386901	0.000000	0.000000
469.430000	0.539695	-1.147268	1.386900	0.000000	0.000000
469.440000	0.539693	-1.147269	1.386898	0.000000	0.000000
469.450000	0.539691	-1.147272	1.386897	0.000000	0.000000
469.460000	0.539690	-1.147276	1.386896	0.000000	0.000000
469.470000	0.539690	-1.147282	1.386894	0.000000	0.000000
469.480000	0.539691	-1.147291	1.386893	0.000000	0.000000
469.490000	0.539693	-1.147300	1.386892	0.000000	0.000000
469.500000	0.539695	-1.147309	1.386890	0.000000	0.000000
469.510000	0.539697	-1.147317	1.386889	0.000000	0.000000
469.520000	0.539698	-1.147323	1.386887	0.000000	0.000000
469.530000	0.539698	-1.147326	1.386886	0.000000	0.000000
469.540000	0.539697	-1.147327	1.386884	0.000000	0.000000
469.550000	0.539696	-1.147326	1.386883	0.000000	0.000000
469.560000	0.539694	-1.147324	1.386881	0.000000	0.000000
469.570000	0.539692	-1.147323	1.386880	0.000000	0.000000
469.580000	0.539692	-1.147324	1.386878	0.000000	0.000000
469.590000	0.539693	-1.147328	1.386877	0.000000	0.000000
469.600000	0.539695	-1.147333	1.386875	0.000000	0.000000
469.610000	0.539696	-1.147340	1.386874	0.000000	0.000000
469.620000	0.539698	-1.147348	1.386872	0.000000	0.000000
469.630000	0.539699	-1.147356	1.386871	0.000000	0.000000
469.640000	0.539701	-1.147364	1.386869	0.000000	0.000000
469.650000	0.539702	-1.147371	1.386868	0.000000	0.000000
469.660000	0.539703	-1.147377	1.386867	0.000000	0.000000
469.670000	0.539703	-1.147383	1.386866	0.000000	0.000000
469.680000	0.539704	-1.147388	1.386864	0.000000	0.000000
469.690000	0.539705	-1.147392	1.386863	0.000000	0.000000
469.700000	0.539705	-1.147395	1.386862	0.000000	0.000000
469.710000	0.539705	-1.147399	1.386862	0.000000	0.000000
469.720000	0.539704	-1.147401	1.386861	0.000000	0.000000
469.730000	0.539704	-1.147404	1.386860	0.000000	0.000000
469.740000	0.539704	-1.147407	1.386859	0.000000	0.000000
469.750000	0.539705	-1.147409	1.386859	0.000000	0.000000
469.760000	0.539706	-1.147411	1.386858	0.000000	0.000000
469.770000	0.539707	-1.147414	1.386858	0.000000	0.000000
469.780000	0.539707	-1.147416	1.386858	0.000000	0.000000
469.790000	0.539707	-1.147418	1.386857	0.000000	0.000000
469.800000	0.539707	-1.147420	1.386857	0.000000	0.000000
469.810000	0.539707	-1.147421	1.386857	0.000000	0.000000
469.820000	0.539706	-1.147423	1.386856	0.000000	0.000000
469.830000	0.539706	-1.147424	1.386856	0.000000	0.000000
469.840000	0.539705	-1.147426	1.386856	0.000000	0.000000
469.850000	0.539703	-1.147428	1.386855	0.000000	0.000000
469.860000	0.539701	-1.147430	1.386855	0.000000	0.000000
469.870000	0.539699	-1.147431	1.386855	0.000000	0.000000
469.880000	0.539697	-1.147430	1.386854	0.000000	0.000000
469.890000	0.539694	-1.147428	1.386854	0.000000	0.000000
469.900000	0.539691	-1.147424	1.386853	0.000000	0.000000
469.910000	0.539688	-1.147420	1.386853	0.000000	0.000000
469.920000	0.539684	-1.147417	1.386853	0.000000	0.000000
469.930000	0.539682	-1.147415	1.386852	0.000000	0.000000
469.940000	0.539680	-1.147417	1.386852	0.000000	0.000000
469.950000	0.539678	-1.147420	1.386851	0.000000	0.000000
469.960000	0.539677	-1.147424	1.386851	0.000000	0.000000
469.970000	0.539676	-1.147429	1.386850	0.000000	0.000000
469.980000	0.539675	-1.147434	1.386850	0.000000	0.000000
469.990000	0.539674	-1.147438	1.386849	0.000000	0.000000
470.000000	0.539673	-1.147441	1.386849	0.000000	0.000000
470.010000	0.539672	-1.147442	1.386849	0.000000	0.000000
470.020000	0.539671	-1.147443	1.386848	0.000000	0.000000
470.030000	0.539670	-1.147444	1.386848	0.000000	0.000000
470.040000	0.539668	-1.147441	1.386848	0.000000	0.000000
470.050000	0.539664	-1.147435	1.386847	0.000000	0.000000
470.060000	0.539659	-1.147424	1.386847	0.000000	0.000000
470.070000	0.539655	-1.147416	1.386847	0.000000	0.000000
470.080000	0.539653	-1.147412	1.386847	0.000000	0.000000
470.090000	0.539652	-1.147411	1.386846	0.000000	0.000000
470.100000	0.539651	-1.147410	1.386846	0.000000	0.000000
470.110000	0.539651	-1.147410	1.386846	0.000000	0.000000
470.120000	0.539651	-1.147409	1.386846	0.000000	0.000000
470.130000	0.539652	-1.147408	1.386845	0.000000	0.000000
470.140000	0.539652	-1.147406	1.386845	0.000000	0.000000
470.150000	0.539654	-1.147403	1.386845	0.000000	0.000000
470.160000	0.539654	-1.147398	1.386845	0.000000	0.000000
470.170000	0.539653	-1.147391	1.386844	0.000000	0.000000
470.180000	0.539653	-1.147383	1.386844	0.000000	0.000000
470.190000	0.539652	-1.147372	1.386843	0.000000	0.000000
470.200000	0.539651	-1.147359	1.386842	0.000000	0.000000
470.210000	0.539650	-1.147344	1.386841	0.000000	0.000000
470.220000	0.539648	-1.147328	1.386840	0.000000	0.000000
470.230000	0.539647	-1.147312	1.386839	0.000000	0.000000
470.240000	0.539648	-1.147300	1.386838	0.000000	0.000000
470.250000	0.539650	-1.147293	1.386837	0.000000	0.000000
470.260000	0.539653	-1.147290	1.386835	0.000000	0.000000
470.270000	0.539657	-1.147290	1.386834	0.000000	0.000000
470.280000	0.539661	-1.147288	1.386832	0.000000	0.000000
470.290000	0.539664	-1.147282	1.386830	0.000000	0.000000
470.300000	0.539667	-1.147277	1.386828	0.000000	0.000000
470.310000	0.539671	-1.147274	1.386826	0.000000	0.000000
470.320000	0.539676	-1.147274	1.386824	0.000000	0.000000
470.330000	0.539680	-1.147274	1.386822	0.000000	0.000000
470.340000	0.539686	-1.147274	1.386820	0.000000	0.000000
470.350000	0.539691	-1.147275	1.386818	0.000000	0.000000
470.360000	0.539697	-1.147277	1.386816	0.000000	0.000000
470.370000	0.539702	-1.147278	1.386814	0.000000	0.000000
470.380000	0.539706	-1.147276	1.386812	0.000000	0.000000
470.390000	0.539710	-1.147269	1.386810	0.000000	0.000000
470.400000	0.539712	-1.147260	1.386808	0.000000	0.000000
470.410000	0.539715	-1.147251	1.386805	0.000000	0.000000
470.420000	0.539717	-1.147243	1.386803	0.000000	0.000000
470.430000	0.539721	-1.147236	1.386801	0.000000	0.000000
470.440000	0.539724	-1.147229	1.386799	0.000000	0.000000
470.450000	0.539727	-1.147222	1.386797	0.000000	0.000000
470.460000	0.539729	-1.147214	1.386795	0.000000	0.000000
470.470000	0.539731	-1.147205	1.386793	0.000000	0.000000
470.480000	0.539732	-1.147195	1.386791	0.000000	0.000000
470.490000	0.539733	-1.147183	1.386789	0.000000	0.000000
470.500000	0.539733	-1.147170	1.386787	0.000000	0.000000
470.510000	0.539734	-1.147159	1.386784	0.000000	0.000000
470.520000	0.539734	-1.147150	1.386782	0.000000	0.000000
470.530000	0.539737	-1.147147	1.386780	0.000000	0.000000
470.540000	0.539742	-1.147149	1.386777	0.000000	0.000000
470.550000	0.539748	-1.147156	1.386774	0.000000	0.000000
470.560000	0.539755	-1.147166	1.386771	0.000000	0.000000
470.570000	0.539762	-1.147176	1.386769	0.000000	0.000000
470.580000	0.539767	-1.147185	1.386766	0.000000	0.000000
470.590000	0.539772	-1.147191	1.386763	0.000000	0.000000
470.600000	0.539775	-1.147191	1.386760	0.000000	0.000000
470.610000	0.539777	-1.147188	1.386757	0.000000	0.000000
470.620000	0.539779	-1.147185	1.386754	0.000000	0.000000
470.630000	0.539780	-1.147180	1.386751	0.000000	0.000000
470.640000	0.539782	-1.147175	1.386748	0.000000	0.000000
470.650000	0.539783	-1.147170	1.386745	0.000000	0.000000
470.660000	0.539785	-1.147167	1.386742	0.000000	0.000000
470.670000	0.539788	-1.147164	1.386739	0.000000	0.000000
470.680000	0.539791	-1.147163	1.386737	0.000000	0.000000
470.690000	0.539794	-1.147161	1.386735	0.000000	0.000000
470.700000	0.539796	-1.147159	1.386732	0.000000	0.000000
470.710000	0.539799	-1.147157	1.386730	0.000000	0.000000
470.720000	0.539800	-1.147153	1.386728	0.000000	0.000000
470.730000	0.539802	-1.147148	1.386727	0.000000	0.000000
470.740000	0.539802	-1.147141	1.386725	0.000000	0.000000
470.750000	0.539801	-1.147134	1.386724	0.000000	0.000000
470.760000	0.539800	-1.147125	1.386722	0.000000	0.000000
470.770000	0.539798	-1.147116	1.386721	0.000000	0.000000
470.780000	0.539796	-1.147107	1.386720	0.000000	0.000000
470.790000	0.539793	-1.147096	1.386719	0.000000	0.000000
470.800000	0.539789	-1.147085	1.386718	0.000000	0.000000
470.810000	0.539785	-1.147073	1.386717	0.000000	0.000000
470.820000	0.539781	-1.147062	1.386716	0.000000	0.000000
470.830000	0.539778	-1.147053	1.386715	0.000000	0.000000
470.840000	0.539774	-1.147045	1.386713	0.000000	0.000000
470.850000	0.539772	-1.147040	1.386712	0.000000	0.000000
470.860000	0.539770	-1.147037	1.386711	0.000000	0.000000
470.870000	0.539770	-1.147036	1.386710	0.000000	0.000000
470.880000	0.539770	-1.147038	1.386709	0.000000	0.000000
470.890000	0.539770	-1.147040	1.386707	0.000000	0.000000
470.900000	0.539770	-1.147044	1.386706	0.000000	0.000000
470.910000	0.539770	-1.147047	1.386704	0.000000	0.000000
470.920000	0.539770	-1.147050	1.386702	0.000000	0.000000
470.930000	0.539771	-1.147056	1.386700	0.000000	0.000000
470.940000	0.539773	-1.147065	1.386698	0.000000	0.000000
470.950000	0.539776	-1.147075	1.386696	0.000000	0.000000
470.960000	0.539777	-1.147084	1.386694	0.000000	0.000000
470.970000	0.539778	-1.147092	1.386692	0.000000	0.000000
470.980000	0.539778	-1.147096	1.386690	0.000000	0.000000
470.990000	0.539776	-1.147097	1.386688	0.000000	0.000000
471.000000	0.539774	-1.147095	1.386685	0.000000	0.000000
471.010000	0.539771	-1.147093	1.386683	0.000000	0.000000
471.020000	0.539770	-1.147094	1.386681	0.000000	0.000000
471.030000	0.539769	-1.147097	1.386678	0.000000	0.000000
471.040000	0.539768	-1.147101	1.386676	0.000000	0.000000
471.050000	0.539768	-1.147106	1.386673	0.000000	0.000000
471.060000	0.539768	-1.147112	1.386671	0.000000	0.000000
471.070000	0.539769	-1.147120	1.386669	0.000000	0.000000
471.080000	0.539770	-1.147129	1.386666	0.000000	0.000000
471.090000	0.539771	-1.147140	1.386664	0.000000	0.000000
471.100000	0.539772	-1.147150	1.386661	0.000000	0.000000
471.110000	0.539772	-1.147158	1.386658	0.000000	0.000000
471.120000	0.539772	-1.147163	1.386656	0.000000	0.000000
471.130000	0.539771	-1.147162	1.386653	0.000000	0.000000
471.140000	0.539768	-1.147157	1.386650	0.000000	0.000000
471.150000	0.539765	-1.147149	1.386648	0.000000	0.000000
471.160000	0.539763	-1.147143	1.386645	0.000000	0.000000
471.170000	0.539762	-1.147139	1.386642	0.000000	0.000000
471.180000	0.539761	-1.147138	1.386639	0.000000	0.000000
471.190000	0.539762	-1.147140	1.386636	0.000000	0.000000
471.200000	0.539763	-1.147140	1.386633	0.000000	0.000000
471.210000	0.539763	-1.147138	1.386630	0.000000	0.000000
471.220000	0.539761	-1.147131	1.386627	0.000000	0.000000
471.230000	0.539758	-1.147121	1.386624	0.000000	0.000000
471.240000	0.539756	-1.147112	1.386621	0.000000	0.000000
471.250000	0.539756	-1.147107	1.386618	0.000000	0.000000
471.260000	0.539757	-1.147106	1.386615	0.000000	0.000000
471.270000	0.539758	-1.147108	1.386612	0.000000	0.000000
471.280000	0.539760	-1.147112	1.386609	0.000000	0.000000
471.290000	0.539761	-1.147117	1.386606	0.000000	0.000000
471.300000	0.539763	-1.147122	1.386602	0.000000	0.000000
471.310000	0.539764	-1.147127	1.386599	0.000000	0.000000
471.320000	0.539765	-1.147133	1.386596	0.000000	0.000000
471.330000	0.539766	-1.147139	1.386593	0.000000	0.000000
471.340000	0.539766	-1.147146	1.386590	0.000000	0.000000
471.350000	0.539767	-1.147153	1.386586	0.000000	0.000000
471.360000	0.539768	-1.147161	1.386583	0.000000	0.000000
471.370000	0.539770	-1.147169	1.386580	0.000000	0.000000
471.380000	0.539772	-1.147176	1.386577	0.000000	0.000000
471.390000	0.539772	-1.147181	1.386574	0.000000	0.000000
471.400000	0.539772	-1.147184	1.386571	0.000000	0.000000
471.410000	0.539771	-1.147185	1.386568	0.000000	0.000000
471.420000	0.539770	-1.147184	1.386565	0.000000	0.000000
471.430000	0.539769	-1.147184	1.386562	0.000000	0.000000
471.440000	0.539768	-1.147183	1.386560	0.000000	0.000000
471.450000	0.539768	-1.147183	1.386557	0.000000	0.000000
471.460000	0.539767	-1.147184	1.386554	0.000000	0.000000
471.470000	0.539766	-1.147185	1.386552	0.000000	0.000000
471.480000	0.539766	-1.147185	1.386549	0.000000	0.000000
471.490000	0.539765	-1.147185	1.386546	0.000000	0.000000
471.500000	0.539764	-1.147184	1.386544	0.000000	0.000000
471.510000	0.539762	-1.147182	1.386541	0.000000	0.000000
471.520000	0.539760	-1.147178	1.386538	0.000000	0.000000
471.530000	0.539757	-1.147174	1.386536	0.000000	0.000000
471.540000	0.539755	-1.147170	1.386533	0.000000	0.000000
471.550000	0.539753	-1.147166	1.386530	0.000000	0.000000
471.560000	0.539752	-1.147165	1.386527	0.000000	0.000000
471.570000	0.539750	-1.147165	1.386524	0.000000	0.000000
471.580000	0.539749	-1.147167	1.386521	0.000000	0.000000
471.590000	0.539749	-1.147170	1.386518	0.000000	0.000000
471.600000	0.539748	-1.147172	1.386515	0.000000	0.000000
471.610000	0.539748	-1.147172	1.386512	0.000000	0.000000
471.620000	0.539746	-1.147170	1.386508	0.000000	0.000000
471.630000	0.539744	-1.147168	1.386505	0.000000	0.000000
471.640000	0.539742	-1.147166	1.386502	0.000000	0.000000
471.650000	0.539741	-1.147167	1.386498	0.000000	0.000000
471.660000	0.539741	-1.147171	1.386495	0.000000	0.000000
471.670000	0.539741	-1.147176	1.386491	0.000000	0.000000
471.680000	0.539743	-1.147183	1.386488	0.000000	0.000000
471.690000	0.539744	-1.147191	1.386484	0.000000	0.000000
471.700000	0.539745	-1.147199	1.386481	0.000000	0.000000
471.710000	0.539746	-1.147205	1.386477	0.000000	0.000000
471.720000	0.539746	-1.147207	1.386474	0.000000	0.000000
471.730000	0.539745	-1.147205	1.386471	0.000000	0.000000
471.740000	0.539743	-1.147201	1.386467	0.000000	0.000000
471.750000	0.539741	-1.147198	1.386464	0.000000	0.000000
471.760000	0.539739	-1.147195	1.386460	0.000000	0.000000
471.770000	0.539737	-1.147193	1.386457	0.000000	0.000000
471.780000	0.539735	-1.147191	1.386454	0.000000	0.000000
471.790000	0.539735	-1.147192	1.386450	0.000000	0.000000
471.800000	0.539735	-1.147196	1.386447	0.000000	0.000000
471.810000	0.539735	-1.147202	1.386444	0.000000	0.000000
471.820000	0.539737	-1.147208	1.386440	0.000000	0.000000
471.830000	0.539738	-1.147215	1.386437	0.000000	0.000000
471.840000	0.539739	-1.147220	1.386434	0.000000	0.000000
471.850000	0.539739	-1.147224	1.386430	0.000000	0.000000
471.860000	0.539739	-1.147227	1.386427	0.000000	0.000000
471.870000	0.539738	-1.147228	1.386423	0.000000	0.000000
471.880000	0.539736	-1.147227	1.386420	0.000000	0.000000
471.890000	0.539733	-1.147225	1.386417	0.000000	0.000000
471.900000	0.539731	-1.147222	1.386413	0.000000	0.000000
471.910000	0.539727	-1.147219	1.386410	0.000000	0.000000
471.920000	0.539725	-1.147217	1.386406	0.000000	0.000000
471.930000	0.539722	-1.147216	1.386403	0.000000	0.000000
471.940000	0.539721	-1.147216	1.386399	0.000000	0.000000
471.950000	0.539719	-1.147219	1.386396	0.000000	0.000000
471.960000	0.539718	-1.147223	1.386393	0.000000	0.000000
471.970000	0.539719	-1.147228	1.386389	0.000000	0.000000
471.980000	0.539720	-1.147233	1.386386	0.000000	0.000000
471.990000	0.539720	-1.147239	1.386383	0.000000	0.000000
472.000000	0.539721	-1.147243	1.386380	0.000000	0.000000
472.010000	0.539720	-1.147245	1.386377	0.000000	0.000000
472.020000	0.539718	-1.147246	1.386374	0.000000	0.000000
472.030000	0.539715	-1.147244	1.386371	0.000000	0.000000
472.040000	0.539713	-1.147241	1.386368	0.000000	0.000000
472.050000	0.539711	-1.147239	1.386365	0.000000	0.000000
472.060000	0.539710	-1.147236	1.386362	0.000000	0.000000
472.070000	0.539709	-1.147235	1.386359	0.000000	0.000000
472.080000	0.539707	-1.147234	1.386356	0.000000	0.000000
472.090000	0.539705	-1.147234	1.386353	0.000000	0.000000
472.100000	0.539704	-1.147235	1.386350	0.000000	0.000000
472.110000	0.539704	-1.147239	1.386348	0.000000	0.000000
472.120000	0.539704	-1.147247	1.386345	0.000000	0.000000
472.130000	0.539704	-1.147256	1.386342	0.000000	0.000000
472.140000	0.539706	-1.147267	1.386339	0.000000	0.000000
472.150000	0.539707	-1.147279	1.386336	0.000000	0.000000
472.160000	0.539708	-1.147290	1.386333	0.000000	0.000000
472.170000	0.539709	-1.147301	1.386330	0.000000	0.000000
472.180000	0.539711	-1.147311	1.386327	0.000000	0.000000
472.190000	0.539711	-1.147320	1.386324	0.000000	0.000000
472.200000	0.539712	-1.147328	1.386322	0.000000	0.000000
472.210000	0.539711	-1.147334	1.386319	0.000000	0.000000
472.220000	0.539709	-1.147339	1.386316	0.000000	0.000000
472.230000	0.539706	-1.147344	1.386313	0.000000	0.000000
472.240000	0.539705	-1.147351	1.386310	0.000000	0.000000
472.250000	0.539704	-1.147361	1.386308	0.000000	0.000000
472.260000	0.539703	-1.147374	1.386305	0.000000	0.000000
472.270000	0.539702	-1.147386	1.386302	0.000000	0.000000
472.280000	0.539701	-1.147396	1.386300	0.000000	0.000000
472.290000	0.539699	-1.147406	1.386297	0.000000	0.000000
472.300000	0.539698	-1.147414	1.386295	0.000000	0.000000
472.310000	0.539697	-1.147423	1.386292	0.000000	0.000000
472.320000	0.539696	-1.147431	1.386290	0.000000	0.000000
472.330000	0.539696	-1.147439	1.386288	0.000000	0.000000
472.340000	0.539696	-1.147445	1.386286	0.000000	0.000000
472.350000	0.539695	-1.147450	1.386283	0.000000	0.000000
472.360000	0.539693	-1.147453	1.386281	0.000000	0.000000
472.370000	0.539690	-1.147454	1.386279	0.000000	0.000000
472.380000	0.539687	-1.147452	1.386277	0.000000	0.000000
472.390000	0.539682	-1.147447	1.386276	0.000000	0.000000
472.400000	0.539678	-1.147443	1.386274	0.000000	0.000000
472.410000	0.539674	-1.147439	1.386272	0.000000	0.000000
472.420000	0.539669	-1.147438	1.386270	0.000000	0.000000
472.430000	0.539665	-1.147439	1.386269	0.000000	0.000000
472.440000	0.539661	-1.147441	1.386267	0.000000	0.000000
472.450000	0.539658	-1.147444	1.386266	0.000000	0.000000
472.460000	0.539654	-1.147447	1.386264	0.000000	0.000000
472.470000	0.539651	-1.147451	1.386263	0.000000	0.000000
472.480000	0.539649	-1.147453	1.386261	0.000000	0.000000
472.490000	0.539646	-1.147454	1.386260	0.000000	0.000000
472.500000	0.539643	-1.147454	1.386258	0.000000	0.000000
472.510000	0.539640	-1.147456	1.386257	0.000000	0.000000
472.520000	0.539638	-1.147459	1.386255	0.000000	0.000000
472.530000	0.539636	-1.147465	1.386254	0.000000	0.000000
472.540000	0.539636	-1.147472	1.386252	0.000000	0.000000
472.550000	0.539636	-1.147481	1.386250	0.000000	0.000000
472.560000	0.539636	-1.147490	1.386249	0.000000	0.000000
472.570000	0.539636	-1.147499	1.386247	0.000000	0.000000
472.580000	0.539636	-1.147508	1.386245	0.000000	0.000000
472.590000	0.539635	-1.147515	1.386243	0.000000	0.000000
472.600000	0.539633	-1.147520	1.386241	0.000000	0.000000
472.610000	0.539632	-1.147523	1.386240	0.000000	0.000000
472.620000	0.539631	-1.147524	1.386238	0.000000	0.000000
472.630000	0.539630	-1.147522	1.386236	0.000000	0.000000
472.640000	0.539628	-1.147516	1.386234	0.000000	0.000000
472.650000	0.539625	-1.147508	1.386232	0.000000	0.000000
472.660000	0.539623	-1.147500	1.386230	0.000000	0.000000
472.670000	0.539622	-1.147494	1.386228	0.000000	0.000000
472.680000	0.539621	-1.147491	1.386226	0.000000	0.000000
472.690000	0.539621	-1.147489	1.386224	0.000000	0.000000
472.700000	0.539622	-1.147490	1.386223	0.000000	0.000000
472.710000	0.539622	-1.147491	1.386221	0.000000	0.000000
472.720000	0.539623	-1.147492	1.386219	0.000000	0.000000
472.730000	0.539624	-1.147492	1.386218	0.000000	0.000000
472.740000	0.539624	-1.147491	1.386217	0.000000	0.000000
472.750000	0.539624	-1.147486	1.386215	0.000000	0.000000
472.760000	0.539622	-1.147480	1.386214	0.000000	0.000000
472.770000	0.539620	-1.147473	1.386213	0.000000	0.000000
472.780000	0.539618	-1.147465	1.386212	0.000000	0.000000
472.790000	0.539617	-1.147457	1.386211	0.000000	0.000000
472.800000	0.539616	-1.147450	1.386210	0.000000	0.000000
472.810000	0.539616	-1.147445	1.386209	0.000000	0.000000
472.820000	0.539617	-1.147443	1.386208	0.000000	0.000000
472.830000	0.539618	-1.147443	1.386207	0.000000	0.000000
472.840000	0.539620	-1.147445	1.386207	0.000000	0.000000
472.850000	0.539623	-1.147448	1.386206	0.000000	0.000000
472.860000	0.539625	-1.147451	1.386205	0.000000	0.000000
472.870000	0.539628	-1.147452	1.386204	0.000000	0.000000
472.880000	0.539629	-1.147451	1.386203	0.000000	0.000000
472.890000	0.539631	-1.147451	1.386202	0.000000	0.000000
472.900000	0.539632	-1.147450	1.386201	0.000000	0.000000
472.910000	0.539633	-1.147450	1.386200	0.000000	0.000000
472.920000	0.539634	-1.147451	1.386199	0.000000	0.000000
472.930000	0.539635	-1.147453	1.386198	0.000000	0.000000
472.940000	0.539637	-1.147455	1.386197	0.000000	0.000000
472.950000	0.539639	-1.147457	1.386196	0.000000	0.000000
472.960000	0.539640	-1.147457	1.386195	0.000000	0.000000
472.970000	0.539640	-1.147456	1.386194	0.000000	0.000000
472.980000	0.539639	-1.147455	1.386193	0.000000	0.000000
472.990000	0.539639	-1.147452	1.386192	0.000000	0.000000
473.000000	0.539638	-1.147449	1.386191	0.000000	0.000000
473.010000	0.539636	-1.147444	1.386189	0.000000	0.000000
473.020000	0.539635	-1.147440	1.386188	0.000000	0.000000
473.030000	0.539633	-1.147435	1.386187	0.000000	0.000000
473.040000	0.539631	-1.147429	1.386186	0.000000	0.000000
473.050000	0.539628	-1.147421	1.386185	0.000000	0.000000
473.060000	0.539625	-1.147415	1.386184	0.000000	0.000000
473.070000	0.539622	-1.147411	1.386183	0.000000	0.000000
473.080000	0.539621	-1.147410	1.386181	0.000000	0.000000
473.090000	0.539620	-1.147411	1.386180	0.000000	0.000000
473.100000	0.539620	-1.147412	1.386179	0.000000	0.000000
473.110000	0.539621	-1.147413	1.386178	0.000000	0.000000
473.120000	0.539621	-1.147413	1.386177	0.000000	0.000000
473.130000	0.539621	-1.147412	1.386175	0.000000	0.000000
473.140000	0.539621	-1.147414	1.386174	0.000000	0.000000
473.150000	0.539621	-1.147418	1.386172	0.000000	0.000000
473.160000	0.539622	-1.147424	1.386171	0.000000	0.000000
473.170000	0.539623	-1.147428	1.386170	0.000000	0.000000
473.180000	0.539622	-1.147429	1.386168	0.000000	0.000000
473.190000	0.539619	-1.147425	1.386167	0.000000	0.000000
473.200000	0.539616	-1.147420	1.386165	0.000000	0.000000
473.210000	0.539615	-1.147421	1.386164	0.000000	0.000000
473.220000	0.539614	-1.147426	1.386162	0.000000	0.000000
473.230000	0.539614	-1.147432	1.386161	0.000000	0.000000
473.240000	0.539614	-1.147438	1.386159	0.000000	0.000000
473.250000	0.539612	-1.147442	1.386158	0.000000	0.000000
473.260000	0.539611	-1.147443	1.386156	0.000000	0.000000
473.270000	0.539608	-1.147443	1.386155	0.000000	0.000000
473.280000	0.539605	-1.147440	1.386153	0.000000	0.000000
473.290000	0.539601	-1.147435	1.386152	0.000000	0.000000
473.300000	0.539597	-1.147427	1.386150	0.000000	0.000000
473.310000	0.539592	-1.147418	1.386149	0.000000	0.000000
473.320000	0.539589	-1.147410	1.386147	0.000000	0.000000
473.330000	0.539585	-1.147403	1.386146	0.000000	0.000000
473.340000	0.539583	-1.147399	1.386144	0.000000	0.000000
473.350000	0.539582	-1.147397	1.386143	0.000000	0.000000
473.360000	0.539581	-1.147397	1.386141	0.000000	0.000000
473.370000	0.539581	-1.147399	1.386140	0.000000	0.000000
473.380000	0.539580	-1.147401	1.386138	0.000000	0.000000
473.390000	0.539579	-1.147401	1.386137	0.000000	0.000000
473.400000	0.539578	-1.147400	1.386135	0.000000	0.000000
473.410000	0.539576	-1.147398	1.386134	0.000000	0.000000
473.420000	0.539574	-1.147396	1.386132	0.000000	0.000000
473.430000	0.539573	-1.147396	1.386131	0.000000	0.000000
473.440000	0.539572	-1.147398	1.386129	0.000000	0.000000
473.450000	0.539572	-1.147401	1.386128	0.000000	0.000000
473.460000	0.539571	-1.147404	1.386126	0.000000	0.000000
473.470000	0.539570	-1.147406	1.386125	0.000000	0.000000
473.480000	0.539568	-1.147407	1.386124	0.000000	0.000000
473.490000	0.539566	-1.147405	1.386122	0.000000	0.000000
473.500000	0.539563	-1.147402	1.386121	0.000000	0.000000
473.510000	0.539560	-1.147398	1.386120	0.000000	0.000000
473.520000	0.539558	-1.147395	1.386118	0.000000	0.000000
473.530000	0.539555	-1.147393	1.386117	0.000000	0.000000
473.540000	0.539554	-1.147393	1.386116	0.000000	0.000000
473.550000	0.539552	-1.147393	1.386115	0.000000	0.000000
473.560000	0.539552	-1.147394	1.386113	0.000000	0.000000
473.570000	0.539551	-1.147394	1.386112	0.000000	0.000000
473.580000	0.539549	-1.147394	1.386111	0.000000	0.000000
473.590000	0.539548	-1.147393	1.386109	0.000000	0.000000
473.600000	0.539547	-1.147392	1.386108	0.000000	0.000000
473.610000	0.539547	-1.147391	1.386107	0.000000	0.000000
473.620000	0.539547	-1.147392	1.386105	0.000000	0.000000
473.630000	0.539548	-1.147394	1.386104	0.000000	0.000000
473.640000	0.539548	-1.147397	1.386102	0.000000	0.000000
473.650000	0.539548	-1.147399	1.386100	0.000000	0.000000
473.660000	0.539548	-1.147401	1.386098	0.000000	0.000000
473.670000	0.539548	-1.147401	1.386097	0.000000	0.000000
473.680000	0.539546	-1.147400	1.386095	0.000000	0.000000
473.690000	0.539544	-1.147398	1.386092	0.000000	0.000000
473.700000	0.539543	-1.147397	1.386090	0.000000	0.000000
473.710000	0.539543	-1.147397	1.386088	0.000000	0.000000
473.720000	0.539543	-1.147399	1.386085	0.000000	0.000000
473.730000	0.539543	-1.147403	1.386083	0.000000	0.000000
473.740000	0.539542	-1.147406	1.386080	0.000000	0.000000
473.750000	0.539542	-1.147407	1.386077	0.000000	0.000000
473.760000	0.539542	-1.147410	1.386075	0.000000	0.000000
473.770000	0.539543	-1.147417	1.386072	0.000000	0.000000
473.780000	0.539544	-1.147425	1.386069	0.000000	0.000000
473.790000	0.539546	-1.147435	1.386066	0.000000	0.000000
473.800000	0.539548	-1.147444	1.386062	0.000000	0.000000
473.810000	0.539550	-1.147453	1.386059	0.000000	0.000000
473.820000	0.539552	-1.147460	1.386056	0.000000	0.000000
473.830000	0.539554	-1.147467	1.386052	0.000000	0.000000
473.840000	0.539555	-1.147472	1.386049	0.000000	0.000000
473.850000	0.539556	-1.147478	1.386046	0.000000	0.000000
473.860000	0.539557	-1.147481	1.386042	0.000000	0.000000
473.870000	0.539557	-1.147482	1.386039	0.000000	0.000000
473.880000	0.539556	-1.147484	1.386035	0.000000	0.000000
473.890000	0.539555	-1.147488	1.386032	0.000000	0.000000
473.900000	0.539556	-1.147497	1.386028	0.000000	0.000000
473.910000	0.539557	-1.147509	1.386025	0.000000	0.000000
473.920000	0.539559	-1.147522	1.386021	0.000000	0.000000
473.930000	0.539559	-1.147533	1.386018	0.000000	0.000000
473.940000	0.539559	-1.147540	1.386014	0.000000	0.000000
473.950000	0.539556	-1.147543	1.386011	0.000000	0.000000
473.960000	0.539553	-1.147541	1.386007	0.000000	0.000000
473.970000	0.539549	-1.147539	1.386004	0.000000	0.000000
473.980000	0.539546	-1.147537	1.386000	0.000000	0.000000
473.990000	0.539543	-1.147537	1.385997	0.000000	0.000000
474.000000	0.539541	-1.147539	1.385994	0.000000	0.000000
474.010000	0.539539	-1.147543	1.385990	0.000000	0.000000
474.020000	0.539537	-1.147548	1.385987	0.000000	0.000000
474.030000	0.539535	-1.147554	1.385983	0.000000	0.000000
474.040000	0.539535	-1.147562	1.385980	0.000000	0.000000
474.050000	0.539535	-1.147570	1.385977	0.000000	0.000000
474.060000	0.539536	-1.147579	1.385973	0.000000	0.000000
474.070000	0.539535	-1.147588	1.385970	0.000000	0.000000
474.080000	0.539535	-1.147595	1.385966	0.000000	0.000000
474.090000	0.539534	-1.147601	1.385962	0.000000	0.000000
474.100000	0.539533	-1.147606	1.385959	0.000000	0.000000
474.110000	0.539531	-1.147610	1.385955	0.000000	0.000000
474.120000	0.539529	-1.147613	1.385951	0.000000	0.000000
474.130000	0.539528	-1.147617	1.385948	0.000000	0.000000
474.140000	0.539526	-1.147622	1.385944	0.000000	0.000000
474.150000	0.539526	-1.147631	1.385940	0.000000	0.000000
474.160000	0.539526	-1.147643	1.385936	0.000000	0.000000
474.170000	0.539528	-1.147656	1.385932	0.000000	0.000000
474.180000	0.539529	-1.147670	1.385928	0.000000	0.000000
474.190000	0.539530	-1.147682	1.385924	0.000000	0.000000
474.200000	0.539532	-1.147693	1.385920	0.000000	0.000000
474.210000	0.539532	-1.147701	1.385916	0.000000	0.000000
474.220000	0.539532	-1.147710	1.385912	0.000000	0.000000
474.230000	0.539532	-1.147718	1.385908	0.000000	0.000000
474.240000	0.539533	-1.147727	1.385904	0.000000	0.000000
474.250000	0.539534	-1.147737	1.385899	0.000000	0.000000
474.260000	0.539534	-1.147747	1.385895	0.000000	0.000000
474.270000	0.539534	-1.147758	1.385891	0.000000	0.000000
474.280000	0.539534	-1.147769	1.385887	0.000000	0.000000
474.290000	0.539534	-1.147778	1.385883	0.000000	0.000000
474.300000	0.539533	-1.147786	1.385879	0.000000	0.000000
474.310000	0.539531	-1.147792	1.385874	0.000000	0.000000
474.320000	0.539529	-1.147797	1.385870	0.000000	0.000000
474.330000	0.539526	-1.147801	1.385866	0.000000	0.000000
474.340000	0.539524	-1.147806	1.385862	0.000000	0.000000
474.350000	0.539521	-1.147814	1.385858	0.000000	0.000000
474.360000	0.539519	-1.147822	1.385854	0.000000	0.000000
474.370000	0.539517	-1.147831	1.385850	0.000000	0.000000
474.380000	0.539516	-1.147840	1.385845	0.000000	0.000000
474.390000	0.539514	-1.147848	1.385841	0.000000	0.000000
474.400000	0.539512	-1.147856	1.385837	0.000000	0.000000
474.410000	0.539510	-1.147865	1.385834	0.000000	0.000000
474.420000	0.539509	-1.147872	1.385830	0.000000	0.000000
474.430000	0.539508	-1.147877	1.385826	0.000000	0.000000
474.440000	0.539505	-1.147880	1.385822	0.000000	0.000000
474.450000	0.539503	-1.147883	1.385818	0.000000	0.000000
474.460000	0.539502	-1.147885	1.385814	0.000000	0.000000
474.470000	0.539501	-1.147889	1.385811	0.000000	0.000000
474.480000	0.539501	-1.147895	1.385807	0.000000	0.000000
474.490000	0.539502	-1.147902	1.385803	0.000000	0.000000
474.500000	0.539503	-1.147908	1.385800	0.000000	0.000000
474.510000	0.539503	-1.147910	1.385797	0.000000	0.000000
474.520000	0.539502	-1.147910	1.385793	0.000000	0.000000
474.530000	0.539500	-1.147908	1.385790	0.000000	0.000000
474.540000	0.539498	-1.147906	1.385787	0.000000	0.000000
474.550000	0.539497	-1.147906	1.385784	0.000000	0.000000
474.560000	0.539496	-1.147908	1.385780	0.000000	0.000000
474.570000	0.539496	-1.147911	1.385777	0.000000	0.000000
474.580000	0.539497	-1.147915	1.385774	0.000000	0.000000
474.590000	0.539499	-1.147919	1.385771	0.000000	0.000000
474.600000	0.539501	-1.147924	1.385768	0.000000	0.000000
474.610000	0.539501	-1.147927	1.385766	0.000000	0.000000
474.620000	0.539503	-1.147930	1.385763	0.000000	0.000000
474.630000	0.539505	-1.147932	1.385760	0.000000	0.000000
474.640000	0.539506	-1.147933	1.385757	0.000000	0.000000
474.650000	0.539508	-1.147933	1.385755	0.000000	0.000000
474.660000	0.539509	-1.147930	1.385752	0.000000	0.000000
474.670000	0.539510	-1.147924	1.385750	0.000000	0.000000
474.680000	0.539510	-1.147919	1.385748	0.000000	0.000000
474.690000	0.539511	-1.147913	1.385746	0.000000	0.000000
474.700000	0.539512	-1.147910	1.385744	0.000000	0.000000
474.710000	0.539513	-1.147907	1.385742	0.000000	0.000000
474.720000	0.539514	-1.147906	1.385740	0.000000	0.000000
474.730000	0.539513	-1.147904	1.385739	0.000000	0.000000
474.740000	0.539513	-1.147899	1.385737	0.000000	0.000000
474.750000	0.539512	-1.147892	1.385736	0.000000	0.000000
474.760000	0.539511	-1.147882	1.385735	0.000000	0.000000
474.770000	0.539509	-1.147872	1.385734	0.000000	0.000000
474.780000	0.539508	-1.147864	1.385733	0.000000	0.000000
474.790000	0.539507	-1.147859	1.385732	0.000000	0.000000
474.800000	0.539507	-1.147856	1.385731	0.000000	0.000000
474.810000	0.539508	-1.147854	1.385730	0.000000	0.000000
474.820000	0.539508	-1.147851	1.385730	0.000000	0.000000
474.830000	0.539507	-1.147846	1.385729	0.000000	0.000000
474.840000	0.539506	-1.147838	1.385728	0.000000	0.000000
474.850000	0.539504	-1.147831	1.385728	0.000000	0.000000
474.860000	0.539502	-1.147824	1.385727	0.000000	0.000000
474.870000	0.539500	-1.147820	1.385726	0.000000	0.000000
474.880000	0.539501	-1.147817	1.385726	0.000000	0.000000
474.890000	0.539500	-1.147815	1.385725	0.000000	0.000000
474.900000	0.539500	-1.147812	1.385725	0.000000	0.000000
474.910000	0.539499	-1.147808	1.385725	0.000000	0.000000
474.920000	0.539498	-1.147802	1.385724	0.000000	0.000000
474.930000	0.539497	-1.147796	1.385724	0.000000	0.000000
474.940000	0.539496	-1.147789	1.385724	0.000000	0.000000
474.950000	0.539494	-1.147783	1.385723	0.000000	0.000000
474.960000	0.539493	-1.147777	1.385723	0.000000	0.000000
474.970000	0.539492	-1.147773	1.385723	0.000000	0.000000
474.980000	0.539491	-1.147770	1.385723	0.000000	0.000000
474.990000	0.539491	-1.147767	1.385723	0.000000	0.000000
475.000000	0.539490	-1.147763	1.385723	0.000000	0.000000
475.010000	0.539489	-1.147760	1.385723	0.000000	0.000000
475.020000	0.539487	-1.147755	1.385723	0.000000	0.000000
475.030000	0.539484	-1.147749	1.385724	0.000000	0.000000
475.040000	0.539481	-1.147742	1.385724	0.000000	0.000000
475.050000	0.539478	-1.147734	1.385724	0.000000	0.000000
475.060000	0.539474	-1.147725	1.385724	0.000000	0.000000
475.070000	0.539469	-1.147716	1.385724	0.000000	0.000000
475.080000	0.539464	-1.147706	1.385725	0.000000	0.000000
475.090000	0.539459	-1.147697	1.385725	0.000000	0.000000
475.100000	0.539455	-1.147687	1.385725	0.000000	0.000000
475.110000	0.539451	-1.147679	1.385725	0.000000	0.000000
475.120000	0.539448	-1.147673	1.385725	0.000000	0.000000
475.130000	0.539446	-1.147669	1.385725	0.000000	0.000000
475.140000	0.539444	-1.147666	1.385725	0.000000	0.000000
475.150000	0.539443	-1.147662	1.385724	0.000000	0.000000
475.160000	0.539442	-1.147657	1.385724	0.000000	0.000000
475.170000	0.539440	-1.147651	1.385724	0.000000	0.000000
475.180000	0.539438	-1.147645	1.385724	0.000000	0.000000
475.190000	0.539436	-1.147639	1.385723	0.000000	0.000000
475.200000	0.539435	-1.147634	1.385723	0.000000	0.000000
475.210000	0.539434	-1.147629	1.385722	0.000000	0.000000
475.220000	0.539432	-1.147626	1.385722	0.000000	0.000000
475.230000	0.539432	-1.147624	1.385721	0.000000	0.000000
475.240000	0.539431	-1.147622	1.385721	0.000000	0.000000
475.250000	0.539430	-1.147621	1.385720	0.000000	0.000000
475.260000	0.539429	-1.147620	1.385719	0.000000	0.000000
475.270000	0.539427	-1.147618	1.385719	0.000000	0.000000
475.280000	0.539425	-1.147615	1.385718	0.000000	0.000000
475.290000	0.539422	-1.147611	1.385718	0.000000	0.000000
475.300000	0.539420	-1.147607	1.385717	0.000000	0.000000
475.310000	0.539418	-1.147605	1.385716	0.000000	0.000000
475.320000	0.539416	-1.147604	1.385716	0.000000	0.000000
475.330000	0.539415	-1.147606	1.385715	0.000000	0.000000
475.340000	0.539415	-1.147609	1.385715	0.000000	0.000000
475.350000	0.539416	-1.147614	1.385714	0.000000	0.000000
475.360000	0.539416	-1.147619	1.385713	0.000000	0.000000
475.370000	0.539417	-1.147623	1.385712	0.000000	0.000000
475.380000	0.539416	-1.147625	1.385711	0.000000	0.000000
475.390000	0.539414	-1.147623	1.385710	0.000000	0.000000
475.400000	0.539412	-1.147621	1.385709	0.000000	0.000000
475.410000	0.539410	-1.147619	1.385709	0.000000	0.000000
475.420000	0.539408	-1.147618	1.385708	0.000000	0.000000
475.430000	0.539406	-1.147617	1.385707	0.000000	0.000000
475.440000	0.539404	-1.147616	1.385706	0.000000	0.000000
475.450000	0.539401	-1.147614	1.385705	0.000000	0.000000
475.460000	0.539399	-1.147612	1.385703	0.000000	0.000000
475.470000	0.539397	-1.147611	1.385702	0.000000	0.000000
475.480000	0.539395	-1.147610	1.385701	0.000000	0.000000
475.490000	0.539393	-1.147611	1.385700	0.000000	0.000000
475.500000	0.539392	-1.147611	1.385699	0.000000	0.000000
475.510000	0.539391	-1.147611	1.385698	0.000000	0.000000
475.520000	0.539389	-1.147611	1.385697	0.000000	0.000000
475.530000	0.539388	-1.147611	1.385695	0.000000	0.000000
475.540000	0.539387	-1.147610	1.385694	0.000000	0.000000
475.550000	0.539386	-1.147610	1.385693	0.000000	0.000000
475.560000	0.539385	-1.147611	1.385691	0.000000	0.000000
475.570000	0.539384	-1.147612	1.385690	0.000000	0.000000
475.580000	0.539384	-1.147613	1.385688	0.000000	0.000000
475.590000	0.539383	-1.147615	1.385687	0.000000	0.000000
475.600000	0.539382	-1.147618	1.385685	0.000000	0.000000
475.610000	0.539381	-1.147622	1.385683	0.000000	0.000000
475.620000	0.539380	-1.147626	1.385682	0.000000	0.000000
475.630000	0.539380	-1.147630	1.385680	0.000000	0.000000
475.640000	0.539379	-1.147633	1.385678	0.000000	0.000000
475.650000	0.539378	-1.147637	1.385676	0.000000	0.000000
475.660000	0.539378	-1.147642	1.385674	0.000000	0.000000
475.670000	0.539378	-1.147650	1.385672	0.000000	0.000000
475.680000	0.539379	-1.147662	1.385669	0.000000	0.000000
475.690000	0.539382	-1.147676	1.385667	0.000000	0.000000
475.700000	0.539384	-1.147690	1.385665	0.000000	0.000000
475.710000	0.539385	-1.147702	1.385663	0.000000	0.000000
475.720000	0.539386	-1.147711	1.385661	0.000000	0.000000
475.730000	0.539386	-1.147716	1.385658	0.000000	0.000000
475.740000	0.539384	-1.147717	1.385656	0.000000	0.000000
475.750000	0.539383	-1.147716	1.385654	0.000000	0.000000
475.760000	0.539381	-1.147713	1.385652	0.000000	0.000000
475.770000	0.539380	-1.147710	1.385649	0.000000	0.000000
475.780000	0.539380	-1.147707	1.385647	0.000000	0.000000
475.790000	0.539380	-1.147705	1.385645	0.000000	0.000000
475.800000	0.539379	-1.147703	1.385643	0.000000	0.000000
475.810000	0.539379	-1.147700	1.385641	0.000000	0.000000
475.820000	0.539378	-1.147693	1.385639	0.000000	0.000000
475.830000	0.539376	-1.147681	1.385636	0.000000	0.000000
475.840000	0.539372	-1.147668	1.385634	0.000000	0.000000
475.850000	0.539369	-1.147657	1.385632	0.000000	0.000000
475.860000	0.539367	-1.147650	1.385630	0.000000	0.000000
475.870000	0.539366	-1.147646	1.385628	0.000000	0.000000
475.880000	0.539366	-1.147647	1.385626	0.000000	0.000000
475.890000	0.539367	-1.147650	1.385624	0.000000	0.000000
475.900000	0.539370	-1.147656	1.385622	0.000000	0.000000
475.910000	0.539374	-1.147663	1.385620	0.000000	0.000000
475.920000	0.539377	-1.147668	1.385618	0.000000	0.000000
475.930000	0.539379	-1.147670	1.385616	0.000000	0.000000
475.940000	0.539380	-1.147668	1.385614	0.000000	0.000000
475.950000	0.539380	-1.147665	1.385612	0.000000	0.000000
475.960000	0.539380	-1.147662	1.385610	0.000000	0.000000
475.970000	0.539380	-1.147661	1.385608	0.000000	0.000000
475.980000	0.539381	-1.147660	1.385606	0.000000	0.000000
475.990000	0.539382	-1.147661	1.385603	0.000000	0.000000
476.000000	0.539384	-1.147662	1.385601	0.000000	0.000000
476.010000	0.539385	-1.147663	1.385599	0.000000	0.000000
476.020000	0.539385	-1.147663	1.385597	0.000000	0.000000
476.030000	0.539386	-1.147665	1.385595	0.000000	0.000000
476.040000	0.539387	-1.147670	1.385593	0.000000	0.000000
476.050000	0.539387	-1.147675	1.385591	0.000000	0.000000
476.060000	0.539387	-1.147681	1.385590	0.000000	0.000000
476.070000	0.539386	-1.147685	1.385588	0.000000	0.000000
476.080000	0.539385	-1.147688	1.385586	0.000000	0.000000
476.090000	0.539384	-1.147691	1.385585	0.000000	0.000000
476.100000	0.539384	-1.147695	1.385583	0.000000	0.000000
476.110000	0.539384	-1.147699	1.385582	0.000000	0.000000
476.120000	0.539384	-1.147702	1.385581	0.000000	0.000000
476.130000	0.539384	-1.147704	1.385579	0.000000	0.000000
476.140000	0.539383	-1.147704	1.385578	0.000000	0.000000
476.150000	0.539383	-1.147704	1.385577	0.000000	0.000000
476.160000	0.539383	-1.147703	1.385576	0.000000	0.000000
476.170000	0.539383	-1.147701	1.385575	0.000000	0.000000
476.180000	0.539383	-1.147699	1.385574	0.000000	0.000000
476.190000	0.539385	-1.147695	1.385573	0.000000	0.000000
476.200000	0.539386	-1.147690	1.385573	0.000000	0.000000
476.210000	0.539387	-1.147684	1.385572	0.000000	0.000000
476.220000	0.539389	-1.147678	1.385571	0.000000	0.000000
476.230000	0.539390	-1.147673	1.385570	0.000000	0.000000
476.240000	0.539391	-1.147667	1.385570	0.000000	0.000000
476.250000	0.539391	-1.147662	1.385569	0.000000	0.000000
476.260000	0.539391	-1.147657	1.385568	0.000000	0.000000
476.270000	0.539390	-1.147652	1.385567	0.000000	0.000000
476.280000	0.539391	-1.147648	1.385567	0.000000	0.000000
476.290000	0.539393	-1.147645	1.385566	0.000000	0.000000
476.300000	0.539395	-1.147642	1.385565	0.000000	0.000000
476.310000	0.539397	-1.147639	1.385564	0.000000	0.000000
476.320000	0.539399	-1.147639	1.385563	0.000000	0.000000
476.330000	0.539403	-1.147640	1.385563	0.000000	0.000000
476.340000	0.539407	-1.147642	1.385562	0.000000	0.000000
476.350000	0.539411	-1.147644	1.385561	0.000000	0.000000
476.360000	0.539414	-1.147645	1.385560	0.000000	0.000000
476.370000	0.539417	-1.147645	1.385559	0.000000	0.000000
476.380000	0.539420	-1.147644	1.385558	0.000000	0.000000
476.390000	0.539423	-1.147644	1.385557	0.000000	0.000000
476.400000	0.539424	-1.147641	1.385556	0.000000	0.000000
476.410000	0.539425	-1.147637	1.385554	0.000000	0.000000
476.420000	0.539425	-1.147632	1.385553	0.000000	0.000000
476.430000	0.539425	-1.147625	1.385552	0.000000	0.000000
476.440000	0.539426	-1.147618	1.385551	0.000000	0.000000
476.450000	0.539428	-1.147612	1.385550	0.000000	0.000000
476.460000	0.539430	-1.147606	1.385550	0.000000	0.000000
476.470000	0.539432	-1.147600	1.385549	0.000000	0.000000
476.480000	0.539434	-1.147595	1.385548	0.000000	0.000000
476.490000	0.539437	-1.147591	1.385547	0.000000	0.000000
476.500000	0.539440	-1.147587	1.385546	0.000000	0.000000
476.510000	0.539444	-1.147584	1.385545	0.000000	0.000000
476.520000	0.539449	-1.147580	1.385544	0.000000	0.000000
476.530000	0.539453	-1.147574	1.385543	0.000000	0.000000
476.540000	0.539455	-1.147562	1.385543	0.000000	0.000000
476.550000	0.539457	-1.147551	1.385542	0.000000	0.000000
476.560000	0.539462	-1.147545	1.385541	0.000000	0.000000
476.570000	0.539469	-1.147543	1.385540	0.000000	0.000000
476.580000	0.539475	-1.147543	1.385539	0.000000	0.000000
476.590000	0.539481	-1.147542	1.385539	0.000000	0.000000
476.600000	0.539486	-1.147538	1.385538	0.000000	0.000000
476.610000	0.539489	-1.147530	1.385537	0.000000	0.000000
476.620000	0.539492	-1.147518	1.385536	0.000000	0.000000
476.630000	0.539495	-1.147506	1.385535	0.000000	0.000000
476.640000	0.539498	-1.147495	1.385535	0.000000	0.000000
476.650000	0.539502	-1.147488	1.385534	0.000000	0.000000
476.660000	0.539507	-1.147482	1.385533	0.000000	0.000000
476.670000	0.539511	-1.147477	1.385532	0.000000	0.000000
476.680000	0.539515	-1.147473	1.385531	0.000000	0.000000
476.690000	0.539520	-1.147470	1.385530	0.000000	0.000000
476.700000	0.539525	-1.147469	1.385529	0.000000	0.000000
476.710000	0.539531	-1.147468	1.385528	0.000000	0.000000
476.720000	0.539536	-1.147469	1.385527	0.000000	0.000000
476.730000	0.539543	-1.147471	1.385526	0.000000	0.000000
476.740000	0.539549	-1.147473	1.385524	0.000000	0.000000
476.750000	0.539556	-1.147474	1.385523	0.000000	0.000000
476.760000	0.539562	-1.147474	1.385522	0.000000	0.000000
476.770000	0.539567	-1.147473	1.385521	0.000000	0.000000
476.780000	0.539572	-1.147472	1.385520	0.000000	0.000000
476.790000	0.539578	-1.147470	1.385518	0.000000	0.000000
476.800000	0.539582	-1.147467	1.385517	0.000000	0.000000
476.810000	0.539587	-1.147463	1.385516	0.000000	0.000000
476.820000	0.539591	-1.147458	1.385514	0.000000	0.000000
476.830000	0.539596	-1.147454	1.385513	0.000000	0.000000
476.840000	0.539601	-1.147449	1.385512	0.000000	0.000000
476.850000	0.539606	-1.147443	1.385511	0.000000	0.000000
476.860000	0.539612	-1.147437	1.385509	0.000000	0.000000
476.870000	0.539618	-1.147430	1.385508	0.000000	0.000000
476.880000	0.539625	-1.147423	1.385507	0.000000	0.000000
476.890000	0.539631	-1.147416	1.385506	0.000000	0.000000
476.900000	0.539637	-1.147406	1.385505	0.000000	0.000000
476.910000	0.539641	-1.147395	1.385504	0.000000	0.000000
476.920000	0.539645	-1.147383	1.385503	0.000000	0.000000
476.930000	0.539649	-1.147370	1.385502	0.000000	0.000000
476.940000	0.539653	-1.147358	1.385500	0.000000	0.000000
476.950000	0.539658	-1.147347	1.385499	0.000000	0.000000
476.960000	0.539663	-1.147338	1.385498	0.000000	0.000000
476.970000	0.539668	-1.147329	1.385497	0.000000	0.000000
476.980000	0.539674	-1.147321	1.385496	0.000000	0.000000
476.990000	0.539679	-1.147312	1.385495	0.000000	0.000000
477.000000	0.539684	-1.147301	1.385494	0.000000	0.000000
477.010000	0.539689	-1.147291	1.385493	0.000000	0.000000
477.020000	0.539695	-1.147282	1.385492	0.000000	0.000000
477.030000	0.539702	-1.147275	1.385491	0.000000	0.000000
477.040000	0.539710	-1.147270	1.385490	0.000000	0.000000
477.050000	0.539719	-1.147267	1.385489	0.000000	0.000000
477.060000	0.539728	-1.147265	1.385488	0.000000	0.000000
477.070000	0.539737	-1.147262	1.385486	0.000000	0.000000
477.080000	0.539745	-1.147260	1.385485	0.000000	0.000000
477.090000	0.539753	-1.147258	1.385484	0.000000	0.000000
477.100000	0.539761	-1.147256	1.385483	0.000000	0.000000
477.110000	0.539769	-1.147255	1.385481	0.000000	0.000000
477.120000	0.539778	-1.147256	1.385480	0.000000	0.000000
477.130000	0.539786	-1.147260	1.385479	0.000000	0.000000
477.140000	0.539794	-1.147264	1.385477	0.000000	0.000000
477.150000	0.539802	-1.147270	1.385476	0.000000	0.000000
477.160000	0.539810	-1.147276	1.385474	0.000000	0.000000
477.170000	0.539818	-1.147282	1.385473	0.000000	0.000000
477.180000	0.539826	-1.147288	1.385472	0.000000	0.000000
477.190000	0.539834	-1.147293	1.385470	0.000000	0.000000
477.200000	0.539840	-1.147296	1.385469	0.000000	0.000000
477.210000	0.539846	-1.147298	1.385468	0.000000	0.000000
477.220000	0.539853	-1.147296	1.385467	0.000000	0.000000
477.230000	0.539857	-1.147289	1.385465	0.000000	0.000000
477.240000	0.539860	-1.147279	1.385464	0.000000	0.000000
477.250000	0.539863	-1.147267	1.385463	0.000000	0.000000
477.260000	0.539867	-1.147256	1.385462	0.000000	0.000000
477.270000	0.539871	-1.147243	1.385461	0.000000	0.000000
477.280000	0.539874	-1.147230	1.385460	0.000000	0.000000
477.290000	0.539875	-1.147216	1.385459	0.000000	0.000000
477.300000	0.539876	-1.147200	1.385458	0.000000	0.000000
477.310000	0.539878	-1.147185	1.385457	0.000000	0.000000
477.320000	0.539880	-1.147171	1.385456	0.000000	0.000000
477.330000	0.539883	-1.147157	1.385455	0.000000	0.000000
477.340000	0.539885	-1.147144	1.385454	0.000000	0.000000
477.350000	0.539888	-1.147133	1.385453	0.000000	0.000000
477.360000	0.539891	-1.147123	1.385452	0.000000	0.000000
477.370000	0.539894	-1.147114	1.385451	0.000000	0.000000
477.380000	0.539896	-1.147105	1.385450	0.000000	0.000000
477.390000	0.539899	-1.147093	1.385450	0.000000	0.000000
477.400000	0.539901	-1.147081	1.385449	0.000000	0.000000
477.410000	0.539903	-1.147068	1.385448	0.000000	0.000000
477.420000	0.539905	-1.147057	1.385447	0.000000	0.000000
477.430000	0.539907	-1.147047	1.385446	0.000000	0.000000
477.440000	0.539908	-1.147038	1.385446	0.000000	0.000000
477.450000	0.539909	-1.147030	1.385445	0.000000	0.000000
477.460000	0.539911	-1.147023	1.385445	0.000000	0.000000
477.470000	0.539915	-1.147018	1.385444	0.000000	0.000000
477.480000	0.539919	-1.147013	1.385444	0.000000	0.000000
477.490000	0.539921	-1.147010	1.385443	0.000000	0.000000
477.500000	0.539925	-1.147008	1.385443	0.000000	0.000000
477.510000	0.539929	-1.147007	1.385443	0.000000	0.000000
477.520000	0.539932	-1.147007	1.385443	0.000000	0.000000
477.530000	0.539935	-1.147006	1.385444	0.000000	0.000000
477.540000	0.539937	-1.147005	1.385444	0.000000	0.000000
477.550000	0.539940	-1.147004	1.385444	0.000000	0.000000
477.560000	0.539944	-1.147001	1.385445	0.000000	0.000000
477.570000	0.539946	-1.146996	1.385446	0.000000	0.000000
477.580000	0.539949	-1.146991	1.385446	0.000000	0.000000
477.590000	0.539951	-1.146984	1.385447	0.000000	0.000000
477.600000	0.539952	-1.146977	1.385448	0.000000	0.000000
477.610000	0.539953	-1.146970	1.385449	0.000000	0.000000
477.620000	0.539955	-1.146962	1.385450	0.000000	0.000000
477.630000	0.539958	-1.146956	1.385452	0.000000	0.000000
477.640000	0.539960	-1.146950	1.385453	0.000000	0.000000
477.650000	0.539963	-1.146943	1.385454	0.000000	0.000000
477.660000	0.539965	-1.146936	1.385455	0.000000	0.000000
477.670000	0.539967	-1.146929	1.385456	0.000000	0.000000
477.680000	0.539969	-1.146921	1.385457	0.000000	0.000000
477.690000	0.539970	-1.146913	1.385459	0.000000	0.000000
477.700000	0.539972	-1.146906	1.385460	0.000000	0.000000
477.710000	0.539974	-1.146898	1.385461	0.000000	0.000000
477.720000	0.539976	-1.146891	1.385462	0.000000	0.000000
477.730000	0.539978	-1.146884	1.385464	0.000000	0.000000
477.740000	0.539979	-1.146876	1.385465	0.000000	0.000000
477.750000	0.539979	-1.146868	1.385466	0.000000	0.000000
477.760000	0.539979	-1.146860	1.385467	0.000000	0.000000
477.770000	0.539979	-1.146851	1.385468	0.000000	0.000000
477.780000	0.539979	-1.146842	1.385469	0.000000	0.000000
477.790000	0.539979	-1.146832	1.385470	0.000000	0.000000
477.800000	0.539979	-1.146820	1.385471	0.000000	0.000000
477.810000	0.539979	-1.146809	1.385473	0.000000	0.000000
477.820000	0.539981	-1.146801	1.385474	0.000000	0.000000
477.830000	0.539984	-1.146796	1.385475	0.000000	0.000000
477.840000	0.539987	-1.146793	1.385476	0.000000	0.000000
477.850000	0.539991	-1.146790	1.385477	0.000000	0.000000
477.860000	0.539995	-1.146788	1.385478	0.000000	0.000000
477.870000	0.539997	-1.146784	1.385479	0.000000	0.000000
477.880000	0.539998	-1.146778	1.385480	0.000000	0.000000
477.890000	0.540000	-1.146770	1.385481	0.000000	0.000000
477.900000	0.540001	-1.146761	1.385482	0.000000	0.000000
477.910000	0.540002	-1.146752	1.385483	0.000000	0.000000
477.920000	0.540003	-1.146742	1.385484	0.000000	0.000000
477.930000	0.540003	-1.146732	1.385485	0.000000	0.000000
477.940000	0.540004	-1.146720	1.385486	0.000000	0.000000
477.950000	0.540003	-1.146707	1.385488	0.000000	0.000000
477.960000	0.540003	-1.146695	1.385489	0.000000	0.000000
477.970000	0.540003	-1.146684	1.385490	0.000000	0.000000
477.980000	0.540004	-1.146675	1.385492	0.000000	0.000000
477.990000	0.540005	-1.146667	1.385494	0.000000	0.000000
478.000000	0.540006	-1.146659	1.385495	0.000000	0.000000
478.010000	0.540007	-1.146649	1.385497	0.000000	0.000000
478.020000	0.540006	-1.146639	1.385499	0.000000	0.000000
478.030000	0.540005	-1.146629	1.385501	0.000000	0.000000
478.040000	0.540004	-1.146619	1.385502	0.000000	0.000000
478.050000	0.540004	-1.146609	1.385504	0.000000	0.000000
478.060000	0.540004	-1.146599	1.385506	0.000000	0.000000
478.070000	0.540003	-1.146589	1.385508	0.000000	0.000000
478.080000	0.540002	-1.146579	1.385510	0.000000	0.000000
478.090000	0.540002	-1.146570	1.385513	0.000000	0.000000
478.100000	0.540002	-1.146561	1.385515	0.000000	0.000000
478.110000	0.540003	-1.146552	1.385517	0.000000	0.000000
478.120000	0.540002	-1.146543	1.385519	0.000000	0.000000
478.130000	0.540001	-1.146531	1.385521	0.000000	0.000000
478.140000	0.539999	-1.146518	1.385523	0.000000	0.000000
478.150000	0.539998	-1.146502	1.385525	0.000000	0.000000
478.160000	0.539996	-1.146485	1.385527	0.000000	0.000000
478.170000	0.539995	-1.146472	1.385529	0.000000	0.000000
478.180000	0.539996	-1.146464	1.385531	0.000000	0.000000
478.190000	0.539998	-1.146458	1.385533	0.000000	0.000000
478.200000	0.540000	-1.146453	1.385535	0.000000	0.000000
478.210000	0.540001	-1.146446	1.385537	0.000000	0.000000
478.220000	0.540002	-1.146438	1.385539	0.000000	0.000000
478.230000	0.540002	-1.146431	1.385541	0.000000	0.000000
478.240000	0.540003	-1.146425	1.385543	0.000000	0.000000
478.250000	0.540004	-1.146422	1.385545	0.000000	0.000000
478.260000	0.540005	-1.146420	1.385547	0.000000	0.000000
478.270000	0.540007	-1.146418	1.385549	0.000000	0.000000
478.280000	0.540007	-1.146414	1.385551	0.000000	0.000000
478.290000	0.540008	-1.146407	1.385553	0.000000	0.000000
478.300000	0.540008	-1.146397	1.385555	0.000000	0.000000
478.310000	0.540007	-1.146385	1.385557	0.000000	0.000000
478.320000	0.540007	-1.146372	1.385559	0.000000	0.000000
478.330000	0.540007	-1.146361	1.385560	0.000000	0.000000
478.340000	0.540008	-1.146353	1.385562	0.000000	0.000000
478.350000	0.540010	-1.146347	1.385564	0.000000	0.000000
478.360000	0.540011	-1.146342	1.385566	0.000000	0.000000
478.370000	0.540012	-1.146338	1.385567	0.000000	0.000000
478.380000	0.540013	-1.146333	1.385569	0.000000	0.000000
478.390000	0.540012	-1.146329	1.385571	0.000000	0.000000
478.400000	0.540012	-1.146323	1.385572	0.000000	0.000000
478.410000	0.540011	-1.146316	1.385574	0.000000	0.000000
478.420000	0.540009	-1.146306	1.385575	0.000000	0.000000
478.430000	0.540007	-1.146294	1.385577	0.000000	0.000000
478.440000	0.540005	-1.146281	1.385578	0.000000	0.000000
478.450000	0.540004	-1.146272	1.385580	0.000000	0.000000
478.460000	0.540005	-1.146265	1.385582	0.000000	0.000000
478.470000	0.540006	-1.146260	1.385583	0.000000	0.000000
478.480000	0.540007	-1.146255	1.385585	0.000000	0.000000
478.490000	0.540008	-1.146252	1.385586	0.000000	0.000000
478.500000	0.540009	-1.146249	1.385588	0.000000	0.000000
478.510000	0.540010	-1.146245	1.385589	0.000000	0.000000
478.520000	0.540011	-1.146240	1.385590	0.000000	0.000000
478.530000	0.540011	-1.146234	1.385592	0.000000	0.000000
478.540000	0.540012	-1.146228	1.385593	0.000000	0.000000
478.550000	0.540013	-1.146221	1.385594	0.000000	0.000000
478.560000	0.540014	-1.146215	1.385595	0.000000	0.000000
478.570000	0.540015	-1.146209	1.385596	0.000000	0.000000
478.580000	0.540017	-1.146203	1.385597	0.000000	0.000000
478.590000	0.540018	-1.146195	1.385597	0.000000	0.000000
478.600000	0.540020	-1.146186	1.385598	0.000000	0.000000
478.610000	0.540022	-1.146175	1.385598	0.000000	0.000000
478.620000	0.540024	-1.146164	1.385598	0.000000	0.000000
478.630000	0.540028	-1.146155	1.385599	0.000000	0.000000
478.640000	0.540032	-1.146149	1.385599	0.000000	0.000000
478.650000	0.540037	-1.146145	1.385599	0.000000	0.000000
478.660000	0.540043	-1.146145	1.385599	0.000000	0.000000
478.670000	0.540050	-1.146148	1.385599	0.000000	0.000000
478.680000	0.540058	-1.146150	1.385598	0.000000	0.000000
478.690000	0.540065	-1.146148	1.385598	0.000000	0.000000
478.700000	0.540069	-1.146140	1.385598	0.000000	0.000000
478.710000	0.540073	-1.146128	1.385598	0.000000	0.000000
478.720000	0.540077	-1.146119	1.385598	0.000000	0.000000
478.730000	0.540082	-1.146112	1.385598	0.000000	0.000000
478.740000	0.540087	-1.146105	1.385598	0.000000	0.000000
478.750000	0.540091	-1.146097	1.385598	0.000000	0.000000
478.760000	0.540095	-1.146088	1.385598	0.000000	0.000000
478.770000	0.540099	-1.146079	1.385598	0.000000	0.000000
478.780000	0.540104	-1.146070	1.385598	0.000000	0.000000
478.790000	0.540108	-1.146061	1.385598	0.000000	0.000000
478.800000	0.540111	-1.146049	1.385599	0.000000	0.000000
478.810000	0.540114	-1.146037	1.385599	0.000000	0.000000
478.820000	0.540118	-1.146025	1.385600	0.000000	0.000000
478.830000	0.540122	-1.146015	1.385600	0.000000	0.000000
478.840000	0.540127	-1.146007	1.385601	0.000000	0.000000
478.850000	0.540132	-1.146002	1.385601	0.000000	0.000000
478.860000	0.540137	-1.145999	1.385602	0.000000	0.000000
478.870000	0.540142	-1.145996	1.385603	0.000000	0.000000
478.880000	0.540146	-1.145993	1.385604	0.000000	0.000000
478.890000	0.540151	-1.145990	1.385605	0.000000	0.000000
478.900000	0.540154	-1.145987	1.385606	0.000000	0.000000
478.910000	0.540158	-1.145983	1.385607	0.000000	0.000000
478.920000	0.540161	-1.145979	1.385608	0.000000	0.000000
478.930000	0.540163	-1.145974	1.385609	0.000000	0.000000
478.940000	0.540164	-1.145969	1.385610	0.000000	0.000000
478.950000	0.540166	-1.145964	1.385611	0.000000	0.000000
478.960000	0.540167	-1.145959	1.385612	0.000000	0.000000
478.970000	0.540169	-1.145958	1.385614	0.000000	0.000000
478.980000	0.540171	-1.145959	1.385615	0.000000	0.000000
478.990000	0.540175	-1.145963	1.385616	0.000000	0.000000
479.000000	0.540178	-1.145967	1.385618	0.000000	0.000000
479.010000	0.540181	-1.145971	1.385619	0.000000	0.000000
479.020000	0.540184	-1.145970	1.385621	0.000000	0.000000
479.030000	0.540185	-1.145966	1.385623	0.000000	0.000000
479.040000	0.540185	-1.145961	1.385625	0.000000	0.000000
479.050000	0.540186	-1.145957	1.385626	0.000000	0.000000
479.060000	0.540188	-1.145957	1.385629	0.000000	0.000000
479.070000	0.540190	-1.145958	1.385631	0.000000	0.000000
479.080000	0.540190	-1.145959	1.385633	0.000000	0.000000
479.090000	0.540190	-1.145957	1.385636	0.000000	0.000000
479.100000	0.540189	-1.145953	1.385638	0.000000	0.000000
479.110000	0.540187	-1.145946	1.385641	0.000000	0.000000
479.120000	0.540184	-1.145937	1.385644	0.000000	0.000000
479.130000	0.540181	-1.145927	1.385646	0.000000	0.000000
479.140000	0.540177	-1.145919	1.385649	0.000000	0.000000
479.150000	0.540174	-1.145911	1.385652	0.000000	0.000000
479.160000	0.540172	-1.145905	1.385655	0.000000	0.000000
479.170000	0.540169	-1.145898	1.385658	0.000000	0.000000
479.180000	0.540167	-1.145892	1.385661	0.000000	0.000000
479.190000	0.540164	-1.145887	1.385663	0.000000	0.000000
479.200000	0.540162	-1.145882	1.385666	0.000000	0.000000
479.210000	0.540159	-1.145878	1.385669	0.000000	0.000000
479.220000	0.540156	-1.145873	1.385672	0.000000	0.000000
479.230000	0.540153	-1.145869	1.385674	0.000000	0.000000
479.240000	0.540151	-1.145866	1.385677	0.000000	0.000000
479.250000	0.540148	-1.145865	1.385679	0.000000	0.000000
479.260000	0.540147	-1.145866	1.385682	0.000000	0.000000
479.270000	0.540147	-1.145868	1.385684	0.000000	0.000000
479.280000	0.540146	-1.145869	1.385687	0.000000	0.000000
479.290000	0.540146	-1.145869	1.385689	0.000000	0.000000
479.300000	0.540145	-1.145867	1.385691	0.000000	0.000000
479.310000	0.540144	-1.145866	1.385694	0.000000	0.000000
479.320000	0.540144	-1.145869	1.385696	0.000000	0.000000
479.330000	0.540143	-1.145873	1.385698	0.000000	0.000000
479.340000	0.540142	-1.145877	1.385701	0.000000	0.000000
479.350000	0.540141	-1.145879	1.385703	0.000000	0.000000
479.360000	0.540139	-1.145880	1.385705	0.000000	0.000000
479.370000	0.540137	-1.145880	1.385707	0.000000	0.000000
479.380000	0.540135	-1.145881	1.385710	0.000000	0.000000
479.390000	0.540134	-1.145883	1.385712	0.000000	0.000000
479.400000	0.540132	-1.145887	1.385714	0.000000	0.000000
479.410000	0.540132	-1.145892	1.385716	0.000000	0.000000
479.420000	0.540131	-1.145897	1.385718	0.000000	0.000000
479.430000	0.540130	-1.145900	1.385720	0.000000	0.000000
479.440000	0.540129	-1.145902	1.385721	0.000000	0.000000
479.450000	0.540128	-1.145902	1.385723	0.000000	0.000000
479.460000	0.540127	-1.145900	1.385725	0.000000	0.000000
479.470000	0.540127	-1.145898	1.385726	0.000000	0.000000
479.480000	0.540126	-1.145898	1.385728	0.000000	0.000000
479.490000	0.540126	-1.145899	1.385729	0.000000	0.000000
479.500000	0.540126	-1.145901	1.385730	0.000000	0.000000
479.510000	0.540126	-1.145903	1.385731	0.000000	0.000000
479.520000	0.540126	-1.145907	1.385732	0.000000	0.000000
479.530000	0.540126	-1.145910	1.385733	0.000000	0.000000
479.540000	0.540126	-1.145914	1.385734	0.000000	0.000000
479.550000	0.540126	-1.145917	1.385735	0.000000	0.000000
479.560000	0.540126	-1.145921	1.385736	0.000000	0.000000
479.570000	0.540126	-1.145925	1.385737	0.000000	0.000000
479.580000	0.540127	-1.145929	1.385737	0.000000	0.000000
479.590000	0.540128	-1.145934	1.385738	0.000000	0.000000
479.600000	0.540128	-1.145938	1.385739	0.000000	0.000000
479.610000	0.540129	-1.145942	1.385739	0.000000	0.000000
479.620000	0.540129	-1.145943	1.385739	0.000000	0.000000
479.630000	0.540127	-1.145943	1.385739	0.000000	0.000000
479.640000	0.540124	-1.145941	1.385740	0.000000	0.000000
479.650000	0.540121	-1.145939	1.385740	0.000000	0.000000
479.660000	0.540119	-1.145938	1.385739	0.000000	0.000000
479.670000	0.540116	-1.145939	1.385739	0.000000	0.000000
479.680000	0.540115	-1.145942	1.385739	0.000000	0.000000
479.690000	0.540114	-1.145945	1.385739	0.000000	0.000000
479.700000	0.540114	-1.145949	1.385738	0.000000	0.000000
479.710000	0.540114	-1.145955	1.385738	0.000000	0.000000
479.720000	0.540115	-1.145963	1.385737	0.000000	0.000000
479.730000	0.540117	-1.145974	1.385736	0.000000	0.000000
479.740000	0.540120	-1.145987	1.385735	0.000000	0.000000
479.750000	0.540124	-1.146000	1.385735	0.000000	0.000000
479.760000	0.540127	-1.146012	1.385734	0.000000	0.000000
479.770000	0.540129	-1.146025	1.385733	0.000000	0.000000
479.780000	0.540131	-1.146037	1.385731	0.000000	0.000000
479.790000	0.540133	-1.146050	1.385730	0.000000	0.000000
479.800000	0.540136	-1.146064	1.385729	0.000000	0.000000
479.810000	0.540138	-1.146078	1.385728	0.000000	0.000000
479.820000	0.540141	-1.146091	1.385726	0.000000	0.000000
479.830000	0.540143	-1.146104	1.385725	0.000000	0.000000
479.840000	0.540145	-1.146115	1.385723	0.000000	0.000000
479.850000	0.540147	-1.146125	1.385722	0.000000	0.000000
479.860000	0.540149	-1.146135	1.385720	0.000000	0.000000
479.870000	0.540150	-1.146144	1.385719	0.000000	0.000000
479.880000	0.540151	-1.146153	1.385717	0.000000	0.000000
479.890000	0.540151	-1.146160	1.385716	0.000000	0.000000
479.900000	0.540151	-1.146165	1.385714	0.000000	0.000000
479.910000	0.540150	-1.146169	1.385713	0.000000	0.000000
479.920000	0.540149	-1.146173	1.385711	0.000000	0.000000
479.930000	0.540148	-1.146178	1.385710	0.000000	0.000000
479.940000	0.540146	-1.146183	1.385708	0.000000	0.000000
479.950000	0.540146	-1.146188	1.385707	0.000000	0.000000
479.960000	0.540145	-1.146196	1.385706	0.000000	0.000000
479.970000	0.540145	-1.146205	1.385704	0.000000	0.000000
479.980000	0.540146	-1.146215	1.385703	0.000000	0.000000
479.990000	0.540147	-1.146226	1.385702	0.000000	0.000000
480.000000	0.540148	-1.146236	1.385701	0.000000	0.000000
480.010000	0.540148	-1.146244	1.385700	0.000000	0.000000
480.020000	0.540147	-1.146251	1.385699	0.000000	0.000000
480.030000	0.540147	-1.146256	1.385698	0.000000	0.000000
480.040000	0.540146	-1.146260	1.385697	0.000000	0.000000
480.050000	0.540145	-1.146263	1.385696	0.000000	0.000000
480.060000	0.540143	-1.146265	1.385695	0.000000	0.000000
480.070000	0.540142	-1.146267	1.385694	0.000000	0.000000
480.080000	0.540142	-1.146270	1.385693	0.000000	0.000000
480.090000	0.540143	-1.146275	1.385692	0.000000	0.000000
480.100000	0.540144	-1.146279	1.385691	0.000000	0.000000
480.110000	0.540146	-1.146285	1.385690	0.000000	0.000000
480.120000	0.540147	-1.146289	1.385690	0.000000	0.000000
480.130000	0.540148	-1.146293	1.385689	0.000000	0.000000
480.140000	0.540148	-1.146294	1.385688	0.000000	0.000000
480.150000	0.540148	-1.146294	1.385688	0.000000	0.000000
480.160000	0.540148	-1.146294	1.385687	0.000000	0.000000
480.170000	0.540149	-1.146293	1.385686	0.000000	0.000000
480.180000	0.540149	-1.146292	1.385686	0.000000	0.000000
480.190000	0.540149	-1.146292	1.385685	0.000000	0.000000
480.200000	0.540148	-1.146294	1.385685	0.000000	0.000000
480.210000	0.540147	-1.146295	1.385684	0.000000	0.000000
480.220000	0.540147	-1.146297	1.385684	0.000000	0.000000
480.230000	0.540147	-1.146298	1.385683	0.000000	0.000000
480.240000	0.540147	-1.146298	1.385683	0.000000	0.000000
480.250000	0.540146	-1.146297	1.385682	0.000000	0.000000
480.260000	0.540146	-1.146297	1.385682	0.000000	0.000000
480.270000	0.540146	-1.146297	1.385681	0.000000	0.000000
480.280000	0.540147	-1.146298	1.385681	0.000000	0.000000
480.290000	0.540148	-1.146300	1.385680	0.000000	0.000000
480.300000	0.540149	-1.146303	1.385679	0.000000	0.000000
480.310000	0.540149	-1.146305	1.385679	0.000000	0.000000
480.320000	0.540150	-1.146306	1.385678	0.000000	0.000000
480.330000	0.540152	-1.146307	1.385677	0.000000	0.000000
480.340000	0.540154	-1.146307	1.385676	0.000000	0.000000
480.350000	0.540155	-1.146308	1.385675	0.000000	0.000000
480.360000	0.540157	-1.146309	1.385674	0.000000	0.000000
480.370000	0.540160	-1.146312	1.385673	0.000000	0.000000
480.380000	0.540162	-1.146314	1.385672	0.000000	0.000000
480.390000	0.540164	-1.146317	1.385671	0.000000	0.000000
480.400000	0.540167	-1.146319	1.385669	0.000000	0.000000
480.410000	0.540170	-1.146321	1.385668	0.000000	0.000000
480.420000	0.540174	-1.146324	1.385666	0.000000	0.000000
480.430000	0.540176	-1.146327	1.385665	0.000000	0.000000
480.440000	0.540179	-1.146331	1.385663	0.000000	0.000000
480.450000	0.540182	-1.146336	1.385661	0.000000	0.000000
480.460000	0.540185	-1.146341	1.385660	0.000000	0.000000
480.470000	0.540189	-1.146347	1.385658	0.000000	0.000000
480.480000	0.540192	-1.146353	1.385656	0.000000	0.000000
480.490000	0.540196	-1.146361	1.385654	0.000000	0.000000
480.500000	0.540199	-1.146369	1.385652	0.000000	0.000000
480.510000	0.540204	-1.146379	1.385650	0.000000	0.000000
480.520000	0.540208	-1.146389	1.385648	0.000000	0.000000
480.530000	0.540212	-1.146398	1.385646	0.000000	0.000000
480.540000	0.540216	-1.146407	1.385643	0.000000	0.000000
480.550000	0.540218	-1.146415	1.385641	0.000000	0.000000
480.560000	0.540221	-1.146424	1.385639	0.000000	0.000000
480.570000	0.540224	-1.146433	1.385636	0.000000	0.000000
480.580000	0.540227	-1.146443	1.385634	0.000000	0.000000
480.590000	0.540230	-1.146451	1.385632	0.000000	0.000000
480.600000	0.540233	-1.146456	1.385629	0.000000	0.000000
480.610000	0.540234	-1.146456	1.385626	0.000000	0.000000
480.620000	0.540235	-1.146455	1.385624	0.000000	0.000000
480.630000	0.540236	-1.146454	1.385621	0.000000	0.000000
480.640000	0.540237	-1.146455	1.385619	0.000000	0.000000
480.650000	0.540238	-1.146458	1.385616	0.000000	0.000000
480.660000	0.540239	-1.146461	1.385614	0.000000	0.000000
480.670000	0.540240	-1.146465	1.385611	0.000000	0.000000
480.680000	0.540242	-1.146470	1.385609	0.000000	0.000000
480.690000	0.540245	-1.146477	1.385606	0.000000	0.000000
480.700000	0.540248	-1.146486	1.385604	0.000000	0.000000
480.710000	0.540252	-1.146494	1.385602	0.000000	0.000000
480.720000	0.540256	-1.146503	1.385600	0.000000	0.000000
480.730000	0.540258	-1.146513	1.385597	0.000000	0.000000
480.740000	0.540261	-1.146523	1.385595	0.000000	0.000000
480.750000	0.540263	-1.146534	1.385593	0.000000	0.000000
480.760000	0.540265	-1.146543	1.385591	0.000000	0.000000
480.770000	0.540267	-1.146549	1.385589	0.000000	0.000000
480.780000	0.540269	-1.146553	1.385587	0.000000	0.000000
480.790000	0.540271	-1.146559	1.385585	0.000000	0.000000
480.800000	0.540272	-1.146566	1.385583	0.000000	0.000000
480.810000	0.540274	-1.146577	1.385581	0.000000	0.000000
480.820000	0.540278	-1.146588	1.385579	0.000000	0.000000
480.830000	0.540280	-1.146600	1.385577	0.000000	0.000000
480.840000	0.540282	-1.146610	1.385575	0.000000	0.000000
480.850000	0.540284	-1.146619	1.385573	0.000000	0.000000
480.860000	0.540285	-1.146627	1.385570	0.000000	0.000000
480.870000	0.540286	-1.146632	1.385568	0.000000	0.000000
480.880000	0.540287	-1.146638	1.385566	0.000000	0.000000
480.890000	0.540290	-1.146646	1.385564	0.000000	0.000000
480.900000	0.540293	-1.146654	1.385562	0.000000	0.000000
480.910000	0.540299	-1.146664	1.385561	0.000000	0.000000
480.920000	0.540304	-1.146675	1.385559	0.000000	0.000000
480.930000	0.540310	-1.146687	1.385557	0.000000	0.000000
480.940000	0.540316	-1.146699	1.385555	0.000000	0.000000
480.950000	0.540321	-1.146711	1.385554	0.000000	0.000000
480.960000	0.540327	-1.146722	1.385552	0.000000	0.000000
480.970000	0.540331	-1.146731	1.385551	0.000000	0.000000
480.980000	0.540335	-1.146737	1.385549	0.000000	0.000000
480.990000	0.540338	-1.146742	1.385548	0.000000	0.000000
481.000000	0.540340	-1.146745	1.385546	0.000000	0.000000
481.010000	0.540342	-1.146747	1.385545	0.000000	0.000000
481.020000	0.540343	-1.146750	1.385544	0.000000	0.000000
481.030000	0.540344	-1.146751	1.385542	0.000000	0.000000
481.040000	0.540346	-1.146750	1.385541	0.000000	0.000000
481.050000	0.540347	-1.146747	1.385540	0.000000	0.000000
481.060000	0.540347	-1.146743	1.385538	0.000000	0.000000
481.070000	0.540348	-1.146742	1.385537	0.000000	0.000000
481.080000	0.540350	-1.146743	1.385536	0.000000	0.000000
481.090000	0.540352	-1.146747	1.385534	0.000000	0.000000
481.100000	0.540354	-1.146752	1.385533	0.000000	0.000000
481.110000	0.540356	-1.146756	1.385531	0.000000	0.000000
481.120000	0.540357	-1.146759	1.385530	0.000000	0.000000
481.130000	0.540358	-1.146762	1.385529	0.000000	0.000000
481.140000	0.540359	-1.146765	1.385527	0.000000	0.000000
481.150000	0.540361	-1.146770	1.385526	0.000000	0.000000
481.160000	0.540364	-1.146777	1.385524	0.000000	0.000000
481.170000	0.540367	-1.146785	1.385523	0.000000	0.000000
481.180000	0.540369	-1.146794	1.385521	0.000000	0.000000
481.190000	0.540371	-1.146803	1.385520	0.000000	0.000000
481.200000	0.540373	-1.146811	1.385518	0.000000	0.000000
481.210000	0.540375	-1.146817	1.385517	0.000000	0.000000
481.220000	0.540377	-1.146820	1.385515	0.000000	0.000000
481.230000	0.540379	-1.146822	1.385514	0.000000	0.000000
481.240000	0.540381	-1.146824	1.385512	0.000000	0.000000
481.250000	0.540384	-1.146828	1.385511	0.000000	0.000000
481.260000	0.540387	-1.146831	1.385510	0.000000	0.000000
481.270000	0.540389	-1.146834	1.385508	0.000000	0.000000
481.280000	0.540390	-1.146835	1.385507	0.000000	0.000000
481.290000	0.540391	-1.146833	1.385506	0.000000	0.000000
481.300000	0.540393	-1.146831	1.385505	0.000000	0.000000
481.310000	0.540394	-1.146828	1.385503	0.000000	0.000000
481.320000	0.540394	-1.146827	1.385502	0.000000	0.000000
481.330000	0.540395	-1.146826	1.385501	0.000000	0.000000
481.340000	0.540396	-1.146827	1.385500	0.000000	0.000000
481.350000	0.540397	-1.146828	1.385498	0.000000	0.000000
481.360000	0.540398	-1.146830	1.385497	0.000000	0.000000
481.370000	0.540399	-1.146830	1.385496	0.000000	0.000000
481.380000	0.540400	-1.146829	1.385494	0.000000	0.000000
481.390000	0.540401	-1.146830	1.385493	0.000000	0.000000
481.400000	0.540404	-1.146833	1.385492	0.000000	0.000000
481.410000	0.540408	-1.146839	1.385490	0.000000	0.000000
481.420000	0.540412	-1.146847	1.385489	0.000000	0.000000
481.430000	0.540416	-1.146854	1.385488	0.000000	0.000000
481.440000	0.540421	-1.146859	1.385487	0.000000	0.000000
481.450000	0.540424	-1.146861	1.385485	0.000000	0.000000
481.460000	0.540425	-1.146861	1.385484	0.000000	0.000000
481.470000	0.540426	-1.146857	1.385483	0.000000	0.000000
481.480000	0.540427	-1.146853	1.385482	0.000000	0.000000
481.490000	0.540427	-1.146848	1.385481	0.000000	0.000000
481.500000	0.540427	-1.146844	1.385480	0.000000	0.000000
481.510000	0.540428	-1.146840	1.385479	0.000000	0.000000
481.520000	0.540428	-1.146838	1.385479	0.000000	0.000000
481.530000	0.540428	-1.146837	1.385478	0.000000	0.000000
481.540000	0.540428	-1.146837	1.385478	0.000000	0.000000
481.550000	0.540428	-1.146836	1.385477	0.000000	0.000000
481.560000	0.540427	-1.146834	1.385477	0.000000	0.000000
481.570000	0.540427	-1.146831	1.385476	0.000000	0.000000
481.580000	0.540426	-1.146828	1.385476	0.000000	0.000000
481.590000	0.540426	-1.146822	1.385476	0.000000	0.000000
481.600000	0.540425	-1.146816	1.385475	0.000000	0.000000
481.610000	0.540425	-1.146810	1.385475	0.000000	0.000000
481.620000	0.540424	-1.146806	1.385475	0.000000	0.000000
481.630000	0.540423	-1.146803	1.385475	0.000000	0.000000
481.640000	0.540423	-1.146802	1.385475	0.000000	0.000000
481.650000	0.540422	-1.146803	1.385474	0.000000	0.000000
481.660000	0.540422	-1.146805	1.385474	0.000000	0.000000
481.670000	0.540422	-1.146807	1.385474	0.000000	0.000000
481.680000	0.540422	-1.146809	1.385474	0.000000	0.000000
481.690000	0.540422	-1.146810	1.385474	0.000000	0.000000
481.700000	0.540422	-1.146810	1.385473	0.000000	0.000000
481.710000	0.540421	-1.146809	1.385473	0.000000	0.000000
481.720000	0.540420	-1.146807	1.385472	0.000000	0.000000
481.730000	0.540418	-1.146804	1.385472	0.000000	0.000000
481.740000	0.540416	-1.146801	1.385471	0.000000	0.000000
481.750000	0.540415	-1.146799	1.385471	0.000000	0.000000
481.760000	0.540415	-1.146799	1.385470	0.000000	0.000000
481.770000	0.540415	-1.146802	1.385469	0.000000	0.000000
481.780000	0.540417	-1.146807	1.385469	0.000000	0.000000
481.790000	0.540417	-1.146812	1.385468	0.000000	0.000000
481.800000	0.540417	-1.146817	1.385468	0.000000	0.000000
481.810000	0.540418	-1.146822	1.385467	0.000000	0.000000
481.820000	0.540418	-1.146827	1.385466	0.000000	0.000000
481.830000	0.540418	-1.146833	1.385466	0.000000	0.000000
481.840000	0.540419	-1.146839	1.385465	0.000000	0.000000
481.850000	0.540419	-1.146845	1.385465	0.000000	0.000000
481.860000	0.540419	-1.146850	1.385464	0.000000	0.000000
481.870000	0.540420	-1.146856	1.385463	0.000000	0.000000
481.880000	0.540421	-1.146860	1.385463	0.000000	0.000000
481.890000	0.540421	-1.146863	1.385462	0.000000	0.000000
481.900000	0.540421	-1.146862	1.385461	0.000000	0.000000
481.910000	0.540419	-1.146860	1.385460	0.000000	0.000000
481.920000	0.540417	-1.146858	1.385460	0.000000	0.000000
481.930000	0.540415	-1.146856	1.385459	0.000000	0.000000
481.940000	0.540414	-1.146856	1.385458	0.000000	0.000000
481.950000	0.540412	-1.146855	1.385456	0.000000	0.000000
481.960000	0.540409	-1.146855	1.385455	0.000000	0.000000
481.970000	0.540408	-1.146856	1.385454	0.000000	0.000000
481.980000	0.540406	-1.146858	1.385452	0.000000	0.000000
481.990000	0.540406	-1.146862	1.385450	0.000000	0.000000
482.000000	0.540406	-1.146867	1.385449	0.000000	0.000000
482.010000	0.540406	-1.146871	1.385447	0.000000	0.000000
482.020000	0.540405	-1.146874	1.385445	0.000000	0.000000
482.030000	0.540404	-1.146875	1.385442	0.000000	0.000000
482.040000	0.540403	-1.146875	1.385440	0.000000	0.000000
482.050000	0.540403	-1.146875	1.385437	0.000000	0.000000
482.060000	0.540402	-1.146876	1.385435	0.000000	0.000000
482.070000	0.540402	-1.146880	1.385432	0.000000	0.000000
482.080000	0.540401	-1.146885	1.385430	0.000000	0.000000
482.090000	0.540400	-1.146890	1.385427	0.000000	0.000000
482.100000	0.540400	-1.146896	1.385425	0.000000	0.000000
482.110000	0.540400	-1.146904	1.385422	0.000000	0.000000
482.120000	0.540400	-1.146913	1.385419	0.000000	0.000000
482.130000	0.540401	-1.146924	1.385417	0.000000	0.000000
482.140000	0.540403	-1.146936	1.385414	0.000000	0.000000
482.150000	0.540406	-1.146946	1.385412	0.000000	0.000000
482.160000	0.540408	-1.146955	1.385409	0.000000	0.000000
482.170000	0.540410	-1.146961	1.385406	0.000000	0.000000
482.180000	0.540410	-1.146965	1.385404	0.000000	0.000000
482.190000	0.540409	-1.146965	1.385401	0.000000	0.000000
482.200000	0.540408	-1.146963	1.385398	0.000000	0.000000
482.210000	0.540407	-1.146962	1.385395	0.000000	0.000000
482.220000	0.540406	-1.146962	1.385393	0.000000	0.000000
482.230000	0.540405	-1.146963	1.385390	0.000000	0.000000
482.240000	0.540405	-1.146965	1.385387	0.000000	0.000000
482.250000	0.540405	-1.146967	1.385384	0.000000	0.000000
482.260000	0.540405	-1.146966	1.385381	0.000000	0.000000
482.270000	0.540403	-1.146962	1.385378	0.000000	0.000000
482.280000	0.540400	-1.146956	1.385375	0.000000	0.000000
482.290000	0.540396	-1.146948	1.385371	0.000000	0.000000
482.300000	0.540394	-1.146942	1.385368	0.000000	0.000000
482.310000	0.540391	-1.146940	1.385365	0.000000	0.000000
482.320000	0.540389	-1.146940	1.385362	0.000000	0.000000
482.330000	0.540389	-1.146942	1.385358	0.000000	0.000000
482.340000	0.540388	-1.146947	1.385355	0.000000	0.000000
482.350000	0.540389	-1.146954	1.385352	0.000000	0.000000
482.360000	0.540391	-1.146963	1.385348	0.000000	0.000000
482.370000	0.540392	-1.146972	1.385345	0.000000	0.000000
482.380000	0.540393	-1.146980	1.385342	0.000000	0.000000
482.390000	0.540394	-1.146987	1.385338	0.000000	0.000000
482.400000	0.540393	-1.146992	1.385335	0.000000	0.000000
482.410000	0.540392	-1.146994	1.385331	0.000000	0.000000
482.420000	0.540390	-1.146994	1.385328	0.000000	0.000000
482.430000	0.540388	-1.146992	1.385324	0.000000	0.000000
482.440000	0.540385	-1.146988	1.385320	0.000000	0.000000
482.450000	0.540382	-1.146984	1.385317	0.000000	0.000000
482.460000	0.540380	-1.146981	1.385313	0.000000	0.000000
482.470000	0.540378	-1.146981	1.385309	0.000000	0.000000
482.480000	0.540376	-1.146982	1.385305	0.000000	0.000000
482.490000	0.540375	-1.146984	1.385302	0.000000	0.000000
482.500000	0.540373	-1.146988	1.385298	0.000000	0.000000
482.510000	0.540373	-1.146994	1.385294	0.000000	0.000000
482.520000	0.540373	-1.147002	1.385290	0.000000	0.000000
482.530000	0.540372	-1.147010	1.385286	0.000000	0.000000
482.540000	0.540371	-1.147020	1.385282	0.000000	0.000000
482.550000	0.540370	-1.147030	1.385278	0.000000	0.000000
482.560000	0.540369	-1.147041	1.385273	0.000000	0.000000
482.570000	0.540368	-1.147052	1.385269	0.000000	0.000000
482.580000	0.540367	-1.147062	1.385265	0.000000	0.000000
482.590000	0.540365	-1.147071	1.385260	0.000000	0.000000
482.600000	0.540363	-1.147080	1.385256	0.000000	0.000000
482.610000	0.540362	-1.147088	1.385252	0.000000	0.000000
482.620000	0.540360	-1.147098	1.385247	0.000000	0.000000
482.630000	0.540359	-1.147108	1.385243	0.000000	0.000000
482.640000	0.540357	-1.147119	1.385238	0.000000	0.000000
482.650000	0.540357	-1.147131	1.385234	0.000000	0.000000
482.660000	0.540356	-1.147144	1.385230	0.000000	0.000000
482.670000	0.540355	-1.147158	1.385225	0.000000	0.000000
482.680000	0.540355	-1.147173	1.385221	0.000000	0.000000
482.690000	0.540354	-1.147188	1.385217	0.000000	0.000000
482.700000	0.540354	-1.147204	1.385213	0.000000	0.000000
482.710000	0.540354	-1.147221	1.385208	0.000000	0.000000
482.720000	0.540354	-1.147236	1.385204	0.000000	0.000000
482.730000	0.540353	-1.147251	1.385200	0.000000	0.000000
482.740000	0.540351	-1.147265	1.385196	0.000000	0.000000
482.750000	0.540349	-1.147276	1.385192	0.000000	0.000000
482.760000	0.540346	-1.147286	1.385189	0.000000	0.000000
482.770000	0.540342	-1.147294	1.385185	0.000000	0.000000
482.780000	0.540338	-1.147302	1.385181	0.000000	0.000000
482.790000	0.540334	-1.147310	1.385177	0.000000	0.000000
482.800000	0.540330	-1.147320	1.385173	0.000000	0.000000
482.810000	0.540326	-1.147330	1.385169	0.000000	0.000000
482.820000	0.540323	-1.147341	1.385165	0.000000	0.000000
482.830000	0.540321	-1.147353	1.385162	0.000000	0.000000
482.840000	0.540319	-1.147370	1.385158	0.000000	0.000000
482.850000	0.540318	-1.147389	1.385154	0.000000	0.000000
482.860000	0.540318	-1.147408	1.385150	0.000000	0.000000
482.870000	0.540317	-1.147426	1.385146	0.000000	0.000000
482.880000	0.540315	-1.147442	1.385142	0.000000	0.000000
482.890000	0.540312	-1.147456	1.385138	0.000000	0.000000
482.900000	0.540310	-1.147471	1.385134	0.000000	0.000000
482.910000	0.540307	-1.147486	1.385130	0.000000	0.000000
482.920000	0.540306	-1.147501	1.385126	0.000000	0.000000
482.930000	0.540304	-1.147516	1.385122	0.000000	0.000000
482.940000	0.540303	-1.147530	1.385118	0.000000	0.000000
482.950000	0.540301	-1.147545	1.385115	0.000000	0.000000
482.960000	0.540300	-1.147560	1.385111	0.000000	0.000000
482.970000	0.540299	-1.147574	1.385107	0.000000	0.000000
482.980000	0.540298	-1.147588	1.385104	0.000000	0.000000
482.990000	0.540298	-1.147600	1.385100	0.000000	0.000000
483.000000	0.540296	-1.147612	1.385097	0.000000	0.000000
483.010000	0.540295	-1.147623	1.385093	0.000000	0.000000
483.020000	0.540294	-1.147635	1.385090	0.000000	0.000000
483.030000	0.540293	-1.147647	1.385087	0.000000	0.000000
483.040000	0.540293	-1.147659	1.385084	0.000000	0.000000
483.050000	0.540293	-1.147672	1.385081	0.000000	0.000000
483.060000	0.540292	-1.147685	1.385078	0.000000	0.000000
483.070000	0.540292	-1.147698	1.385076	0.000000	0.000000
483.080000	0.540291	-1.147710	1.385073	0.000000	0.000000
483.090000	0.540291	-1.147722	1.385070	0.000000	0.000000
483.100000	0.540290	-1.147733	1.385067	0.000000	0.000000
483.110000	0.540290	-1.147744	1.385065	0.000000	0.000000
483.120000	0.540289	-1.147755	1.385062	0.000000	0.000000
483.130000	0.540288	-1.147765	1.385059	0.000000	0.000000
483.140000	0.540287	-1.147775	1.385057	0.000000	0.000000
483.150000	0.540285	-1.147784	1.385054	0.000000	0.000000
483.160000	0.540283	-1.147792	1.385051	0.000000	0.000000
483.170000	0.540282	-1.147801	1.385048	0.000000	0.000000
483.180000	0.540281	-1.147810	1.385045	0.000000	0.000000
483.190000	0.540280	-1.147819	1.385042	0.000000	0.000000
483.200000	0.540279	-1.147829	1.385039	0.000000	0.000000
483.210000	0.540279	-1.147839	1.385036	0.000000	0.000000
483.220000	0.540278	-1.147850	1.385033	0.000000	0.000000
483.230000	0.540277	-1.147861	1.385031	0.000000	0.000000
483.240000	0.540276	-1.147871	1.385028	0.000000	0.000000
483.250000	0.540276	-1.147881	1.385025	0.000000	0.000000
483.260000	0.540276	-1.147891	1.385022	0.000000	0.000000
483.270000	0.540275	-1.147900	1.385019	0.000000	0.000000
483.280000	0.540274	-1.147907	1.385016	0.000000	0.000000
483.290000	0.540272	-1.147912	1.385013	0.000000	0.000000
483.300000	0.540270	-1.147916	1.385010	0.000000	0.000000
483.310000	0.540267	-1.147918	1.385007	0.000000	0.000000
483.320000	0.540264	-1.147921	1.385004	0.000000	0.000000
483.330000	0.540261	-1.147924	1.385001	0.000000	0.000000
483.340000	0.540259	-1.147929	1.384998	0.000000	0.000000
483.350000	0.540258	-1.147934	1.384995	0.000000	0.000000
483.360000	0.540257	-1.147941	1.384993	0.000000	0.000000
483.370000	0.540257	-1.147948	1.384990	0.000000	0.000000
483.380000	0.540257	-1.147956	1.384987	0.000000	0.000000
483.390000	0.540257	-1.147964	1.384985	0.000000	0.000000
483.400000	0.540257	-1.147972	1.384982	0.000000	0.000000
483.410000	0.540256	-1.147979	1.384980	0.000000	0.000000
483.420000	0.540256	-1.147984	1.384978	0.000000	0.000000
483.430000	0.540255	-1.147988	1.384976	0.000000	0.000000
483.440000	0.540253	-1.147990	1.384973	0.000000	0.000000
483.450000	0.540252	-1.147991	1.384971	0.000000	0.000000
483.460000	0.540250	-1.147992	1.384969	0.000000	0.000000
483.470000	0.540248	-1.147992	1.384967	0.000000	0.000000
483.480000	0.540246	-1.147993	1.384965	0.000000	0.000000
483.490000	0.540243	-1.147993	1.384964	0.000000	0.000000
483.500000	0.540242	-1.147995	1.384962	0.000000	0.000000
483.510000	0.540241	-1.147997	1.384960	0.000000	0.000000
483.520000	0.540239	-1.147999	1.384958	0.000000	0.000000
483.530000	0.540238	-1.148002	1.384957	0.000000	0.000000
483.540000	0.540236	-1.148003	1.384955	0.000000	0.000000
483.550000	0.540234	-1.148004	1.384954	0.000000	0.000000
483.560000	0.540232	-1.148004	1.384952	0.000000	0.000000
483.570000	0.540231	-1.148003	1.384951	0.000000	0.000000
483.580000	0.540230	-1.148004	1.384950	0.000000	0.000000
483.590000	0.540231	-1.148005	1.384949	0.000000	0.000000
483.600000	0.540231	-1.148008	1.384948	0.000000	0.000000
483.610000	0.540232	-1.148011	1.384947	0.000000	0.000000
483.620000	0.540233	-1.148014	1.384946	0.000000	0.000000
483.630000	0.540233	-1.148015	1.384945	0.000000	0.000000
483.640000	0.540233	-1.148016	1.384945	0.000000	0.000000
483.650000	0.540233	-1.148016	1.384944	0.000000	0.000000
483.660000	0.540232	-1.148014	1.384944	0.000000	0.000000
483.670000	0.540231	-1.148009	1.384944	0.000000	0.000000
483.680000	0.540229	-1.148002	1.384943	0.000000	0.000000
483.690000	0.540227	-1.147993	1.384943	0.000000	0.000000
483.700000	0.540225	-1.147984	1.384943	0.000000	0.000000
483.710000	0.540223	-1.147975	1.384943	0.000000	0.000000
483.720000	0.540221	-1.147967	1.384943	0.000000	0.000000
483.730000	0.540220	-1.147961	1.384943	0.000000	0.000000
483.740000	0.540218	-1.147955	1.384943	0.000000	0.000000
483.750000	0.540217	-1.147951	1.384943	0.000000	0.000000
483.760000	0.540216	-1.147948	1.384943	0.000000	0.000000
483.770000	0.540216	-1.147945	1.384943	0.000000	0.000000
483.780000	0.540214	-1.147942	1.384943	0.000000	0.000000
483.790000	0.540212	-1.147939	1.384943	0.000000	0.000000
483.800000	0.540210	-1.147936	1.384943	0.000000	0.000000
483.810000	0.540208	-1.147933	1.384944	0.000000	0.000000
483.820000	0.540208	-1.147932	1.384944	0.000000	0.000000
483.830000	0.540208	-1.147933	1.384944	0.000000	0.000000
483.840000	0.540208	-1.147934	1.384944	0.000000	0.000000
483.850000	0.540209	-1.147935	1.384944	0.000000	0.000000
483.860000	0.540210	-1.147935	1.384943	0.000000	0.000000
483.870000	0.540210	-1.147934	1.384943	0.000000	0.000000
483.880000	0.540209	-1.147932	1.384943	0.000000	0.000000
483.890000	0.540208	-1.147930	1.384943	0.000000	0.000000
483.900000	0.540207	-1.147928	1.384943	0.000000	0.000000
483.910000	0.540206	-1.147928	1.384943	0.000000	0.000000
483.920000	0.540205	-1.147928	1.384943	0.000000	0.000000
483.930000	0.540204	-1.147928	1.384943	0.000000	0.000000
483.940000	0.540202	-1.147925	1.384943	0.000000	0.000000
483.950000	0.540200	-1.147920	1.384942	0.000000	0.000000
483.960000	0.540197	-1.147915	1.384942	0.000000	0.000000
483.970000	0.540195	-1.147910	1.384942	0.000000	0.000000
483.980000	0.540194	-1.147905	1.384942	0.000000	0.000000
483.990000	0.540192	-1.147902	1.384942	0.000000	0.000000
484.000000	0.540192	-1.147904	1.384942	0.000000	0.000000
484.010000	0.540191	-1.147908	1.384941	0.000000	0.000000
484.020000	0.540192	-1.147914	1.384941	0.000000	0.000000
484.030000	0.540192	-1.147918	1.384941	0.000000	0.000000
484.040000	0.540191	-1.147922	1.384941	0.000000	0.000000
484.050000	0.540189	-1.147925	1.384941	0.000000	0.000000
484.060000	0.540188	-1.147927	1.384940	0.000000	0.000000
484.070000	0.540187	-1.147930	1.384940	0.000000	0.000000
484.080000	0.540186	-1.147934	1.384940	0.000000	0.000000
484.090000	0.540186	-1.147939	1.384940	0.000000	0.000000
484.100000	0.540185	-1.147945	1.384939	0.000000	0.000000
484.110000	0.540185	-1.147950	1.384939	0.000000	0.000000
484.120000	0.540184	-1.147956	1.384939	0.000000	0.000000
484.130000	0.540183	-1.147960	1.384938	0.000000	0.000000
484.140000	0.540182	-1.147963	1.384938	0.000000	0.000000
484.150000	0.540180	-1.147964	1.384937	0.000000	0.000000
484.160000	0.540177	-1.147964	1.384937	0.000000	0.000000
484.170000	0.540174	-1.147965	1.384936	0.000000	0.000000
484.180000	0.540172	-1.147967	1.384936	0.000000	0.000000
484.190000	0.540170	-1.147970	1.384936	0.000000	0.000000
484.200000	0.540167	-1.147975	1.384935	0.000000	0.000000
484.210000	0.540165	-1.147980	1.384935	0.000000	0.000000
484.220000	0.540163	-1.147985	1.384934	0.000000	0.000000
484.230000	0.540161	-1.147989	1.384933	0.000000	0.000000
484.240000	0.540159	-1.147993	1.384933	0.000000	0.000000
484.250000	0.540156	-1.147995	1.384932	0.000000	0.000000
484.260000	0.540154	-1.147996	1.384932	0.000000	0.000000
484.270000	0.540151	-1.147995	1.384931	0.000000	0.000000
484.280000	0.540148	-1.147995	1.384930	0.000000	0.000000
484.290000	0.540145	-1.147995	1.384930	0.000000	0.000000
484.300000	0.540143	-1.147996	1.384929	0.000000	0.000000
484.310000	0.540140	-1.147998	1.384928	0.000000	0.000000
484.320000	0.540138	-1.148001	1.384928	0.000000	0.000000
484.330000	0.540136	-1.148003	1.384927	0.000000	0.000000
484.340000	0.540135	-1.148005	1.384926	0.000000	0.000000
484.350000	0.540133	-1.148006	1.384925	0.000000	0.000000
484.360000	0.540131	-1.148007	1.384924	0.000000	0.000000
484.370000	0.540129	-1.148008	1.384923	0.000000	0.000000
484.380000	0.540128	-1.148010	1.384922	0.000000	0.000000
484.390000	0.540128	-1.148014	1.384920	0.000000	0.000000
484.400000	0.540127	-1.148018	1.384919	0.000000	0.000000
484.410000	0.540126	-1.148023	1.384918	0.000000	0.000000
484.420000	0.540125	-1.148029	1.384917	0.000000	0.000000
484.430000	0.540123	-1.148034	1.384915	0.000000	0.000000
484.440000	0.540122	-1.148040	1.384914	0.000000	0.000000
484.450000	0.540120	-1.148044	1.384912	0.000000	0.000000
484.460000	0.540118	-1.148048	1.384910	0.000000	0.000000
484.470000	0.540116	-1.148051	1.384909	0.000000	0.000000
484.480000	0.540114	-1.148054	1.384907	0.000000	0.000000
484.490000	0.540112	-1.148057	1.384905	0.000000	0.000000
484.500000	0.540111	-1.148062	1.384904	0.000000	0.000000
484.510000	0.540110	-1.148069	1.384902	0.000000	0.000000
484.520000	0.540111	-1.148079	1.384900	0.000000	0.000000
484.530000	0.540113	-1.148088	1.384898	0.000000	0.000000
484.540000	0.540114	-1.148097	1.384897	0.000000	0.000000
484.550000	0.540115	-1.148104	1.384895	0.000000	0.000000
484.560000	0.540116	-1.148109	1.384893	0.000000	0.000000
484.570000	0.540116	-1.148110	1.384891	0.000000	0.000000
484.580000	0.540115	-1.148110	1.384890	0.000000	0.000000
484.590000	0.540113	-1.148108	1.384888	0.000000	0.000000
484.600000	0.540111	-1.148108	1.384887	0.000000	0.000000
484.610000	0.540109	-1.148109	1.384885	0.000000	0.000000
484.620000	0.540108	-1.148111	1.384884	0.000000	0.000000
484.630000	0.540108	-1.148115	1.384882	0.000000	0.000000
484.640000	0.540107	-1.148120	1.384881	0.000000	0.000000
484.650000	0.540106	-1.148125	1.384880	0.000000	0.000000
484.660000	0.540106	-1.148130	1.384879	0.000000	0.000000
484.670000	0.540105	-1.148135	1.384878	0.000000	0.000000
484.680000	0.540104	-1.148139	1.384877	0.000000	0.000000
484.690000	0.540103	-1.148142	1.384876	0.000000	0.000000
484.700000	0.540101	-1.148144	1.384875	0.000000	0.000000
484.710000	0.540098	-1.148144	1.384874	0.000000	0.000000
484.720000	0.540095	-1.148142	1.384873	0.000000	0.000000
484.730000	0.540091	-1.148137	1.384872	0.000000	0.000000
484.740000	0.540086	-1.148132	1.384871	0.000000	0.000000
484.750000	0.540081	-1.148127	1.384870	0.000000	0.000000
484.760000	0.540078	-1.148125	1.384869	0.000000	0.000000
484.770000	0.540076	-1.148128	1.384868	0.000000	0.000000
484.780000	0.540077	-1.148137	1.384867	0.000000	0.000000
484.790000	0.540080	-1.148151	1.384866	0.000000	0.000000
484.800000	0.540085	-1.148166	1.384865	0.000000	0.000000
484.810000	0.540090	-1.148182	1.384864	0.000000	0.000000
484.820000	0.540094	-1.148197	1.384862	0.000000	0.000000
484.830000	0.540098	-1.148207	1.384861	0.000000	0.000000
484.840000	0.540100	-1.148211	1.384860	0.000000	0.000000
484.850000	0.540100	-1.148211	1.384859	0.000000	0.000000
484.860000	0.540100	-1.148208	1.384857	0.000000	0.000000
484.870000	0.540099	-1.148205	1.384856	0.000000	0.000000
484.880000	0.540099	-1.148206	1.384855	0.000000	0.000000
484.890000	0.540101	-1.148211	1.384854	0.000000	0.000000
484.900000	0.540104	-1.148219	1.384853	0.000000	0.000000
484.910000	0.540107	-1.148228	1.384852	0.000000	0.000000
484.920000	0.540110	-1.148237	1.384851	0.000000	0.000000
484.930000	0.540113	-1.148245	1.384850	0.000000	0.000000
484.940000	0.540115	-1.148248	1.384849	0.000000	0.000000
484.950000	0.540116	-1.148248	1.384848	0.000000	0.000000
484.960000	0.540115	-1.148244	1.384847	0.000000	0.000000
484.970000	0.540113	-1.148236	1.384846	0.000000	0.000000
484.980000	0.540111	-1.148226	1.384846	0.000000	0.000000
484.990000	0.540108	-1.148215	1.384845	0.000000	0.000000
485.000000	0.540105	-1.148204	1.384844	0.000000	0.000000
485.010000	0.540102	-1.148196	1.384843	0.000000	0.000000
485.020000	0.540101	-1.148191	1.384842	0.000000	0.000000
485.030000	0.540101	-1.148191	1.384842	0.000000	0.000000
485.040000	0.540103	-1.148194	1.384841	0.000000	0.000000
485.050000	0.540106	-1.148200	1.384840	0.000000	0.000000
485.060000	0.540109	-1.148208	1.384840	0.000000	0.000000
485.070000	0.540112	-1.148217	1.384839	0.000000	0.000000
485.080000	0.540115	-1.148227	1.384838	0.000000	0.000000
485.090000	0.540119	-1.148236	1.384837	0.000000	0.000000
485.100000	0.540123	-1.148245	1.384837	0.000000	0.000000
485.110000	0.540126	-1.148251	1.384836	0.000000	0.000000
485.120000	0.540127	-1.148253	1.384835	0.000000	0.000000
485.130000	0.540127	-1.148250	1.384834	0.000000	0.000000
485.140000	0.540125	-1.148244	1.384833	0.000000	0.000000
485.150000	0.540124	-1.148236	1.384833	0.000000	0.000000
485.160000	0.540122	-1.148229	1.384832	0.000000	0.000000
485.170000	0.540122	-1.148225	1.384831	0.000000	0.000000
485.180000	0.540122	-1.148224	1.384830	0.000000	0.000000
485.190000	0.540123	-1.148224	1.384830	0.000000	0.000000
485.200000	0.540125	-1.148225	1.384829	0.000000	0.000000
485.210000	0.540125	-1.148225	1.384828	0.000000	0.000000
485.220000	0.540125	-1.148222	1.384828	0.000000	0.000000
485.230000	0.540123	-1.148217	1.384827	0.000000	0.000000
485.240000	0.540122	-1.148212	1.384827	0.000000	0.000000
485.250000	0.540120	-1.148206	1.384826	0.000000	0.000000
485.260000	0.540118	-1.148200	1.384826	0.000000	0.000000
485.270000	0.540117	-1.148196	1.384825	0.000000	0.000000
485.280000	0.540116	-1.148193	1.384825	0.000000	0.000000
485.290000	0.540115	-1.148192	1.384824	0.000000	0.000000
485.300000	0.540116	-1.148193	1.384823	0.000000	0.000000
485.310000	0.540117	-1.148195	1.384822	0.000000	0.000000
485.320000	0.540119	-1.148197	1.384821	0.000000	0.000000
485.330000	0.540120	-1.148199	1.384820	0.000000	0.000000
485.340000	0.540120	-1.148199	1.384819	0.000000	0.000000
485.350000	0.540119	-1.148197	1.384818	0.000000	0.000000
485.360000	0.540118	-1.148195	1.384817	0.000000	0.000000
485.370000	0.540117	-1.148194	1.384815	0.000000	0.000000
485.380000	0.540117	-1.148196	1.384814	0.000000	0.000000
485.390000	0.540118	-1.148200	1.384812	0.000000	0.000000
485.400000	0.540120	-1.148206	1.384811	0.000000	0.000000
485.410000	0.540121	-1.148211	1.384809	0.000000	0.000000
485.420000	0.540121	-1.148213	1.384807	0.000000	0.000000
485.430000	0.540120	-1.148212	1.384805	0.000000	0.000000
485.440000	0.540118	-1.148211	1.384803	0.000000	0.000000
485.450000	0.540118	-1.148213	1.384802	0.000000	0.000000
485.460000	0.540118	-1.148220	1.384800	0.000000	0.000000
485.470000	0.540120	-1.148229	1.384798	0.000000	0.000000
485.480000	0.540123	-1.148237	1.384796	0.000000	0.000000
485.490000	0.540126	-1.148243	1.384795	0.000000	0.000000
485.500000	0.540128	-1.148246	1.384793	0.000000	0.000000
485.510000	0.540129	-1.148246	1.384791	0.000000	0.000000
485.520000	0.540129	-1.148243	1.384790	0.000000	0.000000
485.530000	0.540128	-1.148237	1.384789	0.000000	0.000000
485.540000	0.540127	-1.148230	1.384787	0.000000	0.000000
485.550000	0.540127	-1.148223	1.384786	0.000000	0.000000
485.560000	0.540126	-1.148218	1.384785	0.000000	0.000000
485.570000	0.540126	-1.148215	1.384784	0.000000	0.000000
485.580000	0.540126	-1.148213	1.384783	0.000000	0.000000
485.590000	0.540126	-1.148211	1.384782	0.000000	0.000000
485.600000	0.540124	-1.148208	1.384782	0.000000	0.000000
485.610000	0.540123	-1.148202	1.384781	0.000000	0.000000
485.620000	0.540120	-1.148193	1.384780	0.000000	0.000000
485.630000	0.540117	-1.148184	1.384780	0.000000	0.000000
485.640000	0.540114	-1.148176	1.384779	0.000000	0.000000
485.650000	0.540113	-1.148169	1.384778	0.000000	0.000000
485.660000	0.540111	-1.148164	1.384778	0.000000	0.000000
485.670000	0.540110	-1.148160	1.384778	0.000000	0.000000
485.680000	0.540110	-1.148157	1.384777	0.000000	0.000000
485.690000	0.540110	-1.148156	1.384777	0.000000	0.000000
485.700000	0.540110	-1.148155	1.384777	0.000000	0.000000
485.710000	0.540110	-1.148156	1.384777	0.000000	0.000000
485.720000	0.540112	-1.148158	1.384776	0.000000	0.000000
485.730000	0.540114	-1.148161	1.384776	0.000000	0.000000
485.740000	0.540116	-1.148165	1.384776	0.000000	0.000000
485.750000	0.540119	-1.148169	1.384776	0.000000	0.000000
485.760000	0.540121	-1.148172	1.384776	0.000000	0.000000
485.770000	0.540123	-1.148174	1.384775	0.000000	0.000000
485.780000	0.540124	-1.148175	1.384775	0.000000	0.000000
485.790000	0.540126	-1.148174	1.384775	0.000000	0.000000
485.800000	0.540127	-1.148173	1.384774	0.000000	0.000000
485.810000	0.540128	-1.148172	1.384774	0.000000	0.000000
485.820000	0.540130	-1.148172	1.384774	0.000000	0.000000
485.830000	0.540132	-1.148172	1.384773	0.000000	0.000000
485.840000	0.540134	-1.148171	1.384773	0.000000	0.000000
485.850000	0.540134	-1.148170	1.384773	0.000000	0.000000
485.860000	0.540135	-1.148168	1.384773	0.000000	0.000000
485.870000	0.540135	-1.148166	1.384773	0.000000	0.000000
485.880000	0.540135	-1.148165	1.384773	0.000000	0.000000
485.890000	0.540136	-1.148165	1.384773	0.000000	0.000000
485.900000	0.540137	-1.148165	1.384773	0.000000	0.000000
485.910000	0.540137	-1.148165	1.384774	0.000000	0.000000
485.920000	0.540137	-1.148164	1.384774	0.000000	0.000000
485.930000	0.540137	-1.148163	1.384774	0.000000	0.000000
485.940000	0.540138	-1.148161	1.384775	0.000000	0.000000
485.950000	0.540138	-1.148159	1.384775	0.000000	0.000000
485.960000	0.540139	-1.148156	1.384775	0.000000	0.000000
485.970000	0.540140	-1.148153	1.384775	0.000000	0.000000
485.980000	0.540140	-1.148149	1.384776	0.000000	0.000000
485.990000	0.540142	-1.148145	1.384776	0.000000	0.000000
486.000000	0.540143	-1.148140	1.384776	0.000000	0.000000
486.010000	0.540143	-1.148134	1.384776	0.000000	0.000000
486.020000	0.540142	-1.148127	1.384776	0.000000	0.000000
486.030000	0.540142	-1.148120	1.384776	0.000000	0.000000
486.040000	0.540142	-1.148115	1.384776	0.000000	0.000000
486.050000	0.540144	-1.148111	1.384776	0.000000	0.000000
486.060000	0.540146	-1.148110	1.384775	0.000000	0.000000
486.070000	0.540148	-1.148111	1.384775	0.000000	0.000000
486.080000	0.540150	-1.148111	1.384775	0.000000	0.000000
486.090000	0.540151	-1.148110	1.384774	0.000000	0.000000
486.100000	0.540152	-1.148108	1.384774	0.000000	0.000000
486.110000	0.540152	-1.148107	1.384773	0.000000	0.000000
486.120000	0.540152	-1.148107	1.384773	0.000000	0.000000
486.130000	0.540152	-1.148110	1.384773	0.000000	0.000000
486.140000	0.540153	-1.148113	1.384772	0.000000	0.000000
486.150000	0.540153	-1.148117	1.384772	0.000000	0.000000
486.160000	0.540153	-1.148119	1.384771	0.000000	0.000000
486.170000	0.540153	-1.148119	1.384771	0.000000	0.000000
486.180000	0.540152	-1.148118	1.384770	0.000000	0.000000
486.190000	0.540151	-1.148115	1.384770	0.000000	0.000000
486.200000	0.540150	-1.148112	1.384769	0.000000	0.000000
486.210000	0.540149	-1.148110	1.384768	0.000000	0.000000
486.220000	0.540148	-1.148108	1.384768	0.000000	0.000000
486.230000	0.540148	-1.148108	1.384767	0.000000	0.000000
486.240000	0.540148	-1.148109	1.384766	0.000000	0.000000
486.250000	0.540150	-1.148110	1.384765	0.000000	0.000000
486.260000	0.540151	-1.148111	1.384764	0.000000	0.000000
486.270000	0.540153	-1.148113	1.384763	0.000000	0.000000
486.280000	0.540156	-1.148116	1.384762	0.000000	0.000000
486.290000	0.540158	-1.148120	1.384761	0.000000	0.000000
486.300000	0.540161	-1.148123	1.384759	0.000000	0.000000
486.310000	0.540162	-1.148123	1.384758	0.000000	0.000000
486.320000	0.540163	-1.148119	1.384757	0.000000	0.000000
486.330000	0.540163	-1.148109	1.384755	0.000000	0.000000
486.340000	0.540162	-1.148100	1.384754	0.000000	0.000000
486.350000	0.540163	-1.148096	1.384752	0.000000	0.000000
486.360000	0.540166	-1.148097	1.384751	0.000000	0.000000
486.370000	0.540171	-1.148101	1.384749	0.000000	0.000000
486.380000	0.540176	-1.148107	1.384748	0.000000	0.000000
486.390000	0.540181	-1.148114	1.384746	0.000000	0.000000
486.400000	0.540187	-1.148122	1.384745	0.000000	0.000000
486.410000	0.540194	-1.148129	1.384743	0.000000	0.000000
486.420000	0.540200	-1.148135	1.384742	0.000000	0.000000
486.430000	0.540208	-1.148140	1.384740	0.000000	0.000000
486.440000	0.540215	-1.148141	1.384739	0.000000	0.000000
486.450000	0.540221	-1.148140	1.384738	0.000000	0.000000
486.460000	0.540227	-1.148136	1.384736	0.000000	0.000000
486.470000	0.540231	-1.148129	1.384735	0.000000	0.000000
486.480000	0.540236	-1.148121	1.384734	0.000000	0.000000
486.490000	0.540239	-1.148111	1.384732	0.000000	0.000000
486.500000	0.540243	-1.148100	1.384731	0.000000	0.000000
486.510000	0.540247	-1.148089	1.384729	0.000000	0.000000
486.520000	0.540251	-1.148077	1.384728	0.000000	0.000000
486.530000	0.540255	-1.148065	1.384726	0.000000	0.000000
486.540000	0.540258	-1.148054	1.384725	0.000000	0.000000
486.550000	0.540263	-1.148047	1.384724	0.000000	0.000000
486.560000	0.540269	-1.148045	1.384722	0.000000	0.000000
486.570000	0.540276	-1.148046	1.384720	0.000000	0.000000
486.580000	0.540284	-1.148048	1.384719	0.000000	0.000000
486.590000	0.540291	-1.148051	1.384717	0.000000	0.000000
486.600000	0.540299	-1.148055	1.384715	0.000000	0.000000
486.610000	0.540306	-1.148058	1.384714	0.000000	0.000000
486.620000	0.540312	-1.148060	1.384712	0.000000	0.000000
486.630000	0.540317	-1.148062	1.384710	0.000000	0.000000
486.640000	0.540321	-1.148064	1.384708	0.000000	0.000000
486.650000	0.540326	-1.148067	1.384706	0.000000	0.000000
486.660000	0.540329	-1.148072	1.384705	0.000000	0.000000
486.670000	0.540333	-1.148077	1.384703	0.000000	0.000000
486.680000	0.540338	-1.148084	1.384701	0.000000	0.000000
486.690000	0.540342	-1.148092	1.384699	0.000000	0.000000
486.700000	0.540347	-1.148099	1.384698	0.000000	0.000000
486.710000	0.540351	-1.148106	1.384696	0.000000	0.000000
486.720000	0.540354	-1.148111	1.384694	0.000000	0.000000
486.730000	0.540357	-1.148115	1.384693	0.000000	0.000000
486.740000	0.540359	-1.148119	1.384691	0.000000	0.000000
486.750000	0.540362	-1.148123	1.384690	0.000000	0.000000
486.760000	0.540365	-1.148126	1.384688	0.000000	0.000000
486.770000	0.540369	-1.148130	1.384687	0.000000	0.000000
486.780000	0.540372	-1.148134	1.384685	0.000000	0.000000
486.790000	0.540374	-1.148137	1.384684	0.000000	0.000000
486.800000	0.540377	-1.148139	1.384683	0.000000	0.000000
486.810000	0.540379	-1.148140	1.384681	0.000000	0.000000
486.820000	0.540380	-1.148138	1.384680	0.000000	0.000000
486.830000	0.540380	-1.148135	1.384679	0.000000	0.000000
486.840000	0.540381	-1.148132	1.384678	0.000000	0.000000
486.850000	0.540382	-1.148127	1.384677	0.000000	0.000000
486.860000	0.540383	-1.148122	1.384676	0.000000	0.000000
486.870000	0.540383	-1.148117	1.384675	0.000000	0.000000
486.880000	0.540382	-1.148112	1.384674	0.000000	0.000000
486.890000	0.540382	-1.148107	1.384673	0.000000	0.000000
486.900000	0.540382	-1.148102	1.384672	0.000000	0.000000
486.910000	0.540381	-1.148097	1.384671	0.000000	0.000000
486.920000	0.540380	-1.148093	1.384671	0.000000	0.000000
486.930000	0.540379	-1.148090	1.384670	0.000000	0.000000
486.940000	0.540378	-1.148088	1.384669	0.000000	0.000000
486.950000	0.540378	-1.148086	1.384669	0.000000	0.000000
486.960000	0.540376	-1.148084	1.384668	0.000000	0.000000
486.970000	0.540375	-1.148082	1.384667	0.000000	0.000000
486.980000	0.540374	-1.148080	1.384667	0.000000	0.000000
486.990000	0.540374	-1.148081	1.384666	0.000000	0.000000
487.000000	0.540373	-1.148083	1.384666	0.000000	0.000000
487.010000	0.540373	-1.148087	1.384665	0.000000	0.000000
487.020000	0.540374	-1.148091	1.384665	0.000000	0.000000
487.030000	0.540375	-1.148096	1.384664	0.000000	0.000000
487.040000	0.540376	-1.148101	1.384663	0.000000	0.000000
487.050000	0.540376	-1.148106	1.384663	0.000000	0.000000
487.060000	0.540375	-1.148109	1.384662	0.000000	0.000000
487.070000	0.540374	-1.148112	1.384661	0.000000	0.000000
487.080000	0.540373	-1.148115	1.384661	0.000000	0.000000
487.090000	0.540373	-1.148119	1.384660	0.000000	0.000000
487.100000	0.540373	-1.148124	1.384659	0.000000	0.000000
487.110000	0.540372	-1.148129	1.384658	0.000000	0.000000
487.120000	0.540372	-1.148134	1.384657	0.000000	0.000000
487.130000	0.540372	-1.148139	1.384657	0.000000	0.000000
487.140000	0.540372	-1.148142	1.384656	0.000000	0.000000
487.150000	0.540372	-1.148144	1.384655	0.000000	0.000000
487.160000	0.540371	-1.148145	1.384654	0.000000	0.000000
487.170000	0.540370	-1.148145	1.384653	0.000000	0.000000
487.180000	0.540368	-1.148145	1.384652	0.000000	0.000000
487.190000	0.540366	-1.148145	1.384651	0.000000	0.000000
487.200000	0.540364	-1.148144	1.384650	0.000000	0.000000
487.210000	0.540362	-1.148143	1.384649	0.000000	0.000000
487.220000	0.540360	-1.148144	1.384649	0.000000	0.000000
487.230000	0.540358	-1.148147	1.384648	0.000000	0.000000
487.240000	0.540358	-1.148152	1.384647	0.000000	0.000000
487.250000	0.540357	-1.148157	1.384646	0.000000	0.000000
487.260000	0.540357	-1.148163	1.384646	0.000000	0.000000
487.270000	0.540357	-1.148170	1.384645	0.000000	0.000000
487.280000	0.540357	-1.148176	1.384644	0.000000	0.000000
487.290000	0.540357	-1.148182	1.384644	0.000000	0.000000
487.300000	0.540356	-1.148188	1.384643	0.000000	0.000000
487.310000	0.540355	-1.148193	1.384643	0.000000	0.000000
487.320000	0.540353	-1.148197	1.384642	0.000000	0.000000
487.330000	0.540352	-1.148202	1.384641	0.000000	0.000000
487.340000	0.540350	-1.148206	1.384640	0.000000	0.000000
487.350000	0.540348	-1.148211	1.384640	0.000000	0.000000
487.360000	0.540346	-1.148216	1.384639	0.000000	0.000000
487.370000	0.540344	-1.148222	1.384638	0.000000	0.000000
487.380000	0.540342	-1.148228	1.384637	0.000000	0.000000
487.390000	0.540342	-1.148234	1.384636	0.000000	0.000000
487.400000	0.540340	-1.148239	1.384635	0.000000	0.000000
487.410000	0.540340	-1.148244	1.384634	0.000000	0.000000
487.420000	0.540339	-1.148249	1.384633	0.000000	0.000000
487.430000	0.540338	-1.148253	1.384632	0.000000	0.000000
487.440000	0.540337	-1.148257	1.384631	0.000000	0.000000
487.450000	0.540336	-1.148259	1.384630	0.000000	0.000000
487.460000	0.540335	-1.148261	1.384629	0.000000	0.000000
487.470000	0.540334	-1.148263	1.384628	0.000000	0.000000
487.480000	0.540333	-1.148265	1.384627	0.000000	0.000000
487.490000	0.540332	-1.148268	1.384626	0.000000	0.000000
487.500000	0.540332	-1.148272	1.384624	0.000000	0.000000
487.510000	0.540332	-1.148277	1.384623	0.000000	0.000000
487.520000	0.540332	-1.148281	1.384622	0.000000	0.000000
487.530000	0.540331	-1.148285	1.384622	0.000000	0.000000
487.540000	0.540330	-1.148287	1.384621	0.000000	0.000000
487.550000	0.540329	-1.148288	1.384620	0.000000	0.000000
487.560000	0.540328	-1.148290	1.384619	0.000000	0.000000
487.570000	0.540328	-1.148294	1.384618	0.000000	0.000000
487.580000	0.540328	-1.148300	1.384617	0.000000	0.000000
487.590000	0.540328	-1.148307	1.384616	0.000000	0.000000
487.600000	0.540329	-1.148314	1.384615	0.000000	0.000000
487.610000	0.540330	-1.148322	1.384614	0.000000	0.000000
487.620000	0.540331	-1.148329	1.384613	0.000000	0.000000
487.630000	0.540332	-1.148336	1.384613	0.000000	0.000000
487.640000	0.540333	-1.148341	1.384612	0.000000	0.000000
487.650000	0.540331	-1.148343	1.384611	0.000000	0.000000
487.660000	0.540329	-1.148342	1.384610	0.000000	0.000000
487.670000	0.540326	-1.148339	1.384609	0.000000	0.000000
487.680000	0.540323	-1.148339	1.384609	0.000000	0.000000
487.690000	0.540322	-1.148343	1.384608	0.000000	0.000000
487.700000	0.540321	-1.148350	1.384607	0.000000	0.000000
487.710000	0.540322	-1.148360	1.384607	0.000000	0.000000
487.720000	0.540323	-1.148370	1.384606	0.000000	0.000000
487.730000	0.540324	-1.148380	1.384605	0.000000	0.000000
487.740000	0.540326	-1.148390	1.384605	0.000000	0.000000
487.750000	0.540327	-1.148399	1.384604	0.000000	0.000000
487.760000	0.540328	-1.148407	1.384604	0.000000	0.000000
487.770000	0.540329	-1.148414	1.384603	0.000000	0.000000
487.780000	0.540329	-1.148421	1.384603	0.000000	0.000000
487.790000	0.540330	-1.148428	1.384602	0.000000	0.000000
487.800000	0.540331	-1.148434	1.384602	0.000000	0.000000
487.810000	0.540332	-1.148440	1.384601	0.000000	0.000000
487.820000	0.540334	-1.148445	1.384601	0.000000	0.000000
487.830000	0.540335	-1.148448	1.384600	0.000000	0.000000
487.840000	0.540336	-1.148449	1.384599	0.000000	0.000000
487.850000	0.540337	-1.148448	1.384598	0.000000	0.000000
487.860000	0.540337	-1.148445	1.384598	0.000000	0.000000
487.870000	0.540338	-1.148445	1.384597	0.000000	0.000000
487.880000	0.540340	-1.148449	1.384596	0.000000	0.000000
487.890000	0.540344	-1.148456	1.384595	0.000000	0.000000
487.900000	0.540348	-1.148466	1.384595	0.000000	0.000000
487.910000	0.540352	-1.148476	1.384594	0.000000	0.000000
487.920000	0.540355	-1.148484	1.384593	0.000000	0.000000
487.930000	0.540358	-1.148490	1.384592	0.000000	0.000000
487.940000	0.540360	-1.148494	1.384591	0.000000	0.000000
487.950000	0.540361	-1.148495	1.384591	0.000000	0.000000
487.960000	0.540364	-1.148496	1.384590	0.000000	0.000000
487.970000	0.540366	-1.148499	1.384589	0.000000	0.000000
487.980000	0.540369	-1.148502	1.384588	0.000000	0.000000
487.990000	0.540372	-1.148504	1.384587	0.000000	0.000000
488.000000	0.540374	-1.148505	1.384586	0.000000	0.000000
488.010000	0.540374	-1.148506	1.384585	0.000000	0.000000
488.020000	0.540375	-1.148505	1.384584	0.000000	0.000000
488.030000	0.540376	-1.148505	1.384583	0.000000	0.000000
488.040000	0.540376	-1.148503	1.384582	0.000000	0.000000
488.050000	0.540377	-1.148502	1.384581	0.000000	0.000000
488.060000	0.540376	-1.148500	1.384580	0.000000	0.000000
488.070000	0.540375	-1.148497	1.384579	0.000000	0.000000
488.080000	0.540374	-1.148493	1.384578	0.000000	0.000000
488.090000	0.540371	-1.148487	1.384576	0.000000	0.000000
488.100000	0.540369	-1.148482	1.384575	0.000000	0.000000
488.110000	0.540367	-1.148478	1.384574	0.000000	0.000000
488.120000	0.540367	-1.148478	1.384572	0.000000	0.000000
488.130000	0.540367	-1.148482	1.384571	0.000000	0.000000
488.140000	0.540368	-1.148488	1.384569	0.000000	0.000000
488.150000	0.540369	-1.148496	1.384568	0.000000	0.000000
488.160000	0.540370	-1.148506	1.384566	0.000000	0.000000
488.170000	0.540372	-1.148516	1.384564	0.000000	0.000000
488.180000	0.540374	-1.148526	1.384563	0.000000	0.000000
488.190000	0.540375	-1.148535	1.384561	0.000000	0.000000
488.200000	0.540376	-1.148542	1.384559	0.000000	0.000000
488.210000	0.540377	-1.148548	1.384558	0.000000	0.000000
488.220000	0.540378	-1.148552	1.384556	0.000000	0.000000
488.230000	0.540378	-1.148555	1.384554	0.000000	0.000000
488.240000	0.540377	-1.148556	1.384552	0.000000	0.000000
488.250000	0.540376	-1.148556	1.384551	0.000000	0.000000
488.260000	0.540375	-1.148556	1.384549	0.000000	0.000000
488.270000	0.540376	-1.148558	1.384548	0.000000	0.000000
488.280000	0.540377	-1.148562	1.384546	0.000000	0.000000
488.290000	0.540378	-1.148570	1.384545	0.000000	0.000000
488.300000	0.540380	-1.148578	1.384543	0.000000	0.000000
488.310000	0.540381	-1.148586	1.384542	0.000000	0.000000
488.320000	0.540382	-1.148593	1.384541	0.000000	0.000000
488.330000	0.540382	-1.148599	1.384539	0.000000	0.000000
488.340000	0.540381	-1.148602	1.384538	0.000000	0.000000
488.350000	0.540380	-1.148605	1.384537	0.000000	0.000000
488.360000	0.540379	-1.148606	1.384536	0.000000	0.000000
488.370000	0.540378	-1.148606	1.384535	0.000000	0.000000
488.380000	0.540376	-1.148604	1.384534	0.000000	0.000000
488.390000	0.540374	-1.148601	1.384532	0.000000	0.000000
488.400000	0.540370	-1.148596	1.384531	0.000000	0.000000
488.410000	0.540366	-1.148589	1.384530	0.000000	0.000000
488.420000	0.540362	-1.148581	1.384529	0.000000	0.000000
488.430000	0.540358	-1.148573	1.384528	0.000000	0.000000
488.440000	0.540355	-1.148565	1.384526	0.000000	0.000000
488.450000	0.540352	-1.148559	1.384525	0.000000	0.000000
488.460000	0.540351	-1.148552	1.384523	0.000000	0.000000
488.470000	0.540349	-1.148544	1.384522	0.000000	0.000000
488.480000	0.540347	-1.148535	1.384520	0.000000	0.000000
488.490000	0.540345	-1.148527	1.384518	0.000000	0.000000
488.500000	0.540344	-1.148521	1.384517	0.000000	0.000000
488.510000	0.540345	-1.148520	1.384515	0.000000	0.000000
488.520000	0.540347	-1.148523	1.384513	0.000000	0.000000
488.530000	0.540351	-1.148529	1.384511	0.000000	0.000000
488.540000	0.540355	-1.148538	1.384509	0.000000	0.000000
488.550000	0.540360	-1.148547	1.384507	0.000000	0.000000
488.560000	0.540365	-1.148555	1.384505	0.000000	0.000000
488.570000	0.540369	-1.148561	1.384504	0.000000	0.000000
488.580000	0.540373	-1.148566	1.384502	0.000000	0.000000
488.590000	0.540377	-1.148568	1.384500	0.000000	0.000000
488.600000	0.540381	-1.148568	1.384498	0.000000	0.000000
488.610000	0.540384	-1.148566	1.384496	0.000000	0.000000
488.620000	0.540388	-1.148564	1.384494	0.000000	0.000000
488.630000	0.540392	-1.148562	1.384493	0.000000	0.000000
488.640000	0.540396	-1.148561	1.384491	0.000000	0.000000
488.650000	0.540399	-1.148561	1.384489	0.000000	0.000000
488.660000	0.540403	-1.148560	1.384488	0.000000	0.000000
488.670000	0.540405	-1.148557	1.384486	0.000000	0.000000
488.680000	0.540407	-1.148553	1.384485	0.000000	0.000000
488.690000	0.540407	-1.148545	1.384483	0.000000	0.000000
488.700000	0.540407	-1.148536	1.384482	0.000000	0.000000
488.710000	0.540406	-1.148523	1.384480	0.000000	0.000000
488.720000	0.540404	-1.148510	1.384479	0.000000	0.000000
488.730000	0.540402	-1.148495	1.384477	0.000000	0.000000
488.740000	0.540400	-1.148483	1.384476	0.000000	0.000000
488.750000	0.540400	-1.148474	1.384474	0.000000	0.000000
488.760000	0.540399	-1.148468	1.384473	0.000000	0.000000
488.770000	0.540399	-1.148464	1.384471	0.000000	0.000000
488.780000	0.540399	-1.148463	1.384470	0.000000	0.000000
488.790000	0.540400	-1.148463	1.384468	0.000000	0.000000
488.800000	0.540400	-1.148464	1.384467	0.000000	0.000000
488.810000	0.540401	-1.148467	1.384465	0.000000	0.000000
488.820000	0.540402	-1.148471	1.384463	0.000000	0.000000
488.830000	0.540403	-1.148476	1.384462	0.000000	0.000000
488.840000	0.540405	-1.148481	1.384460	0.000000	0.000000
488.850000	0.540407	-1.148488	1.384458	0.000000	0.000000
488.860000	0.540409	-1.148495	1.384456	0.000000	0.000000
488.870000	0.540412	-1.148502	1.384455	0.000000	0.000000
488.880000	0.540413	-1.148508	1.384453	0.000000	0.000000
488.890000	0.540414	-1.148510	1.384451	0.000000	0.000000
488.900000	0.540412	-1.148510	1.384450	0.000000	0.000000
488.910000	0.540410	-1.148507	1.384448	0.000000	0.000000
488.920000	0.540408	-1.148506	1.384446	0.000000	0.000000
488.930000	0.540407	-1.148507	1.384445	0.000000	0.000000
488.940000	0.540407	-1.148511	1.384443	0.000000	0.000000
488.950000	0.540407	-1.148517	1.384442	0.000000	0.000000
488.960000	0.540408	-1.148524	1.384441	0.000000	0.000000
488.970000	0.540410	-1.148532	1.384440	0.000000	0.000000
488.980000	0.540411	-1.148539	1.384438	0.000000	0.000000
488.990000	0.540411	-1.148544	1.384437	0.000000	0.000000
489.000000	0.540409	-1.148545	1.384436	0.000000	0.000000
489.010000	0.540406	-1.148542	1.384435	0.000000	0.000000
489.020000	0.540403	-1.148534	1.384434	0.000000	0.000000
489.030000	0.540398	-1.148525	1.384433	0.000000	0.000000
489.040000	0.540394	-1.148516	1.384432	0.000000	0.000000
489.050000	0.540390	-1.148508	1.384431	0.000000	0.000000
489.060000	0.540387	-1.148501	1.384430	0.000000	0.000000
489.070000	0.540384	-1.148495	1.384430	0.000000	0.000000
489.080000	0.540382	-1.148490	1.384429	0.000000	0.000000
489.090000	0.540379	-1.148484	1.384428	0.000000	0.000000
489.100000	0.540377	-1.148478	1.384428	0.000000	0.000000
489.110000	0.540374	-1.148473	1.384427	0.000000	0.000000
489.120000	0.540372	-1.148468	1.384426	0.000000	0.000000
489.130000	0.540370	-1.148463	1.384426	0.000000	0.000000
489.140000	0.540368	-1.148459	1.384425	0.000000	0.000000
489.150000	0.540367	-1.148456	1.384424	0.000000	0.000000
489.160000	0.540365	-1.148454	1.384424	0.000000	0.000000
489.170000	0.540364	-1.148453	1.384423	0.000000	0.000000
489.180000	0.540363	-1.148454	1.384422	0.000000	0.000000
489.190000	0.540363	-1.148455	1.384422	0.000000	0.000000
489.200000	0.540362	-1.148457	1.384421	0.000000	0.000000
489.210000	0.540361	-1.148460	1.384420	0.000000	0.000000
489.220000	0.540361	-1.148463	1.384419	0.000000	0.000000
489.230000	0.540361	-1.148468	1.384419	0.000000	0.000000
489.240000	0.540361	-1.148473	1.384418	0.000000	0.000000
489.250000	0.540362	-1.148480	1.384417	0.000000	0.000000
489.260000	0.540364	-1.148488	1.384416	0.000000	0.000000
489.270000	0.540365	-1.148495	1.384416	0.000000	0.000000
489.280000	0.540365	-1.148499	1.384415	0.000000	0.000000
489.290000	0.540363	-1.148498	1.384414	0.000000	0.000000
489.300000	0.540360	-1.148496	1.384414	0.000000	0.000000
489.310000	0.540358	-1.148494	1.384413	0.000000	0.000000
489.320000	0.540356	-1.148495	1.384413	0.000000	0.000000
489.330000	0.540354	-1.148498	1.384413	0.000000	0.000000
489.340000	0.540353	-1.148501	1.384413	0.000000	0.000000
489.350000	0.540352	-1.148504	1.384412	0.000000	0.000000
489.360000	0.540350	-1.148506	1.384412	0.000000	0.000000
489.370000	0.540348	-1.148508	1.384412	0.000000	0.000000
489.380000	0.540346	-1.148509	1.384413	0.000000	0.000000
489.390000	0.540344	-1.148509	1.384413	0.000000	0.000000
489.400000	0.540342	-1.148509	1.384413	0.000000	0.000000
489.410000	0.540340	-1.148509	1.384413	0.000000	0.000000
489.420000	0.540337	-1.148508	1.384414	0.000000	0.000000
489.430000	0.540334	-1.148507	1.384414	0.000000	0.000000
489.440000	0.540331	-1.148505	1.384414	0.000000	0.000000
489.450000	0.540328	-1.148503	1.384415	0.000000	0.000000
489.460000	0.540326	-1.148501	1.384415	0.000000	0.000000
489.470000	0.540323	-1.148497	1.384415	0.000000	0.000000
489.480000	0.540319	-1.148494	1.384416	0.000000	0.000000
489.490000	0.540317	-1.148491	1.384416	0.000000	0.000000
489.500000	0.540315	-1.148487	1.384416	0.000000	0.000000
489.510000	0.540314	-1.148484	1.384417	0.000000	0.000000
489.520000	0.540314	-1.148482	1.384417	0.000000	0.000000
489.530000	0.540314	-1.148480	1.384417	0.000000	0.000000
489.540000	0.540313	-1.148477	1.384417	0.000000	0.000000
489.550000	0.540312	-1.148471	1.384417	0.000000	0.000000
489.560000	0.540310	-1.148462	1.384417	0.000000	0.000000
489.570000	0.540308	-1.148452	1.384417	0.000000	0.000000
489.580000	0.540306	-1.148444	1.384417	0.000000	0.000000
489.590000	0.540306	-1.148439	1.384417	0.000000	0.000000
489.600000	0.540305	-1.148435	1.384417	0.000000	0.000000
489.610000	0.540305	-1.148431	1.384417	0.000000	0.000000
489.620000	0.540304	-1.148427	1.384417	0.000000	0.000000
489.630000	0.540304	-1.148424	1.384417	0.000000	0.000000
489.640000	0.540305	-1.148421	1.384417	0.000000	0.000000
489.650000	0.540305	-1.148420	1.384417	0.000000	0.000000
489.660000	0.540305	-1.148419	1.384417	0.000000	0.000000
489.670000	0.540306	-1.148418	1.384417	0.000000	0.000000
489.680000	0.540306	-1.148416	1.384417	0.000000	0.000000
489.690000	0.540308	-1.148414	1.384417	0.000000	0.000000
489.700000	0.540308	-1.148410	1.384417	0.000000	0.000000
489.710000	0.540309	-1.148404	1.384417	0.000000	0.000000
489.720000	0.540310	-1.148398	1.384418	0.000000	0.000000
489.730000	0.540311	-1.148395	1.384418	0.000000	0.000000
489.740000	0.540314	-1.148394	1.384418	0.000000	0.000000
489.750000	0.540316	-1.148394	1.384418	0.000000	0.000000
489.760000	0.540319	-1.148394	1.384419	0.000000	0.000000
489.770000	0.540321	-1.148392	1.384419	0.000000	0.000000
489.780000	0.540322	-1.148389	1.384420	0.000000	0.000000
489.790000	0.540323	-1.148388	1.384420	0.000000	0.000000
489.800000	0.540324	-1.148387	1.384421	0.000000	0.000000
489.810000	0.540327	-1.148388	1.384421	0.000000	0.000000
489.820000	0.540330	-1.148390	1.384422	0.000000	0.000000
489.830000	0.540334	-1.148393	1.384423	0.000000	0.000000
489.840000	0.540338	-1.148397	1.384423	0.000000	0.000000
489.850000	0.540342	-1.148400	1.384424	0.000000	0.000000
489.860000	0.540345	-1.148401	1.384424	0.000000	0.000000
489.870000	0.540347	-1.148400	1.384425	0.000000	0.000000
489.880000	0.540349	-1.148397	1.384425	0.000000	0.000000
489.890000	0.540351	-1.148394	1.384426	0.000000	0.000000
489.900000	0.540352	-1.148390	1.384426	0.000000	0.000000
489.910000	0.540355	-1.148386	1.384427	0.000000	0.000000
489.920000	0.540358	-1.148382	1.384427	0.000000	0.000000
489.930000	0.540360	-1.148378	1.384427	0.000000	0.000000
489.940000	0.540363	-1.148374	1.384428	0.000000	0.000000
489.950000	0.540366	-1.148372	1.384428	0.000000	0.000000
489.960000	0.540370	-1.148371	1.384428	0.000000	0.000000
489.970000	0.540375	-1.148371	1.384428	0.000000	0.000000
489.980000	0.540380	-1.148372	1.384428	0.000000	0.000000
489.990000	0.540385	-1.148372	1.384428	0.000000	0.000000
490.000000	0.540389	-1.148371	1.384427	0.000000	0.000000
490.010000	0.540393	-1.148367	1.384427	0.000000	0.000000
490.020000	0.540395	-1.148359	1.384427	0.000000	0.000000
490.030000	0.540397	-1.148348	1.384426	0.000000	0.000000
490.040000	0.540397	-1.148336	1.384426	0.000000	0.000000
490.050000	0.540397	-1.148326	1.384425	0.000000	0.000000
490.060000	0.540398	-1.148318	1.384425	0.000000	0.000000
490.070000	0.540399	-1.148314	1.384424	0.000000	0.000000
490.080000	0.540402	-1.148312	1.384424	0.000000	0.000000
490.090000	0.540405	-1.148313	1.384423	0.000000	0.000000
490.100000	0.540408	-1.148315	1.384422	0.000000	0.000000
490.110000	0.540411	-1.148317	1.384421	0.000000	0.000000
490.120000	0.540414	-1.148319	1.384420	0.000000	0.000000
490.130000	0.540417	-1.148322	1.384419	0.000000	0.000000
490.140000	0.540420	-1.148324	1.384418	0.000000	0.000000
490.150000	0.540424	-1.148328	1.384417	0.000000	0.000000
490.160000	0.540428	-1.148332	1.384415	0.000000	0.000000
490.170000	0.540433	-1.148338	1.384414	0.000000	0.000000
490.180000	0.540437	-1.148343	1.384412	0.000000	0.000000
490.190000	0.540441	-1.148347	1.384411	0.000000	0.000000
490.200000	0.540443	-1.148347	1.384409	0.000000	0.000000
490.210000	0.540445	-1.148341	1.384407	0.000000	0.000000
490.220000	0.540444	-1.148330	1.384405	0.000000	0.000000
490.230000	0.540443	-1.148318	1.384404	0.000000	0.000000
490.240000	0.540444	-1.148313	1.384402	0.000000	0.000000
490.250000	0.540448	-1.148313	1.384401	0.000000	0.000000
490.260000	0.540453	-1.148315	1.384399	0.000000	0.000000
490.270000	0.540457	-1.148318	1.384397	0.000000	0.000000
490.280000	0.540462	-1.148321	1.384396	0.000000	0.000000
490.290000	0.540465	-1.148322	1.384395	0.000000	0.000000
490.300000	0.540469	-1.148322	1.384393	0.000000	0.000000
490.310000	0.540472	-1.148320	1.384392	0.000000	0.000000
490.320000	0.540476	-1.148317	1.384391	0.000000	0.000000
490.330000	0.540481	-1.148315	1.384389	0.000000	0.000000
490.340000	0.540485	-1.148314	1.384388	0.000000	0.000000
490.350000	0.540490	-1.148312	1.384387	0.000000	0.000000
490.360000	0.540494	-1.148308	1.384386	0.000000	0.000000
490.370000	0.540497	-1.148304	1.384385	0.000000	0.000000
490.380000	0.540501	-1.148300	1.384384	0.000000	0.000000
490.390000	0.540506	-1.148297	1.384383	0.000000	0.000000
490.400000	0.540511	-1.148294	1.384382	0.000000	0.000000
490.410000	0.540515	-1.148291	1.384381	0.000000	0.000000
490.420000	0.540519	-1.148287	1.384381	0.000000	0.000000
490.430000	0.540523	-1.148282	1.384380	0.000000	0.000000
490.440000	0.540526	-1.148275	1.384379	0.000000	0.000000
490.450000	0.540527	-1.148265	1.384379	0.000000	0.000000
490.460000	0.540528	-1.148254	1.384378	0.000000	0.000000
490.470000	0.540529	-1.148243	1.384377	0.000000	0.000000
490.480000	0.540530	-1.148234	1.384377	0.000000	0.000000
490.490000	0.540532	-1.148227	1.384376	0.000000	0.000000
490.500000	0.540534	-1.148224	1.384376	0.000000	0.000000
490.510000	0.540538	-1.148223	1.384375	0.000000	0.000000
490.520000	0.540542	-1.148224	1.384375	0.000000	0.000000
490.530000	0.540547	-1.148226	1.384375	0.000000	0.000000
490.540000	0.540551	-1.148228	1.384374	0.000000	0.000000
490.550000	0.540556	-1.148230	1.384374	0.000000	0.000000
490.560000	0.540560	-1.148229	1.384374	0.000000	0.000000
490.570000	0.540563	-1.148227	1.384373	0.000000	0.000000
490.580000	0.540565	-1.148223	1.384373	0.000000	0.000000
490.590000	0.540567	-1.148217	1.384373	0.000000	0.000000
490.600000	0.540569	-1.148210	1.384373	0.000000	0.000000
490.610000	0.540570	-1.148201	1.384372	0.000000	0.000000
490.620000	0.540570	-1.148191	1.384372	0.000000	0.000000
490.630000	0.540569	-1.148180	1.384372	0.000000	0.000000
490.640000	0.540568	-1.148168	1.384373	0.000000	0.000000
490.650000	0.540567	-1.148157	1.384373	0.000000	0.000000
490.660000	0.540566	-1.148148	1.384373	0.000000	0.000000
490.670000	0.540565	-1.148139	1.384373	0.000000	0.000000
490.680000	0.540565	-1.148132	1.384374	0.000000	0.000000
490.690000	0.540565	-1.148126	1.384374	0.000000	0.000000
490.700000	0.540567	-1.148120	1.384375	0.000000	0.000000
490.710000	0.540568	-1.148115	1.384375	0.000000	0.000000
490.720000	0.540569	-1.148111	1.384376	0.000000	0.000000
490.730000	0.540570	-1.148106	1.384377	0.000000	0.000000
490.740000	0.540572	-1.148102	1.384378	0.000000	0.000000
490.750000	0.540574	-1.148099	1.384378	0.000000	0.000000
490.760000	0.540578	-1.148095	1.384380	0.000000	0.000000
490.770000	0.540582	-1.148091	1.384381	0.000000	0.000000
490.780000	0.540584	-1.148085	1.384382	0.000000	0.000000
490.790000	0.540586	-1.148078	1.384383	0.000000	0.000000
490.800000	0.540586	-1.148069	1.384385	0.000000	0.000000
490.810000	0.540586	-1.148058	1.384386	0.000000	0.000000
490.820000	0.540585	-1.148047	1.384388	0.000000	0.000000
490.830000	0.540584	-1.148035	1.384389	0.000000	0.000000
490.840000	0.540583	-1.148023	1.384391	0.000000	0.000000
490.850000	0.540583	-1.148010	1.384393	0.000000	0.000000
490.860000	0.540582	-1.147997	1.384395	0.000000	0.000000
490.870000	0.540581	-1.147982	1.384397	0.000000	0.000000
490.880000	0.540581	-1.147968	1.384398	0.000000	0.000000
490.890000	0.540580	-1.147954	1.384400	0.000000	0.000000
490.900000	0.540580	-1.147940	1.384402	0.000000	0.000000
490.910000	0.540580	-1.147927	1.384404	0.000000	0.000000
490.920000	0.540581	-1.147913	1.384406	0.000000	0.000000
490.930000	0.540582	-1.147901	1.384408	0.000000	0.000000
490.940000	0.540583	-1.147889	1.384410	0.000000	0.000000
490.950000	0.540585	-1.147877	1.384411	0.000000	0.000000
490.960000	0.540587	-1.147866	1.384413	0.000000	0.000000
490.970000	0.540588	-1.147855	1.384415	0.000000	0.000000
490.980000	0.540590	-1.147843	1.384416	0.000000	0.000000
490.990000	0.540592	-1.147831	1.384418	0.000000	0.000000
491.000000	0.540594	-1.147822	1.384419	0.000000	0.000000
491.010000	0.540597	-1.147816	1.384420	0.000000	0.000000
491.020000	0.540601	-1.147812	1.384422	0.000000	0.000000
491.030000	0.540606	-1.147809	1.384423	0.000000	0.000000
491.040000	0.540610	-1.147804	1.384424	0.000000	0.000000
491.050000	0.540614	-1.147798	1.384426	0.000000	0.000000
491.060000	0.540617	-1.147789	1.384427	0.000000	0.000000
491.070000	0.540620	-1.147780	1.384428	0.000000	0.000000
491.080000	0.540622	-1.147769	1.384430	0.000000	0.000000
491.090000	0.540624	-1.147757	1.384431	0.000000	0.000000
491.100000	0.540625	-1.147743	1.384432	0.000000	0.000000
491.110000	0.540626	-1.147728	1.384433	0.000000	0.000000
491.120000	0.540627	-1.147714	1.384434	0.000000	0.000000
491.130000	0.540629	-1.147703	1.384435	0.000000	0.000000
491.140000	0.540631	-1.147696	1.384436	0.000000	0.000000
491.150000	0.540635	-1.147694	1.384436	0.000000	0.000000
491.160000	0.540639	-1.147693	1.384437	0.000000	0.000000
491.170000	0.540642	-1.147693	1.384438	0.000000	0.000000
491.180000	0.540647	-1.147692	1.384439	0.000000	0.000000
491.190000	0.540651	-1.147689	1.384439	0.000000	0.000000
491.200000	0.540654	-1.147684	1.384440	0.000000	0.000000
491.210000	0.540655	-1.147677	1.384440	0.000000	0.000000
491.220000	0.540657	-1.147668	1.384440	0.000000	0.000000
491.230000	0.540659	-1.147659	1.384440	0.000000	0.000000
491.240000	0.540661	-1.147650	1.384440	0.000000	0.000000
491.250000	0.540664	-1.147642	1.384441	0.000000	0.000000
491.260000	0.540668	-1.147638	1.384441	0.000000	0.000000
491.270000	0.540672	-1.147636	1.384441	0.000000	0.000000
491.280000	0.540677	-1.147637	1.384441	0.000000	0.000000
491.290000	0.540683	-1.147640	1.384440	0.000000	0.000000
491.300000	0.540688	-1.147642	1.384440	0.000000	0.000000
491.310000	0.540694	-1.147644	1.384440	0.000000	0.000000
491.320000	0.540699	-1.147645	1.384440	0.000000	0.000000
491.330000	0.540705	-1.147645	1.384440	0.000000	0.000000
491.340000	0.540711	-1.147645	1.384440	0.000000	0.000000
491.350000	0.540717	-1.147644	1.384440	0.000000	0.000000
491.360000	0.540722	-1.147641	1.384440	0.000000	0.000000
491.370000	0.540727	-1.147637	1.384439	0.000000	0.000000
491.380000	0.540731	-1.147631	1.384439	0.000000	0.000000
491.390000	0.540734	-1.147622	1.384439	0.000000	0.000000
491.400000	0.540736	-1.147612	1.384438	0.000000	0.000000
491.410000	0.540737	-1.147600	1.384438	0.000000	0.000000
491.420000	0.540739	-1.147588	1.384437	0.000000	0.000000
491.430000	0.540741	-1.147577	1.384437	0.000000	0.000000
491.440000	0.540743	-1.147567	1.384436	0.000000	0.000000
491.450000	0.540744	-1.147557	1.384435	0.000000	0.000000
491.460000	0.540746	-1.147548	1.384434	0.000000	0.000000
491.470000	0.540747	-1.147540	1.384433	0.000000	0.000000
491.480000	0.540749	-1.147532	1.384432	0.000000	0.000000
491.490000	0.540751	-1.147526	1.384431	0.000000	0.000000
491.500000	0.540755	-1.147521	1.384430	0.000000	0.000000
491.510000	0.540759	-1.147517	1.384428	0.000000	0.000000
491.520000	0.540763	-1.147515	1.384427	0.000000	0.000000
491.530000	0.540767	-1.147514	1.384425	0.000000	0.000000
491.540000	0.540772	-1.147513	1.384423	0.000000	0.000000
491.550000	0.540776	-1.147513	1.384421	0.000000	0.000000
491.560000	0.540780	-1.147513	1.384419	0.000000	0.000000
491.570000	0.540783	-1.147513	1.384417	0.000000	0.000000
491.580000	0.540786	-1.147513	1.384415	0.000000	0.000000
491.590000	0.540789	-1.147515	1.384413	0.000000	0.000000
491.600000	0.540792	-1.147517	1.384411	0.000000	0.000000
491.610000	0.540795	-1.147520	1.384409	0.000000	0.000000
491.620000	0.540798	-1.147524	1.384406	0.000000	0.000000
491.630000	0.540803	-1.147531	1.384404	0.000000	0.000000
491.640000	0.540808	-1.147540	1.384402	0.000000	0.000000
491.650000	0.540815	-1.147549	1.384399	0.000000	0.000000
491.660000	0.540821	-1.147557	1.384397	0.000000	0.000000
491.670000	0.540825	-1.147560	1.384395	0.000000	0.000000
491.680000	0.540827	-1.147559	1.384393	0.000000	0.000000
491.690000	0.540830	-1.147556	1.384390	0.000000	0.000000
491.700000	0.540832	-1.147552	1.384388	0.000000	0.000000
491.710000	0.540835	-1.147548	1.384386	0.000000	0.000000
491.720000	0.540838	-1.147545	1.384384	0.000000	0.000000
491.730000	0.540841	-1.147543	1.384382	0.000000	0.000000
491.740000	0.540843	-1.147541	1.384380	0.000000	0.000000
491.750000	0.540846	-1.147540	1.384378	0.000000	0.000000
491.760000	0.540849	-1.147540	1.384376	0.000000	0.000000
491.770000	0.540852	-1.147537	1.384374	0.000000	0.000000
491.780000	0.540855	-1.147532	1.384372	0.000000	0.000000
491.790000	0.540856	-1.147524	1.384371	0.000000	0.000000
491.800000	0.540857	-1.147519	1.384369	0.000000	0.000000
491.810000	0.540860	-1.147518	1.384367	0.000000	0.000000
491.820000	0.540863	-1.147520	1.384366	0.000000	0.000000
491.830000	0.540866	-1.147520	1.384364	0.000000	0.000000
491.840000	0.540868	-1.147519	1.384363	0.000000	0.000000
491.850000	0.540871	-1.147515	1.384361	0.000000	0.000000
491.860000	0.540872	-1.147508	1.384360	0.000000	0.000000
491.870000	0.540872	-1.147499	1.384358	0.000000	0.000000
491.880000	0.540873	-1.147490	1.384357	0.000000	0.000000
491.890000	0.540874	-1.147481	1.384355	0.000000	0.000000
491.900000	0.540876	-1.147473	1.384354	0.000000	0.000000
491.910000	0.540877	-1.147467	1.384352	0.000000	0.000000
491.920000	0.540879	-1.147462	1.384351	0.000000	0.000000
491.930000	0.540882	-1.147459	1.384350	0.000000	0.000000
491.940000	0.540884	-1.147456	1.384348	0.000000	0.000000
491.950000	0.540886	-1.147451	1.384347	0.000000	0.000000
491.960000	0.540887	-1.147444	1.384346	0.000000	0.000000
491.970000	0.540887	-1.147435	1.384345	0.000000	0.000000
491.980000	0.540888	-1.147426	1.384344	0.000000	0.000000
491.990000	0.540891	-1.147420	1.384343	0.000000	0.000000
492.000000	0.540893	-1.147417	1.384341	0.000000	0.000000
492.010000	0.540897	-1.147415	1.384340	0.000000	0.000000
492.020000	0.540901	-1.147412	1.384339	0.000000	0.000000
492.030000	0.540906	-1.147409	1.384338	0.000000	0.000000
492.040000	0.540910	-1.147405	1.384337	0.000000	0.000000
492.050000	0.540914	-1.147400	1.384336	0.000000	0.000000
492.060000	0.540915	-1.147391	1.384335	0.000000	0.000000
492.070000	0.540916	-1.147380	1.384334	0.000000	0.000000
492.080000	0.540914	-1.147366	1.384333	0.000000	0.000000
492.090000	0.540913	-1.147353	1.384332	0.000000	0.000000
492.100000	0.540912	-1.147340	1.384331	0.000000	0.000000
492.110000	0.540912	-1.147327	1.384330	0.000000	0.000000
492.120000	0.540910	-1.147314	1.384329	0.000000	0.000000
492.130000	0.540910	-1.147301	1.384329	0.000000	0.000000
492.140000	0.540909	-1.147290	1.384328	0.000000	0.000000
492.150000	0.540909	-1.147280	1.384327	0.000000	0.000000
492.160000	0.540909	-1.147272	1.384327	0.000000	0.000000
492.170000	0.540910	-1.147265	1.384327	0.000000	0.000000
492.180000	0.540911	-1.147259	1.384326	0.000000	0.000000
492.190000	0.540912	-1.147253	1.384326	0.000000	0.000000
492.200000	0.540913	-1.147247	1.384326	0.000000	0.000000
492.210000	0.540913	-1.147241	1.384325	0.000000	0.000000
492.220000	0.540913	-1.147234	1.384325	0.000000	0.000000
492.230000	0.540913	-1.147226	1.384325	0.000000	0.000000
492.240000	0.540914	-1.147218	1.384324	0.000000	0.000000
492.250000	0.540914	-1.147210	1.384324	0.000000	0.000000
492.260000	0.540914	-1.147202	1.384324	0.000000	0.000000
492.270000	0.540913	-1.147194	1.384323	0.000000	0.000000
492.280000	0.540914	-1.147187	1.384323	0.000000	0.000000
492.290000	0.540915	-1.147181	1.384323	0.000000	0.000000
492.300000	0.540917	-1.147178	1.384323	0.000000	0.000000
492.310000	0.540919	-1.147176	1.384323	0.000000	0.000000
492.320000	0.540923	-1.147175	1.384322	0.000000	0.000000
492.330000	0.540926	-1.147174	1.384322	0.000000	0.000000
492.340000	0.540930	-1.147171	1.384322	0.000000	0.000000
492.350000	0.540932	-1.147168	1.384322	0.000000	0.000000
492.360000	0.540934	-1.147163	1.384322	0.000000	0.000000
492.370000	0.540936	-1.147156	1.384322	0.000000	0.000000
492.380000	0.540937	-1.147148	1.384322	0.000000	0.000000
492.390000	0.540938	-1.147137	1.384322	0.000000	0.000000
492.400000	0.540938	-1.147124	1.384322	0.000000	0.000000
492.410000	0.540938	-1.147110	1.384323	0.000000	0.000000
492.420000	0.540936	-1.147093	1.384323	0.000000	0.000000
492.430000	0.540934	-1.147077	1.384323	0.000000	0.000000
492.440000	0.540932	-1.147062	1.384323	0.000000	0.000000
492.450000	0.540930	-1.147047	1.384323	0.000000	0.000000
492.460000	0.540928	-1.147033	1.384323	0.000000	0.000000
492.470000	0.540927	-1.147019	1.384323	0.000000	0.000000
492.480000	0.540927	-1.147007	1.384323	0.000000	0.000000
492.490000	0.540927	-1.146996	1.384323	0.000000	0.000000
492.500000	0.540926	-1.146986	1.384323	0.000000	0.000000
492.510000	0.540927	-1.146978	1.384323	0.000000	0.000000
492.520000	0.540927	-1.146971	1.384322	0.000000	0.000000
492.530000	0.540927	-1.146966	1.384322	0.000000	0.000000
492.540000	0.540927	-1.146961	1.384321	0.000000	0.000000
492.550000	0.540927	-1.146955	1.384321	0.000000	0.000000
492.560000	0.540926	-1.146948	1.384320	0.000000	0.000000
492.570000	0.540925	-1.146941	1.384320	0.000000	0.000000
492.580000	0.540925	-1.146934	1.384319	0.000000	0.000000
492.590000	0.540926	-1.146931	1.384318	0.000000	0.000000
492.600000	0.540928	-1.146930	1.384317	0.000000	0.000000
492.610000	0.540930	-1.146931	1.384316	0.000000	0.000000
492.620000	0.540933	-1.146932	1.384316	0.000000	0.000000
492.630000	0.540935	-1.146933	1.384315	0.000000	0.000000
492.640000	0.540937	-1.146931	1.384313	0.000000	0.000000
492.650000	0.540939	-1.146929	1.384312	0.000000	0.000000
492.660000	0.540941	-1.146928	1.384311	0.000000	0.000000
492.670000	0.540943	-1.146928	1.384310	0.000000	0.000000
492.680000	0.540945	-1.146928	1.384309	0.000000	0.000000
492.690000	0.540946	-1.146928	1.384307	0.000000	0.000000
492.700000	0.540947	-1.146926	1.384306	0.000000	0.000000
492.710000	0.540948	-1.146923	1.384304	0.000000	0.000000
492.720000	0.540947	-1.146916	1.384302	0.000000	0.000000
492.730000	0.540944	-1.146905	1.384301	0.000000	0.000000
492.740000	0.540942	-1.146894	1.384299	0.000000	0.000000
492.750000	0.540941	-1.146886	1.384297	0.000000	0.000000
492.760000	0.540942	-1.146883	1.384295	0.000000	0.000000
492.770000	0.540944	-1.146884	1.384293	0.000000	0.000000
492.780000	0.540945	-1.146886	1.384291	0.000000	0.000000
492.790000	0.540947	-1.146890	1.384289	0.000000	0.000000
492.800000	0.540949	-1.146897	1.384287	0.000000	0.000000
492.810000	0.540951	-1.146906	1.384285	0.000000	0.000000
492.820000	0.540955	-1.146917	1.384283	0.000000	0.000000
492.830000	0.540959	-1.146929	1.384281	0.000000	0.000000
492.840000	0.540962	-1.146942	1.384279	0.000000	0.000000
492.850000	0.540965	-1.146953	1.384277	0.000000	0.000000
492.860000	0.540966	-1.146963	1.384275	0.000000	0.000000
492.870000	0.540967	-1.146972	1.384273	0.000000	0.000000
492.880000	0.540967	-1.146980	1.384271	0.000000	0.000000
492.890000	0.540967	-1.146987	1.384269	0.000000	0.000000
492.900000	0.540968	-1.146992	1.384267	0.000000	0.000000
492.910000	0.540967	-1.146997	1.384265	0.000000	0.000000
492.920000	0.540965	-1.147000	1.384264	0.000000	0.000000
492.930000	0.540964	-1.147004	1.384262	0.000000	0.000000
492.940000	0.540963	-1.147008	1.384261	0.000000	0.000000
492.950000	0.540963	-1.147012	1.384259	0.000000	0.000000
492.960000	0.540963	-1.147015	1.384258	0.000000	0.000000
492.970000	0.540962	-1.147018	1.384257	0.000000	0.000000
492.980000	0.540962	-1.147019	1.384256	0.000000	0.000000
492.990000	0.540961	-1.147018	1.384254	0.000000	0.000000
493.000000	0.540959	-1.147016	1.384253	0.000000	0.000000
493.010000	0.540957	-1.147013	1.384252	0.000000	0.000000
493.020000	0.540956	-1.147012	1.384251	0.000000	0.000000
493.030000	0.540956	-1.147010	1.384250	0.000000	0.000000
493.040000	0.540956	-1.147009	1.384249	0.000000	0.000000
493.050000	0.540955	-1.147009	1.384248	0.000000	0.000000
493.060000	0.540955	-1.147009	1.384247	0.000000	0.000000
493.070000	0.540955	-1.147009	1.384246	0.000000	0.000000
493.080000	0.540956	-1.147011	1.384245	0.000000	0.000000
493.090000	0.540957	-1.147012	1.384243	0.000000	0.000000
493.100000	0.540958	-1.147014	1.384242	0.000000	0.000000
493.110000	0.540958	-1.147015	1.384240	0.000000	0.000000
493.120000	0.540958	-1.147015	1.384238	0.000000	0.000000
493.130000	0.540958	-1.147018	1.384237	0.000000	0.000000
493.140000	0.540959	-1.147024	1.384235	0.000000	0.000000
493.150000	0.540961	-1.147033	1.384233	0.000000	0.000000
493.160000	0.540964	-1.147042	1.384231	0.000000	0.000000
493.170000	0.540966	-1.147049	1.384229	0.000000	0.000000
493.180000	0.540968	-1.147055	1.384227	0.000000	0.000000
493.190000	0.540969	-1.147060	1.384225	0.000000	0.000000
493.200000	0.540971	-1.147066	1.384223	0.000000	0.000000
493.210000	0.540972	-1.147073	1.384221	0.000000	0.000000
493.220000	0.540975	-1.147079	1.384220	0.000000	0.000000
493.230000	0.540977	-1.147085	1.384218	0.000000	0.000000
493.240000	0.540979	-1.147090	1.384216	0.000000	0.000000
493.250000	0.540980	-1.147095	1.384214	0.000000	0.000000
493.260000	0.540980	-1.147100	1.384213	0.000000	0.000000
493.270000	0.540982	-1.147104	1.384211	0.000000	0.000000
493.280000	0.540984	-1.147107	1.384209	0.000000	0.000000
493.290000	0.540985	-1.147109	1.384208	0.000000	0.000000
493.300000	0.540987	-1.147109	1.384206	0.000000	0.000000
493.310000	0.540987	-1.147107	1.384205	0.000000	0.000000
493.320000	0.540988	-1.147104	1.384204	0.000000	0.000000
493.330000	0.540988	-1.147098	1.384202	0.000000	0.000000
493.340000	0.540988	-1.147092	1.384201	0.000000	0.000000
493.350000	0.540988	-1.147086	1.384200	0.000000	0.000000
493.360000	0.540989	-1.147079	1.384199	0.000000	0.000000
493.370000	0.540989	-1.147073	1.384198	0.000000	0.000000
493.380000	0.540990	-1.147069	1.384196	0.000000	0.000000
493.390000	0.540992	-1.147066	1.384196	0.000000	0.000000
493.400000	0.540995	-1.147066	1.384195	0.000000	0.000000
493.410000	0.540997	-1.147065	1.384194	0.000000	0.000000
493.420000	0.541000	-1.147065	1.384193	0.000000	0.000000
493.430000	0.541003	-1.147063	1.384192	0.000000	0.000000
493.440000	0.541006	-1.147060	1.384191	0.000000	0.000000
493.450000	0.541008	-1.147057	1.384191	0.000000	0.000000
493.460000	0.541010	-1.147054	1.384190	0.000000	0.000000
493.470000	0.541011	-1.147051	1.384190	0.000000	0.000000
493.480000	0.541013	-1.147049	1.384189	0.000000	0.000000
493.490000	0.541015	-1.147046	1.384189	0.000000	0.000000
493.500000	0.541016	-1.147045	1.384188	0.000000	0.000000
493.510000	0.541018	-1.147044	1.384188	0.000000	0.000000
493.520000	0.541019	-1.147043	1.384187	0.000000	0.000000
493.530000	0.541021	-1.147043	1.384187	0.000000	0.000000
493.540000	0.541022	-1.147043	1.384187	0.000000	0.000000
493.550000	0.541023	-1.147042	1.384186	0.000000	0.000000
493.560000	0.541024	-1.147041	1.384186	0.000000	0.000000
493.570000	0.541025	-1.147040	1.384186	0.000000	0.000000
493.580000	0.541026	-1.147039	1.384186	0.000000	0.000000
493.590000	0.541028	-1.147037	1.384186	0.000000	0.000000
493.600000	0.541029	-1.147033	1.384186	0.000000	0.000000
493.610000	0.541029	-1.147028	1.384186	0.000000	0.000000
493.620000	0.541029	-1.147024	1.384186	0.000000	0.000000
493.630000	0.541029	-1.147020	1.384186	0.000000	0.000000
493.640000	0.541029	-1.147017	1.384186	0.000000	0.000000
493.650000	0.541029	-1.147014	1.384186	0.000000	0.000000
493.660000	0.541029	-1.147012	1.384186	0.000000	0.000000
493.670000	0.541030	-1.147011	1.384186	0.000000	0.000000
493.680000	0.541031	-1.147010	1.384186	0.000000	0.000000
493.690000	0.541033	-1.147009	1.384187	0.000000	0.000000
493.700000	0.541033	-1.147006	1.384187	0.000000	0.000000
493.710000	0.541033	-1.147001	1.384187	0.000000	0.000000
493.720000	0.541032	-1.146994	1.384188	0.000000	0.000000
493.730000	0.541032	-1.146987	1.384188	0.000000	0.000000
493.740000	0.541032	-1.146981	1.384189	0.000000	0.000000
493.750000	0.541033	-1.146977	1.384189	0.000000	0.000000
493.760000	0.541035	-1.146975	1.384190	0.000000	0.000000
493.770000	0.541037	-1.146974	1.384190	0.000000	0.000000
493.780000	0.541039	-1.146974	1.384191	0.000000	0.000000
493.790000	0.541040	-1.146973	1.384191	0.000000	0.000000
493.800000	0.541041	-1.146972	1.384192	0.000000	0.000000
493.810000	0.541042	-1.146970	1.384192	0.000000	0.000000
493.820000	0.541041	-1.146967	1.384193	0.000000	0.000000
493.830000	0.541040	-1.146961	1.384193	0.000000	0.000000
493.840000	0.541038	-1.146953	1.384193	0.000000	0.000000
493.850000	0.541036	-1.146945	1.384194	0.000000	0.000000
493.860000	0.541035	-1.146938	1.384194	0.000000	0.000000
493.870000	0.541034	-1.146933	1.384194	0.000000	0.000000
493.880000	0.541033	-1.146930	1.384194	0.000000	0.000000
493.890000	0.541034	-1.146929	1.384194	0.000000	0.000000
493.900000	0.541036	-1.146931	1.384194	0.000000	0.000000
493.910000	0.541040	-1.146934	1.384194	0.000000	0.000000
493.920000	0.541045	-1.146940	1.384194	0.000000	0.000000
493.930000	0.541049	-1.146948	1.384194	0.000000	0.000000
493.940000	0.541054	-1.146955	1.384193	0.000000	0.000000
493.950000	0.541059	-1.146962	1.384193	0.000000	0.000000
493.960000	0.541062	-1.146968	1.384193	0.000000	0.000000
493.970000	0.541065	-1.146971	1.384193	0.000000	0.000000
493.980000	0.541067	-1.146973	1.384193	0.000000	0.000000
493.990000	0.541069	-1.146973	1.384192	0.000000	0.000000
494.000000	0.541070	-1.146970	1.384192	0.000000	0.000000
494.010000	0.541072	-1.146966	1.384192	0.000000	0.000000
494.020000	0.541072	-1.146960	1.384191	0.000000	0.000000
494.030000	0.541072	-1.146954	1.384191	0.000000	0.000000
494.040000	0.541072	-1.146948	1.384191	0.000000	0.000000
494.050000	0.541072	-1.146943	1.384191	0.000000	0.000000
494.060000	0.541073	-1.146937	1.384190	0.000000	0.000000
494.070000	0.541075	-1.146933	1.384190	0.000000	0.000000
494.080000	0.541078	-1.146929	1.384189	0.000000	0.000000
494.090000	0.541081	-1.146927	1.384189	0.000000	0.000000
494.100000	0.541084	-1.146926	1.384188	0.000000	0.000000
494.110000	0.541088	-1.146926	1.384188	0.000000	0.000000
494.120000	0.541091	-1.146926	1.384187	0.000000	0.000000
494.130000	0.541094	-1.146927	1.384187	0.000000	0.000000
494.140000	0.541096	-1.146927	1.384186	0.000000	0.000000
494.150000	0.541098	-1.146926	1.384185	0.000000	0.000000
494.160000	0.541100	-1.146923	1.384184	0.000000	0.000000
494.170000	0.541100	-1.146919	1.384183	0.000000	0.000000
494.180000	0.541101	-1.146913	1.384181	0.000000	0.000000
494.190000	0.541101	-1.146906	1.384180	0.000000	0.000000
494.200000	0.541102	-1.146900	1.384179	0.000000	0.000000
494.210000	0.541104	-1.146898	1.384177	0.000000	0.000000
494.220000	0.541106	-1.146898	1.384175	0.000000	0.000000
494.230000	0.541108	-1.146900	1.384174	0.000000	0.000000
494.240000	0.541111	-1.146904	1.384172	0.000000	0.000000
494.250000	0.541114	-1.146909	1.384170	0.000000	0.000000
494.260000	0.541119	-1.146915	1.384167	0.000000	0.000000
494.270000	0.541123	-1.146921	1.384165	0.000000	0.000000
494.280000	0.541126	-1.146926	1.384163	0.000000	0.000000
494.290000	0.541128	-1.146929	1.384160	0.000000	0.000000
494.300000	0.541129	-1.146931	1.384158	0.000000	0.000000
494.310000	0.541130	-1.146931	1.384155	0.000000	0.000000
494.320000	0.541131	-1.146931	1.384153	0.000000	0.000000
494.330000	0.541131	-1.146928	1.384150	0.000000	0.000000
494.340000	0.541132	-1.146926	1.384147	0.000000	0.000000
494.350000	0.541133	-1.146926	1.384145	0.000000	0.000000
494.360000	0.541136	-1.146930	1.384142	0.000000	0.000000
494.370000	0.541140	-1.146936	1.384139	0.000000	0.000000
494.380000	0.541143	-1.146944	1.384136	0.000000	0.000000
494.390000	0.541147	-1.146950	1.384133	0.000000	0.000000
494.400000	0.541150	-1.146954	1.384131	0.000000	0.000000
494.410000	0.541152	-1.146954	1.384128	0.000000	0.000000
494.420000	0.541152	-1.146950	1.384125	0.000000	0.000000
494.430000	0.541153	-1.146944	1.384122	0.000000	0.000000
494.440000	0.541153	-1.146938	1.384119	0.000000	0.000000
494.450000	0.541153	-1.146933	1.384117	0.000000	0.000000
494.460000	0.541153	-1.146928	1.384114	0.000000	0.000000
494.470000	0.541153	-1.146921	1.384112	0.000000	0.000000
494.480000	0.541152	-1.146913	1.384109	0.000000	0.000000
494.490000	0.541152	-1.146904	1.384107	0.000000	0.000000
494.500000	0.541152	-1.146895	1.384104	0.000000	0.000000
494.510000	0.541152	-1.146886	1.384102	0.000000	0.000000
494.520000	0.541153	-1.146878	1.384100	0.000000	0.000000
494.530000	0.541154	-1.146870	1.384098	0.000000	0.000000
494.540000	0.541156	-1.146861	1.384096	0.000000	0.000000
494.550000	0.541157	-1.146851	1.384093	0.000000	0.000000
494.560000	0.541159	-1.146841	1.384091	0.000000	0.000000
494.570000	0.541161	-1.146834	1.384089	0.000000	0.000000
494.580000	0.541164	-1.146827	1.384087	0.000000	0.000000
494.590000	0.541168	-1.146821	1.384086	0.000000	0.000000
494.600000	0.541172	-1.146816	1.384084	0.000000	0.000000
494.610000	0.541176	-1.146810	1.384082	0.000000	0.000000
494.620000	0.541178	-1.146802	1.384080	0.000000	0.000000
494.630000	0.541180	-1.146791	1.384079	0.000000	0.000000
494.640000	0.541180	-1.146778	1.384077	0.000000	0.000000
494.650000	0.541182	-1.146766	1.384076	0.000000	0.000000
494.660000	0.541184	-1.146756	1.384074	0.000000	0.000000
494.670000	0.541186	-1.146749	1.384073	0.000000	0.000000
494.680000	0.541189	-1.146743	1.384072	0.000000	0.000000
494.690000	0.541192	-1.146737	1.384070	0.000000	0.000000
494.700000	0.541195	-1.146731	1.384069	0.000000	0.000000
494.710000	0.541198	-1.146724	1.384068	0.000000	0.000000
494.720000	0.541199	-1.146715	1.384067	0.000000	0.000000
494.730000	0.541200	-1.146702	1.384066	0.000000	0.000000
494.740000	0.541200	-1.146687	1.384065	0.000000	0.000000
494.750000	0.541200	-1.146671	1.384064	0.000000	0.000000
494.760000	0.541200	-1.146655	1.384064	0.000000	0.000000
494.770000	0.541200	-1.146639	1.384063	0.000000	0.000000
494.780000	0.541199	-1.146624	1.384062	0.000000	0.000000
494.790000	0.541199	-1.146608	1.384062	0.000000	0.000000
494.800000	0.541198	-1.146592	1.384061	0.000000	0.000000
494.810000	0.541198	-1.146577	1.384060	0.000000	0.000000
494.820000	0.541199	-1.146564	1.384060	0.000000	0.000000
494.830000	0.541200	-1.146552	1.384059	0.000000	0.000000
494.840000	0.541201	-1.146541	1.384058	0.000000	0.000000
494.850000	0.541202	-1.146530	1.384058	0.000000	0.000000
494.860000	0.541203	-1.146520	1.384057	0.000000	0.000000
494.870000	0.541204	-1.146510	1.384056	0.000000	0.000000
494.880000	0.541205	-1.146499	1.384055	0.000000	0.000000
494.890000	0.541206	-1.146488	1.384054	0.000000	0.000000
494.900000	0.541207	-1.146479	1.384053	0.000000	0.000000
494.910000	0.541209	-1.146472	1.384052	0.000000	0.000000
494.920000	0.541213	-1.146467	1.384051	0.000000	0.000000
494.930000	0.541216	-1.146462	1.384050	0.000000	0.000000
494.940000	0.541219	-1.146459	1.384049	0.000000	0.000000
494.950000	0.541221	-1.146455	1.384048	0.000000	0.000000
494.960000	0.541223	-1.146449	1.384047	0.000000	0.000000
494.970000	0.541224	-1.146443	1.384045	0.000000	0.000000
494.980000	0.541225	-1.146437	1.384044	0.000000	0.000000
494.990000	0.541226	-1.146432	1.384043	0.000000	0.000000
495.000000	0.541228	-1.146429	1.384042	0.000000	0.000000
495.010000	0.541229	-1.146425	1.384040	0.000000	0.000000
495.020000	0.541230	-1.146422	1.384039	0.000000	0.000000
495.030000	0.541231	-1.146417	1.384038	0.000000	0.000000
495.040000	0.541231	-1.146410	1.384037	0.000000	0.000000
495.050000	0.541230	-1.146402	1.384035	0.000000	0.000000
495.060000	0.541229	-1.146394	1.384034	0.000000	0.000000
495.070000	0.541227	-1.146386	1.384033	0.000000	0.000000
495.080000	0.541227	-1.146379	1.384032	0.000000	0.000000
495.090000	0.541226	-1.146373	1.384030	0.000000	0.000000
495.100000	0.541227	-1.146367	1.384029	0.000000	0.000000
495.110000	0.541227	-1.146363	1.384028	0.000000	0.000000
495.120000	0.541227	-1.146361	1.384026	0.000000	0.000000
495.130000	0.541229	-1.146360	1.384024	0.000000	0.000000
495.140000	0.541230	-1.146360	1.384023	0.000000	0.000000
495.150000	0.541231	-1.146361	1.384021	0.000000	0.000000
495.160000	0.541232	-1.146360	1.384019	0.000000	0.000000
495.170000	0.541231	-1.146356	1.384017	0.000000	0.000000
495.180000	0.541232	-1.146353	1.384015	0.000000	0.000000
495.190000	0.541233	-1.146354	1.384013	0.000000	0.000000
495.200000	0.541237	-1.146361	1.384010	0.000000	0.000000
495.210000	0.541241	-1.146374	1.384008	0.000000	0.000000
495.220000	0.541247	-1.146388	1.384005	0.000000	0.000000
495.230000	0.541252	-1.146402	1.384003	0.000000	0.000000
495.240000	0.541255	-1.146413	1.384000	0.000000	0.000000
495.250000	0.541258	-1.146420	1.383997	0.000000	0.000000
495.260000	0.541259	-1.146425	1.383995	0.000000	0.000000
495.270000	0.541260	-1.146429	1.383992	0.000000	0.000000
495.280000	0.541261	-1.146436	1.383989	0.000000	0.000000
495.290000	0.541262	-1.146444	1.383987	0.000000	0.000000
495.300000	0.541263	-1.146453	1.383984	0.000000	0.000000
495.310000	0.541264	-1.146461	1.383982	0.000000	0.000000
495.320000	0.541264	-1.146468	1.383979	0.000000	0.000000
495.330000	0.541263	-1.146473	1.383977	0.000000	0.000000
495.340000	0.541263	-1.146477	1.383974	0.000000	0.000000
495.350000	0.541263	-1.146482	1.383972	0.000000	0.000000
495.360000	0.541262	-1.146489	1.383970	0.000000	0.000000
495.370000	0.541263	-1.146496	1.383968	0.000000	0.000000
495.380000	0.541263	-1.146504	1.383966	0.000000	0.000000
495.390000	0.541263	-1.146511	1.383964	0.000000	0.000000
495.400000	0.541263	-1.146518	1.383962	0.000000	0.000000
495.410000	0.541262	-1.146524	1.383960	0.000000	0.000000
495.420000	0.541261	-1.146529	1.383958	0.000000	0.000000
495.430000	0.541260	-1.146533	1.383956	0.000000	0.000000
495.440000	0.541259	-1.146536	1.383954	0.000000	0.000000
495.450000	0.541258	-1.146539	1.383952	0.000000	0.000000
495.460000	0.541256	-1.146543	1.383950	0.000000	0.000000
495.470000	0.541255	-1.146546	1.383948	0.000000	0.000000
495.480000	0.541255	-1.146552	1.383946	0.000000	0.000000
495.490000	0.541256	-1.146559	1.383944	0.000000	0.000000
495.500000	0.541258	-1.146568	1.383942	0.000000	0.000000
495.510000	0.541260	-1.146577	1.383940	0.000000	0.000000
495.520000	0.541261	-1.146584	1.383938	0.000000	0.000000
495.530000	0.541262	-1.146590	1.383936	0.000000	0.000000
495.540000	0.541263	-1.146594	1.383933	0.000000	0.000000
495.550000	0.541265	-1.146598	1.383931	0.000000	0.000000
495.560000	0.541267	-1.146603	1.383928	0.000000	0.000000
495.570000	0.541270	-1.146610	1.383926	0.000000	0.000000
495.580000	0.541272	-1.146616	1.383923	0.000000	0.000000
495.590000	0.541274	-1.146621	1.383921	0.000000	0.000000
495.600000	0.541276	-1.146625	1.383918	0.000000	0.000000
495.610000	0.541278	-1.146629	1.383916	0.000000	0.000000
495.620000	0.541280	-1.146634	1.383913	0.000000	0.000000
495.630000	0.541283	-1.146639	1.383910	0.000000	0.000000
495.640000	0.541285	-1.146642	1.383908	0.000000	0.000000
495.650000	0.541287	-1.146644	1.383905	0.000000	0.000000
495.660000	0.541289	-1.146645	1.383902	0.000000	0.000000
495.670000	0.541291	-1.146649	1.383899	0.000000	0.000000
495.680000	0.541294	-1.146655	1.383897	0.000000	0.000000
495.690000	0.541298	-1.146663	1.383894	0.000000	0.000000
495.700000	0.541302	-1.146671	1.383891	0.000000	0.000000
495.710000	0.541306	-1.146678	1.383888	0.000000	0.000000
495.720000	0.541309	-1.146683	1.383885	0.000000	0.000000
495.730000	0.541312	-1.146688	1.383882	0.000000	0.000000
495.740000	0.541314	-1.146693	1.383879	0.000000	0.000000
495.750000	0.541317	-1.146698	1.383877	0.000000	0.000000
495.760000	0.541319	-1.146704	1.383874	0.000000	0.000000
495.770000	0.541322	-1.146711	1.383871	0.000000	0.000000
495.780000	0.541326	-1.146719	1.383867	0.000000	0.000000
495.790000	0.541328	-1.146728	1.383864	0.000000	0.000000
495.800000	0.541330	-1.146737	1.383861	0.000000	0.000000
495.810000	0.541333	-1.146747	1.383858	0.000000	0.000000
495.820000	0.541335	-1.146756	1.383854	0.000000	0.000000
495.830000	0.541338	-1.146767	1.383851	0.000000	0.000000
495.840000	0.541341	-1.146778	1.383848	0.000000	0.000000
495.850000	0.541344	-1.146789	1.383844	0.000000	0.000000
495.860000	0.541348	-1.146801	1.383840	0.000000	0.000000
495.870000	0.541351	-1.146812	1.383837	0.000000	0.000000
495.880000	0.541354	-1.146824	1.383833	0.000000	0.000000
495.890000	0.541358	-1.146837	1.383829	0.000000	0.000000
495.900000	0.541363	-1.146851	1.383825	0.000000	0.000000
495.910000	0.541367	-1.146866	1.383821	0.000000	0.000000
495.920000	0.541372	-1.146881	1.383817	0.000000	0.000000
495.930000	0.541377	-1.146896	1.383812	0.000000	0.000000
495.940000	0.541381	-1.146910	1.383808	0.000000	0.000000
495.950000	0.541384	-1.146920	1.383803	0.000000	0.000000
495.960000	0.541386	-1.146926	1.383799	0.000000	0.000000
495.970000	0.541386	-1.146927	1.383794	0.000000	0.000000
495.980000	0.541385	-1.146928	1.383789	0.000000	0.000000
495.990000	0.541384	-1.146931	1.383785	0.000000	0.000000
496.000000	0.541386	-1.146939	1.383780	0.000000	0.000000
496.010000	0.541388	-1.146951	1.383775	0.000000	0.000000
496.020000	0.541391	-1.146966	1.383771	0.000000	0.000000
496.030000	0.541394	-1.146981	1.383767	0.000000	0.000000
496.040000	0.541397	-1.146998	1.383762	0.000000	0.000000
496.050000	0.541399	-1.147014	1.383758	0.000000	0.000000
496.060000	0.541401	-1.147031	1.383754	0.000000	0.000000
496.070000	0.541402	-1.147046	1.383750	0.000000	0.000000
496.080000	0.541403	-1.147060	1.383747	0.000000	0.000000
496.090000	0.541404	-1.147071	1.383743	0.000000	0.000000
496.100000	0.541405	-1.147081	1.383740	0.000000	0.000000
496.110000	0.541404	-1.147089	1.383736	0.000000	0.000000
496.120000	0.541403	-1.147094	1.383733	0.000000	0.000000
496.130000	0.541402	-1.147098	1.383730	0.000000	0.000000
496.140000	0.541400	-1.147101	1.383726	0.000000	0.000000
496.150000	0.541398	-1.147102	1.383723	0.000000	0.000000
496.160000	0.541395	-1.147104	1.383720	0.000000	0.000000
496.170000	0.541393	-1.147105	1.383717	0.000000	0.000000
496.180000	0.541390	-1.147107	1.383714	0.000000	0.000000
496.190000	0.541388	-1.147111	1.383711	0.000000	0.000000
496.200000	0.541386	-1.147116	1.383708	0.000000	0.000000
496.210000	0.541385	-1.147124	1.383705	0.000000	0.000000
496.220000	0.541385	-1.147133	1.383702	0.000000	0.000000
496.230000	0.541384	-1.147145	1.383699	0.000000	0.000000
496.240000	0.541386	-1.147157	1.383696	0.000000	0.000000
496.250000	0.541387	-1.147169	1.383692	0.000000	0.000000
496.260000	0.541387	-1.147180	1.383689	0.000000	0.000000
496.270000	0.541387	-1.147188	1.383686	0.000000	0.000000
496.280000	0.541385	-1.147196	1.383682	0.000000	0.000000
496.290000	0.541385	-1.147204	1.383679	0.000000	0.000000
496.300000	0.541385	-1.147216	1.383676	0.000000	0.000000
496.310000	0.541386	-1.147231	1.383672	0.000000	0.000000
496.320000	0.541389	-1.147248	1.383669	0.000000	0.000000
496.330000	0.541391	-1.147264	1.383665	0.000000	0.000000
496.340000	0.541392	-1.147278	1.383662	0.000000	0.000000
496.350000	0.541391	-1.147288	1.383659	0.000000	0.000000
496.360000	0.541389	-1.147296	1.383655	0.000000	0.000000
496.370000	0.541387	-1.147302	1.383652	0.000000	0.000000
496.380000	0.541386	-1.147310	1.383649	0.000000	0.000000
496.390000	0.541385	-1.147319	1.383646	0.000000	0.000000
496.400000	0.541384	-1.147327	1.383643	0.000000	0.000000
496.410000	0.541382	-1.147334	1.383640	0.000000	0.000000
496.420000	0.541380	-1.147341	1.383637	0.000000	0.000000
496.430000	0.541378	-1.147345	1.383634	0.000000	0.000000
496.440000	0.541375	-1.147348	1.383632	0.000000	0.000000
496.450000	0.541372	-1.147350	1.383629	0.000000	0.000000
496.460000	0.541370	-1.147354	1.383626	0.000000	0.000000
496.470000	0.541370	-1.147360	1.383624	0.000000	0.000000
496.480000	0.541370	-1.147367	1.383621	0.000000	0.000000
496.490000	0.541370	-1.147376	1.383619	0.000000	0.000000
496.500000	0.541371	-1.147384	1.383617	0.000000	0.000000
496.510000	0.541371	-1.147391	1.383615	0.000000	0.000000
496.520000	0.541372	-1.147398	1.383612	0.000000	0.000000
496.530000	0.541372	-1.147405	1.383610	0.000000	0.000000
496.540000	0.541372	-1.147411	1.383608	0.000000	0.000000
496.550000	0.541373	-1.147418	1.383606	0.000000	0.000000
496.560000	0.541374	-1.147423	1.383605	0.000000	0.000000
496.570000	0.541375	-1.147428	1.383603	0.000000	0.000000
496.580000	0.541375	-1.147433	1.383601	0.000000	0.000000
496.590000	0.541376	-1.147439	1.383599	0.000000	0.000000
496.600000	0.541376	-1.147446	1.383598	0.000000	0.000000
496.610000	0.541377	-1.147454	1.383596	0.000000	0.000000
496.620000	0.541378	-1.147460	1.383595	0.000000	0.000000
496.630000	0.541379	-1.147465	1.383593	0.000000	0.000000
496.640000	0.541378	-1.147468	1.383592	0.000000	0.000000
496.650000	0.541378	-1.147468	1.383590	0.000000	0.000000
496.660000	0.541375	-1.147464	1.383589	0.000000	0.000000
496.670000	0.541373	-1.147457	1.383588	0.000000	0.000000
496.680000	0.541369	-1.147448	1.383586	0.000000	0.000000
496.690000	0.541366	-1.147437	1.383585	0.000000	0.000000
496.700000	0.541363	-1.147427	1.383584	0.000000	0.000000
496.710000	0.541360	-1.147420	1.383583	0.000000	0.000000
496.720000	0.541358	-1.147415	1.383582	0.000000	0.000000
496.730000	0.541357	-1.147413	1.383580	0.000000	0.000000
496.740000	0.541358	-1.147414	1.383579	0.000000	0.000000
496.750000	0.541359	-1.147417	1.383578	0.000000	0.000000
496.760000	0.541361	-1.147422	1.383576	0.000000	0.000000
496.770000	0.541363	-1.147428	1.383575	0.000000	0.000000
496.780000	0.541365	-1.147436	1.383574	0.000000	0.000000
496.790000	0.541368	-1.147443	1.383572	0.000000	0.000000
496.800000	0.541371	-1.147451	1.383571	0.000000	0.000000
496.810000	0.541373	-1.147457	1.383569	0.000000	0.000000
496.820000	0.541376	-1.147461	1.383568	0.000000	0.000000
496.830000	0.541376	-1.147461	1.383566	0.000000	0.000000
496.840000	0.541377	-1.147456	1.383564	0.000000	0.000000
496.850000	0.541377	-1.147449	1.383562	0.000000	0.000000
496.860000	0.541377	-1.147442	1.383561	0.000000	0.000000
496.870000	0.541378	-1.147437	1.383559	0.000000	0.000000
496.880000	0.541380	-1.147435	1.383557	0.000000	0.000000
496.890000	0.541383	-1.147436	1.383555	0.000000	0.000000
496.900000	0.541386	-1.147440	1.383554	0.000000	0.000000
496.910000	0.541391	-1.147445	1.383552	0.000000	0.000000
496.920000	0.541395	-1.147450	1.383551	0.000000	0.000000
496.930000	0.541399	-1.147454	1.383549	0.000000	0.000000
496.940000	0.541402	-1.147456	1.383548	0.000000	0.000000
496.950000	0.541404	-1.147457	1.383546	0.000000	0.000000
496.960000	0.541405	-1.147456	1.383545	0.000000	0.000000
496.970000	0.541406	-1.147453	1.383544	0.000000	0.000000
496.980000	0.541408	-1.147449	1.383542	0.000000	0.000000
496.990000	0.541408	-1.147441	1.383541	0.000000	0.000000
497.000000	0.541409	-1.147432	1.383540	0.000000	0.000000
497.010000	0.541409	-1.147421	1.383539	0.000000	0.000000
497.020000	0.541408	-1.147409	1.383537	0.000000	0.000000
497.030000	0.541408	-1.147397	1.383536	0.000000	0.000000
497.040000	0.541408	-1.147387	1.383535	0.000000	0.000000
497.050000	0.541409	-1.147379	1.383533	0.000000	0.000000
497.060000	0.541412	-1.147374	1.383532	0.000000	0.000000
497.070000	0.541414	-1.147372	1.383530	0.000000	0.000000
497.080000	0.541417	-1.147372	1.383529	0.000000	0.000000
497.090000	0.541421	-1.147372	1.383527	0.000000	0.000000
497.100000	0.541425	-1.147372	1.383525	0.000000	0.000000
497.110000	0.541428	-1.147372	1.383523	0.000000	0.000000
497.120000	0.541431	-1.147372	1.383521	0.000000	0.000000
497.130000	0.541435	-1.147371	1.383518	0.000000	0.000000
497.140000	0.541438	-1.147369	1.383516	0.000000	0.000000
497.150000	0.541440	-1.147365	1.383513	0.000000	0.000000
497.160000	0.541443	-1.147361	1.383510	0.000000	0.000000
497.170000	0.541447	-1.147358	1.383508	0.000000	0.000000
497.180000	0.541451	-1.147356	1.383505	0.000000	0.000000
497.190000	0.541455	-1.147352	1.383502	0.000000	0.000000
497.200000	0.541457	-1.147347	1.383499	0.000000	0.000000
497.210000	0.541460	-1.147348	1.383496	0.000000	0.000000
497.220000	0.541465	-1.147350	1.383493	0.000000	0.000000
497.230000	0.541468	-1.147353	1.383490	0.000000	0.000000
497.240000	0.541472	-1.147359	1.383488	0.000000	0.000000
497.250000	0.541476	-1.147366	1.383485	0.000000	0.000000
497.260000	0.541480	-1.147375	1.383483	0.000000	0.000000
497.270000	0.541484	-1.147383	1.383480	0.000000	0.000000
497.280000	0.541489	-1.147389	1.383478	0.000000	0.000000
497.290000	0.541492	-1.147393	1.383476	0.000000	0.000000
497.300000	0.541495	-1.147392	1.383474	0.000000	0.000000
497.310000	0.541496	-1.147387	1.383472	0.000000	0.000000
497.320000	0.541496	-1.147378	1.383470	0.000000	0.000000
497.330000	0.541494	-1.147366	1.383468	0.000000	0.000000
497.340000	0.541491	-1.147350	1.383466	0.000000	0.000000
497.350000	0.541488	-1.147335	1.383464	0.000000	0.000000
497.360000	0.541486	-1.147323	1.383462	0.000000	0.000000
497.370000	0.541484	-1.147312	1.383460	0.000000	0.000000
497.380000	0.541484	-1.147303	1.383459	0.000000	0.000000
497.390000	0.541484	-1.147296	1.383457	0.000000	0.000000
497.400000	0.541483	-1.147291	1.383454	0.000000	0.000000
497.410000	0.541484	-1.147289	1.383452	0.000000	0.000000
497.420000	0.541485	-1.147290	1.383450	0.000000	0.000000
497.430000	0.541487	-1.147293	1.383448	0.000000	0.000000
497.440000	0.541489	-1.147298	1.383445	0.000000	0.000000
497.450000	0.541492	-1.147306	1.383443	0.000000	0.000000
497.460000	0.541495	-1.147314	1.383440	0.000000	0.000000
497.470000	0.541498	-1.147322	1.383437	0.000000	0.000000
497.480000	0.541500	-1.147330	1.383434	0.000000	0.000000
497.490000	0.541502	-1.147336	1.383432	0.000000	0.000000
497.500000	0.541504	-1.147342	1.383429	0.000000	0.000000
497.510000	0.541505	-1.147345	1.383426	0.000000	0.000000
497.520000	0.541507	-1.147347	1.383422	0.000000	0.000000
497.530000	0.541509	-1.147349	1.383419	0.000000	0.000000
497.540000	0.541512	-1.147353	1.383416	0.000000	0.000000
497.550000	0.541516	-1.147360	1.383413	0.000000	0.000000
497.560000	0.541521	-1.147369	1.383410	0.000000	0.000000
497.570000	0.541525	-1.147380	1.383407	0.000000	0.000000
497.580000	0.541528	-1.147391	1.383404	0.000000	0.000000
497.590000	0.541532	-1.147399	1.383401	0.000000	0.000000
497.600000	0.541535	-1.147405	1.383398	0.000000	0.000000
497.610000	0.541537	-1.147408	1.383395	0.000000	0.000000
497.620000	0.541539	-1.147409	1.383392	0.000000	0.000000
497.630000	0.541541	-1.147410	1.383390	0.000000	0.000000
497.640000	0.541543	-1.147412	1.383387	0.000000	0.000000
497.650000	0.541544	-1.147415	1.383384	0.000000	0.000000
497.660000	0.541546	-1.147418	1.383382	0.000000	0.000000
497.670000	0.541548	-1.147422	1.383379	0.000000	0.000000
497.680000	0.541550	-1.147425	1.383377	0.000000	0.000000
497.690000	0.541552	-1.147429	1.383374	0.000000	0.000000
497.700000	0.541554	-1.147432	1.383372	0.000000	0.000000
497.710000	0.541556	-1.147436	1.383370	0.000000	0.000000
497.720000	0.541559	-1.147440	1.383368	0.000000	0.000000
497.730000	0.541561	-1.147443	1.383365	0.000000	0.000000
497.740000	0.541563	-1.147445	1.383363	0.000000	0.000000
497.750000	0.541565	-1.147447	1.383362	0.000000	0.000000
497.760000	0.541565	-1.147447	1.383360	0.000000	0.000000
497.770000	0.541565	-1.147447	1.383358	0.000000	0.000000
497.780000	0.541566	-1.147446	1.383356	0.000000	0.000000
497.790000	0.541566	-1.147445	1.383355	0.000000	0.000000
497.800000	0.541564	-1.147443	1.383353	0.000000	0.000000
497.810000	0.541563	-1.147441	1.383352	0.000000	0.000000
497.820000	0.541561	-1.147438	1.383351	0.000000	0.000000
497.830000	0.541560	-1.147436	1.383349	0.000000	0.000000
497.840000	0.541558	-1.147433	1.383348	0.000000	0.000000
497.850000	0.541556	-1.147430	1.383347	0.000000	0.000000
497.860000	0.541554	-1.147427	1.383346	0.000000	0.000000
497.870000	0.541553	-1.147423	1.383344	0.000000	0.000000
497.880000	0.541552	-1.147420	1.383343	0.000000	0.000000
497.890000	0.541551	-1.147418	1.383342	0.000000	0.000000
497.900000	0.541550	-1.147416	1.383341	0.000000	0.000000
497.910000	0.541549	-1.147415	1.383340	0.000000	0.000000
497.920000	0.541549	-1.147415	1.383339	0.000000	0.000000
497.930000	0.541548	-1.147415	1.383337	0.000000	0.000000
497.940000	0.541548	-1.147415	1.383336	0.000000	0.000000
497.950000	0.541547	-1.147416	1.383335	0.000000	0.000000
497.960000	0.541548	-1.147416	1.383333	0.000000	0.000000
497.970000	0.541548	-1.147417	1.383332	0.000000	0.000000
497.980000	0.541548	-1.147417	1.383330	0.000000	0.000000
497.990000	0.541548	-1.147418	1.383329	0.000000	0.000000
498.000000	0.541549	-1.147418	1.383327	0.000000	0.000000
498.010000	0.541550	-1.147419	1.383325	0.000000	0.000000
498.020000	0.541550	-1.147420	1.383324	0.000000	0.000000
498.030000	0.541551	-1.147420	1.383322	0.000000	0.000000
498.040000	0.541552	-1.147420	1.383320	0.000000	0.000000
498.050000	0.541553	-1.147421	1.383318	0.000000	0.000000
498.060000	0.541555	-1.147421	1.383316	0.000000	0.000000
498.070000	0.541557	-1.147422	1.383314	0.000000	0.000000
498.080000	0.541561	-1.147423	1.383312	0.000000	0.000000
498.090000	0.541564	-1.147424	1.383310	0.000000	0.000000
498.100000	0.541565	-1.147423	1.383308	0.000000	0.000000
498.110000	0.541567	-1.147421	1.383305	0.000000	0.000000
498.120000	0.541569	-1.147421	1.383303	0.000000	0.000000
498.130000	0.541573	-1.147423	1.383301	0.000000	0.000000
498.140000	0.541577	-1.147429	1.383298	0.000000	0.000000
498.150000	0.541581	-1.147436	1.383296	0.000000	0.000000
498.160000	0.541585	-1.147444	1.383294	0.000000	0.000000
498.170000	0.541588	-1.147451	1.383292	0.000000	0.000000
498.180000	0.541592	-1.147457	1.383289	0.000000	0.000000
498.190000	0.541595	-1.147463	1.383287	0.000000	0.000000
498.200000	0.541598	-1.147468	1.383285	0.000000	0.000000
498.210000	0.541601	-1.147472	1.383283	0.000000	0.000000
498.220000	0.541605	-1.147477	1.383281	0.000000	0.000000
498.230000	0.541608	-1.147480	1.383279	0.000000	0.000000
498.240000	0.541612	-1.147483	1.383277	0.000000	0.000000
498.250000	0.541615	-1.147485	1.383275	0.000000	0.000000
498.260000	0.541617	-1.147485	1.383273	0.000000	0.000000
498.270000	0.541619	-1.147484	1.383271	0.000000	0.000000
498.280000	0.541620	-1.147483	1.383269	0.000000	0.000000
498.290000	0.541621	-1.147481	1.383267	0.000000	0.000000
498.300000	0.541622	-1.147481	1.383265	0.000000	0.000000
498.310000	0.541624	-1.147481	1.383263	0.000000	0.000000
498.320000	0.541626	-1.147481	1.383261	0.000000	0.000000
498.330000	0.541627	-1.147482	1.383259	0.000000	0.000000
498.340000	0.541629	-1.147483	1.383257	0.000000	0.000000
498.350000	0.541630	-1.147485	1.383255	0.000000	0.000000
498.360000	0.541631	-1.147487	1.383253	0.000000	0.000000
498.370000	0.541633	-1.147489	1.383251	0.000000	0.000000
498.380000	0.541634	-1.147492	1.383248	0.000000	0.000000
498.390000	0.541635	-1.147493	1.383246	0.000000	0.000000
498.400000	0.541635	-1.147493	1.383243	0.000000	0.000000
498.410000	0.541635	-1.147492	1.383241	0.000000	0.000000
498.420000	0.541635	-1.147490	1.383238	0.000000	0.000000
498.430000	0.541635	-1.147489	1.383236	0.000000	0.000000
498.440000	0.541636	-1.147488	1.383233	0.000000	0.000000
498.450000	0.541637	-1.147489	1.383231	0.000000	0.000000
498.460000	0.541638	-1.147491	1.383228	0.000000	0.000000
498.470000	0.541641	-1.147495	1.383226	0.000000	0.000000
498.480000	0.541644	-1.147500	1.383223	0.000000	0.000000
498.490000	0.541647	-1.147505	1.383220	0.000000	0.000000
498.500000	0.541650	-1.147510	1.383218	0.000000	0.000000
498.510000	0.541652	-1.147514	1.383215	0.000000	0.000000
498.520000	0.541655	-1.147516	1.383212	0.000000	0.000000
498.530000	0.541656	-1.147516	1.383209	0.000000	0.000000
498.540000	0.541656	-1.147513	1.383206	0.000000	0.000000
498.550000	0.541656	-1.147510	1.383203	0.000000	0.000000
498.560000	0.541655	-1.147507	1.383200	0.000000	0.000000
498.570000	0.541654	-1.147504	1.383197	0.000000	0.000000
498.580000	0.541654	-1.147503	1.383194	0.000000	0.000000
498.590000	0.541653	-1.147503	1.383191	0.000000	0.000000
498.600000	0.541653	-1.147505	1.383187	0.000000	0.000000
498.610000	0.541654	-1.147508	1.383184	0.000000	0.000000
498.620000	0.541655	-1.147512	1.383180	0.000000	0.000000
498.630000	0.541656	-1.147518	1.383177	0.000000	0.000000
498.640000	0.541657	-1.147525	1.383173	0.000000	0.000000
498.650000	0.541658	-1.147531	1.383169	0.000000	0.000000
498.660000	0.541658	-1.147538	1.383165	0.000000	0.000000
498.670000	0.541660	-1.147548	1.383161	0.000000	0.000000
498.680000	0.541661	-1.147561	1.383157	0.000000	0.000000
498.690000	0.541664	-1.147575	1.383153	0.000000	0.000000
498.700000	0.541666	-1.147588	1.383149	0.000000	0.000000
498.710000	0.541668	-1.147600	1.383145	0.000000	0.000000
498.720000	0.541669	-1.147611	1.383141	0.000000	0.000000
498.730000	0.541670	-1.147621	1.383137	0.000000	0.000000
498.740000	0.541672	-1.147629	1.383133	0.000000	0.000000
498.750000	0.541672	-1.147636	1.383129	0.000000	0.000000
498.760000	0.541673	-1.147641	1.383125	0.000000	0.000000
498.770000	0.541674	-1.147645	1.383121	0.000000	0.000000
498.780000	0.541674	-1.147648	1.383117	0.000000	0.000000
498.790000	0.541675	-1.147651	1.383113	0.000000	0.000000
498.800000	0.541676	-1.147653	1.383110	0.000000	0.000000
498.810000	0.541676	-1.147656	1.383106	0.000000	0.000000
498.820000	0.541676	-1.147658	1.383103	0.000000	0.000000
498.830000	0.541677	-1.147659	1.383099	0.000000	0.000000
498.840000	0.541678	-1.147662	1.383096	0.000000	0.000000
498.850000	0.541680	-1.147664	1.383093	0.000000	0.000000
498.860000	0.541682	-1.147666	1.383089	0.000000	0.000000
498.870000	0.541683	-1.147666	1.383086	0.000000	0.000000
498.880000	0.541685	-1.147665	1.383083	0.000000	0.000000
498.890000	0.541686	-1.147664	1.383080	0.000000	0.000000
498.900000	0.541685	-1.147664	1.383076	0.000000	0.000000
498.910000	0.541685	-1.147663	1.383073	0.000000	0.000000
498.920000	0.541685	-1.147662	1.383070	0.000000	0.000000
498.930000	0.541685	-1.147661	1.383067	0.000000	0.000000
498.940000	0.541684	-1.147661	1.383063	0.000000	0.000000
498.950000	0.541685	-1.147661	1.383060	0.000000	0.000000
498.960000	0.541686	-1.147663	1.383057	0.000000	0.000000
498.970000	0.541688	-1.147667	1.383054	0.000000	0.000000
498.980000	0.541690	-1.147674	1.383051	0.000000	0.000000
498.990000	0.541693	-1.147682	1.383048	0.000000	0.000000
499.000000	0.541697	-1.147691	1.383045	0.000000	0.000000
499.010000	0.541700	-1.147701	1.383042	0.000000	0.000000
499.020000	0.541703	-1.147710	1.383039	0.000000	0.000000
499.030000	0.541704	-1.147713	1.383036	0.000000	0.000000
499.040000	0.541704	-1.147712	1.383033	0.000000	0.000000
499.050000	0.541704	-1.147712	1.383030	0.000000	0.000000
499.060000	0.541705	-1.147714	1.383028	0.000000	0.000000
499.070000	0.541707	-1.147718	1.383025	0.000000	0.000000
499.080000	0.541708	-1.147720	1.383023	0.000000	0.000000
499.090000	0.541708	-1.147722	1.383021	0.000000	0.000000
499.100000	0.541708	-1.147723	1.383019	0.000000	0.000000
499.110000	0.541708	-1.147724	1.383016	0.000000	0.000000
499.120000	0.541707	-1.147723	1.383014	0.000000	0.000000
499.130000	0.541706	-1.147723	1.383013	0.000000	0.000000
499.140000	0.541706	-1.147723	1.383011	0.000000	0.000000
499.150000	0.541706	-1.147723	1.383009	0.000000	0.000000
499.160000	0.541704	-1.147722	1.383007	0.000000	0.000000
499.170000	0.541702	-1.147718	1.383006	0.000000	0.000000
499.180000	0.541699	-1.147713	1.383004	0.000000	0.000000
499.190000	0.541696	-1.147706	1.383002	0.000000	0.000000
499.200000	0.541693	-1.147701	1.383000	0.000000	0.000000
499.210000	0.541691	-1.147697	1.382999	0.000000	0.000000
499.220000	0.541689	-1.147694	1.382997	0.000000	0.000000
499.230000	0.541687	-1.147689	1.382995	0.000000	0.000000
499.240000	0.541684	-1.147683	1.382993	0.000000	0.000000
499.250000	0.541682	-1.147677	1.382992	0.000000	0.000000
499.260000	0.541680	-1.147673	1.382990	0.000000	0.000000
499.270000	0.541680	-1.147672	1.382988	0.000000	0.000000
499.280000	0.541680	-1.147675	1.382986	0.000000	0.000000
499.290000	0.541680	-1.147680	1.382984	0.000000	0.000000
499.300000	0.541682	-1.147687	1.382982	0.000000	0.000000
499.310000	0.541684	-1.147696	1.382980	0.000000	0.000000
499.320000	0.541688	-1.147705	1.382978	0.000000	0.000000
499.330000	0.541690	-1.147714	1.382975	0.000000	0.000000
499.340000	0.541693	-1.147722	1.382973	0.000000	0.000000
499.350000	0.541695	-1.147731	1.382971	0.000000	0.000000
499.360000	0.541697	-1.147741	1.382968	0.000000	0.000000
499.370000	0.541700	-1.147751	1.382966	0.000000	0.000000
499.380000	0.541703	-1.147763	1.382963	0.000000	0.000000
499.390000	0.541705	-1.147775	1.382961	0.000000	0.000000
499.400000	0.541707	-1.147786	1.382958	0.000000	0.000000
499.410000	0.541709	-1.147797	1.382956	0.000000	0.000000
499.420000	0.541711	-1.147805	1.382953	0.000000	0.000000
499.430000	0.541712	-1.147810	1.382950	0.000000	0.000000
499.440000	0.541713	-1.147814	1.382947	0.000000	0.000000
499.450000	0.541714	-1.147820	1.382944	0.000000	0.000000
499.460000	0.541715	-1.147827	1.382942	0.000000	0.000000
499.470000	0.541716	-1.147835	1.382939	0.000000	0.000000
499.480000	0.541717	-1.147841	1.382936	0.000000	0.000000
499.490000	0.541716	-1.147846	1.382933	0.000000	0.000000
499.500000	0.541716	-1.147852	1.382931	0.000000	0.000000
499.510000	0.541717	-1.147860	1.382928	0.000000	0.000000
499.520000	0.541717	-1.147870	1.382925	0.000000	0.000000
499.530000	0.541719	-1.147882	1.382923	0.000000	0.000000
499.540000	0.541720	-1.147894	1.382921	0.000000	0.000000
499.550000	0.541722	-1.147907	1.382919	0.000000	0.000000
499.560000	0.541724	-1.147919	1.382917	0.000000	0.000000
499.570000	0.541726	-1.147932	1.382915	0.000000	0.000000
499.580000	0.541727	-1.147944	1.382913	0.000000	0.000000
499.590000	0.541728	-1.147955	1.382911	0.000000	0.000000
499.600000	0.541728	-1.147965	1.382909	0.000000	0.000000
499.610000	0.541728	-1.147974	1.382907	0.000000	0.000000
499.620000	0.541728	-1.147982	1.382906	0.000000	0.000000
499.630000	0.541727	-1.147990	1.382904	0.000000	0.000000
499.640000	0.541726	-1.147998	1.382902	0.000000	0.000000
499.650000	0.541725	-1.148005	1.382900	0.000000	0.000000
499.660000	0.541724	-1.148011	1.382899	0.000000	0.000000
499.670000	0.541722	-1.148016	1.382897	0.000000	0.000000
499.680000	0.541720	-1.148021	1.382895	0.000000	0.000000
499.690000	0.541719	-1.148025	1.382893	0.000000	0.000000
499.700000	0.541718	-1.148029	1.382891	0.000000	0.000000
499.710000	0.541716	-1.148033	1.382889	0.000000	0.000000
499.720000	0.541716	-1.148037	1.382887	0.000000	0.000000
499.730000	0.541715	-1.148042	1.382885	0.000000	0.000000
499.740000	0.541714	-1.148048	1.382883	0.000000	0.000000
499.750000	0.541713	-1.148053	1.382881	0.000000	0.000000
499.760000	0.541712	-1.148059	1.382879	0.000000	0.000000
499.770000	0.541711	-1.148065	1.382877	0.000000	0.000000
499.780000	0.541710	-1.148071	1.382874	0.000000	0.000000
499.790000	0.541710	-1.148077	1.382872	0.000000	0.000000
499.800000	0.541709	-1.148084	1.382869	0.000000	0.000000
499.810000	0.541709	-1.148092	1.382867	0.000000	0.000000
499.820000	0.541709	-1.148100	1.382864	0.000000	0.000000
499.830000	0.541708	-1.148108	1.382862	0.000000	0.000000
499.840000	0.541708	-1.148116	1.382859	0.000000	0.000000
499.850000	0.541708	-1.148123	1.382857	0.000000	0.000000
499.860000	0.541707	-1.148129	1.382854	0.000000	0.000000
499.870000	0.541706	-1.148136	1.382851	0.000000	0.000000
499.880000	0.541706	-1.148144	1.382848	0.000000	0.000000
499.890000	0.541707	-1.148155	1.382845	0.000000	0.000000
499.900000	0.541709	-1.148167	1.382842	0.000000	0.000000
499.910000	0.541713	-1.148181	1.382839	0.000000	0.000000
499.920000	0.541716	-1.148193	1.382836	0.000000	0.000000
499.930000	0.541719	-1.148202	1.382833	0.000000	0.000000
499.940000	0.541721	-1.148209	1.382830	0.000000	0.000000
499.950000	0.541722	-1.148216	1.382827	0.000000	0.000000
499.960000	0.541724	-1.148224	1.382823	0.000000	0.000000
499.970000	0.541725	-1.148233	1.382820	0.000000	0.000000
499.980000	0.541728	-1.148242	1.382816	0.000000	0.000000
499.990000	0.541730	-1.148250	1.382813	0.000000	0.000000
