t	Ecin	Epot	Rg	buf4	buf5
700.000000	0.540194	-1.137799	1.380202	0.000000	0.000000
700.010000	0.540192	-1.137792	1.380201	0.000000	0.000000
700.020000	0.540191	-1.137785	1.380201	0.000000	0.000000
700.030000	0.540190	-1.137781	1.380200	0.000000	0.000000
700.040000	0.540190	-1.137777	1.380199	0.000000	0.000000
700.050000	0.540190	-1.137775	1.380198	0.000000	0.000000
700.060000	0.540191	-1.137773	1.380198	0.000000	0.000000
700.070000	0.540191	-1.137771	1.380197	0.000000	0.000000
700.080000	0.540191	-1.137767	1.380196	0.000000	0.000000
700.090000	0.540191	-1.137761	1.380195	0.000000	0.000000
700.100000	0.540190	-1.137754	1.380194	0.000000	0.000000
700.110000	0.540188	-1.137746	1.380194	0.000000	0.000000
700.120000	0.540186	-1.137736	1.380193	0.000000	0.000000
700.130000	0.540184	-1.137728	1.380192	0.000000	0.000000
700.140000	0.540183	-1.137723	1.380191	0.000000	0.000000
700.150000	0.540184	-1.137720	1.380190	0.000000	0.000000
700.160000	0.540185	-1.137719	1.380189	0.000000	0.000000
700.170000	0.540187	-1.137719	1.380189	0.000000	0.000000
700.180000	0.540189	-1.137721	1.380188	0.000000	0.000000
700.190000	0.540192	-1.137722	1.380187	0.000000	0.000000
700.200000	0.540194	-1.137724	1.380186	0.000000	0.000000
700.210000	0.540195	-1.137724	1.380185	0.000000	0.000000
700.220000	0.540196	-1.137724	1.380185	0.000000	0.000000
700.230000	0.540196	-1.137721	1.380184	0.000000	0.000000
700.240000	0.540196	-1.137716	1.380183	0.000000	0.000000
700.250000	0.540196	-1.137709	1.380182	0.000000	0.000000
700.260000	0.540195	-1.137701	1.380181	0.000000	0.000000
700.270000	0.540194	-1.137692	1.380181	0.000000	0.000000
700.280000	0.540193	-1.137684	1.380180	0.000000	0.000000
700.290000	0.540193	-1.137677	1.380179	0.000000	0.000000
700.300000	0.540192	-1.137672	1.380179	0.000000	0.000000
700.310000	0.540193	-1.137668	1.380178	0.000000	0.000000
700.320000	0.540194	-1.137667	1.380178	0.000000	0.000000
700.330000	0.540195	-1.137668	1.380177	0.000000	0.000000
700.340000	0.540198	-1.137670	1.380177	0.000000	0.000000
700.350000	0.540200	-1.137673	1.380177	0.000000	0.000000
700.360000	0.540203	-1.137677	1.380177	0.000000	0.000000
700.370000	0.540207	-1.137681	1.380177	0.000000	0.000000
700.380000	0.540209	-1.137684	1.380177	0.000000	0.000000
700.390000	0.540212	-1.137686	1.380177	0.000000	0.000000
700.400000	0.540214	-1.137686	1.380177	0.000000	0.000000
700.410000	0.540215	-1.137683	1.380178	0.000000	0.000000
700.420000	0.540215	-1.137680	1.380178	0.000000	0.000000
700.430000	0.540215	-1.137675	1.380179	0.000000	0.000000
700.440000	0.540215	-1.137671	1.380179	0.000000	0.000000
700.450000	0.540215	-1.137667	1.380180	0.000000	0.000000
700.460000	0.540215	-1.137663	1.380181	0.000000	0.000000
700.470000	0.540216	-1.137660	1.380182	0.000000	0.000000
700.480000	0.540216	-1.137657	1.380183	0.000000	0.000000
700.490000	0.540217	-1.137655	1.380184	0.000000	0.000000
700.500000	0.540218	-1.137651	1.380185	0.000000	0.000000
700.510000	0.540217	-1.137646	1.380186	0.000000	0.000000
700.520000	0.540216	-1.137640	1.380188	0.000000	0.000000
700.530000	0.540215	-1.137632	1.380189	0.000000	0.000000
700.540000	0.540215	-1.137623	1.380191	0.000000	0.000000
700.550000	0.540214	-1.137615	1.380192	0.000000	0.000000
700.560000	0.540213	-1.137607	1.380194	0.000000	0.000000
700.570000	0.540212	-1.137600	1.380195	0.000000	0.000000
700.580000	0.540212	-1.137594	1.380197	0.000000	0.000000
700.590000	0.540211	-1.137588	1.380199	0.000000	0.000000
700.600000	0.540211	-1.137581	1.380200	0.000000	0.000000
700.610000	0.540210	-1.137574	1.380202	0.000000	0.000000
700.620000	0.540209	-1.137567	1.380204	0.000000	0.000000
700.630000	0.540209	-1.137560	1.380205	0.000000	0.000000
700.640000	0.540208	-1.137553	1.380207	0.000000	0.000000
700.650000	0.540207	-1.137546	1.380209	0.000000	0.000000
700.660000	0.540207	-1.137540	1.380211	0.000000	0.000000
700.670000	0.540207	-1.137534	1.380213	0.000000	0.000000
700.680000	0.540207	-1.137529	1.380214	0.000000	0.000000
700.690000	0.540207	-1.137524	1.380216	0.000000	0.000000
700.700000	0.540207	-1.137519	1.380218	0.000000	0.000000
700.710000	0.540207	-1.137515	1.380220	0.000000	0.000000
700.720000	0.540208	-1.137509	1.380222	0.000000	0.000000
700.730000	0.540207	-1.137504	1.380223	0.000000	0.000000
700.740000	0.540207	-1.137499	1.380225	0.000000	0.000000
700.750000	0.540208	-1.137494	1.380227	0.000000	0.000000
700.760000	0.540209	-1.137491	1.380229	0.000000	0.000000
700.770000	0.540211	-1.137488	1.380231	0.000000	0.000000
700.780000	0.540212	-1.137484	1.380233	0.000000	0.000000
700.790000	0.540212	-1.137478	1.380235	0.000000	0.000000
700.800000	0.540212	-1.137471	1.380237	0.000000	0.000000
700.810000	0.540211	-1.137464	1.380239	0.000000	0.000000
700.820000	0.540210	-1.137456	1.380241	0.000000	0.000000
700.830000	0.540209	-1.137447	1.380243	0.000000	0.000000
700.840000	0.540209	-1.137439	1.380245	0.000000	0.000000
700.850000	0.540209	-1.137432	1.380247	0.000000	0.000000
700.860000	0.540209	-1.137427	1.380249	0.000000	0.000000
700.870000	0.540209	-1.137422	1.380251	0.000000	0.000000
700.880000	0.540210	-1.137419	1.380253	0.000000	0.000000
700.890000	0.540211	-1.137417	1.380255	0.000000	0.000000
700.900000	0.540212	-1.137417	1.380256	0.000000	0.000000
700.910000	0.540214	-1.137419	1.380258	0.000000	0.000000
700.920000	0.540215	-1.137421	1.380259	0.000000	0.000000
700.930000	0.540217	-1.137424	1.380261	0.000000	0.000000
700.940000	0.540219	-1.137425	1.380262	0.000000	0.000000
700.950000	0.540219	-1.137426	1.380264	0.000000	0.000000
700.960000	0.540219	-1.137424	1.380265	0.000000	0.000000
700.970000	0.540218	-1.137421	1.380267	0.000000	0.000000
700.980000	0.540217	-1.137417	1.380268	0.000000	0.000000
700.990000	0.540216	-1.137414	1.380269	0.000000	0.000000
701.000000	0.540215	-1.137411	1.380271	0.000000	0.000000
701.010000	0.540214	-1.137409	1.380272	0.000000	0.000000
701.020000	0.540213	-1.137407	1.380273	0.000000	0.000000
701.030000	0.540212	-1.137405	1.380275	0.000000	0.000000
701.040000	0.540211	-1.137403	1.380276	0.000000	0.000000
701.050000	0.540210	-1.137401	1.380278	0.000000	0.000000
701.060000	0.540210	-1.137398	1.380279	0.000000	0.000000
701.070000	0.540209	-1.137396	1.380281	0.000000	0.000000
701.080000	0.540209	-1.137393	1.380283	0.000000	0.000000
701.090000	0.540207	-1.137389	1.380284	0.000000	0.000000
701.100000	0.540207	-1.137385	1.380286	0.000000	0.000000
701.110000	0.540206	-1.137381	1.380288	0.000000	0.000000
701.120000	0.540205	-1.137375	1.380290	0.000000	0.000000
701.130000	0.540204	-1.137368	1.380291	0.000000	0.000000
701.140000	0.540203	-1.137359	1.380293	0.000000	0.000000
701.150000	0.540201	-1.137351	1.380295	0.000000	0.000000
701.160000	0.540199	-1.137343	1.380297	0.000000	0.000000
701.170000	0.540197	-1.137335	1.380299	0.000000	0.000000
701.180000	0.540196	-1.137329	1.380300	0.000000	0.000000
701.190000	0.540195	-1.137324	1.380302	0.000000	0.000000
701.200000	0.540194	-1.137319	1.380304	0.000000	0.000000
701.210000	0.540193	-1.137315	1.380305	0.000000	0.000000
701.220000	0.540191	-1.137311	1.380307	0.000000	0.000000
701.230000	0.540190	-1.137306	1.380309	0.000000	0.000000
701.240000	0.540189	-1.137301	1.380310	0.000000	0.000000
701.250000	0.540188	-1.137297	1.380312	0.000000	0.000000
701.260000	0.540188	-1.137295	1.380314	0.000000	0.000000
701.270000	0.540188	-1.137294	1.380315	0.000000	0.000000
701.280000	0.540188	-1.137296	1.380317	0.000000	0.000000
701.290000	0.540190	-1.137300	1.380318	0.000000	0.000000
701.300000	0.540192	-1.137305	1.380320	0.000000	0.000000
701.310000	0.540194	-1.137310	1.380322	0.000000	0.000000
701.320000	0.540195	-1.137312	1.380323	0.000000	0.000000
701.330000	0.540196	-1.137313	1.380325	0.000000	0.000000
701.340000	0.540195	-1.137311	1.380327	0.000000	0.000000
701.350000	0.540194	-1.137307	1.380329	0.000000	0.000000
701.360000	0.540192	-1.137304	1.380331	0.000000	0.000000
701.370000	0.540191	-1.137301	1.380332	0.000000	0.000000
701.380000	0.540190	-1.137299	1.380334	0.000000	0.000000
701.390000	0.540190	-1.137296	1.380336	0.000000	0.000000
701.400000	0.540189	-1.137292	1.380338	0.000000	0.000000
701.410000	0.540188	-1.137287	1.380340	0.000000	0.000000
701.420000	0.540186	-1.137282	1.380342	0.000000	0.000000
701.430000	0.540185	-1.137275	1.380344	0.000000	0.000000
701.440000	0.540183	-1.137268	1.380347	0.000000	0.000000
701.450000	0.540181	-1.137262	1.380349	0.000000	0.000000
701.460000	0.540180	-1.137256	1.380351	0.000000	0.000000
701.470000	0.540178	-1.137251	1.380353	0.000000	0.000000
701.480000	0.540177	-1.137248	1.380355	0.000000	0.000000
701.490000	0.540177	-1.137245	1.380357	0.000000	0.000000
701.500000	0.540177	-1.137244	1.380359	0.000000	0.000000
701.510000	0.540177	-1.137243	1.380361	0.000000	0.000000
701.520000	0.540178	-1.137243	1.380363	0.000000	0.000000
701.530000	0.540179	-1.137243	1.380365	0.000000	0.000000
701.540000	0.540180	-1.137243	1.380367	0.000000	0.000000
701.550000	0.540181	-1.137243	1.380369	0.000000	0.000000
701.560000	0.540182	-1.137243	1.380371	0.000000	0.000000
701.570000	0.540183	-1.137241	1.380373	0.000000	0.000000
701.580000	0.540183	-1.137238	1.380375	0.000000	0.000000
701.590000	0.540183	-1.137234	1.380377	0.000000	0.000000
701.600000	0.540183	-1.137230	1.380379	0.000000	0.000000
701.610000	0.540182	-1.137225	1.380381	0.000000	0.000000
701.620000	0.540182	-1.137221	1.380383	0.000000	0.000000
701.630000	0.540182	-1.137219	1.380385	0.000000	0.000000
701.640000	0.540182	-1.137217	1.380387	0.000000	0.000000
701.650000	0.540182	-1.137216	1.380389	0.000000	0.000000
701.660000	0.540182	-1.137215	1.380391	0.000000	0.000000
701.670000	0.540182	-1.137214	1.380393	0.000000	0.000000
701.680000	0.540182	-1.137214	1.380395	0.000000	0.000000
701.690000	0.540182	-1.137213	1.380397	0.000000	0.000000
701.700000	0.540183	-1.137213	1.380399	0.000000	0.000000
701.710000	0.540183	-1.137212	1.380401	0.000000	0.000000
701.720000	0.540184	-1.137212	1.380403	0.000000	0.000000
701.730000	0.540185	-1.137211	1.380406	0.000000	0.000000
701.740000	0.540186	-1.137209	1.380408	0.000000	0.000000
701.750000	0.540187	-1.137207	1.380410	0.000000	0.000000
701.760000	0.540188	-1.137204	1.380412	0.000000	0.000000
701.770000	0.540188	-1.137199	1.380414	0.000000	0.000000
701.780000	0.540187	-1.137192	1.380416	0.000000	0.000000
701.790000	0.540186	-1.137186	1.380418	0.000000	0.000000
701.800000	0.540185	-1.137180	1.380421	0.000000	0.000000
701.810000	0.540185	-1.137175	1.380423	0.000000	0.000000
701.820000	0.540185	-1.137173	1.380425	0.000000	0.000000
701.830000	0.540185	-1.137172	1.380427	0.000000	0.000000
701.840000	0.540185	-1.137172	1.380429	0.000000	0.000000
701.850000	0.540185	-1.137172	1.380431	0.000000	0.000000
701.860000	0.540185	-1.137173	1.380433	0.000000	0.000000
701.870000	0.540186	-1.137174	1.380436	0.000000	0.000000
701.880000	0.540187	-1.137176	1.380438	0.000000	0.000000
701.890000	0.540188	-1.137177	1.380440	0.000000	0.000000
701.900000	0.540189	-1.137178	1.380443	0.000000	0.000000
701.910000	0.540189	-1.137179	1.380445	0.000000	0.000000
701.920000	0.540190	-1.137178	1.380447	0.000000	0.000000
701.930000	0.540190	-1.137177	1.380450	0.000000	0.000000
701.940000	0.540190	-1.137175	1.380452	0.000000	0.000000
701.950000	0.540190	-1.137175	1.380454	0.000000	0.000000
701.960000	0.540190	-1.137175	1.380457	0.000000	0.000000
701.970000	0.540190	-1.137176	1.380460	0.000000	0.000000
701.980000	0.540190	-1.137177	1.380462	0.000000	0.000000
701.990000	0.540190	-1.137179	1.380465	0.000000	0.000000
702.000000	0.540190	-1.137180	1.380467	0.000000	0.000000
702.010000	0.540190	-1.137181	1.380470	0.000000	0.000000
702.020000	0.540190	-1.137182	1.380473	0.000000	0.000000
702.030000	0.540189	-1.137181	1.380476	0.000000	0.000000
702.040000	0.540188	-1.137181	1.380479	0.000000	0.000000
702.050000	0.540186	-1.137180	1.380481	0.000000	0.000000
702.060000	0.540185	-1.137180	1.380484	0.000000	0.000000
702.070000	0.540183	-1.137179	1.380487	0.000000	0.000000
702.080000	0.540181	-1.137178	1.380490	0.000000	0.000000
702.090000	0.540179	-1.137178	1.380493	0.000000	0.000000
702.100000	0.540177	-1.137177	1.380496	0.000000	0.000000
702.110000	0.540175	-1.137176	1.380499	0.000000	0.000000
702.120000	0.540173	-1.137175	1.380502	0.000000	0.000000
702.130000	0.540172	-1.137173	1.380505	0.000000	0.000000
702.140000	0.540170	-1.137172	1.380508	0.000000	0.000000
702.150000	0.540168	-1.137171	1.380511	0.000000	0.000000
702.160000	0.540166	-1.137169	1.380514	0.000000	0.000000
702.170000	0.540164	-1.137167	1.380517	0.000000	0.000000
702.180000	0.540162	-1.137164	1.380519	0.000000	0.000000
702.190000	0.540159	-1.137161	1.380522	0.000000	0.000000
702.200000	0.540156	-1.137158	1.380525	0.000000	0.000000
702.210000	0.540154	-1.137156	1.380528	0.000000	0.000000
702.220000	0.540153	-1.137155	1.380530	0.000000	0.000000
702.230000	0.540151	-1.137156	1.380533	0.000000	0.000000
702.240000	0.540150	-1.137159	1.380536	0.000000	0.000000
702.250000	0.540150	-1.137162	1.380538	0.000000	0.000000
702.260000	0.540149	-1.137166	1.380541	0.000000	0.000000
702.270000	0.540149	-1.137169	1.380544	0.000000	0.000000
702.280000	0.540148	-1.137171	1.380546	0.000000	0.000000
702.290000	0.540147	-1.137172	1.380549	0.000000	0.000000
702.300000	0.540146	-1.137173	1.380552	0.000000	0.000000
702.310000	0.540144	-1.137173	1.380554	0.000000	0.000000
702.320000	0.540143	-1.137173	1.380557	0.000000	0.000000
702.330000	0.540141	-1.137172	1.380560	0.000000	0.000000
702.340000	0.540139	-1.137171	1.380562	0.000000	0.000000
702.350000	0.540138	-1.137170	1.380565	0.000000	0.000000
702.360000	0.540136	-1.137168	1.380567	0.000000	0.000000
702.370000	0.540135	-1.137167	1.380570	0.000000	0.000000
702.380000	0.540135	-1.137167	1.380572	0.000000	0.000000
702.390000	0.540134	-1.137168	1.380575	0.000000	0.000000
702.400000	0.540134	-1.137171	1.380577	0.000000	0.000000
702.410000	0.540134	-1.137174	1.380580	0.000000	0.000000
702.420000	0.540135	-1.137177	1.380582	0.000000	0.000000
702.430000	0.540135	-1.137181	1.380585	0.000000	0.000000
702.440000	0.540135	-1.137184	1.380587	0.000000	0.000000
702.450000	0.540135	-1.137186	1.380590	0.000000	0.000000
702.460000	0.540134	-1.137186	1.380593	0.000000	0.000000
702.470000	0.540133	-1.137186	1.380595	0.000000	0.000000
702.480000	0.540132	-1.137185	1.380598	0.000000	0.000000
702.490000	0.540130	-1.137183	1.380601	0.000000	0.000000
702.500000	0.540129	-1.137180	1.380603	0.000000	0.000000
702.510000	0.540127	-1.137177	1.380606	0.000000	0.000000
702.520000	0.540125	-1.137173	1.380609	0.000000	0.000000
702.530000	0.540123	-1.137167	1.380612	0.000000	0.000000
702.540000	0.540120	-1.137161	1.380615	0.000000	0.000000
702.550000	0.540118	-1.137155	1.380618	0.000000	0.000000
702.560000	0.540115	-1.137151	1.380621	0.000000	0.000000
702.570000	0.540113	-1.137147	1.380623	0.000000	0.000000
702.580000	0.540112	-1.137144	1.380626	0.000000	0.000000
702.590000	0.540110	-1.137142	1.380629	0.000000	0.000000
702.600000	0.540109	-1.137141	1.380632	0.000000	0.000000
702.610000	0.540108	-1.137140	1.380635	0.000000	0.000000
702.620000	0.540106	-1.137139	1.380638	0.000000	0.000000
702.630000	0.540103	-1.137137	1.380641	0.000000	0.000000
702.640000	0.540100	-1.137134	1.380644	0.000000	0.000000
702.650000	0.540097	-1.137131	1.380647	0.000000	0.000000
702.660000	0.540094	-1.137128	1.380649	0.000000	0.000000
702.670000	0.540091	-1.137125	1.380652	0.000000	0.000000
702.680000	0.540088	-1.137124	1.380655	0.000000	0.000000
702.690000	0.540086	-1.137123	1.380658	0.000000	0.000000
702.700000	0.540084	-1.137124	1.380660	0.000000	0.000000
702.710000	0.540083	-1.137126	1.380663	0.000000	0.000000
702.720000	0.540081	-1.137127	1.380666	0.000000	0.000000
702.730000	0.540080	-1.137129	1.380668	0.000000	0.000000
702.740000	0.540079	-1.137131	1.380671	0.000000	0.000000
702.750000	0.540078	-1.137133	1.380673	0.000000	0.000000
702.760000	0.540077	-1.137135	1.380676	0.000000	0.000000
702.770000	0.540076	-1.137137	1.380678	0.000000	0.000000
702.780000	0.540076	-1.137138	1.380681	0.000000	0.000000
702.790000	0.540074	-1.137139	1.380683	0.000000	0.000000
702.800000	0.540072	-1.137139	1.380686	0.000000	0.000000
702.810000	0.540070	-1.137138	1.380688	0.000000	0.000000
702.820000	0.540068	-1.137136	1.380690	0.000000	0.000000
702.830000	0.540065	-1.137134	1.380692	0.000000	0.000000
702.840000	0.540062	-1.137133	1.380695	0.000000	0.000000
702.850000	0.540060	-1.137134	1.380697	0.000000	0.000000
702.860000	0.540058	-1.137135	1.380699	0.000000	0.000000
702.870000	0.540057	-1.137137	1.380701	0.000000	0.000000
702.880000	0.540055	-1.137138	1.380703	0.000000	0.000000
702.890000	0.540053	-1.137139	1.380705	0.000000	0.000000
702.900000	0.540051	-1.137139	1.380708	0.000000	0.000000
702.910000	0.540048	-1.137139	1.380710	0.000000	0.000000
702.920000	0.540046	-1.137141	1.380712	0.000000	0.000000
702.930000	0.540045	-1.137142	1.380714	0.000000	0.000000
702.940000	0.540043	-1.137144	1.380716	0.000000	0.000000
702.950000	0.540042	-1.137145	1.380718	0.000000	0.000000
702.960000	0.540039	-1.137145	1.380720	0.000000	0.000000
702.970000	0.540037	-1.137143	1.380722	0.000000	0.000000
702.980000	0.540034	-1.137140	1.380724	0.000000	0.000000
702.990000	0.540030	-1.137137	1.380726	0.000000	0.000000
703.000000	0.540027	-1.137134	1.380728	0.000000	0.000000
703.010000	0.540024	-1.137131	1.380730	0.000000	0.000000
703.020000	0.540022	-1.137128	1.380732	0.000000	0.000000
703.030000	0.540019	-1.137126	1.380734	0.000000	0.000000
703.040000	0.540017	-1.137124	1.380736	0.000000	0.000000
703.050000	0.540015	-1.137122	1.380738	0.000000	0.000000
703.060000	0.540013	-1.137121	1.380740	0.000000	0.000000
703.070000	0.540012	-1.137119	1.380742	0.000000	0.000000
703.080000	0.540011	-1.137117	1.380744	0.000000	0.000000
703.090000	0.540010	-1.137113	1.380746	0.000000	0.000000
703.100000	0.540009	-1.137108	1.380747	0.000000	0.000000
703.110000	0.540008	-1.137103	1.380749	0.000000	0.000000
703.120000	0.540006	-1.137097	1.380751	0.000000	0.000000
703.130000	0.540005	-1.137090	1.380753	0.000000	0.000000
703.140000	0.540004	-1.137083	1.380755	0.000000	0.000000
703.150000	0.540002	-1.137075	1.380756	0.000000	0.000000
703.160000	0.540000	-1.137067	1.380758	0.000000	0.000000
703.170000	0.539998	-1.137058	1.380760	0.000000	0.000000
703.180000	0.539997	-1.137048	1.380761	0.000000	0.000000
703.190000	0.539994	-1.137037	1.380763	0.000000	0.000000
703.200000	0.539992	-1.137027	1.380764	0.000000	0.000000
703.210000	0.539990	-1.137018	1.380766	0.000000	0.000000
703.220000	0.539989	-1.137012	1.380767	0.000000	0.000000
703.230000	0.539990	-1.137007	1.380769	0.000000	0.000000
703.240000	0.539991	-1.137004	1.380770	0.000000	0.000000
703.250000	0.539992	-1.137003	1.380771	0.000000	0.000000
703.260000	0.539994	-1.137005	1.380773	0.000000	0.000000
703.270000	0.539997	-1.137007	1.380774	0.000000	0.000000
703.280000	0.539999	-1.137009	1.380775	0.000000	0.000000
703.290000	0.540000	-1.137010	1.380776	0.000000	0.000000
703.300000	0.540002	-1.137009	1.380777	0.000000	0.000000
703.310000	0.540002	-1.137005	1.380779	0.000000	0.000000
703.320000	0.540002	-1.136998	1.380780	0.000000	0.000000
703.330000	0.540002	-1.136990	1.380781	0.000000	0.000000
703.340000	0.540002	-1.136981	1.380782	0.000000	0.000000
703.350000	0.540001	-1.136972	1.380783	0.000000	0.000000
703.360000	0.540001	-1.136964	1.380785	0.000000	0.000000
703.370000	0.540001	-1.136956	1.380786	0.000000	0.000000
703.380000	0.540001	-1.136949	1.380787	0.000000	0.000000
703.390000	0.540001	-1.136943	1.380788	0.000000	0.000000
703.400000	0.540002	-1.136937	1.380790	0.000000	0.000000
703.410000	0.540002	-1.136932	1.380791	0.000000	0.000000
703.420000	0.540003	-1.136927	1.380792	0.000000	0.000000
703.430000	0.540004	-1.136922	1.380793	0.000000	0.000000
703.440000	0.540005	-1.136917	1.380795	0.000000	0.000000
703.450000	0.540006	-1.136911	1.380796	0.000000	0.000000
703.460000	0.540006	-1.136904	1.380797	0.000000	0.000000
703.470000	0.540006	-1.136896	1.380798	0.000000	0.000000
703.480000	0.540006	-1.136888	1.380799	0.000000	0.000000
703.490000	0.540005	-1.136879	1.380800	0.000000	0.000000
703.500000	0.540004	-1.136871	1.380801	0.000000	0.000000
703.510000	0.540004	-1.136864	1.380802	0.000000	0.000000
703.520000	0.540004	-1.136857	1.380803	0.000000	0.000000
703.530000	0.540003	-1.136850	1.380804	0.000000	0.000000
703.540000	0.540003	-1.136842	1.380805	0.000000	0.000000
703.550000	0.540004	-1.136835	1.380805	0.000000	0.000000
703.560000	0.540004	-1.136828	1.380806	0.000000	0.000000
703.570000	0.540005	-1.136823	1.380806	0.000000	0.000000
703.580000	0.540006	-1.136819	1.380807	0.000000	0.000000
703.590000	0.540009	-1.136819	1.380807	0.000000	0.000000
703.600000	0.540013	-1.136822	1.380807	0.000000	0.000000
703.610000	0.540017	-1.136826	1.380808	0.000000	0.000000
703.620000	0.540021	-1.136831	1.380808	0.000000	0.000000
703.630000	0.540025	-1.136834	1.380808	0.000000	0.000000
703.640000	0.540027	-1.136835	1.380808	0.000000	0.000000
703.650000	0.540029	-1.136835	1.380808	0.000000	0.000000
703.660000	0.540030	-1.136835	1.380808	0.000000	0.000000
703.670000	0.540032	-1.136835	1.380808	0.000000	0.000000
703.680000	0.540034	-1.136837	1.380808	0.000000	0.000000
703.690000	0.540036	-1.136839	1.380807	0.000000	0.000000
703.700000	0.540038	-1.136839	1.380807	0.000000	0.000000
703.710000	0.540039	-1.136837	1.380807	0.000000	0.000000
703.720000	0.540039	-1.136833	1.380807	0.000000	0.000000
703.730000	0.540040	-1.136829	1.380807	0.000000	0.000000
703.740000	0.540040	-1.136824	1.380806	0.000000	0.000000
703.750000	0.540041	-1.136819	1.380806	0.000000	0.000000
703.760000	0.540042	-1.136814	1.380806	0.000000	0.000000
703.770000	0.540044	-1.136812	1.380806	0.000000	0.000000
703.780000	0.540046	-1.136812	1.380805	0.000000	0.000000
703.790000	0.540048	-1.136814	1.380805	0.000000	0.000000
703.800000	0.540051	-1.136817	1.380805	0.000000	0.000000
703.810000	0.540054	-1.136820	1.380804	0.000000	0.000000
703.820000	0.540057	-1.136822	1.380804	0.000000	0.000000
703.830000	0.540060	-1.136822	1.380804	0.000000	0.000000
703.840000	0.540061	-1.136819	1.380803	0.000000	0.000000
703.850000	0.540062	-1.136814	1.380803	0.000000	0.000000
703.860000	0.540062	-1.136807	1.380803	0.000000	0.000000
703.870000	0.540061	-1.136798	1.380802	0.000000	0.000000
703.880000	0.540059	-1.136789	1.380802	0.000000	0.000000
703.890000	0.540059	-1.136784	1.380802	0.000000	0.000000
703.900000	0.540060	-1.136782	1.380801	0.000000	0.000000
703.910000	0.540061	-1.136782	1.380801	0.000000	0.000000
703.920000	0.540062	-1.136784	1.380801	0.000000	0.000000
703.930000	0.540064	-1.136787	1.380800	0.000000	0.000000
703.940000	0.540066	-1.136790	1.380800	0.000000	0.000000
703.950000	0.540067	-1.136792	1.380800	0.000000	0.000000
703.960000	0.540068	-1.136792	1.380800	0.000000	0.000000
703.970000	0.540068	-1.136790	1.380799	0.000000	0.000000
703.980000	0.540067	-1.136787	1.380799	0.000000	0.000000
703.990000	0.540066	-1.136783	1.380799	0.000000	0.000000
704.000000	0.540065	-1.136779	1.380799	0.000000	0.000000
704.010000	0.540064	-1.136776	1.380799	0.000000	0.000000
704.020000	0.540062	-1.136773	1.380799	0.000000	0.000000
704.030000	0.540061	-1.136770	1.380800	0.000000	0.000000
704.040000	0.540061	-1.136768	1.380800	0.000000	0.000000
704.050000	0.540060	-1.136767	1.380800	0.000000	0.000000
704.060000	0.540060	-1.136767	1.380801	0.000000	0.000000
704.070000	0.540061	-1.136767	1.380801	0.000000	0.000000
704.080000	0.540062	-1.136768	1.380802	0.000000	0.000000
704.090000	0.540063	-1.136768	1.380802	0.000000	0.000000
704.100000	0.540064	-1.136769	1.380803	0.000000	0.000000
704.110000	0.540065	-1.136769	1.380804	0.000000	0.000000
704.120000	0.540065	-1.136769	1.380805	0.000000	0.000000
704.130000	0.540066	-1.136769	1.380805	0.000000	0.000000
704.140000	0.540066	-1.136767	1.380806	0.000000	0.000000
704.150000	0.540066	-1.136765	1.380807	0.000000	0.000000
704.160000	0.540066	-1.136760	1.380808	0.000000	0.000000
704.170000	0.540065	-1.136753	1.380809	0.000000	0.000000
704.180000	0.540064	-1.136744	1.380810	0.000000	0.000000
704.190000	0.540063	-1.136734	1.380812	0.000000	0.000000
704.200000	0.540062	-1.136722	1.380813	0.000000	0.000000
704.210000	0.540060	-1.136711	1.380814	0.000000	0.000000
704.220000	0.540060	-1.136701	1.380815	0.000000	0.000000
704.230000	0.540060	-1.136693	1.380816	0.000000	0.000000
704.240000	0.540061	-1.136686	1.380817	0.000000	0.000000
704.250000	0.540062	-1.136680	1.380818	0.000000	0.000000
704.260000	0.540064	-1.136676	1.380819	0.000000	0.000000
704.270000	0.540066	-1.136674	1.380820	0.000000	0.000000
704.280000	0.540069	-1.136673	1.380822	0.000000	0.000000
704.290000	0.540072	-1.136673	1.380823	0.000000	0.000000
704.300000	0.540076	-1.136673	1.380824	0.000000	0.000000
704.310000	0.540077	-1.136671	1.380825	0.000000	0.000000
704.320000	0.540078	-1.136667	1.380826	0.000000	0.000000
704.330000	0.540079	-1.136660	1.380827	0.000000	0.000000
704.340000	0.540080	-1.136654	1.380828	0.000000	0.000000
704.350000	0.540081	-1.136652	1.380828	0.000000	0.000000
704.360000	0.540083	-1.136652	1.380829	0.000000	0.000000
704.370000	0.540086	-1.136654	1.380830	0.000000	0.000000
704.380000	0.540089	-1.136655	1.380831	0.000000	0.000000
704.390000	0.540092	-1.136656	1.380832	0.000000	0.000000
704.400000	0.540094	-1.136653	1.380833	0.000000	0.000000
704.410000	0.540095	-1.136648	1.380834	0.000000	0.000000
704.420000	0.540095	-1.136642	1.380834	0.000000	0.000000
704.430000	0.540096	-1.136637	1.380835	0.000000	0.000000
704.440000	0.540096	-1.136632	1.380836	0.000000	0.000000
704.450000	0.540097	-1.136626	1.380837	0.000000	0.000000
704.460000	0.540098	-1.136620	1.380838	0.000000	0.000000
704.470000	0.540099	-1.136613	1.380839	0.000000	0.000000
704.480000	0.540100	-1.136607	1.380841	0.000000	0.000000
704.490000	0.540101	-1.136602	1.380842	0.000000	0.000000
704.500000	0.540103	-1.136599	1.380843	0.000000	0.000000
704.510000	0.540105	-1.136595	1.380844	0.000000	0.000000
704.520000	0.540108	-1.136592	1.380845	0.000000	0.000000
704.530000	0.540110	-1.136589	1.380846	0.000000	0.000000
704.540000	0.540112	-1.136585	1.380847	0.000000	0.000000
704.550000	0.540114	-1.136579	1.380848	0.000000	0.000000
704.560000	0.540115	-1.136572	1.380849	0.000000	0.000000
704.570000	0.540115	-1.136563	1.380850	0.000000	0.000000
704.580000	0.540115	-1.136552	1.380851	0.000000	0.000000
704.590000	0.540114	-1.136540	1.380852	0.000000	0.000000
704.600000	0.540113	-1.136530	1.380853	0.000000	0.000000
704.610000	0.540113	-1.136521	1.380854	0.000000	0.000000
704.620000	0.540114	-1.136515	1.380855	0.000000	0.000000
704.630000	0.540115	-1.136511	1.380856	0.000000	0.000000
704.640000	0.540115	-1.136509	1.380857	0.000000	0.000000
704.650000	0.540117	-1.136507	1.380857	0.000000	0.000000
704.660000	0.540118	-1.136507	1.380858	0.000000	0.000000
704.670000	0.540120	-1.136506	1.380859	0.000000	0.000000
704.680000	0.540122	-1.136506	1.380859	0.000000	0.000000
704.690000	0.540123	-1.136505	1.380860	0.000000	0.000000
704.700000	0.540125	-1.136504	1.380860	0.000000	0.000000
704.710000	0.540128	-1.136503	1.380861	0.000000	0.000000
704.720000	0.540129	-1.136501	1.380861	0.000000	0.000000
704.730000	0.540131	-1.136499	1.380862	0.000000	0.000000
704.740000	0.540132	-1.136496	1.380862	0.000000	0.000000
704.750000	0.540133	-1.136495	1.380863	0.000000	0.000000
704.760000	0.540135	-1.136493	1.380863	0.000000	0.000000
704.770000	0.540137	-1.136491	1.380863	0.000000	0.000000
704.780000	0.540140	-1.136490	1.380864	0.000000	0.000000
704.790000	0.540141	-1.136488	1.380864	0.000000	0.000000
704.800000	0.540143	-1.136486	1.380864	0.000000	0.000000
704.810000	0.540146	-1.136485	1.380864	0.000000	0.000000
704.820000	0.540148	-1.136485	1.380865	0.000000	0.000000
704.830000	0.540150	-1.136485	1.380865	0.000000	0.000000
704.840000	0.540152	-1.136486	1.380865	0.000000	0.000000
704.850000	0.540155	-1.136485	1.380866	0.000000	0.000000
704.860000	0.540156	-1.136484	1.380866	0.000000	0.000000
704.870000	0.540156	-1.136480	1.380866	0.000000	0.000000
704.880000	0.540156	-1.136474	1.380867	0.000000	0.000000
704.890000	0.540155	-1.136468	1.380867	0.000000	0.000000
704.900000	0.540155	-1.136462	1.380868	0.000000	0.000000
704.910000	0.540155	-1.136456	1.380868	0.000000	0.000000
704.920000	0.540155	-1.136452	1.380868	0.000000	0.000000
704.930000	0.540156	-1.136450	1.380869	0.000000	0.000000
704.940000	0.540157	-1.136447	1.380869	0.000000	0.000000
704.950000	0.540157	-1.136445	1.380870	0.000000	0.000000
704.960000	0.540158	-1.136442	1.380870	0.000000	0.000000
704.970000	0.540158	-1.136439	1.380870	0.000000	0.000000
704.980000	0.540159	-1.136436	1.380871	0.000000	0.000000
704.990000	0.540160	-1.136435	1.380871	0.000000	0.000000
705.000000	0.540161	-1.136435	1.380872	0.000000	0.000000
705.010000	0.540161	-1.136434	1.380872	0.000000	0.000000
705.020000	0.540162	-1.136434	1.380873	0.000000	0.000000
705.030000	0.540162	-1.136432	1.380873	0.000000	0.000000
705.040000	0.540162	-1.136430	1.380874	0.000000	0.000000
705.050000	0.540161	-1.136426	1.380874	0.000000	0.000000
705.060000	0.540161	-1.136423	1.380875	0.000000	0.000000
705.070000	0.540161	-1.136420	1.380876	0.000000	0.000000
705.080000	0.540161	-1.136417	1.380876	0.000000	0.000000
705.090000	0.540162	-1.136416	1.380877	0.000000	0.000000
705.100000	0.540163	-1.136415	1.380878	0.000000	0.000000
705.110000	0.540164	-1.136413	1.380879	0.000000	0.000000
705.120000	0.540165	-1.136411	1.380879	0.000000	0.000000
705.130000	0.540166	-1.136408	1.380880	0.000000	0.000000
705.140000	0.540166	-1.136403	1.380881	0.000000	0.000000
705.150000	0.540165	-1.136398	1.380882	0.000000	0.000000
705.160000	0.540164	-1.136392	1.380883	0.000000	0.000000
705.170000	0.540163	-1.136386	1.380884	0.000000	0.000000
705.180000	0.540162	-1.136380	1.380885	0.000000	0.000000
705.190000	0.540161	-1.136375	1.380886	0.000000	0.000000
705.200000	0.540161	-1.136370	1.380887	0.000000	0.000000
705.210000	0.540159	-1.136365	1.380889	0.000000	0.000000
705.220000	0.540158	-1.136360	1.380890	0.000000	0.000000
705.230000	0.540158	-1.136355	1.380891	0.000000	0.000000
705.240000	0.540158	-1.136351	1.380892	0.000000	0.000000
705.250000	0.540158	-1.136349	1.380893	0.000000	0.000000
705.260000	0.540159	-1.136347	1.380894	0.000000	0.000000
705.270000	0.540159	-1.136347	1.380895	0.000000	0.000000
705.280000	0.540160	-1.136345	1.380897	0.000000	0.000000
705.290000	0.540161	-1.136343	1.380898	0.000000	0.000000
705.300000	0.540161	-1.136338	1.380899	0.000000	0.000000
705.310000	0.540160	-1.136330	1.380900	0.000000	0.000000
705.320000	0.540159	-1.136321	1.380901	0.000000	0.000000
705.330000	0.540158	-1.136311	1.380902	0.000000	0.000000
705.340000	0.540157	-1.136304	1.380903	0.000000	0.000000
705.350000	0.540157	-1.136297	1.380904	0.000000	0.000000
705.360000	0.540158	-1.136292	1.380905	0.000000	0.000000
705.370000	0.540158	-1.136286	1.380906	0.000000	0.000000
705.380000	0.540159	-1.136281	1.380907	0.000000	0.000000
705.390000	0.540160	-1.136277	1.380908	0.000000	0.000000
705.400000	0.540160	-1.136273	1.380909	0.000000	0.000000
705.410000	0.540161	-1.136269	1.380910	0.000000	0.000000
705.420000	0.540162	-1.136266	1.380912	0.000000	0.000000
705.430000	0.540162	-1.136263	1.380913	0.000000	0.000000
705.440000	0.540163	-1.136260	1.380914	0.000000	0.000000
705.450000	0.540163	-1.136257	1.380915	0.000000	0.000000
705.460000	0.540163	-1.136252	1.380916	0.000000	0.000000
705.470000	0.540162	-1.136247	1.380917	0.000000	0.000000
705.480000	0.540161	-1.136239	1.380918	0.000000	0.000000
705.490000	0.540159	-1.136230	1.380920	0.000000	0.000000
705.500000	0.540158	-1.136220	1.380921	0.000000	0.000000
705.510000	0.540156	-1.136210	1.380922	0.000000	0.000000
705.520000	0.540155	-1.136201	1.380923	0.000000	0.000000
705.530000	0.540155	-1.136193	1.380924	0.000000	0.000000
705.540000	0.540154	-1.136186	1.380924	0.000000	0.000000
705.550000	0.540154	-1.136181	1.380925	0.000000	0.000000
705.560000	0.540155	-1.136177	1.380926	0.000000	0.000000
705.570000	0.540156	-1.136176	1.380927	0.000000	0.000000
705.580000	0.540157	-1.136176	1.380928	0.000000	0.000000
705.590000	0.540158	-1.136177	1.380929	0.000000	0.000000
705.600000	0.540159	-1.136176	1.380929	0.000000	0.000000
705.610000	0.540159	-1.136174	1.380930	0.000000	0.000000
705.620000	0.540159	-1.136171	1.380931	0.000000	0.000000
705.630000	0.540160	-1.136167	1.380932	0.000000	0.000000
705.640000	0.540160	-1.136163	1.380932	0.000000	0.000000
705.650000	0.540159	-1.136159	1.380933	0.000000	0.000000
705.660000	0.540159	-1.136153	1.380934	0.000000	0.000000
705.670000	0.540159	-1.136148	1.380935	0.000000	0.000000
705.680000	0.540159	-1.136142	1.380936	0.000000	0.000000
705.690000	0.540159	-1.136137	1.380937	0.000000	0.000000
705.700000	0.540158	-1.136131	1.380937	0.000000	0.000000
705.710000	0.540158	-1.136124	1.380938	0.000000	0.000000
705.720000	0.540157	-1.136116	1.380939	0.000000	0.000000
705.730000	0.540156	-1.136108	1.380940	0.000000	0.000000
705.740000	0.540156	-1.136099	1.380941	0.000000	0.000000
705.750000	0.540156	-1.136091	1.380942	0.000000	0.000000
705.760000	0.540156	-1.136084	1.380943	0.000000	0.000000
705.770000	0.540156	-1.136077	1.380944	0.000000	0.000000
705.780000	0.540156	-1.136071	1.380944	0.000000	0.000000
705.790000	0.540156	-1.136065	1.380945	0.000000	0.000000
705.800000	0.540156	-1.136059	1.380946	0.000000	0.000000
705.810000	0.540156	-1.136053	1.380947	0.000000	0.000000
705.820000	0.540156	-1.136047	1.380947	0.000000	0.000000
705.830000	0.540155	-1.136040	1.380948	0.000000	0.000000
705.840000	0.540155	-1.136034	1.380949	0.000000	0.000000
705.850000	0.540154	-1.136028	1.380949	0.000000	0.000000
705.860000	0.540154	-1.136024	1.380950	0.000000	0.000000
705.870000	0.540154	-1.136023	1.380950	0.000000	0.000000
705.880000	0.540156	-1.136024	1.380951	0.000000	0.000000
705.890000	0.540159	-1.136028	1.380952	0.000000	0.000000
705.900000	0.540163	-1.136031	1.380952	0.000000	0.000000
705.910000	0.540166	-1.136034	1.380953	0.000000	0.000000
705.920000	0.540169	-1.136035	1.380953	0.000000	0.000000
705.930000	0.540173	-1.136036	1.380954	0.000000	0.000000
705.940000	0.540177	-1.136038	1.380954	0.000000	0.000000
705.950000	0.540181	-1.136042	1.380955	0.000000	0.000000
705.960000	0.540186	-1.136046	1.380955	0.000000	0.000000
705.970000	0.540190	-1.136047	1.380956	0.000000	0.000000
705.980000	0.540192	-1.136046	1.380957	0.000000	0.000000
705.990000	0.540192	-1.136042	1.380957	0.000000	0.000000
706.000000	0.540192	-1.136035	1.380958	0.000000	0.000000
706.010000	0.540192	-1.136026	1.380959	0.000000	0.000000
706.020000	0.540191	-1.136017	1.380959	0.000000	0.000000
706.030000	0.540190	-1.136006	1.380960	0.000000	0.000000
706.040000	0.540190	-1.135997	1.380961	0.000000	0.000000
706.050000	0.540190	-1.135991	1.380962	0.000000	0.000000
706.060000	0.540191	-1.135985	1.380963	0.000000	0.000000
706.070000	0.540192	-1.135979	1.380963	0.000000	0.000000
706.080000	0.540192	-1.135972	1.380964	0.000000	0.000000
706.090000	0.540192	-1.135963	1.380965	0.000000	0.000000
706.100000	0.540192	-1.135954	1.380966	0.000000	0.000000
706.110000	0.540193	-1.135946	1.380967	0.000000	0.000000
706.120000	0.540194	-1.135939	1.380968	0.000000	0.000000
706.130000	0.540195	-1.135933	1.380969	0.000000	0.000000
706.140000	0.540197	-1.135929	1.380970	0.000000	0.000000
706.150000	0.540199	-1.135925	1.380971	0.000000	0.000000
706.160000	0.540201	-1.135922	1.380973	0.000000	0.000000
706.170000	0.540203	-1.135918	1.380974	0.000000	0.000000
706.180000	0.540204	-1.135913	1.380975	0.000000	0.000000
706.190000	0.540204	-1.135908	1.380976	0.000000	0.000000
706.200000	0.540205	-1.135903	1.380977	0.000000	0.000000
706.210000	0.540205	-1.135897	1.380978	0.000000	0.000000
706.220000	0.540206	-1.135892	1.380979	0.000000	0.000000
706.230000	0.540208	-1.135888	1.380980	0.000000	0.000000
706.240000	0.540210	-1.135886	1.380981	0.000000	0.000000
706.250000	0.540212	-1.135886	1.380981	0.000000	0.000000
706.260000	0.540216	-1.135889	1.380982	0.000000	0.000000
706.270000	0.540220	-1.135895	1.380983	0.000000	0.000000
706.280000	0.540225	-1.135902	1.380983	0.000000	0.000000
706.290000	0.540230	-1.135908	1.380984	0.000000	0.000000
706.300000	0.540234	-1.135913	1.380984	0.000000	0.000000
706.310000	0.540238	-1.135913	1.380985	0.000000	0.000000
706.320000	0.540241	-1.135912	1.380985	0.000000	0.000000
706.330000	0.540245	-1.135910	1.380985	0.000000	0.000000
706.340000	0.540248	-1.135910	1.380986	0.000000	0.000000
706.350000	0.540252	-1.135911	1.380986	0.000000	0.000000
706.360000	0.540256	-1.135912	1.380986	0.000000	0.000000
706.370000	0.540259	-1.135913	1.380987	0.000000	0.000000
706.380000	0.540263	-1.135915	1.380987	0.000000	0.000000
706.390000	0.540266	-1.135917	1.380987	0.000000	0.000000
706.400000	0.540269	-1.135919	1.380988	0.000000	0.000000
706.410000	0.540273	-1.135920	1.380988	0.000000	0.000000
706.420000	0.540275	-1.135920	1.380988	0.000000	0.000000
706.430000	0.540278	-1.135918	1.380989	0.000000	0.000000
706.440000	0.540280	-1.135914	1.380989	0.000000	0.000000
706.450000	0.540281	-1.135908	1.380990	0.000000	0.000000
706.460000	0.540282	-1.135900	1.380990	0.000000	0.000000
706.470000	0.540282	-1.135889	1.380991	0.000000	0.000000
706.480000	0.540281	-1.135876	1.380991	0.000000	0.000000
706.490000	0.540280	-1.135862	1.380991	0.000000	0.000000
706.500000	0.540278	-1.135846	1.380992	0.000000	0.000000
706.510000	0.540276	-1.135830	1.380992	0.000000	0.000000
706.520000	0.540275	-1.135817	1.380992	0.000000	0.000000
706.530000	0.540275	-1.135809	1.380992	0.000000	0.000000
706.540000	0.540276	-1.135805	1.380992	0.000000	0.000000
706.550000	0.540279	-1.135805	1.380992	0.000000	0.000000
706.560000	0.540283	-1.135808	1.380991	0.000000	0.000000
706.570000	0.540287	-1.135812	1.380991	0.000000	0.000000
706.580000	0.540291	-1.135814	1.380991	0.000000	0.000000
706.590000	0.540294	-1.135815	1.380990	0.000000	0.000000
706.600000	0.540298	-1.135814	1.380989	0.000000	0.000000
706.610000	0.540301	-1.135812	1.380989	0.000000	0.000000
706.620000	0.540304	-1.135810	1.380988	0.000000	0.000000
706.630000	0.540307	-1.135807	1.380987	0.000000	0.000000
706.640000	0.540309	-1.135802	1.380986	0.000000	0.000000
706.650000	0.540311	-1.135798	1.380985	0.000000	0.000000
706.660000	0.540315	-1.135798	1.380985	0.000000	0.000000
706.670000	0.540319	-1.135799	1.380984	0.000000	0.000000
706.680000	0.540324	-1.135801	1.380983	0.000000	0.000000
706.690000	0.540330	-1.135802	1.380982	0.000000	0.000000
706.700000	0.540334	-1.135801	1.380982	0.000000	0.000000
706.710000	0.540338	-1.135800	1.380981	0.000000	0.000000
706.720000	0.540342	-1.135800	1.380980	0.000000	0.000000
706.730000	0.540347	-1.135802	1.380980	0.000000	0.000000
706.740000	0.540351	-1.135805	1.380979	0.000000	0.000000
706.750000	0.540355	-1.135808	1.380978	0.000000	0.000000
706.760000	0.540360	-1.135812	1.380978	0.000000	0.000000
706.770000	0.540365	-1.135815	1.380977	0.000000	0.000000
706.780000	0.540370	-1.135818	1.380977	0.000000	0.000000
706.790000	0.540374	-1.135821	1.380976	0.000000	0.000000
706.800000	0.540378	-1.135823	1.380976	0.000000	0.000000
706.810000	0.540381	-1.135823	1.380975	0.000000	0.000000
706.820000	0.540384	-1.135823	1.380975	0.000000	0.000000
706.830000	0.540387	-1.135823	1.380974	0.000000	0.000000
706.840000	0.540390	-1.135823	1.380974	0.000000	0.000000
706.850000	0.540393	-1.135824	1.380974	0.000000	0.000000
706.860000	0.540396	-1.135825	1.380973	0.000000	0.000000
706.870000	0.540399	-1.135826	1.380973	0.000000	0.000000
706.880000	0.540402	-1.135826	1.380972	0.000000	0.000000
706.890000	0.540405	-1.135827	1.380972	0.000000	0.000000
706.900000	0.540408	-1.135827	1.380972	0.000000	0.000000
706.910000	0.540411	-1.135826	1.380971	0.000000	0.000000
706.920000	0.540413	-1.135824	1.380971	0.000000	0.000000
706.930000	0.540415	-1.135823	1.380971	0.000000	0.000000
706.940000	0.540417	-1.135822	1.380970	0.000000	0.000000
706.950000	0.540418	-1.135822	1.380970	0.000000	0.000000
706.960000	0.540420	-1.135822	1.380970	0.000000	0.000000
706.970000	0.540421	-1.135822	1.380970	0.000000	0.000000
706.980000	0.540423	-1.135823	1.380969	0.000000	0.000000
706.990000	0.540424	-1.135824	1.380969	0.000000	0.000000
707.000000	0.540426	-1.135826	1.380969	0.000000	0.000000
707.010000	0.540427	-1.135829	1.380969	0.000000	0.000000
707.020000	0.540429	-1.135831	1.380969	0.000000	0.000000
707.030000	0.540430	-1.135833	1.380968	0.000000	0.000000
707.040000	0.540431	-1.135833	1.380968	0.000000	0.000000
707.050000	0.540432	-1.135832	1.380968	0.000000	0.000000
707.060000	0.540433	-1.135831	1.380968	0.000000	0.000000
707.070000	0.540434	-1.135831	1.380967	0.000000	0.000000
707.080000	0.540435	-1.135831	1.380967	0.000000	0.000000
707.090000	0.540435	-1.135832	1.380967	0.000000	0.000000
707.100000	0.540435	-1.135831	1.380966	0.000000	0.000000
707.110000	0.540435	-1.135829	1.380966	0.000000	0.000000
707.120000	0.540435	-1.135827	1.380966	0.000000	0.000000
707.130000	0.540435	-1.135825	1.380965	0.000000	0.000000
707.140000	0.540435	-1.135825	1.380965	0.000000	0.000000
707.150000	0.540435	-1.135825	1.380964	0.000000	0.000000
707.160000	0.540436	-1.135826	1.380964	0.000000	0.000000
707.170000	0.540436	-1.135828	1.380963	0.000000	0.000000
707.180000	0.540437	-1.135830	1.380963	0.000000	0.000000
707.190000	0.540437	-1.135832	1.380962	0.000000	0.000000
707.200000	0.540438	-1.135834	1.380961	0.000000	0.000000
707.210000	0.540438	-1.135837	1.380960	0.000000	0.000000
707.220000	0.540439	-1.135839	1.380960	0.000000	0.000000
707.230000	0.540440	-1.135840	1.380959	0.000000	0.000000
707.240000	0.540440	-1.135841	1.380958	0.000000	0.000000
707.250000	0.540440	-1.135840	1.380957	0.000000	0.000000
707.260000	0.540439	-1.135838	1.380956	0.000000	0.000000
707.270000	0.540438	-1.135837	1.380955	0.000000	0.000000
707.280000	0.540438	-1.135837	1.380954	0.000000	0.000000
707.290000	0.540437	-1.135838	1.380953	0.000000	0.000000
707.300000	0.540436	-1.135841	1.380952	0.000000	0.000000
707.310000	0.540436	-1.135845	1.380951	0.000000	0.000000
707.320000	0.540436	-1.135851	1.380950	0.000000	0.000000
707.330000	0.540437	-1.135857	1.380949	0.000000	0.000000
707.340000	0.540438	-1.135866	1.380948	0.000000	0.000000
707.350000	0.540440	-1.135875	1.380947	0.000000	0.000000
707.360000	0.540442	-1.135884	1.380945	0.000000	0.000000
707.370000	0.540444	-1.135893	1.380944	0.000000	0.000000
707.380000	0.540445	-1.135900	1.380943	0.000000	0.000000
707.390000	0.540445	-1.135906	1.380941	0.000000	0.000000
707.400000	0.540445	-1.135908	1.380940	0.000000	0.000000
707.410000	0.540445	-1.135908	1.380939	0.000000	0.000000
707.420000	0.540445	-1.135908	1.380937	0.000000	0.000000
707.430000	0.540445	-1.135909	1.380936	0.000000	0.000000
707.440000	0.540445	-1.135912	1.380934	0.000000	0.000000
707.450000	0.540447	-1.135917	1.380933	0.000000	0.000000
707.460000	0.540448	-1.135923	1.380931	0.000000	0.000000
707.470000	0.540450	-1.135930	1.380929	0.000000	0.000000
707.480000	0.540451	-1.135936	1.380928	0.000000	0.000000
707.490000	0.540452	-1.135942	1.380926	0.000000	0.000000
707.500000	0.540453	-1.135947	1.380925	0.000000	0.000000
707.510000	0.540453	-1.135951	1.380923	0.000000	0.000000
707.520000	0.540454	-1.135953	1.380922	0.000000	0.000000
707.530000	0.540453	-1.135953	1.380920	0.000000	0.000000
707.540000	0.540453	-1.135954	1.380919	0.000000	0.000000
707.550000	0.540454	-1.135955	1.380917	0.000000	0.000000
707.560000	0.540455	-1.135958	1.380915	0.000000	0.000000
707.570000	0.540458	-1.135964	1.380914	0.000000	0.000000
707.580000	0.540461	-1.135971	1.380912	0.000000	0.000000
707.590000	0.540465	-1.135980	1.380910	0.000000	0.000000
707.600000	0.540469	-1.135989	1.380909	0.000000	0.000000
707.610000	0.540473	-1.135998	1.380907	0.000000	0.000000
707.620000	0.540476	-1.136005	1.380905	0.000000	0.000000
707.630000	0.540479	-1.136010	1.380903	0.000000	0.000000
707.640000	0.540480	-1.136013	1.380902	0.000000	0.000000
707.650000	0.540481	-1.136014	1.380900	0.000000	0.000000
707.660000	0.540482	-1.136016	1.380898	0.000000	0.000000
707.670000	0.540484	-1.136019	1.380896	0.000000	0.000000
707.680000	0.540487	-1.136024	1.380895	0.000000	0.000000
707.690000	0.540488	-1.136029	1.380893	0.000000	0.000000
707.700000	0.540489	-1.136031	1.380891	0.000000	0.000000
707.710000	0.540490	-1.136033	1.380890	0.000000	0.000000
707.720000	0.540491	-1.136035	1.380888	0.000000	0.000000
707.730000	0.540492	-1.136039	1.380887	0.000000	0.000000
707.740000	0.540493	-1.136044	1.380885	0.000000	0.000000
707.750000	0.540494	-1.136050	1.380884	0.000000	0.000000
707.760000	0.540495	-1.136056	1.380882	0.000000	0.000000
707.770000	0.540496	-1.136063	1.380881	0.000000	0.000000
707.780000	0.540497	-1.136070	1.380880	0.000000	0.000000
707.790000	0.540498	-1.136076	1.380879	0.000000	0.000000
707.800000	0.540499	-1.136082	1.380878	0.000000	0.000000
707.810000	0.540500	-1.136088	1.380876	0.000000	0.000000
707.820000	0.540501	-1.136092	1.380875	0.000000	0.000000
707.830000	0.540502	-1.136095	1.380874	0.000000	0.000000
707.840000	0.540503	-1.136097	1.380873	0.000000	0.000000
707.850000	0.540503	-1.136097	1.380872	0.000000	0.000000
707.860000	0.540503	-1.136097	1.380871	0.000000	0.000000
707.870000	0.540503	-1.136097	1.380870	0.000000	0.000000
707.880000	0.540504	-1.136097	1.380869	0.000000	0.000000
707.890000	0.540505	-1.136098	1.380868	0.000000	0.000000
707.900000	0.540506	-1.136100	1.380867	0.000000	0.000000
707.910000	0.540507	-1.136102	1.380866	0.000000	0.000000
707.920000	0.540508	-1.136104	1.380864	0.000000	0.000000
707.930000	0.540509	-1.136106	1.380863	0.000000	0.000000
707.940000	0.540510	-1.136109	1.380862	0.000000	0.000000
707.950000	0.540511	-1.136111	1.380861	0.000000	0.000000
707.960000	0.540511	-1.136113	1.380859	0.000000	0.000000
707.970000	0.540512	-1.136116	1.380858	0.000000	0.000000
707.980000	0.540512	-1.136120	1.380856	0.000000	0.000000
707.990000	0.540513	-1.136124	1.380855	0.000000	0.000000
708.000000	0.540513	-1.136128	1.380853	0.000000	0.000000
708.010000	0.540514	-1.136132	1.380852	0.000000	0.000000
708.020000	0.540514	-1.136136	1.380850	0.000000	0.000000
708.030000	0.540515	-1.136141	1.380848	0.000000	0.000000
708.040000	0.540515	-1.136147	1.380847	0.000000	0.000000
708.050000	0.540517	-1.136153	1.380845	0.000000	0.000000
708.060000	0.540518	-1.136159	1.380843	0.000000	0.000000
708.070000	0.540520	-1.136165	1.380842	0.000000	0.000000
708.080000	0.540521	-1.136171	1.380840	0.000000	0.000000
708.090000	0.540521	-1.136176	1.380838	0.000000	0.000000
708.100000	0.540521	-1.136180	1.380836	0.000000	0.000000
708.110000	0.540521	-1.136183	1.380835	0.000000	0.000000
708.120000	0.540520	-1.136186	1.380833	0.000000	0.000000
708.130000	0.540520	-1.136189	1.380831	0.000000	0.000000
708.140000	0.540520	-1.136192	1.380830	0.000000	0.000000
708.150000	0.540519	-1.136196	1.380828	0.000000	0.000000
708.160000	0.540519	-1.136200	1.380827	0.000000	0.000000
708.170000	0.540519	-1.136204	1.380825	0.000000	0.000000
708.180000	0.540519	-1.136208	1.380823	0.000000	0.000000
708.190000	0.540519	-1.136212	1.380822	0.000000	0.000000
708.200000	0.540519	-1.136216	1.380820	0.000000	0.000000
708.210000	0.540519	-1.136219	1.380819	0.000000	0.000000
708.220000	0.540519	-1.136220	1.380818	0.000000	0.000000
708.230000	0.540518	-1.136220	1.380816	0.000000	0.000000
708.240000	0.540518	-1.136221	1.380815	0.000000	0.000000
708.250000	0.540519	-1.136225	1.380813	0.000000	0.000000
708.260000	0.540520	-1.136228	1.380812	0.000000	0.000000
708.270000	0.540520	-1.136231	1.380811	0.000000	0.000000
708.280000	0.540521	-1.136233	1.380810	0.000000	0.000000
708.290000	0.540521	-1.136234	1.380808	0.000000	0.000000
708.300000	0.540520	-1.136234	1.380807	0.000000	0.000000
708.310000	0.540520	-1.136234	1.380806	0.000000	0.000000
708.320000	0.540519	-1.136233	1.380804	0.000000	0.000000
708.330000	0.540519	-1.136233	1.380803	0.000000	0.000000
708.340000	0.540518	-1.136234	1.380802	0.000000	0.000000
708.350000	0.540519	-1.136237	1.380801	0.000000	0.000000
708.360000	0.540519	-1.136242	1.380799	0.000000	0.000000
708.370000	0.540520	-1.136248	1.380798	0.000000	0.000000
708.380000	0.540520	-1.136253	1.380797	0.000000	0.000000
708.390000	0.540521	-1.136259	1.380795	0.000000	0.000000
708.400000	0.540521	-1.136264	1.380794	0.000000	0.000000
708.410000	0.540521	-1.136269	1.380793	0.000000	0.000000
708.420000	0.540521	-1.136272	1.380791	0.000000	0.000000
708.430000	0.540519	-1.136274	1.380790	0.000000	0.000000
708.440000	0.540518	-1.136276	1.380789	0.000000	0.000000
708.450000	0.540516	-1.136277	1.380788	0.000000	0.000000
708.460000	0.540515	-1.136278	1.380786	0.000000	0.000000
708.470000	0.540514	-1.136280	1.380785	0.000000	0.000000
708.480000	0.540513	-1.136282	1.380784	0.000000	0.000000
708.490000	0.540512	-1.136285	1.380783	0.000000	0.000000
708.500000	0.540511	-1.136289	1.380782	0.000000	0.000000
708.510000	0.540510	-1.136292	1.380781	0.000000	0.000000
708.520000	0.540509	-1.136296	1.380780	0.000000	0.000000
708.530000	0.540509	-1.136300	1.380780	0.000000	0.000000
708.540000	0.540508	-1.136303	1.380779	0.000000	0.000000
708.550000	0.540508	-1.136306	1.380778	0.000000	0.000000
708.560000	0.540507	-1.136308	1.380778	0.000000	0.000000
708.570000	0.540506	-1.136308	1.380777	0.000000	0.000000
708.580000	0.540505	-1.136308	1.380777	0.000000	0.000000
708.590000	0.540505	-1.136307	1.380776	0.000000	0.000000
708.600000	0.540503	-1.136307	1.380776	0.000000	0.000000
708.610000	0.540503	-1.136307	1.380775	0.000000	0.000000
708.620000	0.540502	-1.136308	1.380775	0.000000	0.000000
708.630000	0.540502	-1.136308	1.380775	0.000000	0.000000
708.640000	0.540501	-1.136307	1.380774	0.000000	0.000000
708.650000	0.540500	-1.136305	1.380774	0.000000	0.000000
708.660000	0.540499	-1.136303	1.380774	0.000000	0.000000
708.670000	0.540498	-1.136302	1.380774	0.000000	0.000000
708.680000	0.540498	-1.136303	1.380773	0.000000	0.000000
708.690000	0.540498	-1.136304	1.380773	0.000000	0.000000
708.700000	0.540498	-1.136307	1.380773	0.000000	0.000000
708.710000	0.540499	-1.136309	1.380773	0.000000	0.000000
708.720000	0.540499	-1.136311	1.380773	0.000000	0.000000
708.730000	0.540500	-1.136312	1.380773	0.000000	0.000000
708.740000	0.540501	-1.136313	1.380772	0.000000	0.000000
708.750000	0.540501	-1.136314	1.380772	0.000000	0.000000
708.760000	0.540502	-1.136314	1.380772	0.000000	0.000000
708.770000	0.540502	-1.136313	1.380772	0.000000	0.000000
708.780000	0.540502	-1.136312	1.380772	0.000000	0.000000
708.790000	0.540502	-1.136310	1.380772	0.000000	0.000000
708.800000	0.540502	-1.136306	1.380773	0.000000	0.000000
708.810000	0.540501	-1.136300	1.380773	0.000000	0.000000
708.820000	0.540499	-1.136294	1.380773	0.000000	0.000000
708.830000	0.540497	-1.136287	1.380773	0.000000	0.000000
708.840000	0.540496	-1.136280	1.380773	0.000000	0.000000
708.850000	0.540494	-1.136275	1.380773	0.000000	0.000000
708.860000	0.540493	-1.136271	1.380774	0.000000	0.000000
708.870000	0.540492	-1.136270	1.380774	0.000000	0.000000
708.880000	0.540492	-1.136269	1.380774	0.000000	0.000000
708.890000	0.540492	-1.136270	1.380774	0.000000	0.000000
708.900000	0.540491	-1.136270	1.380775	0.000000	0.000000
708.910000	0.540491	-1.136270	1.380775	0.000000	0.000000
708.920000	0.540490	-1.136269	1.380775	0.000000	0.000000
708.930000	0.540489	-1.136267	1.380775	0.000000	0.000000
708.940000	0.540488	-1.136263	1.380775	0.000000	0.000000
708.950000	0.540487	-1.136260	1.380776	0.000000	0.000000
708.960000	0.540486	-1.136258	1.380776	0.000000	0.000000
708.970000	0.540486	-1.136257	1.380776	0.000000	0.000000
708.980000	0.540486	-1.136259	1.380776	0.000000	0.000000
708.990000	0.540487	-1.136261	1.380776	0.000000	0.000000
709.000000	0.540487	-1.136262	1.380777	0.000000	0.000000
709.010000	0.540487	-1.136263	1.380777	0.000000	0.000000
709.020000	0.540486	-1.136261	1.380777	0.000000	0.000000
709.030000	0.540485	-1.136258	1.380777	0.000000	0.000000
709.040000	0.540484	-1.136256	1.380777	0.000000	0.000000
709.050000	0.540484	-1.136256	1.380778	0.000000	0.000000
709.060000	0.540485	-1.136257	1.380778	0.000000	0.000000
709.070000	0.540486	-1.136260	1.380778	0.000000	0.000000
709.080000	0.540486	-1.136262	1.380778	0.000000	0.000000
709.090000	0.540487	-1.136263	1.380779	0.000000	0.000000
709.100000	0.540487	-1.136262	1.380779	0.000000	0.000000
709.110000	0.540486	-1.136261	1.380779	0.000000	0.000000
709.120000	0.540486	-1.136260	1.380779	0.000000	0.000000
709.130000	0.540486	-1.136258	1.380780	0.000000	0.000000
709.140000	0.540487	-1.136256	1.380780	0.000000	0.000000
709.150000	0.540487	-1.136254	1.380780	0.000000	0.000000
709.160000	0.540488	-1.136250	1.380781	0.000000	0.000000
709.170000	0.540489	-1.136245	1.380781	0.000000	0.000000
709.180000	0.540489	-1.136239	1.380781	0.000000	0.000000
709.190000	0.540488	-1.136232	1.380782	0.000000	0.000000
709.200000	0.540487	-1.136224	1.380782	0.000000	0.000000
709.210000	0.540485	-1.136215	1.380782	0.000000	0.000000
709.220000	0.540483	-1.136206	1.380783	0.000000	0.000000
709.230000	0.540481	-1.136196	1.380783	0.000000	0.000000
709.240000	0.540479	-1.136186	1.380783	0.000000	0.000000
709.250000	0.540478	-1.136177	1.380783	0.000000	0.000000
709.260000	0.540477	-1.136169	1.380783	0.000000	0.000000
709.270000	0.540477	-1.136163	1.380784	0.000000	0.000000
709.280000	0.540477	-1.136158	1.380784	0.000000	0.000000
709.290000	0.540478	-1.136155	1.380784	0.000000	0.000000
709.300000	0.540479	-1.136153	1.380784	0.000000	0.000000
709.310000	0.540480	-1.136152	1.380783	0.000000	0.000000
709.320000	0.540481	-1.136150	1.380783	0.000000	0.000000
709.330000	0.540482	-1.136149	1.380783	0.000000	0.000000
709.340000	0.540483	-1.136147	1.380783	0.000000	0.000000
709.350000	0.540483	-1.136144	1.380782	0.000000	0.000000
709.360000	0.540484	-1.136140	1.380782	0.000000	0.000000
709.370000	0.540484	-1.136136	1.380781	0.000000	0.000000
709.380000	0.540484	-1.136134	1.380781	0.000000	0.000000
709.390000	0.540486	-1.136135	1.380780	0.000000	0.000000
709.400000	0.540488	-1.136137	1.380780	0.000000	0.000000
709.410000	0.540491	-1.136141	1.380779	0.000000	0.000000
709.420000	0.540493	-1.136143	1.380778	0.000000	0.000000
709.430000	0.540496	-1.136145	1.380778	0.000000	0.000000
709.440000	0.540497	-1.136145	1.380777	0.000000	0.000000
709.450000	0.540498	-1.136143	1.380776	0.000000	0.000000
709.460000	0.540499	-1.136139	1.380775	0.000000	0.000000
709.470000	0.540499	-1.136135	1.380774	0.000000	0.000000
709.480000	0.540499	-1.136130	1.380773	0.000000	0.000000
709.490000	0.540500	-1.136127	1.380772	0.000000	0.000000
709.500000	0.540502	-1.136125	1.380771	0.000000	0.000000
709.510000	0.540505	-1.136125	1.380770	0.000000	0.000000
709.520000	0.540508	-1.136125	1.380769	0.000000	0.000000
709.530000	0.540510	-1.136123	1.380767	0.000000	0.000000
709.540000	0.540512	-1.136119	1.380766	0.000000	0.000000
709.550000	0.540513	-1.136113	1.380765	0.000000	0.000000
709.560000	0.540513	-1.136106	1.380764	0.000000	0.000000
709.570000	0.540514	-1.136100	1.380762	0.000000	0.000000
709.580000	0.540516	-1.136096	1.380761	0.000000	0.000000
709.590000	0.540518	-1.136094	1.380760	0.000000	0.000000
709.600000	0.540520	-1.136092	1.380759	0.000000	0.000000
709.610000	0.540522	-1.136090	1.380757	0.000000	0.000000
709.620000	0.540523	-1.136087	1.380756	0.000000	0.000000
709.630000	0.540525	-1.136084	1.380755	0.000000	0.000000
709.640000	0.540527	-1.136082	1.380754	0.000000	0.000000
709.650000	0.540530	-1.136082	1.380753	0.000000	0.000000
709.660000	0.540533	-1.136083	1.380752	0.000000	0.000000
709.670000	0.540537	-1.136085	1.380751	0.000000	0.000000
709.680000	0.540541	-1.136087	1.380751	0.000000	0.000000
709.690000	0.540543	-1.136087	1.380750	0.000000	0.000000
709.700000	0.540546	-1.136086	1.380749	0.000000	0.000000
709.710000	0.540548	-1.136085	1.380749	0.000000	0.000000
709.720000	0.540549	-1.136082	1.380748	0.000000	0.000000
709.730000	0.540551	-1.136078	1.380748	0.000000	0.000000
709.740000	0.540551	-1.136075	1.380748	0.000000	0.000000
709.750000	0.540553	-1.136071	1.380748	0.000000	0.000000
709.760000	0.540554	-1.136067	1.380747	0.000000	0.000000
709.770000	0.540555	-1.136063	1.380747	0.000000	0.000000
709.780000	0.540556	-1.136058	1.380747	0.000000	0.000000
709.790000	0.540557	-1.136052	1.380747	0.000000	0.000000
709.800000	0.540558	-1.136045	1.380747	0.000000	0.000000
709.810000	0.540560	-1.136040	1.380747	0.000000	0.000000
709.820000	0.540562	-1.136039	1.380747	0.000000	0.000000
709.830000	0.540565	-1.136039	1.380747	0.000000	0.000000
709.840000	0.540570	-1.136041	1.380747	0.000000	0.000000
709.850000	0.540575	-1.136044	1.380747	0.000000	0.000000
709.860000	0.540580	-1.136045	1.380747	0.000000	0.000000
709.870000	0.540584	-1.136043	1.380747	0.000000	0.000000
709.880000	0.540586	-1.136038	1.380747	0.000000	0.000000
709.890000	0.540587	-1.136029	1.380747	0.000000	0.000000
709.900000	0.540588	-1.136019	1.380747	0.000000	0.000000
709.910000	0.540590	-1.136012	1.380748	0.000000	0.000000
709.920000	0.540593	-1.136009	1.380748	0.000000	0.000000
709.930000	0.540596	-1.136010	1.380748	0.000000	0.000000
709.940000	0.540600	-1.136010	1.380749	0.000000	0.000000
709.950000	0.540604	-1.136011	1.380749	0.000000	0.000000
709.960000	0.540607	-1.136011	1.380750	0.000000	0.000000
709.970000	0.540609	-1.136010	1.380750	0.000000	0.000000
709.980000	0.540612	-1.136008	1.380751	0.000000	0.000000
709.990000	0.540614	-1.136003	1.380751	0.000000	0.000000
710.000000	0.540616	-1.135998	1.380752	0.000000	0.000000
710.010000	0.540618	-1.135992	1.380752	0.000000	0.000000
710.020000	0.540619	-1.135985	1.380753	0.000000	0.000000
710.030000	0.540620	-1.135978	1.380754	0.000000	0.000000
710.040000	0.540621	-1.135971	1.380754	0.000000	0.000000
710.050000	0.540621	-1.135964	1.380755	0.000000	0.000000
710.060000	0.540622	-1.135957	1.380755	0.000000	0.000000
710.070000	0.540623	-1.135949	1.380756	0.000000	0.000000
710.080000	0.540624	-1.135943	1.380757	0.000000	0.000000
710.090000	0.540625	-1.135938	1.380757	0.000000	0.000000
710.100000	0.540629	-1.135936	1.380757	0.000000	0.000000
710.110000	0.540633	-1.135936	1.380758	0.000000	0.000000
710.120000	0.540638	-1.135939	1.380758	0.000000	0.000000
710.130000	0.540643	-1.135941	1.380759	0.000000	0.000000
710.140000	0.540647	-1.135943	1.380759	0.000000	0.000000
710.150000	0.540650	-1.135943	1.380759	0.000000	0.000000
710.160000	0.540652	-1.135940	1.380760	0.000000	0.000000
710.170000	0.540654	-1.135934	1.380760	0.000000	0.000000
710.180000	0.540655	-1.135926	1.380760	0.000000	0.000000
710.190000	0.540656	-1.135919	1.380761	0.000000	0.000000
710.200000	0.540659	-1.135915	1.380761	0.000000	0.000000
710.210000	0.540661	-1.135913	1.380762	0.000000	0.000000
710.220000	0.540664	-1.135911	1.380763	0.000000	0.000000
710.230000	0.540667	-1.135908	1.380763	0.000000	0.000000
710.240000	0.540669	-1.135903	1.380764	0.000000	0.000000
710.250000	0.540669	-1.135896	1.380765	0.000000	0.000000
710.260000	0.540670	-1.135887	1.380765	0.000000	0.000000
710.270000	0.540670	-1.135876	1.380766	0.000000	0.000000
710.280000	0.540670	-1.135864	1.380767	0.000000	0.000000
710.290000	0.540671	-1.135853	1.380768	0.000000	0.000000
710.300000	0.540671	-1.135842	1.380768	0.000000	0.000000
710.310000	0.540673	-1.135833	1.380769	0.000000	0.000000
710.320000	0.540674	-1.135826	1.380770	0.000000	0.000000
710.330000	0.540677	-1.135821	1.380770	0.000000	0.000000
710.340000	0.540681	-1.135819	1.380771	0.000000	0.000000
710.350000	0.540684	-1.135818	1.380771	0.000000	0.000000
710.360000	0.540687	-1.135817	1.380771	0.000000	0.000000
710.370000	0.540690	-1.135815	1.380771	0.000000	0.000000
710.380000	0.540692	-1.135811	1.380772	0.000000	0.000000
710.390000	0.540694	-1.135807	1.380772	0.000000	0.000000
710.400000	0.540696	-1.135803	1.380772	0.000000	0.000000
710.410000	0.540698	-1.135799	1.380772	0.000000	0.000000
710.420000	0.540700	-1.135797	1.380772	0.000000	0.000000
710.430000	0.540702	-1.135796	1.380772	0.000000	0.000000
710.440000	0.540705	-1.135795	1.380772	0.000000	0.000000
710.450000	0.540707	-1.135794	1.380773	0.000000	0.000000
710.460000	0.540709	-1.135793	1.380773	0.000000	0.000000
710.470000	0.540709	-1.135790	1.380773	0.000000	0.000000
710.480000	0.540710	-1.135787	1.380773	0.000000	0.000000
710.490000	0.540709	-1.135783	1.380773	0.000000	0.000000
710.500000	0.540709	-1.135778	1.380774	0.000000	0.000000
710.510000	0.540708	-1.135770	1.380774	0.000000	0.000000
710.520000	0.540707	-1.135762	1.380774	0.000000	0.000000
710.530000	0.540706	-1.135753	1.380775	0.000000	0.000000
710.540000	0.540706	-1.135745	1.380775	0.000000	0.000000
710.550000	0.540706	-1.135737	1.380776	0.000000	0.000000
710.560000	0.540705	-1.135731	1.380776	0.000000	0.000000
710.570000	0.540705	-1.135725	1.380777	0.000000	0.000000
710.580000	0.540705	-1.135720	1.380778	0.000000	0.000000
710.590000	0.540705	-1.135715	1.380778	0.000000	0.000000
710.600000	0.540705	-1.135710	1.380779	0.000000	0.000000
710.610000	0.540704	-1.135706	1.380780	0.000000	0.000000
710.620000	0.540704	-1.135702	1.380780	0.000000	0.000000
710.630000	0.540703	-1.135697	1.380781	0.000000	0.000000
710.640000	0.540702	-1.135692	1.380782	0.000000	0.000000
710.650000	0.540701	-1.135686	1.380783	0.000000	0.000000
710.660000	0.540700	-1.135681	1.380783	0.000000	0.000000
710.670000	0.540699	-1.135678	1.380784	0.000000	0.000000
710.680000	0.540699	-1.135676	1.380785	0.000000	0.000000
710.690000	0.540699	-1.135676	1.380785	0.000000	0.000000
710.700000	0.540699	-1.135675	1.380786	0.000000	0.000000
710.710000	0.540700	-1.135675	1.380787	0.000000	0.000000
710.720000	0.540701	-1.135675	1.380787	0.000000	0.000000
710.730000	0.540702	-1.135674	1.380788	0.000000	0.000000
710.740000	0.540703	-1.135671	1.380789	0.000000	0.000000
710.750000	0.540704	-1.135668	1.380789	0.000000	0.000000
710.760000	0.540705	-1.135664	1.380790	0.000000	0.000000
710.770000	0.540706	-1.135659	1.380790	0.000000	0.000000
710.780000	0.540706	-1.135653	1.380791	0.000000	0.000000
710.790000	0.540706	-1.135647	1.380792	0.000000	0.000000
710.800000	0.540706	-1.135639	1.380792	0.000000	0.000000
710.810000	0.540705	-1.135630	1.380792	0.000000	0.000000
710.820000	0.540703	-1.135620	1.380793	0.000000	0.000000
710.830000	0.540702	-1.135610	1.380793	0.000000	0.000000
710.840000	0.540701	-1.135601	1.380794	0.000000	0.000000
710.850000	0.540702	-1.135597	1.380794	0.000000	0.000000
710.860000	0.540703	-1.135595	1.380794	0.000000	0.000000
710.870000	0.540706	-1.135595	1.380795	0.000000	0.000000
710.880000	0.540709	-1.135595	1.380795	0.000000	0.000000
710.890000	0.540711	-1.135594	1.380795	0.000000	0.000000
710.900000	0.540712	-1.135593	1.380796	0.000000	0.000000
710.910000	0.540713	-1.135589	1.380796	0.000000	0.000000
710.920000	0.540714	-1.135582	1.380796	0.000000	0.000000
710.930000	0.540714	-1.135573	1.380796	0.000000	0.000000
710.940000	0.540713	-1.135564	1.380797	0.000000	0.000000
710.950000	0.540712	-1.135556	1.380797	0.000000	0.000000
710.960000	0.540712	-1.135551	1.380797	0.000000	0.000000
710.970000	0.540712	-1.135547	1.380797	0.000000	0.000000
710.980000	0.540713	-1.135544	1.380798	0.000000	0.000000
710.990000	0.540713	-1.135542	1.380798	0.000000	0.000000
711.000000	0.540714	-1.135541	1.380799	0.000000	0.000000
711.010000	0.540715	-1.135541	1.380799	0.000000	0.000000
711.020000	0.540716	-1.135540	1.380799	0.000000	0.000000
711.030000	0.540718	-1.135539	1.380800	0.000000	0.000000
711.040000	0.540719	-1.135538	1.380801	0.000000	0.000000
711.050000	0.540720	-1.135534	1.380801	0.000000	0.000000
711.060000	0.540720	-1.135529	1.380802	0.000000	0.000000
711.070000	0.540720	-1.135521	1.380802	0.000000	0.000000
711.080000	0.540718	-1.135511	1.380803	0.000000	0.000000
711.090000	0.540717	-1.135500	1.380804	0.000000	0.000000
711.100000	0.540715	-1.135489	1.380804	0.000000	0.000000
711.110000	0.540713	-1.135479	1.380805	0.000000	0.000000
711.120000	0.540712	-1.135471	1.380806	0.000000	0.000000
711.130000	0.540712	-1.135463	1.380806	0.000000	0.000000
711.140000	0.540712	-1.135455	1.380807	0.000000	0.000000
711.150000	0.540711	-1.135449	1.380808	0.000000	0.000000
711.160000	0.540710	-1.135442	1.380808	0.000000	0.000000
711.170000	0.540710	-1.135436	1.380809	0.000000	0.000000
711.180000	0.540709	-1.135430	1.380810	0.000000	0.000000
711.190000	0.540708	-1.135424	1.380810	0.000000	0.000000
711.200000	0.540707	-1.135419	1.380811	0.000000	0.000000
711.210000	0.540706	-1.135413	1.380811	0.000000	0.000000
711.220000	0.540705	-1.135408	1.380811	0.000000	0.000000
711.230000	0.540704	-1.135402	1.380812	0.000000	0.000000
711.240000	0.540702	-1.135395	1.380812	0.000000	0.000000
711.250000	0.540701	-1.135390	1.380812	0.000000	0.000000
711.260000	0.540700	-1.135385	1.380812	0.000000	0.000000
711.270000	0.540699	-1.135381	1.380812	0.000000	0.000000
711.280000	0.540699	-1.135378	1.380813	0.000000	0.000000
711.290000	0.540699	-1.135376	1.380813	0.000000	0.000000
711.300000	0.540700	-1.135375	1.380813	0.000000	0.000000
711.310000	0.540700	-1.135375	1.380812	0.000000	0.000000
711.320000	0.540700	-1.135374	1.380812	0.000000	0.000000
711.330000	0.540701	-1.135372	1.380812	0.000000	0.000000
711.340000	0.540701	-1.135370	1.380812	0.000000	0.000000
711.350000	0.540701	-1.135367	1.380812	0.000000	0.000000
711.360000	0.540702	-1.135364	1.380812	0.000000	0.000000
711.370000	0.540702	-1.135359	1.380811	0.000000	0.000000
711.380000	0.540702	-1.135353	1.380811	0.000000	0.000000
711.390000	0.540702	-1.135346	1.380811	0.000000	0.000000
711.400000	0.540702	-1.135339	1.380810	0.000000	0.000000
711.410000	0.540703	-1.135332	1.380810	0.000000	0.000000
711.420000	0.540703	-1.135324	1.380810	0.000000	0.000000
711.430000	0.540704	-1.135317	1.380809	0.000000	0.000000
711.440000	0.540704	-1.135309	1.380809	0.000000	0.000000
711.450000	0.540703	-1.135301	1.380808	0.000000	0.000000
711.460000	0.540704	-1.135294	1.380807	0.000000	0.000000
711.470000	0.540705	-1.135289	1.380807	0.000000	0.000000
711.480000	0.540706	-1.135285	1.380806	0.000000	0.000000
711.490000	0.540707	-1.135282	1.380805	0.000000	0.000000
711.500000	0.540708	-1.135280	1.380804	0.000000	0.000000
711.510000	0.540710	-1.135277	1.380803	0.000000	0.000000
711.520000	0.540711	-1.135274	1.380802	0.000000	0.000000
711.530000	0.540712	-1.135271	1.380801	0.000000	0.000000
711.540000	0.540713	-1.135266	1.380800	0.000000	0.000000
711.550000	0.540713	-1.135261	1.380799	0.000000	0.000000
711.560000	0.540712	-1.135255	1.380797	0.000000	0.000000
711.570000	0.540712	-1.135249	1.380796	0.000000	0.000000
711.580000	0.540711	-1.135244	1.380794	0.000000	0.000000
711.590000	0.540712	-1.135242	1.380793	0.000000	0.000000
711.600000	0.540713	-1.135242	1.380791	0.000000	0.000000
711.610000	0.540715	-1.135244	1.380790	0.000000	0.000000
711.620000	0.540716	-1.135246	1.380788	0.000000	0.000000
711.630000	0.540718	-1.135247	1.380787	0.000000	0.000000
711.640000	0.540719	-1.135248	1.380785	0.000000	0.000000
711.650000	0.540720	-1.135249	1.380784	0.000000	0.000000
711.660000	0.540722	-1.135250	1.380782	0.000000	0.000000
711.670000	0.540723	-1.135249	1.380781	0.000000	0.000000
711.680000	0.540724	-1.135248	1.380779	0.000000	0.000000
711.690000	0.540724	-1.135244	1.380778	0.000000	0.000000
711.700000	0.540723	-1.135239	1.380776	0.000000	0.000000
711.710000	0.540721	-1.135231	1.380775	0.000000	0.000000
711.720000	0.540719	-1.135221	1.380774	0.000000	0.000000
711.730000	0.540716	-1.135209	1.380772	0.000000	0.000000
711.740000	0.540714	-1.135197	1.380771	0.000000	0.000000
711.750000	0.540712	-1.135187	1.380769	0.000000	0.000000
711.760000	0.540710	-1.135178	1.380768	0.000000	0.000000
711.770000	0.540709	-1.135172	1.380766	0.000000	0.000000
711.780000	0.540709	-1.135168	1.380765	0.000000	0.000000
711.790000	0.540709	-1.135166	1.380763	0.000000	0.000000
711.800000	0.540711	-1.135166	1.380761	0.000000	0.000000
711.810000	0.540712	-1.135167	1.380759	0.000000	0.000000
711.820000	0.540712	-1.135167	1.380757	0.000000	0.000000
711.830000	0.540713	-1.135168	1.380755	0.000000	0.000000
711.840000	0.540714	-1.135168	1.380753	0.000000	0.000000
711.850000	0.540715	-1.135167	1.380751	0.000000	0.000000
711.860000	0.540715	-1.135166	1.380749	0.000000	0.000000
711.870000	0.540716	-1.135165	1.380747	0.000000	0.000000
711.880000	0.540718	-1.135165	1.380744	0.000000	0.000000
711.890000	0.540720	-1.135166	1.380742	0.000000	0.000000
711.900000	0.540722	-1.135166	1.380740	0.000000	0.000000
711.910000	0.540724	-1.135167	1.380737	0.000000	0.000000
711.920000	0.540725	-1.135167	1.380735	0.000000	0.000000
711.930000	0.540727	-1.135167	1.380733	0.000000	0.000000
711.940000	0.540729	-1.135166	1.380730	0.000000	0.000000
711.950000	0.540730	-1.135163	1.380728	0.000000	0.000000
711.960000	0.540731	-1.135159	1.380726	0.000000	0.000000
711.970000	0.540731	-1.135155	1.380724	0.000000	0.000000
711.980000	0.540732	-1.135151	1.380722	0.000000	0.000000
711.990000	0.540733	-1.135147	1.380721	0.000000	0.000000
712.000000	0.540735	-1.135142	1.380719	0.000000	0.000000
712.010000	0.540736	-1.135139	1.380717	0.000000	0.000000
712.020000	0.540738	-1.135135	1.380716	0.000000	0.000000
712.030000	0.540740	-1.135132	1.380714	0.000000	0.000000
712.040000	0.540741	-1.135130	1.380713	0.000000	0.000000
712.050000	0.540742	-1.135127	1.380712	0.000000	0.000000
712.060000	0.540743	-1.135126	1.380710	0.000000	0.000000
712.070000	0.540744	-1.135125	1.380709	0.000000	0.000000
712.080000	0.540745	-1.135124	1.380708	0.000000	0.000000
712.090000	0.540746	-1.135124	1.380707	0.000000	0.000000
712.100000	0.540746	-1.135123	1.380705	0.000000	0.000000
712.110000	0.540746	-1.135122	1.380704	0.000000	0.000000
712.120000	0.540745	-1.135120	1.380703	0.000000	0.000000
712.130000	0.540745	-1.135117	1.380702	0.000000	0.000000
712.140000	0.540743	-1.135111	1.380701	0.000000	0.000000
712.150000	0.540741	-1.135105	1.380700	0.000000	0.000000
712.160000	0.540739	-1.135100	1.380698	0.000000	0.000000
712.170000	0.540737	-1.135098	1.380697	0.000000	0.000000
712.180000	0.540736	-1.135099	1.380696	0.000000	0.000000
712.190000	0.540736	-1.135101	1.380695	0.000000	0.000000
712.200000	0.540735	-1.135105	1.380694	0.000000	0.000000
712.210000	0.540734	-1.135109	1.380693	0.000000	0.000000
712.220000	0.540734	-1.135113	1.380692	0.000000	0.000000
712.230000	0.540733	-1.135115	1.380691	0.000000	0.000000
712.240000	0.540731	-1.135116	1.380690	0.000000	0.000000
712.250000	0.540729	-1.135116	1.380689	0.000000	0.000000
712.260000	0.540727	-1.135116	1.380689	0.000000	0.000000
712.270000	0.540724	-1.135114	1.380688	0.000000	0.000000
712.280000	0.540722	-1.135112	1.380687	0.000000	0.000000
712.290000	0.540719	-1.135111	1.380687	0.000000	0.000000
712.300000	0.540717	-1.135110	1.380686	0.000000	0.000000
712.310000	0.540714	-1.135109	1.380685	0.000000	0.000000
712.320000	0.540712	-1.135110	1.380685	0.000000	0.000000
712.330000	0.540710	-1.135110	1.380684	0.000000	0.000000
712.340000	0.540709	-1.135111	1.380684	0.000000	0.000000
712.350000	0.540707	-1.135112	1.380683	0.000000	0.000000
712.360000	0.540706	-1.135112	1.380682	0.000000	0.000000
712.370000	0.540705	-1.135112	1.380682	0.000000	0.000000
712.380000	0.540705	-1.135112	1.380681	0.000000	0.000000
712.390000	0.540704	-1.135112	1.380680	0.000000	0.000000
712.400000	0.540703	-1.135111	1.380679	0.000000	0.000000
712.410000	0.540702	-1.135109	1.380678	0.000000	0.000000
712.420000	0.540700	-1.135106	1.380677	0.000000	0.000000
712.430000	0.540698	-1.135103	1.380676	0.000000	0.000000
712.440000	0.540697	-1.135098	1.380675	0.000000	0.000000
712.450000	0.540694	-1.135091	1.380674	0.000000	0.000000
712.460000	0.540692	-1.135085	1.380673	0.000000	0.000000
712.470000	0.540690	-1.135080	1.380672	0.000000	0.000000
712.480000	0.540689	-1.135078	1.380671	0.000000	0.000000
712.490000	0.540689	-1.135078	1.380669	0.000000	0.000000
712.500000	0.540689	-1.135080	1.380668	0.000000	0.000000
712.510000	0.540690	-1.135082	1.380667	0.000000	0.000000
712.520000	0.540690	-1.135084	1.380666	0.000000	0.000000
712.530000	0.540690	-1.135085	1.380666	0.000000	0.000000
712.540000	0.540689	-1.135085	1.380665	0.000000	0.000000
712.550000	0.540688	-1.135084	1.380664	0.000000	0.000000
712.560000	0.540687	-1.135081	1.380663	0.000000	0.000000
712.570000	0.540685	-1.135078	1.380662	0.000000	0.000000
712.580000	0.540684	-1.135075	1.380662	0.000000	0.000000
712.590000	0.540683	-1.135072	1.380661	0.000000	0.000000
712.600000	0.540683	-1.135069	1.380660	0.000000	0.000000
712.610000	0.540682	-1.135066	1.380659	0.000000	0.000000
712.620000	0.540682	-1.135063	1.380659	0.000000	0.000000
712.630000	0.540681	-1.135060	1.380658	0.000000	0.000000
712.640000	0.540680	-1.135057	1.380657	0.000000	0.000000
712.650000	0.540680	-1.135054	1.380657	0.000000	0.000000
712.660000	0.540679	-1.135051	1.380656	0.000000	0.000000
712.670000	0.540678	-1.135048	1.380655	0.000000	0.000000
712.680000	0.540678	-1.135044	1.380655	0.000000	0.000000
712.690000	0.540678	-1.135040	1.380654	0.000000	0.000000
712.700000	0.540677	-1.135036	1.380654	0.000000	0.000000
712.710000	0.540677	-1.135032	1.380653	0.000000	0.000000
712.720000	0.540677	-1.135029	1.380652	0.000000	0.000000
712.730000	0.540678	-1.135026	1.380652	0.000000	0.000000
712.740000	0.540679	-1.135024	1.380651	0.000000	0.000000
712.750000	0.540680	-1.135022	1.380651	0.000000	0.000000
712.760000	0.540681	-1.135019	1.380651	0.000000	0.000000
712.770000	0.540681	-1.135016	1.380650	0.000000	0.000000
712.780000	0.540681	-1.135012	1.380650	0.000000	0.000000
712.790000	0.540680	-1.135007	1.380649	0.000000	0.000000
712.800000	0.540679	-1.135003	1.380649	0.000000	0.000000
712.810000	0.540678	-1.134998	1.380649	0.000000	0.000000
712.820000	0.540677	-1.134993	1.380648	0.000000	0.000000
712.830000	0.540676	-1.134988	1.380648	0.000000	0.000000
712.840000	0.540674	-1.134982	1.380647	0.000000	0.000000
712.850000	0.540672	-1.134975	1.380647	0.000000	0.000000
712.860000	0.540670	-1.134968	1.380646	0.000000	0.000000
712.870000	0.540668	-1.134961	1.380646	0.000000	0.000000
712.880000	0.540666	-1.134954	1.380645	0.000000	0.000000
712.890000	0.540664	-1.134949	1.380645	0.000000	0.000000
712.900000	0.540663	-1.134945	1.380644	0.000000	0.000000
712.910000	0.540662	-1.134942	1.380643	0.000000	0.000000
712.920000	0.540661	-1.134942	1.380642	0.000000	0.000000
712.930000	0.540661	-1.134943	1.380641	0.000000	0.000000
712.940000	0.540662	-1.134947	1.380641	0.000000	0.000000
712.950000	0.540664	-1.134951	1.380640	0.000000	0.000000
712.960000	0.540665	-1.134956	1.380638	0.000000	0.000000
712.970000	0.540666	-1.134958	1.380637	0.000000	0.000000
712.980000	0.540666	-1.134959	1.380636	0.000000	0.000000
712.990000	0.540665	-1.134958	1.380635	0.000000	0.000000
713.000000	0.540665	-1.134959	1.380634	0.000000	0.000000
713.010000	0.540665	-1.134961	1.380632	0.000000	0.000000
713.020000	0.540664	-1.134963	1.380631	0.000000	0.000000
713.030000	0.540663	-1.134963	1.380630	0.000000	0.000000
713.040000	0.540662	-1.134961	1.380628	0.000000	0.000000
713.050000	0.540660	-1.134958	1.380627	0.000000	0.000000
713.060000	0.540659	-1.134955	1.380626	0.000000	0.000000
713.070000	0.540658	-1.134953	1.380624	0.000000	0.000000
713.080000	0.540658	-1.134951	1.380623	0.000000	0.000000
713.090000	0.540657	-1.134949	1.380622	0.000000	0.000000
713.100000	0.540657	-1.134947	1.380621	0.000000	0.000000
713.110000	0.540656	-1.134945	1.380619	0.000000	0.000000
713.120000	0.540656	-1.134943	1.380618	0.000000	0.000000
713.130000	0.540655	-1.134940	1.380617	0.000000	0.000000
713.140000	0.540654	-1.134937	1.380616	0.000000	0.000000
713.150000	0.540653	-1.134934	1.380614	0.000000	0.000000
713.160000	0.540653	-1.134930	1.380613	0.000000	0.000000
713.170000	0.540652	-1.134928	1.380612	0.000000	0.000000
713.180000	0.540652	-1.134927	1.380611	0.000000	0.000000
713.190000	0.540653	-1.134927	1.380609	0.000000	0.000000
713.200000	0.540653	-1.134928	1.380608	0.000000	0.000000
713.210000	0.540653	-1.134930	1.380606	0.000000	0.000000
713.220000	0.540653	-1.134934	1.380605	0.000000	0.000000
713.230000	0.540653	-1.134938	1.380603	0.000000	0.000000
713.240000	0.540653	-1.134942	1.380601	0.000000	0.000000
713.250000	0.540652	-1.134945	1.380600	0.000000	0.000000
713.260000	0.540652	-1.134947	1.380598	0.000000	0.000000
713.270000	0.540650	-1.134946	1.380596	0.000000	0.000000
713.280000	0.540648	-1.134945	1.380594	0.000000	0.000000
713.290000	0.540647	-1.134944	1.380592	0.000000	0.000000
713.300000	0.540645	-1.134944	1.380590	0.000000	0.000000
713.310000	0.540644	-1.134947	1.380588	0.000000	0.000000
713.320000	0.540644	-1.134952	1.380586	0.000000	0.000000
713.330000	0.540645	-1.134960	1.380584	0.000000	0.000000
713.340000	0.540647	-1.134968	1.380582	0.000000	0.000000
713.350000	0.540648	-1.134975	1.380580	0.000000	0.000000
713.360000	0.540648	-1.134981	1.380579	0.000000	0.000000
713.370000	0.540648	-1.134985	1.380577	0.000000	0.000000
713.380000	0.540648	-1.134988	1.380575	0.000000	0.000000
713.390000	0.540647	-1.134990	1.380573	0.000000	0.000000
713.400000	0.540645	-1.134992	1.380571	0.000000	0.000000
713.410000	0.540644	-1.134995	1.380570	0.000000	0.000000
713.420000	0.540643	-1.134998	1.380568	0.000000	0.000000
713.430000	0.540641	-1.135000	1.380567	0.000000	0.000000
713.440000	0.540639	-1.135002	1.380565	0.000000	0.000000
713.450000	0.540637	-1.135004	1.380563	0.000000	0.000000
713.460000	0.540635	-1.135005	1.380562	0.000000	0.000000
713.470000	0.540633	-1.135006	1.380560	0.000000	0.000000
713.480000	0.540631	-1.135006	1.380559	0.000000	0.000000
713.490000	0.540629	-1.135006	1.380557	0.000000	0.000000
713.500000	0.540626	-1.135007	1.380555	0.000000	0.000000
713.510000	0.540625	-1.135010	1.380554	0.000000	0.000000
713.520000	0.540624	-1.135015	1.380552	0.000000	0.000000
713.530000	0.540623	-1.135021	1.380550	0.000000	0.000000
713.540000	0.540623	-1.135028	1.380549	0.000000	0.000000
713.550000	0.540622	-1.135035	1.380547	0.000000	0.000000
713.560000	0.540621	-1.135041	1.380545	0.000000	0.000000
713.570000	0.540621	-1.135046	1.380544	0.000000	0.000000
713.580000	0.540619	-1.135050	1.380542	0.000000	0.000000
713.590000	0.540617	-1.135053	1.380540	0.000000	0.000000
713.600000	0.540615	-1.135056	1.380539	0.000000	0.000000
713.610000	0.540613	-1.135059	1.380537	0.000000	0.000000
713.620000	0.540611	-1.135063	1.380535	0.000000	0.000000
713.630000	0.540608	-1.135067	1.380533	0.000000	0.000000
713.640000	0.540606	-1.135071	1.380531	0.000000	0.000000
713.650000	0.540604	-1.135074	1.380530	0.000000	0.000000
713.660000	0.540601	-1.135077	1.380528	0.000000	0.000000
713.670000	0.540599	-1.135079	1.380526	0.000000	0.000000
713.680000	0.540596	-1.135082	1.380524	0.000000	0.000000
713.690000	0.540593	-1.135084	1.380522	0.000000	0.000000
713.700000	0.540589	-1.135086	1.380521	0.000000	0.000000
713.710000	0.540586	-1.135088	1.380519	0.000000	0.000000
713.720000	0.540582	-1.135090	1.380517	0.000000	0.000000
713.730000	0.540579	-1.135093	1.380515	0.000000	0.000000
713.740000	0.540576	-1.135097	1.380513	0.000000	0.000000
713.750000	0.540573	-1.135102	1.380511	0.000000	0.000000
713.760000	0.540570	-1.135109	1.380509	0.000000	0.000000
713.770000	0.540567	-1.135115	1.380507	0.000000	0.000000
713.780000	0.540564	-1.135123	1.380505	0.000000	0.000000
713.790000	0.540561	-1.135129	1.380503	0.000000	0.000000
713.800000	0.540558	-1.135136	1.380501	0.000000	0.000000
713.810000	0.540555	-1.135143	1.380499	0.000000	0.000000
713.820000	0.540553	-1.135148	1.380497	0.000000	0.000000
713.830000	0.540549	-1.135153	1.380494	0.000000	0.000000
713.840000	0.540545	-1.135157	1.380492	0.000000	0.000000
713.850000	0.540541	-1.135162	1.380490	0.000000	0.000000
713.860000	0.540538	-1.135169	1.380487	0.000000	0.000000
713.870000	0.540536	-1.135179	1.380485	0.000000	0.000000
713.880000	0.540535	-1.135191	1.380483	0.000000	0.000000
713.890000	0.540534	-1.135202	1.380480	0.000000	0.000000
713.900000	0.540532	-1.135213	1.380478	0.000000	0.000000
713.910000	0.540530	-1.135223	1.380476	0.000000	0.000000
713.920000	0.540528	-1.135232	1.380473	0.000000	0.000000
713.930000	0.540526	-1.135241	1.380471	0.000000	0.000000
713.940000	0.540523	-1.135249	1.380469	0.000000	0.000000
713.950000	0.540520	-1.135257	1.380466	0.000000	0.000000
713.960000	0.540517	-1.135264	1.380464	0.000000	0.000000
713.970000	0.540514	-1.135271	1.380462	0.000000	0.000000
713.980000	0.540510	-1.135278	1.380460	0.000000	0.000000
713.990000	0.540507	-1.135286	1.380457	0.000000	0.000000
714.000000	0.540504	-1.135293	1.380455	0.000000	0.000000
714.010000	0.540500	-1.135301	1.380453	0.000000	0.000000
714.020000	0.540497	-1.135308	1.380451	0.000000	0.000000
714.030000	0.540493	-1.135316	1.380448	0.000000	0.000000
714.040000	0.540490	-1.135322	1.380446	0.000000	0.000000
714.050000	0.540486	-1.135329	1.380444	0.000000	0.000000
714.060000	0.540483	-1.135337	1.380442	0.000000	0.000000
714.070000	0.540480	-1.135345	1.380439	0.000000	0.000000
714.080000	0.540477	-1.135355	1.380437	0.000000	0.000000
714.090000	0.540475	-1.135365	1.380435	0.000000	0.000000
714.100000	0.540473	-1.135374	1.380433	0.000000	0.000000
714.110000	0.540470	-1.135383	1.380430	0.000000	0.000000
714.120000	0.540467	-1.135390	1.380428	0.000000	0.000000
714.130000	0.540464	-1.135395	1.380426	0.000000	0.000000
714.140000	0.540461	-1.135400	1.380424	0.000000	0.000000
714.150000	0.540458	-1.135404	1.380422	0.000000	0.000000
714.160000	0.540455	-1.135410	1.380420	0.000000	0.000000
714.170000	0.540452	-1.135417	1.380418	0.000000	0.000000
714.180000	0.540449	-1.135426	1.380416	0.000000	0.000000
714.190000	0.540448	-1.135435	1.380414	0.000000	0.000000
714.200000	0.540446	-1.135445	1.380412	0.000000	0.000000
714.210000	0.540444	-1.135454	1.380410	0.000000	0.000000
714.220000	0.540442	-1.135463	1.380408	0.000000	0.000000
714.230000	0.540440	-1.135471	1.380407	0.000000	0.000000
714.240000	0.540438	-1.135479	1.380405	0.000000	0.000000
714.250000	0.540436	-1.135485	1.380404	0.000000	0.000000
714.260000	0.540434	-1.135492	1.380402	0.000000	0.000000
714.270000	0.540432	-1.135497	1.380401	0.000000	0.000000
714.280000	0.540429	-1.135501	1.380399	0.000000	0.000000
714.290000	0.540426	-1.135503	1.380398	0.000000	0.000000
714.300000	0.540423	-1.135504	1.380397	0.000000	0.000000
714.310000	0.540419	-1.135504	1.380395	0.000000	0.000000
714.320000	0.540415	-1.135503	1.380394	0.000000	0.000000
714.330000	0.540410	-1.135501	1.380393	0.000000	0.000000
714.340000	0.540406	-1.135500	1.380392	0.000000	0.000000
714.350000	0.540403	-1.135500	1.380390	0.000000	0.000000
714.360000	0.540400	-1.135502	1.380389	0.000000	0.000000
714.370000	0.540397	-1.135505	1.380388	0.000000	0.000000
714.380000	0.540395	-1.135510	1.380386	0.000000	0.000000
714.390000	0.540394	-1.135515	1.380385	0.000000	0.000000
714.400000	0.540393	-1.135521	1.380383	0.000000	0.000000
714.410000	0.540392	-1.135527	1.380382	0.000000	0.000000
714.420000	0.540392	-1.135534	1.380380	0.000000	0.000000
714.430000	0.540391	-1.135540	1.380378	0.000000	0.000000
714.440000	0.540391	-1.135547	1.380377	0.000000	0.000000
714.450000	0.540390	-1.135554	1.380375	0.000000	0.000000
714.460000	0.540389	-1.135559	1.380373	0.000000	0.000000
714.470000	0.540387	-1.135564	1.380371	0.000000	0.000000
714.480000	0.540386	-1.135568	1.380369	0.000000	0.000000
714.490000	0.540384	-1.135572	1.380367	0.000000	0.000000
714.500000	0.540383	-1.135577	1.380365	0.000000	0.000000
714.510000	0.540383	-1.135585	1.380363	0.000000	0.000000
714.520000	0.540384	-1.135594	1.380361	0.000000	0.000000
714.530000	0.540385	-1.135605	1.380359	0.000000	0.000000
714.540000	0.540386	-1.135615	1.380357	0.000000	0.000000
714.550000	0.540387	-1.135625	1.380356	0.000000	0.000000
714.560000	0.540387	-1.135633	1.380354	0.000000	0.000000
714.570000	0.540387	-1.135638	1.380352	0.000000	0.000000
714.580000	0.540386	-1.135640	1.380350	0.000000	0.000000
714.590000	0.540385	-1.135640	1.380349	0.000000	0.000000
714.600000	0.540382	-1.135638	1.380347	0.000000	0.000000
714.610000	0.540379	-1.135634	1.380346	0.000000	0.000000
714.620000	0.540376	-1.135630	1.380344	0.000000	0.000000
714.630000	0.540372	-1.135625	1.380343	0.000000	0.000000
714.640000	0.540369	-1.135621	1.380341	0.000000	0.000000
714.650000	0.540367	-1.135618	1.380339	0.000000	0.000000
714.660000	0.540365	-1.135616	1.380338	0.000000	0.000000
714.670000	0.540364	-1.135617	1.380336	0.000000	0.000000
714.680000	0.540364	-1.135619	1.380334	0.000000	0.000000
714.690000	0.540364	-1.135623	1.380332	0.000000	0.000000
714.700000	0.540365	-1.135630	1.380330	0.000000	0.000000
714.710000	0.540366	-1.135637	1.380328	0.000000	0.000000
714.720000	0.540368	-1.135645	1.380326	0.000000	0.000000
714.730000	0.540371	-1.135653	1.380324	0.000000	0.000000
714.740000	0.540372	-1.135660	1.380322	0.000000	0.000000
714.750000	0.540374	-1.135667	1.380320	0.000000	0.000000
714.760000	0.540374	-1.135673	1.380317	0.000000	0.000000
714.770000	0.540375	-1.135680	1.380315	0.000000	0.000000
714.780000	0.540377	-1.135688	1.380313	0.000000	0.000000
714.790000	0.540378	-1.135697	1.380310	0.000000	0.000000
714.800000	0.540380	-1.135706	1.380308	0.000000	0.000000
714.810000	0.540381	-1.135715	1.380306	0.000000	0.000000
714.820000	0.540383	-1.135724	1.380304	0.000000	0.000000
714.830000	0.540385	-1.135733	1.380302	0.000000	0.000000
714.840000	0.540386	-1.135741	1.380299	0.000000	0.000000
714.850000	0.540387	-1.135748	1.380297	0.000000	0.000000
714.860000	0.540387	-1.135753	1.380295	0.000000	0.000000
714.870000	0.540386	-1.135756	1.380293	0.000000	0.000000
714.880000	0.540385	-1.135757	1.380292	0.000000	0.000000
714.890000	0.540383	-1.135756	1.380290	0.000000	0.000000
714.900000	0.540381	-1.135755	1.380288	0.000000	0.000000
714.910000	0.540379	-1.135754	1.380286	0.000000	0.000000
714.920000	0.540376	-1.135754	1.380285	0.000000	0.000000
714.930000	0.540375	-1.135755	1.380283	0.000000	0.000000
714.940000	0.540373	-1.135758	1.380282	0.000000	0.000000
714.950000	0.540372	-1.135761	1.380280	0.000000	0.000000
714.960000	0.540372	-1.135764	1.380279	0.000000	0.000000
714.970000	0.540372	-1.135769	1.380277	0.000000	0.000000
714.980000	0.540372	-1.135773	1.380276	0.000000	0.000000
714.990000	0.540371	-1.135777	1.380274	0.000000	0.000000
715.000000	0.540370	-1.135779	1.380273	0.000000	0.000000
715.010000	0.540368	-1.135780	1.380271	0.000000	0.000000
715.020000	0.540366	-1.135778	1.380269	0.000000	0.000000
715.030000	0.540363	-1.135775	1.380268	0.000000	0.000000
715.040000	0.540361	-1.135772	1.380266	0.000000	0.000000
715.050000	0.540359	-1.135771	1.380264	0.000000	0.000000
715.060000	0.540358	-1.135773	1.380262	0.000000	0.000000
715.070000	0.540358	-1.135778	1.380261	0.000000	0.000000
715.080000	0.540358	-1.135785	1.380259	0.000000	0.000000
715.090000	0.540358	-1.135793	1.380257	0.000000	0.000000
715.100000	0.540359	-1.135801	1.380255	0.000000	0.000000
715.110000	0.540358	-1.135808	1.380254	0.000000	0.000000
715.120000	0.540358	-1.135814	1.380252	0.000000	0.000000
715.130000	0.540357	-1.135819	1.380250	0.000000	0.000000
715.140000	0.540357	-1.135823	1.380248	0.000000	0.000000
715.150000	0.540355	-1.135826	1.380246	0.000000	0.000000
715.160000	0.540354	-1.135829	1.380245	0.000000	0.000000
715.170000	0.540351	-1.135829	1.380243	0.000000	0.000000
715.180000	0.540349	-1.135828	1.380241	0.000000	0.000000
715.190000	0.540346	-1.135826	1.380239	0.000000	0.000000
715.200000	0.540343	-1.135823	1.380237	0.000000	0.000000
715.210000	0.540341	-1.135821	1.380236	0.000000	0.000000
715.220000	0.540339	-1.135820	1.380234	0.000000	0.000000
715.230000	0.540337	-1.135818	1.380232	0.000000	0.000000
715.240000	0.540336	-1.135817	1.380230	0.000000	0.000000
715.250000	0.540335	-1.135818	1.380228	0.000000	0.000000
715.260000	0.540334	-1.135819	1.380226	0.000000	0.000000
715.270000	0.540333	-1.135822	1.380224	0.000000	0.000000
715.280000	0.540333	-1.135826	1.380222	0.000000	0.000000
715.290000	0.540332	-1.135830	1.380220	0.000000	0.000000
715.300000	0.540332	-1.135835	1.380218	0.000000	0.000000
715.310000	0.540331	-1.135839	1.380215	0.000000	0.000000
715.320000	0.540330	-1.135842	1.380213	0.000000	0.000000
715.330000	0.540328	-1.135843	1.380211	0.000000	0.000000
715.340000	0.540326	-1.135843	1.380209	0.000000	0.000000
715.350000	0.540323	-1.135842	1.380206	0.000000	0.000000
715.360000	0.540321	-1.135840	1.380204	0.000000	0.000000
715.370000	0.540318	-1.135838	1.380201	0.000000	0.000000
715.380000	0.540317	-1.135839	1.380199	0.000000	0.000000
715.390000	0.540316	-1.135843	1.380196	0.000000	0.000000
715.400000	0.540317	-1.135848	1.380194	0.000000	0.000000
715.410000	0.540317	-1.135854	1.380191	0.000000	0.000000
715.420000	0.540318	-1.135860	1.380189	0.000000	0.000000
715.430000	0.540318	-1.135864	1.380186	0.000000	0.000000
715.440000	0.540318	-1.135869	1.380184	0.000000	0.000000
715.450000	0.540318	-1.135873	1.380181	0.000000	0.000000
715.460000	0.540317	-1.135877	1.380179	0.000000	0.000000
715.470000	0.540317	-1.135879	1.380177	0.000000	0.000000
715.480000	0.540316	-1.135880	1.380174	0.000000	0.000000
715.490000	0.540315	-1.135882	1.380172	0.000000	0.000000
715.500000	0.540314	-1.135885	1.380169	0.000000	0.000000
715.510000	0.540314	-1.135889	1.380167	0.000000	0.000000
715.520000	0.540314	-1.135894	1.380164	0.000000	0.000000
715.530000	0.540314	-1.135898	1.380162	0.000000	0.000000
715.540000	0.540313	-1.135900	1.380160	0.000000	0.000000
715.550000	0.540313	-1.135900	1.380157	0.000000	0.000000
715.560000	0.540312	-1.135900	1.380155	0.000000	0.000000
715.570000	0.540311	-1.135899	1.380153	0.000000	0.000000
715.580000	0.540310	-1.135897	1.380150	0.000000	0.000000
715.590000	0.540310	-1.135896	1.380148	0.000000	0.000000
715.600000	0.540310	-1.135896	1.380146	0.000000	0.000000
715.610000	0.540310	-1.135896	1.380143	0.000000	0.000000
715.620000	0.540310	-1.135896	1.380141	0.000000	0.000000
715.630000	0.540310	-1.135895	1.380139	0.000000	0.000000
715.640000	0.540309	-1.135892	1.380137	0.000000	0.000000
715.650000	0.540308	-1.135888	1.380135	0.000000	0.000000
715.660000	0.540307	-1.135881	1.380133	0.000000	0.000000
715.670000	0.540305	-1.135874	1.380131	0.000000	0.000000
715.680000	0.540304	-1.135867	1.380128	0.000000	0.000000
715.690000	0.540303	-1.135862	1.380126	0.000000	0.000000
715.700000	0.540302	-1.135860	1.380124	0.000000	0.000000
715.710000	0.540302	-1.135860	1.380122	0.000000	0.000000
715.720000	0.540302	-1.135861	1.380120	0.000000	0.000000
715.730000	0.540303	-1.135863	1.380118	0.000000	0.000000
715.740000	0.540303	-1.135866	1.380116	0.000000	0.000000
715.750000	0.540304	-1.135870	1.380114	0.000000	0.000000
715.760000	0.540305	-1.135873	1.380112	0.000000	0.000000
715.770000	0.540306	-1.135876	1.380109	0.000000	0.000000
715.780000	0.540307	-1.135879	1.380107	0.000000	0.000000
715.790000	0.540307	-1.135879	1.380105	0.000000	0.000000
715.800000	0.540306	-1.135878	1.380103	0.000000	0.000000
715.810000	0.540305	-1.135876	1.380101	0.000000	0.000000
715.820000	0.540305	-1.135875	1.380099	0.000000	0.000000
715.830000	0.540306	-1.135876	1.380097	0.000000	0.000000
715.840000	0.540306	-1.135878	1.380095	0.000000	0.000000
715.850000	0.540307	-1.135881	1.380093	0.000000	0.000000
715.860000	0.540308	-1.135883	1.380091	0.000000	0.000000
715.870000	0.540309	-1.135885	1.380089	0.000000	0.000000
715.880000	0.540308	-1.135885	1.380087	0.000000	0.000000
715.890000	0.540307	-1.135884	1.380085	0.000000	0.000000
715.900000	0.540305	-1.135881	1.380084	0.000000	0.000000
715.910000	0.540303	-1.135878	1.380082	0.000000	0.000000
715.920000	0.540301	-1.135874	1.380080	0.000000	0.000000
715.930000	0.540298	-1.135871	1.380078	0.000000	0.000000
715.940000	0.540296	-1.135870	1.380077	0.000000	0.000000
715.950000	0.540296	-1.135871	1.380075	0.000000	0.000000
715.960000	0.540296	-1.135875	1.380073	0.000000	0.000000
715.970000	0.540296	-1.135881	1.380071	0.000000	0.000000
715.980000	0.540297	-1.135888	1.380069	0.000000	0.000000
715.990000	0.540297	-1.135895	1.380067	0.000000	0.000000
716.000000	0.540297	-1.135903	1.380066	0.000000	0.000000
716.010000	0.540297	-1.135910	1.380064	0.000000	0.000000
716.020000	0.540297	-1.135916	1.380062	0.000000	0.000000
716.030000	0.540297	-1.135922	1.380060	0.000000	0.000000
716.040000	0.540297	-1.135928	1.380058	0.000000	0.000000
716.050000	0.540298	-1.135936	1.380057	0.000000	0.000000
716.060000	0.540298	-1.135945	1.380055	0.000000	0.000000
716.070000	0.540299	-1.135954	1.380053	0.000000	0.000000
716.080000	0.540299	-1.135962	1.380052	0.000000	0.000000
716.090000	0.540299	-1.135968	1.380050	0.000000	0.000000
716.100000	0.540299	-1.135974	1.380049	0.000000	0.000000
716.110000	0.540298	-1.135978	1.380047	0.000000	0.000000
716.120000	0.540297	-1.135980	1.380046	0.000000	0.000000
716.130000	0.540295	-1.135982	1.380045	0.000000	0.000000
716.140000	0.540293	-1.135984	1.380043	0.000000	0.000000
716.150000	0.540292	-1.135986	1.380042	0.000000	0.000000
716.160000	0.540290	-1.135988	1.380041	0.000000	0.000000
716.170000	0.540288	-1.135991	1.380040	0.000000	0.000000
716.180000	0.540286	-1.135994	1.380039	0.000000	0.000000
716.190000	0.540285	-1.135996	1.380038	0.000000	0.000000
716.200000	0.540283	-1.135999	1.380037	0.000000	0.000000
716.210000	0.540281	-1.136002	1.380036	0.000000	0.000000
716.220000	0.540278	-1.136004	1.380035	0.000000	0.000000
716.230000	0.540276	-1.136006	1.380034	0.000000	0.000000
716.240000	0.540273	-1.136007	1.380033	0.000000	0.000000
716.250000	0.540270	-1.136007	1.380032	0.000000	0.000000
716.260000	0.540267	-1.136006	1.380031	0.000000	0.000000
716.270000	0.540263	-1.136005	1.380031	0.000000	0.000000
716.280000	0.540260	-1.136003	1.380030	0.000000	0.000000
716.290000	0.540257	-1.136002	1.380029	0.000000	0.000000
716.300000	0.540254	-1.136003	1.380029	0.000000	0.000000
716.310000	0.540252	-1.136006	1.380028	0.000000	0.000000
716.320000	0.540250	-1.136008	1.380028	0.000000	0.000000
716.330000	0.540249	-1.136011	1.380027	0.000000	0.000000
716.340000	0.540247	-1.136012	1.380027	0.000000	0.000000
716.350000	0.540244	-1.136013	1.380026	0.000000	0.000000
716.360000	0.540241	-1.136012	1.380026	0.000000	0.000000
716.370000	0.540239	-1.136012	1.380026	0.000000	0.000000
716.380000	0.540236	-1.136011	1.380025	0.000000	0.000000
716.390000	0.540233	-1.136010	1.380025	0.000000	0.000000
716.400000	0.540231	-1.136009	1.380024	0.000000	0.000000
716.410000	0.540229	-1.136009	1.380024	0.000000	0.000000
716.420000	0.540228	-1.136009	1.380023	0.000000	0.000000
716.430000	0.540226	-1.136009	1.380023	0.000000	0.000000
716.440000	0.540224	-1.136010	1.380023	0.000000	0.000000
716.450000	0.540223	-1.136010	1.380022	0.000000	0.000000
716.460000	0.540221	-1.136009	1.380022	0.000000	0.000000
716.470000	0.540219	-1.136008	1.380021	0.000000	0.000000
716.480000	0.540217	-1.136007	1.380021	0.000000	0.000000
716.490000	0.540215	-1.136006	1.380020	0.000000	0.000000
716.500000	0.540213	-1.136006	1.380020	0.000000	0.000000
716.510000	0.540212	-1.136006	1.380020	0.000000	0.000000
716.520000	0.540211	-1.136007	1.380019	0.000000	0.000000
716.530000	0.540210	-1.136008	1.380019	0.000000	0.000000
716.540000	0.540209	-1.136009	1.380018	0.000000	0.000000
716.550000	0.540209	-1.136010	1.380018	0.000000	0.000000
716.560000	0.540208	-1.136010	1.380017	0.000000	0.000000
716.570000	0.540208	-1.136010	1.380016	0.000000	0.000000
716.580000	0.540207	-1.136008	1.380016	0.000000	0.000000
716.590000	0.540206	-1.136006	1.380015	0.000000	0.000000
716.600000	0.540205	-1.136002	1.380015	0.000000	0.000000
716.610000	0.540204	-1.135997	1.380014	0.000000	0.000000
716.620000	0.540202	-1.135991	1.380013	0.000000	0.000000
716.630000	0.540200	-1.135985	1.380012	0.000000	0.000000
716.640000	0.540199	-1.135981	1.380011	0.000000	0.000000
716.650000	0.540197	-1.135977	1.380010	0.000000	0.000000
716.660000	0.540196	-1.135975	1.380009	0.000000	0.000000
716.670000	0.540195	-1.135975	1.380008	0.000000	0.000000
716.680000	0.540195	-1.135975	1.380007	0.000000	0.000000
716.690000	0.540194	-1.135976	1.380006	0.000000	0.000000
716.700000	0.540194	-1.135977	1.380005	0.000000	0.000000
716.710000	0.540193	-1.135979	1.380003	0.000000	0.000000
716.720000	0.540193	-1.135981	1.380002	0.000000	0.000000
716.730000	0.540192	-1.135982	1.380000	0.000000	0.000000
716.740000	0.540190	-1.135982	1.379999	0.000000	0.000000
716.750000	0.540188	-1.135981	1.379997	0.000000	0.000000
716.760000	0.540187	-1.135980	1.379996	0.000000	0.000000
716.770000	0.540186	-1.135981	1.379994	0.000000	0.000000
716.780000	0.540186	-1.135984	1.379993	0.000000	0.000000
716.790000	0.540186	-1.135988	1.379991	0.000000	0.000000
716.800000	0.540186	-1.135992	1.379989	0.000000	0.000000
716.810000	0.540188	-1.135996	1.379988	0.000000	0.000000
716.820000	0.540189	-1.136000	1.379986	0.000000	0.000000
716.830000	0.540190	-1.136003	1.379984	0.000000	0.000000
716.840000	0.540191	-1.136005	1.379982	0.000000	0.000000
716.850000	0.540191	-1.136006	1.379981	0.000000	0.000000
716.860000	0.540191	-1.136006	1.379979	0.000000	0.000000
716.870000	0.540191	-1.136006	1.379977	0.000000	0.000000
716.880000	0.540191	-1.136006	1.379975	0.000000	0.000000
716.890000	0.540191	-1.136007	1.379973	0.000000	0.000000
716.900000	0.540191	-1.136007	1.379972	0.000000	0.000000
716.910000	0.540190	-1.136006	1.379970	0.000000	0.000000
716.920000	0.540189	-1.136004	1.379968	0.000000	0.000000
716.930000	0.540188	-1.136001	1.379967	0.000000	0.000000
716.940000	0.540186	-1.135997	1.379965	0.000000	0.000000
716.950000	0.540185	-1.135993	1.379963	0.000000	0.000000
716.960000	0.540183	-1.135989	1.379962	0.000000	0.000000
716.970000	0.540182	-1.135986	1.379960	0.000000	0.000000
716.980000	0.540181	-1.135984	1.379958	0.000000	0.000000
716.990000	0.540180	-1.135982	1.379956	0.000000	0.000000
717.000000	0.540179	-1.135982	1.379955	0.000000	0.000000
717.010000	0.540179	-1.135984	1.379953	0.000000	0.000000
717.020000	0.540179	-1.135987	1.379951	0.000000	0.000000
717.030000	0.540180	-1.135991	1.379949	0.000000	0.000000
717.040000	0.540181	-1.135997	1.379947	0.000000	0.000000
717.050000	0.540182	-1.136002	1.379945	0.000000	0.000000
717.060000	0.540184	-1.136008	1.379943	0.000000	0.000000
717.070000	0.540185	-1.136014	1.379941	0.000000	0.000000
717.080000	0.540188	-1.136021	1.379939	0.000000	0.000000
717.090000	0.540190	-1.136029	1.379937	0.000000	0.000000
717.100000	0.540192	-1.136036	1.379935	0.000000	0.000000
717.110000	0.540194	-1.136043	1.379933	0.000000	0.000000
717.120000	0.540196	-1.136049	1.379930	0.000000	0.000000
717.130000	0.540197	-1.136056	1.379928	0.000000	0.000000
717.140000	0.540199	-1.136064	1.379926	0.000000	0.000000
717.150000	0.540200	-1.136071	1.379924	0.000000	0.000000
717.160000	0.540201	-1.136078	1.379922	0.000000	0.000000
717.170000	0.540201	-1.136084	1.379919	0.000000	0.000000
717.180000	0.540201	-1.136089	1.379917	0.000000	0.000000
717.190000	0.540201	-1.136093	1.379915	0.000000	0.000000
717.200000	0.540201	-1.136095	1.379913	0.000000	0.000000
717.210000	0.540200	-1.136096	1.379910	0.000000	0.000000
717.220000	0.540199	-1.136096	1.379908	0.000000	0.000000
717.230000	0.540197	-1.136095	1.379906	0.000000	0.000000
717.240000	0.540195	-1.136095	1.379903	0.000000	0.000000
717.250000	0.540194	-1.136097	1.379901	0.000000	0.000000
717.260000	0.540193	-1.136101	1.379899	0.000000	0.000000
717.270000	0.540194	-1.136108	1.379897	0.000000	0.000000
717.280000	0.540195	-1.136116	1.379894	0.000000	0.000000
717.290000	0.540196	-1.136125	1.379892	0.000000	0.000000
717.300000	0.540196	-1.136135	1.379889	0.000000	0.000000
717.310000	0.540197	-1.136144	1.379887	0.000000	0.000000
717.320000	0.540198	-1.136153	1.379885	0.000000	0.000000
717.330000	0.540199	-1.136161	1.379882	0.000000	0.000000
717.340000	0.540199	-1.136168	1.379880	0.000000	0.000000
717.350000	0.540200	-1.136174	1.379878	0.000000	0.000000
717.360000	0.540200	-1.136179	1.379875	0.000000	0.000000
717.370000	0.540201	-1.136185	1.379873	0.000000	0.000000
717.380000	0.540202	-1.136192	1.379871	0.000000	0.000000
717.390000	0.540203	-1.136200	1.379868	0.000000	0.000000
717.400000	0.540204	-1.136207	1.379866	0.000000	0.000000
717.410000	0.540204	-1.136214	1.379864	0.000000	0.000000
717.420000	0.540205	-1.136220	1.379862	0.000000	0.000000
717.430000	0.540205	-1.136224	1.379860	0.000000	0.000000
717.440000	0.540205	-1.136229	1.379858	0.000000	0.000000
717.450000	0.540205	-1.136233	1.379856	0.000000	0.000000
717.460000	0.540206	-1.136237	1.379854	0.000000	0.000000
717.470000	0.540206	-1.136240	1.379852	0.000000	0.000000
717.480000	0.540206	-1.136243	1.379850	0.000000	0.000000
717.490000	0.540206	-1.136245	1.379848	0.000000	0.000000
717.500000	0.540206	-1.136247	1.379847	0.000000	0.000000
717.510000	0.540206	-1.136248	1.379845	0.000000	0.000000
717.520000	0.540206	-1.136249	1.379843	0.000000	0.000000
717.530000	0.540205	-1.136249	1.379842	0.000000	0.000000
717.540000	0.540204	-1.136248	1.379841	0.000000	0.000000
717.550000	0.540202	-1.136246	1.379839	0.000000	0.000000
717.560000	0.540199	-1.136243	1.379838	0.000000	0.000000
717.570000	0.540197	-1.136239	1.379837	0.000000	0.000000
717.580000	0.540194	-1.136236	1.379836	0.000000	0.000000
717.590000	0.540191	-1.136233	1.379835	0.000000	0.000000
717.600000	0.540188	-1.136232	1.379833	0.000000	0.000000
717.610000	0.540186	-1.136232	1.379832	0.000000	0.000000
717.620000	0.540184	-1.136233	1.379831	0.000000	0.000000
717.630000	0.540184	-1.136236	1.379830	0.000000	0.000000
717.640000	0.540184	-1.136240	1.379829	0.000000	0.000000
717.650000	0.540184	-1.136246	1.379828	0.000000	0.000000
717.660000	0.540185	-1.136254	1.379826	0.000000	0.000000
717.670000	0.540186	-1.136261	1.379825	0.000000	0.000000
717.680000	0.540187	-1.136269	1.379824	0.000000	0.000000
717.690000	0.540188	-1.136275	1.379822	0.000000	0.000000
717.700000	0.540189	-1.136278	1.379821	0.000000	0.000000
717.710000	0.540188	-1.136279	1.379819	0.000000	0.000000
717.720000	0.540187	-1.136281	1.379817	0.000000	0.000000
717.730000	0.540187	-1.136285	1.379816	0.000000	0.000000
717.740000	0.540187	-1.136290	1.379814	0.000000	0.000000
717.750000	0.540187	-1.136296	1.379813	0.000000	0.000000
717.760000	0.540188	-1.136302	1.379811	0.000000	0.000000
717.770000	0.540188	-1.136307	1.379809	0.000000	0.000000
717.780000	0.540189	-1.136311	1.379808	0.000000	0.000000
717.790000	0.540189	-1.136315	1.379806	0.000000	0.000000
717.800000	0.540189	-1.136317	1.379804	0.000000	0.000000
717.810000	0.540188	-1.136320	1.379803	0.000000	0.000000
717.820000	0.540188	-1.136324	1.379801	0.000000	0.000000
717.830000	0.540188	-1.136328	1.379799	0.000000	0.000000
717.840000	0.540188	-1.136332	1.379798	0.000000	0.000000
717.850000	0.540189	-1.136338	1.379796	0.000000	0.000000
717.860000	0.540190	-1.136344	1.379795	0.000000	0.000000
717.870000	0.540190	-1.136350	1.379793	0.000000	0.000000
717.880000	0.540191	-1.136356	1.379792	0.000000	0.000000
717.890000	0.540191	-1.136361	1.379790	0.000000	0.000000
717.900000	0.540191	-1.136367	1.379789	0.000000	0.000000
717.910000	0.540191	-1.136372	1.379788	0.000000	0.000000
717.920000	0.540192	-1.136378	1.379787	0.000000	0.000000
717.930000	0.540192	-1.136383	1.379785	0.000000	0.000000
717.940000	0.540193	-1.136388	1.379784	0.000000	0.000000
717.950000	0.540194	-1.136393	1.379783	0.000000	0.000000
717.960000	0.540194	-1.136398	1.379782	0.000000	0.000000
717.970000	0.540195	-1.136402	1.379781	0.000000	0.000000
717.980000	0.540195	-1.136407	1.379779	0.000000	0.000000
717.990000	0.540196	-1.136412	1.379778	0.000000	0.000000
718.000000	0.540196	-1.136419	1.379777	0.000000	0.000000
718.010000	0.540197	-1.136425	1.379776	0.000000	0.000000
718.020000	0.540197	-1.136432	1.379775	0.000000	0.000000
718.030000	0.540197	-1.136439	1.379774	0.000000	0.000000
718.040000	0.540197	-1.136445	1.379773	0.000000	0.000000
718.050000	0.540196	-1.136451	1.379772	0.000000	0.000000
718.060000	0.540196	-1.136457	1.379771	0.000000	0.000000
718.070000	0.540195	-1.136463	1.379770	0.000000	0.000000
718.080000	0.540195	-1.136468	1.379769	0.000000	0.000000
718.090000	0.540195	-1.136473	1.379767	0.000000	0.000000
718.100000	0.540196	-1.136478	1.379766	0.000000	0.000000
718.110000	0.540196	-1.136482	1.379765	0.000000	0.000000
718.120000	0.540196	-1.136487	1.379764	0.000000	0.000000
718.130000	0.540196	-1.136490	1.379763	0.000000	0.000000
718.140000	0.540195	-1.136495	1.379762	0.000000	0.000000
718.150000	0.540195	-1.136500	1.379761	0.000000	0.000000
718.160000	0.540194	-1.136506	1.379760	0.000000	0.000000
718.170000	0.540193	-1.136513	1.379759	0.000000	0.000000
718.180000	0.540193	-1.136520	1.379758	0.000000	0.000000
718.190000	0.540192	-1.136528	1.379757	0.000000	0.000000
718.200000	0.540192	-1.136536	1.379756	0.000000	0.000000
718.210000	0.540191	-1.136545	1.379755	0.000000	0.000000
718.220000	0.540191	-1.136553	1.379754	0.000000	0.000000
718.230000	0.540190	-1.136561	1.379753	0.000000	0.000000
718.240000	0.540189	-1.136569	1.379752	0.000000	0.000000
718.250000	0.540188	-1.136576	1.379751	0.000000	0.000000
718.260000	0.540187	-1.136584	1.379750	0.000000	0.000000
718.270000	0.540186	-1.136591	1.379749	0.000000	0.000000
718.280000	0.540184	-1.136598	1.379748	0.000000	0.000000
718.290000	0.540183	-1.136605	1.379747	0.000000	0.000000
718.300000	0.540182	-1.136611	1.379746	0.000000	0.000000
718.310000	0.540181	-1.136618	1.379745	0.000000	0.000000
718.320000	0.540179	-1.136625	1.379744	0.000000	0.000000
718.330000	0.540178	-1.136632	1.379743	0.000000	0.000000
718.340000	0.540176	-1.136639	1.379742	0.000000	0.000000
718.350000	0.540174	-1.136646	1.379741	0.000000	0.000000
718.360000	0.540172	-1.136652	1.379740	0.000000	0.000000
718.370000	0.540170	-1.136658	1.379739	0.000000	0.000000
718.380000	0.540167	-1.136664	1.379739	0.000000	0.000000
718.390000	0.540165	-1.136669	1.379738	0.000000	0.000000
718.400000	0.540163	-1.136675	1.379737	0.000000	0.000000
718.410000	0.540162	-1.136682	1.379736	0.000000	0.000000
718.420000	0.540161	-1.136690	1.379736	0.000000	0.000000
718.430000	0.540160	-1.136698	1.379735	0.000000	0.000000
718.440000	0.540159	-1.136707	1.379734	0.000000	0.000000
718.450000	0.540159	-1.136717	1.379734	0.000000	0.000000
718.460000	0.540158	-1.136727	1.379733	0.000000	0.000000
718.470000	0.540158	-1.136736	1.379732	0.000000	0.000000
718.480000	0.540158	-1.136746	1.379732	0.000000	0.000000
718.490000	0.540158	-1.136755	1.379731	0.000000	0.000000
718.500000	0.540158	-1.136764	1.379730	0.000000	0.000000
718.510000	0.540158	-1.136772	1.379730	0.000000	0.000000
718.520000	0.540159	-1.136780	1.379729	0.000000	0.000000
718.530000	0.540159	-1.136787	1.379729	0.000000	0.000000
718.540000	0.540158	-1.136794	1.379728	0.000000	0.000000
718.550000	0.540158	-1.136800	1.379727	0.000000	0.000000
718.560000	0.540158	-1.136805	1.379727	0.000000	0.000000
718.570000	0.540157	-1.136809	1.379726	0.000000	0.000000
718.580000	0.540155	-1.136810	1.379726	0.000000	0.000000
718.590000	0.540153	-1.136811	1.379725	0.000000	0.000000
718.600000	0.540151	-1.136811	1.379725	0.000000	0.000000
718.610000	0.540149	-1.136812	1.379725	0.000000	0.000000
718.620000	0.540147	-1.136814	1.379725	0.000000	0.000000
718.630000	0.540145	-1.136817	1.379724	0.000000	0.000000
718.640000	0.540144	-1.136820	1.379724	0.000000	0.000000
718.650000	0.540143	-1.136823	1.379724	0.000000	0.000000
718.660000	0.540142	-1.136825	1.379724	0.000000	0.000000
718.670000	0.540141	-1.136828	1.379724	0.000000	0.000000
718.680000	0.540140	-1.136829	1.379724	0.000000	0.000000
718.690000	0.540139	-1.136830	1.379724	0.000000	0.000000
718.700000	0.540138	-1.136830	1.379725	0.000000	0.000000
718.710000	0.540137	-1.136829	1.379725	0.000000	0.000000
718.720000	0.540136	-1.136829	1.379725	0.000000	0.000000
718.730000	0.540135	-1.136829	1.379725	0.000000	0.000000
718.740000	0.540135	-1.136830	1.379725	0.000000	0.000000
718.750000	0.540135	-1.136831	1.379726	0.000000	0.000000
718.760000	0.540136	-1.136833	1.379726	0.000000	0.000000
718.770000	0.540136	-1.136835	1.379726	0.000000	0.000000
718.780000	0.540136	-1.136837	1.379726	0.000000	0.000000
718.790000	0.540136	-1.136839	1.379727	0.000000	0.000000
718.800000	0.540137	-1.136840	1.379727	0.000000	0.000000
718.810000	0.540137	-1.136841	1.379727	0.000000	0.000000
718.820000	0.540136	-1.136842	1.379727	0.000000	0.000000
718.830000	0.540136	-1.136843	1.379727	0.000000	0.000000
718.840000	0.540136	-1.136845	1.379727	0.000000	0.000000
718.850000	0.540135	-1.136846	1.379727	0.000000	0.000000
718.860000	0.540135	-1.136848	1.379727	0.000000	0.000000
718.870000	0.540135	-1.136850	1.379727	0.000000	0.000000
718.880000	0.540134	-1.136851	1.379727	0.000000	0.000000
718.890000	0.540134	-1.136852	1.379727	0.000000	0.000000
718.900000	0.540133	-1.136852	1.379727	0.000000	0.000000
718.910000	0.540133	-1.136854	1.379727	0.000000	0.000000
718.920000	0.540133	-1.136855	1.379727	0.000000	0.000000
718.930000	0.540132	-1.136856	1.379727	0.000000	0.000000
718.940000	0.540132	-1.136858	1.379727	0.000000	0.000000
718.950000	0.540133	-1.136860	1.379727	0.000000	0.000000
718.960000	0.540133	-1.136862	1.379726	0.000000	0.000000
718.970000	0.540134	-1.136864	1.379726	0.000000	0.000000
718.980000	0.540135	-1.136867	1.379726	0.000000	0.000000
718.990000	0.540135	-1.136868	1.379726	0.000000	0.000000
719.000000	0.540135	-1.136868	1.379725	0.000000	0.000000
719.010000	0.540134	-1.136867	1.379725	0.000000	0.000000
719.020000	0.540134	-1.136865	1.379724	0.000000	0.000000
719.030000	0.540133	-1.136863	1.379724	0.000000	0.000000
719.040000	0.540133	-1.136862	1.379723	0.000000	0.000000
719.050000	0.540133	-1.136864	1.379723	0.000000	0.000000
719.060000	0.540135	-1.136867	1.379722	0.000000	0.000000
719.070000	0.540137	-1.136872	1.379721	0.000000	0.000000
719.080000	0.540139	-1.136877	1.379721	0.000000	0.000000
719.090000	0.540141	-1.136882	1.379720	0.000000	0.000000
719.100000	0.540142	-1.136886	1.379719	0.000000	0.000000
719.110000	0.540144	-1.136890	1.379718	0.000000	0.000000
719.120000	0.540145	-1.136894	1.379717	0.000000	0.000000
719.130000	0.540147	-1.136899	1.379717	0.000000	0.000000
719.140000	0.540148	-1.136903	1.379716	0.000000	0.000000
719.150000	0.540149	-1.136908	1.379715	0.000000	0.000000
719.160000	0.540151	-1.136914	1.379714	0.000000	0.000000
719.170000	0.540154	-1.136920	1.379713	0.000000	0.000000
719.180000	0.540157	-1.136925	1.379713	0.000000	0.000000
719.190000	0.540159	-1.136930	1.379712	0.000000	0.000000
719.200000	0.540162	-1.136933	1.379711	0.000000	0.000000
719.210000	0.540165	-1.136935	1.379711	0.000000	0.000000
719.220000	0.540167	-1.136935	1.379710	0.000000	0.000000
719.230000	0.540169	-1.136935	1.379709	0.000000	0.000000
719.240000	0.540171	-1.136932	1.379709	0.000000	0.000000
719.250000	0.540173	-1.136928	1.379708	0.000000	0.000000
719.260000	0.540174	-1.136922	1.379707	0.000000	0.000000
719.270000	0.540174	-1.136915	1.379706	0.000000	0.000000
719.280000	0.540175	-1.136909	1.379706	0.000000	0.000000
719.290000	0.540176	-1.136904	1.379705	0.000000	0.000000
719.300000	0.540178	-1.136901	1.379704	0.000000	0.000000
719.310000	0.540181	-1.136900	1.379703	0.000000	0.000000
719.320000	0.540185	-1.136900	1.379702	0.000000	0.000000
719.330000	0.540188	-1.136901	1.379701	0.000000	0.000000
719.340000	0.540192	-1.136902	1.379700	0.000000	0.000000
719.350000	0.540195	-1.136901	1.379699	0.000000	0.000000
719.360000	0.540197	-1.136900	1.379698	0.000000	0.000000
719.370000	0.540200	-1.136898	1.379697	0.000000	0.000000
719.380000	0.540202	-1.136898	1.379696	0.000000	0.000000
719.390000	0.540206	-1.136900	1.379695	0.000000	0.000000
719.400000	0.540210	-1.136902	1.379694	0.000000	0.000000
719.410000	0.540213	-1.136905	1.379693	0.000000	0.000000
719.420000	0.540216	-1.136905	1.379692	0.000000	0.000000
719.430000	0.540217	-1.136904	1.379691	0.000000	0.000000
719.440000	0.540218	-1.136901	1.379690	0.000000	0.000000
719.450000	0.540219	-1.136896	1.379689	0.000000	0.000000
719.460000	0.540219	-1.136891	1.379688	0.000000	0.000000
719.470000	0.540219	-1.136886	1.379687	0.000000	0.000000
719.480000	0.540221	-1.136884	1.379686	0.000000	0.000000
719.490000	0.540224	-1.136883	1.379685	0.000000	0.000000
719.500000	0.540226	-1.136883	1.379685	0.000000	0.000000
719.510000	0.540229	-1.136883	1.379684	0.000000	0.000000
719.520000	0.540232	-1.136883	1.379683	0.000000	0.000000
719.530000	0.540233	-1.136881	1.379682	0.000000	0.000000
719.540000	0.540235	-1.136879	1.379682	0.000000	0.000000
719.550000	0.540236	-1.136874	1.379681	0.000000	0.000000
719.560000	0.540237	-1.136868	1.379680	0.000000	0.000000
719.570000	0.540238	-1.136862	1.379680	0.000000	0.000000
719.580000	0.540239	-1.136857	1.379679	0.000000	0.000000
719.590000	0.540241	-1.136853	1.379678	0.000000	0.000000
719.600000	0.540242	-1.136849	1.379677	0.000000	0.000000
719.610000	0.540242	-1.136844	1.379677	0.000000	0.000000
719.620000	0.540243	-1.136838	1.379676	0.000000	0.000000
719.630000	0.540244	-1.136833	1.379675	0.000000	0.000000
719.640000	0.540245	-1.136829	1.379674	0.000000	0.000000
719.650000	0.540247	-1.136827	1.379673	0.000000	0.000000
719.660000	0.540249	-1.136827	1.379673	0.000000	0.000000
719.670000	0.540251	-1.136829	1.379672	0.000000	0.000000
719.680000	0.540254	-1.136831	1.379671	0.000000	0.000000
719.690000	0.540257	-1.136832	1.379670	0.000000	0.000000
719.700000	0.540259	-1.136831	1.379670	0.000000	0.000000
719.710000	0.540261	-1.136830	1.379669	0.000000	0.000000
719.720000	0.540263	-1.136829	1.379668	0.000000	0.000000
719.730000	0.540265	-1.136829	1.379668	0.000000	0.000000
719.740000	0.540268	-1.136830	1.379667	0.000000	0.000000
719.750000	0.540271	-1.136831	1.379667	0.000000	0.000000
719.760000	0.540274	-1.136832	1.379666	0.000000	0.000000
719.770000	0.540277	-1.136832	1.379666	0.000000	0.000000
719.780000	0.540279	-1.136831	1.379666	0.000000	0.000000
719.790000	0.540281	-1.136829	1.379665	0.000000	0.000000
719.800000	0.540283	-1.136828	1.379665	0.000000	0.000000
719.810000	0.540285	-1.136826	1.379665	0.000000	0.000000
719.820000	0.540286	-1.136822	1.379665	0.000000	0.000000
719.830000	0.540287	-1.136816	1.379664	0.000000	0.000000
719.840000	0.540286	-1.136807	1.379664	0.000000	0.000000
719.850000	0.540285	-1.136797	1.379664	0.000000	0.000000
719.860000	0.540285	-1.136789	1.379664	0.000000	0.000000
719.870000	0.540286	-1.136784	1.379664	0.000000	0.000000
719.880000	0.540288	-1.136781	1.379664	0.000000	0.000000
719.890000	0.540291	-1.136781	1.379664	0.000000	0.000000
719.900000	0.540293	-1.136781	1.379664	0.000000	0.000000
719.910000	0.540295	-1.136781	1.379664	0.000000	0.000000
719.920000	0.540296	-1.136780	1.379663	0.000000	0.000000
719.930000	0.540296	-1.136775	1.379663	0.000000	0.000000
719.940000	0.540296	-1.136767	1.379663	0.000000	0.000000
719.950000	0.540294	-1.136755	1.379663	0.000000	0.000000
719.960000	0.540292	-1.136743	1.379663	0.000000	0.000000
719.970000	0.540290	-1.136733	1.379663	0.000000	0.000000
719.980000	0.540290	-1.136725	1.379663	0.000000	0.000000
719.990000	0.540290	-1.136720	1.379663	0.000000	0.000000
720.000000	0.540291	-1.136717	1.379663	0.000000	0.000000
720.010000	0.540292	-1.136715	1.379663	0.000000	0.000000
720.020000	0.540294	-1.136714	1.379663	0.000000	0.000000
720.030000	0.540296	-1.136714	1.379663	0.000000	0.000000
720.040000	0.540298	-1.136715	1.379663	0.000000	0.000000
720.050000	0.540300	-1.136716	1.379663	0.000000	0.000000
720.060000	0.540302	-1.136717	1.379663	0.000000	0.000000
720.070000	0.540304	-1.136717	1.379663	0.000000	0.000000
720.080000	0.540305	-1.136714	1.379663	0.000000	0.000000
720.090000	0.540305	-1.136709	1.379664	0.000000	0.000000
720.100000	0.540305	-1.136703	1.379664	0.000000	0.000000
720.110000	0.540304	-1.136695	1.379664	0.000000	0.000000
720.120000	0.540304	-1.136687	1.379664	0.000000	0.000000
720.130000	0.540303	-1.136679	1.379664	0.000000	0.000000
720.140000	0.540302	-1.136671	1.379665	0.000000	0.000000
720.150000	0.540301	-1.136665	1.379665	0.000000	0.000000
720.160000	0.540301	-1.136660	1.379665	0.000000	0.000000
720.170000	0.540302	-1.136656	1.379666	0.000000	0.000000
720.180000	0.540303	-1.136653	1.379666	0.000000	0.000000
720.190000	0.540304	-1.136651	1.379667	0.000000	0.000000
720.200000	0.540304	-1.136648	1.379667	0.000000	0.000000
720.210000	0.540305	-1.136643	1.379668	0.000000	0.000000
720.220000	0.540304	-1.136636	1.379668	0.000000	0.000000
720.230000	0.540302	-1.136628	1.379669	0.000000	0.000000
720.240000	0.540300	-1.136617	1.379670	0.000000	0.000000
720.250000	0.540298	-1.136606	1.379670	0.000000	0.000000
720.260000	0.540296	-1.136593	1.379671	0.000000	0.000000
720.270000	0.540294	-1.136580	1.379672	0.000000	0.000000
720.280000	0.540292	-1.136567	1.379672	0.000000	0.000000
720.290000	0.540290	-1.136555	1.379673	0.000000	0.000000
720.300000	0.540291	-1.136546	1.379673	0.000000	0.000000
720.310000	0.540292	-1.136538	1.379674	0.000000	0.000000
720.320000	0.540293	-1.136532	1.379675	0.000000	0.000000
720.330000	0.540295	-1.136527	1.379675	0.000000	0.000000
720.340000	0.540297	-1.136521	1.379676	0.000000	0.000000
720.350000	0.540298	-1.136515	1.379676	0.000000	0.000000
720.360000	0.540300	-1.136507	1.379676	0.000000	0.000000
720.370000	0.540300	-1.136499	1.379677	0.000000	0.000000
720.380000	0.540301	-1.136490	1.379677	0.000000	0.000000
720.390000	0.540302	-1.136481	1.379677	0.000000	0.000000
720.400000	0.540301	-1.136470	1.379678	0.000000	0.000000
720.410000	0.540301	-1.136460	1.379678	0.000000	0.000000
720.420000	0.540301	-1.136451	1.379678	0.000000	0.000000
720.430000	0.540303	-1.136443	1.379679	0.000000	0.000000
720.440000	0.540305	-1.136438	1.379679	0.000000	0.000000
720.450000	0.540307	-1.136433	1.379679	0.000000	0.000000
720.460000	0.540309	-1.136428	1.379679	0.000000	0.000000
720.470000	0.540312	-1.136422	1.379680	0.000000	0.000000
720.480000	0.540314	-1.136416	1.379680	0.000000	0.000000
720.490000	0.540316	-1.136409	1.379680	0.000000	0.000000
720.500000	0.540318	-1.136402	1.379680	0.000000	0.000000
720.510000	0.540321	-1.136395	1.379681	0.000000	0.000000
720.520000	0.540323	-1.136388	1.379681	0.000000	0.000000
720.530000	0.540326	-1.136382	1.379681	0.000000	0.000000
720.540000	0.540329	-1.136375	1.379681	0.000000	0.000000
720.550000	0.540331	-1.136368	1.379681	0.000000	0.000000
720.560000	0.540332	-1.136358	1.379682	0.000000	0.000000
720.570000	0.540333	-1.136347	1.379682	0.000000	0.000000
720.580000	0.540334	-1.136336	1.379682	0.000000	0.000000
720.590000	0.540335	-1.136324	1.379682	0.000000	0.000000
720.600000	0.540336	-1.136313	1.379682	0.000000	0.000000
720.610000	0.540337	-1.136303	1.379683	0.000000	0.000000
720.620000	0.540338	-1.136293	1.379683	0.000000	0.000000
720.630000	0.540339	-1.136285	1.379683	0.000000	0.000000
720.640000	0.540341	-1.136277	1.379683	0.000000	0.000000
720.650000	0.540343	-1.136269	1.379684	0.000000	0.000000
720.660000	0.540344	-1.136261	1.379684	0.000000	0.000000
720.670000	0.540345	-1.136253	1.379684	0.000000	0.000000
720.680000	0.540346	-1.136245	1.379685	0.000000	0.000000
720.690000	0.540347	-1.136237	1.379685	0.000000	0.000000
720.700000	0.540348	-1.136228	1.379685	0.000000	0.000000
720.710000	0.540348	-1.136218	1.379685	0.000000	0.000000
720.720000	0.540348	-1.136208	1.379685	0.000000	0.000000
720.730000	0.540348	-1.136198	1.379686	0.000000	0.000000
720.740000	0.540348	-1.136189	1.379686	0.000000	0.000000
720.750000	0.540348	-1.136179	1.379686	0.000000	0.000000
720.760000	0.540349	-1.136169	1.379686	0.000000	0.000000
720.770000	0.540349	-1.136159	1.379686	0.000000	0.000000
720.780000	0.540349	-1.136149	1.379686	0.000000	0.000000
720.790000	0.540350	-1.136140	1.379686	0.000000	0.000000
720.800000	0.540350	-1.136130	1.379686	0.000000	0.000000
720.810000	0.540351	-1.136120	1.379686	0.000000	0.000000
720.820000	0.540351	-1.136110	1.379686	0.000000	0.000000
720.830000	0.540353	-1.136101	1.379686	0.000000	0.000000
720.840000	0.540355	-1.136094	1.379686	0.000000	0.000000
720.850000	0.540358	-1.136088	1.379687	0.000000	0.000000
720.860000	0.540362	-1.136083	1.379687	0.000000	0.000000
720.870000	0.540365	-1.136078	1.379687	0.000000	0.000000
720.880000	0.540369	-1.136072	1.379687	0.000000	0.000000
720.890000	0.540372	-1.136062	1.379688	0.000000	0.000000
720.900000	0.540373	-1.136049	1.379688	0.000000	0.000000
720.910000	0.540374	-1.136033	1.379688	0.000000	0.000000
720.920000	0.540374	-1.136015	1.379689	0.000000	0.000000
720.930000	0.540374	-1.135995	1.379689	0.000000	0.000000
720.940000	0.540373	-1.135975	1.379690	0.000000	0.000000
720.950000	0.540373	-1.135955	1.379690	0.000000	0.000000
720.960000	0.540373	-1.135936	1.379691	0.000000	0.000000
720.970000	0.540373	-1.135919	1.379692	0.000000	0.000000
720.980000	0.540374	-1.135904	1.379692	0.000000	0.000000
720.990000	0.540374	-1.135891	1.379693	0.000000	0.000000
721.000000	0.540376	-1.135881	1.379694	0.000000	0.000000
721.010000	0.540378	-1.135873	1.379694	0.000000	0.000000
721.020000	0.540380	-1.135867	1.379695	0.000000	0.000000
721.030000	0.540383	-1.135862	1.379695	0.000000	0.000000
721.040000	0.540385	-1.135859	1.379696	0.000000	0.000000
721.050000	0.540387	-1.135855	1.379696	0.000000	0.000000
721.060000	0.540389	-1.135851	1.379696	0.000000	0.000000
721.070000	0.540390	-1.135844	1.379697	0.000000	0.000000
721.080000	0.540391	-1.135834	1.379697	0.000000	0.000000
721.090000	0.540391	-1.135823	1.379697	0.000000	0.000000
721.100000	0.540390	-1.135812	1.379697	0.000000	0.000000
721.110000	0.540392	-1.135806	1.379697	0.000000	0.000000
721.120000	0.540394	-1.135803	1.379698	0.000000	0.000000
721.130000	0.540398	-1.135803	1.379698	0.000000	0.000000
721.140000	0.540402	-1.135804	1.379698	0.000000	0.000000
721.150000	0.540406	-1.135806	1.379698	0.000000	0.000000
721.160000	0.540410	-1.135808	1.379698	0.000000	0.000000
721.170000	0.540414	-1.135811	1.379698	0.000000	0.000000
721.180000	0.540418	-1.135814	1.379699	0.000000	0.000000
721.190000	0.540422	-1.135816	1.379699	0.000000	0.000000
721.200000	0.540425	-1.135815	1.379699	0.000000	0.000000
721.210000	0.540427	-1.135811	1.379700	0.000000	0.000000
721.220000	0.540428	-1.135805	1.379700	0.000000	0.000000
721.230000	0.540429	-1.135798	1.379701	0.000000	0.000000
721.240000	0.540429	-1.135789	1.379701	0.000000	0.000000
721.250000	0.540430	-1.135779	1.379702	0.000000	0.000000
721.260000	0.540430	-1.135768	1.379702	0.000000	0.000000
721.270000	0.540430	-1.135756	1.379703	0.000000	0.000000
721.280000	0.540429	-1.135742	1.379704	0.000000	0.000000
721.290000	0.540428	-1.135727	1.379705	0.000000	0.000000
721.300000	0.540427	-1.135714	1.379705	0.000000	0.000000
721.310000	0.540427	-1.135702	1.379706	0.000000	0.000000
721.320000	0.540428	-1.135691	1.379707	0.000000	0.000000
721.330000	0.540429	-1.135683	1.379708	0.000000	0.000000
721.340000	0.540430	-1.135676	1.379709	0.000000	0.000000
721.350000	0.540432	-1.135670	1.379710	0.000000	0.000000
721.360000	0.540433	-1.135667	1.379710	0.000000	0.000000
721.370000	0.540435	-1.135664	1.379711	0.000000	0.000000
721.380000	0.540438	-1.135663	1.379712	0.000000	0.000000
721.390000	0.540440	-1.135663	1.379713	0.000000	0.000000
721.400000	0.540443	-1.135664	1.379713	0.000000	0.000000
721.410000	0.540445	-1.135666	1.379714	0.000000	0.000000
721.420000	0.540447	-1.135667	1.379715	0.000000	0.000000
721.430000	0.540448	-1.135667	1.379715	0.000000	0.000000
721.440000	0.540449	-1.135664	1.379716	0.000000	0.000000
721.450000	0.540449	-1.135659	1.379716	0.000000	0.000000
721.460000	0.540450	-1.135655	1.379717	0.000000	0.000000
721.470000	0.540451	-1.135652	1.379718	0.000000	0.000000
721.480000	0.540452	-1.135650	1.379718	0.000000	0.000000
721.490000	0.540455	-1.135650	1.379719	0.000000	0.000000
721.500000	0.540458	-1.135652	1.379719	0.000000	0.000000
721.510000	0.540461	-1.135653	1.379720	0.000000	0.000000
721.520000	0.540463	-1.135654	1.379721	0.000000	0.000000
721.530000	0.540465	-1.135653	1.379721	0.000000	0.000000
721.540000	0.540467	-1.135651	1.379722	0.000000	0.000000
721.550000	0.540469	-1.135646	1.379723	0.000000	0.000000
721.560000	0.540470	-1.135640	1.379724	0.000000	0.000000
721.570000	0.540471	-1.135631	1.379725	0.000000	0.000000
721.580000	0.540471	-1.135621	1.379726	0.000000	0.000000
721.590000	0.540472	-1.135610	1.379727	0.000000	0.000000
721.600000	0.540472	-1.135599	1.379728	0.000000	0.000000
721.610000	0.540471	-1.135586	1.379729	0.000000	0.000000
721.620000	0.540471	-1.135574	1.379729	0.000000	0.000000
721.630000	0.540470	-1.135560	1.379730	0.000000	0.000000
721.640000	0.540470	-1.135547	1.379731	0.000000	0.000000
721.650000	0.540470	-1.135534	1.379732	0.000000	0.000000
721.660000	0.540470	-1.135523	1.379733	0.000000	0.000000
721.670000	0.540471	-1.135514	1.379734	0.000000	0.000000
721.680000	0.540473	-1.135507	1.379735	0.000000	0.000000
721.690000	0.540475	-1.135501	1.379735	0.000000	0.000000
721.700000	0.540477	-1.135497	1.379736	0.000000	0.000000
721.710000	0.540479	-1.135493	1.379737	0.000000	0.000000
721.720000	0.540482	-1.135490	1.379737	0.000000	0.000000
721.730000	0.540485	-1.135487	1.379738	0.000000	0.000000
721.740000	0.540489	-1.135484	1.379738	0.000000	0.000000
721.750000	0.540492	-1.135482	1.379739	0.000000	0.000000
721.760000	0.540495	-1.135478	1.379739	0.000000	0.000000
721.770000	0.540497	-1.135471	1.379739	0.000000	0.000000
721.780000	0.540498	-1.135459	1.379740	0.000000	0.000000
721.790000	0.540500	-1.135449	1.379740	0.000000	0.000000
721.800000	0.540503	-1.135441	1.379740	0.000000	0.000000
721.810000	0.540505	-1.135433	1.379740	0.000000	0.000000
721.820000	0.540507	-1.135424	1.379740	0.000000	0.000000
721.830000	0.540510	-1.135417	1.379740	0.000000	0.000000
721.840000	0.540514	-1.135411	1.379740	0.000000	0.000000
721.850000	0.540517	-1.135405	1.379740	0.000000	0.000000
721.860000	0.540520	-1.135400	1.379740	0.000000	0.000000
721.870000	0.540522	-1.135394	1.379740	0.000000	0.000000
721.880000	0.540525	-1.135387	1.379740	0.000000	0.000000
721.890000	0.540527	-1.135380	1.379740	0.000000	0.000000
721.900000	0.540528	-1.135371	1.379740	0.000000	0.000000
721.910000	0.540528	-1.135361	1.379740	0.000000	0.000000
721.920000	0.540528	-1.135349	1.379740	0.000000	0.000000
721.930000	0.540529	-1.135337	1.379740	0.000000	0.000000
721.940000	0.540529	-1.135326	1.379740	0.000000	0.000000
721.950000	0.540530	-1.135316	1.379739	0.000000	0.000000
721.960000	0.540532	-1.135308	1.379739	0.000000	0.000000
721.970000	0.540535	-1.135302	1.379739	0.000000	0.000000
721.980000	0.540539	-1.135297	1.379738	0.000000	0.000000
721.990000	0.540544	-1.135294	1.379738	0.000000	0.000000
722.000000	0.540549	-1.135291	1.379737	0.000000	0.000000
722.010000	0.540554	-1.135287	1.379736	0.000000	0.000000
722.020000	0.540558	-1.135282	1.379736	0.000000	0.000000
722.030000	0.540562	-1.135277	1.379735	0.000000	0.000000
722.040000	0.540566	-1.135273	1.379734	0.000000	0.000000
722.050000	0.540570	-1.135268	1.379733	0.000000	0.000000
722.060000	0.540573	-1.135260	1.379733	0.000000	0.000000
722.070000	0.540575	-1.135247	1.379732	0.000000	0.000000
722.080000	0.540576	-1.135233	1.379731	0.000000	0.000000
722.090000	0.540578	-1.135224	1.379730	0.000000	0.000000
722.100000	0.540581	-1.135218	1.379729	0.000000	0.000000
722.110000	0.540584	-1.135212	1.379729	0.000000	0.000000
722.120000	0.540586	-1.135207	1.379728	0.000000	0.000000
722.130000	0.540589	-1.135202	1.379727	0.000000	0.000000
722.140000	0.540592	-1.135197	1.379727	0.000000	0.000000
722.150000	0.540594	-1.135190	1.379726	0.000000	0.000000
722.160000	0.540596	-1.135182	1.379725	0.000000	0.000000
722.170000	0.540598	-1.135172	1.379725	0.000000	0.000000
722.180000	0.540599	-1.135161	1.379724	0.000000	0.000000
722.190000	0.540599	-1.135148	1.379723	0.000000	0.000000
722.200000	0.540599	-1.135135	1.379722	0.000000	0.000000
722.210000	0.540599	-1.135120	1.379721	0.000000	0.000000
722.220000	0.540598	-1.135106	1.379720	0.000000	0.000000
722.230000	0.540598	-1.135093	1.379719	0.000000	0.000000
722.240000	0.540598	-1.135080	1.379718	0.000000	0.000000
722.250000	0.540598	-1.135069	1.379716	0.000000	0.000000
722.260000	0.540598	-1.135058	1.379715	0.000000	0.000000
722.270000	0.540599	-1.135050	1.379713	0.000000	0.000000
722.280000	0.540601	-1.135043	1.379712	0.000000	0.000000
722.290000	0.540602	-1.135039	1.379710	0.000000	0.000000
722.300000	0.540605	-1.135037	1.379708	0.000000	0.000000
722.310000	0.540608	-1.135038	1.379706	0.000000	0.000000
722.320000	0.540612	-1.135041	1.379704	0.000000	0.000000
722.330000	0.540617	-1.135046	1.379702	0.000000	0.000000
722.340000	0.540621	-1.135051	1.379700	0.000000	0.000000
722.350000	0.540625	-1.135058	1.379697	0.000000	0.000000
722.360000	0.540629	-1.135067	1.379695	0.000000	0.000000
722.370000	0.540634	-1.135075	1.379692	0.000000	0.000000
722.380000	0.540638	-1.135083	1.379690	0.000000	0.000000
722.390000	0.540642	-1.135088	1.379688	0.000000	0.000000
722.400000	0.540644	-1.135089	1.379685	0.000000	0.000000
722.410000	0.540646	-1.135088	1.379683	0.000000	0.000000
722.420000	0.540648	-1.135089	1.379680	0.000000	0.000000
722.430000	0.540651	-1.135091	1.379678	0.000000	0.000000
722.440000	0.540653	-1.135093	1.379675	0.000000	0.000000
722.450000	0.540654	-1.135092	1.379673	0.000000	0.000000
722.460000	0.540655	-1.135091	1.379671	0.000000	0.000000
722.470000	0.540656	-1.135089	1.379669	0.000000	0.000000
722.480000	0.540658	-1.135087	1.379666	0.000000	0.000000
722.490000	0.540659	-1.135085	1.379664	0.000000	0.000000
722.500000	0.540661	-1.135083	1.379662	0.000000	0.000000
722.510000	0.540663	-1.135081	1.379661	0.000000	0.000000
722.520000	0.540664	-1.135079	1.379659	0.000000	0.000000
722.530000	0.540666	-1.135076	1.379657	0.000000	0.000000
722.540000	0.540667	-1.135073	1.379655	0.000000	0.000000
722.550000	0.540667	-1.135070	1.379654	0.000000	0.000000
722.560000	0.540667	-1.135067	1.379652	0.000000	0.000000
722.570000	0.540669	-1.135065	1.379650	0.000000	0.000000
722.580000	0.540671	-1.135063	1.379649	0.000000	0.000000
722.590000	0.540673	-1.135061	1.379647	0.000000	0.000000
722.600000	0.540674	-1.135059	1.379645	0.000000	0.000000
722.610000	0.540676	-1.135056	1.379644	0.000000	0.000000
722.620000	0.540677	-1.135052	1.379642	0.000000	0.000000
722.630000	0.540679	-1.135048	1.379640	0.000000	0.000000
722.640000	0.540679	-1.135043	1.379638	0.000000	0.000000
722.650000	0.540681	-1.135039	1.379636	0.000000	0.000000
722.660000	0.540682	-1.135036	1.379635	0.000000	0.000000
722.670000	0.540683	-1.135032	1.379633	0.000000	0.000000
722.680000	0.540683	-1.135028	1.379631	0.000000	0.000000
722.690000	0.540683	-1.135024	1.379629	0.000000	0.000000
722.700000	0.540684	-1.135020	1.379627	0.000000	0.000000
722.710000	0.540684	-1.135018	1.379625	0.000000	0.000000
722.720000	0.540685	-1.135016	1.379623	0.000000	0.000000
722.730000	0.540686	-1.135015	1.379621	0.000000	0.000000
722.740000	0.540687	-1.135017	1.379619	0.000000	0.000000
722.750000	0.540689	-1.135020	1.379617	0.000000	0.000000
722.760000	0.540691	-1.135025	1.379615	0.000000	0.000000
722.770000	0.540693	-1.135030	1.379613	0.000000	0.000000
722.780000	0.540694	-1.135036	1.379611	0.000000	0.000000
722.790000	0.540695	-1.135042	1.379609	0.000000	0.000000
722.800000	0.540695	-1.135047	1.379607	0.000000	0.000000
722.810000	0.540696	-1.135052	1.379606	0.000000	0.000000
722.820000	0.540695	-1.135055	1.379604	0.000000	0.000000
722.830000	0.540694	-1.135057	1.379603	0.000000	0.000000
722.840000	0.540693	-1.135059	1.379601	0.000000	0.000000
722.850000	0.540692	-1.135060	1.379600	0.000000	0.000000
722.860000	0.540690	-1.135061	1.379599	0.000000	0.000000
722.870000	0.540688	-1.135060	1.379598	0.000000	0.000000
722.880000	0.540686	-1.135058	1.379597	0.000000	0.000000
722.890000	0.540683	-1.135056	1.379596	0.000000	0.000000
722.900000	0.540681	-1.135054	1.379594	0.000000	0.000000
722.910000	0.540678	-1.135053	1.379594	0.000000	0.000000
722.920000	0.540675	-1.135051	1.379593	0.000000	0.000000
722.930000	0.540673	-1.135050	1.379592	0.000000	0.000000
722.940000	0.540671	-1.135049	1.379591	0.000000	0.000000
722.950000	0.540669	-1.135049	1.379590	0.000000	0.000000
722.960000	0.540667	-1.135051	1.379589	0.000000	0.000000
722.970000	0.540666	-1.135055	1.379588	0.000000	0.000000
722.980000	0.540666	-1.135059	1.379587	0.000000	0.000000
722.990000	0.540666	-1.135065	1.379586	0.000000	0.000000
723.000000	0.540666	-1.135070	1.379585	0.000000	0.000000
723.010000	0.540667	-1.135075	1.379584	0.000000	0.000000
723.020000	0.540667	-1.135080	1.379584	0.000000	0.000000
723.030000	0.540667	-1.135084	1.379583	0.000000	0.000000
723.040000	0.540667	-1.135088	1.379582	0.000000	0.000000
723.050000	0.540667	-1.135092	1.379581	0.000000	0.000000
723.060000	0.540666	-1.135094	1.379580	0.000000	0.000000
723.070000	0.540665	-1.135095	1.379579	0.000000	0.000000
723.080000	0.540665	-1.135097	1.379579	0.000000	0.000000
723.090000	0.540665	-1.135099	1.379578	0.000000	0.000000
723.100000	0.540666	-1.135101	1.379577	0.000000	0.000000
723.110000	0.540666	-1.135103	1.379576	0.000000	0.000000
723.120000	0.540666	-1.135104	1.379576	0.000000	0.000000
723.130000	0.540666	-1.135104	1.379575	0.000000	0.000000
723.140000	0.540665	-1.135104	1.379575	0.000000	0.000000
723.150000	0.540666	-1.135105	1.379574	0.000000	0.000000
723.160000	0.540667	-1.135106	1.379573	0.000000	0.000000
723.170000	0.540668	-1.135107	1.379573	0.000000	0.000000
723.180000	0.540668	-1.135107	1.379572	0.000000	0.000000
723.190000	0.540667	-1.135105	1.379572	0.000000	0.000000
723.200000	0.540666	-1.135102	1.379571	0.000000	0.000000
723.210000	0.540664	-1.135099	1.379571	0.000000	0.000000
723.220000	0.540663	-1.135096	1.379571	0.000000	0.000000
723.230000	0.540663	-1.135095	1.379570	0.000000	0.000000
723.240000	0.540662	-1.135095	1.379570	0.000000	0.000000
723.250000	0.540662	-1.135097	1.379570	0.000000	0.000000
723.260000	0.540663	-1.135101	1.379570	0.000000	0.000000
723.270000	0.540663	-1.135105	1.379570	0.000000	0.000000
723.280000	0.540664	-1.135110	1.379570	0.000000	0.000000
723.290000	0.540665	-1.135115	1.379570	0.000000	0.000000
723.300000	0.540665	-1.135119	1.379570	0.000000	0.000000
723.310000	0.540665	-1.135122	1.379571	0.000000	0.000000
723.320000	0.540665	-1.135124	1.379571	0.000000	0.000000
723.330000	0.540663	-1.135123	1.379571	0.000000	0.000000
723.340000	0.540661	-1.135120	1.379572	0.000000	0.000000
723.350000	0.540659	-1.135115	1.379572	0.000000	0.000000
723.360000	0.540656	-1.135109	1.379573	0.000000	0.000000
723.370000	0.540653	-1.135102	1.379573	0.000000	0.000000
723.380000	0.540651	-1.135095	1.379574	0.000000	0.000000
723.390000	0.540648	-1.135090	1.379574	0.000000	0.000000
723.400000	0.540647	-1.135087	1.379575	0.000000	0.000000
723.410000	0.540646	-1.135086	1.379575	0.000000	0.000000
723.420000	0.540646	-1.135087	1.379576	0.000000	0.000000
723.430000	0.540647	-1.135089	1.379576	0.000000	0.000000
723.440000	0.540648	-1.135092	1.379577	0.000000	0.000000
723.450000	0.540649	-1.135094	1.379577	0.000000	0.000000
723.460000	0.540650	-1.135096	1.379578	0.000000	0.000000
723.470000	0.540650	-1.135096	1.379578	0.000000	0.000000
723.480000	0.540649	-1.135093	1.379578	0.000000	0.000000
723.490000	0.540647	-1.135089	1.379579	0.000000	0.000000
723.500000	0.540645	-1.135084	1.379579	0.000000	0.000000
723.510000	0.540644	-1.135082	1.379580	0.000000	0.000000
723.520000	0.540642	-1.135081	1.379580	0.000000	0.000000
723.530000	0.540641	-1.135081	1.379580	0.000000	0.000000
723.540000	0.540641	-1.135081	1.379581	0.000000	0.000000
723.550000	0.540640	-1.135081	1.379581	0.000000	0.000000
723.560000	0.540639	-1.135081	1.379581	0.000000	0.000000
723.570000	0.540637	-1.135080	1.379582	0.000000	0.000000
723.580000	0.540636	-1.135078	1.379582	0.000000	0.000000
723.590000	0.540635	-1.135077	1.379582	0.000000	0.000000
723.600000	0.540633	-1.135077	1.379583	0.000000	0.000000
723.610000	0.540632	-1.135077	1.379583	0.000000	0.000000
723.620000	0.540631	-1.135078	1.379584	0.000000	0.000000
723.630000	0.540630	-1.135080	1.379584	0.000000	0.000000
723.640000	0.540629	-1.135082	1.379584	0.000000	0.000000
723.650000	0.540628	-1.135083	1.379585	0.000000	0.000000
723.660000	0.540627	-1.135085	1.379585	0.000000	0.000000
723.670000	0.540626	-1.135085	1.379586	0.000000	0.000000
723.680000	0.540625	-1.135086	1.379586	0.000000	0.000000
723.690000	0.540624	-1.135085	1.379586	0.000000	0.000000
723.700000	0.540623	-1.135084	1.379587	0.000000	0.000000
723.710000	0.540621	-1.135083	1.379587	0.000000	0.000000
723.720000	0.540619	-1.135082	1.379588	0.000000	0.000000
723.730000	0.540618	-1.135082	1.379588	0.000000	0.000000
723.740000	0.540617	-1.135082	1.379588	0.000000	0.000000
723.750000	0.540616	-1.135082	1.379589	0.000000	0.000000
723.760000	0.540616	-1.135082	1.379589	0.000000	0.000000
723.770000	0.540616	-1.135082	1.379590	0.000000	0.000000
723.780000	0.540616	-1.135082	1.379590	0.000000	0.000000
723.790000	0.540616	-1.135081	1.379590	0.000000	0.000000
723.800000	0.540616	-1.135081	1.379591	0.000000	0.000000
723.810000	0.540617	-1.135082	1.379591	0.000000	0.000000
723.820000	0.540618	-1.135084	1.379591	0.000000	0.000000
723.830000	0.540619	-1.135086	1.379592	0.000000	0.000000
723.840000	0.540619	-1.135088	1.379592	0.000000	0.000000
723.850000	0.540620	-1.135089	1.379592	0.000000	0.000000
723.860000	0.540620	-1.135089	1.379592	0.000000	0.000000
723.870000	0.540619	-1.135089	1.379592	0.000000	0.000000
723.880000	0.540620	-1.135088	1.379592	0.000000	0.000000
723.890000	0.540620	-1.135088	1.379592	0.000000	0.000000
723.900000	0.540620	-1.135088	1.379593	0.000000	0.000000
723.910000	0.540622	-1.135090	1.379593	0.000000	0.000000
723.920000	0.540623	-1.135094	1.379593	0.000000	0.000000
723.930000	0.540625	-1.135098	1.379593	0.000000	0.000000
723.940000	0.540627	-1.135102	1.379593	0.000000	0.000000
723.950000	0.540629	-1.135105	1.379593	0.000000	0.000000
723.960000	0.540631	-1.135107	1.379593	0.000000	0.000000
723.970000	0.540632	-1.135108	1.379593	0.000000	0.000000
723.980000	0.540633	-1.135108	1.379593	0.000000	0.000000
723.990000	0.540635	-1.135108	1.379593	0.000000	0.000000
724.000000	0.540636	-1.135107	1.379593	0.000000	0.000000
724.010000	0.540637	-1.135107	1.379593	0.000000	0.000000
724.020000	0.540638	-1.135106	1.379593	0.000000	0.000000
724.030000	0.540639	-1.135105	1.379593	0.000000	0.000000
724.040000	0.540641	-1.135105	1.379593	0.000000	0.000000
724.050000	0.540642	-1.135104	1.379594	0.000000	0.000000
724.060000	0.540644	-1.135105	1.379594	0.000000	0.000000
724.070000	0.540646	-1.135107	1.379594	0.000000	0.000000
724.080000	0.540647	-1.135109	1.379594	0.000000	0.000000
724.090000	0.540649	-1.135111	1.379595	0.000000	0.000000
724.100000	0.540650	-1.135112	1.379595	0.000000	0.000000
724.110000	0.540652	-1.135114	1.379596	0.000000	0.000000
724.120000	0.540653	-1.135116	1.379596	0.000000	0.000000
724.130000	0.540654	-1.135117	1.379597	0.000000	0.000000
724.140000	0.540654	-1.135116	1.379597	0.000000	0.000000
724.150000	0.540654	-1.135115	1.379598	0.000000	0.000000
724.160000	0.540654	-1.135114	1.379599	0.000000	0.000000
724.170000	0.540654	-1.135111	1.379600	0.000000	0.000000
724.180000	0.540653	-1.135109	1.379601	0.000000	0.000000
724.190000	0.540653	-1.135105	1.379602	0.000000	0.000000
724.200000	0.540653	-1.135102	1.379604	0.000000	0.000000
724.210000	0.540652	-1.135099	1.379605	0.000000	0.000000
724.220000	0.540651	-1.135097	1.379606	0.000000	0.000000
724.230000	0.540651	-1.135096	1.379608	0.000000	0.000000
724.240000	0.540652	-1.135096	1.379610	0.000000	0.000000
724.250000	0.540652	-1.135097	1.379611	0.000000	0.000000
724.260000	0.540653	-1.135098	1.379613	0.000000	0.000000
724.270000	0.540653	-1.135100	1.379615	0.000000	0.000000
724.280000	0.540654	-1.135101	1.379616	0.000000	0.000000
724.290000	0.540654	-1.135101	1.379618	0.000000	0.000000
724.300000	0.540654	-1.135100	1.379620	0.000000	0.000000
724.310000	0.540654	-1.135098	1.379622	0.000000	0.000000
724.320000	0.540653	-1.135096	1.379624	0.000000	0.000000
724.330000	0.540651	-1.135093	1.379625	0.000000	0.000000
724.340000	0.540650	-1.135090	1.379627	0.000000	0.000000
724.350000	0.540649	-1.135089	1.379629	0.000000	0.000000
724.360000	0.540648	-1.135088	1.379631	0.000000	0.000000
724.370000	0.540648	-1.135089	1.379633	0.000000	0.000000
724.380000	0.540647	-1.135090	1.379635	0.000000	0.000000
724.390000	0.540646	-1.135090	1.379637	0.000000	0.000000
724.400000	0.540645	-1.135090	1.379639	0.000000	0.000000
724.410000	0.540644	-1.135090	1.379641	0.000000	0.000000
724.420000	0.540643	-1.135090	1.379642	0.000000	0.000000
724.430000	0.540642	-1.135090	1.379644	0.000000	0.000000
724.440000	0.540641	-1.135089	1.379646	0.000000	0.000000
724.450000	0.540639	-1.135087	1.379648	0.000000	0.000000
724.460000	0.540638	-1.135084	1.379650	0.000000	0.000000
724.470000	0.540635	-1.135081	1.379652	0.000000	0.000000
724.480000	0.540634	-1.135078	1.379654	0.000000	0.000000
724.490000	0.540632	-1.135075	1.379656	0.000000	0.000000
724.500000	0.540631	-1.135073	1.379658	0.000000	0.000000
724.510000	0.540629	-1.135071	1.379660	0.000000	0.000000
724.520000	0.540628	-1.135068	1.379662	0.000000	0.000000
724.530000	0.540626	-1.135065	1.379665	0.000000	0.000000
724.540000	0.540625	-1.135062	1.379667	0.000000	0.000000
724.550000	0.540623	-1.135059	1.379669	0.000000	0.000000
724.560000	0.540621	-1.135055	1.379671	0.000000	0.000000
724.570000	0.540619	-1.135052	1.379673	0.000000	0.000000
724.580000	0.540616	-1.135047	1.379675	0.000000	0.000000
724.590000	0.540613	-1.135042	1.379677	0.000000	0.000000
724.600000	0.540610	-1.135035	1.379679	0.000000	0.000000
724.610000	0.540607	-1.135028	1.379681	0.000000	0.000000
724.620000	0.540604	-1.135021	1.379683	0.000000	0.000000
724.630000	0.540601	-1.135016	1.379685	0.000000	0.000000
724.640000	0.540599	-1.135013	1.379687	0.000000	0.000000
724.650000	0.540597	-1.135010	1.379689	0.000000	0.000000
724.660000	0.540595	-1.135008	1.379691	0.000000	0.000000
724.670000	0.540592	-1.135007	1.379693	0.000000	0.000000
724.680000	0.540590	-1.135007	1.379695	0.000000	0.000000
724.690000	0.540589	-1.135008	1.379697	0.000000	0.000000
724.700000	0.540588	-1.135009	1.379698	0.000000	0.000000
724.710000	0.540588	-1.135010	1.379700	0.000000	0.000000
724.720000	0.540587	-1.135011	1.379702	0.000000	0.000000
724.730000	0.540586	-1.135012	1.379704	0.000000	0.000000
724.740000	0.540585	-1.135011	1.379706	0.000000	0.000000
724.750000	0.540583	-1.135008	1.379707	0.000000	0.000000
724.760000	0.540581	-1.135005	1.379709	0.000000	0.000000
724.770000	0.540580	-1.135001	1.379711	0.000000	0.000000
724.780000	0.540579	-1.135000	1.379712	0.000000	0.000000
724.790000	0.540578	-1.135000	1.379714	0.000000	0.000000
724.800000	0.540578	-1.135001	1.379715	0.000000	0.000000
724.810000	0.540578	-1.135002	1.379717	0.000000	0.000000
724.820000	0.540577	-1.135003	1.379718	0.000000	0.000000
724.830000	0.540576	-1.135002	1.379719	0.000000	0.000000
724.840000	0.540575	-1.135000	1.379721	0.000000	0.000000
724.850000	0.540573	-1.134996	1.379722	0.000000	0.000000
724.860000	0.540571	-1.134991	1.379724	0.000000	0.000000
724.870000	0.540569	-1.134986	1.379725	0.000000	0.000000
724.880000	0.540567	-1.134982	1.379726	0.000000	0.000000
724.890000	0.540566	-1.134978	1.379727	0.000000	0.000000
724.900000	0.540564	-1.134975	1.379729	0.000000	0.000000
724.910000	0.540563	-1.134971	1.379730	0.000000	0.000000
724.920000	0.540562	-1.134967	1.379731	0.000000	0.000000
724.930000	0.540561	-1.134962	1.379732	0.000000	0.000000
724.940000	0.540559	-1.134956	1.379733	0.000000	0.000000
724.950000	0.540557	-1.134949	1.379734	0.000000	0.000000
724.960000	0.540556	-1.134943	1.379735	0.000000	0.000000
724.970000	0.540555	-1.134937	1.379736	0.000000	0.000000
724.980000	0.540554	-1.134933	1.379737	0.000000	0.000000
724.990000	0.540554	-1.134931	1.379738	0.000000	0.000000
725.000000	0.540555	-1.134931	1.379739	0.000000	0.000000
725.010000	0.540557	-1.134932	1.379740	0.000000	0.000000
725.020000	0.540558	-1.134933	1.379741	0.000000	0.000000
725.030000	0.540560	-1.134934	1.379742	0.000000	0.000000
725.040000	0.540561	-1.134934	1.379743	0.000000	0.000000
725.050000	0.540561	-1.134933	1.379744	0.000000	0.000000
725.060000	0.540561	-1.134930	1.379745	0.000000	0.000000
725.070000	0.540560	-1.134924	1.379746	0.000000	0.000000
725.080000	0.540559	-1.134918	1.379747	0.000000	0.000000
725.090000	0.540557	-1.134910	1.379748	0.000000	0.000000
725.100000	0.540556	-1.134904	1.379749	0.000000	0.000000
725.110000	0.540555	-1.134900	1.379750	0.000000	0.000000
725.120000	0.540555	-1.134897	1.379751	0.000000	0.000000
725.130000	0.540555	-1.134895	1.379752	0.000000	0.000000
725.140000	0.540555	-1.134892	1.379753	0.000000	0.000000
725.150000	0.540555	-1.134889	1.379754	0.000000	0.000000
725.160000	0.540554	-1.134885	1.379755	0.000000	0.000000
725.170000	0.540553	-1.134881	1.379756	0.000000	0.000000
725.180000	0.540552	-1.134877	1.379757	0.000000	0.000000
725.190000	0.540551	-1.134873	1.379758	0.000000	0.000000
725.200000	0.540551	-1.134868	1.379759	0.000000	0.000000
725.210000	0.540550	-1.134864	1.379760	0.000000	0.000000
725.220000	0.540550	-1.134859	1.379761	0.000000	0.000000
725.230000	0.540548	-1.134853	1.379762	0.000000	0.000000
725.240000	0.540547	-1.134846	1.379763	0.000000	0.000000
725.250000	0.540545	-1.134839	1.379764	0.000000	0.000000
725.260000	0.540544	-1.134832	1.379765	0.000000	0.000000
725.270000	0.540544	-1.134825	1.379766	0.000000	0.000000
725.280000	0.540543	-1.134819	1.379766	0.000000	0.000000
725.290000	0.540543	-1.134814	1.379767	0.000000	0.000000
725.300000	0.540543	-1.134811	1.379768	0.000000	0.000000
725.310000	0.540544	-1.134808	1.379769	0.000000	0.000000
725.320000	0.540545	-1.134805	1.379769	0.000000	0.000000
725.330000	0.540545	-1.134802	1.379770	0.000000	0.000000
725.340000	0.540545	-1.134800	1.379771	0.000000	0.000000
725.350000	0.540545	-1.134797	1.379771	0.000000	0.000000
725.360000	0.540544	-1.134794	1.379772	0.000000	0.000000
725.370000	0.540543	-1.134789	1.379773	0.000000	0.000000
725.380000	0.540542	-1.134784	1.379773	0.000000	0.000000
725.390000	0.540542	-1.134778	1.379774	0.000000	0.000000
725.400000	0.540541	-1.134771	1.379774	0.000000	0.000000
725.410000	0.540541	-1.134764	1.379774	0.000000	0.000000
725.420000	0.540542	-1.134758	1.379775	0.000000	0.000000
725.430000	0.540542	-1.134753	1.379775	0.000000	0.000000
725.440000	0.540543	-1.134748	1.379776	0.000000	0.000000
725.450000	0.540544	-1.134743	1.379776	0.000000	0.000000
725.460000	0.540544	-1.134739	1.379776	0.000000	0.000000
725.470000	0.540545	-1.134734	1.379777	0.000000	0.000000
725.480000	0.540545	-1.134728	1.379777	0.000000	0.000000
725.490000	0.540545	-1.134722	1.379777	0.000000	0.000000
725.500000	0.540546	-1.134715	1.379777	0.000000	0.000000
725.510000	0.540546	-1.134709	1.379778	0.000000	0.000000
725.520000	0.540547	-1.134704	1.379778	0.000000	0.000000
725.530000	0.540548	-1.134699	1.379778	0.000000	0.000000
725.540000	0.540549	-1.134696	1.379778	0.000000	0.000000
725.550000	0.540550	-1.134694	1.379778	0.000000	0.000000
725.560000	0.540552	-1.134692	1.379778	0.000000	0.000000
725.570000	0.540552	-1.134690	1.379778	0.000000	0.000000
725.580000	0.540553	-1.134686	1.379778	0.000000	0.000000
725.590000	0.540552	-1.134682	1.379778	0.000000	0.000000
725.600000	0.540552	-1.134677	1.379778	0.000000	0.000000
725.610000	0.540552	-1.134674	1.379778	0.000000	0.000000
725.620000	0.540552	-1.134673	1.379778	0.000000	0.000000
725.630000	0.540553	-1.134672	1.379778	0.000000	0.000000
725.640000	0.540554	-1.134673	1.379778	0.000000	0.000000
725.650000	0.540554	-1.134675	1.379778	0.000000	0.000000
725.660000	0.540555	-1.134678	1.379778	0.000000	0.000000
725.670000	0.540556	-1.134680	1.379777	0.000000	0.000000
725.680000	0.540556	-1.134681	1.379777	0.000000	0.000000
725.690000	0.540556	-1.134682	1.379777	0.000000	0.000000
725.700000	0.540555	-1.134683	1.379777	0.000000	0.000000
725.710000	0.540555	-1.134684	1.379776	0.000000	0.000000
725.720000	0.540554	-1.134685	1.379776	0.000000	0.000000
725.730000	0.540554	-1.134687	1.379775	0.000000	0.000000
725.740000	0.540553	-1.134689	1.379775	0.000000	0.000000
725.750000	0.540552	-1.134692	1.379774	0.000000	0.000000
725.760000	0.540551	-1.134694	1.379774	0.000000	0.000000
725.770000	0.540550	-1.134695	1.379773	0.000000	0.000000
725.780000	0.540550	-1.134696	1.379773	0.000000	0.000000
725.790000	0.540548	-1.134695	1.379772	0.000000	0.000000
725.800000	0.540546	-1.134693	1.379771	0.000000	0.000000
725.810000	0.540543	-1.134690	1.379770	0.000000	0.000000
725.820000	0.540541	-1.134688	1.379770	0.000000	0.000000
725.830000	0.540539	-1.134687	1.379769	0.000000	0.000000
725.840000	0.540538	-1.134688	1.379768	0.000000	0.000000
725.850000	0.540537	-1.134691	1.379767	0.000000	0.000000
725.860000	0.540537	-1.134694	1.379766	0.000000	0.000000
725.870000	0.540537	-1.134698	1.379765	0.000000	0.000000
725.880000	0.540537	-1.134702	1.379765	0.000000	0.000000
725.890000	0.540536	-1.134705	1.379764	0.000000	0.000000
725.900000	0.540535	-1.134708	1.379763	0.000000	0.000000
725.910000	0.540533	-1.134711	1.379762	0.000000	0.000000
725.920000	0.540532	-1.134713	1.379761	0.000000	0.000000
725.930000	0.540530	-1.134713	1.379761	0.000000	0.000000
725.940000	0.540528	-1.134712	1.379760	0.000000	0.000000
725.950000	0.540526	-1.134711	1.379759	0.000000	0.000000
725.960000	0.540524	-1.134709	1.379758	0.000000	0.000000
725.970000	0.540522	-1.134710	1.379758	0.000000	0.000000
725.980000	0.540521	-1.134712	1.379757	0.000000	0.000000
725.990000	0.540521	-1.134716	1.379757	0.000000	0.000000
726.000000	0.540521	-1.134722	1.379756	0.000000	0.000000
726.010000	0.540521	-1.134728	1.379756	0.000000	0.000000
726.020000	0.540521	-1.134734	1.379755	0.000000	0.000000
726.030000	0.540522	-1.134740	1.379755	0.000000	0.000000
726.040000	0.540522	-1.134745	1.379754	0.000000	0.000000
726.050000	0.540522	-1.134748	1.379754	0.000000	0.000000
726.060000	0.540521	-1.134749	1.379754	0.000000	0.000000
726.070000	0.540519	-1.134749	1.379753	0.000000	0.000000
726.080000	0.540516	-1.134746	1.379753	0.000000	0.000000
726.090000	0.540513	-1.134741	1.379753	0.000000	0.000000
726.100000	0.540511	-1.134738	1.379753	0.000000	0.000000
726.110000	0.540509	-1.134736	1.379753	0.000000	0.000000
726.120000	0.540507	-1.134736	1.379753	0.000000	0.000000
726.130000	0.540506	-1.134738	1.379753	0.000000	0.000000
726.140000	0.540504	-1.134741	1.379753	0.000000	0.000000
726.150000	0.540503	-1.134744	1.379753	0.000000	0.000000
726.160000	0.540502	-1.134748	1.379753	0.000000	0.000000
726.170000	0.540500	-1.134752	1.379753	0.000000	0.000000
726.180000	0.540499	-1.134756	1.379753	0.000000	0.000000
726.190000	0.540498	-1.134760	1.379753	0.000000	0.000000
726.200000	0.540496	-1.134764	1.379753	0.000000	0.000000
726.210000	0.540495	-1.134766	1.379753	0.000000	0.000000
726.220000	0.540493	-1.134767	1.379753	0.000000	0.000000
726.230000	0.540490	-1.134766	1.379753	0.000000	0.000000
726.240000	0.540487	-1.134764	1.379753	0.000000	0.000000
726.250000	0.540484	-1.134760	1.379753	0.000000	0.000000
726.260000	0.540481	-1.134757	1.379753	0.000000	0.000000
726.270000	0.540478	-1.134756	1.379753	0.000000	0.000000
726.280000	0.540476	-1.134757	1.379753	0.000000	0.000000
726.290000	0.540474	-1.134760	1.379753	0.000000	0.000000
726.300000	0.540474	-1.134763	1.379753	0.000000	0.000000
726.310000	0.540473	-1.134766	1.379753	0.000000	0.000000
726.320000	0.540472	-1.134768	1.379753	0.000000	0.000000
726.330000	0.540470	-1.134769	1.379753	0.000000	0.000000
726.340000	0.540468	-1.134768	1.379754	0.000000	0.000000
726.350000	0.540466	-1.134765	1.379754	0.000000	0.000000
726.360000	0.540463	-1.134762	1.379754	0.000000	0.000000
726.370000	0.540460	-1.134757	1.379755	0.000000	0.000000
726.380000	0.540456	-1.134751	1.379755	0.000000	0.000000
726.390000	0.540453	-1.134745	1.379756	0.000000	0.000000
726.400000	0.540450	-1.134740	1.379756	0.000000	0.000000
726.410000	0.540447	-1.134736	1.379757	0.000000	0.000000
726.420000	0.540444	-1.134733	1.379757	0.000000	0.000000
726.430000	0.540441	-1.134730	1.379758	0.000000	0.000000
726.440000	0.540438	-1.134728	1.379758	0.000000	0.000000
726.450000	0.540435	-1.134726	1.379759	0.000000	0.000000
726.460000	0.540432	-1.134723	1.379759	0.000000	0.000000
726.470000	0.540430	-1.134719	1.379759	0.000000	0.000000
726.480000	0.540427	-1.134716	1.379760	0.000000	0.000000
726.490000	0.540424	-1.134713	1.379760	0.000000	0.000000
726.500000	0.540422	-1.134711	1.379761	0.000000	0.000000
726.510000	0.540420	-1.134709	1.379761	0.000000	0.000000
726.520000	0.540417	-1.134708	1.379761	0.000000	0.000000
726.530000	0.540416	-1.134707	1.379762	0.000000	0.000000
726.540000	0.540414	-1.134706	1.379762	0.000000	0.000000
726.550000	0.540413	-1.134706	1.379762	0.000000	0.000000
726.560000	0.540412	-1.134705	1.379763	0.000000	0.000000
726.570000	0.540411	-1.134706	1.379763	0.000000	0.000000
726.580000	0.540410	-1.134708	1.379763	0.000000	0.000000
726.590000	0.540410	-1.134709	1.379764	0.000000	0.000000
726.600000	0.540408	-1.134711	1.379764	0.000000	0.000000
726.610000	0.540407	-1.134711	1.379764	0.000000	0.000000
726.620000	0.540405	-1.134711	1.379765	0.000000	0.000000
726.630000	0.540403	-1.134710	1.379765	0.000000	0.000000
726.640000	0.540401	-1.134710	1.379765	0.000000	0.000000
726.650000	0.540400	-1.134711	1.379766	0.000000	0.000000
726.660000	0.540399	-1.134712	1.379766	0.000000	0.000000
726.670000	0.540399	-1.134714	1.379767	0.000000	0.000000
726.680000	0.540399	-1.134716	1.379767	0.000000	0.000000
726.690000	0.540400	-1.134720	1.379768	0.000000	0.000000
726.700000	0.540401	-1.134723	1.379768	0.000000	0.000000
726.710000	0.540401	-1.134725	1.379769	0.000000	0.000000
726.720000	0.540402	-1.134726	1.379769	0.000000	0.000000
726.730000	0.540402	-1.134725	1.379770	0.000000	0.000000
726.740000	0.540401	-1.134722	1.379770	0.000000	0.000000
726.750000	0.540400	-1.134719	1.379771	0.000000	0.000000
726.760000	0.540399	-1.134717	1.379771	0.000000	0.000000
726.770000	0.540399	-1.134716	1.379772	0.000000	0.000000
726.780000	0.540399	-1.134717	1.379773	0.000000	0.000000
726.790000	0.540400	-1.134719	1.379773	0.000000	0.000000
726.800000	0.540401	-1.134721	1.379774	0.000000	0.000000
726.810000	0.540402	-1.134723	1.379775	0.000000	0.000000
726.820000	0.540402	-1.134725	1.379776	0.000000	0.000000
726.830000	0.540403	-1.134725	1.379777	0.000000	0.000000
726.840000	0.540403	-1.134724	1.379777	0.000000	0.000000
726.850000	0.540402	-1.134721	1.379778	0.000000	0.000000
726.860000	0.540401	-1.134717	1.379779	0.000000	0.000000
726.870000	0.540399	-1.134710	1.379780	0.000000	0.000000
726.880000	0.540396	-1.134702	1.379781	0.000000	0.000000
726.890000	0.540394	-1.134693	1.379782	0.000000	0.000000
726.900000	0.540391	-1.134684	1.379782	0.000000	0.000000
726.910000	0.540389	-1.134675	1.379783	0.000000	0.000000
726.920000	0.540386	-1.134667	1.379784	0.000000	0.000000
726.930000	0.540384	-1.134661	1.379785	0.000000	0.000000
726.940000	0.540382	-1.134657	1.379785	0.000000	0.000000
726.950000	0.540381	-1.134654	1.379786	0.000000	0.000000
726.960000	0.540379	-1.134652	1.379786	0.000000	0.000000
726.970000	0.540379	-1.134650	1.379787	0.000000	0.000000
726.980000	0.540378	-1.134649	1.379787	0.000000	0.000000
726.990000	0.540377	-1.134649	1.379788	0.000000	0.000000
727.000000	0.540377	-1.134649	1.379788	0.000000	0.000000
727.010000	0.540377	-1.134650	1.379789	0.000000	0.000000
727.020000	0.540376	-1.134651	1.379789	0.000000	0.000000
727.030000	0.540374	-1.134650	1.379789	0.000000	0.000000
727.040000	0.540373	-1.134648	1.379790	0.000000	0.000000
727.050000	0.540371	-1.134645	1.379790	0.000000	0.000000
727.060000	0.540369	-1.134643	1.379790	0.000000	0.000000
727.070000	0.540368	-1.134645	1.379791	0.000000	0.000000
727.080000	0.540369	-1.134649	1.379791	0.000000	0.000000
727.090000	0.540370	-1.134655	1.379791	0.000000	0.000000
727.100000	0.540371	-1.134662	1.379792	0.000000	0.000000
727.110000	0.540373	-1.134668	1.379792	0.000000	0.000000
727.120000	0.540373	-1.134673	1.379792	0.000000	0.000000
727.130000	0.540373	-1.134676	1.379793	0.000000	0.000000
727.140000	0.540373	-1.134677	1.379793	0.000000	0.000000
727.150000	0.540373	-1.134675	1.379793	0.000000	0.000000
727.160000	0.540371	-1.134672	1.379794	0.000000	0.000000
727.170000	0.540370	-1.134668	1.379794	0.000000	0.000000
727.180000	0.540369	-1.134664	1.379794	0.000000	0.000000
727.190000	0.540367	-1.134660	1.379795	0.000000	0.000000
727.200000	0.540366	-1.134655	1.379795	0.000000	0.000000
727.210000	0.540364	-1.134649	1.379796	0.000000	0.000000
727.220000	0.540363	-1.134643	1.379796	0.000000	0.000000
727.230000	0.540362	-1.134638	1.379796	0.000000	0.000000
727.240000	0.540362	-1.134634	1.379797	0.000000	0.000000
727.250000	0.540362	-1.134631	1.379797	0.000000	0.000000
727.260000	0.540363	-1.134629	1.379798	0.000000	0.000000
727.270000	0.540363	-1.134628	1.379798	0.000000	0.000000
727.280000	0.540365	-1.134628	1.379798	0.000000	0.000000
727.290000	0.540366	-1.134630	1.379799	0.000000	0.000000
727.300000	0.540368	-1.134632	1.379799	0.000000	0.000000
727.310000	0.540369	-1.134635	1.379799	0.000000	0.000000
727.320000	0.540371	-1.134637	1.379800	0.000000	0.000000
727.330000	0.540373	-1.134639	1.379800	0.000000	0.000000
727.340000	0.540374	-1.134639	1.379800	0.000000	0.000000
727.350000	0.540375	-1.134636	1.379801	0.000000	0.000000
727.360000	0.540375	-1.134629	1.379801	0.000000	0.000000
727.370000	0.540374	-1.134619	1.379801	0.000000	0.000000
727.380000	0.540373	-1.134608	1.379802	0.000000	0.000000
727.390000	0.540373	-1.134599	1.379802	0.000000	0.000000
727.400000	0.540373	-1.134591	1.379802	0.000000	0.000000
727.410000	0.540374	-1.134584	1.379803	0.000000	0.000000
727.420000	0.540375	-1.134577	1.379803	0.000000	0.000000
727.430000	0.540376	-1.134570	1.379804	0.000000	0.000000
727.440000	0.540377	-1.134564	1.379804	0.000000	0.000000
727.450000	0.540378	-1.134558	1.379804	0.000000	0.000000
727.460000	0.540379	-1.134553	1.379805	0.000000	0.000000
727.470000	0.540381	-1.134548	1.379805	0.000000	0.000000
727.480000	0.540382	-1.134543	1.379806	0.000000	0.000000
727.490000	0.540384	-1.134538	1.379806	0.000000	0.000000
727.500000	0.540385	-1.134533	1.379807	0.000000	0.000000
727.510000	0.540385	-1.134527	1.379807	0.000000	0.000000
727.520000	0.540386	-1.134521	1.379807	0.000000	0.000000
727.530000	0.540387	-1.134514	1.379807	0.000000	0.000000
727.540000	0.540386	-1.134507	1.379808	0.000000	0.000000
727.550000	0.540386	-1.134501	1.379808	0.000000	0.000000
727.560000	0.540386	-1.134494	1.379808	0.000000	0.000000
727.570000	0.540386	-1.134486	1.379808	0.000000	0.000000
727.580000	0.540387	-1.134480	1.379807	0.000000	0.000000
727.590000	0.540389	-1.134476	1.379807	0.000000	0.000000
727.600000	0.540392	-1.134474	1.379807	0.000000	0.000000
727.610000	0.540395	-1.134477	1.379806	0.000000	0.000000
727.620000	0.540399	-1.134482	1.379806	0.000000	0.000000
727.630000	0.540404	-1.134488	1.379805	0.000000	0.000000
727.640000	0.540409	-1.134493	1.379804	0.000000	0.000000
727.650000	0.540412	-1.134496	1.379803	0.000000	0.000000
727.660000	0.540415	-1.134498	1.379803	0.000000	0.000000
727.670000	0.540418	-1.134498	1.379802	0.000000	0.000000
727.680000	0.540420	-1.134498	1.379801	0.000000	0.000000
727.690000	0.540422	-1.134497	1.379800	0.000000	0.000000
727.700000	0.540423	-1.134494	1.379799	0.000000	0.000000
727.710000	0.540424	-1.134490	1.379797	0.000000	0.000000
727.720000	0.540424	-1.134484	1.379796	0.000000	0.000000
727.730000	0.540425	-1.134480	1.379795	0.000000	0.000000
727.740000	0.540426	-1.134476	1.379794	0.000000	0.000000
727.750000	0.540426	-1.134473	1.379793	0.000000	0.000000
727.760000	0.540426	-1.134470	1.379793	0.000000	0.000000
727.770000	0.540427	-1.134468	1.379792	0.000000	0.000000
727.780000	0.540428	-1.134466	1.379791	0.000000	0.000000
727.790000	0.540429	-1.134464	1.379790	0.000000	0.000000
727.800000	0.540430	-1.134463	1.379789	0.000000	0.000000
727.810000	0.540431	-1.134463	1.379789	0.000000	0.000000
727.820000	0.540432	-1.134463	1.379788	0.000000	0.000000
727.830000	0.540432	-1.134464	1.379787	0.000000	0.000000
727.840000	0.540433	-1.134466	1.379787	0.000000	0.000000
727.850000	0.540435	-1.134467	1.379786	0.000000	0.000000
727.860000	0.540436	-1.134468	1.379786	0.000000	0.000000
727.870000	0.540437	-1.134469	1.379785	0.000000	0.000000
727.880000	0.540438	-1.134467	1.379785	0.000000	0.000000
727.890000	0.540438	-1.134465	1.379785	0.000000	0.000000
727.900000	0.540438	-1.134461	1.379785	0.000000	0.000000
727.910000	0.540439	-1.134458	1.379784	0.000000	0.000000
727.920000	0.540440	-1.134454	1.379784	0.000000	0.000000
727.930000	0.540441	-1.134449	1.379784	0.000000	0.000000
727.940000	0.540441	-1.134444	1.379784	0.000000	0.000000
727.950000	0.540442	-1.134439	1.379784	0.000000	0.000000
727.960000	0.540442	-1.134435	1.379784	0.000000	0.000000
727.970000	0.540442	-1.134432	1.379784	0.000000	0.000000
727.980000	0.540443	-1.134429	1.379784	0.000000	0.000000
727.990000	0.540444	-1.134426	1.379785	0.000000	0.000000
728.000000	0.540445	-1.134424	1.379785	0.000000	0.000000
728.010000	0.540446	-1.134423	1.379785	0.000000	0.000000
728.020000	0.540447	-1.134422	1.379785	0.000000	0.000000
728.030000	0.540449	-1.134423	1.379785	0.000000	0.000000
728.040000	0.540451	-1.134425	1.379786	0.000000	0.000000
728.050000	0.540453	-1.134427	1.379786	0.000000	0.000000
728.060000	0.540454	-1.134428	1.379786	0.000000	0.000000
728.070000	0.540455	-1.134430	1.379787	0.000000	0.000000
728.080000	0.540457	-1.134431	1.379787	0.000000	0.000000
728.090000	0.540457	-1.134430	1.379787	0.000000	0.000000
728.100000	0.540458	-1.134428	1.379787	0.000000	0.000000
728.110000	0.540458	-1.134423	1.379788	0.000000	0.000000
728.120000	0.540457	-1.134417	1.379788	0.000000	0.000000
728.130000	0.540456	-1.134411	1.379788	0.000000	0.000000
728.140000	0.540455	-1.134407	1.379789	0.000000	0.000000
728.150000	0.540455	-1.134404	1.379789	0.000000	0.000000
728.160000	0.540456	-1.134403	1.379790	0.000000	0.000000
728.170000	0.540457	-1.134404	1.379790	0.000000	0.000000
728.180000	0.540458	-1.134404	1.379790	0.000000	0.000000
728.190000	0.540460	-1.134406	1.379791	0.000000	0.000000
728.200000	0.540462	-1.134407	1.379791	0.000000	0.000000
728.210000	0.540463	-1.134408	1.379792	0.000000	0.000000
728.220000	0.540464	-1.134408	1.379793	0.000000	0.000000
728.230000	0.540464	-1.134406	1.379793	0.000000	0.000000
728.240000	0.540464	-1.134402	1.379794	0.000000	0.000000
728.250000	0.540463	-1.134394	1.379794	0.000000	0.000000
728.260000	0.540461	-1.134384	1.379795	0.000000	0.000000
728.270000	0.540458	-1.134371	1.379795	0.000000	0.000000
728.280000	0.540456	-1.134359	1.379796	0.000000	0.000000
728.290000	0.540455	-1.134347	1.379797	0.000000	0.000000
728.300000	0.540454	-1.134337	1.379797	0.000000	0.000000
728.310000	0.540454	-1.134329	1.379798	0.000000	0.000000
728.320000	0.540454	-1.134322	1.379798	0.000000	0.000000
728.330000	0.540455	-1.134316	1.379799	0.000000	0.000000
728.340000	0.540456	-1.134310	1.379799	0.000000	0.000000
728.350000	0.540457	-1.134305	1.379799	0.000000	0.000000
728.360000	0.540458	-1.134299	1.379800	0.000000	0.000000
728.370000	0.540459	-1.134294	1.379800	0.000000	0.000000
728.380000	0.540460	-1.134287	1.379800	0.000000	0.000000
728.390000	0.540461	-1.134280	1.379800	0.000000	0.000000
728.400000	0.540462	-1.134273	1.379800	0.000000	0.000000
728.410000	0.540462	-1.134266	1.379800	0.000000	0.000000
728.420000	0.540464	-1.134260	1.379800	0.000000	0.000000
728.430000	0.540466	-1.134258	1.379799	0.000000	0.000000
728.440000	0.540470	-1.134258	1.379799	0.000000	0.000000
728.450000	0.540475	-1.134260	1.379799	0.000000	0.000000
728.460000	0.540479	-1.134261	1.379798	0.000000	0.000000
728.470000	0.540482	-1.134257	1.379797	0.000000	0.000000
728.480000	0.540484	-1.134249	1.379797	0.000000	0.000000
728.490000	0.540485	-1.134242	1.379796	0.000000	0.000000
728.500000	0.540489	-1.134240	1.379795	0.000000	0.000000
728.510000	0.540493	-1.134243	1.379795	0.000000	0.000000
728.520000	0.540500	-1.134249	1.379794	0.000000	0.000000
728.530000	0.540506	-1.134254	1.379793	0.000000	0.000000
728.540000	0.540511	-1.134256	1.379793	0.000000	0.000000
728.550000	0.540515	-1.134254	1.379792	0.000000	0.000000
728.560000	0.540517	-1.134249	1.379791	0.000000	0.000000
728.570000	0.540519	-1.134244	1.379791	0.000000	0.000000
728.580000	0.540522	-1.134237	1.379790	0.000000	0.000000
728.590000	0.540524	-1.134232	1.379789	0.000000	0.000000
728.600000	0.540527	-1.134227	1.379789	0.000000	0.000000
728.610000	0.540530	-1.134222	1.379788	0.000000	0.000000
728.620000	0.540533	-1.134217	1.379788	0.000000	0.000000
728.630000	0.540535	-1.134210	1.379788	0.000000	0.000000
728.640000	0.540538	-1.134203	1.379787	0.000000	0.000000
728.650000	0.540540	-1.134194	1.379787	0.000000	0.000000
728.660000	0.540543	-1.134184	1.379786	0.000000	0.000000
728.670000	0.540546	-1.134174	1.379786	0.000000	0.000000
728.680000	0.540548	-1.134163	1.379785	0.000000	0.000000
728.690000	0.540551	-1.134153	1.379785	0.000000	0.000000
728.700000	0.540554	-1.134145	1.379784	0.000000	0.000000
728.710000	0.540558	-1.134137	1.379784	0.000000	0.000000
728.720000	0.540562	-1.134131	1.379783	0.000000	0.000000
728.730000	0.540566	-1.134125	1.379782	0.000000	0.000000
728.740000	0.540571	-1.134122	1.379782	0.000000	0.000000
728.750000	0.540576	-1.134120	1.379781	0.000000	0.000000
728.760000	0.540581	-1.134119	1.379780	0.000000	0.000000
728.770000	0.540586	-1.134121	1.379779	0.000000	0.000000
728.780000	0.540592	-1.134122	1.379778	0.000000	0.000000
728.790000	0.540597	-1.134121	1.379777	0.000000	0.000000
728.800000	0.540601	-1.134119	1.379777	0.000000	0.000000
728.810000	0.540606	-1.134116	1.379776	0.000000	0.000000
728.820000	0.540610	-1.134113	1.379774	0.000000	0.000000
728.830000	0.540614	-1.134110	1.379773	0.000000	0.000000
728.840000	0.540618	-1.134105	1.379772	0.000000	0.000000
728.850000	0.540620	-1.134097	1.379771	0.000000	0.000000
728.860000	0.540623	-1.134088	1.379770	0.000000	0.000000
728.870000	0.540626	-1.134081	1.379769	0.000000	0.000000
728.880000	0.540630	-1.134078	1.379768	0.000000	0.000000
728.890000	0.540635	-1.134078	1.379767	0.000000	0.000000
728.900000	0.540639	-1.134079	1.379766	0.000000	0.000000
728.910000	0.540644	-1.134079	1.379765	0.000000	0.000000
728.920000	0.540647	-1.134079	1.379764	0.000000	0.000000
728.930000	0.540649	-1.134077	1.379763	0.000000	0.000000
728.940000	0.540650	-1.134073	1.379763	0.000000	0.000000
728.950000	0.540651	-1.134067	1.379762	0.000000	0.000000
728.960000	0.540651	-1.134059	1.379761	0.000000	0.000000
728.970000	0.540651	-1.134051	1.379760	0.000000	0.000000
728.980000	0.540650	-1.134043	1.379759	0.000000	0.000000
728.990000	0.540649	-1.134035	1.379758	0.000000	0.000000
729.000000	0.540649	-1.134027	1.379757	0.000000	0.000000
729.010000	0.540648	-1.134020	1.379756	0.000000	0.000000
729.020000	0.540648	-1.134012	1.379755	0.000000	0.000000
729.030000	0.540648	-1.134003	1.379754	0.000000	0.000000
729.040000	0.540648	-1.133994	1.379753	0.000000	0.000000
729.050000	0.540649	-1.133987	1.379752	0.000000	0.000000
729.060000	0.540650	-1.133983	1.379751	0.000000	0.000000
729.070000	0.540653	-1.133981	1.379750	0.000000	0.000000
729.080000	0.540655	-1.133982	1.379748	0.000000	0.000000
729.090000	0.540658	-1.133983	1.379747	0.000000	0.000000
729.100000	0.540660	-1.133985	1.379746	0.000000	0.000000
729.110000	0.540662	-1.133987	1.379745	0.000000	0.000000
729.120000	0.540663	-1.133988	1.379744	0.000000	0.000000
729.130000	0.540663	-1.133987	1.379743	0.000000	0.000000
729.140000	0.540664	-1.133985	1.379742	0.000000	0.000000
729.150000	0.540664	-1.133982	1.379741	0.000000	0.000000
729.160000	0.540664	-1.133977	1.379741	0.000000	0.000000
729.170000	0.540665	-1.133972	1.379740	0.000000	0.000000
729.180000	0.540666	-1.133967	1.379739	0.000000	0.000000
729.190000	0.540667	-1.133963	1.379738	0.000000	0.000000
729.200000	0.540669	-1.133959	1.379738	0.000000	0.000000
729.210000	0.540670	-1.133956	1.379737	0.000000	0.000000
729.220000	0.540672	-1.133954	1.379736	0.000000	0.000000
729.230000	0.540674	-1.133951	1.379736	0.000000	0.000000
729.240000	0.540675	-1.133947	1.379735	0.000000	0.000000
729.250000	0.540675	-1.133942	1.379735	0.000000	0.000000
729.260000	0.540674	-1.133935	1.379734	0.000000	0.000000
729.270000	0.540674	-1.133928	1.379734	0.000000	0.000000
729.280000	0.540673	-1.133922	1.379733	0.000000	0.000000
729.290000	0.540672	-1.133915	1.379732	0.000000	0.000000
729.300000	0.540671	-1.133909	1.379732	0.000000	0.000000
729.310000	0.540669	-1.133903	1.379731	0.000000	0.000000
729.320000	0.540668	-1.133898	1.379730	0.000000	0.000000
729.330000	0.540667	-1.133895	1.379730	0.000000	0.000000
729.340000	0.540667	-1.133893	1.379729	0.000000	0.000000
729.350000	0.540667	-1.133893	1.379728	0.000000	0.000000
729.360000	0.540666	-1.133894	1.379727	0.000000	0.000000
729.370000	0.540666	-1.133896	1.379727	0.000000	0.000000
729.380000	0.540667	-1.133899	1.379726	0.000000	0.000000
729.390000	0.540667	-1.133903	1.379725	0.000000	0.000000
729.400000	0.540667	-1.133907	1.379725	0.000000	0.000000
729.410000	0.540668	-1.133910	1.379724	0.000000	0.000000
729.420000	0.540667	-1.133912	1.379723	0.000000	0.000000
729.430000	0.540667	-1.133913	1.379722	0.000000	0.000000
729.440000	0.540666	-1.133913	1.379721	0.000000	0.000000
729.450000	0.540665	-1.133913	1.379721	0.000000	0.000000
729.460000	0.540664	-1.133913	1.379720	0.000000	0.000000
729.470000	0.540663	-1.133913	1.379719	0.000000	0.000000
729.480000	0.540662	-1.133912	1.379718	0.000000	0.000000
729.490000	0.540661	-1.133911	1.379717	0.000000	0.000000
729.500000	0.540659	-1.133909	1.379716	0.000000	0.000000
729.510000	0.540658	-1.133907	1.379716	0.000000	0.000000
729.520000	0.540657	-1.133904	1.379715	0.000000	0.000000
729.530000	0.540655	-1.133901	1.379714	0.000000	0.000000
729.540000	0.540654	-1.133899	1.379713	0.000000	0.000000
729.550000	0.540653	-1.133896	1.379712	0.000000	0.000000
729.560000	0.540652	-1.133895	1.379711	0.000000	0.000000
729.570000	0.540651	-1.133894	1.379710	0.000000	0.000000
729.580000	0.540650	-1.133893	1.379708	0.000000	0.000000
729.590000	0.540649	-1.133894	1.379707	0.000000	0.000000
729.600000	0.540649	-1.133895	1.379706	0.000000	0.000000
729.610000	0.540648	-1.133898	1.379705	0.000000	0.000000
729.620000	0.540648	-1.133901	1.379703	0.000000	0.000000
729.630000	0.540648	-1.133905	1.379702	0.000000	0.000000
729.640000	0.540648	-1.133909	1.379700	0.000000	0.000000
729.650000	0.540647	-1.133912	1.379699	0.000000	0.000000
729.660000	0.540647	-1.133913	1.379697	0.000000	0.000000
729.670000	0.540646	-1.133914	1.379696	0.000000	0.000000
729.680000	0.540646	-1.133915	1.379694	0.000000	0.000000
729.690000	0.540645	-1.133917	1.379693	0.000000	0.000000
729.700000	0.540646	-1.133921	1.379691	0.000000	0.000000
729.710000	0.540648	-1.133927	1.379689	0.000000	0.000000
729.720000	0.540649	-1.133932	1.379687	0.000000	0.000000
729.730000	0.540650	-1.133937	1.379686	0.000000	0.000000
729.740000	0.540651	-1.133942	1.379684	0.000000	0.000000
729.750000	0.540652	-1.133947	1.379682	0.000000	0.000000
729.760000	0.540652	-1.133952	1.379681	0.000000	0.000000
729.770000	0.540652	-1.133958	1.379679	0.000000	0.000000
729.780000	0.540653	-1.133964	1.379677	0.000000	0.000000
729.790000	0.540654	-1.133969	1.379675	0.000000	0.000000
729.800000	0.540654	-1.133973	1.379673	0.000000	0.000000
729.810000	0.540654	-1.133977	1.379672	0.000000	0.000000
729.820000	0.540654	-1.133981	1.379670	0.000000	0.000000
729.830000	0.540654	-1.133988	1.379668	0.000000	0.000000
729.840000	0.540655	-1.133996	1.379666	0.000000	0.000000
729.850000	0.540656	-1.134005	1.379665	0.000000	0.000000
729.860000	0.540656	-1.134014	1.379663	0.000000	0.000000
729.870000	0.540656	-1.134021	1.379661	0.000000	0.000000
729.880000	0.540656	-1.134027	1.379659	0.000000	0.000000
729.890000	0.540655	-1.134031	1.379658	0.000000	0.000000
729.900000	0.540654	-1.134034	1.379656	0.000000	0.000000
729.910000	0.540652	-1.134036	1.379654	0.000000	0.000000
729.920000	0.540650	-1.134038	1.379653	0.000000	0.000000
729.930000	0.540648	-1.134041	1.379651	0.000000	0.000000
729.940000	0.540646	-1.134045	1.379649	0.000000	0.000000
729.950000	0.540645	-1.134050	1.379647	0.000000	0.000000
729.960000	0.540645	-1.134057	1.379645	0.000000	0.000000
729.970000	0.540645	-1.134063	1.379644	0.000000	0.000000
729.980000	0.540646	-1.134070	1.379642	0.000000	0.000000
729.990000	0.540646	-1.134076	1.379640	0.000000	0.000000
730.000000	0.540646	-1.134079	1.379638	0.000000	0.000000
730.010000	0.540645	-1.134080	1.379636	0.000000	0.000000
730.020000	0.540644	-1.134081	1.379634	0.000000	0.000000
730.030000	0.540643	-1.134083	1.379632	0.000000	0.000000
730.040000	0.540643	-1.134086	1.379630	0.000000	0.000000
730.050000	0.540642	-1.134091	1.379629	0.000000	0.000000
730.060000	0.540641	-1.134097	1.379627	0.000000	0.000000
730.070000	0.540641	-1.134103	1.379625	0.000000	0.000000
730.080000	0.540640	-1.134110	1.379623	0.000000	0.000000
730.090000	0.540640	-1.134118	1.379621	0.000000	0.000000
730.100000	0.540639	-1.134126	1.379618	0.000000	0.000000
730.110000	0.540638	-1.134133	1.379616	0.000000	0.000000
730.120000	0.540638	-1.134141	1.379614	0.000000	0.000000
730.130000	0.540638	-1.134149	1.379612	0.000000	0.000000
730.140000	0.540638	-1.134156	1.379610	0.000000	0.000000
730.150000	0.540638	-1.134161	1.379607	0.000000	0.000000
730.160000	0.540637	-1.134162	1.379605	0.000000	0.000000
730.170000	0.540635	-1.134161	1.379603	0.000000	0.000000
730.180000	0.540634	-1.134161	1.379600	0.000000	0.000000
730.190000	0.540633	-1.134164	1.379598	0.000000	0.000000
730.200000	0.540634	-1.134170	1.379596	0.000000	0.000000
730.210000	0.540635	-1.134177	1.379593	0.000000	0.000000
730.220000	0.540637	-1.134186	1.379591	0.000000	0.000000
730.230000	0.540639	-1.134195	1.379589	0.000000	0.000000
730.240000	0.540642	-1.134204	1.379586	0.000000	0.000000
730.250000	0.540644	-1.134212	1.379584	0.000000	0.000000
730.260000	0.540646	-1.134219	1.379582	0.000000	0.000000
730.270000	0.540646	-1.134223	1.379580	0.000000	0.000000
730.280000	0.540646	-1.134225	1.379578	0.000000	0.000000
730.290000	0.540646	-1.134226	1.379576	0.000000	0.000000
730.300000	0.540644	-1.134225	1.379574	0.000000	0.000000
730.310000	0.540643	-1.134224	1.379572	0.000000	0.000000
730.320000	0.540643	-1.134223	1.379570	0.000000	0.000000
730.330000	0.540642	-1.134222	1.379569	0.000000	0.000000
730.340000	0.540641	-1.134220	1.379567	0.000000	0.000000
730.350000	0.540640	-1.134218	1.379565	0.000000	0.000000
730.360000	0.540639	-1.134214	1.379563	0.000000	0.000000
730.370000	0.540638	-1.134210	1.379562	0.000000	0.000000
730.380000	0.540636	-1.134205	1.379560	0.000000	0.000000
730.390000	0.540635	-1.134200	1.379558	0.000000	0.000000
730.400000	0.540634	-1.134196	1.379556	0.000000	0.000000
730.410000	0.540633	-1.134194	1.379555	0.000000	0.000000
730.420000	0.540633	-1.134194	1.379553	0.000000	0.000000
730.430000	0.540633	-1.134197	1.379551	0.000000	0.000000
730.440000	0.540634	-1.134201	1.379549	0.000000	0.000000
730.450000	0.540636	-1.134206	1.379547	0.000000	0.000000
730.460000	0.540637	-1.134210	1.379546	0.000000	0.000000
730.470000	0.540638	-1.134214	1.379544	0.000000	0.000000
730.480000	0.540638	-1.134217	1.379542	0.000000	0.000000
730.490000	0.540639	-1.134220	1.379540	0.000000	0.000000
730.500000	0.540640	-1.134225	1.379538	0.000000	0.000000
730.510000	0.540640	-1.134230	1.379536	0.000000	0.000000
730.520000	0.540641	-1.134234	1.379534	0.000000	0.000000
730.530000	0.540641	-1.134237	1.379533	0.000000	0.000000
730.540000	0.540640	-1.134236	1.379531	0.000000	0.000000
730.550000	0.540638	-1.134234	1.379529	0.000000	0.000000
730.560000	0.540637	-1.134230	1.379527	0.000000	0.000000
730.570000	0.540635	-1.134226	1.379526	0.000000	0.000000
730.580000	0.540633	-1.134223	1.379524	0.000000	0.000000
730.590000	0.540632	-1.134221	1.379522	0.000000	0.000000
730.600000	0.540631	-1.134221	1.379520	0.000000	0.000000
730.610000	0.540631	-1.134223	1.379518	0.000000	0.000000
730.620000	0.540631	-1.134226	1.379517	0.000000	0.000000
730.630000	0.540632	-1.134229	1.379515	0.000000	0.000000
730.640000	0.540633	-1.134231	1.379513	0.000000	0.000000
730.650000	0.540633	-1.134230	1.379511	0.000000	0.000000
730.660000	0.540633	-1.134231	1.379510	0.000000	0.000000
730.670000	0.540635	-1.134235	1.379508	0.000000	0.000000
730.680000	0.540638	-1.134242	1.379506	0.000000	0.000000
730.690000	0.540640	-1.134249	1.379504	0.000000	0.000000
730.700000	0.540643	-1.134255	1.379503	0.000000	0.000000
730.710000	0.540645	-1.134258	1.379501	0.000000	0.000000
730.720000	0.540647	-1.134261	1.379499	0.000000	0.000000
730.730000	0.540648	-1.134264	1.379497	0.000000	0.000000
730.740000	0.540651	-1.134266	1.379496	0.000000	0.000000
730.750000	0.540652	-1.134267	1.379494	0.000000	0.000000
730.760000	0.540653	-1.134269	1.379492	0.000000	0.000000
730.770000	0.540654	-1.134272	1.379491	0.000000	0.000000
730.780000	0.540656	-1.134278	1.379489	0.000000	0.000000
730.790000	0.540659	-1.134286	1.379487	0.000000	0.000000
730.800000	0.540663	-1.134293	1.379486	0.000000	0.000000
730.810000	0.540666	-1.134299	1.379485	0.000000	0.000000
730.820000	0.540668	-1.134304	1.379483	0.000000	0.000000
730.830000	0.540669	-1.134307	1.379482	0.000000	0.000000
730.840000	0.540671	-1.134309	1.379481	0.000000	0.000000
730.850000	0.540672	-1.134311	1.379480	0.000000	0.000000
730.860000	0.540673	-1.134312	1.379479	0.000000	0.000000
730.870000	0.540673	-1.134312	1.379479	0.000000	0.000000
730.880000	0.540673	-1.134312	1.379478	0.000000	0.000000
730.890000	0.540672	-1.134310	1.379477	0.000000	0.000000
730.900000	0.540672	-1.134309	1.379477	0.000000	0.000000
730.910000	0.540671	-1.134307	1.379476	0.000000	0.000000
730.920000	0.540671	-1.134307	1.379476	0.000000	0.000000
730.930000	0.540670	-1.134306	1.379475	0.000000	0.000000
730.940000	0.540670	-1.134305	1.379475	0.000000	0.000000
730.950000	0.540670	-1.134305	1.379474	0.000000	0.000000
730.960000	0.540669	-1.134305	1.379474	0.000000	0.000000
730.970000	0.540669	-1.134305	1.379473	0.000000	0.000000
730.980000	0.540668	-1.134305	1.379473	0.000000	0.000000
730.990000	0.540667	-1.134305	1.379473	0.000000	0.000000
731.000000	0.540666	-1.134306	1.379472	0.000000	0.000000
731.010000	0.540666	-1.134308	1.379472	0.000000	0.000000
731.020000	0.540666	-1.134311	1.379471	0.000000	0.000000
731.030000	0.540666	-1.134313	1.379471	0.000000	0.000000
731.040000	0.540666	-1.134315	1.379470	0.000000	0.000000
731.050000	0.540665	-1.134315	1.379470	0.000000	0.000000
731.060000	0.540664	-1.134314	1.379469	0.000000	0.000000
731.070000	0.540663	-1.134314	1.379469	0.000000	0.000000
731.080000	0.540662	-1.134314	1.379468	0.000000	0.000000
731.090000	0.540661	-1.134315	1.379468	0.000000	0.000000
731.100000	0.540661	-1.134318	1.379467	0.000000	0.000000
731.110000	0.540661	-1.134323	1.379467	0.000000	0.000000
731.120000	0.540661	-1.134328	1.379466	0.000000	0.000000
731.130000	0.540662	-1.134332	1.379466	0.000000	0.000000
731.140000	0.540662	-1.134336	1.379466	0.000000	0.000000
731.150000	0.540661	-1.134338	1.379466	0.000000	0.000000
731.160000	0.540660	-1.134339	1.379465	0.000000	0.000000
731.170000	0.540659	-1.134338	1.379465	0.000000	0.000000
731.180000	0.540658	-1.134335	1.379465	0.000000	0.000000
731.190000	0.540656	-1.134332	1.379465	0.000000	0.000000
731.200000	0.540654	-1.134329	1.379465	0.000000	0.000000
731.210000	0.540652	-1.134326	1.379465	0.000000	0.000000
731.220000	0.540651	-1.134324	1.379465	0.000000	0.000000
731.230000	0.540650	-1.134322	1.379465	0.000000	0.000000
731.240000	0.540649	-1.134321	1.379465	0.000000	0.000000
731.250000	0.540647	-1.134320	1.379465	0.000000	0.000000
731.260000	0.540646	-1.134319	1.379465	0.000000	0.000000
731.270000	0.540645	-1.134319	1.379465	0.000000	0.000000
731.280000	0.540644	-1.134320	1.379465	0.000000	0.000000
731.290000	0.540643	-1.134321	1.379465	0.000000	0.000000
731.300000	0.540643	-1.134324	1.379465	0.000000	0.000000
731.310000	0.540642	-1.134326	1.379464	0.000000	0.000000
731.320000	0.540641	-1.134328	1.379464	0.000000	0.000000
731.330000	0.540641	-1.134331	1.379464	0.000000	0.000000
731.340000	0.540640	-1.134332	1.379464	0.000000	0.000000
731.350000	0.540639	-1.134334	1.379463	0.000000	0.000000
731.360000	0.540638	-1.134335	1.379463	0.000000	0.000000
731.370000	0.540637	-1.134337	1.379463	0.000000	0.000000
731.380000	0.540637	-1.134339	1.379462	0.000000	0.000000
731.390000	0.540637	-1.134343	1.379462	0.000000	0.000000
731.400000	0.540637	-1.134347	1.379462	0.000000	0.000000
731.410000	0.540638	-1.134351	1.379461	0.000000	0.000000
731.420000	0.540639	-1.134356	1.379461	0.000000	0.000000
731.430000	0.540641	-1.134360	1.379461	0.000000	0.000000
731.440000	0.540642	-1.134365	1.379460	0.000000	0.000000
731.450000	0.540643	-1.134368	1.379460	0.000000	0.000000
731.460000	0.540644	-1.134372	1.379459	0.000000	0.000000
731.470000	0.540644	-1.134375	1.379459	0.000000	0.000000
731.480000	0.540644	-1.134378	1.379458	0.000000	0.000000
731.490000	0.540645	-1.134380	1.379458	0.000000	0.000000
731.500000	0.540645	-1.134382	1.379457	0.000000	0.000000
731.510000	0.540646	-1.134383	1.379457	0.000000	0.000000
731.520000	0.540646	-1.134385	1.379456	0.000000	0.000000
731.530000	0.540648	-1.134388	1.379455	0.000000	0.000000
731.540000	0.540649	-1.134393	1.379455	0.000000	0.000000
731.550000	0.540652	-1.134397	1.379454	0.000000	0.000000
731.560000	0.540654	-1.134401	1.379453	0.000000	0.000000
731.570000	0.540656	-1.134404	1.379453	0.000000	0.000000
731.580000	0.540659	-1.134409	1.379452	0.000000	0.000000
731.590000	0.540662	-1.134416	1.379451	0.000000	0.000000
731.600000	0.540664	-1.134423	1.379450	0.000000	0.000000
731.610000	0.540667	-1.134428	1.379450	0.000000	0.000000
731.620000	0.540668	-1.134431	1.379449	0.000000	0.000000
731.630000	0.540668	-1.134432	1.379448	0.000000	0.000000
731.640000	0.540668	-1.134431	1.379448	0.000000	0.000000
731.650000	0.540668	-1.134431	1.379447	0.000000	0.000000
731.660000	0.540669	-1.134432	1.379447	0.000000	0.000000
731.670000	0.540671	-1.134436	1.379446	0.000000	0.000000
731.680000	0.540673	-1.134441	1.379446	0.000000	0.000000
731.690000	0.540676	-1.134446	1.379445	0.000000	0.000000
731.700000	0.540678	-1.134450	1.379445	0.000000	0.000000
731.710000	0.540680	-1.134454	1.379445	0.000000	0.000000
731.720000	0.540682	-1.134456	1.379445	0.000000	0.000000
731.730000	0.540683	-1.134457	1.379445	0.000000	0.000000
731.740000	0.540684	-1.134457	1.379444	0.000000	0.000000
731.750000	0.540684	-1.134456	1.379444	0.000000	0.000000
731.760000	0.540684	-1.134455	1.379444	0.000000	0.000000
731.770000	0.540684	-1.134453	1.379444	0.000000	0.000000
731.780000	0.540684	-1.134451	1.379444	0.000000	0.000000
731.790000	0.540684	-1.134451	1.379444	0.000000	0.000000
731.800000	0.540684	-1.134453	1.379443	0.000000	0.000000
731.810000	0.540685	-1.134455	1.379443	0.000000	0.000000
731.820000	0.540686	-1.134459	1.379443	0.000000	0.000000
731.830000	0.540687	-1.134462	1.379443	0.000000	0.000000
731.840000	0.540688	-1.134465	1.379443	0.000000	0.000000
731.850000	0.540688	-1.134466	1.379443	0.000000	0.000000
731.860000	0.540688	-1.134467	1.379443	0.000000	0.000000
731.870000	0.540688	-1.134466	1.379443	0.000000	0.000000
731.880000	0.540687	-1.134465	1.379443	0.000000	0.000000
731.890000	0.540686	-1.134463	1.379443	0.000000	0.000000
731.900000	0.540684	-1.134461	1.379443	0.000000	0.000000
731.910000	0.540683	-1.134460	1.379443	0.000000	0.000000
731.920000	0.540682	-1.134461	1.379443	0.000000	0.000000
731.930000	0.540681	-1.134462	1.379443	0.000000	0.000000
731.940000	0.540682	-1.134465	1.379444	0.000000	0.000000
731.950000	0.540682	-1.134467	1.379444	0.000000	0.000000
731.960000	0.540683	-1.134468	1.379444	0.000000	0.000000
731.970000	0.540683	-1.134468	1.379445	0.000000	0.000000
731.980000	0.540682	-1.134467	1.379445	0.000000	0.000000
731.990000	0.540681	-1.134465	1.379445	0.000000	0.000000
732.000000	0.540680	-1.134463	1.379446	0.000000	0.000000
732.010000	0.540679	-1.134462	1.379446	0.000000	0.000000
732.020000	0.540678	-1.134463	1.379446	0.000000	0.000000
732.030000	0.540677	-1.134465	1.379447	0.000000	0.000000
732.040000	0.540677	-1.134469	1.379447	0.000000	0.000000
732.050000	0.540676	-1.134474	1.379447	0.000000	0.000000
732.060000	0.540677	-1.134480	1.379448	0.000000	0.000000
732.070000	0.540678	-1.134488	1.379448	0.000000	0.000000
732.080000	0.540679	-1.134495	1.379448	0.000000	0.000000
732.090000	0.540681	-1.134504	1.379448	0.000000	0.000000
732.100000	0.540682	-1.134512	1.379448	0.000000	0.000000
732.110000	0.540683	-1.134518	1.379448	0.000000	0.000000
732.120000	0.540683	-1.134522	1.379447	0.000000	0.000000
732.130000	0.540682	-1.134524	1.379447	0.000000	0.000000
732.140000	0.540681	-1.134525	1.379447	0.000000	0.000000
732.150000	0.540679	-1.134527	1.379447	0.000000	0.000000
732.160000	0.540679	-1.134531	1.379446	0.000000	0.000000
732.170000	0.540680	-1.134536	1.379446	0.000000	0.000000
732.180000	0.540680	-1.134541	1.379445	0.000000	0.000000
732.190000	0.540680	-1.134546	1.379445	0.000000	0.000000
732.200000	0.540680	-1.134550	1.379444	0.000000	0.000000
732.210000	0.540680	-1.134553	1.379444	0.000000	0.000000
732.220000	0.540679	-1.134556	1.379443	0.000000	0.000000
732.230000	0.540679	-1.134560	1.379443	0.000000	0.000000
732.240000	0.540678	-1.134564	1.379442	0.000000	0.000000
732.250000	0.540678	-1.134568	1.379442	0.000000	0.000000
732.260000	0.540678	-1.134572	1.379442	0.000000	0.000000
732.270000	0.540677	-1.134574	1.379441	0.000000	0.000000
732.280000	0.540675	-1.134576	1.379441	0.000000	0.000000
732.290000	0.540674	-1.134577	1.379440	0.000000	0.000000
732.300000	0.540673	-1.134578	1.379440	0.000000	0.000000
732.310000	0.540672	-1.134580	1.379440	0.000000	0.000000
732.320000	0.540671	-1.134583	1.379440	0.000000	0.000000
732.330000	0.540671	-1.134586	1.379439	0.000000	0.000000
732.340000	0.540670	-1.134590	1.379439	0.000000	0.000000
732.350000	0.540670	-1.134594	1.379439	0.000000	0.000000
732.360000	0.540670	-1.134598	1.379439	0.000000	0.000000
732.370000	0.540669	-1.134603	1.379438	0.000000	0.000000
732.380000	0.540669	-1.134607	1.379438	0.000000	0.000000
732.390000	0.540669	-1.134612	1.379438	0.000000	0.000000
732.400000	0.540669	-1.134616	1.379438	0.000000	0.000000
732.410000	0.540669	-1.134621	1.379437	0.000000	0.000000
732.420000	0.540669	-1.134626	1.379437	0.000000	0.000000
732.430000	0.540668	-1.134630	1.379437	0.000000	0.000000
732.440000	0.540666	-1.134633	1.379436	0.000000	0.000000
732.450000	0.540665	-1.134635	1.379436	0.000000	0.000000
732.460000	0.540663	-1.134636	1.379436	0.000000	0.000000
732.470000	0.540662	-1.134638	1.379435	0.000000	0.000000
732.480000	0.540661	-1.134642	1.379435	0.000000	0.000000
732.490000	0.540660	-1.134645	1.379435	0.000000	0.000000
732.500000	0.540659	-1.134648	1.379434	0.000000	0.000000
732.510000	0.540658	-1.134649	1.379434	0.000000	0.000000
732.520000	0.540657	-1.134648	1.379434	0.000000	0.000000
732.530000	0.540654	-1.134647	1.379434	0.000000	0.000000
732.540000	0.540652	-1.134645	1.379433	0.000000	0.000000
732.550000	0.540650	-1.134643	1.379433	0.000000	0.000000
732.560000	0.540649	-1.134642	1.379433	0.000000	0.000000
732.570000	0.540647	-1.134641	1.379433	0.000000	0.000000
732.580000	0.540645	-1.134641	1.379432	0.000000	0.000000
732.590000	0.540643	-1.134641	1.379432	0.000000	0.000000
732.600000	0.540641	-1.134642	1.379432	0.000000	0.000000
732.610000	0.540639	-1.134643	1.379432	0.000000	0.000000
732.620000	0.540638	-1.134644	1.379432	0.000000	0.000000
732.630000	0.540636	-1.134644	1.379432	0.000000	0.000000
732.640000	0.540636	-1.134645	1.379432	0.000000	0.000000
732.650000	0.540635	-1.134646	1.379431	0.000000	0.000000
732.660000	0.540633	-1.134646	1.379431	0.000000	0.000000
732.670000	0.540632	-1.134645	1.379431	0.000000	0.000000
732.680000	0.540630	-1.134646	1.379431	0.000000	0.000000
732.690000	0.540628	-1.134647	1.379430	0.000000	0.000000
732.700000	0.540627	-1.134649	1.379430	0.000000	0.000000
732.710000	0.540626	-1.134651	1.379429	0.000000	0.000000
732.720000	0.540625	-1.134655	1.379429	0.000000	0.000000
732.730000	0.540624	-1.134659	1.379428	0.000000	0.000000
732.740000	0.540624	-1.134664	1.379428	0.000000	0.000000
732.750000	0.540624	-1.134669	1.379427	0.000000	0.000000
732.760000	0.540624	-1.134674	1.379427	0.000000	0.000000
732.770000	0.540624	-1.134678	1.379426	0.000000	0.000000
732.780000	0.540623	-1.134683	1.379426	0.000000	0.000000
732.790000	0.540622	-1.134686	1.379425	0.000000	0.000000
732.800000	0.540621	-1.134687	1.379424	0.000000	0.000000
732.810000	0.540619	-1.134686	1.379424	0.000000	0.000000
732.820000	0.540617	-1.134684	1.379423	0.000000	0.000000
732.830000	0.540615	-1.134682	1.379423	0.000000	0.000000
732.840000	0.540613	-1.134679	1.379422	0.000000	0.000000
732.850000	0.540611	-1.134676	1.379421	0.000000	0.000000
732.860000	0.540608	-1.134673	1.379421	0.000000	0.000000
732.870000	0.540606	-1.134670	1.379420	0.000000	0.000000
732.880000	0.540604	-1.134668	1.379420	0.000000	0.000000
732.890000	0.540603	-1.134665	1.379419	0.000000	0.000000
732.900000	0.540601	-1.134664	1.379418	0.000000	0.000000
732.910000	0.540600	-1.134663	1.379417	0.000000	0.000000
732.920000	0.540600	-1.134665	1.379416	0.000000	0.000000
732.930000	0.540599	-1.134669	1.379415	0.000000	0.000000
732.940000	0.540599	-1.134674	1.379414	0.000000	0.000000
732.950000	0.540600	-1.134680	1.379413	0.000000	0.000000
732.960000	0.540602	-1.134687	1.379412	0.000000	0.000000
732.970000	0.540603	-1.134695	1.379410	0.000000	0.000000
732.980000	0.540605	-1.134702	1.379409	0.000000	0.000000
732.990000	0.540605	-1.134707	1.379407	0.000000	0.000000
733.000000	0.540606	-1.134710	1.379405	0.000000	0.000000
733.010000	0.540605	-1.134710	1.379404	0.000000	0.000000
733.020000	0.540606	-1.134711	1.379402	0.000000	0.000000
733.030000	0.540607	-1.134716	1.379400	0.000000	0.000000
733.040000	0.540609	-1.134725	1.379398	0.000000	0.000000
733.050000	0.540611	-1.134734	1.379396	0.000000	0.000000
733.060000	0.540613	-1.134743	1.379395	0.000000	0.000000
733.070000	0.540614	-1.134751	1.379393	0.000000	0.000000
733.080000	0.540615	-1.134758	1.379391	0.000000	0.000000
733.090000	0.540616	-1.134763	1.379389	0.000000	0.000000
733.100000	0.540616	-1.134768	1.379388	0.000000	0.000000
733.110000	0.540617	-1.134772	1.379386	0.000000	0.000000
733.120000	0.540617	-1.134776	1.379385	0.000000	0.000000
733.130000	0.540618	-1.134778	1.379383	0.000000	0.000000
733.140000	0.540617	-1.134779	1.379382	0.000000	0.000000
733.150000	0.540616	-1.134779	1.379380	0.000000	0.000000
733.160000	0.540614	-1.134776	1.379379	0.000000	0.000000
733.170000	0.540612	-1.134772	1.379378	0.000000	0.000000
733.180000	0.540610	-1.134767	1.379376	0.000000	0.000000
733.190000	0.540608	-1.134762	1.379375	0.000000	0.000000
733.200000	0.540606	-1.134758	1.379374	0.000000	0.000000
733.210000	0.540606	-1.134755	1.379372	0.000000	0.000000
733.220000	0.540605	-1.134754	1.379371	0.000000	0.000000
733.230000	0.540605	-1.134753	1.379370	0.000000	0.000000
733.240000	0.540605	-1.134753	1.379368	0.000000	0.000000
733.250000	0.540605	-1.134756	1.379366	0.000000	0.000000
733.260000	0.540606	-1.134760	1.379365	0.000000	0.000000
733.270000	0.540607	-1.134766	1.379363	0.000000	0.000000
733.280000	0.540608	-1.134773	1.379361	0.000000	0.000000
733.290000	0.540611	-1.134783	1.379359	0.000000	0.000000
733.300000	0.540614	-1.134792	1.379357	0.000000	0.000000
733.310000	0.540615	-1.134798	1.379355	0.000000	0.000000
733.320000	0.540616	-1.134801	1.379353	0.000000	0.000000
733.330000	0.540616	-1.134800	1.379351	0.000000	0.000000
733.340000	0.540616	-1.134797	1.379349	0.000000	0.000000
733.350000	0.540617	-1.134796	1.379347	0.000000	0.000000
733.360000	0.540618	-1.134798	1.379346	0.000000	0.000000
733.370000	0.540620	-1.134801	1.379344	0.000000	0.000000
733.380000	0.540622	-1.134804	1.379342	0.000000	0.000000
733.390000	0.540623	-1.134808	1.379340	0.000000	0.000000
733.400000	0.540624	-1.134811	1.379338	0.000000	0.000000
733.410000	0.540625	-1.134812	1.379337	0.000000	0.000000
733.420000	0.540625	-1.134811	1.379335	0.000000	0.000000
733.430000	0.540626	-1.134811	1.379334	0.000000	0.000000
733.440000	0.540627	-1.134811	1.379333	0.000000	0.000000
733.450000	0.540628	-1.134812	1.379332	0.000000	0.000000
733.460000	0.540629	-1.134814	1.379330	0.000000	0.000000
733.470000	0.540630	-1.134816	1.379329	0.000000	0.000000
733.480000	0.540631	-1.134817	1.379329	0.000000	0.000000
733.490000	0.540631	-1.134819	1.379328	0.000000	0.000000
733.500000	0.540631	-1.134820	1.379327	0.000000	0.000000
733.510000	0.540631	-1.134821	1.379327	0.000000	0.000000
733.520000	0.540631	-1.134821	1.379326	0.000000	0.000000
733.530000	0.540630	-1.134820	1.379326	0.000000	0.000000
733.540000	0.540629	-1.134818	1.379325	0.000000	0.000000
733.550000	0.540627	-1.134816	1.379325	0.000000	0.000000
733.560000	0.540626	-1.134813	1.379325	0.000000	0.000000
733.570000	0.540624	-1.134810	1.379324	0.000000	0.000000
733.580000	0.540623	-1.134807	1.379324	0.000000	0.000000
733.590000	0.540622	-1.134804	1.379324	0.000000	0.000000
733.600000	0.540620	-1.134801	1.379324	0.000000	0.000000
733.610000	0.540618	-1.134798	1.379324	0.000000	0.000000
733.620000	0.540616	-1.134795	1.379324	0.000000	0.000000
733.630000	0.540614	-1.134793	1.379323	0.000000	0.000000
733.640000	0.540612	-1.134792	1.379323	0.000000	0.000000
733.650000	0.540611	-1.134793	1.379323	0.000000	0.000000
733.660000	0.540611	-1.134796	1.379323	0.000000	0.000000
733.670000	0.540611	-1.134800	1.379323	0.000000	0.000000
733.680000	0.540612	-1.134804	1.379323	0.000000	0.000000
733.690000	0.540612	-1.134807	1.379323	0.000000	0.000000
733.700000	0.540611	-1.134807	1.379323	0.000000	0.000000
733.710000	0.540608	-1.134804	1.379323	0.000000	0.000000
733.720000	0.540605	-1.134797	1.379323	0.000000	0.000000
733.730000	0.540603	-1.134791	1.379323	0.000000	0.000000
733.740000	0.540601	-1.134786	1.379323	0.000000	0.000000
733.750000	0.540600	-1.134784	1.379324	0.000000	0.000000
733.760000	0.540599	-1.134782	1.379324	0.000000	0.000000
733.770000	0.540598	-1.134781	1.379324	0.000000	0.000000
733.780000	0.540598	-1.134781	1.379324	0.000000	0.000000
733.790000	0.540597	-1.134780	1.379325	0.000000	0.000000
733.800000	0.540596	-1.134779	1.379325	0.000000	0.000000
733.810000	0.540595	-1.134776	1.379325	0.000000	0.000000
733.820000	0.540595	-1.134774	1.379326	0.000000	0.000000
733.830000	0.540594	-1.134770	1.379326	0.000000	0.000000
733.840000	0.540593	-1.134768	1.379326	0.000000	0.000000
733.850000	0.540592	-1.134765	1.379327	0.000000	0.000000
733.860000	0.540592	-1.134763	1.379327	0.000000	0.000000
733.870000	0.540591	-1.134761	1.379328	0.000000	0.000000
733.880000	0.540590	-1.134758	1.379329	0.000000	0.000000
733.890000	0.540589	-1.134755	1.379329	0.000000	0.000000
733.900000	0.540588	-1.134751	1.379330	0.000000	0.000000
733.910000	0.540587	-1.134747	1.379330	0.000000	0.000000
733.920000	0.540587	-1.134743	1.379331	0.000000	0.000000
733.930000	0.540586	-1.134740	1.379331	0.000000	0.000000
733.940000	0.540586	-1.134738	1.379332	0.000000	0.000000
733.950000	0.540586	-1.134736	1.379332	0.000000	0.000000
733.960000	0.540585	-1.134735	1.379333	0.000000	0.000000
733.970000	0.540585	-1.134735	1.379333	0.000000	0.000000
733.980000	0.540585	-1.134735	1.379334	0.000000	0.000000
733.990000	0.540586	-1.134737	1.379334	0.000000	0.000000
734.000000	0.540587	-1.134740	1.379335	0.000000	0.000000
734.010000	0.540589	-1.134743	1.379335	0.000000	0.000000
734.020000	0.540590	-1.134744	1.379335	0.000000	0.000000
734.030000	0.540589	-1.134742	1.379336	0.000000	0.000000
734.040000	0.540589	-1.134739	1.379336	0.000000	0.000000
734.050000	0.540588	-1.134738	1.379336	0.000000	0.000000
734.060000	0.540589	-1.134741	1.379337	0.000000	0.000000
734.070000	0.540590	-1.134745	1.379337	0.000000	0.000000
734.080000	0.540592	-1.134749	1.379337	0.000000	0.000000
734.090000	0.540592	-1.134751	1.379338	0.000000	0.000000
734.100000	0.540592	-1.134752	1.379338	0.000000	0.000000
734.110000	0.540592	-1.134752	1.379338	0.000000	0.000000
734.120000	0.540592	-1.134752	1.379339	0.000000	0.000000
734.130000	0.540592	-1.134752	1.379339	0.000000	0.000000
734.140000	0.540592	-1.134751	1.379340	0.000000	0.000000
734.150000	0.540591	-1.134750	1.379341	0.000000	0.000000
734.160000	0.540590	-1.134746	1.379341	0.000000	0.000000
734.170000	0.540588	-1.134741	1.379342	0.000000	0.000000
734.180000	0.540586	-1.134734	1.379343	0.000000	0.000000
734.190000	0.540583	-1.134726	1.379343	0.000000	0.000000
734.200000	0.540580	-1.134717	1.379344	0.000000	0.000000
734.210000	0.540578	-1.134708	1.379345	0.000000	0.000000
734.220000	0.540575	-1.134699	1.379346	0.000000	0.000000
734.230000	0.540573	-1.134691	1.379346	0.000000	0.000000
734.240000	0.540572	-1.134685	1.379347	0.000000	0.000000
734.250000	0.540571	-1.134680	1.379348	0.000000	0.000000
734.260000	0.540570	-1.134676	1.379348	0.000000	0.000000
734.270000	0.540569	-1.134674	1.379349	0.000000	0.000000
734.280000	0.540569	-1.134673	1.379349	0.000000	0.000000
734.290000	0.540569	-1.134673	1.379350	0.000000	0.000000
734.300000	0.540570	-1.134673	1.379350	0.000000	0.000000
734.310000	0.540570	-1.134675	1.379351	0.000000	0.000000
734.320000	0.540570	-1.134676	1.379351	0.000000	0.000000
734.330000	0.540571	-1.134675	1.379351	0.000000	0.000000
734.340000	0.540571	-1.134672	1.379352	0.000000	0.000000
734.350000	0.540571	-1.134670	1.379352	0.000000	0.000000
734.360000	0.540573	-1.134672	1.379352	0.000000	0.000000
734.370000	0.540575	-1.134676	1.379352	0.000000	0.000000
734.380000	0.540578	-1.134681	1.379353	0.000000	0.000000
734.390000	0.540581	-1.134686	1.379353	0.000000	0.000000
734.400000	0.540583	-1.134691	1.379353	0.000000	0.000000
734.410000	0.540587	-1.134695	1.379353	0.000000	0.000000
734.420000	0.540589	-1.134696	1.379353	0.000000	0.000000
734.430000	0.540591	-1.134694	1.379354	0.000000	0.000000
734.440000	0.540591	-1.134689	1.379354	0.000000	0.000000
734.450000	0.540592	-1.134682	1.379354	0.000000	0.000000
734.460000	0.540591	-1.134674	1.379354	0.000000	0.000000
734.470000	0.540591	-1.134668	1.379354	0.000000	0.000000
734.480000	0.540591	-1.134662	1.379355	0.000000	0.000000
734.490000	0.540592	-1.134657	1.379355	0.000000	0.000000
734.500000	0.540593	-1.134654	1.379355	0.000000	0.000000
734.510000	0.540595	-1.134652	1.379355	0.000000	0.000000
734.520000	0.540597	-1.134650	1.379355	0.000000	0.000000
734.530000	0.540599	-1.134649	1.379355	0.000000	0.000000
734.540000	0.540601	-1.134648	1.379355	0.000000	0.000000
734.550000	0.540603	-1.134646	1.379355	0.000000	0.000000
734.560000	0.540606	-1.134645	1.379355	0.000000	0.000000
734.570000	0.540609	-1.134646	1.379355	0.000000	0.000000
734.580000	0.540613	-1.134649	1.379354	0.000000	0.000000
734.590000	0.540618	-1.134653	1.379354	0.000000	0.000000
734.600000	0.540622	-1.134657	1.379354	0.000000	0.000000
734.610000	0.540626	-1.134660	1.379353	0.000000	0.000000
734.620000	0.540630	-1.134662	1.379353	0.000000	0.000000
734.630000	0.540632	-1.134660	1.379352	0.000000	0.000000
734.640000	0.540633	-1.134654	1.379352	0.000000	0.000000
734.650000	0.540634	-1.134648	1.379351	0.000000	0.000000
734.660000	0.540636	-1.134644	1.379351	0.000000	0.000000
734.670000	0.540639	-1.134642	1.379351	0.000000	0.000000
734.680000	0.540641	-1.134641	1.379350	0.000000	0.000000
734.690000	0.540643	-1.134638	1.379350	0.000000	0.000000
734.700000	0.540644	-1.134634	1.379350	0.000000	0.000000
734.710000	0.540645	-1.134627	1.379350	0.000000	0.000000
734.720000	0.540645	-1.134620	1.379350	0.000000	0.000000
734.730000	0.540645	-1.134613	1.379350	0.000000	0.000000
734.740000	0.540645	-1.134606	1.379350	0.000000	0.000000
734.750000	0.540645	-1.134602	1.379350	0.000000	0.000000
734.760000	0.540647	-1.134599	1.379350	0.000000	0.000000
734.770000	0.540649	-1.134599	1.379350	0.000000	0.000000
734.780000	0.540651	-1.134601	1.379350	0.000000	0.000000
734.790000	0.540653	-1.134604	1.379350	0.000000	0.000000
734.800000	0.540655	-1.134606	1.379350	0.000000	0.000000
734.810000	0.540657	-1.134608	1.379350	0.000000	0.000000
734.820000	0.540658	-1.134607	1.379350	0.000000	0.000000
734.830000	0.540659	-1.134603	1.379351	0.000000	0.000000
734.840000	0.540658	-1.134596	1.379351	0.000000	0.000000
734.850000	0.540658	-1.134589	1.379351	0.000000	0.000000
734.860000	0.540658	-1.134586	1.379351	0.000000	0.000000
734.870000	0.540660	-1.134586	1.379351	0.000000	0.000000
734.880000	0.540662	-1.134587	1.379351	0.000000	0.000000
734.890000	0.540664	-1.134588	1.379351	0.000000	0.000000
734.900000	0.540667	-1.134589	1.379351	0.000000	0.000000
734.910000	0.540669	-1.134591	1.379352	0.000000	0.000000
734.920000	0.540671	-1.134593	1.379352	0.000000	0.000000
734.930000	0.540674	-1.134595	1.379352	0.000000	0.000000
734.940000	0.540676	-1.134597	1.379353	0.000000	0.000000
734.950000	0.540678	-1.134598	1.379353	0.000000	0.000000
734.960000	0.540679	-1.134598	1.379353	0.000000	0.000000
734.970000	0.540680	-1.134595	1.379354	0.000000	0.000000
734.980000	0.540681	-1.134589	1.379354	0.000000	0.000000
734.990000	0.540682	-1.134584	1.379355	0.000000	0.000000
735.000000	0.540683	-1.134582	1.379355	0.000000	0.000000
735.010000	0.540686	-1.134583	1.379355	0.000000	0.000000
735.020000	0.540689	-1.134584	1.379356	0.000000	0.000000
735.030000	0.540692	-1.134585	1.379356	0.000000	0.000000
735.040000	0.540695	-1.134583	1.379356	0.000000	0.000000
735.050000	0.540698	-1.134581	1.379356	0.000000	0.000000
735.060000	0.540700	-1.134579	1.379357	0.000000	0.000000
735.070000	0.540703	-1.134577	1.379357	0.000000	0.000000
735.080000	0.540705	-1.134576	1.379357	0.000000	0.000000
735.090000	0.540707	-1.134574	1.379357	0.000000	0.000000
735.100000	0.540709	-1.134571	1.379358	0.000000	0.000000
735.110000	0.540710	-1.134566	1.379358	0.000000	0.000000
735.120000	0.540711	-1.134561	1.379358	0.000000	0.000000
735.130000	0.540713	-1.134554	1.379358	0.000000	0.000000
735.140000	0.540714	-1.134549	1.379359	0.000000	0.000000
735.150000	0.540716	-1.134544	1.379359	0.000000	0.000000
735.160000	0.540719	-1.134542	1.379359	0.000000	0.000000
735.170000	0.540722	-1.134541	1.379359	0.000000	0.000000
735.180000	0.540725	-1.134542	1.379360	0.000000	0.000000
735.190000	0.540728	-1.134543	1.379360	0.000000	0.000000
735.200000	0.540732	-1.134543	1.379360	0.000000	0.000000
735.210000	0.540734	-1.134543	1.379361	0.000000	0.000000
735.220000	0.540736	-1.134541	1.379361	0.000000	0.000000
735.230000	0.540738	-1.134536	1.379361	0.000000	0.000000
735.240000	0.540739	-1.134530	1.379361	0.000000	0.000000
735.250000	0.540740	-1.134522	1.379362	0.000000	0.000000
735.260000	0.540741	-1.134514	1.379362	0.000000	0.000000
735.270000	0.540742	-1.134506	1.379362	0.000000	0.000000
735.280000	0.540742	-1.134498	1.379362	0.000000	0.000000
735.290000	0.540742	-1.134490	1.379362	0.000000	0.000000
735.300000	0.540743	-1.134484	1.379363	0.000000	0.000000
735.310000	0.540744	-1.134480	1.379363	0.000000	0.000000
735.320000	0.540745	-1.134477	1.379363	0.000000	0.000000
735.330000	0.540747	-1.134475	1.379363	0.000000	0.000000
735.340000	0.540749	-1.134474	1.379363	0.000000	0.000000
735.350000	0.540750	-1.134472	1.379363	0.000000	0.000000
735.360000	0.540752	-1.134471	1.379363	0.000000	0.000000
735.370000	0.540754	-1.134471	1.379363	0.000000	0.000000
735.380000	0.540756	-1.134471	1.379363	0.000000	0.000000
735.390000	0.540758	-1.134472	1.379363	0.000000	0.000000
735.400000	0.540760	-1.134472	1.379364	0.000000	0.000000
735.410000	0.540761	-1.134470	1.379364	0.000000	0.000000
735.420000	0.540762	-1.134468	1.379364	0.000000	0.000000
735.430000	0.540762	-1.134465	1.379364	0.000000	0.000000
735.440000	0.540762	-1.134462	1.379364	0.000000	0.000000
735.450000	0.540763	-1.134459	1.379364	0.000000	0.000000
735.460000	0.540763	-1.134457	1.379365	0.000000	0.000000
735.470000	0.540765	-1.134453	1.379365	0.000000	0.000000
735.480000	0.540765	-1.134449	1.379365	0.000000	0.000000
735.490000	0.540765	-1.134443	1.379365	0.000000	0.000000
735.500000	0.540765	-1.134435	1.379365	0.000000	0.000000
735.510000	0.540765	-1.134426	1.379365	0.000000	0.000000
735.520000	0.540765	-1.134418	1.379365	0.000000	0.000000
735.530000	0.540765	-1.134412	1.379365	0.000000	0.000000
735.540000	0.540766	-1.134407	1.379365	0.000000	0.000000
735.550000	0.540768	-1.134404	1.379365	0.000000	0.000000
735.560000	0.540770	-1.134402	1.379365	0.000000	0.000000
735.570000	0.540773	-1.134401	1.379365	0.000000	0.000000
735.580000	0.540775	-1.134400	1.379365	0.000000	0.000000
735.590000	0.540777	-1.134397	1.379364	0.000000	0.000000
735.600000	0.540779	-1.134395	1.379364	0.000000	0.000000
735.610000	0.540780	-1.134392	1.379364	0.000000	0.000000
735.620000	0.540782	-1.134389	1.379363	0.000000	0.000000
735.630000	0.540784	-1.134386	1.379363	0.000000	0.000000
735.640000	0.540787	-1.134384	1.379362	0.000000	0.000000
735.650000	0.540790	-1.134382	1.379362	0.000000	0.000000
735.660000	0.540792	-1.134379	1.379361	0.000000	0.000000
735.670000	0.540793	-1.134374	1.379361	0.000000	0.000000
735.680000	0.540795	-1.134368	1.379360	0.000000	0.000000
735.690000	0.540797	-1.134363	1.379360	0.000000	0.000000
735.700000	0.540800	-1.134358	1.379359	0.000000	0.000000
735.710000	0.540802	-1.134354	1.379358	0.000000	0.000000
735.720000	0.540804	-1.134350	1.379357	0.000000	0.000000
735.730000	0.540805	-1.134346	1.379357	0.000000	0.000000
735.740000	0.540807	-1.134340	1.379356	0.000000	0.000000
735.750000	0.540807	-1.134331	1.379355	0.000000	0.000000
735.760000	0.540808	-1.134320	1.379355	0.000000	0.000000
735.770000	0.540808	-1.134308	1.379354	0.000000	0.000000
735.780000	0.540808	-1.134296	1.379353	0.000000	0.000000
735.790000	0.540808	-1.134285	1.379352	0.000000	0.000000
735.800000	0.540809	-1.134276	1.379352	0.000000	0.000000
735.810000	0.540811	-1.134269	1.379351	0.000000	0.000000
735.820000	0.540813	-1.134263	1.379350	0.000000	0.000000
735.830000	0.540815	-1.134259	1.379349	0.000000	0.000000
735.840000	0.540817	-1.134255	1.379349	0.000000	0.000000
735.850000	0.540819	-1.134252	1.379348	0.000000	0.000000
735.860000	0.540822	-1.134248	1.379347	0.000000	0.000000
735.870000	0.540824	-1.134245	1.379346	0.000000	0.000000
735.880000	0.540828	-1.134244	1.379346	0.000000	0.000000
735.890000	0.540832	-1.134246	1.379345	0.000000	0.000000
735.900000	0.540836	-1.134249	1.379344	0.000000	0.000000
735.910000	0.540841	-1.134251	1.379344	0.000000	0.000000
735.920000	0.540845	-1.134254	1.379343	0.000000	0.000000
735.930000	0.540849	-1.134256	1.379342	0.000000	0.000000
735.940000	0.540852	-1.134257	1.379342	0.000000	0.000000
735.950000	0.540854	-1.134255	1.379341	0.000000	0.000000
735.960000	0.540855	-1.134252	1.379340	0.000000	0.000000
735.970000	0.540856	-1.134246	1.379340	0.000000	0.000000
735.980000	0.540856	-1.134240	1.379339	0.000000	0.000000
735.990000	0.540857	-1.134236	1.379339	0.000000	0.000000
736.000000	0.540859	-1.134235	1.379338	0.000000	0.000000
736.010000	0.540860	-1.134236	1.379338	0.000000	0.000000
736.020000	0.540862	-1.134237	1.379337	0.000000	0.000000
736.030000	0.540865	-1.134240	1.379337	0.000000	0.000000
736.040000	0.540867	-1.134242	1.379337	0.000000	0.000000
736.050000	0.540868	-1.134244	1.379336	0.000000	0.000000
736.060000	0.540870	-1.134246	1.379336	0.000000	0.000000
736.070000	0.540872	-1.134247	1.379336	0.000000	0.000000
736.080000	0.540873	-1.134247	1.379335	0.000000	0.000000
736.090000	0.540873	-1.134245	1.379335	0.000000	0.000000
736.100000	0.540873	-1.134242	1.379334	0.000000	0.000000
736.110000	0.540874	-1.134238	1.379334	0.000000	0.000000
736.120000	0.540874	-1.134234	1.379334	0.000000	0.000000
736.130000	0.540874	-1.134230	1.379333	0.000000	0.000000
736.140000	0.540874	-1.134225	1.379333	0.000000	0.000000
736.150000	0.540874	-1.134221	1.379333	0.000000	0.000000
736.160000	0.540875	-1.134216	1.379333	0.000000	0.000000
736.170000	0.540875	-1.134213	1.379332	0.000000	0.000000
736.180000	0.540876	-1.134211	1.379332	0.000000	0.000000
736.190000	0.540877	-1.134210	1.379332	0.000000	0.000000
736.200000	0.540879	-1.134210	1.379331	0.000000	0.000000
736.210000	0.540881	-1.134211	1.379331	0.000000	0.000000
736.220000	0.540883	-1.134212	1.379331	0.000000	0.000000
736.230000	0.540885	-1.134214	1.379331	0.000000	0.000000
736.240000	0.540887	-1.134215	1.379331	0.000000	0.000000
736.250000	0.540888	-1.134216	1.379331	0.000000	0.000000
736.260000	0.540890	-1.134216	1.379331	0.000000	0.000000
736.270000	0.540891	-1.134214	1.379331	0.000000	0.000000
736.280000	0.540892	-1.134211	1.379330	0.000000	0.000000
736.290000	0.540892	-1.134207	1.379330	0.000000	0.000000
736.300000	0.540893	-1.134202	1.379330	0.000000	0.000000
736.310000	0.540893	-1.134196	1.379330	0.000000	0.000000
736.320000	0.540892	-1.134189	1.379330	0.000000	0.000000
736.330000	0.540892	-1.134181	1.379330	0.000000	0.000000
736.340000	0.540891	-1.134174	1.379330	0.000000	0.000000
736.350000	0.540891	-1.134169	1.379329	0.000000	0.000000
736.360000	0.540892	-1.134165	1.379329	0.000000	0.000000
736.370000	0.540893	-1.134164	1.379329	0.000000	0.000000
736.380000	0.540895	-1.134165	1.379329	0.000000	0.000000
736.390000	0.540897	-1.134167	1.379328	0.000000	0.000000
736.400000	0.540899	-1.134168	1.379328	0.000000	0.000000
736.410000	0.540902	-1.134169	1.379328	0.000000	0.000000
736.420000	0.540904	-1.134169	1.379327	0.000000	0.000000
736.430000	0.540906	-1.134168	1.379327	0.000000	0.000000
736.440000	0.540907	-1.134167	1.379327	0.000000	0.000000
736.450000	0.540908	-1.134164	1.379327	0.000000	0.000000
736.460000	0.540909	-1.134161	1.379327	0.000000	0.000000
736.470000	0.540911	-1.134158	1.379326	0.000000	0.000000
736.480000	0.540912	-1.134156	1.379326	0.000000	0.000000
736.490000	0.540915	-1.134155	1.379326	0.000000	0.000000
736.500000	0.540917	-1.134155	1.379326	0.000000	0.000000
736.510000	0.540919	-1.134156	1.379326	0.000000	0.000000
736.520000	0.540922	-1.134157	1.379326	0.000000	0.000000
736.530000	0.540925	-1.134158	1.379326	0.000000	0.000000
736.540000	0.540928	-1.134159	1.379326	0.000000	0.000000
736.550000	0.540930	-1.134159	1.379327	0.000000	0.000000
736.560000	0.540932	-1.134159	1.379327	0.000000	0.000000
736.570000	0.540935	-1.134159	1.379327	0.000000	0.000000
736.580000	0.540937	-1.134160	1.379327	0.000000	0.000000
736.590000	0.540940	-1.134161	1.379327	0.000000	0.000000
736.600000	0.540943	-1.134162	1.379328	0.000000	0.000000
736.610000	0.540945	-1.134163	1.379328	0.000000	0.000000
736.620000	0.540946	-1.134160	1.379328	0.000000	0.000000
736.630000	0.540946	-1.134154	1.379328	0.000000	0.000000
736.640000	0.540945	-1.134147	1.379329	0.000000	0.000000
736.650000	0.540946	-1.134142	1.379329	0.000000	0.000000
736.660000	0.540947	-1.134139	1.379329	0.000000	0.000000
736.670000	0.540948	-1.134136	1.379329	0.000000	0.000000
736.680000	0.540950	-1.134133	1.379330	0.000000	0.000000
736.690000	0.540951	-1.134130	1.379330	0.000000	0.000000
736.700000	0.540953	-1.134127	1.379330	0.000000	0.000000
736.710000	0.540955	-1.134125	1.379331	0.000000	0.000000
736.720000	0.540956	-1.134123	1.379331	0.000000	0.000000
736.730000	0.540958	-1.134121	1.379332	0.000000	0.000000
736.740000	0.540959	-1.134119	1.379332	0.000000	0.000000
736.750000	0.540961	-1.134116	1.379333	0.000000	0.000000
736.760000	0.540962	-1.134114	1.379333	0.000000	0.000000
736.770000	0.540964	-1.134112	1.379334	0.000000	0.000000
736.780000	0.540966	-1.134112	1.379334	0.000000	0.000000
736.790000	0.540969	-1.134114	1.379335	0.000000	0.000000
736.800000	0.540971	-1.134117	1.379335	0.000000	0.000000
736.810000	0.540974	-1.134121	1.379336	0.000000	0.000000
736.820000	0.540977	-1.134126	1.379336	0.000000	0.000000
736.830000	0.540979	-1.134130	1.379337	0.000000	0.000000
736.840000	0.540981	-1.134132	1.379337	0.000000	0.000000
736.850000	0.540983	-1.134133	1.379338	0.000000	0.000000
736.860000	0.540985	-1.134132	1.379338	0.000000	0.000000
736.870000	0.540986	-1.134128	1.379339	0.000000	0.000000
736.880000	0.540987	-1.134122	1.379339	0.000000	0.000000
736.890000	0.540987	-1.134117	1.379340	0.000000	0.000000
736.900000	0.540988	-1.134113	1.379340	0.000000	0.000000
736.910000	0.540989	-1.134109	1.379341	0.000000	0.000000
736.920000	0.540990	-1.134105	1.379342	0.000000	0.000000
736.930000	0.540990	-1.134101	1.379342	0.000000	0.000000
736.940000	0.540991	-1.134095	1.379343	0.000000	0.000000
736.950000	0.540991	-1.134089	1.379343	0.000000	0.000000
736.960000	0.540990	-1.134082	1.379344	0.000000	0.000000
736.970000	0.540989	-1.134076	1.379344	0.000000	0.000000
736.980000	0.540988	-1.134069	1.379345	0.000000	0.000000
736.990000	0.540988	-1.134064	1.379345	0.000000	0.000000
737.000000	0.540988	-1.134060	1.379346	0.000000	0.000000
737.010000	0.540989	-1.134057	1.379346	0.000000	0.000000
737.020000	0.540990	-1.134054	1.379346	0.000000	0.000000
737.030000	0.540991	-1.134051	1.379347	0.000000	0.000000
737.040000	0.540991	-1.134047	1.379347	0.000000	0.000000
737.050000	0.540992	-1.134044	1.379347	0.000000	0.000000
737.060000	0.540993	-1.134042	1.379347	0.000000	0.000000
737.070000	0.540994	-1.134041	1.379347	0.000000	0.000000
737.080000	0.540995	-1.134042	1.379347	0.000000	0.000000
737.090000	0.540997	-1.134043	1.379347	0.000000	0.000000
737.100000	0.540998	-1.134045	1.379347	0.000000	0.000000
737.110000	0.540999	-1.134046	1.379347	0.000000	0.000000
737.120000	0.540999	-1.134047	1.379347	0.000000	0.000000
737.130000	0.540999	-1.134047	1.379347	0.000000	0.000000
737.140000	0.540999	-1.134046	1.379346	0.000000	0.000000
737.150000	0.540999	-1.134043	1.379346	0.000000	0.000000
737.160000	0.540999	-1.134039	1.379346	0.000000	0.000000
737.170000	0.540998	-1.134035	1.379345	0.000000	0.000000
737.180000	0.540998	-1.134032	1.379345	0.000000	0.000000
737.190000	0.540999	-1.134030	1.379345	0.000000	0.000000
737.200000	0.541000	-1.134029	1.379344	0.000000	0.000000
737.210000	0.541001	-1.134031	1.379344	0.000000	0.000000
737.220000	0.541002	-1.134032	1.379343	0.000000	0.000000
737.230000	0.541003	-1.134034	1.379343	0.000000	0.000000
737.240000	0.541004	-1.134034	1.379343	0.000000	0.000000
737.250000	0.541004	-1.134033	1.379342	0.000000	0.000000
737.260000	0.541005	-1.134031	1.379342	0.000000	0.000000
737.270000	0.541005	-1.134029	1.379342	0.000000	0.000000
737.280000	0.541005	-1.134026	1.379342	0.000000	0.000000
737.290000	0.541005	-1.134024	1.379341	0.000000	0.000000
737.300000	0.541005	-1.134023	1.379341	0.000000	0.000000
737.310000	0.541006	-1.134023	1.379341	0.000000	0.000000
737.320000	0.541006	-1.134024	1.379340	0.000000	0.000000
737.330000	0.541006	-1.134025	1.379340	0.000000	0.000000
737.340000	0.541006	-1.134026	1.379340	0.000000	0.000000
737.350000	0.541006	-1.134026	1.379340	0.000000	0.000000
737.360000	0.541005	-1.134024	1.379339	0.000000	0.000000
737.370000	0.541004	-1.134021	1.379339	0.000000	0.000000
737.380000	0.541003	-1.134016	1.379339	0.000000	0.000000
737.390000	0.541002	-1.134011	1.379339	0.000000	0.000000
737.400000	0.541000	-1.134005	1.379338	0.000000	0.000000
737.410000	0.540999	-1.133997	1.379338	0.000000	0.000000
737.420000	0.540997	-1.133990	1.379338	0.000000	0.000000
737.430000	0.540996	-1.133982	1.379338	0.000000	0.000000
737.440000	0.540994	-1.133974	1.379337	0.000000	0.000000
737.450000	0.540993	-1.133966	1.379337	0.000000	0.000000
737.460000	0.540992	-1.133958	1.379337	0.000000	0.000000
737.470000	0.540992	-1.133950	1.379337	0.000000	0.000000
737.480000	0.540992	-1.133945	1.379336	0.000000	0.000000
737.490000	0.540992	-1.133941	1.379336	0.000000	0.000000
737.500000	0.540992	-1.133938	1.379336	0.000000	0.000000
737.510000	0.540993	-1.133937	1.379336	0.000000	0.000000
737.520000	0.540993	-1.133936	1.379335	0.000000	0.000000
737.530000	0.540993	-1.133934	1.379335	0.000000	0.000000
737.540000	0.540992	-1.133930	1.379335	0.000000	0.000000
737.550000	0.540990	-1.133925	1.379335	0.000000	0.000000
737.560000	0.540988	-1.133918	1.379335	0.000000	0.000000
737.570000	0.540986	-1.133913	1.379335	0.000000	0.000000
737.580000	0.540985	-1.133908	1.379335	0.000000	0.000000
737.590000	0.540985	-1.133906	1.379335	0.000000	0.000000
737.600000	0.540984	-1.133905	1.379335	0.000000	0.000000
737.610000	0.540985	-1.133905	1.379335	0.000000	0.000000
737.620000	0.540985	-1.133904	1.379336	0.000000	0.000000
737.630000	0.540985	-1.133902	1.379336	0.000000	0.000000
737.640000	0.540984	-1.133897	1.379336	0.000000	0.000000
737.650000	0.540982	-1.133888	1.379336	0.000000	0.000000
737.660000	0.540979	-1.133877	1.379337	0.000000	0.000000
737.670000	0.540976	-1.133865	1.379337	0.000000	0.000000
737.680000	0.540973	-1.133855	1.379337	0.000000	0.000000
737.690000	0.540972	-1.133847	1.379338	0.000000	0.000000
737.700000	0.540971	-1.133841	1.379338	0.000000	0.000000
737.710000	0.540971	-1.133836	1.379339	0.000000	0.000000
737.720000	0.540971	-1.133831	1.379339	0.000000	0.000000
737.730000	0.540970	-1.133825	1.379340	0.000000	0.000000
737.740000	0.540970	-1.133818	1.379340	0.000000	0.000000
737.750000	0.540970	-1.133810	1.379341	0.000000	0.000000
737.760000	0.540970	-1.133802	1.379342	0.000000	0.000000
737.770000	0.540970	-1.133795	1.379342	0.000000	0.000000
737.780000	0.540971	-1.133788	1.379343	0.000000	0.000000
737.790000	0.540971	-1.133780	1.379343	0.000000	0.000000
737.800000	0.540971	-1.133771	1.379344	0.000000	0.000000
737.810000	0.540970	-1.133760	1.379344	0.000000	0.000000
737.820000	0.540968	-1.133749	1.379345	0.000000	0.000000
737.830000	0.540967	-1.133737	1.379346	0.000000	0.000000
737.840000	0.540965	-1.133725	1.379346	0.000000	0.000000
737.850000	0.540965	-1.133714	1.379347	0.000000	0.000000
737.860000	0.540965	-1.133706	1.379347	0.000000	0.000000
737.870000	0.540966	-1.133699	1.379348	0.000000	0.000000
737.880000	0.540968	-1.133694	1.379348	0.000000	0.000000
737.890000	0.540970	-1.133690	1.379349	0.000000	0.000000
737.900000	0.540972	-1.133685	1.379350	0.000000	0.000000
737.910000	0.540974	-1.133679	1.379350	0.000000	0.000000
737.920000	0.540976	-1.133672	1.379351	0.000000	0.000000
737.930000	0.540978	-1.133662	1.379351	0.000000	0.000000
737.940000	0.540979	-1.133650	1.379352	0.000000	0.000000
737.950000	0.540978	-1.133635	1.379352	0.000000	0.000000
737.960000	0.540978	-1.133621	1.379352	0.000000	0.000000
737.970000	0.540978	-1.133607	1.379353	0.000000	0.000000
737.980000	0.540979	-1.133596	1.379353	0.000000	0.000000
737.990000	0.540980	-1.133587	1.379353	0.000000	0.000000
738.000000	0.540982	-1.133581	1.379354	0.000000	0.000000
738.010000	0.540984	-1.133575	1.379354	0.000000	0.000000
738.020000	0.540986	-1.133570	1.379354	0.000000	0.000000
738.030000	0.540988	-1.133565	1.379354	0.000000	0.000000
738.040000	0.540991	-1.133560	1.379354	0.000000	0.000000
738.050000	0.540993	-1.133554	1.379354	0.000000	0.000000
738.060000	0.540994	-1.133544	1.379354	0.000000	0.000000
738.070000	0.540994	-1.133533	1.379354	0.000000	0.000000
738.080000	0.540996	-1.133525	1.379354	0.000000	0.000000
738.090000	0.540999	-1.133522	1.379354	0.000000	0.000000
738.100000	0.541002	-1.133522	1.379354	0.000000	0.000000
738.110000	0.541006	-1.133522	1.379354	0.000000	0.000000
738.120000	0.541009	-1.133522	1.379354	0.000000	0.000000
738.130000	0.541011	-1.133518	1.379355	0.000000	0.000000
738.140000	0.541013	-1.133514	1.379355	0.000000	0.000000
738.150000	0.541016	-1.133508	1.379355	0.000000	0.000000
738.160000	0.541018	-1.133502	1.379356	0.000000	0.000000
738.170000	0.541020	-1.133495	1.379356	0.000000	0.000000
738.180000	0.541022	-1.133486	1.379357	0.000000	0.000000
738.190000	0.541024	-1.133476	1.379358	0.000000	0.000000
738.200000	0.541027	-1.133465	1.379358	0.000000	0.000000
738.210000	0.541029	-1.133453	1.379359	0.000000	0.000000
738.220000	0.541031	-1.133442	1.379360	0.000000	0.000000
738.230000	0.541034	-1.133431	1.379361	0.000000	0.000000
738.240000	0.541037	-1.133422	1.379362	0.000000	0.000000
738.250000	0.541041	-1.133413	1.379362	0.000000	0.000000
738.260000	0.541045	-1.133405	1.379363	0.000000	0.000000
738.270000	0.541049	-1.133397	1.379364	0.000000	0.000000
738.280000	0.541053	-1.133391	1.379365	0.000000	0.000000
738.290000	0.541058	-1.133385	1.379366	0.000000	0.000000
738.300000	0.541062	-1.133381	1.379367	0.000000	0.000000
738.310000	0.541067	-1.133379	1.379367	0.000000	0.000000
738.320000	0.541071	-1.133377	1.379368	0.000000	0.000000
738.330000	0.541075	-1.133375	1.379369	0.000000	0.000000
738.340000	0.541078	-1.133372	1.379370	0.000000	0.000000
738.350000	0.541082	-1.133368	1.379371	0.000000	0.000000
738.360000	0.541086	-1.133363	1.379372	0.000000	0.000000
738.370000	0.541090	-1.133358	1.379373	0.000000	0.000000
738.380000	0.541093	-1.133352	1.379374	0.000000	0.000000
738.390000	0.541097	-1.133346	1.379375	0.000000	0.000000
738.400000	0.541100	-1.133340	1.379376	0.000000	0.000000
738.410000	0.541104	-1.133334	1.379377	0.000000	0.000000
738.420000	0.541108	-1.133328	1.379379	0.000000	0.000000
738.430000	0.541112	-1.133321	1.379380	0.000000	0.000000
738.440000	0.541116	-1.133312	1.379382	0.000000	0.000000
738.450000	0.541120	-1.133304	1.379383	0.000000	0.000000
738.460000	0.541124	-1.133294	1.379385	0.000000	0.000000
738.470000	0.541127	-1.133285	1.379387	0.000000	0.000000
738.480000	0.541131	-1.133275	1.379388	0.000000	0.000000
738.490000	0.541134	-1.133266	1.379390	0.000000	0.000000
738.500000	0.541138	-1.133257	1.379392	0.000000	0.000000
738.510000	0.541141	-1.133248	1.379394	0.000000	0.000000
738.520000	0.541144	-1.133239	1.379397	0.000000	0.000000
738.530000	0.541146	-1.133229	1.379399	0.000000	0.000000
738.540000	0.541148	-1.133216	1.379401	0.000000	0.000000
738.550000	0.541149	-1.133201	1.379403	0.000000	0.000000
738.560000	0.541149	-1.133185	1.379406	0.000000	0.000000
738.570000	0.541148	-1.133168	1.379408	0.000000	0.000000
738.580000	0.541149	-1.133153	1.379410	0.000000	0.000000
738.590000	0.541149	-1.133140	1.379413	0.000000	0.000000
738.600000	0.541151	-1.133129	1.379415	0.000000	0.000000
738.610000	0.541152	-1.133120	1.379418	0.000000	0.000000
738.620000	0.541154	-1.133113	1.379420	0.000000	0.000000
738.630000	0.541156	-1.133108	1.379423	0.000000	0.000000
738.640000	0.541158	-1.133105	1.379425	0.000000	0.000000
738.650000	0.541161	-1.133102	1.379428	0.000000	0.000000
738.660000	0.541163	-1.133099	1.379430	0.000000	0.000000
738.670000	0.541164	-1.133096	1.379433	0.000000	0.000000
738.680000	0.541166	-1.133094	1.379436	0.000000	0.000000
738.690000	0.541168	-1.133090	1.379438	0.000000	0.000000
738.700000	0.541168	-1.133086	1.379441	0.000000	0.000000
738.710000	0.541169	-1.133082	1.379443	0.000000	0.000000
738.720000	0.541169	-1.133077	1.379446	0.000000	0.000000
738.730000	0.541170	-1.133072	1.379449	0.000000	0.000000
738.740000	0.541170	-1.133067	1.379451	0.000000	0.000000
738.750000	0.541170	-1.133063	1.379454	0.000000	0.000000
738.760000	0.541169	-1.133060	1.379456	0.000000	0.000000
738.770000	0.541170	-1.133058	1.379459	0.000000	0.000000
738.780000	0.541171	-1.133057	1.379461	0.000000	0.000000
738.790000	0.541172	-1.133057	1.379464	0.000000	0.000000
738.800000	0.541174	-1.133056	1.379466	0.000000	0.000000
738.810000	0.541175	-1.133056	1.379469	0.000000	0.000000
738.820000	0.541177	-1.133054	1.379472	0.000000	0.000000
738.830000	0.541178	-1.133052	1.379474	0.000000	0.000000
738.840000	0.541180	-1.133050	1.379477	0.000000	0.000000
738.850000	0.541182	-1.133047	1.379479	0.000000	0.000000
738.860000	0.541183	-1.133044	1.379482	0.000000	0.000000
738.870000	0.541184	-1.133039	1.379485	0.000000	0.000000
738.880000	0.541184	-1.133034	1.379487	0.000000	0.000000
738.890000	0.541185	-1.133029	1.379490	0.000000	0.000000
738.900000	0.541185	-1.133024	1.379493	0.000000	0.000000
738.910000	0.541187	-1.133019	1.379495	0.000000	0.000000
738.920000	0.541188	-1.133015	1.379498	0.000000	0.000000
738.930000	0.541189	-1.133012	1.379501	0.000000	0.000000
738.940000	0.541189	-1.133009	1.379503	0.000000	0.000000
738.950000	0.541190	-1.133005	1.379506	0.000000	0.000000
738.960000	0.541189	-1.132999	1.379508	0.000000	0.000000
738.970000	0.541189	-1.132992	1.379511	0.000000	0.000000
738.980000	0.541188	-1.132985	1.379513	0.000000	0.000000
738.990000	0.541188	-1.132978	1.379516	0.000000	0.000000
739.000000	0.541188	-1.132972	1.379518	0.000000	0.000000
739.010000	0.541189	-1.132967	1.379521	0.000000	0.000000
739.020000	0.541190	-1.132964	1.379523	0.000000	0.000000
739.030000	0.541191	-1.132962	1.379526	0.000000	0.000000
739.040000	0.541193	-1.132962	1.379528	0.000000	0.000000
739.050000	0.541195	-1.132964	1.379530	0.000000	0.000000
739.060000	0.541198	-1.132967	1.379532	0.000000	0.000000
739.070000	0.541200	-1.132971	1.379534	0.000000	0.000000
739.080000	0.541203	-1.132973	1.379536	0.000000	0.000000
739.090000	0.541205	-1.132973	1.379538	0.000000	0.000000
739.100000	0.541206	-1.132970	1.379540	0.000000	0.000000
739.110000	0.541206	-1.132964	1.379542	0.000000	0.000000
739.120000	0.541205	-1.132959	1.379544	0.000000	0.000000
739.130000	0.541206	-1.132955	1.379546	0.000000	0.000000
739.140000	0.541206	-1.132951	1.379548	0.000000	0.000000
739.150000	0.541205	-1.132948	1.379550	0.000000	0.000000
739.160000	0.541205	-1.132944	1.379552	0.000000	0.000000
739.170000	0.541206	-1.132940	1.379554	0.000000	0.000000
739.180000	0.541207	-1.132938	1.379556	0.000000	0.000000
739.190000	0.541208	-1.132937	1.379558	0.000000	0.000000
739.200000	0.541210	-1.132937	1.379560	0.000000	0.000000
739.210000	0.541211	-1.132935	1.379562	0.000000	0.000000
739.220000	0.541212	-1.132932	1.379564	0.000000	0.000000
739.230000	0.541212	-1.132926	1.379566	0.000000	0.000000
739.240000	0.541211	-1.132919	1.379568	0.000000	0.000000
739.250000	0.541210	-1.132910	1.379570	0.000000	0.000000
739.260000	0.541209	-1.132900	1.379572	0.000000	0.000000
739.270000	0.541207	-1.132889	1.379575	0.000000	0.000000
739.280000	0.541205	-1.132878	1.379577	0.000000	0.000000
739.290000	0.541204	-1.132867	1.379579	0.000000	0.000000
739.300000	0.541203	-1.132857	1.379581	0.000000	0.000000
739.310000	0.541202	-1.132848	1.379583	0.000000	0.000000
739.320000	0.541201	-1.132841	1.379585	0.000000	0.000000
739.330000	0.541200	-1.132834	1.379588	0.000000	0.000000
739.340000	0.541200	-1.132828	1.379590	0.000000	0.000000
739.350000	0.541199	-1.132822	1.379592	0.000000	0.000000
739.360000	0.541198	-1.132817	1.379594	0.000000	0.000000
739.370000	0.541198	-1.132812	1.379596	0.000000	0.000000
739.380000	0.541199	-1.132808	1.379598	0.000000	0.000000
739.390000	0.541200	-1.132806	1.379600	0.000000	0.000000
739.400000	0.541201	-1.132805	1.379603	0.000000	0.000000
739.410000	0.541202	-1.132804	1.379605	0.000000	0.000000
739.420000	0.541204	-1.132802	1.379607	0.000000	0.000000
739.430000	0.541205	-1.132800	1.379609	0.000000	0.000000
739.440000	0.541205	-1.132795	1.379611	0.000000	0.000000
739.450000	0.541205	-1.132789	1.379613	0.000000	0.000000
739.460000	0.541204	-1.132781	1.379616	0.000000	0.000000
739.470000	0.541202	-1.132773	1.379618	0.000000	0.000000
739.480000	0.541200	-1.132765	1.379620	0.000000	0.000000
739.490000	0.541198	-1.132756	1.379622	0.000000	0.000000
739.500000	0.541196	-1.132748	1.379625	0.000000	0.000000
739.510000	0.541194	-1.132739	1.379627	0.000000	0.000000
739.520000	0.541192	-1.132729	1.379629	0.000000	0.000000
739.530000	0.541189	-1.132718	1.379631	0.000000	0.000000
739.540000	0.541187	-1.132707	1.379634	0.000000	0.000000
739.550000	0.541184	-1.132697	1.379636	0.000000	0.000000
739.560000	0.541183	-1.132690	1.379638	0.000000	0.000000
739.570000	0.541182	-1.132684	1.379641	0.000000	0.000000
739.580000	0.541181	-1.132680	1.379643	0.000000	0.000000
739.590000	0.541181	-1.132677	1.379645	0.000000	0.000000
739.600000	0.541181	-1.132676	1.379648	0.000000	0.000000
739.610000	0.541181	-1.132675	1.379650	0.000000	0.000000
739.620000	0.541182	-1.132675	1.379652	0.000000	0.000000
739.630000	0.541183	-1.132675	1.379654	0.000000	0.000000
739.640000	0.541183	-1.132675	1.379657	0.000000	0.000000
739.650000	0.541182	-1.132673	1.379659	0.000000	0.000000
739.660000	0.541182	-1.132669	1.379661	0.000000	0.000000
739.670000	0.541181	-1.132664	1.379663	0.000000	0.000000
739.680000	0.541180	-1.132659	1.379665	0.000000	0.000000
739.690000	0.541179	-1.132654	1.379667	0.000000	0.000000
739.700000	0.541179	-1.132649	1.379669	0.000000	0.000000
739.710000	0.541179	-1.132644	1.379671	0.000000	0.000000
739.720000	0.541178	-1.132639	1.379673	0.000000	0.000000
739.730000	0.541178	-1.132635	1.379675	0.000000	0.000000
739.740000	0.541179	-1.132632	1.379677	0.000000	0.000000
739.750000	0.541179	-1.132629	1.379679	0.000000	0.000000
739.760000	0.541180	-1.132625	1.379681	0.000000	0.000000
739.770000	0.541179	-1.132621	1.379683	0.000000	0.000000
739.780000	0.541178	-1.132616	1.379685	0.000000	0.000000
739.790000	0.541177	-1.132609	1.379687	0.000000	0.000000
739.800000	0.541174	-1.132601	1.379689	0.000000	0.000000
739.810000	0.541171	-1.132591	1.379691	0.000000	0.000000
739.820000	0.541168	-1.132581	1.379693	0.000000	0.000000
739.830000	0.541166	-1.132574	1.379695	0.000000	0.000000
739.840000	0.541166	-1.132571	1.379697	0.000000	0.000000
739.850000	0.541166	-1.132570	1.379699	0.000000	0.000000
739.860000	0.541167	-1.132572	1.379701	0.000000	0.000000
739.870000	0.541167	-1.132574	1.379703	0.000000	0.000000
739.880000	0.541169	-1.132577	1.379706	0.000000	0.000000
739.890000	0.541169	-1.132579	1.379708	0.000000	0.000000
739.900000	0.541170	-1.132580	1.379710	0.000000	0.000000
739.910000	0.541170	-1.132580	1.379712	0.000000	0.000000
739.920000	0.541170	-1.132578	1.379714	0.000000	0.000000
739.930000	0.541169	-1.132575	1.379716	0.000000	0.000000
739.940000	0.541167	-1.132571	1.379718	0.000000	0.000000
739.950000	0.541165	-1.132567	1.379720	0.000000	0.000000
739.960000	0.541164	-1.132564	1.379722	0.000000	0.000000
739.970000	0.541163	-1.132563	1.379723	0.000000	0.000000
739.980000	0.541164	-1.132565	1.379725	0.000000	0.000000
739.990000	0.541164	-1.132567	1.379727	0.000000	0.000000
740.000000	0.541165	-1.132570	1.379729	0.000000	0.000000
740.010000	0.541165	-1.132571	1.379731	0.000000	0.000000
740.020000	0.541164	-1.132570	1.379733	0.000000	0.000000
740.030000	0.541163	-1.132569	1.379735	0.000000	0.000000
740.040000	0.541162	-1.132566	1.379737	0.000000	0.000000
740.050000	0.541160	-1.132563	1.379738	0.000000	0.000000
740.060000	0.541158	-1.132559	1.379740	0.000000	0.000000
740.070000	0.541156	-1.132555	1.379742	0.000000	0.000000
740.080000	0.541154	-1.132551	1.379744	0.000000	0.000000
740.090000	0.541152	-1.132547	1.379746	0.000000	0.000000
740.100000	0.541151	-1.132544	1.379748	0.000000	0.000000
740.110000	0.541149	-1.132541	1.379750	0.000000	0.000000
740.120000	0.541148	-1.132540	1.379752	0.000000	0.000000
740.130000	0.541146	-1.132539	1.379754	0.000000	0.000000
740.140000	0.541145	-1.132539	1.379756	0.000000	0.000000
740.150000	0.541143	-1.132541	1.379757	0.000000	0.000000
740.160000	0.541143	-1.132543	1.379759	0.000000	0.000000
740.170000	0.541142	-1.132546	1.379761	0.000000	0.000000
740.180000	0.541142	-1.132551	1.379763	0.000000	0.000000
740.190000	0.541141	-1.132555	1.379765	0.000000	0.000000
740.200000	0.541141	-1.132558	1.379767	0.000000	0.000000
740.210000	0.541140	-1.132560	1.379769	0.000000	0.000000
740.220000	0.541138	-1.132560	1.379770	0.000000	0.000000
740.230000	0.541136	-1.132560	1.379772	0.000000	0.000000
740.240000	0.541134	-1.132560	1.379774	0.000000	0.000000
740.250000	0.541133	-1.132561	1.379776	0.000000	0.000000
740.260000	0.541132	-1.132564	1.379778	0.000000	0.000000
740.270000	0.541132	-1.132566	1.379779	0.000000	0.000000
740.280000	0.541131	-1.132568	1.379781	0.000000	0.000000
740.290000	0.541130	-1.132570	1.379783	0.000000	0.000000
740.300000	0.541129	-1.132571	1.379785	0.000000	0.000000
740.310000	0.541128	-1.132573	1.379787	0.000000	0.000000
740.320000	0.541127	-1.132576	1.379789	0.000000	0.000000
740.330000	0.541126	-1.132578	1.379791	0.000000	0.000000
740.340000	0.541125	-1.132581	1.379793	0.000000	0.000000
740.350000	0.541123	-1.132584	1.379794	0.000000	0.000000
740.360000	0.541122	-1.132586	1.379796	0.000000	0.000000
740.370000	0.541120	-1.132589	1.379798	0.000000	0.000000
740.380000	0.541120	-1.132591	1.379800	0.000000	0.000000
740.390000	0.541119	-1.132594	1.379802	0.000000	0.000000
740.400000	0.541117	-1.132597	1.379804	0.000000	0.000000
740.410000	0.541116	-1.132599	1.379806	0.000000	0.000000
740.420000	0.541115	-1.132601	1.379808	0.000000	0.000000
740.430000	0.541114	-1.132602	1.379810	0.000000	0.000000
740.440000	0.541113	-1.132603	1.379811	0.000000	0.000000
740.450000	0.541112	-1.132602	1.379813	0.000000	0.000000
740.460000	0.541111	-1.132601	1.379815	0.000000	0.000000
740.470000	0.541110	-1.132598	1.379817	0.000000	0.000000
740.480000	0.541108	-1.132596	1.379818	0.000000	0.000000
740.490000	0.541107	-1.132594	1.379820	0.000000	0.000000
740.500000	0.541105	-1.132593	1.379822	0.000000	0.000000
740.510000	0.541103	-1.132594	1.379823	0.000000	0.000000
740.520000	0.541102	-1.132595	1.379825	0.000000	0.000000
740.530000	0.541101	-1.132597	1.379827	0.000000	0.000000
740.540000	0.541100	-1.132600	1.379828	0.000000	0.000000
740.550000	0.541098	-1.132603	1.379830	0.000000	0.000000
740.560000	0.541098	-1.132606	1.379831	0.000000	0.000000
740.570000	0.541097	-1.132610	1.379832	0.000000	0.000000
740.580000	0.541096	-1.132613	1.379834	0.000000	0.000000
740.590000	0.541096	-1.132617	1.379835	0.000000	0.000000
740.600000	0.541095	-1.132620	1.379836	0.000000	0.000000
740.610000	0.541094	-1.132623	1.379837	0.000000	0.000000
740.620000	0.541093	-1.132626	1.379839	0.000000	0.000000
740.630000	0.541093	-1.132628	1.379840	0.000000	0.000000
740.640000	0.541092	-1.132631	1.379841	0.000000	0.000000
740.650000	0.541091	-1.132635	1.379842	0.000000	0.000000
740.660000	0.541091	-1.132639	1.379842	0.000000	0.000000
740.670000	0.541091	-1.132644	1.379843	0.000000	0.000000
740.680000	0.541092	-1.132649	1.379844	0.000000	0.000000
740.690000	0.541091	-1.132653	1.379845	0.000000	0.000000
740.700000	0.541091	-1.132655	1.379846	0.000000	0.000000
740.710000	0.541090	-1.132657	1.379846	0.000000	0.000000
740.720000	0.541089	-1.132659	1.379847	0.000000	0.000000
740.730000	0.541088	-1.132661	1.379848	0.000000	0.000000
740.740000	0.541087	-1.132664	1.379848	0.000000	0.000000
740.750000	0.541085	-1.132666	1.379849	0.000000	0.000000
740.760000	0.541082	-1.132667	1.379849	0.000000	0.000000
740.770000	0.541080	-1.132668	1.379849	0.000000	0.000000
740.780000	0.541077	-1.132670	1.379850	0.000000	0.000000
740.790000	0.541075	-1.132673	1.379850	0.000000	0.000000
740.800000	0.541074	-1.132678	1.379850	0.000000	0.000000
740.810000	0.541073	-1.132684	1.379851	0.000000	0.000000
740.820000	0.541072	-1.132690	1.379851	0.000000	0.000000
740.830000	0.541070	-1.132695	1.379851	0.000000	0.000000
740.840000	0.541069	-1.132700	1.379851	0.000000	0.000000
740.850000	0.541067	-1.132703	1.379852	0.000000	0.000000
740.860000	0.541065	-1.132706	1.379852	0.000000	0.000000
740.870000	0.541064	-1.132710	1.379852	0.000000	0.000000
740.880000	0.541062	-1.132715	1.379852	0.000000	0.000000
740.890000	0.541061	-1.132720	1.379852	0.000000	0.000000
740.900000	0.541060	-1.132727	1.379852	0.000000	0.000000
740.910000	0.541059	-1.132733	1.379852	0.000000	0.000000
740.920000	0.541058	-1.132740	1.379852	0.000000	0.000000
740.930000	0.541057	-1.132747	1.379852	0.000000	0.000000
740.940000	0.541056	-1.132753	1.379852	0.000000	0.000000
740.950000	0.541055	-1.132759	1.379852	0.000000	0.000000
740.960000	0.541053	-1.132763	1.379852	0.000000	0.000000
740.970000	0.541052	-1.132765	1.379852	0.000000	0.000000
740.980000	0.541049	-1.132765	1.379852	0.000000	0.000000
740.990000	0.541046	-1.132764	1.379852	0.000000	0.000000
741.000000	0.541044	-1.132762	1.379852	0.000000	0.000000
741.010000	0.541041	-1.132762	1.379852	0.000000	0.000000
741.020000	0.541040	-1.132764	1.379852	0.000000	0.000000
741.030000	0.541039	-1.132768	1.379852	0.000000	0.000000
741.040000	0.541039	-1.132773	1.379853	0.000000	0.000000
741.050000	0.541039	-1.132778	1.379853	0.000000	0.000000
741.060000	0.541038	-1.132782	1.379853	0.000000	0.000000
741.070000	0.541037	-1.132787	1.379853	0.000000	0.000000
741.080000	0.541036	-1.132791	1.379853	0.000000	0.000000
741.090000	0.541035	-1.132794	1.379854	0.000000	0.000000
741.100000	0.541034	-1.132796	1.379854	0.000000	0.000000
741.110000	0.541033	-1.132798	1.379854	0.000000	0.000000
741.120000	0.541030	-1.132798	1.379855	0.000000	0.000000
741.130000	0.541028	-1.132798	1.379855	0.000000	0.000000
741.140000	0.541025	-1.132797	1.379855	0.000000	0.000000
741.150000	0.541023	-1.132796	1.379856	0.000000	0.000000
741.160000	0.541020	-1.132795	1.379856	0.000000	0.000000
741.170000	0.541018	-1.132794	1.379857	0.000000	0.000000
741.180000	0.541016	-1.132794	1.379857	0.000000	0.000000
741.190000	0.541014	-1.132795	1.379857	0.000000	0.000000
741.200000	0.541013	-1.132797	1.379858	0.000000	0.000000
741.210000	0.541012	-1.132800	1.379858	0.000000	0.000000
741.220000	0.541012	-1.132803	1.379858	0.000000	0.000000
741.230000	0.541011	-1.132806	1.379859	0.000000	0.000000
741.240000	0.541010	-1.132809	1.379859	0.000000	0.000000
741.250000	0.541009	-1.132811	1.379859	0.000000	0.000000
741.260000	0.541008	-1.132813	1.379860	0.000000	0.000000
741.270000	0.541007	-1.132815	1.379860	0.000000	0.000000
741.280000	0.541006	-1.132816	1.379860	0.000000	0.000000
741.290000	0.541004	-1.132816	1.379861	0.000000	0.000000
741.300000	0.541003	-1.132817	1.379861	0.000000	0.000000
741.310000	0.541001	-1.132816	1.379861	0.000000	0.000000
741.320000	0.540999	-1.132815	1.379861	0.000000	0.000000
741.330000	0.540996	-1.132813	1.379861	0.000000	0.000000
741.340000	0.540994	-1.132811	1.379861	0.000000	0.000000
741.350000	0.540991	-1.132810	1.379861	0.000000	0.000000
741.360000	0.540989	-1.132810	1.379861	0.000000	0.000000
741.370000	0.540987	-1.132811	1.379861	0.000000	0.000000
741.380000	0.540985	-1.132813	1.379861	0.000000	0.000000
741.390000	0.540983	-1.132816	1.379861	0.000000	0.000000
741.400000	0.540982	-1.132818	1.379861	0.000000	0.000000
741.410000	0.540980	-1.132821	1.379861	0.000000	0.000000
741.420000	0.540979	-1.132823	1.379861	0.000000	0.000000
741.430000	0.540977	-1.132825	1.379860	0.000000	0.000000
741.440000	0.540976	-1.132827	1.379860	0.000000	0.000000
741.450000	0.540974	-1.132829	1.379860	0.000000	0.000000
741.460000	0.540972	-1.132830	1.379859	0.000000	0.000000
741.470000	0.540970	-1.132831	1.379859	0.000000	0.000000
741.480000	0.540968	-1.132832	1.379859	0.000000	0.000000
741.490000	0.540967	-1.132834	1.379858	0.000000	0.000000
741.500000	0.540966	-1.132838	1.379858	0.000000	0.000000
741.510000	0.540965	-1.132841	1.379857	0.000000	0.000000
741.520000	0.540964	-1.132845	1.379857	0.000000	0.000000
741.530000	0.540962	-1.132847	1.379856	0.000000	0.000000
741.540000	0.540961	-1.132848	1.379855	0.000000	0.000000
741.550000	0.540959	-1.132849	1.379855	0.000000	0.000000
741.560000	0.540958	-1.132850	1.379854	0.000000	0.000000
741.570000	0.540956	-1.132850	1.379854	0.000000	0.000000
741.580000	0.540955	-1.132851	1.379853	0.000000	0.000000
741.590000	0.540955	-1.132853	1.379853	0.000000	0.000000
741.600000	0.540954	-1.132854	1.379852	0.000000	0.000000
741.610000	0.540953	-1.132855	1.379851	0.000000	0.000000
741.620000	0.540952	-1.132856	1.379851	0.000000	0.000000
741.630000	0.540951	-1.132856	1.379850	0.000000	0.000000
741.640000	0.540949	-1.132856	1.379849	0.000000	0.000000
741.650000	0.540948	-1.132855	1.379848	0.000000	0.000000
741.660000	0.540947	-1.132855	1.379848	0.000000	0.000000
741.670000	0.540945	-1.132855	1.379847	0.000000	0.000000
741.680000	0.540944	-1.132856	1.379846	0.000000	0.000000
741.690000	0.540943	-1.132858	1.379845	0.000000	0.000000
741.700000	0.540942	-1.132859	1.379844	0.000000	0.000000
741.710000	0.540941	-1.132861	1.379843	0.000000	0.000000
741.720000	0.540941	-1.132864	1.379842	0.000000	0.000000
741.730000	0.540940	-1.132866	1.379841	0.000000	0.000000
741.740000	0.540939	-1.132869	1.379839	0.000000	0.000000
741.750000	0.540938	-1.132871	1.379838	0.000000	0.000000
741.760000	0.540936	-1.132873	1.379837	0.000000	0.000000
741.770000	0.540935	-1.132875	1.379835	0.000000	0.000000
741.780000	0.540934	-1.132878	1.379834	0.000000	0.000000
741.790000	0.540933	-1.132880	1.379832	0.000000	0.000000
741.800000	0.540932	-1.132884	1.379831	0.000000	0.000000
741.810000	0.540932	-1.132888	1.379829	0.000000	0.000000
741.820000	0.540932	-1.132893	1.379827	0.000000	0.000000
741.830000	0.540933	-1.132900	1.379826	0.000000	0.000000
741.840000	0.540933	-1.132906	1.379824	0.000000	0.000000
741.850000	0.540934	-1.132912	1.379822	0.000000	0.000000
741.860000	0.540934	-1.132918	1.379820	0.000000	0.000000
741.870000	0.540934	-1.132924	1.379819	0.000000	0.000000
741.880000	0.540934	-1.132929	1.379817	0.000000	0.000000
741.890000	0.540933	-1.132934	1.379815	0.000000	0.000000
741.900000	0.540933	-1.132938	1.379813	0.000000	0.000000
741.910000	0.540933	-1.132942	1.379812	0.000000	0.000000
741.920000	0.540932	-1.132948	1.379810	0.000000	0.000000
741.930000	0.540932	-1.132954	1.379809	0.000000	0.000000
741.940000	0.540931	-1.132960	1.379807	0.000000	0.000000
741.950000	0.540931	-1.132965	1.379805	0.000000	0.000000
741.960000	0.540930	-1.132969	1.379804	0.000000	0.000000
741.970000	0.540928	-1.132971	1.379803	0.000000	0.000000
741.980000	0.540926	-1.132972	1.379801	0.000000	0.000000
741.990000	0.540923	-1.132971	1.379800	0.000000	0.000000
742.000000	0.540921	-1.132969	1.379799	0.000000	0.000000
742.010000	0.540918	-1.132968	1.379797	0.000000	0.000000
742.020000	0.540916	-1.132968	1.379796	0.000000	0.000000
742.030000	0.540914	-1.132969	1.379795	0.000000	0.000000
742.040000	0.540912	-1.132972	1.379793	0.000000	0.000000
742.050000	0.540911	-1.132977	1.379792	0.000000	0.000000
742.060000	0.540910	-1.132983	1.379791	0.000000	0.000000
742.070000	0.540909	-1.132990	1.379789	0.000000	0.000000
742.080000	0.540909	-1.132998	1.379788	0.000000	0.000000
742.090000	0.540909	-1.133005	1.379787	0.000000	0.000000
742.100000	0.540909	-1.133012	1.379785	0.000000	0.000000
742.110000	0.540908	-1.133017	1.379784	0.000000	0.000000
742.120000	0.540908	-1.133022	1.379782	0.000000	0.000000
742.130000	0.540907	-1.133025	1.379781	0.000000	0.000000
742.140000	0.540906	-1.133027	1.379780	0.000000	0.000000
742.150000	0.540904	-1.133030	1.379778	0.000000	0.000000
742.160000	0.540903	-1.133034	1.379777	0.000000	0.000000
742.170000	0.540901	-1.133039	1.379776	0.000000	0.000000
742.180000	0.540900	-1.133045	1.379775	0.000000	0.000000
742.190000	0.540899	-1.133051	1.379774	0.000000	0.000000
742.200000	0.540898	-1.133058	1.379773	0.000000	0.000000
742.210000	0.540897	-1.133065	1.379772	0.000000	0.000000
742.220000	0.540896	-1.133071	1.379771	0.000000	0.000000
742.230000	0.540895	-1.133076	1.379770	0.000000	0.000000
742.240000	0.540893	-1.133080	1.379769	0.000000	0.000000
742.250000	0.540891	-1.133082	1.379769	0.000000	0.000000
742.260000	0.540888	-1.133084	1.379768	0.000000	0.000000
742.270000	0.540886	-1.133086	1.379767	0.000000	0.000000
742.280000	0.540883	-1.133087	1.379767	0.000000	0.000000
742.290000	0.540881	-1.133090	1.379766	0.000000	0.000000
742.300000	0.540879	-1.133094	1.379766	0.000000	0.000000
742.310000	0.540878	-1.133099	1.379765	0.000000	0.000000
742.320000	0.540877	-1.133105	1.379765	0.000000	0.000000
742.330000	0.540876	-1.133111	1.379764	0.000000	0.000000
742.340000	0.540875	-1.133116	1.379763	0.000000	0.000000
742.350000	0.540873	-1.133120	1.379763	0.000000	0.000000
742.360000	0.540870	-1.133123	1.379762	0.000000	0.000000
742.370000	0.540868	-1.133125	1.379762	0.000000	0.000000
742.380000	0.540865	-1.133127	1.379761	0.000000	0.000000
742.390000	0.540863	-1.133131	1.379761	0.000000	0.000000
742.400000	0.540861	-1.133135	1.379761	0.000000	0.000000
742.410000	0.540859	-1.133139	1.379760	0.000000	0.000000
742.420000	0.540857	-1.133142	1.379760	0.000000	0.000000
742.430000	0.540855	-1.133146	1.379759	0.000000	0.000000
742.440000	0.540853	-1.133151	1.379759	0.000000	0.000000
742.450000	0.540852	-1.133156	1.379759	0.000000	0.000000
742.460000	0.540850	-1.133162	1.379758	0.000000	0.000000
742.470000	0.540849	-1.133167	1.379758	0.000000	0.000000
742.480000	0.540847	-1.133172	1.379758	0.000000	0.000000
742.490000	0.540845	-1.133177	1.379758	0.000000	0.000000
742.500000	0.540843	-1.133181	1.379758	0.000000	0.000000
742.510000	0.540840	-1.133184	1.379758	0.000000	0.000000
742.520000	0.540837	-1.133187	1.379758	0.000000	0.000000
742.530000	0.540833	-1.133189	1.379758	0.000000	0.000000
742.540000	0.540830	-1.133191	1.379758	0.000000	0.000000
742.550000	0.540826	-1.133192	1.379758	0.000000	0.000000
742.560000	0.540822	-1.133193	1.379758	0.000000	0.000000
742.570000	0.540819	-1.133195	1.379758	0.000000	0.000000
742.580000	0.540816	-1.133198	1.379758	0.000000	0.000000
742.590000	0.540812	-1.133201	1.379758	0.000000	0.000000
742.600000	0.540809	-1.133205	1.379758	0.000000	0.000000
742.610000	0.540806	-1.133208	1.379758	0.000000	0.000000
742.620000	0.540803	-1.133212	1.379758	0.000000	0.000000
742.630000	0.540800	-1.133216	1.379758	0.000000	0.000000
742.640000	0.540797	-1.133220	1.379758	0.000000	0.000000
742.650000	0.540794	-1.133225	1.379758	0.000000	0.000000
742.660000	0.540792	-1.133230	1.379759	0.000000	0.000000
742.670000	0.540789	-1.133236	1.379759	0.000000	0.000000
742.680000	0.540788	-1.133241	1.379759	0.000000	0.000000
742.690000	0.540785	-1.133245	1.379758	0.000000	0.000000
742.700000	0.540783	-1.133248	1.379758	0.000000	0.000000
742.710000	0.540781	-1.133251	1.379758	0.000000	0.000000
742.720000	0.540778	-1.133252	1.379758	0.000000	0.000000
742.730000	0.540776	-1.133254	1.379758	0.000000	0.000000
742.740000	0.540774	-1.133257	1.379758	0.000000	0.000000
742.750000	0.540773	-1.133258	1.379758	0.000000	0.000000
742.760000	0.540770	-1.133258	1.379758	0.000000	0.000000
742.770000	0.540767	-1.133255	1.379758	0.000000	0.000000
742.780000	0.540764	-1.133253	1.379758	0.000000	0.000000
742.790000	0.540761	-1.133252	1.379758	0.000000	0.000000
742.800000	0.540760	-1.133254	1.379758	0.000000	0.000000
742.810000	0.540759	-1.133258	1.379758	0.000000	0.000000
742.820000	0.540759	-1.133263	1.379758	0.000000	0.000000
742.830000	0.540758	-1.133268	1.379758	0.000000	0.000000
742.840000	0.540758	-1.133272	1.379758	0.000000	0.000000
742.850000	0.540757	-1.133275	1.379758	0.000000	0.000000
742.860000	0.540756	-1.133278	1.379758	0.000000	0.000000
742.870000	0.540754	-1.133279	1.379759	0.000000	0.000000
742.880000	0.540753	-1.133279	1.379759	0.000000	0.000000
742.890000	0.540751	-1.133279	1.379759	0.000000	0.000000
742.900000	0.540750	-1.133279	1.379758	0.000000	0.000000
742.910000	0.540749	-1.133278	1.379758	0.000000	0.000000
742.920000	0.540748	-1.133276	1.379758	0.000000	0.000000
742.930000	0.540746	-1.133275	1.379758	0.000000	0.000000
742.940000	0.540745	-1.133273	1.379758	0.000000	0.000000
742.950000	0.540743	-1.133273	1.379758	0.000000	0.000000
742.960000	0.540742	-1.133273	1.379757	0.000000	0.000000
742.970000	0.540742	-1.133273	1.379757	0.000000	0.000000
742.980000	0.540741	-1.133274	1.379757	0.000000	0.000000
742.990000	0.540742	-1.133276	1.379756	0.000000	0.000000
743.000000	0.540743	-1.133280	1.379756	0.000000	0.000000
743.010000	0.540746	-1.133285	1.379755	0.000000	0.000000
743.020000	0.540748	-1.133290	1.379755	0.000000	0.000000
743.030000	0.540750	-1.133293	1.379754	0.000000	0.000000
743.040000	0.540751	-1.133295	1.379753	0.000000	0.000000
743.050000	0.540752	-1.133295	1.379753	0.000000	0.000000
743.060000	0.540752	-1.133293	1.379752	0.000000	0.000000
743.070000	0.540753	-1.133291	1.379751	0.000000	0.000000
743.080000	0.540753	-1.133289	1.379750	0.000000	0.000000
743.090000	0.540753	-1.133287	1.379750	0.000000	0.000000
743.100000	0.540753	-1.133285	1.379749	0.000000	0.000000
743.110000	0.540754	-1.133284	1.379748	0.000000	0.000000
743.120000	0.540755	-1.133286	1.379747	0.000000	0.000000
743.130000	0.540756	-1.133288	1.379746	0.000000	0.000000
743.140000	0.540757	-1.133291	1.379745	0.000000	0.000000
743.150000	0.540758	-1.133293	1.379744	0.000000	0.000000
743.160000	0.540759	-1.133293	1.379743	0.000000	0.000000
743.170000	0.540760	-1.133292	1.379742	0.000000	0.000000
743.180000	0.540760	-1.133291	1.379741	0.000000	0.000000
743.190000	0.540760	-1.133290	1.379741	0.000000	0.000000
743.200000	0.540761	-1.133290	1.379740	0.000000	0.000000
743.210000	0.540762	-1.133290	1.379739	0.000000	0.000000
743.220000	0.540764	-1.133291	1.379738	0.000000	0.000000
743.230000	0.540764	-1.133291	1.379737	0.000000	0.000000
743.240000	0.540766	-1.133293	1.379736	0.000000	0.000000
743.250000	0.540767	-1.133295	1.379735	0.000000	0.000000
743.260000	0.540768	-1.133297	1.379734	0.000000	0.000000
743.270000	0.540770	-1.133301	1.379732	0.000000	0.000000
743.280000	0.540771	-1.133305	1.379731	0.000000	0.000000
743.290000	0.540773	-1.133310	1.379730	0.000000	0.000000
743.300000	0.540775	-1.133316	1.379729	0.000000	0.000000
743.310000	0.540776	-1.133321	1.379728	0.000000	0.000000
743.320000	0.540778	-1.133325	1.379726	0.000000	0.000000
743.330000	0.540779	-1.133328	1.379725	0.000000	0.000000
743.340000	0.540780	-1.133329	1.379724	0.000000	0.000000
743.350000	0.540781	-1.133330	1.379722	0.000000	0.000000
743.360000	0.540781	-1.133331	1.379721	0.000000	0.000000
743.370000	0.540781	-1.133332	1.379719	0.000000	0.000000
743.380000	0.540781	-1.133334	1.379718	0.000000	0.000000
743.390000	0.540781	-1.133335	1.379717	0.000000	0.000000
743.400000	0.540782	-1.133336	1.379715	0.000000	0.000000
743.410000	0.540782	-1.133337	1.379714	0.000000	0.000000
743.420000	0.540782	-1.133339	1.379713	0.000000	0.000000
743.430000	0.540781	-1.133339	1.379711	0.000000	0.000000
743.440000	0.540781	-1.133340	1.379710	0.000000	0.000000
743.450000	0.540781	-1.133340	1.379709	0.000000	0.000000
743.460000	0.540781	-1.133339	1.379708	0.000000	0.000000
743.470000	0.540781	-1.133338	1.379706	0.000000	0.000000
743.480000	0.540780	-1.133337	1.379705	0.000000	0.000000
743.490000	0.540780	-1.133337	1.379703	0.000000	0.000000
743.500000	0.540779	-1.133338	1.379702	0.000000	0.000000
743.510000	0.540780	-1.133341	1.379700	0.000000	0.000000
743.520000	0.540780	-1.133344	1.379699	0.000000	0.000000
743.530000	0.540780	-1.133348	1.379697	0.000000	0.000000
743.540000	0.540781	-1.133352	1.379695	0.000000	0.000000
743.550000	0.540782	-1.133357	1.379694	0.000000	0.000000
743.560000	0.540783	-1.133364	1.379692	0.000000	0.000000
743.570000	0.540784	-1.133371	1.379690	0.000000	0.000000
743.580000	0.540785	-1.133378	1.379689	0.000000	0.000000
743.590000	0.540786	-1.133385	1.379687	0.000000	0.000000
743.600000	0.540787	-1.133392	1.379685	0.000000	0.000000
743.610000	0.540789	-1.133400	1.379683	0.000000	0.000000
743.620000	0.540790	-1.133408	1.379682	0.000000	0.000000
743.630000	0.540792	-1.133416	1.379680	0.000000	0.000000
743.640000	0.540794	-1.133424	1.379679	0.000000	0.000000
743.650000	0.540796	-1.133432	1.379677	0.000000	0.000000
743.660000	0.540797	-1.133440	1.379675	0.000000	0.000000
743.670000	0.540799	-1.133447	1.379674	0.000000	0.000000
743.680000	0.540801	-1.133455	1.379673	0.000000	0.000000
743.690000	0.540802	-1.133463	1.379671	0.000000	0.000000
743.700000	0.540803	-1.133469	1.379670	0.000000	0.000000
743.710000	0.540805	-1.133474	1.379669	0.000000	0.000000
743.720000	0.540805	-1.133478	1.379668	0.000000	0.000000
743.730000	0.540805	-1.133479	1.379667	0.000000	0.000000
743.740000	0.540805	-1.133479	1.379666	0.000000	0.000000
743.750000	0.540805	-1.133478	1.379666	0.000000	0.000000
743.760000	0.540804	-1.133476	1.379665	0.000000	0.000000
743.770000	0.540804	-1.133472	1.379664	0.000000	0.000000
743.780000	0.540804	-1.133469	1.379663	0.000000	0.000000
743.790000	0.540804	-1.133465	1.379663	0.000000	0.000000
743.800000	0.540804	-1.133463	1.379662	0.000000	0.000000
743.810000	0.540804	-1.133461	1.379661	0.000000	0.000000
743.820000	0.540804	-1.133460	1.379661	0.000000	0.000000
743.830000	0.540805	-1.133461	1.379660	0.000000	0.000000
743.840000	0.540806	-1.133464	1.379659	0.000000	0.000000
743.850000	0.540808	-1.133468	1.379658	0.000000	0.000000
743.860000	0.540810	-1.133473	1.379657	0.000000	0.000000
743.870000	0.540812	-1.133478	1.379657	0.000000	0.000000
743.880000	0.540813	-1.133483	1.379656	0.000000	0.000000
743.890000	0.540815	-1.133487	1.379655	0.000000	0.000000
743.900000	0.540816	-1.133490	1.379654	0.000000	0.000000
743.910000	0.540817	-1.133492	1.379652	0.000000	0.000000
743.920000	0.540817	-1.133492	1.379651	0.000000	0.000000
743.930000	0.540818	-1.133491	1.379650	0.000000	0.000000
743.940000	0.540818	-1.133490	1.379649	0.000000	0.000000
743.950000	0.540818	-1.133490	1.379647	0.000000	0.000000
743.960000	0.540819	-1.133489	1.379646	0.000000	0.000000
743.970000	0.540820	-1.133489	1.379645	0.000000	0.000000
743.980000	0.540820	-1.133488	1.379643	0.000000	0.000000
743.990000	0.540820	-1.133487	1.379642	0.000000	0.000000
744.000000	0.540821	-1.133487	1.379641	0.000000	0.000000
744.010000	0.540822	-1.133490	1.379640	0.000000	0.000000
744.020000	0.540824	-1.133493	1.379638	0.000000	0.000000
744.030000	0.540825	-1.133496	1.379637	0.000000	0.000000
744.040000	0.540827	-1.133499	1.379636	0.000000	0.000000
744.050000	0.540828	-1.133500	1.379635	0.000000	0.000000
744.060000	0.540829	-1.133500	1.379634	0.000000	0.000000
744.070000	0.540829	-1.133499	1.379633	0.000000	0.000000
744.080000	0.540830	-1.133497	1.379632	0.000000	0.000000
744.090000	0.540830	-1.133494	1.379631	0.000000	0.000000
744.100000	0.540830	-1.133489	1.379630	0.000000	0.000000
744.110000	0.540829	-1.133486	1.379630	0.000000	0.000000
744.120000	0.540829	-1.133485	1.379629	0.000000	0.000000
744.130000	0.540829	-1.133486	1.379628	0.000000	0.000000
744.140000	0.540830	-1.133487	1.379628	0.000000	0.000000
744.150000	0.540830	-1.133489	1.379627	0.000000	0.000000
744.160000	0.540830	-1.133491	1.379627	0.000000	0.000000
744.170000	0.540830	-1.133492	1.379626	0.000000	0.000000
744.180000	0.540830	-1.133493	1.379626	0.000000	0.000000
744.190000	0.540830	-1.133494	1.379625	0.000000	0.000000
744.200000	0.540830	-1.133494	1.379625	0.000000	0.000000
744.210000	0.540830	-1.133495	1.379625	0.000000	0.000000
744.220000	0.540829	-1.133495	1.379625	0.000000	0.000000
744.230000	0.540829	-1.133495	1.379625	0.000000	0.000000
744.240000	0.540828	-1.133494	1.379624	0.000000	0.000000
744.250000	0.540828	-1.133494	1.379624	0.000000	0.000000
744.260000	0.540828	-1.133493	1.379624	0.000000	0.000000
744.270000	0.540827	-1.133493	1.379624	0.000000	0.000000
744.280000	0.540827	-1.133493	1.379624	0.000000	0.000000
744.290000	0.540827	-1.133493	1.379624	0.000000	0.000000
744.300000	0.540827	-1.133493	1.379625	0.000000	0.000000
744.310000	0.540827	-1.133493	1.379625	0.000000	0.000000
744.320000	0.540827	-1.133494	1.379625	0.000000	0.000000
744.330000	0.540827	-1.133495	1.379625	0.000000	0.000000
744.340000	0.540826	-1.133495	1.379626	0.000000	0.000000
744.350000	0.540825	-1.133493	1.379626	0.000000	0.000000
744.360000	0.540824	-1.133490	1.379626	0.000000	0.000000
744.370000	0.540823	-1.133487	1.379627	0.000000	0.000000
744.380000	0.540822	-1.133485	1.379627	0.000000	0.000000
744.390000	0.540822	-1.133484	1.379628	0.000000	0.000000
744.400000	0.540821	-1.133483	1.379628	0.000000	0.000000
744.410000	0.540821	-1.133482	1.379629	0.000000	0.000000
744.420000	0.540821	-1.133482	1.379629	0.000000	0.000000
744.430000	0.540820	-1.133481	1.379630	0.000000	0.000000
744.440000	0.540820	-1.133480	1.379630	0.000000	0.000000
744.450000	0.540819	-1.133479	1.379631	0.000000	0.000000
744.460000	0.540817	-1.133477	1.379631	0.000000	0.000000
744.470000	0.540816	-1.133475	1.379632	0.000000	0.000000
744.480000	0.540814	-1.133473	1.379632	0.000000	0.000000
744.490000	0.540813	-1.133471	1.379632	0.000000	0.000000
744.500000	0.540811	-1.133469	1.379633	0.000000	0.000000
744.510000	0.540810	-1.133466	1.379633	0.000000	0.000000
744.520000	0.540809	-1.133464	1.379633	0.000000	0.000000
744.530000	0.540808	-1.133461	1.379633	0.000000	0.000000
744.540000	0.540807	-1.133459	1.379633	0.000000	0.000000
744.550000	0.540806	-1.133457	1.379633	0.000000	0.000000
744.560000	0.540804	-1.133455	1.379633	0.000000	0.000000
744.570000	0.540804	-1.133455	1.379633	0.000000	0.000000
744.580000	0.540803	-1.133455	1.379634	0.000000	0.000000
744.590000	0.540803	-1.133456	1.379634	0.000000	0.000000
744.600000	0.540803	-1.133458	1.379634	0.000000	0.000000
744.610000	0.540803	-1.133459	1.379634	0.000000	0.000000
744.620000	0.540804	-1.133461	1.379634	0.000000	0.000000
744.630000	0.540804	-1.133461	1.379634	0.000000	0.000000
744.640000	0.540805	-1.133460	1.379634	0.000000	0.000000
744.650000	0.540805	-1.133459	1.379634	0.000000	0.000000
744.660000	0.540805	-1.133458	1.379634	0.000000	0.000000
744.670000	0.540806	-1.133457	1.379634	0.000000	0.000000
744.680000	0.540807	-1.133456	1.379635	0.000000	0.000000
744.690000	0.540808	-1.133455	1.379635	0.000000	0.000000
744.700000	0.540809	-1.133453	1.379635	0.000000	0.000000
744.710000	0.540809	-1.133449	1.379636	0.000000	0.000000
744.720000	0.540808	-1.133445	1.379636	0.000000	0.000000
744.730000	0.540807	-1.133441	1.379636	0.000000	0.000000
744.740000	0.540805	-1.133438	1.379637	0.000000	0.000000
744.750000	0.540804	-1.133435	1.379637	0.000000	0.000000
744.760000	0.540803	-1.133432	1.379638	0.000000	0.000000
744.770000	0.540802	-1.133429	1.379638	0.000000	0.000000
744.780000	0.540801	-1.133426	1.379638	0.000000	0.000000
744.790000	0.540800	-1.133423	1.379639	0.000000	0.000000
744.800000	0.540799	-1.133419	1.379639	0.000000	0.000000
744.810000	0.540798	-1.133415	1.379639	0.000000	0.000000
744.820000	0.540797	-1.133410	1.379639	0.000000	0.000000
744.830000	0.540797	-1.133406	1.379639	0.000000	0.000000
744.840000	0.540797	-1.133403	1.379640	0.000000	0.000000
744.850000	0.540796	-1.133401	1.379640	0.000000	0.000000
744.860000	0.540796	-1.133399	1.379640	0.000000	0.000000
744.870000	0.540797	-1.133399	1.379640	0.000000	0.000000
744.880000	0.540797	-1.133398	1.379640	0.000000	0.000000
744.890000	0.540797	-1.133398	1.379640	0.000000	0.000000
744.900000	0.540797	-1.133397	1.379640	0.000000	0.000000
744.910000	0.540797	-1.133395	1.379640	0.000000	0.000000
744.920000	0.540797	-1.133393	1.379640	0.000000	0.000000
744.930000	0.540797	-1.133390	1.379639	0.000000	0.000000
744.940000	0.540797	-1.133387	1.379639	0.000000	0.000000
744.950000	0.540798	-1.133385	1.379639	0.000000	0.000000
744.960000	0.540798	-1.133384	1.379639	0.000000	0.000000
744.970000	0.540799	-1.133382	1.379639	0.000000	0.000000
744.980000	0.540800	-1.133382	1.379638	0.000000	0.000000
744.990000	0.540801	-1.133381	1.379638	0.000000	0.000000
745.000000	0.540802	-1.133381	1.379638	0.000000	0.000000
745.010000	0.540803	-1.133381	1.379637	0.000000	0.000000
745.020000	0.540804	-1.133380	1.379637	0.000000	0.000000
745.030000	0.540805	-1.133378	1.379636	0.000000	0.000000
745.040000	0.540805	-1.133375	1.379636	0.000000	0.000000
745.050000	0.540805	-1.133371	1.379635	0.000000	0.000000
745.060000	0.540805	-1.133366	1.379635	0.000000	0.000000
745.070000	0.540804	-1.133361	1.379634	0.000000	0.000000
745.080000	0.540803	-1.133357	1.379633	0.000000	0.000000
745.090000	0.540803	-1.133355	1.379633	0.000000	0.000000
745.100000	0.540803	-1.133355	1.379632	0.000000	0.000000
745.110000	0.540803	-1.133355	1.379631	0.000000	0.000000
745.120000	0.540803	-1.133357	1.379631	0.000000	0.000000
745.130000	0.540804	-1.133359	1.379630	0.000000	0.000000
745.140000	0.540805	-1.133362	1.379629	0.000000	0.000000
745.150000	0.540807	-1.133366	1.379628	0.000000	0.000000
745.160000	0.540808	-1.133372	1.379628	0.000000	0.000000
745.170000	0.540809	-1.133377	1.379627	0.000000	0.000000
745.180000	0.540809	-1.133381	1.379626	0.000000	0.000000
745.190000	0.540809	-1.133384	1.379626	0.000000	0.000000
745.200000	0.540808	-1.133385	1.379625	0.000000	0.000000
745.210000	0.540808	-1.133385	1.379625	0.000000	0.000000
745.220000	0.540808	-1.133386	1.379624	0.000000	0.000000
745.230000	0.540808	-1.133388	1.379624	0.000000	0.000000
745.240000	0.540808	-1.133390	1.379623	0.000000	0.000000
745.250000	0.540808	-1.133392	1.379623	0.000000	0.000000
745.260000	0.540808	-1.133392	1.379623	0.000000	0.000000
745.270000	0.540807	-1.133391	1.379622	0.000000	0.000000
745.280000	0.540806	-1.133389	1.379622	0.000000	0.000000
745.290000	0.540805	-1.133388	1.379622	0.000000	0.000000
745.300000	0.540804	-1.133386	1.379622	0.000000	0.000000
745.310000	0.540802	-1.133385	1.379622	0.000000	0.000000
745.320000	0.540801	-1.133384	1.379622	0.000000	0.000000
745.330000	0.540800	-1.133383	1.379622	0.000000	0.000000
745.340000	0.540798	-1.133382	1.379622	0.000000	0.000000
745.350000	0.540797	-1.133382	1.379623	0.000000	0.000000
745.360000	0.540795	-1.133381	1.379623	0.000000	0.000000
745.370000	0.540793	-1.133381	1.379624	0.000000	0.000000
745.380000	0.540791	-1.133382	1.379624	0.000000	0.000000
745.390000	0.540790	-1.133384	1.379624	0.000000	0.000000
745.400000	0.540789	-1.133386	1.379625	0.000000	0.000000
745.410000	0.540788	-1.133389	1.379626	0.000000	0.000000
745.420000	0.540787	-1.133393	1.379626	0.000000	0.000000
745.430000	0.540786	-1.133398	1.379627	0.000000	0.000000
745.440000	0.540786	-1.133403	1.379627	0.000000	0.000000
745.450000	0.540785	-1.133407	1.379628	0.000000	0.000000
745.460000	0.540784	-1.133411	1.379629	0.000000	0.000000
745.470000	0.540783	-1.133413	1.379630	0.000000	0.000000
745.480000	0.540782	-1.133414	1.379630	0.000000	0.000000
745.490000	0.540780	-1.133414	1.379631	0.000000	0.000000
745.500000	0.540778	-1.133414	1.379632	0.000000	0.000000
745.510000	0.540776	-1.133415	1.379633	0.000000	0.000000
745.520000	0.540775	-1.133417	1.379634	0.000000	0.000000
745.530000	0.540774	-1.133419	1.379635	0.000000	0.000000
745.540000	0.540774	-1.133422	1.379636	0.000000	0.000000
745.550000	0.540773	-1.133425	1.379638	0.000000	0.000000
745.560000	0.540773	-1.133427	1.379639	0.000000	0.000000
745.570000	0.540773	-1.133428	1.379641	0.000000	0.000000
745.580000	0.540772	-1.133427	1.379642	0.000000	0.000000
745.590000	0.540770	-1.133425	1.379644	0.000000	0.000000
745.600000	0.540768	-1.133420	1.379646	0.000000	0.000000
745.610000	0.540765	-1.133414	1.379647	0.000000	0.000000
745.620000	0.540761	-1.133407	1.379649	0.000000	0.000000
745.630000	0.540757	-1.133398	1.379651	0.000000	0.000000
745.640000	0.540752	-1.133389	1.379653	0.000000	0.000000
745.650000	0.540748	-1.133381	1.379655	0.000000	0.000000
745.660000	0.540744	-1.133373	1.379657	0.000000	0.000000
745.670000	0.540741	-1.133367	1.379659	0.000000	0.000000
745.680000	0.540739	-1.133363	1.379661	0.000000	0.000000
745.690000	0.540737	-1.133360	1.379663	0.000000	0.000000
745.700000	0.540735	-1.133360	1.379665	0.000000	0.000000
745.710000	0.540735	-1.133361	1.379667	0.000000	0.000000
745.720000	0.540734	-1.133364	1.379669	0.000000	0.000000
745.730000	0.540734	-1.133368	1.379671	0.000000	0.000000
745.740000	0.540734	-1.133372	1.379673	0.000000	0.000000
745.750000	0.540734	-1.133376	1.379674	0.000000	0.000000
745.760000	0.540734	-1.133379	1.379676	0.000000	0.000000
745.770000	0.540734	-1.133381	1.379678	0.000000	0.000000
745.780000	0.540734	-1.133382	1.379680	0.000000	0.000000
745.790000	0.540734	-1.133384	1.379682	0.000000	0.000000
745.800000	0.540734	-1.133385	1.379684	0.000000	0.000000
745.810000	0.540735	-1.133387	1.379686	0.000000	0.000000
745.820000	0.540736	-1.133389	1.379687	0.000000	0.000000
745.830000	0.540736	-1.133391	1.379689	0.000000	0.000000
745.840000	0.540737	-1.133393	1.379692	0.000000	0.000000
745.850000	0.540737	-1.133394	1.379694	0.000000	0.000000
745.860000	0.540737	-1.133395	1.379696	0.000000	0.000000
745.870000	0.540738	-1.133395	1.379698	0.000000	0.000000
745.880000	0.540738	-1.133395	1.379701	0.000000	0.000000
745.890000	0.540738	-1.133393	1.379703	0.000000	0.000000
745.900000	0.540738	-1.133391	1.379706	0.000000	0.000000
745.910000	0.540737	-1.133389	1.379708	0.000000	0.000000
745.920000	0.540736	-1.133386	1.379711	0.000000	0.000000
745.930000	0.540735	-1.133382	1.379714	0.000000	0.000000
745.940000	0.540734	-1.133379	1.379716	0.000000	0.000000
745.950000	0.540733	-1.133375	1.379719	0.000000	0.000000
745.960000	0.540733	-1.133371	1.379722	0.000000	0.000000
745.970000	0.540732	-1.133367	1.379725	0.000000	0.000000
745.980000	0.540731	-1.133362	1.379728	0.000000	0.000000
745.990000	0.540731	-1.133358	1.379731	0.000000	0.000000
746.000000	0.540730	-1.133354	1.379734	0.000000	0.000000
746.010000	0.540729	-1.133348	1.379737	0.000000	0.000000
746.020000	0.540727	-1.133342	1.379740	0.000000	0.000000
746.030000	0.540726	-1.133335	1.379743	0.000000	0.000000
746.040000	0.540725	-1.133330	1.379746	0.000000	0.000000
746.050000	0.540725	-1.133326	1.379749	0.000000	0.000000
746.060000	0.540725	-1.133323	1.379752	0.000000	0.000000
746.070000	0.540726	-1.133322	1.379755	0.000000	0.000000
746.080000	0.540727	-1.133320	1.379758	0.000000	0.000000
746.090000	0.540727	-1.133317	1.379761	0.000000	0.000000
746.100000	0.540726	-1.133312	1.379764	0.000000	0.000000
746.110000	0.540725	-1.133307	1.379767	0.000000	0.000000
746.120000	0.540724	-1.133304	1.379770	0.000000	0.000000
746.130000	0.540725	-1.133305	1.379773	0.000000	0.000000
746.140000	0.540727	-1.133307	1.379776	0.000000	0.000000
746.150000	0.540729	-1.133310	1.379779	0.000000	0.000000
746.160000	0.540731	-1.133312	1.379782	0.000000	0.000000
746.170000	0.540733	-1.133313	1.379785	0.000000	0.000000
746.180000	0.540735	-1.133312	1.379788	0.000000	0.000000
746.190000	0.540735	-1.133308	1.379791	0.000000	0.000000
746.200000	0.540735	-1.133301	1.379794	0.000000	0.000000
746.210000	0.540734	-1.133293	1.379798	0.000000	0.000000
746.220000	0.540733	-1.133285	1.379801	0.000000	0.000000
746.230000	0.540731	-1.133277	1.379804	0.000000	0.000000
746.240000	0.540731	-1.133269	1.379807	0.000000	0.000000
746.250000	0.540730	-1.133262	1.379810	0.000000	0.000000
746.260000	0.540730	-1.133254	1.379814	0.000000	0.000000
746.270000	0.540730	-1.133247	1.379817	0.000000	0.000000
746.280000	0.540730	-1.133238	1.379820	0.000000	0.000000
746.290000	0.540730	-1.133230	1.379823	0.000000	0.000000
746.300000	0.540729	-1.133221	1.379827	0.000000	0.000000
746.310000	0.540729	-1.133212	1.379830	0.000000	0.000000
746.320000	0.540729	-1.133204	1.379833	0.000000	0.000000
746.330000	0.540729	-1.133196	1.379836	0.000000	0.000000
746.340000	0.540729	-1.133188	1.379839	0.000000	0.000000
746.350000	0.540729	-1.133180	1.379843	0.000000	0.000000
746.360000	0.540729	-1.133172	1.379846	0.000000	0.000000
746.370000	0.540729	-1.133164	1.379849	0.000000	0.000000
746.380000	0.540728	-1.133155	1.379851	0.000000	0.000000
746.390000	0.540727	-1.133146	1.379854	0.000000	0.000000
746.400000	0.540727	-1.133137	1.379857	0.000000	0.000000
746.410000	0.540727	-1.133129	1.379860	0.000000	0.000000
746.420000	0.540727	-1.133122	1.379862	0.000000	0.000000
746.430000	0.540726	-1.133117	1.379865	0.000000	0.000000
746.440000	0.540727	-1.133113	1.379867	0.000000	0.000000
746.450000	0.540728	-1.133111	1.379870	0.000000	0.000000
746.460000	0.540729	-1.133110	1.379872	0.000000	0.000000
746.470000	0.540731	-1.133110	1.379874	0.000000	0.000000
746.480000	0.540733	-1.133110	1.379877	0.000000	0.000000
746.490000	0.540735	-1.133111	1.379879	0.000000	0.000000
746.500000	0.540737	-1.133113	1.379881	0.000000	0.000000
746.510000	0.540738	-1.133113	1.379883	0.000000	0.000000
746.520000	0.540740	-1.133112	1.379884	0.000000	0.000000
746.530000	0.540740	-1.133109	1.379886	0.000000	0.000000
746.540000	0.540740	-1.133105	1.379888	0.000000	0.000000
746.550000	0.540740	-1.133100	1.379890	0.000000	0.000000
746.560000	0.540739	-1.133095	1.379891	0.000000	0.000000
746.570000	0.540739	-1.133091	1.379893	0.000000	0.000000
746.580000	0.540739	-1.133088	1.379894	0.000000	0.000000
746.590000	0.540740	-1.133086	1.379896	0.000000	0.000000
746.600000	0.540741	-1.133084	1.379897	0.000000	0.000000
746.610000	0.540743	-1.133082	1.379899	0.000000	0.000000
746.620000	0.540744	-1.133079	1.379900	0.000000	0.000000
746.630000	0.540746	-1.133075	1.379902	0.000000	0.000000
746.640000	0.540747	-1.133071	1.379903	0.000000	0.000000
746.650000	0.540747	-1.133066	1.379904	0.000000	0.000000
746.660000	0.540747	-1.133061	1.379905	0.000000	0.000000
746.670000	0.540748	-1.133055	1.379906	0.000000	0.000000
746.680000	0.540749	-1.133048	1.379908	0.000000	0.000000
746.690000	0.540750	-1.133042	1.379909	0.000000	0.000000
746.700000	0.540750	-1.133036	1.379910	0.000000	0.000000
746.710000	0.540752	-1.133030	1.379911	0.000000	0.000000
746.720000	0.540753	-1.133025	1.379911	0.000000	0.000000
746.730000	0.540755	-1.133021	1.379912	0.000000	0.000000
746.740000	0.540756	-1.133018	1.379913	0.000000	0.000000
746.750000	0.540758	-1.133016	1.379914	0.000000	0.000000
746.760000	0.540760	-1.133016	1.379914	0.000000	0.000000
746.770000	0.540763	-1.133016	1.379915	0.000000	0.000000
746.780000	0.540765	-1.133016	1.379916	0.000000	0.000000
746.790000	0.540768	-1.133016	1.379916	0.000000	0.000000
746.800000	0.540770	-1.133016	1.379917	0.000000	0.000000
746.810000	0.540772	-1.133015	1.379917	0.000000	0.000000
746.820000	0.540773	-1.133014	1.379917	0.000000	0.000000
746.830000	0.540775	-1.133014	1.379918	0.000000	0.000000
746.840000	0.540778	-1.133013	1.379918	0.000000	0.000000
746.850000	0.540779	-1.133011	1.379918	0.000000	0.000000
746.860000	0.540781	-1.133007	1.379918	0.000000	0.000000
746.870000	0.540781	-1.133001	1.379918	0.000000	0.000000
746.880000	0.540782	-1.132995	1.379918	0.000000	0.000000
746.890000	0.540782	-1.132991	1.379918	0.000000	0.000000
746.900000	0.540784	-1.132989	1.379918	0.000000	0.000000
746.910000	0.540786	-1.132988	1.379918	0.000000	0.000000
746.920000	0.540788	-1.132987	1.379918	0.000000	0.000000
746.930000	0.540791	-1.132986	1.379917	0.000000	0.000000
746.940000	0.540793	-1.132984	1.379917	0.000000	0.000000
746.950000	0.540795	-1.132982	1.379917	0.000000	0.000000
746.960000	0.540797	-1.132978	1.379916	0.000000	0.000000
746.970000	0.540798	-1.132974	1.379916	0.000000	0.000000
746.980000	0.540798	-1.132969	1.379915	0.000000	0.000000
746.990000	0.540798	-1.132963	1.379914	0.000000	0.000000
747.000000	0.540798	-1.132956	1.379914	0.000000	0.000000
747.010000	0.540797	-1.132947	1.379913	0.000000	0.000000
747.020000	0.540797	-1.132939	1.379912	0.000000	0.000000
747.030000	0.540799	-1.132935	1.379911	0.000000	0.000000
747.040000	0.540801	-1.132934	1.379910	0.000000	0.000000
747.050000	0.540805	-1.132936	1.379908	0.000000	0.000000
747.060000	0.540808	-1.132939	1.379907	0.000000	0.000000
747.070000	0.540811	-1.132941	1.379906	0.000000	0.000000
747.080000	0.540813	-1.132945	1.379905	0.000000	0.000000
747.090000	0.540816	-1.132949	1.379903	0.000000	0.000000
747.100000	0.540820	-1.132953	1.379902	0.000000	0.000000
747.110000	0.540823	-1.132957	1.379901	0.000000	0.000000
747.120000	0.540826	-1.132959	1.379899	0.000000	0.000000
747.130000	0.540827	-1.132960	1.379898	0.000000	0.000000
747.140000	0.540829	-1.132960	1.379897	0.000000	0.000000
747.150000	0.540831	-1.132960	1.379895	0.000000	0.000000
747.160000	0.540833	-1.132961	1.379894	0.000000	0.000000
747.170000	0.540835	-1.132961	1.379893	0.000000	0.000000
747.180000	0.540836	-1.132961	1.379892	0.000000	0.000000
747.190000	0.540839	-1.132960	1.379890	0.000000	0.000000
747.200000	0.540841	-1.132958	1.379889	0.000000	0.000000
747.210000	0.540843	-1.132956	1.379888	0.000000	0.000000
747.220000	0.540845	-1.132953	1.379887	0.000000	0.000000
747.230000	0.540846	-1.132949	1.379886	0.000000	0.000000
747.240000	0.540847	-1.132945	1.379884	0.000000	0.000000
747.250000	0.540847	-1.132941	1.379883	0.000000	0.000000
747.260000	0.540848	-1.132938	1.379882	0.000000	0.000000
747.270000	0.540849	-1.132937	1.379881	0.000000	0.000000
747.280000	0.540850	-1.132938	1.379880	0.000000	0.000000
747.290000	0.540851	-1.132941	1.379879	0.000000	0.000000
747.300000	0.540852	-1.132945	1.379877	0.000000	0.000000
747.310000	0.540853	-1.132948	1.379876	0.000000	0.000000
747.320000	0.540854	-1.132951	1.379875	0.000000	0.000000
747.330000	0.540854	-1.132953	1.379873	0.000000	0.000000
747.340000	0.540856	-1.132958	1.379872	0.000000	0.000000
747.350000	0.540857	-1.132964	1.379870	0.000000	0.000000
747.360000	0.540859	-1.132970	1.379868	0.000000	0.000000
747.370000	0.540860	-1.132975	1.379867	0.000000	0.000000
747.380000	0.540862	-1.132979	1.379865	0.000000	0.000000
747.390000	0.540863	-1.132980	1.379863	0.000000	0.000000
747.400000	0.540864	-1.132980	1.379861	0.000000	0.000000
747.410000	0.540865	-1.132978	1.379859	0.000000	0.000000
747.420000	0.540865	-1.132978	1.379857	0.000000	0.000000
747.430000	0.540866	-1.132979	1.379855	0.000000	0.000000
747.440000	0.540867	-1.132981	1.379853	0.000000	0.000000
747.450000	0.540867	-1.132983	1.379851	0.000000	0.000000
747.460000	0.540869	-1.132987	1.379849	0.000000	0.000000
747.470000	0.540870	-1.132989	1.379847	0.000000	0.000000
747.480000	0.540871	-1.132992	1.379845	0.000000	0.000000
747.490000	0.540871	-1.132993	1.379843	0.000000	0.000000
747.500000	0.540871	-1.132995	1.379841	0.000000	0.000000
747.510000	0.540873	-1.132996	1.379839	0.000000	0.000000
747.520000	0.540874	-1.132998	1.379837	0.000000	0.000000
747.530000	0.540874	-1.132998	1.379835	0.000000	0.000000
747.540000	0.540875	-1.132998	1.379833	0.000000	0.000000
747.550000	0.540875	-1.132995	1.379831	0.000000	0.000000
747.560000	0.540875	-1.132992	1.379829	0.000000	0.000000
747.570000	0.540876	-1.132990	1.379827	0.000000	0.000000
747.580000	0.540877	-1.132990	1.379825	0.000000	0.000000
747.590000	0.540878	-1.132990	1.379823	0.000000	0.000000
747.600000	0.540879	-1.132989	1.379821	0.000000	0.000000
747.610000	0.540879	-1.132989	1.379819	0.000000	0.000000
747.620000	0.540880	-1.132989	1.379817	0.000000	0.000000
747.630000	0.540882	-1.132989	1.379815	0.000000	0.000000
747.640000	0.540883	-1.132988	1.379813	0.000000	0.000000
747.650000	0.540884	-1.132988	1.379811	0.000000	0.000000
747.660000	0.540886	-1.132991	1.379809	0.000000	0.000000
747.670000	0.540889	-1.132995	1.379807	0.000000	0.000000
747.680000	0.540892	-1.133000	1.379805	0.000000	0.000000
747.690000	0.540895	-1.133005	1.379803	0.000000	0.000000
747.700000	0.540898	-1.133010	1.379800	0.000000	0.000000
747.710000	0.540900	-1.133013	1.379798	0.000000	0.000000
747.720000	0.540902	-1.133016	1.379796	0.000000	0.000000
747.730000	0.540905	-1.133017	1.379794	0.000000	0.000000
747.740000	0.540906	-1.133018	1.379792	0.000000	0.000000
747.750000	0.540908	-1.133019	1.379789	0.000000	0.000000
747.760000	0.540908	-1.133019	1.379787	0.000000	0.000000
747.770000	0.540909	-1.133020	1.379785	0.000000	0.000000
747.780000	0.540910	-1.133021	1.379782	0.000000	0.000000
747.790000	0.540911	-1.133023	1.379780	0.000000	0.000000
747.800000	0.540911	-1.133025	1.379778	0.000000	0.000000
747.810000	0.540912	-1.133027	1.379775	0.000000	0.000000
747.820000	0.540913	-1.133029	1.379773	0.000000	0.000000
747.830000	0.540914	-1.133031	1.379770	0.000000	0.000000
747.840000	0.540915	-1.133033	1.379768	0.000000	0.000000
747.850000	0.540916	-1.133035	1.379766	0.000000	0.000000
747.860000	0.540918	-1.133037	1.379763	0.000000	0.000000
747.870000	0.540919	-1.133040	1.379761	0.000000	0.000000
747.880000	0.540921	-1.133043	1.379758	0.000000	0.000000
747.890000	0.540922	-1.133048	1.379756	0.000000	0.000000
747.900000	0.540924	-1.133052	1.379753	0.000000	0.000000
747.910000	0.540925	-1.133057	1.379751	0.000000	0.000000
747.920000	0.540926	-1.133062	1.379748	0.000000	0.000000
747.930000	0.540928	-1.133068	1.379746	0.000000	0.000000
747.940000	0.540929	-1.133074	1.379744	0.000000	0.000000
747.950000	0.540930	-1.133079	1.379742	0.000000	0.000000
747.960000	0.540930	-1.133083	1.379740	0.000000	0.000000
747.970000	0.540930	-1.133086	1.379737	0.000000	0.000000
747.980000	0.540930	-1.133089	1.379735	0.000000	0.000000
747.990000	0.540930	-1.133092	1.379733	0.000000	0.000000
748.000000	0.540929	-1.133095	1.379731	0.000000	0.000000
748.010000	0.540928	-1.133097	1.379730	0.000000	0.000000
748.020000	0.540927	-1.133099	1.379728	0.000000	0.000000
748.030000	0.540926	-1.133101	1.379726	0.000000	0.000000
748.040000	0.540924	-1.133102	1.379724	0.000000	0.000000
748.050000	0.540923	-1.133103	1.379722	0.000000	0.000000
748.060000	0.540921	-1.133102	1.379721	0.000000	0.000000
748.070000	0.540920	-1.133101	1.379719	0.000000	0.000000
748.080000	0.540918	-1.133101	1.379717	0.000000	0.000000
748.090000	0.540917	-1.133103	1.379716	0.000000	0.000000
748.100000	0.540916	-1.133106	1.379714	0.000000	0.000000
748.110000	0.540915	-1.133110	1.379712	0.000000	0.000000
748.120000	0.540915	-1.133114	1.379710	0.000000	0.000000
748.130000	0.540914	-1.133117	1.379709	0.000000	0.000000
748.140000	0.540914	-1.133120	1.379707	0.000000	0.000000
748.150000	0.540913	-1.133124	1.379705	0.000000	0.000000
748.160000	0.540913	-1.133129	1.379703	0.000000	0.000000
748.170000	0.540913	-1.133135	1.379701	0.000000	0.000000
748.180000	0.540913	-1.133141	1.379699	0.000000	0.000000
748.190000	0.540914	-1.133147	1.379697	0.000000	0.000000
748.200000	0.540914	-1.133152	1.379695	0.000000	0.000000
748.210000	0.540914	-1.133157	1.379693	0.000000	0.000000
748.220000	0.540915	-1.133162	1.379691	0.000000	0.000000
748.230000	0.540916	-1.133165	1.379688	0.000000	0.000000
748.240000	0.540916	-1.133166	1.379686	0.000000	0.000000
748.250000	0.540917	-1.133169	1.379684	0.000000	0.000000
748.260000	0.540918	-1.133174	1.379682	0.000000	0.000000
748.270000	0.540919	-1.133181	1.379679	0.000000	0.000000
748.280000	0.540920	-1.133188	1.379677	0.000000	0.000000
748.290000	0.540922	-1.133194	1.379675	0.000000	0.000000
748.300000	0.540923	-1.133199	1.379672	0.000000	0.000000
748.310000	0.540923	-1.133203	1.379670	0.000000	0.000000
748.320000	0.540924	-1.133206	1.379668	0.000000	0.000000
748.330000	0.540924	-1.133208	1.379666	0.000000	0.000000
748.340000	0.540924	-1.133210	1.379664	0.000000	0.000000
748.350000	0.540925	-1.133213	1.379662	0.000000	0.000000
748.360000	0.540925	-1.133216	1.379660	0.000000	0.000000
748.370000	0.540925	-1.133220	1.379658	0.000000	0.000000
748.380000	0.540924	-1.133224	1.379656	0.000000	0.000000
748.390000	0.540924	-1.133228	1.379654	0.000000	0.000000
748.400000	0.540924	-1.133233	1.379652	0.000000	0.000000
748.410000	0.540923	-1.133238	1.379651	0.000000	0.000000
748.420000	0.540923	-1.133244	1.379649	0.000000	0.000000
748.430000	0.540923	-1.133250	1.379647	0.000000	0.000000
748.440000	0.540923	-1.133255	1.379646	0.000000	0.000000
748.450000	0.540922	-1.133260	1.379644	0.000000	0.000000
748.460000	0.540922	-1.133264	1.379643	0.000000	0.000000
748.470000	0.540922	-1.133268	1.379641	0.000000	0.000000
748.480000	0.540921	-1.133272	1.379640	0.000000	0.000000
748.490000	0.540921	-1.133274	1.379638	0.000000	0.000000
748.500000	0.540920	-1.133275	1.379637	0.000000	0.000000
748.510000	0.540919	-1.133276	1.379635	0.000000	0.000000
748.520000	0.540918	-1.133278	1.379634	0.000000	0.000000
748.530000	0.540918	-1.133282	1.379633	0.000000	0.000000
748.540000	0.540918	-1.133288	1.379631	0.000000	0.000000
748.550000	0.540919	-1.133296	1.379630	0.000000	0.000000
748.560000	0.540920	-1.133304	1.379628	0.000000	0.000000
748.570000	0.540921	-1.133313	1.379627	0.000000	0.000000
748.580000	0.540922	-1.133321	1.379625	0.000000	0.000000
748.590000	0.540922	-1.133328	1.379624	0.000000	0.000000
748.600000	0.540921	-1.133333	1.379622	0.000000	0.000000
748.610000	0.540921	-1.133336	1.379621	0.000000	0.000000
748.620000	0.540920	-1.133338	1.379619	0.000000	0.000000
748.630000	0.540919	-1.133340	1.379618	0.000000	0.000000
748.640000	0.540917	-1.133341	1.379616	0.000000	0.000000
748.650000	0.540916	-1.133342	1.379614	0.000000	0.000000
748.660000	0.540916	-1.133343	1.379613	0.000000	0.000000
748.670000	0.540914	-1.133343	1.379611	0.000000	0.000000
748.680000	0.540914	-1.133344	1.379609	0.000000	0.000000
748.690000	0.540913	-1.133345	1.379608	0.000000	0.000000
748.700000	0.540912	-1.133346	1.379606	0.000000	0.000000
748.710000	0.540911	-1.133347	1.379605	0.000000	0.000000
748.720000	0.540910	-1.133347	1.379603	0.000000	0.000000
748.730000	0.540908	-1.133346	1.379602	0.000000	0.000000
748.740000	0.540907	-1.133346	1.379600	0.000000	0.000000
748.750000	0.540907	-1.133348	1.379599	0.000000	0.000000
748.760000	0.540907	-1.133351	1.379598	0.000000	0.000000
748.770000	0.540908	-1.133354	1.379596	0.000000	0.000000
748.780000	0.540908	-1.133358	1.379595	0.000000	0.000000
748.790000	0.540909	-1.133361	1.379594	0.000000	0.000000
748.800000	0.540910	-1.133363	1.379593	0.000000	0.000000
748.810000	0.540910	-1.133364	1.379592	0.000000	0.000000
748.820000	0.540910	-1.133363	1.379591	0.000000	0.000000
748.830000	0.540909	-1.133361	1.379590	0.000000	0.000000
748.840000	0.540908	-1.133359	1.379589	0.000000	0.000000
748.850000	0.540908	-1.133357	1.379588	0.000000	0.000000
748.860000	0.540908	-1.133357	1.379587	0.000000	0.000000
748.870000	0.540909	-1.133359	1.379586	0.000000	0.000000
748.880000	0.540911	-1.133361	1.379585	0.000000	0.000000
748.890000	0.540913	-1.133363	1.379584	0.000000	0.000000
748.900000	0.540915	-1.133366	1.379583	0.000000	0.000000
748.910000	0.540917	-1.133367	1.379582	0.000000	0.000000
748.920000	0.540919	-1.133368	1.379581	0.000000	0.000000
748.930000	0.540921	-1.133367	1.379580	0.000000	0.000000
748.940000	0.540922	-1.133366	1.379579	0.000000	0.000000
748.950000	0.540923	-1.133364	1.379578	0.000000	0.000000
748.960000	0.540924	-1.133361	1.379578	0.000000	0.000000
748.970000	0.540924	-1.133356	1.379577	0.000000	0.000000
748.980000	0.540923	-1.133349	1.379576	0.000000	0.000000
748.990000	0.540923	-1.133341	1.379575	0.000000	0.000000
749.000000	0.540922	-1.133334	1.379575	0.000000	0.000000
749.010000	0.540922	-1.133326	1.379574	0.000000	0.000000
749.020000	0.540921	-1.133318	1.379573	0.000000	0.000000
749.030000	0.540920	-1.133311	1.379572	0.000000	0.000000
749.040000	0.540919	-1.133305	1.379572	0.000000	0.000000
749.050000	0.540919	-1.133300	1.379571	0.000000	0.000000
749.060000	0.540919	-1.133297	1.379570	0.000000	0.000000
749.070000	0.540918	-1.133296	1.379570	0.000000	0.000000
749.080000	0.540918	-1.133297	1.379569	0.000000	0.000000
749.090000	0.540918	-1.133299	1.379568	0.000000	0.000000
749.100000	0.540917	-1.133301	1.379568	0.000000	0.000000
749.110000	0.540917	-1.133303	1.379567	0.000000	0.000000
749.120000	0.540917	-1.133303	1.379566	0.000000	0.000000
749.130000	0.540915	-1.133302	1.379566	0.000000	0.000000
749.140000	0.540913	-1.133298	1.379565	0.000000	0.000000
749.150000	0.540911	-1.133293	1.379564	0.000000	0.000000
749.160000	0.540908	-1.133287	1.379563	0.000000	0.000000
749.170000	0.540906	-1.133281	1.379563	0.000000	0.000000
749.180000	0.540903	-1.133276	1.379562	0.000000	0.000000
749.190000	0.540901	-1.133272	1.379561	0.000000	0.000000
749.200000	0.540899	-1.133270	1.379560	0.000000	0.000000
749.210000	0.540899	-1.133268	1.379560	0.000000	0.000000
749.220000	0.540898	-1.133267	1.379559	0.000000	0.000000
749.230000	0.540898	-1.133267	1.379558	0.000000	0.000000
749.240000	0.540897	-1.133266	1.379557	0.000000	0.000000
749.250000	0.540896	-1.133265	1.379557	0.000000	0.000000
749.260000	0.540895	-1.133263	1.379556	0.000000	0.000000
749.270000	0.540894	-1.133260	1.379555	0.000000	0.000000
749.280000	0.540893	-1.133256	1.379555	0.000000	0.000000
749.290000	0.540891	-1.133251	1.379554	0.000000	0.000000
749.300000	0.540889	-1.133245	1.379553	0.000000	0.000000
749.310000	0.540886	-1.133238	1.379552	0.000000	0.000000
749.320000	0.540883	-1.133232	1.379552	0.000000	0.000000
749.330000	0.540881	-1.133226	1.379551	0.000000	0.000000
749.340000	0.540879	-1.133221	1.379550	0.000000	0.000000
749.350000	0.540878	-1.133218	1.379549	0.000000	0.000000
749.360000	0.540877	-1.133216	1.379547	0.000000	0.000000
749.370000	0.540877	-1.133216	1.379546	0.000000	0.000000
749.380000	0.540878	-1.133218	1.379545	0.000000	0.000000
749.390000	0.540879	-1.133221	1.379544	0.000000	0.000000
749.400000	0.540880	-1.133224	1.379542	0.000000	0.000000
749.410000	0.540881	-1.133228	1.379541	0.000000	0.000000
749.420000	0.540882	-1.133231	1.379539	0.000000	0.000000
749.430000	0.540882	-1.133233	1.379538	0.000000	0.000000
749.440000	0.540881	-1.133233	1.379536	0.000000	0.000000
749.450000	0.540880	-1.133231	1.379534	0.000000	0.000000
749.460000	0.540879	-1.133230	1.379533	0.000000	0.000000
749.470000	0.540879	-1.133232	1.379531	0.000000	0.000000
749.480000	0.540880	-1.133235	1.379530	0.000000	0.000000
749.490000	0.540882	-1.133240	1.379528	0.000000	0.000000
749.500000	0.540883	-1.133245	1.379526	0.000000	0.000000
749.510000	0.540884	-1.133249	1.379525	0.000000	0.000000
749.520000	0.540884	-1.133251	1.379523	0.000000	0.000000
749.530000	0.540883	-1.133251	1.379522	0.000000	0.000000
749.540000	0.540882	-1.133251	1.379520	0.000000	0.000000
749.550000	0.540881	-1.133251	1.379519	0.000000	0.000000
749.560000	0.540881	-1.133251	1.379517	0.000000	0.000000
749.570000	0.540880	-1.133251	1.379516	0.000000	0.000000
749.580000	0.540879	-1.133252	1.379515	0.000000	0.000000
749.590000	0.540879	-1.133252	1.379513	0.000000	0.000000
749.600000	0.540878	-1.133251	1.379512	0.000000	0.000000
749.610000	0.540878	-1.133251	1.379510	0.000000	0.000000
749.620000	0.540877	-1.133252	1.379509	0.000000	0.000000
749.630000	0.540877	-1.133255	1.379507	0.000000	0.000000
749.640000	0.540877	-1.133258	1.379506	0.000000	0.000000
749.650000	0.540879	-1.133263	1.379504	0.000000	0.000000
749.660000	0.540881	-1.133269	1.379502	0.000000	0.000000
749.670000	0.540884	-1.133274	1.379501	0.000000	0.000000
749.680000	0.540886	-1.133278	1.379499	0.000000	0.000000
749.690000	0.540887	-1.133281	1.379497	0.000000	0.000000
749.700000	0.540888	-1.133283	1.379496	0.000000	0.000000
749.710000	0.540889	-1.133286	1.379494	0.000000	0.000000
749.720000	0.540889	-1.133289	1.379492	0.000000	0.000000
749.730000	0.540889	-1.133291	1.379491	0.000000	0.000000
749.740000	0.540889	-1.133293	1.379489	0.000000	0.000000
749.750000	0.540888	-1.133294	1.379487	0.000000	0.000000
749.760000	0.540889	-1.133297	1.379486	0.000000	0.000000
749.770000	0.540889	-1.133301	1.379484	0.000000	0.000000
749.780000	0.540890	-1.133307	1.379482	0.000000	0.000000
749.790000	0.540891	-1.133313	1.379481	0.000000	0.000000
749.800000	0.540893	-1.133318	1.379479	0.000000	0.000000
749.810000	0.540893	-1.133322	1.379478	0.000000	0.000000
749.820000	0.540893	-1.133324	1.379476	0.000000	0.000000
749.830000	0.540892	-1.133325	1.379475	0.000000	0.000000
749.840000	0.540891	-1.133323	1.379473	0.000000	0.000000
749.850000	0.540889	-1.133321	1.379472	0.000000	0.000000
749.860000	0.540888	-1.133318	1.379470	0.000000	0.000000
749.870000	0.540886	-1.133316	1.379469	0.000000	0.000000
749.880000	0.540885	-1.133315	1.379467	0.000000	0.000000
749.890000	0.540884	-1.133315	1.379466	0.000000	0.000000
749.900000	0.540883	-1.133317	1.379464	0.000000	0.000000
749.910000	0.540882	-1.133320	1.379463	0.000000	0.000000
749.920000	0.540882	-1.133323	1.379461	0.000000	0.000000
749.930000	0.540881	-1.133326	1.379460	0.000000	0.000000
749.940000	0.540880	-1.133330	1.379458	0.000000	0.000000
749.950000	0.540879	-1.133334	1.379457	0.000000	0.000000
749.960000	0.540878	-1.133337	1.379456	0.000000	0.000000
749.970000	0.540876	-1.133340	1.379454	0.000000	0.000000
749.980000	0.540874	-1.133343	1.379453	0.000000	0.000000
749.990000	0.540873	-1.133347	1.379451	0.000000	0.000000
750.000000	0.540870	-1.133350	1.379449	0.000000	0.000000
750.010000	0.540869	-1.133354	1.379448	0.000000	0.000000
750.020000	0.540867	-1.133358	1.379446	0.000000	0.000000
750.030000	0.540865	-1.133363	1.379444	0.000000	0.000000
750.040000	0.540864	-1.133369	1.379443	0.000000	0.000000
750.050000	0.540863	-1.133376	1.379441	0.000000	0.000000
750.060000	0.540862	-1.133384	1.379439	0.000000	0.000000
750.070000	0.540862	-1.133391	1.379437	0.000000	0.000000
750.080000	0.540862	-1.133399	1.379435	0.000000	0.000000
750.090000	0.540861	-1.133405	1.379433	0.000000	0.000000
750.100000	0.540860	-1.133410	1.379431	0.000000	0.000000
750.110000	0.540859	-1.133414	1.379428	0.000000	0.000000
750.120000	0.540857	-1.133419	1.379426	0.000000	0.000000
750.130000	0.540856	-1.133423	1.379423	0.000000	0.000000
750.140000	0.540855	-1.133429	1.379421	0.000000	0.000000
750.150000	0.540856	-1.133437	1.379418	0.000000	0.000000
750.160000	0.540857	-1.133446	1.379416	0.000000	0.000000
750.170000	0.540857	-1.133456	1.379413	0.000000	0.000000
750.180000	0.540859	-1.133465	1.379411	0.000000	0.000000
750.190000	0.540859	-1.133473	1.379408	0.000000	0.000000
750.200000	0.540860	-1.133481	1.379405	0.000000	0.000000
750.210000	0.540861	-1.133487	1.379403	0.000000	0.000000
750.220000	0.540861	-1.133493	1.379400	0.000000	0.000000
750.230000	0.540861	-1.133497	1.379398	0.000000	0.000000
750.240000	0.540861	-1.133500	1.379395	0.000000	0.000000
750.250000	0.540860	-1.133503	1.379392	0.000000	0.000000
750.260000	0.540860	-1.133505	1.379390	0.000000	0.000000
750.270000	0.540860	-1.133506	1.379387	0.000000	0.000000
750.280000	0.540859	-1.133506	1.379385	0.000000	0.000000
750.290000	0.540858	-1.133504	1.379383	0.000000	0.000000
750.300000	0.540856	-1.133502	1.379380	0.000000	0.000000
750.310000	0.540854	-1.133499	1.379378	0.000000	0.000000
750.320000	0.540852	-1.133496	1.379375	0.000000	0.000000
750.330000	0.540850	-1.133494	1.379373	0.000000	0.000000
750.340000	0.540848	-1.133492	1.379370	0.000000	0.000000
750.350000	0.540846	-1.133491	1.379368	0.000000	0.000000
750.360000	0.540844	-1.133491	1.379366	0.000000	0.000000
750.370000	0.540843	-1.133492	1.379363	0.000000	0.000000
750.380000	0.540841	-1.133494	1.379361	0.000000	0.000000
750.390000	0.540839	-1.133496	1.379358	0.000000	0.000000
750.400000	0.540837	-1.133497	1.379356	0.000000	0.000000
750.410000	0.540835	-1.133499	1.379353	0.000000	0.000000
750.420000	0.540833	-1.133500	1.379351	0.000000	0.000000
750.430000	0.540832	-1.133503	1.379348	0.000000	0.000000
750.440000	0.540830	-1.133506	1.379346	0.000000	0.000000
750.450000	0.540830	-1.133511	1.379343	0.000000	0.000000
750.460000	0.540830	-1.133515	1.379341	0.000000	0.000000
750.470000	0.540830	-1.133520	1.379339	0.000000	0.000000
750.480000	0.540830	-1.133524	1.379336	0.000000	0.000000
750.490000	0.540830	-1.133529	1.379334	0.000000	0.000000
750.500000	0.540830	-1.133534	1.379332	0.000000	0.000000
750.510000	0.540830	-1.133538	1.379329	0.000000	0.000000
750.520000	0.540829	-1.133542	1.379327	0.000000	0.000000
750.530000	0.540828	-1.133544	1.379325	0.000000	0.000000
750.540000	0.540826	-1.133546	1.379322	0.000000	0.000000
750.550000	0.540824	-1.133547	1.379320	0.000000	0.000000
750.560000	0.540823	-1.133548	1.379318	0.000000	0.000000
750.570000	0.540822	-1.133551	1.379315	0.000000	0.000000
750.580000	0.540821	-1.133554	1.379313	0.000000	0.000000
750.590000	0.540820	-1.133559	1.379311	0.000000	0.000000
750.600000	0.540820	-1.133565	1.379308	0.000000	0.000000
750.610000	0.540821	-1.133573	1.379306	0.000000	0.000000
750.620000	0.540821	-1.133580	1.379304	0.000000	0.000000
750.630000	0.540821	-1.133588	1.379302	0.000000	0.000000
750.640000	0.540822	-1.133595	1.379300	0.000000	0.000000
750.650000	0.540822	-1.133604	1.379297	0.000000	0.000000
750.660000	0.540823	-1.133612	1.379295	0.000000	0.000000
750.670000	0.540823	-1.133621	1.379293	0.000000	0.000000
750.680000	0.540822	-1.133629	1.379291	0.000000	0.000000
750.690000	0.540820	-1.133636	1.379289	0.000000	0.000000
750.700000	0.540818	-1.133641	1.379286	0.000000	0.000000
750.710000	0.540817	-1.133645	1.379284	0.000000	0.000000
750.720000	0.540815	-1.133649	1.379282	0.000000	0.000000
750.730000	0.540813	-1.133655	1.379280	0.000000	0.000000
750.740000	0.540813	-1.133662	1.379278	0.000000	0.000000
750.750000	0.540813	-1.133672	1.379276	0.000000	0.000000
750.760000	0.540814	-1.133683	1.379274	0.000000	0.000000
750.770000	0.540815	-1.133695	1.379272	0.000000	0.000000
750.780000	0.540816	-1.133705	1.379270	0.000000	0.000000
750.790000	0.540817	-1.133712	1.379268	0.000000	0.000000
750.800000	0.540816	-1.133718	1.379266	0.000000	0.000000
750.810000	0.540815	-1.133721	1.379264	0.000000	0.000000
750.820000	0.540813	-1.133724	1.379262	0.000000	0.000000
750.830000	0.540812	-1.133727	1.379261	0.000000	0.000000
750.840000	0.540811	-1.133730	1.379259	0.000000	0.000000
750.850000	0.540810	-1.133733	1.379257	0.000000	0.000000
750.860000	0.540809	-1.133737	1.379255	0.000000	0.000000
750.870000	0.540809	-1.133741	1.379253	0.000000	0.000000
750.880000	0.540809	-1.133747	1.379252	0.000000	0.000000
750.890000	0.540808	-1.133754	1.379250	0.000000	0.000000
750.900000	0.540807	-1.133761	1.379248	0.000000	0.000000
750.910000	0.540807	-1.133769	1.379246	0.000000	0.000000
750.920000	0.540808	-1.133777	1.379244	0.000000	0.000000
750.930000	0.540808	-1.133785	1.379242	0.000000	0.000000
750.940000	0.540809	-1.133794	1.379240	0.000000	0.000000
750.950000	0.540810	-1.133802	1.379238	0.000000	0.000000
750.960000	0.540810	-1.133810	1.379236	0.000000	0.000000
750.970000	0.540811	-1.133817	1.379234	0.000000	0.000000
750.980000	0.540811	-1.133824	1.379232	0.000000	0.000000
750.990000	0.540811	-1.133830	1.379230	0.000000	0.000000
751.000000	0.540811	-1.133836	1.379228	0.000000	0.000000
751.010000	0.540811	-1.133842	1.379226	0.000000	0.000000
751.020000	0.540812	-1.133848	1.379224	0.000000	0.000000
751.030000	0.540812	-1.133855	1.379222	0.000000	0.000000
751.040000	0.540813	-1.133862	1.379220	0.000000	0.000000
751.050000	0.540814	-1.133870	1.379219	0.000000	0.000000
751.060000	0.540815	-1.133878	1.379217	0.000000	0.000000
751.070000	0.540816	-1.133887	1.379215	0.000000	0.000000
751.080000	0.540818	-1.133896	1.379214	0.000000	0.000000
751.090000	0.540819	-1.133906	1.379212	0.000000	0.000000
751.100000	0.540820	-1.133916	1.379211	0.000000	0.000000
751.110000	0.540819	-1.133925	1.379209	0.000000	0.000000
751.120000	0.540818	-1.133933	1.379208	0.000000	0.000000
751.130000	0.540817	-1.133941	1.379207	0.000000	0.000000
751.140000	0.540816	-1.133948	1.379206	0.000000	0.000000
751.150000	0.540814	-1.133953	1.379205	0.000000	0.000000
751.160000	0.540812	-1.133958	1.379203	0.000000	0.000000
751.170000	0.540810	-1.133961	1.379203	0.000000	0.000000
751.180000	0.540808	-1.133965	1.379202	0.000000	0.000000
751.190000	0.540806	-1.133969	1.379201	0.000000	0.000000
751.200000	0.540804	-1.133973	1.379200	0.000000	0.000000
751.210000	0.540802	-1.133978	1.379199	0.000000	0.000000
751.220000	0.540800	-1.133982	1.379199	0.000000	0.000000
751.230000	0.540798	-1.133988	1.379198	0.000000	0.000000
751.240000	0.540796	-1.133993	1.379197	0.000000	0.000000
751.250000	0.540794	-1.133999	1.379197	0.000000	0.000000
751.260000	0.540792	-1.134005	1.379196	0.000000	0.000000
751.270000	0.540790	-1.134011	1.379196	0.000000	0.000000
751.280000	0.540788	-1.134017	1.379195	0.000000	0.000000
751.290000	0.540786	-1.134023	1.379195	0.000000	0.000000
751.300000	0.540784	-1.134028	1.379194	0.000000	0.000000
751.310000	0.540782	-1.134033	1.379194	0.000000	0.000000
751.320000	0.540780	-1.134038	1.379193	0.000000	0.000000
751.330000	0.540778	-1.134042	1.379193	0.000000	0.000000
751.340000	0.540777	-1.134045	1.379192	0.000000	0.000000
751.350000	0.540775	-1.134049	1.379191	0.000000	0.000000
751.360000	0.540774	-1.134053	1.379191	0.000000	0.000000
751.370000	0.540774	-1.134058	1.379190	0.000000	0.000000
751.380000	0.540773	-1.134065	1.379189	0.000000	0.000000
751.390000	0.540774	-1.134071	1.379188	0.000000	0.000000
751.400000	0.540774	-1.134078	1.379187	0.000000	0.000000
751.410000	0.540775	-1.134085	1.379186	0.000000	0.000000
751.420000	0.540776	-1.134090	1.379185	0.000000	0.000000
751.430000	0.540776	-1.134095	1.379184	0.000000	0.000000
751.440000	0.540776	-1.134098	1.379183	0.000000	0.000000
751.450000	0.540776	-1.134102	1.379182	0.000000	0.000000
751.460000	0.540776	-1.134106	1.379181	0.000000	0.000000
751.470000	0.540776	-1.134112	1.379180	0.000000	0.000000
751.480000	0.540777	-1.134118	1.379178	0.000000	0.000000
751.490000	0.540778	-1.134125	1.379177	0.000000	0.000000
751.500000	0.540778	-1.134132	1.379176	0.000000	0.000000
751.510000	0.540778	-1.134139	1.379174	0.000000	0.000000
751.520000	0.540778	-1.134144	1.379173	0.000000	0.000000
751.530000	0.540776	-1.134148	1.379171	0.000000	0.000000
751.540000	0.540775	-1.134151	1.379170	0.000000	0.000000
751.550000	0.540775	-1.134155	1.379168	0.000000	0.000000
751.560000	0.540774	-1.134161	1.379167	0.000000	0.000000
751.570000	0.540775	-1.134167	1.379166	0.000000	0.000000
751.580000	0.540774	-1.134173	1.379164	0.000000	0.000000
751.590000	0.540774	-1.134179	1.379163	0.000000	0.000000
751.600000	0.540774	-1.134185	1.379162	0.000000	0.000000
751.610000	0.540774	-1.134190	1.379160	0.000000	0.000000
751.620000	0.540774	-1.134195	1.379159	0.000000	0.000000
751.630000	0.540775	-1.134199	1.379158	0.000000	0.000000
751.640000	0.540775	-1.134202	1.379157	0.000000	0.000000
751.650000	0.540774	-1.134204	1.379155	0.000000	0.000000
751.660000	0.540773	-1.134203	1.379154	0.000000	0.000000
751.670000	0.540771	-1.134201	1.379153	0.000000	0.000000
751.680000	0.540770	-1.134199	1.379152	0.000000	0.000000
751.690000	0.540768	-1.134198	1.379150	0.000000	0.000000
751.700000	0.540767	-1.134200	1.379149	0.000000	0.000000
751.710000	0.540767	-1.134204	1.379148	0.000000	0.000000
751.720000	0.540768	-1.134210	1.379146	0.000000	0.000000
751.730000	0.540769	-1.134218	1.379145	0.000000	0.000000
751.740000	0.540770	-1.134227	1.379144	0.000000	0.000000
751.750000	0.540771	-1.134237	1.379142	0.000000	0.000000
751.760000	0.540773	-1.134246	1.379141	0.000000	0.000000
751.770000	0.540774	-1.134255	1.379139	0.000000	0.000000
751.780000	0.540775	-1.134264	1.379138	0.000000	0.000000
751.790000	0.540775	-1.134272	1.379136	0.000000	0.000000
751.800000	0.540776	-1.134280	1.379134	0.000000	0.000000
751.810000	0.540777	-1.134287	1.379133	0.000000	0.000000
751.820000	0.540777	-1.134294	1.379131	0.000000	0.000000
751.830000	0.540778	-1.134300	1.379129	0.000000	0.000000
751.840000	0.540779	-1.134307	1.379128	0.000000	0.000000
751.850000	0.540780	-1.134314	1.379126	0.000000	0.000000
751.860000	0.540781	-1.134321	1.379124	0.000000	0.000000
751.870000	0.540782	-1.134330	1.379123	0.000000	0.000000
751.880000	0.540783	-1.134340	1.379121	0.000000	0.000000
751.890000	0.540785	-1.134350	1.379119	0.000000	0.000000
751.900000	0.540787	-1.134361	1.379117	0.000000	0.000000
751.910000	0.540789	-1.134371	1.379116	0.000000	0.000000
751.920000	0.540790	-1.134381	1.379114	0.000000	0.000000
751.930000	0.540792	-1.134388	1.379112	0.000000	0.000000
751.940000	0.540792	-1.134394	1.379110	0.000000	0.000000
751.950000	0.540793	-1.134399	1.379109	0.000000	0.000000
751.960000	0.540793	-1.134403	1.379107	0.000000	0.000000
751.970000	0.540795	-1.134408	1.379105	0.000000	0.000000
751.980000	0.540796	-1.134414	1.379104	0.000000	0.000000
751.990000	0.540798	-1.134421	1.379102	0.000000	0.000000
752.000000	0.540800	-1.134429	1.379100	0.000000	0.000000
752.010000	0.540802	-1.134436	1.379099	0.000000	0.000000
752.020000	0.540804	-1.134442	1.379097	0.000000	0.000000
752.030000	0.540805	-1.134447	1.379096	0.000000	0.000000
752.040000	0.540806	-1.134451	1.379095	0.000000	0.000000
752.050000	0.540806	-1.134455	1.379093	0.000000	0.000000
752.060000	0.540807	-1.134460	1.379092	0.000000	0.000000
752.070000	0.540807	-1.134464	1.379090	0.000000	0.000000
752.080000	0.540808	-1.134468	1.379089	0.000000	0.000000
752.090000	0.540808	-1.134472	1.379088	0.000000	0.000000
752.100000	0.540808	-1.134474	1.379086	0.000000	0.000000
752.110000	0.540807	-1.134475	1.379085	0.000000	0.000000
752.120000	0.540807	-1.134477	1.379084	0.000000	0.000000
752.130000	0.540806	-1.134478	1.379082	0.000000	0.000000
752.140000	0.540805	-1.134481	1.379081	0.000000	0.000000
752.150000	0.540805	-1.134486	1.379080	0.000000	0.000000
752.160000	0.540806	-1.134491	1.379078	0.000000	0.000000
752.170000	0.540807	-1.134497	1.379077	0.000000	0.000000
752.180000	0.540808	-1.134504	1.379076	0.000000	0.000000
752.190000	0.540809	-1.134510	1.379074	0.000000	0.000000
752.200000	0.540810	-1.134515	1.379073	0.000000	0.000000
752.210000	0.540811	-1.134518	1.379072	0.000000	0.000000
752.220000	0.540813	-1.134520	1.379071	0.000000	0.000000
752.230000	0.540813	-1.134522	1.379069	0.000000	0.000000
752.240000	0.540814	-1.134525	1.379068	0.000000	0.000000
752.250000	0.540815	-1.134530	1.379067	0.000000	0.000000
752.260000	0.540817	-1.134536	1.379065	0.000000	0.000000
752.270000	0.540819	-1.134542	1.379064	0.000000	0.000000
752.280000	0.540820	-1.134548	1.379063	0.000000	0.000000
752.290000	0.540821	-1.134555	1.379062	0.000000	0.000000
752.300000	0.540822	-1.134560	1.379060	0.000000	0.000000
752.310000	0.540822	-1.134565	1.379059	0.000000	0.000000
752.320000	0.540822	-1.134568	1.379058	0.000000	0.000000
752.330000	0.540821	-1.134571	1.379057	0.000000	0.000000
752.340000	0.540821	-1.134575	1.379056	0.000000	0.000000
752.350000	0.540820	-1.134580	1.379054	0.000000	0.000000
752.360000	0.540820	-1.134587	1.379053	0.000000	0.000000
752.370000	0.540820	-1.134595	1.379052	0.000000	0.000000
752.380000	0.540821	-1.134603	1.379051	0.000000	0.000000
752.390000	0.540821	-1.134609	1.379050	0.000000	0.000000
752.400000	0.540822	-1.134615	1.379049	0.000000	0.000000
752.410000	0.540822	-1.134619	1.379048	0.000000	0.000000
752.420000	0.540821	-1.134622	1.379048	0.000000	0.000000
752.430000	0.540821	-1.134624	1.379047	0.000000	0.000000
752.440000	0.540820	-1.134626	1.379046	0.000000	0.000000
752.450000	0.540819	-1.134627	1.379045	0.000000	0.000000
752.460000	0.540818	-1.134627	1.379044	0.000000	0.000000
752.470000	0.540817	-1.134628	1.379044	0.000000	0.000000
752.480000	0.540816	-1.134629	1.379043	0.000000	0.000000
752.490000	0.540816	-1.134631	1.379042	0.000000	0.000000
752.500000	0.540816	-1.134633	1.379042	0.000000	0.000000
752.510000	0.540816	-1.134636	1.379041	0.000000	0.000000
752.520000	0.540817	-1.134640	1.379040	0.000000	0.000000
752.530000	0.540818	-1.134644	1.379040	0.000000	0.000000
752.540000	0.540818	-1.134647	1.379039	0.000000	0.000000
752.550000	0.540818	-1.134650	1.379038	0.000000	0.000000
752.560000	0.540818	-1.134651	1.379038	0.000000	0.000000
752.570000	0.540817	-1.134649	1.379037	0.000000	0.000000
752.580000	0.540816	-1.134647	1.379036	0.000000	0.000000
752.590000	0.540816	-1.134645	1.379035	0.000000	0.000000
752.600000	0.540817	-1.134645	1.379034	0.000000	0.000000
752.610000	0.540818	-1.134647	1.379034	0.000000	0.000000
752.620000	0.540820	-1.134650	1.379033	0.000000	0.000000
752.630000	0.540824	-1.134656	1.379032	0.000000	0.000000
752.640000	0.540828	-1.134663	1.379031	0.000000	0.000000
752.650000	0.540831	-1.134670	1.379030	0.000000	0.000000
752.660000	0.540835	-1.134677	1.379028	0.000000	0.000000
752.670000	0.540837	-1.134682	1.379027	0.000000	0.000000
752.680000	0.540839	-1.134685	1.379026	0.000000	0.000000
752.690000	0.540839	-1.134685	1.379025	0.000000	0.000000
752.700000	0.540837	-1.134683	1.379024	0.000000	0.000000
752.710000	0.540837	-1.134678	1.379022	0.000000	0.000000
752.720000	0.540836	-1.134673	1.379021	0.000000	0.000000
752.730000	0.540835	-1.134667	1.379020	0.000000	0.000000
752.740000	0.540835	-1.134663	1.379018	0.000000	0.000000
752.750000	0.540835	-1.134662	1.379017	0.000000	0.000000
752.760000	0.540836	-1.134663	1.379015	0.000000	0.000000
752.770000	0.540837	-1.134663	1.379014	0.000000	0.000000
752.780000	0.540837	-1.134664	1.379013	0.000000	0.000000
752.790000	0.540838	-1.134664	1.379011	0.000000	0.000000
752.800000	0.540839	-1.134665	1.379010	0.000000	0.000000
752.810000	0.540841	-1.134667	1.379009	0.000000	0.000000
752.820000	0.540842	-1.134669	1.379007	0.000000	0.000000
752.830000	0.540844	-1.134670	1.379006	0.000000	0.000000
752.840000	0.540845	-1.134671	1.379005	0.000000	0.000000
752.850000	0.540846	-1.134671	1.379004	0.000000	0.000000
752.860000	0.540847	-1.134670	1.379003	0.000000	0.000000
752.870000	0.540848	-1.134669	1.379002	0.000000	0.000000
752.880000	0.540849	-1.134669	1.379001	0.000000	0.000000
752.890000	0.540851	-1.134670	1.379001	0.000000	0.000000
752.900000	0.540852	-1.134672	1.379000	0.000000	0.000000
752.910000	0.540853	-1.134673	1.379000	0.000000	0.000000
752.920000	0.540853	-1.134673	1.378999	0.000000	0.000000
752.930000	0.540854	-1.134673	1.378999	0.000000	0.000000
752.940000	0.540854	-1.134673	1.378998	0.000000	0.000000
752.950000	0.540854	-1.134671	1.378998	0.000000	0.000000
752.960000	0.540853	-1.134669	1.378998	0.000000	0.000000
752.970000	0.540852	-1.134667	1.378998	0.000000	0.000000
752.980000	0.540852	-1.134664	1.378998	0.000000	0.000000
752.990000	0.540851	-1.134660	1.378997	0.000000	0.000000
753.000000	0.540851	-1.134657	1.378997	0.000000	0.000000
753.010000	0.540850	-1.134653	1.378997	0.000000	0.000000
753.020000	0.540850	-1.134649	1.378997	0.000000	0.000000
753.030000	0.540849	-1.134645	1.378997	0.000000	0.000000
753.040000	0.540849	-1.134642	1.378997	0.000000	0.000000
753.050000	0.540848	-1.134639	1.378997	0.000000	0.000000
753.060000	0.540847	-1.134636	1.378997	0.000000	0.000000
753.070000	0.540846	-1.134633	1.378996	0.000000	0.000000
753.080000	0.540846	-1.134632	1.378996	0.000000	0.000000
753.090000	0.540845	-1.134631	1.378996	0.000000	0.000000
753.100000	0.540845	-1.134631	1.378996	0.000000	0.000000
753.110000	0.540844	-1.134631	1.378996	0.000000	0.000000
753.120000	0.540843	-1.134632	1.378995	0.000000	0.000000
753.130000	0.540843	-1.134632	1.378995	0.000000	0.000000
753.140000	0.540843	-1.134634	1.378995	0.000000	0.000000
753.150000	0.540842	-1.134636	1.378994	0.000000	0.000000
753.160000	0.540842	-1.134640	1.378994	0.000000	0.000000
753.170000	0.540842	-1.134643	1.378993	0.000000	0.000000
753.180000	0.540841	-1.134645	1.378993	0.000000	0.000000
753.190000	0.540839	-1.134646	1.378992	0.000000	0.000000
753.200000	0.540837	-1.134645	1.378992	0.000000	0.000000
753.210000	0.540836	-1.134645	1.378991	0.000000	0.000000
753.220000	0.540835	-1.134646	1.378991	0.000000	0.000000
753.230000	0.540835	-1.134650	1.378990	0.000000	0.000000
753.240000	0.540835	-1.134656	1.378989	0.000000	0.000000
753.250000	0.540836	-1.134663	1.378988	0.000000	0.000000
753.260000	0.540836	-1.134669	1.378987	0.000000	0.000000
753.270000	0.540837	-1.134674	1.378987	0.000000	0.000000
753.280000	0.540838	-1.134678	1.378986	0.000000	0.000000
753.290000	0.540838	-1.134681	1.378985	0.000000	0.000000
753.300000	0.540838	-1.134683	1.378984	0.000000	0.000000
753.310000	0.540837	-1.134685	1.378983	0.000000	0.000000
753.320000	0.540836	-1.134687	1.378982	0.000000	0.000000
753.330000	0.540835	-1.134689	1.378981	0.000000	0.000000
753.340000	0.540834	-1.134690	1.378980	0.000000	0.000000
753.350000	0.540833	-1.134691	1.378979	0.000000	0.000000
753.360000	0.540832	-1.134691	1.378978	0.000000	0.000000
753.370000	0.540831	-1.134692	1.378977	0.000000	0.000000
753.380000	0.540830	-1.134693	1.378976	0.000000	0.000000
753.390000	0.540830	-1.134695	1.378975	0.000000	0.000000
753.400000	0.540830	-1.134698	1.378974	0.000000	0.000000
753.410000	0.540830	-1.134703	1.378973	0.000000	0.000000
753.420000	0.540830	-1.134708	1.378972	0.000000	0.000000
753.430000	0.540831	-1.134714	1.378970	0.000000	0.000000
753.440000	0.540833	-1.134720	1.378969	0.000000	0.000000
753.450000	0.540834	-1.134725	1.378968	0.000000	0.000000
753.460000	0.540836	-1.134731	1.378967	0.000000	0.000000
753.470000	0.540837	-1.134736	1.378966	0.000000	0.000000
753.480000	0.540839	-1.134741	1.378964	0.000000	0.000000
753.490000	0.540841	-1.134745	1.378963	0.000000	0.000000
753.500000	0.540841	-1.134747	1.378961	0.000000	0.000000
753.510000	0.540841	-1.134747	1.378960	0.000000	0.000000
753.520000	0.540841	-1.134747	1.378959	0.000000	0.000000
753.530000	0.540841	-1.134749	1.378957	0.000000	0.000000
753.540000	0.540843	-1.134753	1.378956	0.000000	0.000000
753.550000	0.540844	-1.134757	1.378954	0.000000	0.000000
753.560000	0.540846	-1.134761	1.378953	0.000000	0.000000
753.570000	0.540847	-1.134764	1.378951	0.000000	0.000000
753.580000	0.540849	-1.134765	1.378950	0.000000	0.000000
753.590000	0.540849	-1.134764	1.378948	0.000000	0.000000
753.600000	0.540848	-1.134761	1.378947	0.000000	0.000000
753.610000	0.540848	-1.134758	1.378946	0.000000	0.000000
753.620000	0.540847	-1.134755	1.378944	0.000000	0.000000
753.630000	0.540846	-1.134753	1.378943	0.000000	0.000000
753.640000	0.540846	-1.134752	1.378942	0.000000	0.000000
753.650000	0.540846	-1.134751	1.378941	0.000000	0.000000
753.660000	0.540846	-1.134749	1.378939	0.000000	0.000000
753.670000	0.540846	-1.134748	1.378938	0.000000	0.000000
753.680000	0.540846	-1.134746	1.378937	0.000000	0.000000
753.690000	0.540847	-1.134745	1.378936	0.000000	0.000000
753.700000	0.540848	-1.134743	1.378935	0.000000	0.000000
753.710000	0.540849	-1.134742	1.378934	0.000000	0.000000
753.720000	0.540850	-1.134740	1.378932	0.000000	0.000000
753.730000	0.540851	-1.134737	1.378931	0.000000	0.000000
753.740000	0.540852	-1.134734	1.378930	0.000000	0.000000
753.750000	0.540853	-1.134731	1.378929	0.000000	0.000000
753.760000	0.540854	-1.134728	1.378927	0.000000	0.000000
753.770000	0.540855	-1.134725	1.378926	0.000000	0.000000
753.780000	0.540856	-1.134723	1.378925	0.000000	0.000000
753.790000	0.540858	-1.134721	1.378923	0.000000	0.000000
753.800000	0.540859	-1.134719	1.378922	0.000000	0.000000
753.810000	0.540859	-1.134716	1.378921	0.000000	0.000000
753.820000	0.540860	-1.134712	1.378919	0.000000	0.000000
753.830000	0.540860	-1.134708	1.378918	0.000000	0.000000
753.840000	0.540861	-1.134707	1.378916	0.000000	0.000000
753.850000	0.540863	-1.134709	1.378914	0.000000	0.000000
753.860000	0.540865	-1.134712	1.378913	0.000000	0.000000
753.870000	0.540869	-1.134715	1.378911	0.000000	0.000000
753.880000	0.540872	-1.134720	1.378910	0.000000	0.000000
753.890000	0.540875	-1.134724	1.378908	0.000000	0.000000
753.900000	0.540879	-1.134728	1.378906	0.000000	0.000000
753.910000	0.540883	-1.134730	1.378905	0.000000	0.000000
753.920000	0.540886	-1.134730	1.378903	0.000000	0.000000
753.930000	0.540888	-1.134726	1.378902	0.000000	0.000000
753.940000	0.540888	-1.134716	1.378900	0.000000	0.000000
753.950000	0.540886	-1.134702	1.378899	0.000000	0.000000
753.960000	0.540885	-1.134687	1.378898	0.000000	0.000000
753.970000	0.540884	-1.134674	1.378896	0.000000	0.000000
753.980000	0.540885	-1.134663	1.378895	0.000000	0.000000
753.990000	0.540886	-1.134656	1.378894	0.000000	0.000000
754.000000	0.540889	-1.134651	1.378893	0.000000	0.000000
754.010000	0.540891	-1.134646	1.378892	0.000000	0.000000
754.020000	0.540895	-1.134642	1.378891	0.000000	0.000000
754.030000	0.540898	-1.134637	1.378890	0.000000	0.000000
754.040000	0.540901	-1.134632	1.378889	0.000000	0.000000
754.050000	0.540904	-1.134627	1.378888	0.000000	0.000000
754.060000	0.540908	-1.134621	1.378887	0.000000	0.000000
754.070000	0.540911	-1.134615	1.378886	0.000000	0.000000
754.080000	0.540914	-1.134609	1.378886	0.000000	0.000000
754.090000	0.540918	-1.134604	1.378885	0.000000	0.000000
754.100000	0.540924	-1.134602	1.378884	0.000000	0.000000
754.110000	0.540930	-1.134600	1.378883	0.000000	0.000000
754.120000	0.540936	-1.134598	1.378882	0.000000	0.000000
754.130000	0.540941	-1.134595	1.378881	0.000000	0.000000
754.140000	0.540945	-1.134586	1.378880	0.000000	0.000000
754.150000	0.540949	-1.134575	1.378880	0.000000	0.000000
754.160000	0.540953	-1.134569	1.378879	0.000000	0.000000
754.170000	0.540959	-1.134568	1.378878	0.000000	0.000000
754.180000	0.540965	-1.134567	1.378877	0.000000	0.000000
754.190000	0.540970	-1.134567	1.378877	0.000000	0.000000
754.200000	0.540975	-1.134565	1.378876	0.000000	0.000000
754.210000	0.540979	-1.134561	1.378876	0.000000	0.000000
754.220000	0.540984	-1.134554	1.378875	0.000000	0.000000
754.230000	0.540987	-1.134546	1.378875	0.000000	0.000000
754.240000	0.540990	-1.134536	1.378875	0.000000	0.000000
754.250000	0.540993	-1.134524	1.378874	0.000000	0.000000
754.260000	0.540995	-1.134511	1.378874	0.000000	0.000000
754.270000	0.540997	-1.134497	1.378874	0.000000	0.000000
754.280000	0.540999	-1.134482	1.378873	0.000000	0.000000
754.290000	0.541000	-1.134466	1.378873	0.000000	0.000000
754.300000	0.541002	-1.134449	1.378873	0.000000	0.000000
754.310000	0.541005	-1.134433	1.378873	0.000000	0.000000
754.320000	0.541008	-1.134418	1.378873	0.000000	0.000000
754.330000	0.541012	-1.134403	1.378873	0.000000	0.000000
754.340000	0.541015	-1.134389	1.378872	0.000000	0.000000
754.350000	0.541018	-1.134374	1.378872	0.000000	0.000000
754.360000	0.541021	-1.134358	1.378872	0.000000	0.000000
754.370000	0.541023	-1.134342	1.378872	0.000000	0.000000
754.380000	0.541026	-1.134327	1.378872	0.000000	0.000000
754.390000	0.541030	-1.134315	1.378872	0.000000	0.000000
754.400000	0.541034	-1.134304	1.378872	0.000000	0.000000
754.410000	0.541038	-1.134296	1.378872	0.000000	0.000000
754.420000	0.541043	-1.134288	1.378872	0.000000	0.000000
754.430000	0.541048	-1.134283	1.378873	0.000000	0.000000
754.440000	0.541054	-1.134278	1.378873	0.000000	0.000000
754.450000	0.541061	-1.134273	1.378873	0.000000	0.000000
754.460000	0.541067	-1.134269	1.378873	0.000000	0.000000
754.470000	0.541073	-1.134264	1.378873	0.000000	0.000000
754.480000	0.541079	-1.134258	1.378873	0.000000	0.000000
754.490000	0.541085	-1.134251	1.378873	0.000000	0.000000
754.500000	0.541091	-1.134244	1.378873	0.000000	0.000000
754.510000	0.541096	-1.134234	1.378874	0.000000	0.000000
754.520000	0.541100	-1.134223	1.378874	0.000000	0.000000
754.530000	0.541104	-1.134210	1.378874	0.000000	0.000000
754.540000	0.541107	-1.134196	1.378874	0.000000	0.000000
754.550000	0.541109	-1.134182	1.378874	0.000000	0.000000
754.560000	0.541112	-1.134170	1.378875	0.000000	0.000000
754.570000	0.541115	-1.134159	1.378875	0.000000	0.000000
754.580000	0.541119	-1.134151	1.378875	0.000000	0.000000
754.590000	0.541124	-1.134143	1.378876	0.000000	0.000000
754.600000	0.541128	-1.134136	1.378876	0.000000	0.000000
754.610000	0.541132	-1.134128	1.378876	0.000000	0.000000
754.620000	0.541136	-1.134120	1.378877	0.000000	0.000000
754.630000	0.541140	-1.134110	1.378877	0.000000	0.000000
754.640000	0.541144	-1.134099	1.378877	0.000000	0.000000
754.650000	0.541147	-1.134086	1.378878	0.000000	0.000000
754.660000	0.541150	-1.134072	1.378878	0.000000	0.000000
754.670000	0.541153	-1.134057	1.378878	0.000000	0.000000
754.680000	0.541157	-1.134043	1.378878	0.000000	0.000000
754.690000	0.541161	-1.134031	1.378879	0.000000	0.000000
754.700000	0.541165	-1.134019	1.378879	0.000000	0.000000
754.710000	0.541169	-1.134008	1.378879	0.000000	0.000000
754.720000	0.541173	-1.133996	1.378880	0.000000	0.000000
754.730000	0.541178	-1.133983	1.378880	0.000000	0.000000
754.740000	0.541181	-1.133969	1.378880	0.000000	0.000000
754.750000	0.541185	-1.133954	1.378880	0.000000	0.000000
754.760000	0.541188	-1.133939	1.378880	0.000000	0.000000
754.770000	0.541191	-1.133924	1.378880	0.000000	0.000000
754.780000	0.541194	-1.133909	1.378881	0.000000	0.000000
754.790000	0.541198	-1.133893	1.378881	0.000000	0.000000
754.800000	0.541201	-1.133878	1.378881	0.000000	0.000000
754.810000	0.541204	-1.133862	1.378881	0.000000	0.000000
754.820000	0.541208	-1.133847	1.378881	0.000000	0.000000
754.830000	0.541211	-1.133831	1.378881	0.000000	0.000000
754.840000	0.541214	-1.133816	1.378881	0.000000	0.000000
754.850000	0.541217	-1.133800	1.378881	0.000000	0.000000
754.860000	0.541221	-1.133785	1.378881	0.000000	0.000000
754.870000	0.541224	-1.133770	1.378881	0.000000	0.000000
754.880000	0.541226	-1.133755	1.378881	0.000000	0.000000
754.890000	0.541229	-1.133741	1.378880	0.000000	0.000000
754.900000	0.541231	-1.133727	1.378880	0.000000	0.000000
754.910000	0.541234	-1.133713	1.378880	0.000000	0.000000
754.920000	0.541237	-1.133699	1.378880	0.000000	0.000000
754.930000	0.541241	-1.133687	1.378880	0.000000	0.000000
754.940000	0.541244	-1.133674	1.378880	0.000000	0.000000
754.950000	0.541247	-1.133658	1.378879	0.000000	0.000000
754.960000	0.541248	-1.133638	1.378879	0.000000	0.000000
754.970000	0.541249	-1.133615	1.378879	0.000000	0.000000
754.980000	0.541251	-1.133596	1.378878	0.000000	0.000000
754.990000	0.541254	-1.133584	1.378878	0.000000	0.000000
755.000000	0.541259	-1.133575	1.378878	0.000000	0.000000
755.010000	0.541264	-1.133568	1.378877	0.000000	0.000000
755.020000	0.541269	-1.133563	1.378877	0.000000	0.000000
755.030000	0.541274	-1.133558	1.378876	0.000000	0.000000
755.040000	0.541279	-1.133552	1.378876	0.000000	0.000000
755.050000	0.541283	-1.133543	1.378875	0.000000	0.000000
755.060000	0.541285	-1.133529	1.378875	0.000000	0.000000
755.070000	0.541286	-1.133510	1.378874	0.000000	0.000000
755.080000	0.541287	-1.133491	1.378874	0.000000	0.000000
755.090000	0.541289	-1.133474	1.378873	0.000000	0.000000
755.100000	0.541291	-1.133460	1.378872	0.000000	0.000000
755.110000	0.541294	-1.133447	1.378872	0.000000	0.000000
755.120000	0.541297	-1.133435	1.378871	0.000000	0.000000
755.130000	0.541300	-1.133422	1.378870	0.000000	0.000000
755.140000	0.541303	-1.133409	1.378870	0.000000	0.000000
755.150000	0.541306	-1.133396	1.378869	0.000000	0.000000
755.160000	0.541308	-1.133382	1.378868	0.000000	0.000000
755.170000	0.541310	-1.133368	1.378867	0.000000	0.000000
755.180000	0.541312	-1.133353	1.378867	0.000000	0.000000
755.190000	0.541314	-1.133339	1.378866	0.000000	0.000000
755.200000	0.541317	-1.133325	1.378865	0.000000	0.000000
755.210000	0.541321	-1.133314	1.378864	0.000000	0.000000
755.220000	0.541326	-1.133305	1.378863	0.000000	0.000000
755.230000	0.541331	-1.133297	1.378862	0.000000	0.000000
755.240000	0.541336	-1.133290	1.378861	0.000000	0.000000
755.250000	0.541341	-1.133282	1.378860	0.000000	0.000000
755.260000	0.541347	-1.133274	1.378859	0.000000	0.000000
755.270000	0.541352	-1.133265	1.378858	0.000000	0.000000
755.280000	0.541356	-1.133255	1.378856	0.000000	0.000000
755.290000	0.541360	-1.133243	1.378855	0.000000	0.000000
755.300000	0.541363	-1.133229	1.378854	0.000000	0.000000
755.310000	0.541366	-1.133214	1.378852	0.000000	0.000000
755.320000	0.541369	-1.133201	1.378851	0.000000	0.000000
755.330000	0.541374	-1.133193	1.378849	0.000000	0.000000
755.340000	0.541379	-1.133190	1.378848	0.000000	0.000000
755.350000	0.541385	-1.133189	1.378846	0.000000	0.000000
755.360000	0.541391	-1.133187	1.378845	0.000000	0.000000
755.370000	0.541395	-1.133183	1.378844	0.000000	0.000000
755.380000	0.541399	-1.133178	1.378842	0.000000	0.000000
755.390000	0.541403	-1.133172	1.378841	0.000000	0.000000
755.400000	0.541406	-1.133166	1.378839	0.000000	0.000000
755.410000	0.541409	-1.133159	1.378838	0.000000	0.000000
755.420000	0.541413	-1.133151	1.378837	0.000000	0.000000
755.430000	0.541415	-1.133144	1.378835	0.000000	0.000000
755.440000	0.541417	-1.133135	1.378834	0.000000	0.000000
755.450000	0.541419	-1.133125	1.378832	0.000000	0.000000
755.460000	0.541419	-1.133112	1.378831	0.000000	0.000000
755.470000	0.541421	-1.133098	1.378830	0.000000	0.000000
755.480000	0.541422	-1.133085	1.378828	0.000000	0.000000
755.490000	0.541424	-1.133075	1.378827	0.000000	0.000000
755.500000	0.541427	-1.133067	1.378826	0.000000	0.000000
755.510000	0.541429	-1.133059	1.378825	0.000000	0.000000
755.520000	0.541433	-1.133050	1.378824	0.000000	0.000000
755.530000	0.541436	-1.133042	1.378822	0.000000	0.000000
755.540000	0.541439	-1.133036	1.378821	0.000000	0.000000
755.550000	0.541442	-1.133030	1.378820	0.000000	0.000000
755.560000	0.541445	-1.133023	1.378819	0.000000	0.000000
755.570000	0.541447	-1.133014	1.378818	0.000000	0.000000
755.580000	0.541450	-1.133006	1.378817	0.000000	0.000000
755.590000	0.541451	-1.132996	1.378816	0.000000	0.000000
755.600000	0.541452	-1.132986	1.378815	0.000000	0.000000
755.610000	0.541452	-1.132974	1.378815	0.000000	0.000000
755.620000	0.541453	-1.132963	1.378814	0.000000	0.000000
755.630000	0.541452	-1.132951	1.378813	0.000000	0.000000
755.640000	0.541452	-1.132940	1.378812	0.000000	0.000000
755.650000	0.541453	-1.132930	1.378812	0.000000	0.000000
755.660000	0.541454	-1.132922	1.378811	0.000000	0.000000
755.670000	0.541456	-1.132917	1.378810	0.000000	0.000000
755.680000	0.541458	-1.132913	1.378810	0.000000	0.000000
755.690000	0.541460	-1.132910	1.378809	0.000000	0.000000
755.700000	0.541463	-1.132908	1.378809	0.000000	0.000000
755.710000	0.541465	-1.132904	1.378808	0.000000	0.000000
755.720000	0.541466	-1.132900	1.378807	0.000000	0.000000
755.730000	0.541466	-1.132894	1.378807	0.000000	0.000000
755.740000	0.541465	-1.132887	1.378806	0.000000	0.000000
755.750000	0.541465	-1.132880	1.378805	0.000000	0.000000
755.760000	0.541464	-1.132874	1.378805	0.000000	0.000000
755.770000	0.541464	-1.132869	1.378804	0.000000	0.000000
755.780000	0.541464	-1.132866	1.378803	0.000000	0.000000
755.790000	0.541466	-1.132865	1.378802	0.000000	0.000000
755.800000	0.541467	-1.132865	1.378801	0.000000	0.000000
755.810000	0.541469	-1.132865	1.378800	0.000000	0.000000
755.820000	0.541471	-1.132866	1.378799	0.000000	0.000000
755.830000	0.541473	-1.132867	1.378798	0.000000	0.000000
755.840000	0.541474	-1.132867	1.378797	0.000000	0.000000
755.850000	0.541475	-1.132868	1.378796	0.000000	0.000000
755.860000	0.541477	-1.132866	1.378795	0.000000	0.000000
755.870000	0.541477	-1.132860	1.378794	0.000000	0.000000
755.880000	0.541476	-1.132852	1.378793	0.000000	0.000000
755.890000	0.541474	-1.132842	1.378792	0.000000	0.000000
755.900000	0.541473	-1.132835	1.378791	0.000000	0.000000
755.910000	0.541472	-1.132831	1.378790	0.000000	0.000000
755.920000	0.541472	-1.132830	1.378789	0.000000	0.000000
755.930000	0.541473	-1.132831	1.378788	0.000000	0.000000
755.940000	0.541474	-1.132834	1.378787	0.000000	0.000000
755.950000	0.541475	-1.132837	1.378786	0.000000	0.000000
755.960000	0.541476	-1.132839	1.378786	0.000000	0.000000
755.970000	0.541477	-1.132841	1.378785	0.000000	0.000000
755.980000	0.541478	-1.132841	1.378784	0.000000	0.000000
755.990000	0.541478	-1.132839	1.378784	0.000000	0.000000
756.000000	0.541477	-1.132836	1.378783	0.000000	0.000000
756.010000	0.541475	-1.132831	1.378783	0.000000	0.000000
756.020000	0.541472	-1.132825	1.378782	0.000000	0.000000
756.030000	0.541470	-1.132818	1.378782	0.000000	0.000000
756.040000	0.541467	-1.132811	1.378782	0.000000	0.000000
756.050000	0.541465	-1.132804	1.378781	0.000000	0.000000
756.060000	0.541464	-1.132800	1.378781	0.000000	0.000000
756.070000	0.541463	-1.132796	1.378780	0.000000	0.000000
756.080000	0.541462	-1.132793	1.378780	0.000000	0.000000
756.090000	0.541461	-1.132791	1.378780	0.000000	0.000000
756.100000	0.541460	-1.132788	1.378779	0.000000	0.000000
756.110000	0.541459	-1.132785	1.378779	0.000000	0.000000
756.120000	0.541458	-1.132781	1.378778	0.000000	0.000000
756.130000	0.541458	-1.132777	1.378778	0.000000	0.000000
756.140000	0.541457	-1.132775	1.378777	0.000000	0.000000
756.150000	0.541457	-1.132775	1.378777	0.000000	0.000000
756.160000	0.541457	-1.132774	1.378777	0.000000	0.000000
756.170000	0.541456	-1.132773	1.378776	0.000000	0.000000
756.180000	0.541455	-1.132771	1.378776	0.000000	0.000000
756.190000	0.541455	-1.132770	1.378775	0.000000	0.000000
756.200000	0.541454	-1.132770	1.378775	0.000000	0.000000
756.210000	0.541454	-1.132769	1.378774	0.000000	0.000000
756.220000	0.541453	-1.132768	1.378774	0.000000	0.000000
756.230000	0.541452	-1.132766	1.378773	0.000000	0.000000
756.240000	0.541452	-1.132765	1.378773	0.000000	0.000000
756.250000	0.541451	-1.132764	1.378773	0.000000	0.000000
756.260000	0.541451	-1.132763	1.378772	0.000000	0.000000
756.270000	0.541449	-1.132762	1.378772	0.000000	0.000000
756.280000	0.541447	-1.132761	1.378772	0.000000	0.000000
756.290000	0.541445	-1.132760	1.378772	0.000000	0.000000
756.300000	0.541444	-1.132758	1.378771	0.000000	0.000000
756.310000	0.541442	-1.132757	1.378771	0.000000	0.000000
756.320000	0.541440	-1.132756	1.378771	0.000000	0.000000
756.330000	0.541438	-1.132755	1.378771	0.000000	0.000000
756.340000	0.541435	-1.132754	1.378772	0.000000	0.000000
756.350000	0.541433	-1.132753	1.378772	0.000000	0.000000
756.360000	0.541430	-1.132752	1.378772	0.000000	0.000000
756.370000	0.541428	-1.132751	1.378772	0.000000	0.000000
756.380000	0.541425	-1.132751	1.378772	0.000000	0.000000
756.390000	0.541423	-1.132752	1.378773	0.000000	0.000000
756.400000	0.541421	-1.132753	1.378773	0.000000	0.000000
756.410000	0.541419	-1.132755	1.378773	0.000000	0.000000
756.420000	0.541417	-1.132757	1.378773	0.000000	0.000000
756.430000	0.541415	-1.132760	1.378774	0.000000	0.000000
756.440000	0.541413	-1.132763	1.378774	0.000000	0.000000
756.450000	0.541411	-1.132765	1.378774	0.000000	0.000000
756.460000	0.541410	-1.132767	1.378774	0.000000	0.000000
756.470000	0.541408	-1.132769	1.378774	0.000000	0.000000
756.480000	0.541407	-1.132770	1.378774	0.000000	0.000000
756.490000	0.541405	-1.132771	1.378774	0.000000	0.000000
756.500000	0.541402	-1.132772	1.378774	0.000000	0.000000
756.510000	0.541400	-1.132772	1.378774	0.000000	0.000000
756.520000	0.541397	-1.132774	1.378774	0.000000	0.000000
756.530000	0.541395	-1.132776	1.378774	0.000000	0.000000
756.540000	0.541393	-1.132778	1.378774	0.000000	0.000000
756.550000	0.541390	-1.132781	1.378774	0.000000	0.000000
756.560000	0.541389	-1.132785	1.378774	0.000000	0.000000
756.570000	0.541386	-1.132788	1.378774	0.000000	0.000000
756.580000	0.541385	-1.132790	1.378774	0.000000	0.000000
756.590000	0.541382	-1.132791	1.378774	0.000000	0.000000
756.600000	0.541380	-1.132792	1.378774	0.000000	0.000000
756.610000	0.541378	-1.132791	1.378774	0.000000	0.000000
756.620000	0.541375	-1.132788	1.378774	0.000000	0.000000
756.630000	0.541372	-1.132783	1.378774	0.000000	0.000000
756.640000	0.541369	-1.132778	1.378774	0.000000	0.000000
756.650000	0.541367	-1.132774	1.378774	0.000000	0.000000
756.660000	0.541364	-1.132773	1.378774	0.000000	0.000000
756.670000	0.541363	-1.132774	1.378774	0.000000	0.000000
756.680000	0.541362	-1.132776	1.378774	0.000000	0.000000
756.690000	0.541361	-1.132779	1.378774	0.000000	0.000000
756.700000	0.541360	-1.132783	1.378774	0.000000	0.000000
756.710000	0.541359	-1.132786	1.378774	0.000000	0.000000
756.720000	0.541357	-1.132788	1.378774	0.000000	0.000000
756.730000	0.541356	-1.132790	1.378774	0.000000	0.000000
756.740000	0.541354	-1.132790	1.378774	0.000000	0.000000
756.750000	0.541352	-1.132789	1.378774	0.000000	0.000000
756.760000	0.541350	-1.132787	1.378774	0.000000	0.000000
756.770000	0.541348	-1.132784	1.378774	0.000000	0.000000
756.780000	0.541346	-1.132782	1.378774	0.000000	0.000000
756.790000	0.541345	-1.132781	1.378774	0.000000	0.000000
756.800000	0.541344	-1.132781	1.378774	0.000000	0.000000
756.810000	0.541344	-1.132783	1.378774	0.000000	0.000000
756.820000	0.541344	-1.132786	1.378774	0.000000	0.000000
756.830000	0.541344	-1.132788	1.378774	0.000000	0.000000
756.840000	0.541345	-1.132790	1.378774	0.000000	0.000000
756.850000	0.541345	-1.132792	1.378775	0.000000	0.000000
756.860000	0.541345	-1.132792	1.378775	0.000000	0.000000
756.870000	0.541345	-1.132791	1.378775	0.000000	0.000000
756.880000	0.541344	-1.132788	1.378776	0.000000	0.000000
756.890000	0.541342	-1.132785	1.378776	0.000000	0.000000
756.900000	0.541341	-1.132780	1.378776	0.000000	0.000000
756.910000	0.541340	-1.132774	1.378777	0.000000	0.000000
756.920000	0.541338	-1.132767	1.378777	0.000000	0.000000
756.930000	0.541337	-1.132760	1.378777	0.000000	0.000000
756.940000	0.541335	-1.132755	1.378778	0.000000	0.000000
756.950000	0.541334	-1.132751	1.378778	0.000000	0.000000
756.960000	0.541334	-1.132749	1.378778	0.000000	0.000000
756.970000	0.541334	-1.132748	1.378778	0.000000	0.000000
756.980000	0.541334	-1.132748	1.378778	0.000000	0.000000
756.990000	0.541333	-1.132747	1.378778	0.000000	0.000000
757.000000	0.541333	-1.132747	1.378779	0.000000	0.000000
757.010000	0.541331	-1.132745	1.378779	0.000000	0.000000
757.020000	0.541330	-1.132742	1.378779	0.000000	0.000000
757.030000	0.541328	-1.132738	1.378779	0.000000	0.000000
757.040000	0.541326	-1.132734	1.378779	0.000000	0.000000
757.050000	0.541325	-1.132730	1.378779	0.000000	0.000000
757.060000	0.541324	-1.132729	1.378779	0.000000	0.000000
757.070000	0.541325	-1.132732	1.378779	0.000000	0.000000
757.080000	0.541325	-1.132737	1.378779	0.000000	0.000000
757.090000	0.541327	-1.132744	1.378779	0.000000	0.000000
757.100000	0.541329	-1.132750	1.378779	0.000000	0.000000
757.110000	0.541330	-1.132755	1.378778	0.000000	0.000000
757.120000	0.541332	-1.132758	1.378778	0.000000	0.000000
757.130000	0.541333	-1.132759	1.378778	0.000000	0.000000
757.140000	0.541333	-1.132759	1.378778	0.000000	0.000000
757.150000	0.541333	-1.132759	1.378778	0.000000	0.000000
757.160000	0.541332	-1.132756	1.378778	0.000000	0.000000
757.170000	0.541332	-1.132752	1.378778	0.000000	0.000000
757.180000	0.541331	-1.132748	1.378778	0.000000	0.000000
757.190000	0.541331	-1.132745	1.378778	0.000000	0.000000
757.200000	0.541331	-1.132742	1.378779	0.000000	0.000000
757.210000	0.541331	-1.132738	1.378779	0.000000	0.000000
757.220000	0.541331	-1.132735	1.378779	0.000000	0.000000
757.230000	0.541331	-1.132731	1.378779	0.000000	0.000000
757.240000	0.541331	-1.132728	1.378780	0.000000	0.000000
757.250000	0.541331	-1.132726	1.378780	0.000000	0.000000
757.260000	0.541332	-1.132724	1.378780	0.000000	0.000000
757.270000	0.541332	-1.132722	1.378781	0.000000	0.000000
757.280000	0.541332	-1.132720	1.378781	0.000000	0.000000
757.290000	0.541332	-1.132717	1.378782	0.000000	0.000000
757.300000	0.541332	-1.132714	1.378782	0.000000	0.000000
757.310000	0.541332	-1.132710	1.378783	0.000000	0.000000
757.320000	0.541333	-1.132707	1.378783	0.000000	0.000000
757.330000	0.541334	-1.132704	1.378783	0.000000	0.000000
757.340000	0.541336	-1.132702	1.378784	0.000000	0.000000
757.350000	0.541337	-1.132700	1.378784	0.000000	0.000000
757.360000	0.541339	-1.132699	1.378785	0.000000	0.000000
757.370000	0.541340	-1.132698	1.378785	0.000000	0.000000
757.380000	0.541341	-1.132697	1.378785	0.000000	0.000000
757.390000	0.541342	-1.132696	1.378786	0.000000	0.000000
757.400000	0.541343	-1.132693	1.378786	0.000000	0.000000
757.410000	0.541344	-1.132690	1.378786	0.000000	0.000000
757.420000	0.541345	-1.132688	1.378786	0.000000	0.000000
757.430000	0.541347	-1.132687	1.378786	0.000000	0.000000
757.440000	0.541349	-1.132687	1.378786	0.000000	0.000000
757.450000	0.541352	-1.132686	1.378786	0.000000	0.000000
757.460000	0.541353	-1.132687	1.378787	0.000000	0.000000
757.470000	0.541355	-1.132687	1.378787	0.000000	0.000000
757.480000	0.541357	-1.132688	1.378787	0.000000	0.000000
757.490000	0.541359	-1.132688	1.378787	0.000000	0.000000
757.500000	0.541361	-1.132688	1.378787	0.000000	0.000000
757.510000	0.541364	-1.132687	1.378787	0.000000	0.000000
757.520000	0.541365	-1.132686	1.378787	0.000000	0.000000
757.530000	0.541367	-1.132683	1.378787	0.000000	0.000000
757.540000	0.541368	-1.132680	1.378787	0.000000	0.000000
757.550000	0.541369	-1.132675	1.378787	0.000000	0.000000
757.560000	0.541369	-1.132671	1.378787	0.000000	0.000000
757.570000	0.541370	-1.132667	1.378787	0.000000	0.000000
757.580000	0.541371	-1.132663	1.378787	0.000000	0.000000
757.590000	0.541372	-1.132661	1.378787	0.000000	0.000000
757.600000	0.541373	-1.132659	1.378787	0.000000	0.000000
757.610000	0.541375	-1.132657	1.378786	0.000000	0.000000
757.620000	0.541377	-1.132655	1.378786	0.000000	0.000000
757.630000	0.541379	-1.132653	1.378786	0.000000	0.000000
757.640000	0.541380	-1.132650	1.378785	0.000000	0.000000
757.650000	0.541381	-1.132647	1.378785	0.000000	0.000000
757.660000	0.541382	-1.132643	1.378784	0.000000	0.000000
757.670000	0.541383	-1.132641	1.378783	0.000000	0.000000
757.680000	0.541385	-1.132641	1.378783	0.000000	0.000000
757.690000	0.541387	-1.132644	1.378782	0.000000	0.000000
757.700000	0.541389	-1.132647	1.378781	0.000000	0.000000
757.710000	0.541391	-1.132651	1.378780	0.000000	0.000000
757.720000	0.541393	-1.132653	1.378779	0.000000	0.000000
757.730000	0.541394	-1.132654	1.378778	0.000000	0.000000
757.740000	0.541394	-1.132654	1.378777	0.000000	0.000000
757.750000	0.541394	-1.132653	1.378776	0.000000	0.000000
757.760000	0.541394	-1.132651	1.378775	0.000000	0.000000
757.770000	0.541395	-1.132650	1.378774	0.000000	0.000000
757.780000	0.541396	-1.132650	1.378773	0.000000	0.000000
757.790000	0.541397	-1.132651	1.378772	0.000000	0.000000
757.800000	0.541398	-1.132650	1.378771	0.000000	0.000000
757.810000	0.541398	-1.132649	1.378770	0.000000	0.000000
757.820000	0.541399	-1.132646	1.378769	0.000000	0.000000
757.830000	0.541400	-1.132642	1.378769	0.000000	0.000000
757.840000	0.541400	-1.132636	1.378768	0.000000	0.000000
757.850000	0.541400	-1.132630	1.378767	0.000000	0.000000
757.860000	0.541399	-1.132622	1.378767	0.000000	0.000000
757.870000	0.541397	-1.132614	1.378767	0.000000	0.000000
757.880000	0.541396	-1.132607	1.378766	0.000000	0.000000
757.890000	0.541395	-1.132600	1.378766	0.000000	0.000000
757.900000	0.541395	-1.132595	1.378766	0.000000	0.000000
757.910000	0.541395	-1.132590	1.378766	0.000000	0.000000
757.920000	0.541396	-1.132587	1.378765	0.000000	0.000000
757.930000	0.541397	-1.132584	1.378765	0.000000	0.000000
757.940000	0.541397	-1.132580	1.378765	0.000000	0.000000
757.950000	0.541398	-1.132577	1.378765	0.000000	0.000000
757.960000	0.541399	-1.132574	1.378765	0.000000	0.000000
757.970000	0.541400	-1.132572	1.378765	0.000000	0.000000
757.980000	0.541402	-1.132571	1.378765	0.000000	0.000000
757.990000	0.541403	-1.132569	1.378765	0.000000	0.000000
758.000000	0.541404	-1.132567	1.378764	0.000000	0.000000
758.010000	0.541406	-1.132567	1.378764	0.000000	0.000000
758.020000	0.541407	-1.132569	1.378764	0.000000	0.000000
758.030000	0.541409	-1.132572	1.378764	0.000000	0.000000
758.040000	0.541412	-1.132577	1.378764	0.000000	0.000000
758.050000	0.541414	-1.132580	1.378764	0.000000	0.000000
758.060000	0.541417	-1.132581	1.378764	0.000000	0.000000
758.070000	0.541419	-1.132579	1.378764	0.000000	0.000000
758.080000	0.541419	-1.132574	1.378764	0.000000	0.000000
758.090000	0.541419	-1.132566	1.378764	0.000000	0.000000
758.100000	0.541418	-1.132558	1.378764	0.000000	0.000000
758.110000	0.541418	-1.132549	1.378764	0.000000	0.000000
758.120000	0.541417	-1.132543	1.378764	0.000000	0.000000
758.130000	0.541417	-1.132537	1.378764	0.000000	0.000000
758.140000	0.541417	-1.132532	1.378764	0.000000	0.000000
758.150000	0.541418	-1.132528	1.378764	0.000000	0.000000
758.160000	0.541418	-1.132525	1.378764	0.000000	0.000000
758.170000	0.541418	-1.132521	1.378764	0.000000	0.000000
758.180000	0.541418	-1.132516	1.378764	0.000000	0.000000
758.190000	0.541417	-1.132509	1.378764	0.000000	0.000000
758.200000	0.541417	-1.132502	1.378764	0.000000	0.000000
758.210000	0.541415	-1.132494	1.378764	0.000000	0.000000
758.220000	0.541415	-1.132488	1.378764	0.000000	0.000000
758.230000	0.541415	-1.132484	1.378764	0.000000	0.000000
758.240000	0.541416	-1.132481	1.378764	0.000000	0.000000
758.250000	0.541417	-1.132479	1.378764	0.000000	0.000000
758.260000	0.541417	-1.132476	1.378764	0.000000	0.000000
758.270000	0.541417	-1.132471	1.378764	0.000000	0.000000
758.280000	0.541416	-1.132464	1.378764	0.000000	0.000000
758.290000	0.541415	-1.132455	1.378764	0.000000	0.000000
758.300000	0.541414	-1.132448	1.378764	0.000000	0.000000
758.310000	0.541414	-1.132442	1.378764	0.000000	0.000000
758.320000	0.541415	-1.132439	1.378765	0.000000	0.000000
758.330000	0.541417	-1.132438	1.378765	0.000000	0.000000
758.340000	0.541419	-1.132437	1.378765	0.000000	0.000000
758.350000	0.541420	-1.132436	1.378765	0.000000	0.000000
758.360000	0.541422	-1.132435	1.378766	0.000000	0.000000
758.370000	0.541423	-1.132431	1.378766	0.000000	0.000000
758.380000	0.541424	-1.132427	1.378766	0.000000	0.000000
758.390000	0.541424	-1.132421	1.378766	0.000000	0.000000
758.400000	0.541425	-1.132416	1.378766	0.000000	0.000000
758.410000	0.541426	-1.132412	1.378766	0.000000	0.000000
758.420000	0.541427	-1.132409	1.378766	0.000000	0.000000
758.430000	0.541427	-1.132406	1.378766	0.000000	0.000000
758.440000	0.541428	-1.132404	1.378766	0.000000	0.000000
758.450000	0.541428	-1.132401	1.378766	0.000000	0.000000
758.460000	0.541429	-1.132399	1.378766	0.000000	0.000000
758.470000	0.541429	-1.132397	1.378766	0.000000	0.000000
758.480000	0.541430	-1.132396	1.378765	0.000000	0.000000
758.490000	0.541431	-1.132395	1.378765	0.000000	0.000000
758.500000	0.541432	-1.132394	1.378764	0.000000	0.000000
758.510000	0.541432	-1.132393	1.378764	0.000000	0.000000
758.520000	0.541432	-1.132389	1.378763	0.000000	0.000000
758.530000	0.541431	-1.132384	1.378763	0.000000	0.000000
758.540000	0.541431	-1.132381	1.378762	0.000000	0.000000
758.550000	0.541432	-1.132379	1.378762	0.000000	0.000000
758.560000	0.541433	-1.132379	1.378761	0.000000	0.000000
758.570000	0.541435	-1.132380	1.378760	0.000000	0.000000
758.580000	0.541436	-1.132380	1.378760	0.000000	0.000000
758.590000	0.541437	-1.132379	1.378759	0.000000	0.000000
758.600000	0.541438	-1.132377	1.378759	0.000000	0.000000
758.610000	0.541438	-1.132374	1.378758	0.000000	0.000000
758.620000	0.541438	-1.132370	1.378758	0.000000	0.000000
758.630000	0.541438	-1.132366	1.378757	0.000000	0.000000
758.640000	0.541437	-1.132360	1.378756	0.000000	0.000000
758.650000	0.541435	-1.132354	1.378756	0.000000	0.000000
758.660000	0.541434	-1.132347	1.378755	0.000000	0.000000
758.670000	0.541433	-1.132341	1.378755	0.000000	0.000000
758.680000	0.541432	-1.132335	1.378754	0.000000	0.000000
758.690000	0.541432	-1.132329	1.378754	0.000000	0.000000
758.700000	0.541431	-1.132323	1.378753	0.000000	0.000000
758.710000	0.541430	-1.132316	1.378753	0.000000	0.000000
758.720000	0.541428	-1.132309	1.378752	0.000000	0.000000
758.730000	0.541427	-1.132302	1.378751	0.000000	0.000000
758.740000	0.541426	-1.132296	1.378751	0.000000	0.000000
758.750000	0.541425	-1.132290	1.378750	0.000000	0.000000
758.760000	0.541424	-1.132288	1.378749	0.000000	0.000000
758.770000	0.541425	-1.132287	1.378749	0.000000	0.000000
758.780000	0.541427	-1.132288	1.378748	0.000000	0.000000
758.790000	0.541429	-1.132291	1.378747	0.000000	0.000000
758.800000	0.541431	-1.132294	1.378746	0.000000	0.000000
758.810000	0.541433	-1.132297	1.378745	0.000000	0.000000
758.820000	0.541436	-1.132300	1.378744	0.000000	0.000000
758.830000	0.541439	-1.132303	1.378743	0.000000	0.000000
758.840000	0.541441	-1.132305	1.378742	0.000000	0.000000
758.850000	0.541443	-1.132304	1.378741	0.000000	0.000000
758.860000	0.541444	-1.132299	1.378740	0.000000	0.000000
758.870000	0.541444	-1.132294	1.378739	0.000000	0.000000
758.880000	0.541445	-1.132290	1.378738	0.000000	0.000000
758.890000	0.541447	-1.132287	1.378737	0.000000	0.000000
758.900000	0.541448	-1.132284	1.378736	0.000000	0.000000
758.910000	0.541449	-1.132281	1.378735	0.000000	0.000000
758.920000	0.541451	-1.132277	1.378734	0.000000	0.000000
758.930000	0.541451	-1.132273	1.378734	0.000000	0.000000
758.940000	0.541452	-1.132267	1.378733	0.000000	0.000000
758.950000	0.541452	-1.132262	1.378732	0.000000	0.000000
758.960000	0.541451	-1.132256	1.378731	0.000000	0.000000
758.970000	0.541452	-1.132251	1.378730	0.000000	0.000000
758.980000	0.541452	-1.132246	1.378730	0.000000	0.000000
758.990000	0.541453	-1.132241	1.378729	0.000000	0.000000
759.000000	0.541454	-1.132235	1.378728	0.000000	0.000000
759.010000	0.541455	-1.132229	1.378727	0.000000	0.000000
759.020000	0.541455	-1.132222	1.378727	0.000000	0.000000
759.030000	0.541454	-1.132214	1.378726	0.000000	0.000000
759.040000	0.541454	-1.132206	1.378725	0.000000	0.000000
759.050000	0.541455	-1.132199	1.378725	0.000000	0.000000
759.060000	0.541456	-1.132196	1.378724	0.000000	0.000000
759.070000	0.541458	-1.132194	1.378724	0.000000	0.000000
759.080000	0.541461	-1.132194	1.378723	0.000000	0.000000
759.090000	0.541463	-1.132194	1.378722	0.000000	0.000000
759.100000	0.541466	-1.132194	1.378722	0.000000	0.000000
759.110000	0.541469	-1.132192	1.378721	0.000000	0.000000
759.120000	0.541471	-1.132190	1.378721	0.000000	0.000000
759.130000	0.541473	-1.132188	1.378720	0.000000	0.000000
759.140000	0.541475	-1.132185	1.378720	0.000000	0.000000
759.150000	0.541477	-1.132181	1.378719	0.000000	0.000000
759.160000	0.541478	-1.132175	1.378719	0.000000	0.000000
759.170000	0.541479	-1.132168	1.378718	0.000000	0.000000
759.180000	0.541479	-1.132159	1.378718	0.000000	0.000000
759.190000	0.541479	-1.132150	1.378718	0.000000	0.000000
759.200000	0.541480	-1.132141	1.378717	0.000000	0.000000
759.210000	0.541480	-1.132132	1.378717	0.000000	0.000000
759.220000	0.541480	-1.132122	1.378717	0.000000	0.000000
759.230000	0.541480	-1.132113	1.378717	0.000000	0.000000
759.240000	0.541480	-1.132105	1.378717	0.000000	0.000000
759.250000	0.541480	-1.132096	1.378717	0.000000	0.000000
759.260000	0.541481	-1.132089	1.378717	0.000000	0.000000
759.270000	0.541482	-1.132083	1.378717	0.000000	0.000000
759.280000	0.541484	-1.132078	1.378717	0.000000	0.000000
759.290000	0.541485	-1.132074	1.378717	0.000000	0.000000
759.300000	0.541487	-1.132069	1.378717	0.000000	0.000000
759.310000	0.541490	-1.132064	1.378717	0.000000	0.000000
759.320000	0.541491	-1.132056	1.378717	0.000000	0.000000
759.330000	0.541491	-1.132044	1.378718	0.000000	0.000000
759.340000	0.541490	-1.132029	1.378718	0.000000	0.000000
759.350000	0.541489	-1.132014	1.378718	0.000000	0.000000
759.360000	0.541489	-1.132005	1.378718	0.000000	0.000000
759.370000	0.541490	-1.131999	1.378718	0.000000	0.000000
759.380000	0.541493	-1.131997	1.378718	0.000000	0.000000
759.390000	0.541495	-1.131995	1.378718	0.000000	0.000000
759.400000	0.541496	-1.131993	1.378719	0.000000	0.000000
759.410000	0.541497	-1.131989	1.378719	0.000000	0.000000
759.420000	0.541497	-1.131984	1.378719	0.000000	0.000000
759.430000	0.541497	-1.131978	1.378719	0.000000	0.000000
759.440000	0.541497	-1.131972	1.378719	0.000000	0.000000
759.450000	0.541497	-1.131966	1.378719	0.000000	0.000000
759.460000	0.541497	-1.131962	1.378720	0.000000	0.000000
759.470000	0.541498	-1.131958	1.378720	0.000000	0.000000
759.480000	0.541499	-1.131955	1.378720	0.000000	0.000000
759.490000	0.541501	-1.131953	1.378720	0.000000	0.000000
759.500000	0.541501	-1.131950	1.378720	0.000000	0.000000
759.510000	0.541502	-1.131948	1.378721	0.000000	0.000000
759.520000	0.541503	-1.131946	1.378721	0.000000	0.000000
759.530000	0.541503	-1.131944	1.378721	0.000000	0.000000
759.540000	0.541504	-1.131944	1.378721	0.000000	0.000000
759.550000	0.541505	-1.131944	1.378721	0.000000	0.000000
759.560000	0.541506	-1.131944	1.378721	0.000000	0.000000
759.570000	0.541506	-1.131945	1.378721	0.000000	0.000000
759.580000	0.541507	-1.131944	1.378721	0.000000	0.000000
759.590000	0.541507	-1.131944	1.378720	0.000000	0.000000
759.600000	0.541507	-1.131943	1.378720	0.000000	0.000000
759.610000	0.541508	-1.131942	1.378720	0.000000	0.000000
759.620000	0.541508	-1.131939	1.378720	0.000000	0.000000
759.630000	0.541508	-1.131934	1.378720	0.000000	0.000000
759.640000	0.541507	-1.131928	1.378719	0.000000	0.000000
759.650000	0.541506	-1.131921	1.378719	0.000000	0.000000
759.660000	0.541505	-1.131916	1.378719	0.000000	0.000000
759.670000	0.541505	-1.131911	1.378719	0.000000	0.000000
759.680000	0.541506	-1.131908	1.378719	0.000000	0.000000
759.690000	0.541507	-1.131905	1.378719	0.000000	0.000000
759.700000	0.541507	-1.131902	1.378719	0.000000	0.000000
759.710000	0.541507	-1.131898	1.378718	0.000000	0.000000
759.720000	0.541506	-1.131893	1.378718	0.000000	0.000000
759.730000	0.541506	-1.131886	1.378718	0.000000	0.000000
759.740000	0.541505	-1.131877	1.378718	0.000000	0.000000
759.750000	0.541504	-1.131868	1.378718	0.000000	0.000000
759.760000	0.541503	-1.131861	1.378718	0.000000	0.000000
759.770000	0.541503	-1.131856	1.378719	0.000000	0.000000
759.780000	0.541503	-1.131853	1.378719	0.000000	0.000000
759.790000	0.541504	-1.131852	1.378719	0.000000	0.000000
759.800000	0.541505	-1.131851	1.378719	0.000000	0.000000
759.810000	0.541506	-1.131851	1.378719	0.000000	0.000000
759.820000	0.541507	-1.131851	1.378720	0.000000	0.000000
759.830000	0.541508	-1.131850	1.378720	0.000000	0.000000
759.840000	0.541508	-1.131848	1.378720	0.000000	0.000000
759.850000	0.541509	-1.131846	1.378721	0.000000	0.000000
759.860000	0.541509	-1.131844	1.378721	0.000000	0.000000
759.870000	0.541510	-1.131841	1.378721	0.000000	0.000000
759.880000	0.541509	-1.131839	1.378722	0.000000	0.000000
759.890000	0.541508	-1.131837	1.378722	0.000000	0.000000
759.900000	0.541508	-1.131835	1.378723	0.000000	0.000000
759.910000	0.541508	-1.131832	1.378723	0.000000	0.000000
759.920000	0.541507	-1.131828	1.378724	0.000000	0.000000
759.930000	0.541506	-1.131823	1.378725	0.000000	0.000000
759.940000	0.541504	-1.131817	1.378725	0.000000	0.000000
759.950000	0.541501	-1.131810	1.378726	0.000000	0.000000
759.960000	0.541499	-1.131803	1.378726	0.000000	0.000000
759.970000	0.541498	-1.131797	1.378727	0.000000	0.000000
759.980000	0.541496	-1.131792	1.378728	0.000000	0.000000
759.990000	0.541495	-1.131787	1.378729	0.000000	0.000000
760.000000	0.541494	-1.131783	1.378729	0.000000	0.000000
760.010000	0.541493	-1.131778	1.378730	0.000000	0.000000
760.020000	0.541491	-1.131774	1.378731	0.000000	0.000000
760.030000	0.541490	-1.131770	1.378732	0.000000	0.000000
760.040000	0.541488	-1.131765	1.378733	0.000000	0.000000
760.050000	0.541486	-1.131760	1.378734	0.000000	0.000000
760.060000	0.541485	-1.131757	1.378735	0.000000	0.000000
760.070000	0.541484	-1.131754	1.378736	0.000000	0.000000
760.080000	0.541483	-1.131752	1.378736	0.000000	0.000000
760.090000	0.541482	-1.131751	1.378737	0.000000	0.000000
760.100000	0.541481	-1.131750	1.378738	0.000000	0.000000
760.110000	0.541480	-1.131748	1.378739	0.000000	0.000000
760.120000	0.541478	-1.131746	1.378740	0.000000	0.000000
760.130000	0.541476	-1.131742	1.378741	0.000000	0.000000
760.140000	0.541474	-1.131737	1.378742	0.000000	0.000000
760.150000	0.541471	-1.131732	1.378743	0.000000	0.000000
760.160000	0.541469	-1.131728	1.378744	0.000000	0.000000
760.170000	0.541468	-1.131725	1.378745	0.000000	0.000000
760.180000	0.541467	-1.131723	1.378746	0.000000	0.000000
760.190000	0.541466	-1.131722	1.378747	0.000000	0.000000
760.200000	0.541464	-1.131720	1.378748	0.000000	0.000000
760.210000	0.541463	-1.131719	1.378749	0.000000	0.000000
760.220000	0.541462	-1.131717	1.378750	0.000000	0.000000
760.230000	0.541461	-1.131715	1.378751	0.000000	0.000000
760.240000	0.541460	-1.131714	1.378752	0.000000	0.000000
760.250000	0.541459	-1.131712	1.378753	0.000000	0.000000
760.260000	0.541458	-1.131710	1.378754	0.000000	0.000000
760.270000	0.541458	-1.131708	1.378755	0.000000	0.000000
760.280000	0.541456	-1.131704	1.378756	0.000000	0.000000
760.290000	0.541455	-1.131701	1.378756	0.000000	0.000000
760.300000	0.541454	-1.131697	1.378757	0.000000	0.000000
760.310000	0.541452	-1.131694	1.378758	0.000000	0.000000
760.320000	0.541451	-1.131692	1.378759	0.000000	0.000000
760.330000	0.541450	-1.131691	1.378760	0.000000	0.000000
760.340000	0.541449	-1.131691	1.378760	0.000000	0.000000
760.350000	0.541449	-1.131692	1.378761	0.000000	0.000000
760.360000	0.541448	-1.131694	1.378762	0.000000	0.000000
760.370000	0.541449	-1.131697	1.378762	0.000000	0.000000
760.380000	0.541449	-1.131701	1.378763	0.000000	0.000000
760.390000	0.541451	-1.131705	1.378763	0.000000	0.000000
760.400000	0.541452	-1.131709	1.378764	0.000000	0.000000
760.410000	0.541453	-1.131713	1.378764	0.000000	0.000000
760.420000	0.541455	-1.131717	1.378765	0.000000	0.000000
760.430000	0.541456	-1.131721	1.378765	0.000000	0.000000
760.440000	0.541456	-1.131723	1.378765	0.000000	0.000000
760.450000	0.541457	-1.131724	1.378766	0.000000	0.000000
760.460000	0.541456	-1.131723	1.378766	0.000000	0.000000
760.470000	0.541455	-1.131719	1.378766	0.000000	0.000000
760.480000	0.541454	-1.131715	1.378766	0.000000	0.000000
760.490000	0.541454	-1.131710	1.378767	0.000000	0.000000
760.500000	0.541453	-1.131706	1.378767	0.000000	0.000000
760.510000	0.541453	-1.131703	1.378767	0.000000	0.000000
760.520000	0.541453	-1.131700	1.378767	0.000000	0.000000
760.530000	0.541453	-1.131697	1.378768	0.000000	0.000000
760.540000	0.541453	-1.131694	1.378768	0.000000	0.000000
760.550000	0.541452	-1.131690	1.378768	0.000000	0.000000
760.560000	0.541452	-1.131686	1.378769	0.000000	0.000000
760.570000	0.541452	-1.131681	1.378769	0.000000	0.000000
760.580000	0.541452	-1.131676	1.378769	0.000000	0.000000
760.590000	0.541452	-1.131670	1.378769	0.000000	0.000000
760.600000	0.541451	-1.131665	1.378769	0.000000	0.000000
760.610000	0.541451	-1.131660	1.378770	0.000000	0.000000
760.620000	0.541452	-1.131656	1.378770	0.000000	0.000000
760.630000	0.541453	-1.131653	1.378770	0.000000	0.000000
760.640000	0.541455	-1.131651	1.378770	0.000000	0.000000
760.650000	0.541457	-1.131650	1.378770	0.000000	0.000000
760.660000	0.541460	-1.131652	1.378770	0.000000	0.000000
760.670000	0.541464	-1.131655	1.378770	0.000000	0.000000
760.680000	0.541468	-1.131658	1.378770	0.000000	0.000000
760.690000	0.541471	-1.131660	1.378770	0.000000	0.000000
760.700000	0.541474	-1.131660	1.378769	0.000000	0.000000
760.710000	0.541475	-1.131658	1.378769	0.000000	0.000000
760.720000	0.541477	-1.131652	1.378769	0.000000	0.000000
760.730000	0.541477	-1.131643	1.378769	0.000000	0.000000
760.740000	0.541478	-1.131635	1.378769	0.000000	0.000000
760.750000	0.541479	-1.131630	1.378769	0.000000	0.000000
760.760000	0.541482	-1.131626	1.378769	0.000000	0.000000
760.770000	0.541485	-1.131625	1.378770	0.000000	0.000000
760.780000	0.541488	-1.131625	1.378770	0.000000	0.000000
760.790000	0.541491	-1.131625	1.378770	0.000000	0.000000
760.800000	0.541494	-1.131624	1.378771	0.000000	0.000000
760.810000	0.541497	-1.131622	1.378771	0.000000	0.000000
760.820000	0.541499	-1.131619	1.378772	0.000000	0.000000
760.830000	0.541502	-1.131614	1.378772	0.000000	0.000000
760.840000	0.541505	-1.131609	1.378773	0.000000	0.000000
760.850000	0.541507	-1.131602	1.378774	0.000000	0.000000
760.860000	0.541508	-1.131593	1.378775	0.000000	0.000000
760.870000	0.541509	-1.131583	1.378775	0.000000	0.000000
760.880000	0.541508	-1.131570	1.378776	0.000000	0.000000
760.890000	0.541508	-1.131557	1.378777	0.000000	0.000000
760.900000	0.541508	-1.131543	1.378778	0.000000	0.000000
760.910000	0.541508	-1.131529	1.378779	0.000000	0.000000
760.920000	0.541508	-1.131515	1.378781	0.000000	0.000000
760.930000	0.541508	-1.131503	1.378782	0.000000	0.000000
760.940000	0.541508	-1.131492	1.378783	0.000000	0.000000
760.950000	0.541509	-1.131481	1.378784	0.000000	0.000000
760.960000	0.541510	-1.131471	1.378785	0.000000	0.000000
760.970000	0.541511	-1.131463	1.378787	0.000000	0.000000
760.980000	0.541513	-1.131456	1.378788	0.000000	0.000000
760.990000	0.541514	-1.131450	1.378790	0.000000	0.000000
761.000000	0.541516	-1.131445	1.378791	0.000000	0.000000
761.010000	0.541517	-1.131440	1.378792	0.000000	0.000000
761.020000	0.541517	-1.131435	1.378794	0.000000	0.000000
761.030000	0.541517	-1.131429	1.378795	0.000000	0.000000
761.040000	0.541518	-1.131424	1.378796	0.000000	0.000000
761.050000	0.541518	-1.131419	1.378798	0.000000	0.000000
761.060000	0.541519	-1.131413	1.378799	0.000000	0.000000
761.070000	0.541519	-1.131407	1.378800	0.000000	0.000000
761.080000	0.541519	-1.131401	1.378802	0.000000	0.000000
761.090000	0.541519	-1.131395	1.378803	0.000000	0.000000
761.100000	0.541519	-1.131389	1.378805	0.000000	0.000000
761.110000	0.541519	-1.131384	1.378806	0.000000	0.000000
761.120000	0.541519	-1.131377	1.378807	0.000000	0.000000
761.130000	0.541518	-1.131369	1.378809	0.000000	0.000000
761.140000	0.541517	-1.131361	1.378810	0.000000	0.000000
761.150000	0.541517	-1.131357	1.378812	0.000000	0.000000
761.160000	0.541518	-1.131355	1.378813	0.000000	0.000000
761.170000	0.541521	-1.131355	1.378814	0.000000	0.000000
761.180000	0.541523	-1.131356	1.378816	0.000000	0.000000
761.190000	0.541525	-1.131356	1.378817	0.000000	0.000000
761.200000	0.541527	-1.131354	1.378818	0.000000	0.000000
761.210000	0.541527	-1.131348	1.378820	0.000000	0.000000
761.220000	0.541526	-1.131339	1.378821	0.000000	0.000000
761.230000	0.541525	-1.131328	1.378822	0.000000	0.000000
761.240000	0.541525	-1.131320	1.378824	0.000000	0.000000
761.250000	0.541526	-1.131316	1.378825	0.000000	0.000000
761.260000	0.541527	-1.131313	1.378826	0.000000	0.000000
761.270000	0.541529	-1.131312	1.378827	0.000000	0.000000
761.280000	0.541531	-1.131310	1.378829	0.000000	0.000000
761.290000	0.541532	-1.131307	1.378830	0.000000	0.000000
761.300000	0.541533	-1.131306	1.378831	0.000000	0.000000
761.310000	0.541533	-1.131304	1.378832	0.000000	0.000000
761.320000	0.541533	-1.131301	1.378834	0.000000	0.000000
761.330000	0.541533	-1.131298	1.378835	0.000000	0.000000
761.340000	0.541533	-1.131293	1.378836	0.000000	0.000000
761.350000	0.541532	-1.131287	1.378838	0.000000	0.000000
761.360000	0.541531	-1.131281	1.378839	0.000000	0.000000
761.370000	0.541530	-1.131276	1.378841	0.000000	0.000000
761.380000	0.541530	-1.131273	1.378842	0.000000	0.000000
761.390000	0.541532	-1.131270	1.378844	0.000000	0.000000
761.400000	0.541533	-1.131268	1.378845	0.000000	0.000000
761.410000	0.541533	-1.131266	1.378847	0.000000	0.000000
761.420000	0.541534	-1.131262	1.378848	0.000000	0.000000
761.430000	0.541534	-1.131258	1.378850	0.000000	0.000000
761.440000	0.541535	-1.131253	1.378851	0.000000	0.000000
761.450000	0.541535	-1.131248	1.378853	0.000000	0.000000
761.460000	0.541535	-1.131241	1.378854	0.000000	0.000000
761.470000	0.541535	-1.131232	1.378856	0.000000	0.000000
761.480000	0.541534	-1.131221	1.378857	0.000000	0.000000
761.490000	0.541533	-1.131209	1.378859	0.000000	0.000000
761.500000	0.541532	-1.131197	1.378860	0.000000	0.000000
761.510000	0.541531	-1.131186	1.378862	0.000000	0.000000
761.520000	0.541531	-1.131176	1.378863	0.000000	0.000000
761.530000	0.541530	-1.131167	1.378865	0.000000	0.000000
761.540000	0.541529	-1.131158	1.378866	0.000000	0.000000
761.550000	0.541529	-1.131149	1.378868	0.000000	0.000000
761.560000	0.541528	-1.131140	1.378869	0.000000	0.000000
761.570000	0.541528	-1.131131	1.378870	0.000000	0.000000
761.580000	0.541527	-1.131122	1.378871	0.000000	0.000000
761.590000	0.541528	-1.131115	1.378873	0.000000	0.000000
761.600000	0.541528	-1.131108	1.378874	0.000000	0.000000
761.610000	0.541528	-1.131101	1.378875	0.000000	0.000000
761.620000	0.541529	-1.131095	1.378876	0.000000	0.000000
761.630000	0.541529	-1.131088	1.378877	0.000000	0.000000
761.640000	0.541529	-1.131081	1.378878	0.000000	0.000000
761.650000	0.541529	-1.131074	1.378879	0.000000	0.000000
761.660000	0.541531	-1.131069	1.378880	0.000000	0.000000
761.670000	0.541533	-1.131067	1.378881	0.000000	0.000000
761.680000	0.541537	-1.131067	1.378881	0.000000	0.000000
761.690000	0.541540	-1.131068	1.378882	0.000000	0.000000
761.700000	0.541544	-1.131069	1.378883	0.000000	0.000000
761.710000	0.541547	-1.131068	1.378884	0.000000	0.000000
761.720000	0.541549	-1.131065	1.378885	0.000000	0.000000
761.730000	0.541552	-1.131063	1.378886	0.000000	0.000000
761.740000	0.541554	-1.131059	1.378887	0.000000	0.000000
761.750000	0.541556	-1.131054	1.378888	0.000000	0.000000
761.760000	0.541558	-1.131048	1.378889	0.000000	0.000000
761.770000	0.541559	-1.131042	1.378890	0.000000	0.000000
761.780000	0.541561	-1.131035	1.378891	0.000000	0.000000
761.790000	0.541563	-1.131029	1.378893	0.000000	0.000000
761.800000	0.541565	-1.131023	1.378894	0.000000	0.000000
761.810000	0.541567	-1.131018	1.378895	0.000000	0.000000
761.820000	0.541569	-1.131013	1.378897	0.000000	0.000000
761.830000	0.541572	-1.131009	1.378898	0.000000	0.000000
761.840000	0.541574	-1.131004	1.378900	0.000000	0.000000
761.850000	0.541577	-1.130999	1.378901	0.000000	0.000000
761.860000	0.541579	-1.130993	1.378903	0.000000	0.000000
761.870000	0.541581	-1.130986	1.378904	0.000000	0.000000
761.880000	0.541582	-1.130979	1.378906	0.000000	0.000000
761.890000	0.541582	-1.130969	1.378907	0.000000	0.000000
761.900000	0.541582	-1.130959	1.378909	0.000000	0.000000
761.910000	0.541581	-1.130947	1.378911	0.000000	0.000000
761.920000	0.541580	-1.130935	1.378912	0.000000	0.000000
761.930000	0.541580	-1.130923	1.378914	0.000000	0.000000
761.940000	0.541580	-1.130912	1.378915	0.000000	0.000000
761.950000	0.541579	-1.130901	1.378917	0.000000	0.000000
761.960000	0.541579	-1.130891	1.378918	0.000000	0.000000
761.970000	0.541578	-1.130881	1.378920	0.000000	0.000000
761.980000	0.541578	-1.130873	1.378921	0.000000	0.000000
761.990000	0.541579	-1.130867	1.378923	0.000000	0.000000
762.000000	0.541580	-1.130862	1.378924	0.000000	0.000000
762.010000	0.541582	-1.130857	1.378925	0.000000	0.000000
762.020000	0.541583	-1.130852	1.378927	0.000000	0.000000
762.030000	0.541585	-1.130846	1.378928	0.000000	0.000000
762.040000	0.541585	-1.130837	1.378929	0.000000	0.000000
762.050000	0.541585	-1.130825	1.378930	0.000000	0.000000
762.060000	0.541584	-1.130814	1.378931	0.000000	0.000000
762.070000	0.541585	-1.130806	1.378932	0.000000	0.000000
762.080000	0.541587	-1.130802	1.378933	0.000000	0.000000
762.090000	0.541590	-1.130798	1.378935	0.000000	0.000000
762.100000	0.541592	-1.130793	1.378936	0.000000	0.000000
762.110000	0.541594	-1.130787	1.378937	0.000000	0.000000
762.120000	0.541596	-1.130780	1.378938	0.000000	0.000000
762.130000	0.541597	-1.130774	1.378939	0.000000	0.000000
762.140000	0.541599	-1.130768	1.378939	0.000000	0.000000
762.150000	0.541601	-1.130761	1.378940	0.000000	0.000000
762.160000	0.541603	-1.130754	1.378941	0.000000	0.000000
762.170000	0.541604	-1.130746	1.378942	0.000000	0.000000
762.180000	0.541605	-1.130736	1.378943	0.000000	0.000000
762.190000	0.541605	-1.130723	1.378944	0.000000	0.000000
762.200000	0.541604	-1.130709	1.378945	0.000000	0.000000
762.210000	0.541603	-1.130694	1.378946	0.000000	0.000000
762.220000	0.541604	-1.130681	1.378946	0.000000	0.000000
762.230000	0.541604	-1.130670	1.378947	0.000000	0.000000
762.240000	0.541605	-1.130661	1.378948	0.000000	0.000000
762.250000	0.541605	-1.130653	1.378949	0.000000	0.000000
762.260000	0.541607	-1.130647	1.378949	0.000000	0.000000
762.270000	0.541608	-1.130642	1.378950	0.000000	0.000000
762.280000	0.541610	-1.130638	1.378951	0.000000	0.000000
762.290000	0.541612	-1.130634	1.378951	0.000000	0.000000
762.300000	0.541615	-1.130631	1.378952	0.000000	0.000000
762.310000	0.541617	-1.130629	1.378952	0.000000	0.000000
762.320000	0.541620	-1.130626	1.378953	0.000000	0.000000
762.330000	0.541621	-1.130622	1.378953	0.000000	0.000000
762.340000	0.541623	-1.130618	1.378954	0.000000	0.000000
762.350000	0.541625	-1.130615	1.378954	0.000000	0.000000
762.360000	0.541628	-1.130614	1.378954	0.000000	0.000000
762.370000	0.541631	-1.130611	1.378954	0.000000	0.000000
762.380000	0.541632	-1.130606	1.378955	0.000000	0.000000
762.390000	0.541633	-1.130598	1.378955	0.000000	0.000000
762.400000	0.541634	-1.130589	1.378955	0.000000	0.000000
762.410000	0.541635	-1.130581	1.378955	0.000000	0.000000
762.420000	0.541636	-1.130576	1.378955	0.000000	0.000000
762.430000	0.541637	-1.130570	1.378955	0.000000	0.000000
762.440000	0.541637	-1.130564	1.378955	0.000000	0.000000
762.450000	0.541639	-1.130559	1.378955	0.000000	0.000000
762.460000	0.541641	-1.130556	1.378956	0.000000	0.000000
762.470000	0.541643	-1.130555	1.378956	0.000000	0.000000
762.480000	0.541645	-1.130555	1.378956	0.000000	0.000000
762.490000	0.541647	-1.130555	1.378957	0.000000	0.000000
762.500000	0.541649	-1.130554	1.378957	0.000000	0.000000
762.510000	0.541651	-1.130554	1.378958	0.000000	0.000000
762.520000	0.541653	-1.130554	1.378958	0.000000	0.000000
762.530000	0.541655	-1.130554	1.378959	0.000000	0.000000
762.540000	0.541658	-1.130554	1.378959	0.000000	0.000000
762.550000	0.541660	-1.130555	1.378960	0.000000	0.000000
762.560000	0.541663	-1.130554	1.378961	0.000000	0.000000
762.570000	0.541665	-1.130554	1.378961	0.000000	0.000000
762.580000	0.541666	-1.130552	1.378962	0.000000	0.000000
762.590000	0.541668	-1.130550	1.378963	0.000000	0.000000
762.600000	0.541670	-1.130547	1.378964	0.000000	0.000000
762.610000	0.541672	-1.130543	1.378965	0.000000	0.000000
762.620000	0.541674	-1.130539	1.378966	0.000000	0.000000
762.630000	0.541676	-1.130533	1.378967	0.000000	0.000000
762.640000	0.541677	-1.130527	1.378968	0.000000	0.000000
762.650000	0.541678	-1.130521	1.378969	0.000000	0.000000
762.660000	0.541679	-1.130513	1.378970	0.000000	0.000000
762.670000	0.541679	-1.130505	1.378971	0.000000	0.000000
762.680000	0.541680	-1.130498	1.378972	0.000000	0.000000
762.690000	0.541680	-1.130490	1.378973	0.000000	0.000000
762.700000	0.541681	-1.130483	1.378974	0.000000	0.000000
762.710000	0.541681	-1.130476	1.378976	0.000000	0.000000
762.720000	0.541682	-1.130469	1.378977	0.000000	0.000000
762.730000	0.541682	-1.130463	1.378978	0.000000	0.000000
762.740000	0.541683	-1.130458	1.378979	0.000000	0.000000
762.750000	0.541685	-1.130453	1.378981	0.000000	0.000000
762.760000	0.541687	-1.130450	1.378982	0.000000	0.000000
762.770000	0.541689	-1.130446	1.378983	0.000000	0.000000
762.780000	0.541690	-1.130442	1.378985	0.000000	0.000000
762.790000	0.541691	-1.130438	1.378986	0.000000	0.000000
762.800000	0.541692	-1.130432	1.378987	0.000000	0.000000
762.810000	0.541693	-1.130425	1.378989	0.000000	0.000000
762.820000	0.541693	-1.130417	1.378990	0.000000	0.000000
762.830000	0.541694	-1.130408	1.378991	0.000000	0.000000
762.840000	0.541694	-1.130398	1.378993	0.000000	0.000000
762.850000	0.541694	-1.130388	1.378994	0.000000	0.000000
762.860000	0.541693	-1.130377	1.378996	0.000000	0.000000
762.870000	0.541693	-1.130365	1.378997	0.000000	0.000000
762.880000	0.541692	-1.130353	1.378999	0.000000	0.000000
762.890000	0.541691	-1.130341	1.379000	0.000000	0.000000
762.900000	0.541690	-1.130329	1.379002	0.000000	0.000000
762.910000	0.541688	-1.130316	1.379003	0.000000	0.000000
762.920000	0.541687	-1.130303	1.379005	0.000000	0.000000
762.930000	0.541685	-1.130289	1.379007	0.000000	0.000000
762.940000	0.541683	-1.130274	1.379008	0.000000	0.000000
762.950000	0.541681	-1.130258	1.379010	0.000000	0.000000
762.960000	0.541679	-1.130242	1.379011	0.000000	0.000000
762.970000	0.541678	-1.130227	1.379013	0.000000	0.000000
762.980000	0.541677	-1.130212	1.379015	0.000000	0.000000
762.990000	0.541676	-1.130199	1.379016	0.000000	0.000000
763.000000	0.541676	-1.130188	1.379018	0.000000	0.000000
763.010000	0.541676	-1.130178	1.379019	0.000000	0.000000
763.020000	0.541677	-1.130169	1.379021	0.000000	0.000000
763.030000	0.541678	-1.130161	1.379022	0.000000	0.000000
763.040000	0.541679	-1.130152	1.379024	0.000000	0.000000
763.050000	0.541680	-1.130143	1.379025	0.000000	0.000000
763.060000	0.541680	-1.130134	1.379026	0.000000	0.000000
763.070000	0.541681	-1.130125	1.379028	0.000000	0.000000
763.080000	0.541682	-1.130116	1.379029	0.000000	0.000000
763.090000	0.541682	-1.130108	1.379030	0.000000	0.000000
763.100000	0.541682	-1.130101	1.379031	0.000000	0.000000
763.110000	0.541683	-1.130095	1.379032	0.000000	0.000000
763.120000	0.541684	-1.130090	1.379033	0.000000	0.000000
763.130000	0.541685	-1.130084	1.379034	0.000000	0.000000
763.140000	0.541686	-1.130076	1.379035	0.000000	0.000000
763.150000	0.541685	-1.130065	1.379036	0.000000	0.000000
763.160000	0.541684	-1.130053	1.379036	0.000000	0.000000
763.170000	0.541683	-1.130042	1.379037	0.000000	0.000000
763.180000	0.541684	-1.130034	1.379038	0.000000	0.000000
763.190000	0.541685	-1.130028	1.379039	0.000000	0.000000
763.200000	0.541687	-1.130023	1.379040	0.000000	0.000000
763.210000	0.541688	-1.130018	1.379041	0.000000	0.000000
763.220000	0.541688	-1.130011	1.379042	0.000000	0.000000
763.230000	0.541689	-1.130004	1.379043	0.000000	0.000000
763.240000	0.541689	-1.129995	1.379044	0.000000	0.000000
763.250000	0.541689	-1.129985	1.379045	0.000000	0.000000
763.260000	0.541689	-1.129973	1.379046	0.000000	0.000000
763.270000	0.541688	-1.129959	1.379047	0.000000	0.000000
763.280000	0.541687	-1.129944	1.379048	0.000000	0.000000
763.290000	0.541685	-1.129928	1.379049	0.000000	0.000000
763.300000	0.541683	-1.129910	1.379050	0.000000	0.000000
763.310000	0.541680	-1.129892	1.379051	0.000000	0.000000
763.320000	0.541678	-1.129875	1.379052	0.000000	0.000000
763.330000	0.541677	-1.129861	1.379053	0.000000	0.000000
763.340000	0.541677	-1.129850	1.379053	0.000000	0.000000
763.350000	0.541678	-1.129841	1.379054	0.000000	0.000000
763.360000	0.541679	-1.129834	1.379054	0.000000	0.000000
763.370000	0.541680	-1.129827	1.379055	0.000000	0.000000
763.380000	0.541682	-1.129822	1.379055	0.000000	0.000000
763.390000	0.541684	-1.129819	1.379056	0.000000	0.000000
763.400000	0.541685	-1.129817	1.379056	0.000000	0.000000
763.410000	0.541688	-1.129817	1.379056	0.000000	0.000000
763.420000	0.541690	-1.129817	1.379056	0.000000	0.000000
763.430000	0.541693	-1.129817	1.379057	0.000000	0.000000
763.440000	0.541693	-1.129814	1.379057	0.000000	0.000000
763.450000	0.541694	-1.129809	1.379057	0.000000	0.000000
763.460000	0.541693	-1.129803	1.379057	0.000000	0.000000
763.470000	0.541692	-1.129796	1.379057	0.000000	0.000000
763.480000	0.541692	-1.129791	1.379057	0.000000	0.000000
763.490000	0.541690	-1.129785	1.379057	0.000000	0.000000
763.500000	0.541689	-1.129780	1.379057	0.000000	0.000000
763.510000	0.541687	-1.129775	1.379058	0.000000	0.000000
763.520000	0.541685	-1.129770	1.379058	0.000000	0.000000
763.530000	0.541684	-1.129765	1.379058	0.000000	0.000000
763.540000	0.541682	-1.129760	1.379058	0.000000	0.000000
763.550000	0.541680	-1.129755	1.379058	0.000000	0.000000
763.560000	0.541679	-1.129751	1.379058	0.000000	0.000000
763.570000	0.541678	-1.129747	1.379058	0.000000	0.000000
763.580000	0.541677	-1.129744	1.379058	0.000000	0.000000
763.590000	0.541676	-1.129742	1.379058	0.000000	0.000000
763.600000	0.541675	-1.129740	1.379058	0.000000	0.000000
763.610000	0.541674	-1.129739	1.379058	0.000000	0.000000
763.620000	0.541673	-1.129737	1.379058	0.000000	0.000000
763.630000	0.541672	-1.129735	1.379058	0.000000	0.000000
763.640000	0.541671	-1.129731	1.379058	0.000000	0.000000
763.650000	0.541669	-1.129727	1.379057	0.000000	0.000000
763.660000	0.541667	-1.129722	1.379057	0.000000	0.000000
763.670000	0.541665	-1.129718	1.379057	0.000000	0.000000
763.680000	0.541663	-1.129714	1.379057	0.000000	0.000000
763.690000	0.541662	-1.129713	1.379056	0.000000	0.000000
763.700000	0.541661	-1.129713	1.379056	0.000000	0.000000
763.710000	0.541660	-1.129713	1.379056	0.000000	0.000000
763.720000	0.541660	-1.129714	1.379055	0.000000	0.000000
763.730000	0.541660	-1.129715	1.379055	0.000000	0.000000
763.740000	0.541660	-1.129715	1.379054	0.000000	0.000000
763.750000	0.541660	-1.129715	1.379054	0.000000	0.000000
763.760000	0.541660	-1.129714	1.379054	0.000000	0.000000
763.770000	0.541660	-1.129712	1.379054	0.000000	0.000000
763.780000	0.541659	-1.129709	1.379053	0.000000	0.000000
763.790000	0.541659	-1.129706	1.379053	0.000000	0.000000
763.800000	0.541658	-1.129702	1.379053	0.000000	0.000000
763.810000	0.541657	-1.129698	1.379053	0.000000	0.000000
763.820000	0.541656	-1.129693	1.379052	0.000000	0.000000
763.830000	0.541655	-1.129688	1.379052	0.000000	0.000000
763.840000	0.541653	-1.129682	1.379052	0.000000	0.000000
763.850000	0.541652	-1.129676	1.379052	0.000000	0.000000
763.860000	0.541650	-1.129671	1.379052	0.000000	0.000000
763.870000	0.541648	-1.129665	1.379052	0.000000	0.000000
763.880000	0.541646	-1.129660	1.379052	0.000000	0.000000
763.890000	0.541644	-1.129656	1.379052	0.000000	0.000000
763.900000	0.541643	-1.129652	1.379052	0.000000	0.000000
763.910000	0.541642	-1.129649	1.379052	0.000000	0.000000
763.920000	0.541641	-1.129647	1.379052	0.000000	0.000000
763.930000	0.541641	-1.129646	1.379052	0.000000	0.000000
763.940000	0.541641	-1.129645	1.379052	0.000000	0.000000
763.950000	0.541641	-1.129645	1.379051	0.000000	0.000000
763.960000	0.541641	-1.129643	1.379051	0.000000	0.000000
763.970000	0.541640	-1.129642	1.379051	0.000000	0.000000
763.980000	0.541640	-1.129639	1.379051	0.000000	0.000000
763.990000	0.541639	-1.129635	1.379050	0.000000	0.000000
764.000000	0.541638	-1.129631	1.379050	0.000000	0.000000
764.010000	0.541636	-1.129626	1.379049	0.000000	0.000000
764.020000	0.541635	-1.129621	1.379049	0.000000	0.000000
764.030000	0.541633	-1.129617	1.379048	0.000000	0.000000
764.040000	0.541631	-1.129613	1.379048	0.000000	0.000000
764.050000	0.541629	-1.129608	1.379047	0.000000	0.000000
764.060000	0.541627	-1.129605	1.379047	0.000000	0.000000
764.070000	0.541626	-1.129602	1.379046	0.000000	0.000000
764.080000	0.541626	-1.129601	1.379046	0.000000	0.000000
764.090000	0.541625	-1.129599	1.379045	0.000000	0.000000
764.100000	0.541625	-1.129597	1.379044	0.000000	0.000000
764.110000	0.541624	-1.129595	1.379044	0.000000	0.000000
764.120000	0.541623	-1.129593	1.379043	0.000000	0.000000
764.130000	0.541622	-1.129589	1.379042	0.000000	0.000000
764.140000	0.541621	-1.129586	1.379042	0.000000	0.000000
764.150000	0.541620	-1.129583	1.379041	0.000000	0.000000
764.160000	0.541619	-1.129580	1.379040	0.000000	0.000000
764.170000	0.541618	-1.129578	1.379040	0.000000	0.000000
764.180000	0.541617	-1.129577	1.379039	0.000000	0.000000
764.190000	0.541617	-1.129575	1.379038	0.000000	0.000000
764.200000	0.541617	-1.129574	1.379038	0.000000	0.000000
764.210000	0.541616	-1.129572	1.379037	0.000000	0.000000
764.220000	0.541616	-1.129570	1.379036	0.000000	0.000000
764.230000	0.541615	-1.129569	1.379035	0.000000	0.000000
764.240000	0.541615	-1.129568	1.379034	0.000000	0.000000
764.250000	0.541614	-1.129569	1.379033	0.000000	0.000000
764.260000	0.541615	-1.129570	1.379032	0.000000	0.000000
764.270000	0.541615	-1.129569	1.379031	0.000000	0.000000
764.280000	0.541614	-1.129568	1.379030	0.000000	0.000000
764.290000	0.541613	-1.129565	1.379028	0.000000	0.000000
764.300000	0.541613	-1.129562	1.379027	0.000000	0.000000
764.310000	0.541612	-1.129559	1.379026	0.000000	0.000000
764.320000	0.541612	-1.129559	1.379024	0.000000	0.000000
764.330000	0.541613	-1.129561	1.379023	0.000000	0.000000
764.340000	0.541615	-1.129566	1.379021	0.000000	0.000000
764.350000	0.541617	-1.129571	1.379020	0.000000	0.000000
764.360000	0.541618	-1.129575	1.379018	0.000000	0.000000
764.370000	0.541619	-1.129578	1.379017	0.000000	0.000000
764.380000	0.541618	-1.129578	1.379015	0.000000	0.000000
764.390000	0.541618	-1.129578	1.379014	0.000000	0.000000
764.400000	0.541617	-1.129576	1.379012	0.000000	0.000000
764.410000	0.541616	-1.129575	1.379011	0.000000	0.000000
764.420000	0.541615	-1.129573	1.379009	0.000000	0.000000
764.430000	0.541614	-1.129571	1.379008	0.000000	0.000000
764.440000	0.541612	-1.129569	1.379006	0.000000	0.000000
764.450000	0.541612	-1.129568	1.379005	0.000000	0.000000
764.460000	0.541611	-1.129567	1.379004	0.000000	0.000000
764.470000	0.541610	-1.129567	1.379002	0.000000	0.000000
764.480000	0.541610	-1.129566	1.379001	0.000000	0.000000
764.490000	0.541609	-1.129565	1.378999	0.000000	0.000000
764.500000	0.541609	-1.129564	1.378998	0.000000	0.000000
764.510000	0.541608	-1.129563	1.378997	0.000000	0.000000
764.520000	0.541608	-1.129563	1.378995	0.000000	0.000000
764.530000	0.541608	-1.129563	1.378994	0.000000	0.000000
764.540000	0.541609	-1.129562	1.378992	0.000000	0.000000
764.550000	0.541609	-1.129563	1.378991	0.000000	0.000000
764.560000	0.541608	-1.129563	1.378990	0.000000	0.000000
764.570000	0.541608	-1.129564	1.378988	0.000000	0.000000
764.580000	0.541609	-1.129565	1.378986	0.000000	0.000000
764.590000	0.541609	-1.129565	1.378985	0.000000	0.000000
764.600000	0.541608	-1.129564	1.378983	0.000000	0.000000
764.610000	0.541607	-1.129560	1.378982	0.000000	0.000000
764.620000	0.541605	-1.129554	1.378980	0.000000	0.000000
764.630000	0.541604	-1.129550	1.378978	0.000000	0.000000
764.640000	0.541603	-1.129549	1.378977	0.000000	0.000000
764.650000	0.541603	-1.129551	1.378975	0.000000	0.000000
764.660000	0.541605	-1.129554	1.378973	0.000000	0.000000
764.670000	0.541606	-1.129559	1.378972	0.000000	0.000000
764.680000	0.541607	-1.129563	1.378970	0.000000	0.000000
764.690000	0.541607	-1.129567	1.378968	0.000000	0.000000
764.700000	0.541607	-1.129570	1.378967	0.000000	0.000000
764.710000	0.541607	-1.129571	1.378965	0.000000	0.000000
764.720000	0.541607	-1.129572	1.378963	0.000000	0.000000
764.730000	0.541606	-1.129573	1.378962	0.000000	0.000000
764.740000	0.541606	-1.129574	1.378960	0.000000	0.000000
764.750000	0.541605	-1.129574	1.378958	0.000000	0.000000
764.760000	0.541605	-1.129574	1.378957	0.000000	0.000000
764.770000	0.541605	-1.129573	1.378955	0.000000	0.000000
764.780000	0.541604	-1.129571	1.378953	0.000000	0.000000
764.790000	0.541604	-1.129569	1.378951	0.000000	0.000000
764.800000	0.541604	-1.129569	1.378949	0.000000	0.000000
764.810000	0.541603	-1.129568	1.378947	0.000000	0.000000
764.820000	0.541603	-1.129567	1.378945	0.000000	0.000000
764.830000	0.541603	-1.129567	1.378943	0.000000	0.000000
764.840000	0.541604	-1.129566	1.378940	0.000000	0.000000
764.850000	0.541604	-1.129564	1.378938	0.000000	0.000000
764.860000	0.541603	-1.129561	1.378936	0.000000	0.000000
764.870000	0.541603	-1.129559	1.378934	0.000000	0.000000
764.880000	0.541604	-1.129559	1.378932	0.000000	0.000000
764.890000	0.541604	-1.129559	1.378930	0.000000	0.000000
764.900000	0.541605	-1.129559	1.378927	0.000000	0.000000
764.910000	0.541605	-1.129559	1.378925	0.000000	0.000000
764.920000	0.541606	-1.129559	1.378923	0.000000	0.000000
764.930000	0.541607	-1.129559	1.378922	0.000000	0.000000
764.940000	0.541609	-1.129560	1.378920	0.000000	0.000000
764.950000	0.541610	-1.129561	1.378918	0.000000	0.000000
764.960000	0.541612	-1.129561	1.378917	0.000000	0.000000
764.970000	0.541613	-1.129560	1.378915	0.000000	0.000000
764.980000	0.541613	-1.129558	1.378914	0.000000	0.000000
764.990000	0.541612	-1.129554	1.378912	0.000000	0.000000
765.000000	0.541611	-1.129550	1.378911	0.000000	0.000000
765.010000	0.541610	-1.129546	1.378910	0.000000	0.000000
765.020000	0.541609	-1.129543	1.378908	0.000000	0.000000
765.030000	0.541607	-1.129541	1.378907	0.000000	0.000000
765.040000	0.541606	-1.129539	1.378906	0.000000	0.000000
765.050000	0.541605	-1.129538	1.378905	0.000000	0.000000
765.060000	0.541604	-1.129538	1.378904	0.000000	0.000000
765.070000	0.541604	-1.129538	1.378903	0.000000	0.000000
765.080000	0.541603	-1.129539	1.378902	0.000000	0.000000
765.090000	0.541604	-1.129541	1.378900	0.000000	0.000000
765.100000	0.541604	-1.129543	1.378899	0.000000	0.000000
765.110000	0.541604	-1.129545	1.378898	0.000000	0.000000
765.120000	0.541604	-1.129546	1.378897	0.000000	0.000000
765.130000	0.541604	-1.129547	1.378896	0.000000	0.000000
765.140000	0.541603	-1.129546	1.378895	0.000000	0.000000
765.150000	0.541602	-1.129544	1.378893	0.000000	0.000000
765.160000	0.541601	-1.129543	1.378892	0.000000	0.000000
765.170000	0.541601	-1.129542	1.378891	0.000000	0.000000
765.180000	0.541600	-1.129541	1.378890	0.000000	0.000000
765.190000	0.541600	-1.129539	1.378889	0.000000	0.000000
765.200000	0.541600	-1.129538	1.378887	0.000000	0.000000
765.210000	0.541600	-1.129536	1.378886	0.000000	0.000000
765.220000	0.541600	-1.129535	1.378885	0.000000	0.000000
765.230000	0.541600	-1.129535	1.378884	0.000000	0.000000
765.240000	0.541600	-1.129534	1.378882	0.000000	0.000000
765.250000	0.541600	-1.129532	1.378881	0.000000	0.000000
765.260000	0.541599	-1.129529	1.378880	0.000000	0.000000
765.270000	0.541598	-1.129524	1.378879	0.000000	0.000000
765.280000	0.541595	-1.129515	1.378877	0.000000	0.000000
765.290000	0.541593	-1.129506	1.378876	0.000000	0.000000
765.300000	0.541592	-1.129499	1.378875	0.000000	0.000000
765.310000	0.541591	-1.129496	1.378873	0.000000	0.000000
765.320000	0.541591	-1.129496	1.378872	0.000000	0.000000
765.330000	0.541592	-1.129498	1.378870	0.000000	0.000000
765.340000	0.541593	-1.129501	1.378869	0.000000	0.000000
765.350000	0.541595	-1.129506	1.378867	0.000000	0.000000
765.360000	0.541597	-1.129511	1.378866	0.000000	0.000000
765.370000	0.541600	-1.129516	1.378864	0.000000	0.000000
765.380000	0.541601	-1.129520	1.378863	0.000000	0.000000
765.390000	0.541602	-1.129523	1.378861	0.000000	0.000000
765.400000	0.541602	-1.129523	1.378860	0.000000	0.000000
765.410000	0.541601	-1.129520	1.378858	0.000000	0.000000
765.420000	0.541600	-1.129517	1.378856	0.000000	0.000000
765.430000	0.541599	-1.129514	1.378855	0.000000	0.000000
765.440000	0.541599	-1.129512	1.378853	0.000000	0.000000
765.450000	0.541598	-1.129512	1.378851	0.000000	0.000000
765.460000	0.541598	-1.129513	1.378850	0.000000	0.000000
765.470000	0.541599	-1.129515	1.378848	0.000000	0.000000
765.480000	0.541600	-1.129517	1.378847	0.000000	0.000000
765.490000	0.541600	-1.129519	1.378845	0.000000	0.000000
765.500000	0.541601	-1.129521	1.378843	0.000000	0.000000
765.510000	0.541602	-1.129522	1.378842	0.000000	0.000000
765.520000	0.541602	-1.129523	1.378840	0.000000	0.000000
765.530000	0.541603	-1.129524	1.378839	0.000000	0.000000
765.540000	0.541603	-1.129525	1.378837	0.000000	0.000000
765.550000	0.541604	-1.129526	1.378836	0.000000	0.000000
765.560000	0.541605	-1.129526	1.378834	0.000000	0.000000
765.570000	0.541605	-1.129527	1.378833	0.000000	0.000000
765.580000	0.541606	-1.129526	1.378831	0.000000	0.000000
765.590000	0.541606	-1.129525	1.378829	0.000000	0.000000
765.600000	0.541606	-1.129523	1.378828	0.000000	0.000000
765.610000	0.541606	-1.129520	1.378826	0.000000	0.000000
765.620000	0.541606	-1.129519	1.378824	0.000000	0.000000
765.630000	0.541607	-1.129519	1.378822	0.000000	0.000000
765.640000	0.541608	-1.129520	1.378821	0.000000	0.000000
765.650000	0.541609	-1.129519	1.378819	0.000000	0.000000
765.660000	0.541611	-1.129519	1.378817	0.000000	0.000000
765.670000	0.541612	-1.129522	1.378815	0.000000	0.000000
765.680000	0.541615	-1.129527	1.378814	0.000000	0.000000
765.690000	0.541618	-1.129532	1.378812	0.000000	0.000000
765.700000	0.541620	-1.129536	1.378810	0.000000	0.000000
765.710000	0.541622	-1.129538	1.378809	0.000000	0.000000
765.720000	0.541623	-1.129536	1.378807	0.000000	0.000000
765.730000	0.541623	-1.129531	1.378806	0.000000	0.000000
765.740000	0.541622	-1.129523	1.378805	0.000000	0.000000
765.750000	0.541621	-1.129514	1.378803	0.000000	0.000000
765.760000	0.541621	-1.129506	1.378802	0.000000	0.000000
765.770000	0.541620	-1.129501	1.378801	0.000000	0.000000
765.780000	0.541621	-1.129498	1.378800	0.000000	0.000000
765.790000	0.541623	-1.129497	1.378799	0.000000	0.000000
765.800000	0.541626	-1.129499	1.378798	0.000000	0.000000
765.810000	0.541628	-1.129501	1.378797	0.000000	0.000000
765.820000	0.541630	-1.129503	1.378796	0.000000	0.000000
765.830000	0.541632	-1.129504	1.378795	0.000000	0.000000
765.840000	0.541632	-1.129500	1.378794	0.000000	0.000000
765.850000	0.541629	-1.129491	1.378793	0.000000	0.000000
765.860000	0.541627	-1.129478	1.378793	0.000000	0.000000
765.870000	0.541625	-1.129468	1.378792	0.000000	0.000000
765.880000	0.541625	-1.129465	1.378791	0.000000	0.000000
765.890000	0.541625	-1.129464	1.378791	0.000000	0.000000
765.900000	0.541627	-1.129464	1.378790	0.000000	0.000000
765.910000	0.541628	-1.129464	1.378789	0.000000	0.000000
765.920000	0.541628	-1.129463	1.378789	0.000000	0.000000
765.930000	0.541628	-1.129462	1.378788	0.000000	0.000000
765.940000	0.541628	-1.129458	1.378788	0.000000	0.000000
765.950000	0.541627	-1.129453	1.378787	0.000000	0.000000
765.960000	0.541625	-1.129447	1.378787	0.000000	0.000000
765.970000	0.541623	-1.129439	1.378787	0.000000	0.000000
765.980000	0.541621	-1.129431	1.378786	0.000000	0.000000
765.990000	0.541618	-1.129422	1.378786	0.000000	0.000000
766.000000	0.541615	-1.129413	1.378785	0.000000	0.000000
766.010000	0.541613	-1.129405	1.378785	0.000000	0.000000
766.020000	0.541610	-1.129398	1.378784	0.000000	0.000000
766.030000	0.541608	-1.129393	1.378784	0.000000	0.000000
766.040000	0.541607	-1.129389	1.378783	0.000000	0.000000
766.050000	0.541606	-1.129386	1.378783	0.000000	0.000000
766.060000	0.541605	-1.129384	1.378782	0.000000	0.000000
766.070000	0.541603	-1.129381	1.378782	0.000000	0.000000
766.080000	0.541601	-1.129378	1.378781	0.000000	0.000000
766.090000	0.541599	-1.129374	1.378781	0.000000	0.000000
766.100000	0.541597	-1.129371	1.378780	0.000000	0.000000
766.110000	0.541596	-1.129369	1.378780	0.000000	0.000000
766.120000	0.541596	-1.129369	1.378779	0.000000	0.000000
766.130000	0.541596	-1.129371	1.378779	0.000000	0.000000
766.140000	0.541596	-1.129373	1.378778	0.000000	0.000000
766.150000	0.541596	-1.129376	1.378778	0.000000	0.000000
766.160000	0.541596	-1.129377	1.378777	0.000000	0.000000
766.170000	0.541596	-1.129377	1.378777	0.000000	0.000000
766.180000	0.541595	-1.129375	1.378776	0.000000	0.000000
766.190000	0.541594	-1.129371	1.378776	0.000000	0.000000
766.200000	0.541593	-1.129367	1.378775	0.000000	0.000000
766.210000	0.541591	-1.129363	1.378775	0.000000	0.000000
766.220000	0.541590	-1.129359	1.378774	0.000000	0.000000
766.230000	0.541588	-1.129354	1.378774	0.000000	0.000000
766.240000	0.541586	-1.129349	1.378773	0.000000	0.000000
766.250000	0.541584	-1.129343	1.378773	0.000000	0.000000
766.260000	0.541582	-1.129337	1.378772	0.000000	0.000000
766.270000	0.541580	-1.129330	1.378772	0.000000	0.000000
766.280000	0.541578	-1.129324	1.378772	0.000000	0.000000
766.290000	0.541576	-1.129317	1.378771	0.000000	0.000000
766.300000	0.541574	-1.129309	1.378771	0.000000	0.000000
766.310000	0.541572	-1.129302	1.378770	0.000000	0.000000
766.320000	0.541570	-1.129296	1.378770	0.000000	0.000000
766.330000	0.541569	-1.129292	1.378769	0.000000	0.000000
766.340000	0.541568	-1.129289	1.378769	0.000000	0.000000
766.350000	0.541567	-1.129288	1.378768	0.000000	0.000000
766.360000	0.541567	-1.129289	1.378768	0.000000	0.000000
766.370000	0.541568	-1.129291	1.378767	0.000000	0.000000
766.380000	0.541569	-1.129295	1.378766	0.000000	0.000000
766.390000	0.541570	-1.129300	1.378765	0.000000	0.000000
766.400000	0.541571	-1.129305	1.378764	0.000000	0.000000
766.410000	0.541572	-1.129309	1.378763	0.000000	0.000000
766.420000	0.541572	-1.129312	1.378762	0.000000	0.000000
766.430000	0.541572	-1.129315	1.378761	0.000000	0.000000
766.440000	0.541573	-1.129319	1.378760	0.000000	0.000000
766.450000	0.541573	-1.129325	1.378759	0.000000	0.000000
766.460000	0.541574	-1.129333	1.378758	0.000000	0.000000
766.470000	0.541576	-1.129341	1.378757	0.000000	0.000000
766.480000	0.541577	-1.129349	1.378756	0.000000	0.000000
766.490000	0.541578	-1.129357	1.378755	0.000000	0.000000
766.500000	0.541579	-1.129364	1.378753	0.000000	0.000000
766.510000	0.541579	-1.129370	1.378752	0.000000	0.000000
766.520000	0.541579	-1.129375	1.378751	0.000000	0.000000
766.530000	0.541578	-1.129380	1.378750	0.000000	0.000000
766.540000	0.541578	-1.129384	1.378749	0.000000	0.000000
766.550000	0.541576	-1.129388	1.378748	0.000000	0.000000
766.560000	0.541575	-1.129392	1.378747	0.000000	0.000000
766.570000	0.541573	-1.129394	1.378746	0.000000	0.000000
766.580000	0.541571	-1.129396	1.378745	0.000000	0.000000
766.590000	0.541570	-1.129399	1.378744	0.000000	0.000000
766.600000	0.541569	-1.129403	1.378743	0.000000	0.000000
766.610000	0.541569	-1.129407	1.378742	0.000000	0.000000
766.620000	0.541569	-1.129413	1.378741	0.000000	0.000000
766.630000	0.541569	-1.129419	1.378741	0.000000	0.000000
766.640000	0.541569	-1.129426	1.378740	0.000000	0.000000
766.650000	0.541569	-1.129433	1.378739	0.000000	0.000000
766.660000	0.541568	-1.129439	1.378738	0.000000	0.000000
766.670000	0.541568	-1.129445	1.378738	0.000000	0.000000
766.680000	0.541567	-1.129451	1.378737	0.000000	0.000000
766.690000	0.541567	-1.129457	1.378736	0.000000	0.000000
766.700000	0.541567	-1.129463	1.378736	0.000000	0.000000
766.710000	0.541566	-1.129468	1.378735	0.000000	0.000000
766.720000	0.541565	-1.129473	1.378735	0.000000	0.000000
766.730000	0.541565	-1.129478	1.378735	0.000000	0.000000
766.740000	0.541564	-1.129482	1.378734	0.000000	0.000000
766.750000	0.541563	-1.129485	1.378734	0.000000	0.000000
766.760000	0.541562	-1.129489	1.378734	0.000000	0.000000
766.770000	0.541561	-1.129493	1.378734	0.000000	0.000000
766.780000	0.541561	-1.129497	1.378734	0.000000	0.000000
766.790000	0.541560	-1.129502	1.378734	0.000000	0.000000
766.800000	0.541560	-1.129506	1.378734	0.000000	0.000000
766.810000	0.541559	-1.129510	1.378734	0.000000	0.000000
766.820000	0.541558	-1.129513	1.378734	0.000000	0.000000
766.830000	0.541557	-1.129516	1.378734	0.000000	0.000000
766.840000	0.541555	-1.129518	1.378734	0.000000	0.000000
766.850000	0.541554	-1.129520	1.378734	0.000000	0.000000
766.860000	0.541552	-1.129522	1.378734	0.000000	0.000000
766.870000	0.541551	-1.129523	1.378734	0.000000	0.000000
766.880000	0.541550	-1.129526	1.378734	0.000000	0.000000
766.890000	0.541548	-1.129528	1.378734	0.000000	0.000000
766.900000	0.541547	-1.129532	1.378734	0.000000	0.000000
766.910000	0.541545	-1.129536	1.378734	0.000000	0.000000
766.920000	0.541544	-1.129540	1.378734	0.000000	0.000000
766.930000	0.541543	-1.129545	1.378734	0.000000	0.000000
766.940000	0.541541	-1.129550	1.378734	0.000000	0.000000
766.950000	0.541540	-1.129555	1.378734	0.000000	0.000000
766.960000	0.541538	-1.129560	1.378734	0.000000	0.000000
766.970000	0.541537	-1.129564	1.378734	0.000000	0.000000
766.980000	0.541535	-1.129567	1.378734	0.000000	0.000000
766.990000	0.541533	-1.129569	1.378734	0.000000	0.000000
767.000000	0.541531	-1.129572	1.378734	0.000000	0.000000
767.010000	0.541529	-1.129576	1.378734	0.000000	0.000000
767.020000	0.541528	-1.129582	1.378734	0.000000	0.000000
767.030000	0.541527	-1.129589	1.378733	0.000000	0.000000
767.040000	0.541527	-1.129597	1.378733	0.000000	0.000000
767.050000	0.541527	-1.129606	1.378733	0.000000	0.000000
767.060000	0.541528	-1.129615	1.378733	0.000000	0.000000
767.070000	0.541529	-1.129623	1.378733	0.000000	0.000000
767.080000	0.541528	-1.129630	1.378732	0.000000	0.000000
767.090000	0.541528	-1.129636	1.378732	0.000000	0.000000
767.100000	0.541526	-1.129640	1.378732	0.000000	0.000000
767.110000	0.541525	-1.129643	1.378731	0.000000	0.000000
767.120000	0.541523	-1.129644	1.378731	0.000000	0.000000
767.130000	0.541521	-1.129646	1.378731	0.000000	0.000000
767.140000	0.541520	-1.129649	1.378730	0.000000	0.000000
767.150000	0.541518	-1.129653	1.378730	0.000000	0.000000
767.160000	0.541516	-1.129659	1.378730	0.000000	0.000000
767.170000	0.541516	-1.129665	1.378729	0.000000	0.000000
767.180000	0.541515	-1.129672	1.378729	0.000000	0.000000
767.190000	0.541514	-1.129678	1.378729	0.000000	0.000000
767.200000	0.541512	-1.129685	1.378728	0.000000	0.000000
767.210000	0.541511	-1.129692	1.378728	0.000000	0.000000
767.220000	0.541510	-1.129700	1.378728	0.000000	0.000000
767.230000	0.541509	-1.129706	1.378727	0.000000	0.000000
767.240000	0.541508	-1.129712	1.378726	0.000000	0.000000
767.250000	0.541507	-1.129718	1.378726	0.000000	0.000000
767.260000	0.541505	-1.129722	1.378725	0.000000	0.000000
767.270000	0.541504	-1.129726	1.378725	0.000000	0.000000
767.280000	0.541502	-1.129729	1.378724	0.000000	0.000000
767.290000	0.541500	-1.129733	1.378723	0.000000	0.000000
767.300000	0.541498	-1.129737	1.378722	0.000000	0.000000
767.310000	0.541496	-1.129741	1.378721	0.000000	0.000000
767.320000	0.541495	-1.129747	1.378721	0.000000	0.000000
767.330000	0.541495	-1.129754	1.378720	0.000000	0.000000
767.340000	0.541495	-1.129762	1.378719	0.000000	0.000000
767.350000	0.541495	-1.129769	1.378718	0.000000	0.000000
767.360000	0.541494	-1.129776	1.378717	0.000000	0.000000
767.370000	0.541493	-1.129781	1.378716	0.000000	0.000000
767.380000	0.541491	-1.129785	1.378715	0.000000	0.000000
767.390000	0.541489	-1.129787	1.378714	0.000000	0.000000
767.400000	0.541486	-1.129790	1.378713	0.000000	0.000000
767.410000	0.541484	-1.129793	1.378711	0.000000	0.000000
767.420000	0.541483	-1.129798	1.378710	0.000000	0.000000
767.430000	0.541482	-1.129804	1.378709	0.000000	0.000000
767.440000	0.541482	-1.129812	1.378708	0.000000	0.000000
767.450000	0.541481	-1.129819	1.378707	0.000000	0.000000
767.460000	0.541480	-1.129827	1.378706	0.000000	0.000000
767.470000	0.541478	-1.129834	1.378705	0.000000	0.000000
767.480000	0.541477	-1.129840	1.378703	0.000000	0.000000
767.490000	0.541475	-1.129847	1.378702	0.000000	0.000000
767.500000	0.541474	-1.129853	1.378701	0.000000	0.000000
767.510000	0.541472	-1.129859	1.378700	0.000000	0.000000
767.520000	0.541470	-1.129864	1.378698	0.000000	0.000000
767.530000	0.541468	-1.129870	1.378697	0.000000	0.000000
767.540000	0.541467	-1.129876	1.378696	0.000000	0.000000
767.550000	0.541465	-1.129882	1.378694	0.000000	0.000000
767.560000	0.541464	-1.129888	1.378693	0.000000	0.000000
767.570000	0.541463	-1.129892	1.378692	0.000000	0.000000
767.580000	0.541461	-1.129896	1.378690	0.000000	0.000000
767.590000	0.541459	-1.129899	1.378689	0.000000	0.000000
767.600000	0.541457	-1.129902	1.378687	0.000000	0.000000
767.610000	0.541456	-1.129905	1.378686	0.000000	0.000000
767.620000	0.541454	-1.129908	1.378684	0.000000	0.000000
767.630000	0.541453	-1.129912	1.378683	0.000000	0.000000
767.640000	0.541452	-1.129916	1.378681	0.000000	0.000000
767.650000	0.541451	-1.129920	1.378680	0.000000	0.000000
767.660000	0.541449	-1.129924	1.378678	0.000000	0.000000
767.670000	0.541448	-1.129929	1.378677	0.000000	0.000000
767.680000	0.541447	-1.129933	1.378675	0.000000	0.000000
767.690000	0.541446	-1.129939	1.378673	0.000000	0.000000
767.700000	0.541445	-1.129944	1.378672	0.000000	0.000000
767.710000	0.541445	-1.129950	1.378670	0.000000	0.000000
767.720000	0.541444	-1.129956	1.378668	0.000000	0.000000
767.730000	0.541442	-1.129962	1.378666	0.000000	0.000000
767.740000	0.541441	-1.129966	1.378664	0.000000	0.000000
767.750000	0.541439	-1.129970	1.378663	0.000000	0.000000
767.760000	0.541437	-1.129974	1.378661	0.000000	0.000000
767.770000	0.541435	-1.129977	1.378659	0.000000	0.000000
767.780000	0.541434	-1.129980	1.378657	0.000000	0.000000
767.790000	0.541432	-1.129982	1.378656	0.000000	0.000000
767.800000	0.541430	-1.129982	1.378654	0.000000	0.000000
767.810000	0.541427	-1.129982	1.378652	0.000000	0.000000
767.820000	0.541425	-1.129981	1.378651	0.000000	0.000000
767.830000	0.541422	-1.129981	1.378649	0.000000	0.000000
767.840000	0.541420	-1.129980	1.378647	0.000000	0.000000
767.850000	0.541417	-1.129980	1.378646	0.000000	0.000000
767.860000	0.541415	-1.129981	1.378644	0.000000	0.000000
767.870000	0.541413	-1.129982	1.378642	0.000000	0.000000
767.880000	0.541411	-1.129984	1.378641	0.000000	0.000000
767.890000	0.541409	-1.129986	1.378639	0.000000	0.000000
767.900000	0.541407	-1.129989	1.378637	0.000000	0.000000
767.910000	0.541405	-1.129992	1.378635	0.000000	0.000000
767.920000	0.541403	-1.129994	1.378633	0.000000	0.000000
767.930000	0.541401	-1.129996	1.378631	0.000000	0.000000
767.940000	0.541398	-1.129998	1.378629	0.000000	0.000000
767.950000	0.541396	-1.130000	1.378627	0.000000	0.000000
767.960000	0.541394	-1.130003	1.378626	0.000000	0.000000
767.970000	0.541393	-1.130007	1.378624	0.000000	0.000000
767.980000	0.541392	-1.130012	1.378622	0.000000	0.000000
767.990000	0.541392	-1.130018	1.378620	0.000000	0.000000
768.000000	0.541392	-1.130025	1.378618	0.000000	0.000000
768.010000	0.541392	-1.130030	1.378616	0.000000	0.000000
768.020000	0.541392	-1.130035	1.378614	0.000000	0.000000
768.030000	0.541391	-1.130039	1.378613	0.000000	0.000000
768.040000	0.541390	-1.130041	1.378611	0.000000	0.000000
768.050000	0.541388	-1.130042	1.378609	0.000000	0.000000
768.060000	0.541387	-1.130044	1.378608	0.000000	0.000000
768.070000	0.541386	-1.130045	1.378606	0.000000	0.000000
768.080000	0.541384	-1.130048	1.378605	0.000000	0.000000
768.090000	0.541383	-1.130050	1.378603	0.000000	0.000000
768.100000	0.541382	-1.130054	1.378601	0.000000	0.000000
768.110000	0.541381	-1.130057	1.378600	0.000000	0.000000
768.120000	0.541381	-1.130061	1.378598	0.000000	0.000000
768.130000	0.541380	-1.130065	1.378596	0.000000	0.000000
768.140000	0.541379	-1.130069	1.378595	0.000000	0.000000
768.150000	0.541379	-1.130072	1.378593	0.000000	0.000000
768.160000	0.541379	-1.130077	1.378591	0.000000	0.000000
768.170000	0.541379	-1.130083	1.378590	0.000000	0.000000
768.180000	0.541379	-1.130091	1.378588	0.000000	0.000000
768.190000	0.541380	-1.130100	1.378586	0.000000	0.000000
768.200000	0.541381	-1.130109	1.378584	0.000000	0.000000
768.210000	0.541381	-1.130119	1.378582	0.000000	0.000000
768.220000	0.541382	-1.130128	1.378580	0.000000	0.000000
768.230000	0.541383	-1.130135	1.378578	0.000000	0.000000
768.240000	0.541383	-1.130142	1.378576	0.000000	0.000000
768.250000	0.541382	-1.130147	1.378574	0.000000	0.000000
768.260000	0.541382	-1.130153	1.378572	0.000000	0.000000
768.270000	0.541382	-1.130160	1.378570	0.000000	0.000000
768.280000	0.541383	-1.130168	1.378568	0.000000	0.000000
768.290000	0.541384	-1.130175	1.378566	0.000000	0.000000
768.300000	0.541385	-1.130182	1.378564	0.000000	0.000000
768.310000	0.541385	-1.130188	1.378562	0.000000	0.000000
768.320000	0.541385	-1.130191	1.378560	0.000000	0.000000
768.330000	0.541385	-1.130193	1.378558	0.000000	0.000000
768.340000	0.541384	-1.130195	1.378556	0.000000	0.000000
768.350000	0.541384	-1.130197	1.378554	0.000000	0.000000
768.360000	0.541384	-1.130200	1.378552	0.000000	0.000000
768.370000	0.541384	-1.130203	1.378551	0.000000	0.000000
768.380000	0.541383	-1.130205	1.378549	0.000000	0.000000
768.390000	0.541382	-1.130207	1.378547	0.000000	0.000000
768.400000	0.541381	-1.130208	1.378545	0.000000	0.000000
768.410000	0.541379	-1.130209	1.378544	0.000000	0.000000
768.420000	0.541378	-1.130208	1.378542	0.000000	0.000000
768.430000	0.541376	-1.130208	1.378540	0.000000	0.000000
768.440000	0.541376	-1.130207	1.378538	0.000000	0.000000
768.450000	0.541375	-1.130207	1.378537	0.000000	0.000000
768.460000	0.541374	-1.130207	1.378535	0.000000	0.000000
768.470000	0.541373	-1.130208	1.378533	0.000000	0.000000
768.480000	0.541373	-1.130211	1.378531	0.000000	0.000000
768.490000	0.541374	-1.130216	1.378529	0.000000	0.000000
768.500000	0.541374	-1.130223	1.378527	0.000000	0.000000
768.510000	0.541375	-1.130229	1.378525	0.000000	0.000000
768.520000	0.541374	-1.130236	1.378523	0.000000	0.000000
768.530000	0.541374	-1.130241	1.378521	0.000000	0.000000
768.540000	0.541373	-1.130246	1.378519	0.000000	0.000000
768.550000	0.541372	-1.130249	1.378517	0.000000	0.000000
768.560000	0.541370	-1.130250	1.378515	0.000000	0.000000
768.570000	0.541368	-1.130250	1.378513	0.000000	0.000000
768.580000	0.541366	-1.130250	1.378511	0.000000	0.000000
768.590000	0.541364	-1.130251	1.378509	0.000000	0.000000
768.600000	0.541362	-1.130252	1.378507	0.000000	0.000000
768.610000	0.541360	-1.130253	1.378505	0.000000	0.000000
768.620000	0.541359	-1.130254	1.378503	0.000000	0.000000
768.630000	0.541358	-1.130256	1.378501	0.000000	0.000000
768.640000	0.541357	-1.130258	1.378499	0.000000	0.000000
768.650000	0.541356	-1.130259	1.378497	0.000000	0.000000
768.660000	0.541355	-1.130260	1.378495	0.000000	0.000000
768.670000	0.541354	-1.130262	1.378493	0.000000	0.000000
768.680000	0.541354	-1.130265	1.378492	0.000000	0.000000
768.690000	0.541353	-1.130267	1.378490	0.000000	0.000000
768.700000	0.541353	-1.130270	1.378488	0.000000	0.000000
768.710000	0.541354	-1.130273	1.378486	0.000000	0.000000
768.720000	0.541354	-1.130276	1.378484	0.000000	0.000000
768.730000	0.541354	-1.130277	1.378482	0.000000	0.000000
768.740000	0.541353	-1.130277	1.378480	0.000000	0.000000
768.750000	0.541353	-1.130277	1.378479	0.000000	0.000000
768.760000	0.541353	-1.130278	1.378477	0.000000	0.000000
768.770000	0.541354	-1.130281	1.378475	0.000000	0.000000
768.780000	0.541354	-1.130285	1.378473	0.000000	0.000000
768.790000	0.541355	-1.130288	1.378471	0.000000	0.000000
768.800000	0.541355	-1.130290	1.378469	0.000000	0.000000
768.810000	0.541354	-1.130291	1.378467	0.000000	0.000000
768.820000	0.541353	-1.130291	1.378465	0.000000	0.000000
768.830000	0.541352	-1.130288	1.378463	0.000000	0.000000
768.840000	0.541351	-1.130285	1.378461	0.000000	0.000000
768.850000	0.541348	-1.130279	1.378459	0.000000	0.000000
768.860000	0.541346	-1.130274	1.378457	0.000000	0.000000
768.870000	0.541343	-1.130269	1.378454	0.000000	0.000000
768.880000	0.541341	-1.130265	1.378452	0.000000	0.000000
768.890000	0.541340	-1.130263	1.378450	0.000000	0.000000
768.900000	0.541339	-1.130263	1.378448	0.000000	0.000000
768.910000	0.541339	-1.130264	1.378446	0.000000	0.000000
768.920000	0.541338	-1.130266	1.378444	0.000000	0.000000
768.930000	0.541337	-1.130269	1.378442	0.000000	0.000000
768.940000	0.541337	-1.130272	1.378440	0.000000	0.000000
768.950000	0.541336	-1.130276	1.378437	0.000000	0.000000
768.960000	0.541335	-1.130280	1.378435	0.000000	0.000000
768.970000	0.541335	-1.130283	1.378433	0.000000	0.000000
768.980000	0.541335	-1.130286	1.378431	0.000000	0.000000
768.990000	0.541334	-1.130289	1.378429	0.000000	0.000000
769.000000	0.541334	-1.130293	1.378427	0.000000	0.000000
769.010000	0.541335	-1.130299	1.378425	0.000000	0.000000
769.020000	0.541336	-1.130307	1.378423	0.000000	0.000000
769.030000	0.541337	-1.130314	1.378421	0.000000	0.000000
769.040000	0.541337	-1.130320	1.378419	0.000000	0.000000
769.050000	0.541337	-1.130324	1.378417	0.000000	0.000000
769.060000	0.541336	-1.130327	1.378415	0.000000	0.000000
769.070000	0.541335	-1.130330	1.378413	0.000000	0.000000
769.080000	0.541335	-1.130334	1.378411	0.000000	0.000000
769.090000	0.541335	-1.130339	1.378409	0.000000	0.000000
769.100000	0.541335	-1.130344	1.378407	0.000000	0.000000
769.110000	0.541335	-1.130349	1.378405	0.000000	0.000000
769.120000	0.541334	-1.130354	1.378403	0.000000	0.000000
769.130000	0.541334	-1.130357	1.378401	0.000000	0.000000
769.140000	0.541333	-1.130360	1.378399	0.000000	0.000000
769.150000	0.541332	-1.130362	1.378397	0.000000	0.000000
769.160000	0.541330	-1.130363	1.378395	0.000000	0.000000
769.170000	0.541329	-1.130364	1.378394	0.000000	0.000000
769.180000	0.541327	-1.130364	1.378392	0.000000	0.000000
769.190000	0.541326	-1.130365	1.378390	0.000000	0.000000
769.200000	0.541325	-1.130366	1.378388	0.000000	0.000000
769.210000	0.541324	-1.130367	1.378386	0.000000	0.000000
769.220000	0.541323	-1.130368	1.378384	0.000000	0.000000
769.230000	0.541322	-1.130369	1.378382	0.000000	0.000000
769.240000	0.541321	-1.130371	1.378380	0.000000	0.000000
769.250000	0.541320	-1.130372	1.378378	0.000000	0.000000
769.260000	0.541319	-1.130371	1.378376	0.000000	0.000000
769.270000	0.541317	-1.130369	1.378374	0.000000	0.000000
769.280000	0.541315	-1.130366	1.378372	0.000000	0.000000
769.290000	0.541314	-1.130364	1.378370	0.000000	0.000000
769.300000	0.541314	-1.130364	1.378368	0.000000	0.000000
769.310000	0.541314	-1.130368	1.378366	0.000000	0.000000
769.320000	0.541315	-1.130375	1.378364	0.000000	0.000000
769.330000	0.541317	-1.130383	1.378362	0.000000	0.000000
769.340000	0.541319	-1.130393	1.378360	0.000000	0.000000
769.350000	0.541321	-1.130402	1.378358	0.000000	0.000000
769.360000	0.541324	-1.130411	1.378356	0.000000	0.000000
769.370000	0.541326	-1.130419	1.378354	0.000000	0.000000
769.380000	0.541327	-1.130424	1.378352	0.000000	0.000000
769.390000	0.541329	-1.130428	1.378350	0.000000	0.000000
769.400000	0.541330	-1.130431	1.378347	0.000000	0.000000
769.410000	0.541331	-1.130434	1.378345	0.000000	0.000000
769.420000	0.541332	-1.130435	1.378343	0.000000	0.000000
769.430000	0.541331	-1.130436	1.378341	0.000000	0.000000
769.440000	0.541331	-1.130436	1.378339	0.000000	0.000000
769.450000	0.541331	-1.130436	1.378337	0.000000	0.000000
769.460000	0.541331	-1.130436	1.378334	0.000000	0.000000
769.470000	0.541330	-1.130436	1.378332	0.000000	0.000000
769.480000	0.541330	-1.130435	1.378330	0.000000	0.000000
769.490000	0.541330	-1.130435	1.378328	0.000000	0.000000
769.500000	0.541329	-1.130435	1.378326	0.000000	0.000000
769.510000	0.541330	-1.130436	1.378324	0.000000	0.000000
769.520000	0.541330	-1.130438	1.378322	0.000000	0.000000
769.530000	0.541331	-1.130441	1.378320	0.000000	0.000000
769.540000	0.541332	-1.130445	1.378318	0.000000	0.000000
769.550000	0.541332	-1.130450	1.378316	0.000000	0.000000
769.560000	0.541333	-1.130456	1.378314	0.000000	0.000000
769.570000	0.541334	-1.130463	1.378312	0.000000	0.000000
769.580000	0.541335	-1.130468	1.378310	0.000000	0.000000
769.590000	0.541336	-1.130473	1.378308	0.000000	0.000000
769.600000	0.541337	-1.130477	1.378306	0.000000	0.000000
769.610000	0.541337	-1.130481	1.378304	0.000000	0.000000
769.620000	0.541337	-1.130483	1.378302	0.000000	0.000000
769.630000	0.541336	-1.130483	1.378300	0.000000	0.000000
769.640000	0.541335	-1.130483	1.378298	0.000000	0.000000
769.650000	0.541335	-1.130484	1.378296	0.000000	0.000000
769.660000	0.541334	-1.130486	1.378294	0.000000	0.000000
769.670000	0.541334	-1.130489	1.378292	0.000000	0.000000
769.680000	0.541335	-1.130494	1.378291	0.000000	0.000000
769.690000	0.541336	-1.130499	1.378289	0.000000	0.000000
769.700000	0.541336	-1.130502	1.378287	0.000000	0.000000
769.710000	0.541336	-1.130504	1.378285	0.000000	0.000000
769.720000	0.541335	-1.130505	1.378284	0.000000	0.000000
769.730000	0.541334	-1.130506	1.378282	0.000000	0.000000
769.740000	0.541334	-1.130506	1.378281	0.000000	0.000000
769.750000	0.541333	-1.130507	1.378279	0.000000	0.000000
769.760000	0.541331	-1.130507	1.378278	0.000000	0.000000
769.770000	0.541330	-1.130507	1.378276	0.000000	0.000000
769.780000	0.541329	-1.130507	1.378275	0.000000	0.000000
769.790000	0.541328	-1.130509	1.378273	0.000000	0.000000
769.800000	0.541328	-1.130511	1.378272	0.000000	0.000000
769.810000	0.541328	-1.130513	1.378270	0.000000	0.000000
769.820000	0.541328	-1.130515	1.378269	0.000000	0.000000
769.830000	0.541327	-1.130517	1.378267	0.000000	0.000000
769.840000	0.541327	-1.130519	1.378265	0.000000	0.000000
769.850000	0.541328	-1.130523	1.378264	0.000000	0.000000
769.860000	0.541329	-1.130527	1.378262	0.000000	0.000000
769.870000	0.541329	-1.130530	1.378260	0.000000	0.000000
769.880000	0.541329	-1.130533	1.378258	0.000000	0.000000
769.890000	0.541329	-1.130534	1.378257	0.000000	0.000000
769.900000	0.541329	-1.130535	1.378255	0.000000	0.000000
769.910000	0.541329	-1.130537	1.378253	0.000000	0.000000
769.920000	0.541329	-1.130540	1.378251	0.000000	0.000000
769.930000	0.541330	-1.130545	1.378250	0.000000	0.000000
769.940000	0.541330	-1.130549	1.378248	0.000000	0.000000
769.950000	0.541330	-1.130553	1.378246	0.000000	0.000000
769.960000	0.541330	-1.130556	1.378245	0.000000	0.000000
769.970000	0.541330	-1.130557	1.378243	0.000000	0.000000
769.980000	0.541329	-1.130558	1.378242	0.000000	0.000000
769.990000	0.541329	-1.130557	1.378241	0.000000	0.000000
770.000000	0.541328	-1.130555	1.378239	0.000000	0.000000
770.010000	0.541326	-1.130552	1.378238	0.000000	0.000000
770.020000	0.541324	-1.130546	1.378237	0.000000	0.000000
770.030000	0.541322	-1.130540	1.378236	0.000000	0.000000
770.040000	0.541320	-1.130532	1.378235	0.000000	0.000000
770.050000	0.541318	-1.130525	1.378233	0.000000	0.000000
770.060000	0.541316	-1.130518	1.378232	0.000000	0.000000
770.070000	0.541315	-1.130513	1.378231	0.000000	0.000000
770.080000	0.541314	-1.130509	1.378230	0.000000	0.000000
770.090000	0.541313	-1.130506	1.378229	0.000000	0.000000
770.100000	0.541312	-1.130503	1.378228	0.000000	0.000000
770.110000	0.541312	-1.130502	1.378227	0.000000	0.000000
770.120000	0.541313	-1.130502	1.378226	0.000000	0.000000
770.130000	0.541313	-1.130502	1.378224	0.000000	0.000000
770.140000	0.541314	-1.130502	1.378223	0.000000	0.000000
770.150000	0.541314	-1.130501	1.378222	0.000000	0.000000
770.160000	0.541315	-1.130500	1.378221	0.000000	0.000000
770.170000	0.541316	-1.130500	1.378219	0.000000	0.000000
770.180000	0.541317	-1.130503	1.378218	0.000000	0.000000
770.190000	0.541319	-1.130508	1.378217	0.000000	0.000000
770.200000	0.541321	-1.130514	1.378216	0.000000	0.000000
770.210000	0.541323	-1.130519	1.378215	0.000000	0.000000
770.220000	0.541325	-1.130523	1.378213	0.000000	0.000000
770.230000	0.541326	-1.130525	1.378212	0.000000	0.000000
770.240000	0.541326	-1.130524	1.378211	0.000000	0.000000
770.250000	0.541327	-1.130522	1.378210	0.000000	0.000000
770.260000	0.541326	-1.130518	1.378209	0.000000	0.000000
770.270000	0.541326	-1.130513	1.378208	0.000000	0.000000
770.280000	0.541326	-1.130508	1.378207	0.000000	0.000000
770.290000	0.541325	-1.130503	1.378206	0.000000	0.000000
770.300000	0.541326	-1.130499	1.378205	0.000000	0.000000
770.310000	0.541326	-1.130496	1.378204	0.000000	0.000000
770.320000	0.541327	-1.130496	1.378202	0.000000	0.000000
770.330000	0.541328	-1.130496	1.378201	0.000000	0.000000
770.340000	0.541330	-1.130498	1.378200	0.000000	0.000000
770.350000	0.541332	-1.130499	1.378199	0.000000	0.000000
770.360000	0.541334	-1.130501	1.378198	0.000000	0.000000
770.370000	0.541336	-1.130503	1.378196	0.000000	0.000000
770.380000	0.541339	-1.130504	1.378195	0.000000	0.000000
770.390000	0.541341	-1.130504	1.378194	0.000000	0.000000
770.400000	0.541343	-1.130503	1.378192	0.000000	0.000000
770.410000	0.541345	-1.130502	1.378191	0.000000	0.000000
770.420000	0.541345	-1.130499	1.378190	0.000000	0.000000
770.430000	0.541345	-1.130494	1.378188	0.000000	0.000000
770.440000	0.541345	-1.130487	1.378187	0.000000	0.000000
770.450000	0.541344	-1.130480	1.378186	0.000000	0.000000
770.460000	0.541345	-1.130475	1.378184	0.000000	0.000000
770.470000	0.541346	-1.130473	1.378183	0.000000	0.000000
770.480000	0.541348	-1.130473	1.378182	0.000000	0.000000
770.490000	0.541350	-1.130474	1.378180	0.000000	0.000000
770.500000	0.541352	-1.130477	1.378179	0.000000	0.000000
770.510000	0.541354	-1.130479	1.378178	0.000000	0.000000
770.520000	0.541355	-1.130481	1.378176	0.000000	0.000000
770.530000	0.541357	-1.130482	1.378175	0.000000	0.000000
770.540000	0.541358	-1.130483	1.378174	0.000000	0.000000
770.550000	0.541359	-1.130482	1.378172	0.000000	0.000000
770.560000	0.541360	-1.130481	1.378171	0.000000	0.000000
770.570000	0.541361	-1.130479	1.378169	0.000000	0.000000
770.580000	0.541362	-1.130477	1.378168	0.000000	0.000000
770.590000	0.541362	-1.130476	1.378167	0.000000	0.000000
770.600000	0.541363	-1.130476	1.378165	0.000000	0.000000
770.610000	0.541363	-1.130477	1.378164	0.000000	0.000000
770.620000	0.541364	-1.130479	1.378162	0.000000	0.000000
770.630000	0.541366	-1.130481	1.378161	0.000000	0.000000
770.640000	0.541367	-1.130484	1.378159	0.000000	0.000000
770.650000	0.541369	-1.130486	1.378158	0.000000	0.000000
770.660000	0.541371	-1.130488	1.378156	0.000000	0.000000
770.670000	0.541373	-1.130489	1.378155	0.000000	0.000000
770.680000	0.541374	-1.130489	1.378153	0.000000	0.000000
770.690000	0.541376	-1.130489	1.378151	0.000000	0.000000
770.700000	0.541378	-1.130489	1.378150	0.000000	0.000000
770.710000	0.541381	-1.130491	1.378148	0.000000	0.000000
770.720000	0.541383	-1.130493	1.378146	0.000000	0.000000
770.730000	0.541385	-1.130494	1.378144	0.000000	0.000000
770.740000	0.541387	-1.130495	1.378142	0.000000	0.000000
770.750000	0.541388	-1.130492	1.378140	0.000000	0.000000
770.760000	0.541388	-1.130486	1.378138	0.000000	0.000000
770.770000	0.541387	-1.130479	1.378136	0.000000	0.000000
770.780000	0.541387	-1.130473	1.378135	0.000000	0.000000
770.790000	0.541387	-1.130469	1.378133	0.000000	0.000000
770.800000	0.541388	-1.130469	1.378131	0.000000	0.000000
770.810000	0.541390	-1.130472	1.378129	0.000000	0.000000
770.820000	0.541393	-1.130477	1.378127	0.000000	0.000000
770.830000	0.541396	-1.130484	1.378125	0.000000	0.000000
770.840000	0.541398	-1.130492	1.378123	0.000000	0.000000
770.850000	0.541401	-1.130500	1.378121	0.000000	0.000000
770.860000	0.541404	-1.130507	1.378119	0.000000	0.000000
770.870000	0.541406	-1.130514	1.378116	0.000000	0.000000
770.880000	0.541408	-1.130520	1.378114	0.000000	0.000000
770.890000	0.541409	-1.130523	1.378112	0.000000	0.000000
770.900000	0.541410	-1.130526	1.378110	0.000000	0.000000
770.910000	0.541411	-1.130529	1.378107	0.000000	0.000000
770.920000	0.541412	-1.130531	1.378105	0.000000	0.000000
770.930000	0.541412	-1.130533	1.378103	0.000000	0.000000
770.940000	0.541413	-1.130533	1.378100	0.000000	0.000000
770.950000	0.541412	-1.130533	1.378098	0.000000	0.000000
770.960000	0.541412	-1.130532	1.378096	0.000000	0.000000
770.970000	0.541412	-1.130533	1.378093	0.000000	0.000000
770.980000	0.541413	-1.130536	1.378091	0.000000	0.000000
770.990000	0.541414	-1.130541	1.378088	0.000000	0.000000
771.000000	0.541416	-1.130547	1.378086	0.000000	0.000000
771.010000	0.541418	-1.130554	1.378084	0.000000	0.000000
771.020000	0.541419	-1.130560	1.378082	0.000000	0.000000
771.030000	0.541421	-1.130566	1.378080	0.000000	0.000000
771.040000	0.541422	-1.130570	1.378077	0.000000	0.000000
771.050000	0.541423	-1.130572	1.378075	0.000000	0.000000
771.060000	0.541423	-1.130573	1.378073	0.000000	0.000000
771.070000	0.541422	-1.130572	1.378071	0.000000	0.000000
771.080000	0.541422	-1.130570	1.378069	0.000000	0.000000
771.090000	0.541422	-1.130567	1.378067	0.000000	0.000000
771.100000	0.541422	-1.130565	1.378065	0.000000	0.000000
771.110000	0.541422	-1.130564	1.378062	0.000000	0.000000
771.120000	0.541423	-1.130565	1.378060	0.000000	0.000000
771.130000	0.541425	-1.130568	1.378058	0.000000	0.000000
771.140000	0.541427	-1.130573	1.378056	0.000000	0.000000
771.150000	0.541430	-1.130578	1.378053	0.000000	0.000000
771.160000	0.541433	-1.130583	1.378051	0.000000	0.000000
771.170000	0.541435	-1.130585	1.378049	0.000000	0.000000
771.180000	0.541437	-1.130586	1.378047	0.000000	0.000000
771.190000	0.541438	-1.130585	1.378044	0.000000	0.000000
771.200000	0.541440	-1.130586	1.378042	0.000000	0.000000
771.210000	0.541442	-1.130588	1.378040	0.000000	0.000000
771.220000	0.541444	-1.130590	1.378038	0.000000	0.000000
771.230000	0.541445	-1.130593	1.378036	0.000000	0.000000
771.240000	0.541447	-1.130595	1.378034	0.000000	0.000000
771.250000	0.541448	-1.130596	1.378032	0.000000	0.000000
771.260000	0.541449	-1.130595	1.378030	0.000000	0.000000
771.270000	0.541449	-1.130593	1.378028	0.000000	0.000000
771.280000	0.541449	-1.130591	1.378026	0.000000	0.000000
771.290000	0.541449	-1.130588	1.378025	0.000000	0.000000
771.300000	0.541448	-1.130586	1.378023	0.000000	0.000000
771.310000	0.541448	-1.130584	1.378022	0.000000	0.000000
771.320000	0.541448	-1.130582	1.378020	0.000000	0.000000
771.330000	0.541448	-1.130582	1.378019	0.000000	0.000000
771.340000	0.541448	-1.130582	1.378017	0.000000	0.000000
771.350000	0.541448	-1.130582	1.378016	0.000000	0.000000
771.360000	0.541448	-1.130582	1.378015	0.000000	0.000000
771.370000	0.541447	-1.130581	1.378013	0.000000	0.000000
771.380000	0.541446	-1.130580	1.378012	0.000000	0.000000
771.390000	0.541444	-1.130578	1.378011	0.000000	0.000000
771.400000	0.541443	-1.130576	1.378009	0.000000	0.000000
771.410000	0.541442	-1.130576	1.378008	0.000000	0.000000
771.420000	0.541442	-1.130577	1.378006	0.000000	0.000000
771.430000	0.541442	-1.130579	1.378005	0.000000	0.000000
771.440000	0.541442	-1.130582	1.378003	0.000000	0.000000
771.450000	0.541442	-1.130584	1.378002	0.000000	0.000000
771.460000	0.541442	-1.130586	1.378000	0.000000	0.000000
771.470000	0.541442	-1.130587	1.377999	0.000000	0.000000
771.480000	0.541443	-1.130587	1.377997	0.000000	0.000000
771.490000	0.541443	-1.130587	1.377996	0.000000	0.000000
771.500000	0.541443	-1.130586	1.377994	0.000000	0.000000
771.510000	0.541442	-1.130583	1.377993	0.000000	0.000000
771.520000	0.541442	-1.130580	1.377991	0.000000	0.000000
771.530000	0.541442	-1.130579	1.377990	0.000000	0.000000
771.540000	0.541442	-1.130580	1.377989	0.000000	0.000000
771.550000	0.541443	-1.130580	1.377987	0.000000	0.000000
771.560000	0.541442	-1.130579	1.377986	0.000000	0.000000
771.570000	0.541441	-1.130578	1.377985	0.000000	0.000000
771.580000	0.541441	-1.130577	1.377983	0.000000	0.000000
771.590000	0.541441	-1.130577	1.377982	0.000000	0.000000
771.600000	0.541442	-1.130579	1.377981	0.000000	0.000000
771.610000	0.541443	-1.130582	1.377979	0.000000	0.000000
771.620000	0.541444	-1.130586	1.377978	0.000000	0.000000
771.630000	0.541445	-1.130589	1.377977	0.000000	0.000000
771.640000	0.541447	-1.130592	1.377976	0.000000	0.000000
771.650000	0.541447	-1.130595	1.377974	0.000000	0.000000
771.660000	0.541448	-1.130598	1.377973	0.000000	0.000000
771.670000	0.541448	-1.130600	1.377972	0.000000	0.000000
771.680000	0.541449	-1.130603	1.377971	0.000000	0.000000
771.690000	0.541450	-1.130607	1.377970	0.000000	0.000000
771.700000	0.541452	-1.130612	1.377968	0.000000	0.000000
771.710000	0.541453	-1.130616	1.377967	0.000000	0.000000
771.720000	0.541454	-1.130620	1.377966	0.000000	0.000000
771.730000	0.541455	-1.130621	1.377965	0.000000	0.000000
771.740000	0.541454	-1.130619	1.377964	0.000000	0.000000
771.750000	0.541452	-1.130614	1.377963	0.000000	0.000000
771.760000	0.541451	-1.130611	1.377962	0.000000	0.000000
771.770000	0.541452	-1.130611	1.377961	0.000000	0.000000
771.780000	0.541452	-1.130612	1.377961	0.000000	0.000000
771.790000	0.541452	-1.130614	1.377960	0.000000	0.000000
771.800000	0.541452	-1.130614	1.377959	0.000000	0.000000
771.810000	0.541451	-1.130614	1.377959	0.000000	0.000000
771.820000	0.541451	-1.130611	1.377958	0.000000	0.000000
771.830000	0.541450	-1.130607	1.377958	0.000000	0.000000
771.840000	0.541449	-1.130603	1.377957	0.000000	0.000000
771.850000	0.541447	-1.130597	1.377957	0.000000	0.000000
771.860000	0.541446	-1.130592	1.377956	0.000000	0.000000
771.870000	0.541444	-1.130586	1.377956	0.000000	0.000000
771.880000	0.541443	-1.130581	1.377956	0.000000	0.000000
771.890000	0.541441	-1.130577	1.377956	0.000000	0.000000
771.900000	0.541440	-1.130572	1.377955	0.000000	0.000000
771.910000	0.541439	-1.130569	1.377955	0.000000	0.000000
771.920000	0.541439	-1.130566	1.377955	0.000000	0.000000
771.930000	0.541439	-1.130564	1.377955	0.000000	0.000000
771.940000	0.541438	-1.130563	1.377954	0.000000	0.000000
771.950000	0.541438	-1.130561	1.377954	0.000000	0.000000
771.960000	0.541437	-1.130560	1.377954	0.000000	0.000000
771.970000	0.541436	-1.130558	1.377954	0.000000	0.000000
771.980000	0.541435	-1.130556	1.377953	0.000000	0.000000
771.990000	0.541433	-1.130553	1.377953	0.000000	0.000000
772.000000	0.541432	-1.130550	1.377953	0.000000	0.000000
772.010000	0.541430	-1.130544	1.377953	0.000000	0.000000
772.020000	0.541428	-1.130537	1.377952	0.000000	0.000000
772.030000	0.541426	-1.130530	1.377952	0.000000	0.000000
772.040000	0.541425	-1.130525	1.377952	0.000000	0.000000
772.050000	0.541425	-1.130520	1.377952	0.000000	0.000000
772.060000	0.541424	-1.130517	1.377951	0.000000	0.000000
772.070000	0.541424	-1.130514	1.377951	0.000000	0.000000
772.080000	0.541425	-1.130512	1.377951	0.000000	0.000000
772.090000	0.541426	-1.130511	1.377951	0.000000	0.000000
772.100000	0.541428	-1.130512	1.377951	0.000000	0.000000
772.110000	0.541430	-1.130511	1.377950	0.000000	0.000000
772.120000	0.541430	-1.130508	1.377950	0.000000	0.000000
772.130000	0.541430	-1.130502	1.377950	0.000000	0.000000
772.140000	0.541429	-1.130494	1.377950	0.000000	0.000000
772.150000	0.541429	-1.130486	1.377950	0.000000	0.000000
772.160000	0.541428	-1.130479	1.377950	0.000000	0.000000
772.170000	0.541428	-1.130474	1.377950	0.000000	0.000000
772.180000	0.541429	-1.130469	1.377950	0.000000	0.000000
772.190000	0.541429	-1.130465	1.377950	0.000000	0.000000
772.200000	0.541430	-1.130460	1.377950	0.000000	0.000000
772.210000	0.541431	-1.130454	1.377950	0.000000	0.000000
772.220000	0.541431	-1.130447	1.377950	0.000000	0.000000
772.230000	0.541432	-1.130440	1.377949	0.000000	0.000000
772.240000	0.541431	-1.130432	1.377949	0.000000	0.000000
772.250000	0.541431	-1.130423	1.377949	0.000000	0.000000
772.260000	0.541430	-1.130414	1.377949	0.000000	0.000000
772.270000	0.541429	-1.130404	1.377948	0.000000	0.000000
772.280000	0.541428	-1.130394	1.377948	0.000000	0.000000
772.290000	0.541427	-1.130385	1.377948	0.000000	0.000000
772.300000	0.541427	-1.130379	1.377947	0.000000	0.000000
772.310000	0.541428	-1.130375	1.377946	0.000000	0.000000
772.320000	0.541429	-1.130375	1.377946	0.000000	0.000000
772.330000	0.541431	-1.130377	1.377945	0.000000	0.000000
772.340000	0.541434	-1.130382	1.377944	0.000000	0.000000
772.350000	0.541438	-1.130388	1.377943	0.000000	0.000000
772.360000	0.541442	-1.130395	1.377941	0.000000	0.000000
772.370000	0.541446	-1.130402	1.377940	0.000000	0.000000
772.380000	0.541450	-1.130409	1.377939	0.000000	0.000000
772.390000	0.541455	-1.130414	1.377937	0.000000	0.000000
772.400000	0.541459	-1.130419	1.377936	0.000000	0.000000
772.410000	0.541463	-1.130422	1.377934	0.000000	0.000000
772.420000	0.541466	-1.130424	1.377932	0.000000	0.000000
772.430000	0.541470	-1.130425	1.377930	0.000000	0.000000
772.440000	0.541472	-1.130423	1.377929	0.000000	0.000000
772.450000	0.541474	-1.130420	1.377927	0.000000	0.000000
772.460000	0.541475	-1.130415	1.377925	0.000000	0.000000
772.470000	0.541476	-1.130412	1.377923	0.000000	0.000000
772.480000	0.541477	-1.130410	1.377921	0.000000	0.000000
772.490000	0.541479	-1.130408	1.377919	0.000000	0.000000
772.500000	0.541480	-1.130405	1.377917	0.000000	0.000000
772.510000	0.541481	-1.130403	1.377915	0.000000	0.000000
772.520000	0.541481	-1.130400	1.377913	0.000000	0.000000
772.530000	0.541481	-1.130396	1.377911	0.000000	0.000000
772.540000	0.541481	-1.130391	1.377909	0.000000	0.000000
772.550000	0.541480	-1.130386	1.377908	0.000000	0.000000
772.560000	0.541479	-1.130380	1.377906	0.000000	0.000000
772.570000	0.541479	-1.130375	1.377904	0.000000	0.000000
772.580000	0.541478	-1.130371	1.377902	0.000000	0.000000
772.590000	0.541479	-1.130367	1.377900	0.000000	0.000000
772.600000	0.541479	-1.130365	1.377898	0.000000	0.000000
772.610000	0.541480	-1.130363	1.377895	0.000000	0.000000
772.620000	0.541481	-1.130361	1.377893	0.000000	0.000000
772.630000	0.541482	-1.130361	1.377891	0.000000	0.000000
772.640000	0.541483	-1.130361	1.377889	0.000000	0.000000
772.650000	0.541484	-1.130361	1.377887	0.000000	0.000000
772.660000	0.541485	-1.130361	1.377885	0.000000	0.000000
772.670000	0.541486	-1.130361	1.377883	0.000000	0.000000
772.680000	0.541488	-1.130361	1.377880	0.000000	0.000000
772.690000	0.541490	-1.130363	1.377878	0.000000	0.000000
772.700000	0.541492	-1.130366	1.377876	0.000000	0.000000
772.710000	0.541495	-1.130369	1.377874	0.000000	0.000000
772.720000	0.541497	-1.130371	1.377873	0.000000	0.000000
772.730000	0.541498	-1.130372	1.377871	0.000000	0.000000
772.740000	0.541500	-1.130370	1.377869	0.000000	0.000000
772.750000	0.541500	-1.130366	1.377868	0.000000	0.000000
772.760000	0.541499	-1.130359	1.377866	0.000000	0.000000
772.770000	0.541498	-1.130352	1.377865	0.000000	0.000000
772.780000	0.541497	-1.130345	1.377864	0.000000	0.000000
772.790000	0.541496	-1.130340	1.377863	0.000000	0.000000
772.800000	0.541495	-1.130335	1.377861	0.000000	0.000000
772.810000	0.541495	-1.130332	1.377860	0.000000	0.000000
772.820000	0.541494	-1.130328	1.377860	0.000000	0.000000
772.830000	0.541493	-1.130325	1.377859	0.000000	0.000000
772.840000	0.541493	-1.130321	1.377858	0.000000	0.000000
772.850000	0.541491	-1.130316	1.377857	0.000000	0.000000
772.860000	0.541490	-1.130311	1.377856	0.000000	0.000000
772.870000	0.541489	-1.130306	1.377856	0.000000	0.000000
772.880000	0.541488	-1.130300	1.377855	0.000000	0.000000
772.890000	0.541487	-1.130294	1.377854	0.000000	0.000000
772.900000	0.541486	-1.130287	1.377854	0.000000	0.000000
772.910000	0.541484	-1.130279	1.377853	0.000000	0.000000
772.920000	0.541482	-1.130270	1.377852	0.000000	0.000000
772.930000	0.541480	-1.130262	1.377852	0.000000	0.000000
772.940000	0.541479	-1.130254	1.377851	0.000000	0.000000
772.950000	0.541477	-1.130248	1.377850	0.000000	0.000000
772.960000	0.541476	-1.130242	1.377850	0.000000	0.000000
772.970000	0.541475	-1.130237	1.377849	0.000000	0.000000
772.980000	0.541474	-1.130231	1.377848	0.000000	0.000000
772.990000	0.541474	-1.130226	1.377848	0.000000	0.000000
773.000000	0.541473	-1.130221	1.377847	0.000000	0.000000
773.010000	0.541473	-1.130217	1.377846	0.000000	0.000000
773.020000	0.541472	-1.130215	1.377845	0.000000	0.000000
773.030000	0.541471	-1.130212	1.377845	0.000000	0.000000
773.040000	0.541471	-1.130210	1.377844	0.000000	0.000000
773.050000	0.541471	-1.130208	1.377843	0.000000	0.000000
773.060000	0.541470	-1.130205	1.377843	0.000000	0.000000
773.070000	0.541468	-1.130201	1.377842	0.000000	0.000000
773.080000	0.541467	-1.130196	1.377841	0.000000	0.000000
773.090000	0.541466	-1.130192	1.377840	0.000000	0.000000
773.100000	0.541465	-1.130187	1.377840	0.000000	0.000000
773.110000	0.541463	-1.130181	1.377839	0.000000	0.000000
773.120000	0.541462	-1.130174	1.377838	0.000000	0.000000
773.130000	0.541459	-1.130165	1.377837	0.000000	0.000000
773.140000	0.541457	-1.130156	1.377836	0.000000	0.000000
773.150000	0.541454	-1.130148	1.377835	0.000000	0.000000
773.160000	0.541452	-1.130142	1.377834	0.000000	0.000000
773.170000	0.541451	-1.130137	1.377834	0.000000	0.000000
773.180000	0.541450	-1.130134	1.377833	0.000000	0.000000
773.190000	0.541450	-1.130133	1.377832	0.000000	0.000000
773.200000	0.541450	-1.130132	1.377831	0.000000	0.000000
773.210000	0.541449	-1.130132	1.377830	0.000000	0.000000
773.220000	0.541449	-1.130131	1.377829	0.000000	0.000000
773.230000	0.541448	-1.130130	1.377828	0.000000	0.000000
773.240000	0.541447	-1.130127	1.377827	0.000000	0.000000
773.250000	0.541446	-1.130122	1.377826	0.000000	0.000000
773.260000	0.541444	-1.130116	1.377825	0.000000	0.000000
773.270000	0.541442	-1.130109	1.377824	0.000000	0.000000
773.280000	0.541441	-1.130102	1.377822	0.000000	0.000000
773.290000	0.541439	-1.130096	1.377821	0.000000	0.000000
773.300000	0.541439	-1.130090	1.377820	0.000000	0.000000
773.310000	0.541438	-1.130086	1.377819	0.000000	0.000000
773.320000	0.541438	-1.130084	1.377818	0.000000	0.000000
773.330000	0.541438	-1.130083	1.377816	0.000000	0.000000
773.340000	0.541439	-1.130083	1.377815	0.000000	0.000000
773.350000	0.541440	-1.130083	1.377813	0.000000	0.000000
773.360000	0.541442	-1.130084	1.377812	0.000000	0.000000
773.370000	0.541443	-1.130083	1.377810	0.000000	0.000000
773.380000	0.541444	-1.130083	1.377809	0.000000	0.000000
773.390000	0.541445	-1.130082	1.377807	0.000000	0.000000
773.400000	0.541446	-1.130081	1.377805	0.000000	0.000000
773.410000	0.541447	-1.130081	1.377803	0.000000	0.000000
773.420000	0.541448	-1.130081	1.377801	0.000000	0.000000
773.430000	0.541449	-1.130081	1.377799	0.000000	0.000000
773.440000	0.541449	-1.130080	1.377797	0.000000	0.000000
773.450000	0.541449	-1.130079	1.377794	0.000000	0.000000
773.460000	0.541448	-1.130076	1.377792	0.000000	0.000000
773.470000	0.541447	-1.130074	1.377790	0.000000	0.000000
773.480000	0.541447	-1.130074	1.377787	0.000000	0.000000
773.490000	0.541448	-1.130077	1.377785	0.000000	0.000000
773.500000	0.541450	-1.130083	1.377782	0.000000	0.000000
773.510000	0.541452	-1.130091	1.377780	0.000000	0.000000
773.520000	0.541455	-1.130101	1.377778	0.000000	0.000000
773.530000	0.541458	-1.130111	1.377775	0.000000	0.000000
773.540000	0.541461	-1.130121	1.377773	0.000000	0.000000
773.550000	0.541463	-1.130129	1.377771	0.000000	0.000000
773.560000	0.541464	-1.130134	1.377769	0.000000	0.000000
773.570000	0.541465	-1.130137	1.377767	0.000000	0.000000
773.580000	0.541466	-1.130137	1.377764	0.000000	0.000000
773.590000	0.541465	-1.130133	1.377762	0.000000	0.000000
773.600000	0.541464	-1.130128	1.377760	0.000000	0.000000
773.610000	0.541462	-1.130121	1.377758	0.000000	0.000000
773.620000	0.541460	-1.130113	1.377756	0.000000	0.000000
773.630000	0.541457	-1.130104	1.377754	0.000000	0.000000
773.640000	0.541454	-1.130095	1.377752	0.000000	0.000000
773.650000	0.541452	-1.130087	1.377750	0.000000	0.000000
773.660000	0.541450	-1.130079	1.377748	0.000000	0.000000
773.670000	0.541448	-1.130073	1.377746	0.000000	0.000000
773.680000	0.541446	-1.130068	1.377744	0.000000	0.000000
773.690000	0.541445	-1.130064	1.377742	0.000000	0.000000
773.700000	0.541444	-1.130063	1.377740	0.000000	0.000000
773.710000	0.541443	-1.130063	1.377738	0.000000	0.000000
773.720000	0.541443	-1.130065	1.377736	0.000000	0.000000
773.730000	0.541443	-1.130069	1.377734	0.000000	0.000000
773.740000	0.541443	-1.130073	1.377732	0.000000	0.000000
773.750000	0.541444	-1.130078	1.377730	0.000000	0.000000
773.760000	0.541445	-1.130083	1.377728	0.000000	0.000000
773.770000	0.541446	-1.130090	1.377726	0.000000	0.000000
773.780000	0.541448	-1.130097	1.377724	0.000000	0.000000
773.790000	0.541450	-1.130104	1.377722	0.000000	0.000000
773.800000	0.541451	-1.130109	1.377720	0.000000	0.000000
773.810000	0.541453	-1.130113	1.377718	0.000000	0.000000
773.820000	0.541453	-1.130112	1.377717	0.000000	0.000000
773.830000	0.541452	-1.130110	1.377715	0.000000	0.000000
773.840000	0.541451	-1.130106	1.377713	0.000000	0.000000
773.850000	0.541450	-1.130102	1.377711	0.000000	0.000000
773.860000	0.541449	-1.130099	1.377710	0.000000	0.000000
773.870000	0.541448	-1.130097	1.377708	0.000000	0.000000
773.880000	0.541448	-1.130095	1.377707	0.000000	0.000000
773.890000	0.541447	-1.130093	1.377705	0.000000	0.000000
773.900000	0.541446	-1.130091	1.377704	0.000000	0.000000
773.910000	0.541445	-1.130089	1.377703	0.000000	0.000000
773.920000	0.541444	-1.130088	1.377701	0.000000	0.000000
773.930000	0.541444	-1.130085	1.377700	0.000000	0.000000
773.940000	0.541442	-1.130083	1.377699	0.000000	0.000000
773.950000	0.541440	-1.130079	1.377698	0.000000	0.000000
773.960000	0.541438	-1.130076	1.377697	0.000000	0.000000
773.970000	0.541436	-1.130071	1.377696	0.000000	0.000000
773.980000	0.541434	-1.130067	1.377694	0.000000	0.000000
773.990000	0.541431	-1.130062	1.377693	0.000000	0.000000
774.000000	0.541430	-1.130059	1.377692	0.000000	0.000000
774.010000	0.541428	-1.130056	1.377691	0.000000	0.000000
774.020000	0.541428	-1.130056	1.377689	0.000000	0.000000
774.030000	0.541428	-1.130058	1.377688	0.000000	0.000000
774.040000	0.541429	-1.130062	1.377686	0.000000	0.000000
774.050000	0.541430	-1.130068	1.377684	0.000000	0.000000
774.060000	0.541432	-1.130075	1.377683	0.000000	0.000000
774.070000	0.541433	-1.130082	1.377681	0.000000	0.000000
774.080000	0.541434	-1.130088	1.377679	0.000000	0.000000
774.090000	0.541434	-1.130092	1.377677	0.000000	0.000000
774.100000	0.541433	-1.130094	1.377675	0.000000	0.000000
774.110000	0.541431	-1.130093	1.377673	0.000000	0.000000
774.120000	0.541429	-1.130092	1.377671	0.000000	0.000000
774.130000	0.541428	-1.130093	1.377669	0.000000	0.000000
774.140000	0.541427	-1.130095	1.377667	0.000000	0.000000
774.150000	0.541427	-1.130101	1.377665	0.000000	0.000000
774.160000	0.541428	-1.130109	1.377662	0.000000	0.000000
774.170000	0.541429	-1.130117	1.377660	0.000000	0.000000
774.180000	0.541430	-1.130126	1.377658	0.000000	0.000000
774.190000	0.541431	-1.130133	1.377656	0.000000	0.000000
774.200000	0.541431	-1.130138	1.377655	0.000000	0.000000
774.210000	0.541431	-1.130141	1.377653	0.000000	0.000000
774.220000	0.541430	-1.130142	1.377651	0.000000	0.000000
774.230000	0.541428	-1.130141	1.377649	0.000000	0.000000
774.240000	0.541425	-1.130138	1.377648	0.000000	0.000000
774.250000	0.541423	-1.130133	1.377646	0.000000	0.000000
774.260000	0.541420	-1.130129	1.377645	0.000000	0.000000
774.270000	0.541418	-1.130126	1.377643	0.000000	0.000000
774.280000	0.541416	-1.130124	1.377642	0.000000	0.000000
774.290000	0.541414	-1.130124	1.377640	0.000000	0.000000
774.300000	0.541412	-1.130125	1.377639	0.000000	0.000000
774.310000	0.541411	-1.130127	1.377637	0.000000	0.000000
774.320000	0.541410	-1.130129	1.377636	0.000000	0.000000
774.330000	0.541409	-1.130131	1.377634	0.000000	0.000000
774.340000	0.541408	-1.130134	1.377633	0.000000	0.000000
774.350000	0.541406	-1.130136	1.377631	0.000000	0.000000
774.360000	0.541405	-1.130138	1.377630	0.000000	0.000000
774.370000	0.541403	-1.130139	1.377628	0.000000	0.000000
774.380000	0.541402	-1.130139	1.377627	0.000000	0.000000
774.390000	0.541401	-1.130139	1.377625	0.000000	0.000000
774.400000	0.541400	-1.130141	1.377624	0.000000	0.000000
774.410000	0.541400	-1.130143	1.377622	0.000000	0.000000
774.420000	0.541400	-1.130147	1.377620	0.000000	0.000000
774.430000	0.541400	-1.130150	1.377619	0.000000	0.000000
774.440000	0.541400	-1.130152	1.377617	0.000000	0.000000
774.450000	0.541399	-1.130152	1.377616	0.000000	0.000000
774.460000	0.541398	-1.130150	1.377614	0.000000	0.000000
774.470000	0.541397	-1.130148	1.377613	0.000000	0.000000
774.480000	0.541396	-1.130146	1.377611	0.000000	0.000000
774.490000	0.541395	-1.130145	1.377610	0.000000	0.000000
774.500000	0.541395	-1.130145	1.377608	0.000000	0.000000
774.510000	0.541394	-1.130144	1.377607	0.000000	0.000000
774.520000	0.541393	-1.130141	1.377605	0.000000	0.000000
774.530000	0.541393	-1.130138	1.377604	0.000000	0.000000
774.540000	0.541391	-1.130135	1.377602	0.000000	0.000000
774.550000	0.541390	-1.130132	1.377601	0.000000	0.000000
774.560000	0.541389	-1.130131	1.377600	0.000000	0.000000
774.570000	0.541388	-1.130132	1.377598	0.000000	0.000000
774.580000	0.541388	-1.130134	1.377597	0.000000	0.000000
774.590000	0.541388	-1.130137	1.377596	0.000000	0.000000
774.600000	0.541388	-1.130140	1.377594	0.000000	0.000000
774.610000	0.541388	-1.130144	1.377593	0.000000	0.000000
774.620000	0.541388	-1.130147	1.377591	0.000000	0.000000
774.630000	0.541388	-1.130149	1.377590	0.000000	0.000000
774.640000	0.541388	-1.130150	1.377588	0.000000	0.000000
774.650000	0.541388	-1.130150	1.377587	0.000000	0.000000
774.660000	0.541387	-1.130151	1.377585	0.000000	0.000000
774.670000	0.541387	-1.130152	1.377584	0.000000	0.000000
774.680000	0.541387	-1.130153	1.377582	0.000000	0.000000
774.690000	0.541387	-1.130154	1.377581	0.000000	0.000000
774.700000	0.541387	-1.130156	1.377579	0.000000	0.000000
774.710000	0.541387	-1.130157	1.377578	0.000000	0.000000
774.720000	0.541387	-1.130157	1.377576	0.000000	0.000000
774.730000	0.541387	-1.130157	1.377575	0.000000	0.000000
774.740000	0.541386	-1.130156	1.377573	0.000000	0.000000
774.750000	0.541385	-1.130154	1.377572	0.000000	0.000000
774.760000	0.541385	-1.130153	1.377570	0.000000	0.000000
774.770000	0.541384	-1.130152	1.377569	0.000000	0.000000
774.780000	0.541384	-1.130151	1.377567	0.000000	0.000000
774.790000	0.541385	-1.130150	1.377566	0.000000	0.000000
774.800000	0.541385	-1.130149	1.377564	0.000000	0.000000
774.810000	0.541385	-1.130148	1.377562	0.000000	0.000000
774.820000	0.541385	-1.130146	1.377561	0.000000	0.000000
774.830000	0.541384	-1.130144	1.377559	0.000000	0.000000
774.840000	0.541383	-1.130140	1.377557	0.000000	0.000000
774.850000	0.541383	-1.130136	1.377556	0.000000	0.000000
774.860000	0.541382	-1.130130	1.377554	0.000000	0.000000
774.870000	0.541381	-1.130125	1.377552	0.000000	0.000000
774.880000	0.541380	-1.130119	1.377550	0.000000	0.000000
774.890000	0.541379	-1.130115	1.377548	0.000000	0.000000
774.900000	0.541379	-1.130113	1.377547	0.000000	0.000000
774.910000	0.541379	-1.130113	1.377545	0.000000	0.000000
774.920000	0.541380	-1.130116	1.377543	0.000000	0.000000
774.930000	0.541381	-1.130119	1.377541	0.000000	0.000000
774.940000	0.541382	-1.130124	1.377540	0.000000	0.000000
774.950000	0.541383	-1.130129	1.377538	0.000000	0.000000
774.960000	0.541384	-1.130136	1.377536	0.000000	0.000000
774.970000	0.541385	-1.130144	1.377535	0.000000	0.000000
774.980000	0.541385	-1.130150	1.377533	0.000000	0.000000
774.990000	0.541386	-1.130156	1.377532	0.000000	0.000000
775.000000	0.541385	-1.130160	1.377530	0.000000	0.000000
775.010000	0.541384	-1.130161	1.377529	0.000000	0.000000
775.020000	0.541383	-1.130161	1.377527	0.000000	0.000000
775.030000	0.541381	-1.130158	1.377526	0.000000	0.000000
775.040000	0.541378	-1.130155	1.377525	0.000000	0.000000
775.050000	0.541376	-1.130152	1.377523	0.000000	0.000000
775.060000	0.541375	-1.130150	1.377522	0.000000	0.000000
775.070000	0.541374	-1.130150	1.377521	0.000000	0.000000
775.080000	0.541374	-1.130150	1.377520	0.000000	0.000000
775.090000	0.541373	-1.130152	1.377519	0.000000	0.000000
775.100000	0.541373	-1.130153	1.377518	0.000000	0.000000
775.110000	0.541373	-1.130155	1.377517	0.000000	0.000000
775.120000	0.541373	-1.130155	1.377517	0.000000	0.000000
775.130000	0.541372	-1.130154	1.377516	0.000000	0.000000
775.140000	0.541371	-1.130152	1.377515	0.000000	0.000000
775.150000	0.541369	-1.130147	1.377514	0.000000	0.000000
775.160000	0.541367	-1.130142	1.377514	0.000000	0.000000
775.170000	0.541364	-1.130137	1.377513	0.000000	0.000000
775.180000	0.541362	-1.130132	1.377513	0.000000	0.000000
775.190000	0.541361	-1.130130	1.377512	0.000000	0.000000
775.200000	0.541359	-1.130129	1.377512	0.000000	0.000000
775.210000	0.541359	-1.130130	1.377511	0.000000	0.000000
775.220000	0.541358	-1.130132	1.377511	0.000000	0.000000
775.230000	0.541357	-1.130135	1.377510	0.000000	0.000000
775.240000	0.541356	-1.130138	1.377510	0.000000	0.000000
775.250000	0.541355	-1.130140	1.377509	0.000000	0.000000
775.260000	0.541353	-1.130140	1.377509	0.000000	0.000000
775.270000	0.541351	-1.130140	1.377509	0.000000	0.000000
775.280000	0.541348	-1.130138	1.377508	0.000000	0.000000
775.290000	0.541345	-1.130136	1.377508	0.000000	0.000000
775.300000	0.541343	-1.130134	1.377508	0.000000	0.000000
775.310000	0.541341	-1.130134	1.377507	0.000000	0.000000
775.320000	0.541340	-1.130135	1.377507	0.000000	0.000000
775.330000	0.541340	-1.130136	1.377507	0.000000	0.000000
775.340000	0.541340	-1.130137	1.377507	0.000000	0.000000
775.350000	0.541340	-1.130137	1.377507	0.000000	0.000000
775.360000	0.541339	-1.130135	1.377507	0.000000	0.000000
775.370000	0.541338	-1.130131	1.377507	0.000000	0.000000
775.380000	0.541336	-1.130125	1.377507	0.000000	0.000000
775.390000	0.541334	-1.130117	1.377507	0.000000	0.000000
775.400000	0.541331	-1.130106	1.377507	0.000000	0.000000
775.410000	0.541327	-1.130094	1.377507	0.000000	0.000000
775.420000	0.541323	-1.130080	1.377507	0.000000	0.000000
775.430000	0.541319	-1.130066	1.377507	0.000000	0.000000
775.440000	0.541316	-1.130053	1.377507	0.000000	0.000000
775.450000	0.541312	-1.130041	1.377507	0.000000	0.000000
775.460000	0.541309	-1.130031	1.377507	0.000000	0.000000
775.470000	0.541307	-1.130023	1.377507	0.000000	0.000000
775.480000	0.541306	-1.130017	1.377507	0.000000	0.000000
775.490000	0.541305	-1.130013	1.377507	0.000000	0.000000
775.500000	0.541305	-1.130011	1.377507	0.000000	0.000000
775.510000	0.541305	-1.130008	1.377507	0.000000	0.000000
775.520000	0.541305	-1.130005	1.377506	0.000000	0.000000
775.530000	0.541304	-1.129999	1.377506	0.000000	0.000000
775.540000	0.541303	-1.129994	1.377505	0.000000	0.000000
775.550000	0.541303	-1.129990	1.377505	0.000000	0.000000
775.560000	0.541304	-1.129989	1.377504	0.000000	0.000000
775.570000	0.541305	-1.129991	1.377504	0.000000	0.000000
775.580000	0.541307	-1.129993	1.377503	0.000000	0.000000
775.590000	0.541309	-1.129996	1.377502	0.000000	0.000000
775.600000	0.541312	-1.129999	1.377502	0.000000	0.000000
775.610000	0.541314	-1.130000	1.377501	0.000000	0.000000
775.620000	0.541315	-1.129999	1.377500	0.000000	0.000000
775.630000	0.541315	-1.129996	1.377500	0.000000	0.000000
775.640000	0.541315	-1.129991	1.377499	0.000000	0.000000
775.650000	0.541314	-1.129985	1.377498	0.000000	0.000000
775.660000	0.541313	-1.129978	1.377497	0.000000	0.000000
775.670000	0.541313	-1.129971	1.377496	0.000000	0.000000
775.680000	0.541313	-1.129966	1.377496	0.000000	0.000000
775.690000	0.541313	-1.129962	1.377495	0.000000	0.000000
775.700000	0.541314	-1.129958	1.377494	0.000000	0.000000
775.710000	0.541315	-1.129956	1.377493	0.000000	0.000000
775.720000	0.541316	-1.129954	1.377492	0.000000	0.000000
775.730000	0.541318	-1.129953	1.377491	0.000000	0.000000
775.740000	0.541320	-1.129953	1.377491	0.000000	0.000000
775.750000	0.541324	-1.129955	1.377490	0.000000	0.000000
775.760000	0.541327	-1.129958	1.377489	0.000000	0.000000
775.770000	0.541331	-1.129961	1.377488	0.000000	0.000000
775.780000	0.541334	-1.129961	1.377487	0.000000	0.000000
775.790000	0.541337	-1.129960	1.377487	0.000000	0.000000
775.800000	0.541339	-1.129956	1.377486	0.000000	0.000000
775.810000	0.541342	-1.129951	1.377485	0.000000	0.000000
775.820000	0.541344	-1.129946	1.377485	0.000000	0.000000
775.830000	0.541345	-1.129940	1.377484	0.000000	0.000000
775.840000	0.541347	-1.129934	1.377484	0.000000	0.000000
775.850000	0.541348	-1.129926	1.377483	0.000000	0.000000
775.860000	0.541349	-1.129918	1.377483	0.000000	0.000000
775.870000	0.541350	-1.129909	1.377482	0.000000	0.000000
775.880000	0.541350	-1.129899	1.377482	0.000000	0.000000
775.890000	0.541350	-1.129889	1.377481	0.000000	0.000000
775.900000	0.541351	-1.129880	1.377480	0.000000	0.000000
775.910000	0.541351	-1.129871	1.377480	0.000000	0.000000
775.920000	0.541352	-1.129864	1.377479	0.000000	0.000000
775.930000	0.541354	-1.129858	1.377479	0.000000	0.000000
775.940000	0.541356	-1.129855	1.377478	0.000000	0.000000
775.950000	0.541358	-1.129853	1.377477	0.000000	0.000000
775.960000	0.541361	-1.129851	1.377476	0.000000	0.000000
775.970000	0.541362	-1.129848	1.377476	0.000000	0.000000
775.980000	0.541363	-1.129841	1.377475	0.000000	0.000000
775.990000	0.541363	-1.129833	1.377474	0.000000	0.000000
776.000000	0.541364	-1.129826	1.377473	0.000000	0.000000
776.010000	0.541365	-1.129823	1.377472	0.000000	0.000000
776.020000	0.541366	-1.129821	1.377471	0.000000	0.000000
776.030000	0.541367	-1.129819	1.377470	0.000000	0.000000
776.040000	0.541368	-1.129819	1.377469	0.000000	0.000000
776.050000	0.541370	-1.129819	1.377468	0.000000	0.000000
776.060000	0.541371	-1.129818	1.377468	0.000000	0.000000
776.070000	0.541372	-1.129816	1.377467	0.000000	0.000000
776.080000	0.541372	-1.129814	1.377466	0.000000	0.000000
776.090000	0.541372	-1.129811	1.377465	0.000000	0.000000
776.100000	0.541372	-1.129807	1.377464	0.000000	0.000000
776.110000	0.541372	-1.129804	1.377464	0.000000	0.000000
776.120000	0.541371	-1.129800	1.377463	0.000000	0.000000
776.130000	0.541372	-1.129797	1.377462	0.000000	0.000000
776.140000	0.541372	-1.129794	1.377461	0.000000	0.000000
776.150000	0.541373	-1.129791	1.377460	0.000000	0.000000
776.160000	0.541373	-1.129788	1.377460	0.000000	0.000000
776.170000	0.541374	-1.129784	1.377459	0.000000	0.000000
776.180000	0.541374	-1.129781	1.377458	0.000000	0.000000
776.190000	0.541376	-1.129778	1.377457	0.000000	0.000000
776.200000	0.541377	-1.129776	1.377456	0.000000	0.000000
776.210000	0.541379	-1.129773	1.377455	0.000000	0.000000
776.220000	0.541380	-1.129770	1.377454	0.000000	0.000000
776.230000	0.541381	-1.129766	1.377453	0.000000	0.000000
776.240000	0.541382	-1.129760	1.377452	0.000000	0.000000
776.250000	0.541382	-1.129752	1.377451	0.000000	0.000000
776.260000	0.541381	-1.129744	1.377450	0.000000	0.000000
776.270000	0.541382	-1.129738	1.377449	0.000000	0.000000
776.280000	0.541383	-1.129734	1.377447	0.000000	0.000000
776.290000	0.541384	-1.129732	1.377446	0.000000	0.000000
776.300000	0.541386	-1.129728	1.377445	0.000000	0.000000
776.310000	0.541387	-1.129723	1.377444	0.000000	0.000000
776.320000	0.541387	-1.129716	1.377442	0.000000	0.000000
776.330000	0.541387	-1.129709	1.377441	0.000000	0.000000
776.340000	0.541387	-1.129702	1.377440	0.000000	0.000000
776.350000	0.541387	-1.129696	1.377439	0.000000	0.000000
776.360000	0.541386	-1.129691	1.377437	0.000000	0.000000
776.370000	0.541387	-1.129687	1.377436	0.000000	0.000000
776.380000	0.541387	-1.129685	1.377435	0.000000	0.000000
776.390000	0.541387	-1.129683	1.377433	0.000000	0.000000
776.400000	0.541388	-1.129681	1.377432	0.000000	0.000000
776.410000	0.541388	-1.129680	1.377431	0.000000	0.000000
776.420000	0.541389	-1.129678	1.377430	0.000000	0.000000
776.430000	0.541390	-1.129676	1.377428	0.000000	0.000000
776.440000	0.541391	-1.129676	1.377427	0.000000	0.000000
776.450000	0.541392	-1.129676	1.377426	0.000000	0.000000
776.460000	0.541393	-1.129677	1.377425	0.000000	0.000000
776.470000	0.541394	-1.129679	1.377424	0.000000	0.000000
776.480000	0.541396	-1.129683	1.377422	0.000000	0.000000
776.490000	0.541399	-1.129686	1.377421	0.000000	0.000000
776.500000	0.541401	-1.129689	1.377420	0.000000	0.000000
776.510000	0.541402	-1.129691	1.377419	0.000000	0.000000
776.520000	0.541402	-1.129690	1.377418	0.000000	0.000000
776.530000	0.541402	-1.129687	1.377417	0.000000	0.000000
776.540000	0.541401	-1.129682	1.377416	0.000000	0.000000
776.550000	0.541400	-1.129677	1.377415	0.000000	0.000000
776.560000	0.541399	-1.129672	1.377413	0.000000	0.000000
776.570000	0.541398	-1.129667	1.377412	0.000000	0.000000
776.580000	0.541397	-1.129663	1.377412	0.000000	0.000000
776.590000	0.541396	-1.129658	1.377411	0.000000	0.000000
776.600000	0.541396	-1.129654	1.377410	0.000000	0.000000
776.610000	0.541395	-1.129649	1.377409	0.000000	0.000000
776.620000	0.541394	-1.129645	1.377408	0.000000	0.000000
776.630000	0.541393	-1.129640	1.377407	0.000000	0.000000
776.640000	0.541392	-1.129636	1.377406	0.000000	0.000000
776.650000	0.541391	-1.129631	1.377406	0.000000	0.000000
776.660000	0.541391	-1.129626	1.377405	0.000000	0.000000
776.670000	0.541390	-1.129620	1.377404	0.000000	0.000000
776.680000	0.541389	-1.129614	1.377403	0.000000	0.000000
776.690000	0.541388	-1.129609	1.377403	0.000000	0.000000
776.700000	0.541388	-1.129604	1.377402	0.000000	0.000000
776.710000	0.541389	-1.129600	1.377401	0.000000	0.000000
776.720000	0.541390	-1.129599	1.377401	0.000000	0.000000
776.730000	0.541390	-1.129598	1.377400	0.000000	0.000000
776.740000	0.541391	-1.129598	1.377400	0.000000	0.000000
776.750000	0.541392	-1.129599	1.377399	0.000000	0.000000
776.760000	0.541393	-1.129601	1.377398	0.000000	0.000000
776.770000	0.541395	-1.129603	1.377398	0.000000	0.000000
776.780000	0.541397	-1.129604	1.377397	0.000000	0.000000
776.790000	0.541399	-1.129603	1.377397	0.000000	0.000000
776.800000	0.541399	-1.129600	1.377396	0.000000	0.000000
776.810000	0.541399	-1.129595	1.377395	0.000000	0.000000
776.820000	0.541397	-1.129587	1.377395	0.000000	0.000000
776.830000	0.541397	-1.129579	1.377394	0.000000	0.000000
776.840000	0.541397	-1.129575	1.377394	0.000000	0.000000
776.850000	0.541398	-1.129574	1.377394	0.000000	0.000000
776.860000	0.541400	-1.129575	1.377393	0.000000	0.000000
776.870000	0.541402	-1.129577	1.377393	0.000000	0.000000
776.880000	0.541405	-1.129579	1.377393	0.000000	0.000000
776.890000	0.541407	-1.129580	1.377393	0.000000	0.000000
776.900000	0.541408	-1.129579	1.377393	0.000000	0.000000
776.910000	0.541408	-1.129575	1.377393	0.000000	0.000000
776.920000	0.541407	-1.129569	1.377392	0.000000	0.000000
776.930000	0.541407	-1.129563	1.377392	0.000000	0.000000
776.940000	0.541407	-1.129558	1.377392	0.000000	0.000000
776.950000	0.541407	-1.129555	1.377392	0.000000	0.000000
776.960000	0.541409	-1.129554	1.377392	0.000000	0.000000
776.970000	0.541411	-1.129553	1.377392	0.000000	0.000000
776.980000	0.541413	-1.129552	1.377393	0.000000	0.000000
776.990000	0.541415	-1.129550	1.377393	0.000000	0.000000
777.000000	0.541417	-1.129547	1.377393	0.000000	0.000000
777.010000	0.541418	-1.129545	1.377393	0.000000	0.000000
777.020000	0.541420	-1.129542	1.377393	0.000000	0.000000
777.030000	0.541421	-1.129540	1.377393	0.000000	0.000000
777.040000	0.541423	-1.129539	1.377393	0.000000	0.000000
777.050000	0.541425	-1.129537	1.377393	0.000000	0.000000
777.060000	0.541426	-1.129535	1.377393	0.000000	0.000000
777.070000	0.541427	-1.129534	1.377393	0.000000	0.000000
777.080000	0.541429	-1.129534	1.377393	0.000000	0.000000
777.090000	0.541430	-1.129533	1.377393	0.000000	0.000000
777.100000	0.541431	-1.129531	1.377393	0.000000	0.000000
777.110000	0.541432	-1.129529	1.377393	0.000000	0.000000
777.120000	0.541433	-1.129527	1.377393	0.000000	0.000000
777.130000	0.541435	-1.129525	1.377393	0.000000	0.000000
777.140000	0.541437	-1.129524	1.377393	0.000000	0.000000
777.150000	0.541437	-1.129522	1.377393	0.000000	0.000000
777.160000	0.541437	-1.129520	1.377393	0.000000	0.000000
777.170000	0.541436	-1.129516	1.377393	0.000000	0.000000
777.180000	0.541435	-1.129513	1.377393	0.000000	0.000000
777.190000	0.541433	-1.129509	1.377393	0.000000	0.000000
777.200000	0.541432	-1.129505	1.377394	0.000000	0.000000
777.210000	0.541430	-1.129501	1.377394	0.000000	0.000000
777.220000	0.541429	-1.129498	1.377394	0.000000	0.000000
777.230000	0.541428	-1.129497	1.377394	0.000000	0.000000
777.240000	0.541428	-1.129497	1.377394	0.000000	0.000000
777.250000	0.541428	-1.129500	1.377394	0.000000	0.000000
777.260000	0.541429	-1.129504	1.377395	0.000000	0.000000
777.270000	0.541430	-1.129510	1.377395	0.000000	0.000000
777.280000	0.541431	-1.129515	1.377395	0.000000	0.000000
777.290000	0.541432	-1.129521	1.377395	0.000000	0.000000
777.300000	0.541433	-1.129526	1.377395	0.000000	0.000000
777.310000	0.541434	-1.129530	1.377395	0.000000	0.000000
777.320000	0.541435	-1.129532	1.377396	0.000000	0.000000
777.330000	0.541435	-1.129533	1.377396	0.000000	0.000000
777.340000	0.541435	-1.129534	1.377396	0.000000	0.000000
777.350000	0.541436	-1.129536	1.377396	0.000000	0.000000
777.360000	0.541436	-1.129539	1.377396	0.000000	0.000000
777.370000	0.541436	-1.129542	1.377397	0.000000	0.000000
777.380000	0.541436	-1.129543	1.377397	0.000000	0.000000
777.390000	0.541435	-1.129544	1.377397	0.000000	0.000000
777.400000	0.541434	-1.129544	1.377397	0.000000	0.000000
777.410000	0.541432	-1.129543	1.377397	0.000000	0.000000
777.420000	0.541431	-1.129541	1.377397	0.000000	0.000000
777.430000	0.541429	-1.129538	1.377397	0.000000	0.000000
777.440000	0.541427	-1.129535	1.377397	0.000000	0.000000
777.450000	0.541425	-1.129531	1.377397	0.000000	0.000000
777.460000	0.541423	-1.129528	1.377397	0.000000	0.000000
777.470000	0.541423	-1.129526	1.377397	0.000000	0.000000
777.480000	0.541423	-1.129527	1.377397	0.000000	0.000000
777.490000	0.541424	-1.129529	1.377397	0.000000	0.000000
777.500000	0.541425	-1.129532	1.377397	0.000000	0.000000
777.510000	0.541425	-1.129536	1.377396	0.000000	0.000000
777.520000	0.541426	-1.129540	1.377396	0.000000	0.000000
777.530000	0.541427	-1.129542	1.377396	0.000000	0.000000
777.540000	0.541427	-1.129542	1.377396	0.000000	0.000000
777.550000	0.541427	-1.129540	1.377395	0.000000	0.000000
777.560000	0.541426	-1.129537	1.377395	0.000000	0.000000
777.570000	0.541426	-1.129534	1.377394	0.000000	0.000000
777.580000	0.541426	-1.129531	1.377394	0.000000	0.000000
777.590000	0.541426	-1.129529	1.377394	0.000000	0.000000
777.600000	0.541427	-1.129529	1.377393	0.000000	0.000000
777.610000	0.541429	-1.129531	1.377393	0.000000	0.000000
777.620000	0.541431	-1.129532	1.377393	0.000000	0.000000
777.630000	0.541434	-1.129534	1.377393	0.000000	0.000000
777.640000	0.541437	-1.129535	1.377392	0.000000	0.000000
777.650000	0.541439	-1.129535	1.377392	0.000000	0.000000
777.660000	0.541441	-1.129534	1.377392	0.000000	0.000000
777.670000	0.541442	-1.129531	1.377392	0.000000	0.000000
777.680000	0.541444	-1.129529	1.377392	0.000000	0.000000
777.690000	0.541445	-1.129526	1.377392	0.000000	0.000000
777.700000	0.541447	-1.129523	1.377391	0.000000	0.000000
777.710000	0.541448	-1.129521	1.377391	0.000000	0.000000
777.720000	0.541450	-1.129518	1.377391	0.000000	0.000000
777.730000	0.541451	-1.129515	1.377391	0.000000	0.000000
777.740000	0.541453	-1.129512	1.377391	0.000000	0.000000
777.750000	0.541454	-1.129509	1.377391	0.000000	0.000000
777.760000	0.541454	-1.129505	1.377391	0.000000	0.000000
777.770000	0.541455	-1.129499	1.377391	0.000000	0.000000
777.780000	0.541455	-1.129492	1.377391	0.000000	0.000000
777.790000	0.541455	-1.129486	1.377390	0.000000	0.000000
777.800000	0.541456	-1.129484	1.377390	0.000000	0.000000
777.810000	0.541457	-1.129483	1.377390	0.000000	0.000000
777.820000	0.541458	-1.129483	1.377390	0.000000	0.000000
777.830000	0.541459	-1.129483	1.377390	0.000000	0.000000
777.840000	0.541459	-1.129483	1.377390	0.000000	0.000000
777.850000	0.541459	-1.129482	1.377390	0.000000	0.000000
777.860000	0.541459	-1.129481	1.377390	0.000000	0.000000
777.870000	0.541459	-1.129480	1.377390	0.000000	0.000000
777.880000	0.541458	-1.129479	1.377390	0.000000	0.000000
777.890000	0.541458	-1.129479	1.377390	0.000000	0.000000
777.900000	0.541457	-1.129478	1.377390	0.000000	0.000000
777.910000	0.541456	-1.129478	1.377390	0.000000	0.000000
777.920000	0.541455	-1.129477	1.377389	0.000000	0.000000
777.930000	0.541455	-1.129476	1.377389	0.000000	0.000000
777.940000	0.541455	-1.129477	1.377389	0.000000	0.000000
777.950000	0.541455	-1.129479	1.377389	0.000000	0.000000
777.960000	0.541457	-1.129481	1.377389	0.000000	0.000000
777.970000	0.541457	-1.129483	1.377389	0.000000	0.000000
777.980000	0.541457	-1.129485	1.377389	0.000000	0.000000
777.990000	0.541458	-1.129486	1.377389	0.000000	0.000000
778.000000	0.541458	-1.129487	1.377389	0.000000	0.000000
778.010000	0.541457	-1.129488	1.377388	0.000000	0.000000
778.020000	0.541457	-1.129488	1.377388	0.000000	0.000000
778.030000	0.541456	-1.129488	1.377388	0.000000	0.000000
778.040000	0.541455	-1.129486	1.377388	0.000000	0.000000
778.050000	0.541453	-1.129484	1.377388	0.000000	0.000000
778.060000	0.541451	-1.129483	1.377388	0.000000	0.000000
778.070000	0.541450	-1.129484	1.377387	0.000000	0.000000
778.080000	0.541449	-1.129487	1.377387	0.000000	0.000000
778.090000	0.541448	-1.129490	1.377387	0.000000	0.000000
778.100000	0.541448	-1.129492	1.377387	0.000000	0.000000
778.110000	0.541447	-1.129493	1.377387	0.000000	0.000000
778.120000	0.541447	-1.129493	1.377387	0.000000	0.000000
778.130000	0.541445	-1.129493	1.377387	0.000000	0.000000
778.140000	0.541445	-1.129493	1.377386	0.000000	0.000000
778.150000	0.541443	-1.129492	1.377386	0.000000	0.000000
778.160000	0.541442	-1.129491	1.377386	0.000000	0.000000
778.170000	0.541440	-1.129490	1.377386	0.000000	0.000000
778.180000	0.541438	-1.129490	1.377386	0.000000	0.000000
778.190000	0.541438	-1.129491	1.377386	0.000000	0.000000
778.200000	0.541437	-1.129493	1.377385	0.000000	0.000000
778.210000	0.541436	-1.129496	1.377385	0.000000	0.000000
778.220000	0.541436	-1.129500	1.377385	0.000000	0.000000
778.230000	0.541436	-1.129505	1.377385	0.000000	0.000000
778.240000	0.541436	-1.129510	1.377385	0.000000	0.000000
778.250000	0.541436	-1.129515	1.377385	0.000000	0.000000
778.260000	0.541436	-1.129520	1.377384	0.000000	0.000000
778.270000	0.541435	-1.129524	1.377384	0.000000	0.000000
778.280000	0.541434	-1.129527	1.377384	0.000000	0.000000
778.290000	0.541432	-1.129528	1.377384	0.000000	0.000000
778.300000	0.541430	-1.129529	1.377384	0.000000	0.000000
778.310000	0.541427	-1.129529	1.377384	0.000000	0.000000
778.320000	0.541425	-1.129529	1.377384	0.000000	0.000000
778.330000	0.541422	-1.129529	1.377384	0.000000	0.000000
778.340000	0.541420	-1.129530	1.377384	0.000000	0.000000
778.350000	0.541417	-1.129531	1.377384	0.000000	0.000000
778.360000	0.541415	-1.129533	1.377384	0.000000	0.000000
778.370000	0.541413	-1.129535	1.377384	0.000000	0.000000
778.380000	0.541411	-1.129538	1.377384	0.000000	0.000000
778.390000	0.541409	-1.129541	1.377384	0.000000	0.000000
778.400000	0.541407	-1.129544	1.377384	0.000000	0.000000
778.410000	0.541405	-1.129547	1.377384	0.000000	0.000000
778.420000	0.541402	-1.129551	1.377384	0.000000	0.000000
778.430000	0.541400	-1.129555	1.377384	0.000000	0.000000
778.440000	0.541399	-1.129558	1.377384	0.000000	0.000000
778.450000	0.541396	-1.129559	1.377383	0.000000	0.000000
778.460000	0.541394	-1.129560	1.377383	0.000000	0.000000
778.470000	0.541391	-1.129558	1.377383	0.000000	0.000000
778.480000	0.541388	-1.129557	1.377383	0.000000	0.000000
778.490000	0.541386	-1.129557	1.377383	0.000000	0.000000
778.500000	0.541385	-1.129558	1.377383	0.000000	0.000000
778.510000	0.541384	-1.129559	1.377383	0.000000	0.000000
778.520000	0.541382	-1.129560	1.377382	0.000000	0.000000
778.530000	0.541381	-1.129561	1.377382	0.000000	0.000000
778.540000	0.541379	-1.129560	1.377382	0.000000	0.000000
778.550000	0.541377	-1.129560	1.377382	0.000000	0.000000
778.560000	0.541376	-1.129560	1.377382	0.000000	0.000000
778.570000	0.541374	-1.129561	1.377382	0.000000	0.000000
778.580000	0.541373	-1.129562	1.377381	0.000000	0.000000
778.590000	0.541372	-1.129565	1.377381	0.000000	0.000000
778.600000	0.541372	-1.129567	1.377381	0.000000	0.000000
778.610000	0.541371	-1.129570	1.377381	0.000000	0.000000
778.620000	0.541370	-1.129572	1.377380	0.000000	0.000000
778.630000	0.541370	-1.129574	1.377380	0.000000	0.000000
778.640000	0.541370	-1.129575	1.377380	0.000000	0.000000
778.650000	0.541369	-1.129576	1.377379	0.000000	0.000000
778.660000	0.541368	-1.129576	1.377379	0.000000	0.000000
778.670000	0.541367	-1.129577	1.377378	0.000000	0.000000
778.680000	0.541367	-1.129579	1.377377	0.000000	0.000000
778.690000	0.541366	-1.129581	1.377377	0.000000	0.000000
778.700000	0.541366	-1.129583	1.377376	0.000000	0.000000
778.710000	0.541366	-1.129586	1.377375	0.000000	0.000000
778.720000	0.541366	-1.129589	1.377375	0.000000	0.000000
778.730000	0.541365	-1.129591	1.377374	0.000000	0.000000
778.740000	0.541364	-1.129592	1.377373	0.000000	0.000000
778.750000	0.541362	-1.129593	1.377372	0.000000	0.000000
778.760000	0.541361	-1.129595	1.377371	0.000000	0.000000
778.770000	0.541360	-1.129598	1.377371	0.000000	0.000000
778.780000	0.541360	-1.129602	1.377370	0.000000	0.000000
778.790000	0.541359	-1.129608	1.377369	0.000000	0.000000
778.800000	0.541360	-1.129614	1.377368	0.000000	0.000000
778.810000	0.541359	-1.129621	1.377367	0.000000	0.000000
778.820000	0.541359	-1.129628	1.377366	0.000000	0.000000
778.830000	0.541358	-1.129635	1.377365	0.000000	0.000000
778.840000	0.541358	-1.129641	1.377364	0.000000	0.000000
778.850000	0.541357	-1.129646	1.377363	0.000000	0.000000
778.860000	0.541356	-1.129649	1.377362	0.000000	0.000000
778.870000	0.541355	-1.129652	1.377361	0.000000	0.000000
778.880000	0.541353	-1.129653	1.377360	0.000000	0.000000
778.890000	0.541352	-1.129654	1.377359	0.000000	0.000000
778.900000	0.541350	-1.129655	1.377358	0.000000	0.000000
778.910000	0.541348	-1.129656	1.377357	0.000000	0.000000
778.920000	0.541347	-1.129657	1.377356	0.000000	0.000000
778.930000	0.541346	-1.129658	1.377355	0.000000	0.000000
778.940000	0.541345	-1.129660	1.377354	0.000000	0.000000
778.950000	0.541343	-1.129662	1.377353	0.000000	0.000000
778.960000	0.541343	-1.129665	1.377352	0.000000	0.000000
778.970000	0.541344	-1.129670	1.377351	0.000000	0.000000
778.980000	0.541345	-1.129676	1.377350	0.000000	0.000000
778.990000	0.541346	-1.129683	1.377349	0.000000	0.000000
779.000000	0.541347	-1.129691	1.377348	0.000000	0.000000
779.010000	0.541349	-1.129698	1.377346	0.000000	0.000000
779.020000	0.541349	-1.129705	1.377345	0.000000	0.000000
779.030000	0.541350	-1.129711	1.377344	0.000000	0.000000
779.040000	0.541350	-1.129717	1.377343	0.000000	0.000000
779.050000	0.541349	-1.129721	1.377341	0.000000	0.000000
779.060000	0.541348	-1.129724	1.377340	0.000000	0.000000
779.070000	0.541347	-1.129726	1.377338	0.000000	0.000000
779.080000	0.541346	-1.129728	1.377337	0.000000	0.000000
779.090000	0.541344	-1.129730	1.377336	0.000000	0.000000
779.100000	0.541344	-1.129734	1.377334	0.000000	0.000000
779.110000	0.541343	-1.129738	1.377333	0.000000	0.000000
779.120000	0.541343	-1.129744	1.377332	0.000000	0.000000
779.130000	0.541343	-1.129749	1.377331	0.000000	0.000000
779.140000	0.541343	-1.129754	1.377330	0.000000	0.000000
779.150000	0.541342	-1.129759	1.377329	0.000000	0.000000
779.160000	0.541342	-1.129763	1.377328	0.000000	0.000000
779.170000	0.541342	-1.129768	1.377327	0.000000	0.000000
779.180000	0.541341	-1.129773	1.377326	0.000000	0.000000
779.190000	0.541340	-1.129779	1.377325	0.000000	0.000000
779.200000	0.541340	-1.129785	1.377325	0.000000	0.000000
779.210000	0.541339	-1.129791	1.377324	0.000000	0.000000
779.220000	0.541337	-1.129797	1.377324	0.000000	0.000000
779.230000	0.541336	-1.129803	1.377323	0.000000	0.000000
779.240000	0.541335	-1.129807	1.377323	0.000000	0.000000
779.250000	0.541333	-1.129812	1.377323	0.000000	0.000000
779.260000	0.541331	-1.129816	1.377322	0.000000	0.000000
779.270000	0.541329	-1.129819	1.377322	0.000000	0.000000
779.280000	0.541327	-1.129822	1.377322	0.000000	0.000000
779.290000	0.541325	-1.129825	1.377322	0.000000	0.000000
779.300000	0.541323	-1.129827	1.377322	0.000000	0.000000
779.310000	0.541321	-1.129828	1.377321	0.000000	0.000000
779.320000	0.541318	-1.129829	1.377321	0.000000	0.000000
779.330000	0.541316	-1.129830	1.377321	0.000000	0.000000
779.340000	0.541313	-1.129832	1.377321	0.000000	0.000000
779.350000	0.541311	-1.129836	1.377321	0.000000	0.000000
779.360000	0.541310	-1.129841	1.377321	0.000000	0.000000
779.370000	0.541308	-1.129847	1.377321	0.000000	0.000000
779.380000	0.541308	-1.129852	1.377321	0.000000	0.000000
779.390000	0.541306	-1.129857	1.377320	0.000000	0.000000
779.400000	0.541305	-1.129860	1.377320	0.000000	0.000000
779.410000	0.541302	-1.129861	1.377320	0.000000	0.000000
779.420000	0.541300	-1.129861	1.377320	0.000000	0.000000
779.430000	0.541297	-1.129860	1.377320	0.000000	0.000000
779.440000	0.541294	-1.129861	1.377319	0.000000	0.000000
779.450000	0.541292	-1.129862	1.377319	0.000000	0.000000
779.460000	0.541291	-1.129866	1.377319	0.000000	0.000000
779.470000	0.541290	-1.129871	1.377318	0.000000	0.000000
779.480000	0.541289	-1.129877	1.377318	0.000000	0.000000
779.490000	0.541288	-1.129884	1.377318	0.000000	0.000000
779.500000	0.541286	-1.129890	1.377317	0.000000	0.000000
779.510000	0.541285	-1.129895	1.377317	0.000000	0.000000
779.520000	0.541283	-1.129899	1.377317	0.000000	0.000000
779.530000	0.541280	-1.129901	1.377316	0.000000	0.000000
779.540000	0.541278	-1.129902	1.377316	0.000000	0.000000
779.550000	0.541274	-1.129901	1.377315	0.000000	0.000000
779.560000	0.541272	-1.129900	1.377315	0.000000	0.000000
779.570000	0.541269	-1.129901	1.377315	0.000000	0.000000
779.580000	0.541268	-1.129904	1.377314	0.000000	0.000000
779.590000	0.541266	-1.129908	1.377314	0.000000	0.000000
779.600000	0.541266	-1.129914	1.377314	0.000000	0.000000
779.610000	0.541266	-1.129920	1.377313	0.000000	0.000000
779.620000	0.541266	-1.129925	1.377313	0.000000	0.000000
779.630000	0.541265	-1.129929	1.377313	0.000000	0.000000
779.640000	0.541265	-1.129933	1.377312	0.000000	0.000000
779.650000	0.541263	-1.129936	1.377312	0.000000	0.000000
779.660000	0.541262	-1.129937	1.377312	0.000000	0.000000
779.670000	0.541260	-1.129938	1.377311	0.000000	0.000000
779.680000	0.541258	-1.129939	1.377311	0.000000	0.000000
779.690000	0.541256	-1.129939	1.377311	0.000000	0.000000
779.700000	0.541254	-1.129940	1.377310	0.000000	0.000000
779.710000	0.541252	-1.129941	1.377310	0.000000	0.000000
779.720000	0.541251	-1.129944	1.377310	0.000000	0.000000
779.730000	0.541250	-1.129948	1.377309	0.000000	0.000000
779.740000	0.541249	-1.129954	1.377309	0.000000	0.000000
779.750000	0.541249	-1.129960	1.377308	0.000000	0.000000
779.760000	0.541248	-1.129966	1.377308	0.000000	0.000000
779.770000	0.541248	-1.129972	1.377307	0.000000	0.000000
779.780000	0.541247	-1.129978	1.377307	0.000000	0.000000
779.790000	0.541246	-1.129982	1.377306	0.000000	0.000000
779.800000	0.541244	-1.129987	1.377305	0.000000	0.000000
779.810000	0.541243	-1.129992	1.377304	0.000000	0.000000
779.820000	0.541242	-1.129998	1.377304	0.000000	0.000000
779.830000	0.541242	-1.130004	1.377303	0.000000	0.000000
779.840000	0.541241	-1.130010	1.377302	0.000000	0.000000
779.850000	0.541240	-1.130016	1.377300	0.000000	0.000000
779.860000	0.541239	-1.130021	1.377299	0.000000	0.000000
779.870000	0.541237	-1.130024	1.377298	0.000000	0.000000
779.880000	0.541235	-1.130027	1.377297	0.000000	0.000000
779.890000	0.541232	-1.130029	1.377296	0.000000	0.000000
779.900000	0.541230	-1.130033	1.377295	0.000000	0.000000
779.910000	0.541227	-1.130037	1.377293	0.000000	0.000000
779.920000	0.541226	-1.130043	1.377292	0.000000	0.000000
779.930000	0.541224	-1.130048	1.377291	0.000000	0.000000
779.940000	0.541222	-1.130053	1.377290	0.000000	0.000000
779.950000	0.541219	-1.130058	1.377289	0.000000	0.000000
779.960000	0.541218	-1.130063	1.377288	0.000000	0.000000
779.970000	0.541216	-1.130069	1.377287	0.000000	0.000000
779.980000	0.541215	-1.130074	1.377286	0.000000	0.000000
779.990000	0.541214	-1.130079	1.377286	0.000000	0.000000
780.000000	0.541212	-1.130084	1.377285	0.000000	0.000000
780.010000	0.541210	-1.130087	1.377284	0.000000	0.000000
780.020000	0.541207	-1.130090	1.377283	0.000000	0.000000
780.030000	0.541205	-1.130092	1.377283	0.000000	0.000000
780.040000	0.541202	-1.130094	1.377282	0.000000	0.000000
780.050000	0.541200	-1.130095	1.377281	0.000000	0.000000
780.060000	0.541198	-1.130097	1.377280	0.000000	0.000000
780.070000	0.541195	-1.130099	1.377280	0.000000	0.000000
780.080000	0.541193	-1.130102	1.377279	0.000000	0.000000
780.090000	0.541191	-1.130106	1.377278	0.000000	0.000000
780.100000	0.541190	-1.130111	1.377277	0.000000	0.000000
780.110000	0.541188	-1.130117	1.377276	0.000000	0.000000
780.120000	0.541187	-1.130124	1.377276	0.000000	0.000000
780.130000	0.541185	-1.130130	1.377275	0.000000	0.000000
780.140000	0.541184	-1.130136	1.377274	0.000000	0.000000
780.150000	0.541183	-1.130142	1.377272	0.000000	0.000000
780.160000	0.541181	-1.130147	1.377271	0.000000	0.000000
780.170000	0.541179	-1.130150	1.377270	0.000000	0.000000
780.180000	0.541177	-1.130152	1.377269	0.000000	0.000000
780.190000	0.541175	-1.130153	1.377267	0.000000	0.000000
780.200000	0.541172	-1.130156	1.377266	0.000000	0.000000
780.210000	0.541170	-1.130159	1.377265	0.000000	0.000000
780.220000	0.541169	-1.130164	1.377263	0.000000	0.000000
780.230000	0.541168	-1.130169	1.377262	0.000000	0.000000
780.240000	0.541166	-1.130175	1.377260	0.000000	0.000000
780.250000	0.541165	-1.130182	1.377258	0.000000	0.000000
780.260000	0.541165	-1.130190	1.377257	0.000000	0.000000
780.270000	0.541164	-1.130196	1.377255	0.000000	0.000000
780.280000	0.541163	-1.130202	1.377253	0.000000	0.000000
780.290000	0.541161	-1.130206	1.377252	0.000000	0.000000
780.300000	0.541158	-1.130208	1.377250	0.000000	0.000000
780.310000	0.541156	-1.130211	1.377248	0.000000	0.000000
780.320000	0.541154	-1.130214	1.377247	0.000000	0.000000
780.330000	0.541152	-1.130218	1.377245	0.000000	0.000000
780.340000	0.541151	-1.130224	1.377243	0.000000	0.000000
780.350000	0.541149	-1.130230	1.377242	0.000000	0.000000
780.360000	0.541147	-1.130238	1.377240	0.000000	0.000000
780.370000	0.541145	-1.130246	1.377238	0.000000	0.000000
780.380000	0.541143	-1.130254	1.377237	0.000000	0.000000
780.390000	0.541142	-1.130263	1.377235	0.000000	0.000000
780.400000	0.541141	-1.130273	1.377234	0.000000	0.000000
780.410000	0.541139	-1.130282	1.377232	0.000000	0.000000
780.420000	0.541137	-1.130291	1.377231	0.000000	0.000000
780.430000	0.541136	-1.130299	1.377229	0.000000	0.000000
780.440000	0.541134	-1.130306	1.377228	0.000000	0.000000
780.450000	0.541131	-1.130311	1.377227	0.000000	0.000000
780.460000	0.541128	-1.130316	1.377225	0.000000	0.000000
780.470000	0.541125	-1.130321	1.377224	0.000000	0.000000
780.480000	0.541123	-1.130326	1.377222	0.000000	0.000000
780.490000	0.541121	-1.130333	1.377221	0.000000	0.000000
780.500000	0.541119	-1.130341	1.377219	0.000000	0.000000
780.510000	0.541117	-1.130350	1.377218	0.000000	0.000000
780.520000	0.541115	-1.130358	1.377217	0.000000	0.000000
780.530000	0.541113	-1.130366	1.377215	0.000000	0.000000
780.540000	0.541111	-1.130375	1.377214	0.000000	0.000000
780.550000	0.541110	-1.130382	1.377212	0.000000	0.000000
780.560000	0.541108	-1.130390	1.377211	0.000000	0.000000
780.570000	0.541106	-1.130397	1.377209	0.000000	0.000000
780.580000	0.541104	-1.130403	1.377208	0.000000	0.000000
780.590000	0.541102	-1.130409	1.377206	0.000000	0.000000
780.600000	0.541100	-1.130414	1.377205	0.000000	0.000000
780.610000	0.541098	-1.130419	1.377203	0.000000	0.000000
780.620000	0.541096	-1.130423	1.377201	0.000000	0.000000
780.630000	0.541094	-1.130427	1.377200	0.000000	0.000000
780.640000	0.541091	-1.130430	1.377198	0.000000	0.000000
780.650000	0.541089	-1.130434	1.377196	0.000000	0.000000
780.660000	0.541087	-1.130439	1.377194	0.000000	0.000000
780.670000	0.541086	-1.130445	1.377192	0.000000	0.000000
780.680000	0.541085	-1.130452	1.377191	0.000000	0.000000
780.690000	0.541085	-1.130460	1.377189	0.000000	0.000000
780.700000	0.541084	-1.130468	1.377187	0.000000	0.000000
780.710000	0.541084	-1.130477	1.377185	0.000000	0.000000
780.720000	0.541084	-1.130487	1.377182	0.000000	0.000000
780.730000	0.541084	-1.130497	1.377180	0.000000	0.000000
780.740000	0.541084	-1.130507	1.377178	0.000000	0.000000
780.750000	0.541084	-1.130518	1.377176	0.000000	0.000000
780.760000	0.541085	-1.130529	1.377174	0.000000	0.000000
780.770000	0.541086	-1.130540	1.377171	0.000000	0.000000
780.780000	0.541087	-1.130551	1.377169	0.000000	0.000000
780.790000	0.541088	-1.130561	1.377167	0.000000	0.000000
780.800000	0.541088	-1.130570	1.377165	0.000000	0.000000
780.810000	0.541087	-1.130575	1.377163	0.000000	0.000000
780.820000	0.541086	-1.130578	1.377161	0.000000	0.000000
780.830000	0.541086	-1.130581	1.377159	0.000000	0.000000
780.840000	0.541085	-1.130584	1.377157	0.000000	0.000000
780.850000	0.541084	-1.130588	1.377155	0.000000	0.000000
780.860000	0.541084	-1.130593	1.377154	0.000000	0.000000
780.870000	0.541083	-1.130598	1.377152	0.000000	0.000000
780.880000	0.541083	-1.130602	1.377150	0.000000	0.000000
780.890000	0.541082	-1.130606	1.377149	0.000000	0.000000
780.900000	0.541080	-1.130609	1.377148	0.000000	0.000000
780.910000	0.541079	-1.130611	1.377146	0.000000	0.000000
780.920000	0.541077	-1.130614	1.377145	0.000000	0.000000
780.930000	0.541076	-1.130616	1.377144	0.000000	0.000000
780.940000	0.541074	-1.130618	1.377142	0.000000	0.000000
780.950000	0.541073	-1.130621	1.377141	0.000000	0.000000
780.960000	0.541073	-1.130623	1.377140	0.000000	0.000000
780.970000	0.541072	-1.130626	1.377138	0.000000	0.000000
780.980000	0.541071	-1.130630	1.377137	0.000000	0.000000
780.990000	0.541070	-1.130633	1.377135	0.000000	0.000000
781.000000	0.541070	-1.130637	1.377134	0.000000	0.000000
781.010000	0.541070	-1.130640	1.377132	0.000000	0.000000
781.020000	0.541071	-1.130645	1.377131	0.000000	0.000000
781.030000	0.541072	-1.130651	1.377129	0.000000	0.000000
781.040000	0.541073	-1.130659	1.377127	0.000000	0.000000
781.050000	0.541074	-1.130668	1.377126	0.000000	0.000000
781.060000	0.541075	-1.130676	1.377124	0.000000	0.000000
781.070000	0.541075	-1.130684	1.377122	0.000000	0.000000
781.080000	0.541075	-1.130690	1.377120	0.000000	0.000000
781.090000	0.541074	-1.130694	1.377118	0.000000	0.000000
781.100000	0.541073	-1.130699	1.377117	0.000000	0.000000
781.110000	0.541073	-1.130705	1.377115	0.000000	0.000000
781.120000	0.541073	-1.130712	1.377113	0.000000	0.000000
781.130000	0.541073	-1.130720	1.377111	0.000000	0.000000
781.140000	0.541073	-1.130728	1.377110	0.000000	0.000000
781.150000	0.541073	-1.130736	1.377108	0.000000	0.000000
781.160000	0.541073	-1.130743	1.377106	0.000000	0.000000
781.170000	0.541072	-1.130749	1.377104	0.000000	0.000000
781.180000	0.541072	-1.130755	1.377103	0.000000	0.000000
781.190000	0.541071	-1.130760	1.377101	0.000000	0.000000
781.200000	0.541070	-1.130766	1.377099	0.000000	0.000000
781.210000	0.541070	-1.130771	1.377098	0.000000	0.000000
781.220000	0.541070	-1.130777	1.377096	0.000000	0.000000
781.230000	0.541071	-1.130784	1.377094	0.000000	0.000000
781.240000	0.541072	-1.130791	1.377092	0.000000	0.000000
781.250000	0.541074	-1.130798	1.377090	0.000000	0.000000
781.260000	0.541075	-1.130805	1.377088	0.000000	0.000000
781.270000	0.541076	-1.130812	1.377086	0.000000	0.000000
781.280000	0.541076	-1.130817	1.377084	0.000000	0.000000
781.290000	0.541077	-1.130821	1.377081	0.000000	0.000000
781.300000	0.541078	-1.130826	1.377079	0.000000	0.000000
781.310000	0.541079	-1.130830	1.377077	0.000000	0.000000
781.320000	0.541078	-1.130832	1.377074	0.000000	0.000000
781.330000	0.541077	-1.130833	1.377072	0.000000	0.000000
781.340000	0.541076	-1.130834	1.377069	0.000000	0.000000
781.350000	0.541076	-1.130837	1.377066	0.000000	0.000000
781.360000	0.541076	-1.130841	1.377064	0.000000	0.000000
781.370000	0.541076	-1.130847	1.377061	0.000000	0.000000
781.380000	0.541076	-1.130853	1.377059	0.000000	0.000000
781.390000	0.541077	-1.130859	1.377056	0.000000	0.000000
781.400000	0.541077	-1.130866	1.377054	0.000000	0.000000
781.410000	0.541078	-1.130874	1.377051	0.000000	0.000000
781.420000	0.541078	-1.130881	1.377049	0.000000	0.000000
781.430000	0.541079	-1.130887	1.377046	0.000000	0.000000
781.440000	0.541079	-1.130894	1.377044	0.000000	0.000000
781.450000	0.541079	-1.130900	1.377041	0.000000	0.000000
781.460000	0.541080	-1.130906	1.377039	0.000000	0.000000
781.470000	0.541081	-1.130912	1.377036	0.000000	0.000000
781.480000	0.541082	-1.130917	1.377034	0.000000	0.000000
781.490000	0.541082	-1.130922	1.377031	0.000000	0.000000
781.500000	0.541083	-1.130926	1.377029	0.000000	0.000000
781.510000	0.541084	-1.130930	1.377026	0.000000	0.000000
781.520000	0.541083	-1.130933	1.377024	0.000000	0.000000
781.530000	0.541084	-1.130937	1.377021	0.000000	0.000000
781.540000	0.541084	-1.130940	1.377018	0.000000	0.000000
781.550000	0.541085	-1.130944	1.377016	0.000000	0.000000
781.560000	0.541087	-1.130950	1.377013	0.000000	0.000000
781.570000	0.541088	-1.130957	1.377010	0.000000	0.000000
781.580000	0.541090	-1.130965	1.377008	0.000000	0.000000
781.590000	0.541092	-1.130974	1.377005	0.000000	0.000000
781.600000	0.541094	-1.130983	1.377002	0.000000	0.000000
781.610000	0.541096	-1.130992	1.376999	0.000000	0.000000
781.620000	0.541099	-1.131001	1.376996	0.000000	0.000000
781.630000	0.541101	-1.131009	1.376993	0.000000	0.000000
781.640000	0.541103	-1.131017	1.376990	0.000000	0.000000
781.650000	0.541105	-1.131024	1.376987	0.000000	0.000000
781.660000	0.541105	-1.131028	1.376984	0.000000	0.000000
781.670000	0.541105	-1.131030	1.376981	0.000000	0.000000
781.680000	0.541105	-1.131030	1.376979	0.000000	0.000000
781.690000	0.541105	-1.131030	1.376976	0.000000	0.000000
781.700000	0.541105	-1.131031	1.376973	0.000000	0.000000
781.710000	0.541106	-1.131035	1.376970	0.000000	0.000000
781.720000	0.541108	-1.131040	1.376968	0.000000	0.000000
781.730000	0.541110	-1.131045	1.376965	0.000000	0.000000
781.740000	0.541111	-1.131049	1.376963	0.000000	0.000000
781.750000	0.541112	-1.131052	1.376961	0.000000	0.000000
781.760000	0.541112	-1.131054	1.376958	0.000000	0.000000
781.770000	0.541112	-1.131056	1.376956	0.000000	0.000000
781.780000	0.541113	-1.131058	1.376954	0.000000	0.000000
781.790000	0.541113	-1.131061	1.376952	0.000000	0.000000
781.800000	0.541113	-1.131065	1.376950	0.000000	0.000000
781.810000	0.541112	-1.131068	1.376948	0.000000	0.000000
781.820000	0.541113	-1.131070	1.376946	0.000000	0.000000
781.830000	0.541113	-1.131072	1.376944	0.000000	0.000000
781.840000	0.541113	-1.131073	1.376942	0.000000	0.000000
781.850000	0.541113	-1.131074	1.376940	0.000000	0.000000
781.860000	0.541113	-1.131076	1.376938	0.000000	0.000000
781.870000	0.541113	-1.131077	1.376936	0.000000	0.000000
781.880000	0.541112	-1.131079	1.376934	0.000000	0.000000
781.890000	0.541112	-1.131082	1.376932	0.000000	0.000000
781.900000	0.541112	-1.131087	1.376930	0.000000	0.000000
781.910000	0.541113	-1.131094	1.376928	0.000000	0.000000
781.920000	0.541113	-1.131102	1.376926	0.000000	0.000000
781.930000	0.541114	-1.131111	1.376924	0.000000	0.000000
781.940000	0.541115	-1.131118	1.376922	0.000000	0.000000
781.950000	0.541115	-1.131125	1.376920	0.000000	0.000000
781.960000	0.541114	-1.131129	1.376917	0.000000	0.000000
781.970000	0.541113	-1.131132	1.376915	0.000000	0.000000
781.980000	0.541111	-1.131132	1.376913	0.000000	0.000000
781.990000	0.541109	-1.131133	1.376911	0.000000	0.000000
782.000000	0.541108	-1.131134	1.376909	0.000000	0.000000
782.010000	0.541108	-1.131137	1.376907	0.000000	0.000000
782.020000	0.541107	-1.131141	1.376905	0.000000	0.000000
782.030000	0.541107	-1.131145	1.376903	0.000000	0.000000
782.040000	0.541107	-1.131149	1.376901	0.000000	0.000000
782.050000	0.541106	-1.131153	1.376899	0.000000	0.000000
782.060000	0.541105	-1.131157	1.376897	0.000000	0.000000
782.070000	0.541105	-1.131161	1.376896	0.000000	0.000000
782.080000	0.541104	-1.131166	1.376894	0.000000	0.000000
782.090000	0.541104	-1.131173	1.376892	0.000000	0.000000
782.100000	0.541105	-1.131180	1.376890	0.000000	0.000000
782.110000	0.541105	-1.131187	1.376888	0.000000	0.000000
782.120000	0.541106	-1.131193	1.376887	0.000000	0.000000
782.130000	0.541106	-1.131199	1.376885	0.000000	0.000000
782.140000	0.541106	-1.131203	1.376883	0.000000	0.000000
782.150000	0.541105	-1.131207	1.376881	0.000000	0.000000
782.160000	0.541104	-1.131210	1.376880	0.000000	0.000000
782.170000	0.541104	-1.131213	1.376878	0.000000	0.000000
782.180000	0.541103	-1.131216	1.376876	0.000000	0.000000
782.190000	0.541102	-1.131219	1.376875	0.000000	0.000000
782.200000	0.541101	-1.131221	1.376873	0.000000	0.000000
782.210000	0.541100	-1.131222	1.376871	0.000000	0.000000
782.220000	0.541098	-1.131222	1.376869	0.000000	0.000000
782.230000	0.541097	-1.131221	1.376868	0.000000	0.000000
782.240000	0.541095	-1.131221	1.376866	0.000000	0.000000
782.250000	0.541094	-1.131222	1.376864	0.000000	0.000000
782.260000	0.541093	-1.131224	1.376863	0.000000	0.000000
782.270000	0.541093	-1.131228	1.376861	0.000000	0.000000
782.280000	0.541093	-1.131231	1.376860	0.000000	0.000000
782.290000	0.541093	-1.131236	1.376858	0.000000	0.000000
782.300000	0.541093	-1.131240	1.376857	0.000000	0.000000
782.310000	0.541093	-1.131243	1.376855	0.000000	0.000000
782.320000	0.541092	-1.131246	1.376853	0.000000	0.000000
782.330000	0.541091	-1.131247	1.376852	0.000000	0.000000
782.340000	0.541090	-1.131247	1.376850	0.000000	0.000000
782.350000	0.541087	-1.131246	1.376849	0.000000	0.000000
782.360000	0.541084	-1.131244	1.376847	0.000000	0.000000
782.370000	0.541081	-1.131240	1.376845	0.000000	0.000000
782.380000	0.541079	-1.131238	1.376844	0.000000	0.000000
782.390000	0.541077	-1.131237	1.376842	0.000000	0.000000
782.400000	0.541075	-1.131238	1.376840	0.000000	0.000000
782.410000	0.541074	-1.131241	1.376838	0.000000	0.000000
782.420000	0.541074	-1.131246	1.376837	0.000000	0.000000
782.430000	0.541076	-1.131252	1.376835	0.000000	0.000000
782.440000	0.541077	-1.131260	1.376833	0.000000	0.000000
782.450000	0.541079	-1.131267	1.376831	0.000000	0.000000
782.460000	0.541081	-1.131275	1.376829	0.000000	0.000000
782.470000	0.541082	-1.131283	1.376827	0.000000	0.000000
782.480000	0.541084	-1.131291	1.376825	0.000000	0.000000
782.490000	0.541085	-1.131298	1.376823	0.000000	0.000000
782.500000	0.541087	-1.131305	1.376821	0.000000	0.000000
782.510000	0.541088	-1.131311	1.376819	0.000000	0.000000
782.520000	0.541090	-1.131317	1.376816	0.000000	0.000000
782.530000	0.541091	-1.131322	1.376814	0.000000	0.000000
782.540000	0.541092	-1.131326	1.376812	0.000000	0.000000
782.550000	0.541092	-1.131328	1.376810	0.000000	0.000000
782.560000	0.541092	-1.131327	1.376808	0.000000	0.000000
782.570000	0.541092	-1.131325	1.376806	0.000000	0.000000
782.580000	0.541091	-1.131323	1.376804	0.000000	0.000000
782.590000	0.541091	-1.131324	1.376802	0.000000	0.000000
782.600000	0.541091	-1.131325	1.376800	0.000000	0.000000
782.610000	0.541092	-1.131326	1.376798	0.000000	0.000000
782.620000	0.541093	-1.131327	1.376796	0.000000	0.000000
782.630000	0.541093	-1.131328	1.376794	0.000000	0.000000
782.640000	0.541094	-1.131331	1.376792	0.000000	0.000000
782.650000	0.541095	-1.131335	1.376791	0.000000	0.000000
782.660000	0.541096	-1.131340	1.376789	0.000000	0.000000
782.670000	0.541097	-1.131344	1.376787	0.000000	0.000000
782.680000	0.541098	-1.131348	1.376786	0.000000	0.000000
782.690000	0.541098	-1.131352	1.376784	0.000000	0.000000
782.700000	0.541098	-1.131355	1.376782	0.000000	0.000000
782.710000	0.541097	-1.131358	1.376781	0.000000	0.000000
782.720000	0.541097	-1.131361	1.376779	0.000000	0.000000
782.730000	0.541096	-1.131363	1.376777	0.000000	0.000000
782.740000	0.541095	-1.131365	1.376776	0.000000	0.000000
782.750000	0.541095	-1.131367	1.376774	0.000000	0.000000
782.760000	0.541094	-1.131368	1.376772	0.000000	0.000000
782.770000	0.541092	-1.131368	1.376771	0.000000	0.000000
782.780000	0.541091	-1.131369	1.376769	0.000000	0.000000
782.790000	0.541091	-1.131371	1.376767	0.000000	0.000000
782.800000	0.541091	-1.131374	1.376765	0.000000	0.000000
782.810000	0.541091	-1.131377	1.376764	0.000000	0.000000
782.820000	0.541092	-1.131381	1.376762	0.000000	0.000000
782.830000	0.541092	-1.131384	1.376760	0.000000	0.000000
782.840000	0.541093	-1.131387	1.376759	0.000000	0.000000
782.850000	0.541093	-1.131390	1.376757	0.000000	0.000000
782.860000	0.541093	-1.131392	1.376755	0.000000	0.000000
782.870000	0.541092	-1.131394	1.376754	0.000000	0.000000
782.880000	0.541092	-1.131396	1.376752	0.000000	0.000000
782.890000	0.541091	-1.131397	1.376750	0.000000	0.000000
782.900000	0.541089	-1.131397	1.376748	0.000000	0.000000
782.910000	0.541088	-1.131398	1.376746	0.000000	0.000000
782.920000	0.541087	-1.131400	1.376745	0.000000	0.000000
782.930000	0.541086	-1.131403	1.376743	0.000000	0.000000
782.940000	0.541086	-1.131407	1.376741	0.000000	0.000000
782.950000	0.541087	-1.131413	1.376739	0.000000	0.000000
782.960000	0.541087	-1.131419	1.376737	0.000000	0.000000
782.970000	0.541087	-1.131426	1.376736	0.000000	0.000000
782.980000	0.541087	-1.131432	1.376734	0.000000	0.000000
782.990000	0.541087	-1.131438	1.376732	0.000000	0.000000
783.000000	0.541087	-1.131443	1.376730	0.000000	0.000000
783.010000	0.541086	-1.131446	1.376728	0.000000	0.000000
783.020000	0.541085	-1.131449	1.376726	0.000000	0.000000
783.030000	0.541084	-1.131451	1.376724	0.000000	0.000000
783.040000	0.541083	-1.131453	1.376723	0.000000	0.000000
783.050000	0.541082	-1.131456	1.376721	0.000000	0.000000
783.060000	0.541081	-1.131461	1.376719	0.000000	0.000000
783.070000	0.541081	-1.131465	1.376717	0.000000	0.000000
783.080000	0.541081	-1.131470	1.376716	0.000000	0.000000
783.090000	0.541081	-1.131473	1.376714	0.000000	0.000000
783.100000	0.541081	-1.131475	1.376712	0.000000	0.000000
783.110000	0.541081	-1.131475	1.376711	0.000000	0.000000
783.120000	0.541079	-1.131473	1.376709	0.000000	0.000000
783.130000	0.541077	-1.131468	1.376707	0.000000	0.000000
783.140000	0.541075	-1.131463	1.376706	0.000000	0.000000
783.150000	0.541073	-1.131458	1.376704	0.000000	0.000000
783.160000	0.541072	-1.131455	1.376702	0.000000	0.000000
783.170000	0.541072	-1.131455	1.376700	0.000000	0.000000
783.180000	0.541073	-1.131457	1.376699	0.000000	0.000000
783.190000	0.541074	-1.131460	1.376697	0.000000	0.000000
783.200000	0.541076	-1.131463	1.376695	0.000000	0.000000
783.210000	0.541077	-1.131467	1.376693	0.000000	0.000000
783.220000	0.541077	-1.131469	1.376691	0.000000	0.000000
783.230000	0.541078	-1.131470	1.376688	0.000000	0.000000
783.240000	0.541077	-1.131470	1.376686	0.000000	0.000000
783.250000	0.541077	-1.131472	1.376684	0.000000	0.000000
783.260000	0.541078	-1.131475	1.376681	0.000000	0.000000
783.270000	0.541078	-1.131479	1.376679	0.000000	0.000000
783.280000	0.541079	-1.131484	1.376677	0.000000	0.000000
783.290000	0.541080	-1.131490	1.376674	0.000000	0.000000
783.300000	0.541081	-1.131495	1.376672	0.000000	0.000000
783.310000	0.541081	-1.131499	1.376669	0.000000	0.000000
783.320000	0.541082	-1.131504	1.376666	0.000000	0.000000
783.330000	0.541083	-1.131508	1.376664	0.000000	0.000000
783.340000	0.541083	-1.131510	1.376661	0.000000	0.000000
783.350000	0.541083	-1.131512	1.376659	0.000000	0.000000
783.360000	0.541083	-1.131514	1.376657	0.000000	0.000000
783.370000	0.541082	-1.131516	1.376654	0.000000	0.000000
783.380000	0.541082	-1.131519	1.376652	0.000000	0.000000
783.390000	0.541082	-1.131524	1.376649	0.000000	0.000000
783.400000	0.541083	-1.131530	1.376647	0.000000	0.000000
783.410000	0.541084	-1.131537	1.376645	0.000000	0.000000
783.420000	0.541085	-1.131544	1.376642	0.000000	0.000000
783.430000	0.541086	-1.131550	1.376640	0.000000	0.000000
783.440000	0.541086	-1.131554	1.376637	0.000000	0.000000
783.450000	0.541086	-1.131556	1.376635	0.000000	0.000000
783.460000	0.541085	-1.131556	1.376633	0.000000	0.000000
783.470000	0.541084	-1.131556	1.376630	0.000000	0.000000
783.480000	0.541084	-1.131557	1.376628	0.000000	0.000000
783.490000	0.541084	-1.131561	1.376626	0.000000	0.000000
783.500000	0.541084	-1.131565	1.376623	0.000000	0.000000
783.510000	0.541084	-1.131571	1.376621	0.000000	0.000000
783.520000	0.541085	-1.131579	1.376619	0.000000	0.000000
783.530000	0.541086	-1.131587	1.376616	0.000000	0.000000
783.540000	0.541087	-1.131595	1.376614	0.000000	0.000000
783.550000	0.541088	-1.131604	1.376612	0.000000	0.000000
783.560000	0.541088	-1.131612	1.376610	0.000000	0.000000
783.570000	0.541089	-1.131620	1.376607	0.000000	0.000000
783.580000	0.541088	-1.131626	1.376605	0.000000	0.000000
783.590000	0.541088	-1.131631	1.376603	0.000000	0.000000
783.600000	0.541088	-1.131636	1.376601	0.000000	0.000000
783.610000	0.541087	-1.131640	1.376599	0.000000	0.000000
783.620000	0.541087	-1.131643	1.376597	0.000000	0.000000
783.630000	0.541085	-1.131645	1.376594	0.000000	0.000000
783.640000	0.541084	-1.131646	1.376592	0.000000	0.000000
783.650000	0.541083	-1.131645	1.376590	0.000000	0.000000
783.660000	0.541081	-1.131643	1.376588	0.000000	0.000000
783.670000	0.541079	-1.131642	1.376586	0.000000	0.000000
783.680000	0.541078	-1.131642	1.376584	0.000000	0.000000
783.690000	0.541078	-1.131645	1.376581	0.000000	0.000000
783.700000	0.541079	-1.131649	1.376579	0.000000	0.000000
783.710000	0.541080	-1.131654	1.376577	0.000000	0.000000
783.720000	0.541082	-1.131659	1.376575	0.000000	0.000000
783.730000	0.541083	-1.131664	1.376574	0.000000	0.000000
783.740000	0.541084	-1.131668	1.376572	0.000000	0.000000
783.750000	0.541085	-1.131671	1.376570	0.000000	0.000000
783.760000	0.541084	-1.131672	1.376568	0.000000	0.000000
783.770000	0.541084	-1.131672	1.376567	0.000000	0.000000
783.780000	0.541083	-1.131669	1.376565	0.000000	0.000000
783.790000	0.541081	-1.131665	1.376564	0.000000	0.000000
783.800000	0.541079	-1.131660	1.376562	0.000000	0.000000
783.810000	0.541077	-1.131656	1.376560	0.000000	0.000000
783.820000	0.541076	-1.131653	1.376559	0.000000	0.000000
783.830000	0.541075	-1.131651	1.376557	0.000000	0.000000
783.840000	0.541074	-1.131650	1.376556	0.000000	0.000000
783.850000	0.541072	-1.131648	1.376555	0.000000	0.000000
783.860000	0.541070	-1.131647	1.376553	0.000000	0.000000
783.870000	0.541068	-1.131646	1.376552	0.000000	0.000000
783.880000	0.541066	-1.131646	1.376550	0.000000	0.000000
783.890000	0.541065	-1.131647	1.376549	0.000000	0.000000
783.900000	0.541064	-1.131649	1.376547	0.000000	0.000000
783.910000	0.541064	-1.131652	1.376545	0.000000	0.000000
783.920000	0.541063	-1.131656	1.376544	0.000000	0.000000
783.930000	0.541063	-1.131660	1.376542	0.000000	0.000000
783.940000	0.541062	-1.131666	1.376541	0.000000	0.000000
783.950000	0.541062	-1.131672	1.376539	0.000000	0.000000
783.960000	0.541061	-1.131678	1.376537	0.000000	0.000000
783.970000	0.541061	-1.131686	1.376536	0.000000	0.000000
783.980000	0.541062	-1.131694	1.376534	0.000000	0.000000
783.990000	0.541062	-1.131704	1.376532	0.000000	0.000000
784.000000	0.541063	-1.131714	1.376531	0.000000	0.000000
784.010000	0.541064	-1.131723	1.376529	0.000000	0.000000
784.020000	0.541065	-1.131732	1.376527	0.000000	0.000000
784.030000	0.541064	-1.131740	1.376525	0.000000	0.000000
784.040000	0.541064	-1.131746	1.376524	0.000000	0.000000
784.050000	0.541062	-1.131750	1.376522	0.000000	0.000000
784.060000	0.541060	-1.131753	1.376520	0.000000	0.000000
784.070000	0.541058	-1.131755	1.376518	0.000000	0.000000
784.080000	0.541056	-1.131757	1.376517	0.000000	0.000000
784.090000	0.541053	-1.131760	1.376515	0.000000	0.000000
784.100000	0.541051	-1.131763	1.376513	0.000000	0.000000
784.110000	0.541049	-1.131768	1.376511	0.000000	0.000000
784.120000	0.541048	-1.131773	1.376510	0.000000	0.000000
784.130000	0.541046	-1.131779	1.376508	0.000000	0.000000
784.140000	0.541046	-1.131786	1.376506	0.000000	0.000000
784.150000	0.541045	-1.131792	1.376505	0.000000	0.000000
784.160000	0.541044	-1.131799	1.376503	0.000000	0.000000
784.170000	0.541043	-1.131805	1.376501	0.000000	0.000000
784.180000	0.541042	-1.131812	1.376500	0.000000	0.000000
784.190000	0.541040	-1.131817	1.376498	0.000000	0.000000
784.200000	0.541038	-1.131823	1.376497	0.000000	0.000000
784.210000	0.541036	-1.131827	1.376495	0.000000	0.000000
784.220000	0.541034	-1.131833	1.376494	0.000000	0.000000
784.230000	0.541032	-1.131839	1.376492	0.000000	0.000000
784.240000	0.541030	-1.131846	1.376490	0.000000	0.000000
784.250000	0.541029	-1.131854	1.376489	0.000000	0.000000
784.260000	0.541028	-1.131863	1.376487	0.000000	0.000000
784.270000	0.541027	-1.131870	1.376486	0.000000	0.000000
784.280000	0.541026	-1.131877	1.376484	0.000000	0.000000
784.290000	0.541026	-1.131883	1.376482	0.000000	0.000000
784.300000	0.541024	-1.131888	1.376481	0.000000	0.000000
784.310000	0.541023	-1.131893	1.376479	0.000000	0.000000
784.320000	0.541021	-1.131896	1.376478	0.000000	0.000000
784.330000	0.541020	-1.131900	1.376476	0.000000	0.000000
784.340000	0.541019	-1.131904	1.376475	0.000000	0.000000
784.350000	0.541018	-1.131908	1.376473	0.000000	0.000000
784.360000	0.541017	-1.131913	1.376472	0.000000	0.000000
784.370000	0.541017	-1.131917	1.376470	0.000000	0.000000
784.380000	0.541017	-1.131923	1.376469	0.000000	0.000000
784.390000	0.541017	-1.131929	1.376468	0.000000	0.000000
784.400000	0.541017	-1.131935	1.376466	0.000000	0.000000
784.410000	0.541016	-1.131940	1.376465	0.000000	0.000000
784.420000	0.541015	-1.131944	1.376464	0.000000	0.000000
784.430000	0.541013	-1.131948	1.376463	0.000000	0.000000
784.440000	0.541011	-1.131951	1.376462	0.000000	0.000000
784.450000	0.541010	-1.131953	1.376461	0.000000	0.000000
784.460000	0.541008	-1.131955	1.376460	0.000000	0.000000
784.470000	0.541006	-1.131958	1.376459	0.000000	0.000000
784.480000	0.541003	-1.131960	1.376459	0.000000	0.000000
784.490000	0.541001	-1.131962	1.376458	0.000000	0.000000
784.500000	0.540999	-1.131966	1.376457	0.000000	0.000000
784.510000	0.540997	-1.131969	1.376456	0.000000	0.000000
784.520000	0.540995	-1.131974	1.376456	0.000000	0.000000
784.530000	0.540993	-1.131978	1.376455	0.000000	0.000000
784.540000	0.540991	-1.131983	1.376454	0.000000	0.000000
784.550000	0.540989	-1.131987	1.376454	0.000000	0.000000
784.560000	0.540987	-1.131991	1.376453	0.000000	0.000000
784.570000	0.540985	-1.131994	1.376452	0.000000	0.000000
784.580000	0.540983	-1.131996	1.376452	0.000000	0.000000
784.590000	0.540980	-1.131997	1.376451	0.000000	0.000000
784.600000	0.540977	-1.131998	1.376450	0.000000	0.000000
784.610000	0.540974	-1.131998	1.376449	0.000000	0.000000
784.620000	0.540972	-1.131999	1.376449	0.000000	0.000000
784.630000	0.540970	-1.132000	1.376448	0.000000	0.000000
784.640000	0.540968	-1.132003	1.376447	0.000000	0.000000
784.650000	0.540966	-1.132006	1.376446	0.000000	0.000000
784.660000	0.540964	-1.132010	1.376446	0.000000	0.000000
784.670000	0.540963	-1.132013	1.376445	0.000000	0.000000
784.680000	0.540961	-1.132016	1.376444	0.000000	0.000000
784.690000	0.540959	-1.132019	1.376443	0.000000	0.000000
784.700000	0.540957	-1.132021	1.376442	0.000000	0.000000
784.710000	0.540956	-1.132022	1.376441	0.000000	0.000000
784.720000	0.540954	-1.132022	1.376440	0.000000	0.000000
784.730000	0.540952	-1.132021	1.376439	0.000000	0.000000
784.740000	0.540950	-1.132019	1.376438	0.000000	0.000000
784.750000	0.540948	-1.132017	1.376437	0.000000	0.000000
784.760000	0.540945	-1.132015	1.376436	0.000000	0.000000
784.770000	0.540942	-1.132012	1.376435	0.000000	0.000000
784.780000	0.540940	-1.132010	1.376434	0.000000	0.000000
784.790000	0.540938	-1.132008	1.376433	0.000000	0.000000
784.800000	0.540935	-1.132005	1.376432	0.000000	0.000000
784.810000	0.540932	-1.132002	1.376431	0.000000	0.000000
784.820000	0.540930	-1.132001	1.376430	0.000000	0.000000
784.830000	0.540928	-1.132001	1.376429	0.000000	0.000000
784.840000	0.540928	-1.132003	1.376428	0.000000	0.000000
784.850000	0.540928	-1.132007	1.376427	0.000000	0.000000
784.860000	0.540928	-1.132013	1.376426	0.000000	0.000000
784.870000	0.540929	-1.132018	1.376425	0.000000	0.000000
784.880000	0.540929	-1.132024	1.376424	0.000000	0.000000
784.890000	0.540929	-1.132028	1.376423	0.000000	0.000000
784.900000	0.540929	-1.132032	1.376422	0.000000	0.000000
784.910000	0.540928	-1.132035	1.376421	0.000000	0.000000
784.920000	0.540928	-1.132038	1.376420	0.000000	0.000000
784.930000	0.540927	-1.132042	1.376419	0.000000	0.000000
784.940000	0.540927	-1.132046	1.376417	0.000000	0.000000
784.950000	0.540926	-1.132049	1.376416	0.000000	0.000000
784.960000	0.540925	-1.132053	1.376415	0.000000	0.000000
784.970000	0.540924	-1.132056	1.376414	0.000000	0.000000
784.980000	0.540923	-1.132058	1.376413	0.000000	0.000000
784.990000	0.540921	-1.132058	1.376412	0.000000	0.000000
785.000000	0.540919	-1.132057	1.376410	0.000000	0.000000
785.010000	0.540918	-1.132056	1.376409	0.000000	0.000000
785.020000	0.540917	-1.132056	1.376408	0.000000	0.000000
785.030000	0.540916	-1.132058	1.376407	0.000000	0.000000
785.040000	0.540917	-1.132061	1.376405	0.000000	0.000000
785.050000	0.540917	-1.132064	1.376404	0.000000	0.000000
785.060000	0.540917	-1.132067	1.376403	0.000000	0.000000
785.070000	0.540917	-1.132068	1.376402	0.000000	0.000000
785.080000	0.540917	-1.132069	1.376401	0.000000	0.000000
785.090000	0.540917	-1.132070	1.376400	0.000000	0.000000
785.100000	0.540916	-1.132072	1.376399	0.000000	0.000000
785.110000	0.540916	-1.132074	1.376398	0.000000	0.000000
785.120000	0.540915	-1.132076	1.376397	0.000000	0.000000
785.130000	0.540915	-1.132078	1.376396	0.000000	0.000000
785.140000	0.540913	-1.132078	1.376395	0.000000	0.000000
785.150000	0.540912	-1.132079	1.376394	0.000000	0.000000
785.160000	0.540911	-1.132081	1.376393	0.000000	0.000000
785.170000	0.540911	-1.132083	1.376392	0.000000	0.000000
785.180000	0.540911	-1.132085	1.376391	0.000000	0.000000
785.190000	0.540910	-1.132087	1.376390	0.000000	0.000000
785.200000	0.540910	-1.132089	1.376390	0.000000	0.000000
785.210000	0.540910	-1.132092	1.376389	0.000000	0.000000
785.220000	0.540910	-1.132094	1.376388	0.000000	0.000000
785.230000	0.540910	-1.132097	1.376387	0.000000	0.000000
785.240000	0.540910	-1.132100	1.376387	0.000000	0.000000
785.250000	0.540910	-1.132102	1.376386	0.000000	0.000000
785.260000	0.540910	-1.132104	1.376386	0.000000	0.000000
785.270000	0.540910	-1.132105	1.376385	0.000000	0.000000
785.280000	0.540910	-1.132105	1.376385	0.000000	0.000000
785.290000	0.540910	-1.132105	1.376384	0.000000	0.000000
785.300000	0.540910	-1.132105	1.376383	0.000000	0.000000
785.310000	0.540910	-1.132105	1.376383	0.000000	0.000000
785.320000	0.540910	-1.132104	1.376383	0.000000	0.000000
785.330000	0.540911	-1.132104	1.376382	0.000000	0.000000
785.340000	0.540912	-1.132102	1.376382	0.000000	0.000000
785.350000	0.540913	-1.132100	1.376381	0.000000	0.000000
785.360000	0.540913	-1.132097	1.376381	0.000000	0.000000
785.370000	0.540913	-1.132095	1.376381	0.000000	0.000000
785.380000	0.540913	-1.132094	1.376380	0.000000	0.000000
785.390000	0.540913	-1.132093	1.376380	0.000000	0.000000
785.400000	0.540913	-1.132094	1.376380	0.000000	0.000000
785.410000	0.540914	-1.132095	1.376379	0.000000	0.000000
785.420000	0.540915	-1.132097	1.376379	0.000000	0.000000
785.430000	0.540916	-1.132100	1.376379	0.000000	0.000000
785.440000	0.540916	-1.132102	1.376379	0.000000	0.000000
785.450000	0.540916	-1.132105	1.376378	0.000000	0.000000
785.460000	0.540917	-1.132108	1.376378	0.000000	0.000000
785.470000	0.540917	-1.132110	1.376378	0.000000	0.000000
785.480000	0.540916	-1.132113	1.376378	0.000000	0.000000
785.490000	0.540916	-1.132115	1.376378	0.000000	0.000000
785.500000	0.540915	-1.132118	1.376377	0.000000	0.000000
785.510000	0.540914	-1.132120	1.376377	0.000000	0.000000
785.520000	0.540914	-1.132122	1.376377	0.000000	0.000000
785.530000	0.540913	-1.132123	1.376377	0.000000	0.000000
785.540000	0.540912	-1.132124	1.376377	0.000000	0.000000
785.550000	0.540912	-1.132125	1.376377	0.000000	0.000000
785.560000	0.540911	-1.132126	1.376377	0.000000	0.000000
785.570000	0.540910	-1.132127	1.376376	0.000000	0.000000
785.580000	0.540910	-1.132128	1.376376	0.000000	0.000000
785.590000	0.540910	-1.132130	1.376376	0.000000	0.000000
785.600000	0.540910	-1.132133	1.376376	0.000000	0.000000
785.610000	0.540909	-1.132136	1.376375	0.000000	0.000000
785.620000	0.540909	-1.132139	1.376375	0.000000	0.000000
785.630000	0.540908	-1.132142	1.376375	0.000000	0.000000
785.640000	0.540907	-1.132144	1.376374	0.000000	0.000000
785.650000	0.540907	-1.132145	1.376374	0.000000	0.000000
785.660000	0.540906	-1.132146	1.376373	0.000000	0.000000
785.670000	0.540905	-1.132147	1.376373	0.000000	0.000000
785.680000	0.540905	-1.132147	1.376372	0.000000	0.000000
785.690000	0.540905	-1.132148	1.376372	0.000000	0.000000
785.700000	0.540905	-1.132150	1.376371	0.000000	0.000000
785.710000	0.540905	-1.132152	1.376370	0.000000	0.000000
785.720000	0.540906	-1.132157	1.376370	0.000000	0.000000
785.730000	0.540907	-1.132163	1.376369	0.000000	0.000000
785.740000	0.540908	-1.132170	1.376368	0.000000	0.000000
785.750000	0.540910	-1.132177	1.376367	0.000000	0.000000
785.760000	0.540911	-1.132183	1.376367	0.000000	0.000000
785.770000	0.540911	-1.132186	1.376366	0.000000	0.000000
785.780000	0.540911	-1.132187	1.376365	0.000000	0.000000
785.790000	0.540911	-1.132188	1.376364	0.000000	0.000000
785.800000	0.540911	-1.132191	1.376364	0.000000	0.000000
785.810000	0.540912	-1.132196	1.376363	0.000000	0.000000
785.820000	0.540913	-1.132201	1.376362	0.000000	0.000000
785.830000	0.540914	-1.132207	1.376361	0.000000	0.000000
785.840000	0.540915	-1.132212	1.376361	0.000000	0.000000
785.850000	0.540916	-1.132215	1.376360	0.000000	0.000000
785.860000	0.540916	-1.132217	1.376359	0.000000	0.000000
785.870000	0.540915	-1.132216	1.376358	0.000000	0.000000
785.880000	0.540915	-1.132215	1.376358	0.000000	0.000000
785.890000	0.540915	-1.132214	1.376357	0.000000	0.000000
785.900000	0.540915	-1.132215	1.376356	0.000000	0.000000
785.910000	0.540915	-1.132216	1.376355	0.000000	0.000000
785.920000	0.540915	-1.132218	1.376354	0.000000	0.000000
785.930000	0.540915	-1.132220	1.376354	0.000000	0.000000
785.940000	0.540915	-1.132223	1.376353	0.000000	0.000000
785.950000	0.540915	-1.132225	1.376352	0.000000	0.000000
785.960000	0.540915	-1.132228	1.376351	0.000000	0.000000
785.970000	0.540915	-1.132230	1.376350	0.000000	0.000000
785.980000	0.540915	-1.132233	1.376349	0.000000	0.000000
785.990000	0.540915	-1.132235	1.376349	0.000000	0.000000
786.000000	0.540914	-1.132238	1.376348	0.000000	0.000000
786.010000	0.540914	-1.132241	1.376347	0.000000	0.000000
786.020000	0.540914	-1.132243	1.376346	0.000000	0.000000
786.030000	0.540914	-1.132245	1.376345	0.000000	0.000000
786.040000	0.540914	-1.132246	1.376344	0.000000	0.000000
786.050000	0.540913	-1.132248	1.376343	0.000000	0.000000
786.060000	0.540913	-1.132250	1.376342	0.000000	0.000000
786.070000	0.540913	-1.132253	1.376341	0.000000	0.000000
786.080000	0.540913	-1.132256	1.376340	0.000000	0.000000
786.090000	0.540913	-1.132259	1.376339	0.000000	0.000000
786.100000	0.540914	-1.132263	1.376338	0.000000	0.000000
786.110000	0.540914	-1.132265	1.376337	0.000000	0.000000
786.120000	0.540914	-1.132267	1.376336	0.000000	0.000000
786.130000	0.540913	-1.132267	1.376335	0.000000	0.000000
786.140000	0.540913	-1.132267	1.376333	0.000000	0.000000
786.150000	0.540912	-1.132268	1.376332	0.000000	0.000000
786.160000	0.540912	-1.132271	1.376330	0.000000	0.000000
786.170000	0.540912	-1.132275	1.376329	0.000000	0.000000
786.180000	0.540913	-1.132281	1.376327	0.000000	0.000000
786.190000	0.540914	-1.132288	1.376326	0.000000	0.000000
786.200000	0.540916	-1.132295	1.376324	0.000000	0.000000
786.210000	0.540918	-1.132303	1.376323	0.000000	0.000000
786.220000	0.540920	-1.132310	1.376321	0.000000	0.000000
786.230000	0.540923	-1.132316	1.376320	0.000000	0.000000
786.240000	0.540925	-1.132320	1.376318	0.000000	0.000000
786.250000	0.540927	-1.132323	1.376317	0.000000	0.000000
786.260000	0.540928	-1.132326	1.376316	0.000000	0.000000
786.270000	0.540929	-1.132327	1.376314	0.000000	0.000000
786.280000	0.540930	-1.132328	1.376313	0.000000	0.000000
786.290000	0.540931	-1.132330	1.376312	0.000000	0.000000
786.300000	0.540931	-1.132331	1.376310	0.000000	0.000000
786.310000	0.540932	-1.132332	1.376309	0.000000	0.000000
786.320000	0.540932	-1.132332	1.376308	0.000000	0.000000
786.330000	0.540933	-1.132331	1.376307	0.000000	0.000000
786.340000	0.540933	-1.132329	1.376306	0.000000	0.000000
786.350000	0.540933	-1.132325	1.376305	0.000000	0.000000
786.360000	0.540933	-1.132321	1.376304	0.000000	0.000000
786.370000	0.540933	-1.132317	1.376303	0.000000	0.000000
786.380000	0.540934	-1.132313	1.376302	0.000000	0.000000
786.390000	0.540934	-1.132310	1.376301	0.000000	0.000000
786.400000	0.540935	-1.132307	1.376300	0.000000	0.000000
786.410000	0.540936	-1.132305	1.376299	0.000000	0.000000
786.420000	0.540936	-1.132303	1.376298	0.000000	0.000000
786.430000	0.540936	-1.132302	1.376297	0.000000	0.000000
786.440000	0.540937	-1.132302	1.376295	0.000000	0.000000
786.450000	0.540938	-1.132303	1.376294	0.000000	0.000000
786.460000	0.540939	-1.132305	1.376293	0.000000	0.000000
786.470000	0.540941	-1.132309	1.376291	0.000000	0.000000
786.480000	0.540943	-1.132313	1.376290	0.000000	0.000000
786.490000	0.540944	-1.132315	1.376288	0.000000	0.000000
786.500000	0.540944	-1.132316	1.376286	0.000000	0.000000
786.510000	0.540944	-1.132314	1.376284	0.000000	0.000000
786.520000	0.540944	-1.132312	1.376283	0.000000	0.000000
786.530000	0.540944	-1.132313	1.376281	0.000000	0.000000
786.540000	0.540946	-1.132316	1.376279	0.000000	0.000000
786.550000	0.540947	-1.132320	1.376277	0.000000	0.000000
786.560000	0.540948	-1.132325	1.376275	0.000000	0.000000
786.570000	0.540948	-1.132329	1.376274	0.000000	0.000000
786.580000	0.540949	-1.132333	1.376272	0.000000	0.000000
786.590000	0.540950	-1.132336	1.376270	0.000000	0.000000
786.600000	0.540951	-1.132339	1.376268	0.000000	0.000000
786.610000	0.540952	-1.132341	1.376267	0.000000	0.000000
786.620000	0.540952	-1.132342	1.376265	0.000000	0.000000
786.630000	0.540953	-1.132343	1.376264	0.000000	0.000000
786.640000	0.540953	-1.132345	1.376262	0.000000	0.000000
786.650000	0.540954	-1.132346	1.376261	0.000000	0.000000
786.660000	0.540954	-1.132348	1.376260	0.000000	0.000000
786.670000	0.540955	-1.132350	1.376258	0.000000	0.000000
786.680000	0.540956	-1.132351	1.376257	0.000000	0.000000
786.690000	0.540956	-1.132352	1.376256	0.000000	0.000000
786.700000	0.540957	-1.132352	1.376255	0.000000	0.000000
786.710000	0.540956	-1.132351	1.376253	0.000000	0.000000
786.720000	0.540955	-1.132349	1.376252	0.000000	0.000000
786.730000	0.540954	-1.132347	1.376251	0.000000	0.000000
786.740000	0.540953	-1.132344	1.376250	0.000000	0.000000
786.750000	0.540951	-1.132341	1.376249	0.000000	0.000000
786.760000	0.540950	-1.132339	1.376247	0.000000	0.000000
786.770000	0.540948	-1.132338	1.376246	0.000000	0.000000
786.780000	0.540947	-1.132338	1.376245	0.000000	0.000000
786.790000	0.540947	-1.132340	1.376244	0.000000	0.000000
786.800000	0.540947	-1.132342	1.376242	0.000000	0.000000
786.810000	0.540946	-1.132345	1.376241	0.000000	0.000000
786.820000	0.540945	-1.132348	1.376239	0.000000	0.000000
786.830000	0.540944	-1.132351	1.376238	0.000000	0.000000
786.840000	0.540944	-1.132355	1.376236	0.000000	0.000000
786.850000	0.540943	-1.132359	1.376235	0.000000	0.000000
786.860000	0.540942	-1.132363	1.376233	0.000000	0.000000
786.870000	0.540941	-1.132367	1.376232	0.000000	0.000000
786.880000	0.540940	-1.132371	1.376230	0.000000	0.000000
786.890000	0.540939	-1.132376	1.376228	0.000000	0.000000
786.900000	0.540938	-1.132381	1.376226	0.000000	0.000000
786.910000	0.540937	-1.132384	1.376224	0.000000	0.000000
786.920000	0.540935	-1.132386	1.376223	0.000000	0.000000
786.930000	0.540933	-1.132388	1.376221	0.000000	0.000000
786.940000	0.540932	-1.132393	1.376219	0.000000	0.000000
786.950000	0.540931	-1.132399	1.376217	0.000000	0.000000
786.960000	0.540931	-1.132407	1.376215	0.000000	0.000000
786.970000	0.540932	-1.132415	1.376213	0.000000	0.000000
786.980000	0.540932	-1.132424	1.376211	0.000000	0.000000
786.990000	0.540931	-1.132431	1.376209	0.000000	0.000000
787.000000	0.540930	-1.132436	1.376207	0.000000	0.000000
787.010000	0.540928	-1.132440	1.376205	0.000000	0.000000
787.020000	0.540927	-1.132445	1.376203	0.000000	0.000000
787.030000	0.540925	-1.132449	1.376201	0.000000	0.000000
787.040000	0.540923	-1.132453	1.376199	0.000000	0.000000
787.050000	0.540922	-1.132456	1.376197	0.000000	0.000000
787.060000	0.540920	-1.132459	1.376195	0.000000	0.000000
787.070000	0.540918	-1.132462	1.376193	0.000000	0.000000
787.080000	0.540917	-1.132464	1.376191	0.000000	0.000000
787.090000	0.540915	-1.132466	1.376189	0.000000	0.000000
787.100000	0.540913	-1.132469	1.376187	0.000000	0.000000
787.110000	0.540911	-1.132472	1.376185	0.000000	0.000000
787.120000	0.540910	-1.132475	1.376183	0.000000	0.000000
787.130000	0.540909	-1.132480	1.376181	0.000000	0.000000
787.140000	0.540909	-1.132485	1.376179	0.000000	0.000000
787.150000	0.540909	-1.132492	1.376177	0.000000	0.000000
787.160000	0.540909	-1.132499	1.376175	0.000000	0.000000
787.170000	0.540909	-1.132507	1.376173	0.000000	0.000000
787.180000	0.540909	-1.132513	1.376171	0.000000	0.000000
787.190000	0.540907	-1.132517	1.376169	0.000000	0.000000
787.200000	0.540906	-1.132520	1.376167	0.000000	0.000000
787.210000	0.540903	-1.132521	1.376165	0.000000	0.000000
787.220000	0.540901	-1.132524	1.376163	0.000000	0.000000
787.230000	0.540899	-1.132529	1.376160	0.000000	0.000000
787.240000	0.540898	-1.132536	1.376158	0.000000	0.000000
787.250000	0.540897	-1.132543	1.376156	0.000000	0.000000
787.260000	0.540897	-1.132551	1.376154	0.000000	0.000000
787.270000	0.540896	-1.132558	1.376151	0.000000	0.000000
787.280000	0.540895	-1.132563	1.376149	0.000000	0.000000
787.290000	0.540894	-1.132568	1.376147	0.000000	0.000000
787.300000	0.540893	-1.132572	1.376145	0.000000	0.000000
787.310000	0.540892	-1.132576	1.376143	0.000000	0.000000
787.320000	0.540892	-1.132580	1.376140	0.000000	0.000000
787.330000	0.540891	-1.132585	1.376138	0.000000	0.000000
787.340000	0.540892	-1.132590	1.376136	0.000000	0.000000
787.350000	0.540893	-1.132595	1.376134	0.000000	0.000000
787.360000	0.540894	-1.132600	1.376132	0.000000	0.000000
787.370000	0.540895	-1.132604	1.376129	0.000000	0.000000
787.380000	0.540895	-1.132607	1.376127	0.000000	0.000000
787.390000	0.540895	-1.132610	1.376125	0.000000	0.000000
787.400000	0.540895	-1.132612	1.376123	0.000000	0.000000
787.410000	0.540895	-1.132614	1.376121	0.000000	0.000000
787.420000	0.540895	-1.132617	1.376119	0.000000	0.000000
787.430000	0.540896	-1.132621	1.376117	0.000000	0.000000
787.440000	0.540896	-1.132625	1.376115	0.000000	0.000000
787.450000	0.540897	-1.132629	1.376112	0.000000	0.000000
787.460000	0.540898	-1.132633	1.376110	0.000000	0.000000
787.470000	0.540898	-1.132636	1.376108	0.000000	0.000000
787.480000	0.540899	-1.132640	1.376106	0.000000	0.000000
787.490000	0.540899	-1.132643	1.376104	0.000000	0.000000
787.500000	0.540898	-1.132646	1.376102	0.000000	0.000000
787.510000	0.540898	-1.132648	1.376100	0.000000	0.000000
787.520000	0.540898	-1.132650	1.376098	0.000000	0.000000
787.530000	0.540898	-1.132653	1.376096	0.000000	0.000000
787.540000	0.540897	-1.132656	1.376094	0.000000	0.000000
787.550000	0.540897	-1.132660	1.376092	0.000000	0.000000
787.560000	0.540896	-1.132664	1.376090	0.000000	0.000000
787.570000	0.540896	-1.132668	1.376088	0.000000	0.000000
787.580000	0.540895	-1.132671	1.376086	0.000000	0.000000
787.590000	0.540893	-1.132675	1.376084	0.000000	0.000000
787.600000	0.540892	-1.132679	1.376082	0.000000	0.000000
787.610000	0.540890	-1.132683	1.376080	0.000000	0.000000
787.620000	0.540888	-1.132687	1.376078	0.000000	0.000000
787.630000	0.540887	-1.132691	1.376076	0.000000	0.000000
787.640000	0.540885	-1.132696	1.376074	0.000000	0.000000
787.650000	0.540884	-1.132701	1.376073	0.000000	0.000000
787.660000	0.540883	-1.132707	1.376071	0.000000	0.000000
787.670000	0.540882	-1.132712	1.376069	0.000000	0.000000
787.680000	0.540881	-1.132718	1.376067	0.000000	0.000000
787.690000	0.540880	-1.132723	1.376065	0.000000	0.000000
787.700000	0.540880	-1.132728	1.376063	0.000000	0.000000
787.710000	0.540879	-1.132733	1.376060	0.000000	0.000000
787.720000	0.540879	-1.132738	1.376058	0.000000	0.000000
787.730000	0.540878	-1.132742	1.376056	0.000000	0.000000
787.740000	0.540877	-1.132747	1.376054	0.000000	0.000000
787.750000	0.540876	-1.132752	1.376052	0.000000	0.000000
787.760000	0.540876	-1.132758	1.376049	0.000000	0.000000
787.770000	0.540876	-1.132764	1.376047	0.000000	0.000000
787.780000	0.540876	-1.132770	1.376044	0.000000	0.000000
787.790000	0.540876	-1.132774	1.376042	0.000000	0.000000
787.800000	0.540875	-1.132776	1.376040	0.000000	0.000000
787.810000	0.540874	-1.132780	1.376037	0.000000	0.000000
787.820000	0.540874	-1.132786	1.376035	0.000000	0.000000
787.830000	0.540874	-1.132793	1.376032	0.000000	0.000000
787.840000	0.540875	-1.132801	1.376030	0.000000	0.000000
787.850000	0.540876	-1.132809	1.376028	0.000000	0.000000
787.860000	0.540878	-1.132819	1.376025	0.000000	0.000000
787.870000	0.540880	-1.132830	1.376023	0.000000	0.000000
787.880000	0.540881	-1.132841	1.376021	0.000000	0.000000
787.890000	0.540883	-1.132851	1.376018	0.000000	0.000000
787.900000	0.540884	-1.132861	1.376016	0.000000	0.000000
787.910000	0.540885	-1.132868	1.376014	0.000000	0.000000
787.920000	0.540884	-1.132872	1.376012	0.000000	0.000000
787.930000	0.540883	-1.132873	1.376009	0.000000	0.000000
787.940000	0.540881	-1.132873	1.376007	0.000000	0.000000
787.950000	0.540880	-1.132875	1.376005	0.000000	0.000000
787.960000	0.540880	-1.132879	1.376003	0.000000	0.000000
787.970000	0.540881	-1.132885	1.376001	0.000000	0.000000
787.980000	0.540881	-1.132891	1.375999	0.000000	0.000000
787.990000	0.540881	-1.132896	1.375996	0.000000	0.000000
788.000000	0.540881	-1.132898	1.375994	0.000000	0.000000
788.010000	0.540879	-1.132900	1.375992	0.000000	0.000000
788.020000	0.540877	-1.132900	1.375990	0.000000	0.000000
788.030000	0.540875	-1.132901	1.375988	0.000000	0.000000
788.040000	0.540874	-1.132902	1.375986	0.000000	0.000000
788.050000	0.540874	-1.132904	1.375984	0.000000	0.000000
788.060000	0.540873	-1.132907	1.375982	0.000000	0.000000
788.070000	0.540874	-1.132910	1.375980	0.000000	0.000000
788.080000	0.540874	-1.132912	1.375977	0.000000	0.000000
788.090000	0.540874	-1.132914	1.375975	0.000000	0.000000
788.100000	0.540874	-1.132916	1.375973	0.000000	0.000000
788.110000	0.540874	-1.132917	1.375971	0.000000	0.000000
788.120000	0.540874	-1.132920	1.375969	0.000000	0.000000
788.130000	0.540875	-1.132924	1.375967	0.000000	0.000000
788.140000	0.540876	-1.132929	1.375965	0.000000	0.000000
788.150000	0.540877	-1.132935	1.375963	0.000000	0.000000
788.160000	0.540877	-1.132941	1.375960	0.000000	0.000000
788.170000	0.540877	-1.132948	1.375958	0.000000	0.000000
788.180000	0.540878	-1.132954	1.375956	0.000000	0.000000
788.190000	0.540878	-1.132960	1.375954	0.000000	0.000000
788.200000	0.540880	-1.132966	1.375952	0.000000	0.000000
788.210000	0.540881	-1.132971	1.375949	0.000000	0.000000
788.220000	0.540883	-1.132975	1.375947	0.000000	0.000000
788.230000	0.540884	-1.132978	1.375945	0.000000	0.000000
788.240000	0.540885	-1.132980	1.375942	0.000000	0.000000
788.250000	0.540885	-1.132981	1.375940	0.000000	0.000000
788.260000	0.540886	-1.132983	1.375938	0.000000	0.000000
788.270000	0.540887	-1.132984	1.375935	0.000000	0.000000
788.280000	0.540888	-1.132987	1.375933	0.000000	0.000000
788.290000	0.540889	-1.132990	1.375930	0.000000	0.000000
788.300000	0.540890	-1.132994	1.375928	0.000000	0.000000
788.310000	0.540891	-1.132997	1.375926	0.000000	0.000000
788.320000	0.540892	-1.132999	1.375923	0.000000	0.000000
788.330000	0.540892	-1.133000	1.375921	0.000000	0.000000
788.340000	0.540892	-1.133000	1.375919	0.000000	0.000000
788.350000	0.540892	-1.133000	1.375917	0.000000	0.000000
788.360000	0.540893	-1.133001	1.375915	0.000000	0.000000
788.370000	0.540894	-1.133003	1.375913	0.000000	0.000000
788.380000	0.540895	-1.133005	1.375911	0.000000	0.000000
788.390000	0.540895	-1.133006	1.375909	0.000000	0.000000
788.400000	0.540896	-1.133005	1.375907	0.000000	0.000000
788.410000	0.540896	-1.133004	1.375905	0.000000	0.000000
788.420000	0.540896	-1.133002	1.375903	0.000000	0.000000
788.430000	0.540895	-1.132999	1.375902	0.000000	0.000000
788.440000	0.540895	-1.132995	1.375900	0.000000	0.000000
788.450000	0.540894	-1.132991	1.375899	0.000000	0.000000
788.460000	0.540893	-1.132986	1.375897	0.000000	0.000000
788.470000	0.540892	-1.132981	1.375896	0.000000	0.000000
788.480000	0.540890	-1.132976	1.375894	0.000000	0.000000
788.490000	0.540888	-1.132972	1.375893	0.000000	0.000000
788.500000	0.540887	-1.132969	1.375892	0.000000	0.000000
788.510000	0.540886	-1.132969	1.375890	0.000000	0.000000
788.520000	0.540885	-1.132971	1.375889	0.000000	0.000000
788.530000	0.540885	-1.132974	1.375887	0.000000	0.000000
788.540000	0.540885	-1.132977	1.375886	0.000000	0.000000
788.550000	0.540885	-1.132979	1.375884	0.000000	0.000000
788.560000	0.540883	-1.132978	1.375883	0.000000	0.000000
788.570000	0.540882	-1.132976	1.375881	0.000000	0.000000
788.580000	0.540880	-1.132974	1.375880	0.000000	0.000000
788.590000	0.540879	-1.132974	1.375878	0.000000	0.000000
788.600000	0.540879	-1.132975	1.375876	0.000000	0.000000
788.610000	0.540879	-1.132976	1.375875	0.000000	0.000000
788.620000	0.540879	-1.132977	1.375873	0.000000	0.000000
788.630000	0.540878	-1.132978	1.375872	0.000000	0.000000
788.640000	0.540878	-1.132979	1.375870	0.000000	0.000000
788.650000	0.540878	-1.132980	1.375868	0.000000	0.000000
788.660000	0.540878	-1.132980	1.375867	0.000000	0.000000
788.670000	0.540877	-1.132981	1.375865	0.000000	0.000000
788.680000	0.540877	-1.132983	1.375864	0.000000	0.000000
788.690000	0.540878	-1.132985	1.375862	0.000000	0.000000
788.700000	0.540878	-1.132986	1.375861	0.000000	0.000000
788.710000	0.540878	-1.132988	1.375860	0.000000	0.000000
788.720000	0.540878	-1.132988	1.375858	0.000000	0.000000
788.730000	0.540877	-1.132988	1.375857	0.000000	0.000000
788.740000	0.540877	-1.132987	1.375855	0.000000	0.000000
788.750000	0.540876	-1.132986	1.375854	0.000000	0.000000
788.760000	0.540875	-1.132983	1.375852	0.000000	0.000000
788.770000	0.540874	-1.132980	1.375851	0.000000	0.000000
788.780000	0.540873	-1.132977	1.375849	0.000000	0.000000
788.790000	0.540873	-1.132976	1.375847	0.000000	0.000000
788.800000	0.540874	-1.132976	1.375846	0.000000	0.000000
788.810000	0.540874	-1.132975	1.375844	0.000000	0.000000
788.820000	0.540873	-1.132972	1.375842	0.000000	0.000000
788.830000	0.540871	-1.132968	1.375840	0.000000	0.000000
788.840000	0.540870	-1.132963	1.375838	0.000000	0.000000
788.850000	0.540868	-1.132961	1.375837	0.000000	0.000000
788.860000	0.540868	-1.132960	1.375835	0.000000	0.000000
788.870000	0.540868	-1.132961	1.375833	0.000000	0.000000
788.880000	0.540868	-1.132962	1.375831	0.000000	0.000000
788.890000	0.540868	-1.132963	1.375830	0.000000	0.000000
788.900000	0.540868	-1.132965	1.375828	0.000000	0.000000
788.910000	0.540869	-1.132969	1.375826	0.000000	0.000000
788.920000	0.540870	-1.132975	1.375825	0.000000	0.000000
788.930000	0.540872	-1.132982	1.375823	0.000000	0.000000
788.940000	0.540875	-1.132989	1.375822	0.000000	0.000000
788.950000	0.540877	-1.132996	1.375821	0.000000	0.000000
788.960000	0.540879	-1.133000	1.375820	0.000000	0.000000
788.970000	0.540880	-1.133002	1.375818	0.000000	0.000000
788.980000	0.540880	-1.133002	1.375817	0.000000	0.000000
788.990000	0.540880	-1.132999	1.375816	0.000000	0.000000
789.000000	0.540880	-1.132994	1.375815	0.000000	0.000000
789.010000	0.540879	-1.132987	1.375814	0.000000	0.000000
789.020000	0.540878	-1.132980	1.375813	0.000000	0.000000
789.030000	0.540877	-1.132974	1.375812	0.000000	0.000000
789.040000	0.540876	-1.132968	1.375811	0.000000	0.000000
789.050000	0.540876	-1.132963	1.375810	0.000000	0.000000
789.060000	0.540876	-1.132960	1.375809	0.000000	0.000000
789.070000	0.540875	-1.132959	1.375808	0.000000	0.000000
789.080000	0.540876	-1.132959	1.375807	0.000000	0.000000
789.090000	0.540877	-1.132961	1.375806	0.000000	0.000000
789.100000	0.540878	-1.132965	1.375805	0.000000	0.000000
789.110000	0.540880	-1.132969	1.375804	0.000000	0.000000
789.120000	0.540882	-1.132973	1.375802	0.000000	0.000000
789.130000	0.540885	-1.132978	1.375801	0.000000	0.000000
789.140000	0.540887	-1.132981	1.375800	0.000000	0.000000
789.150000	0.540889	-1.132982	1.375799	0.000000	0.000000
789.160000	0.540890	-1.132983	1.375797	0.000000	0.000000
789.170000	0.540892	-1.132983	1.375796	0.000000	0.000000
789.180000	0.540893	-1.132985	1.375795	0.000000	0.000000
789.190000	0.540895	-1.132986	1.375793	0.000000	0.000000
789.200000	0.540895	-1.132986	1.375792	0.000000	0.000000
789.210000	0.540896	-1.132984	1.375791	0.000000	0.000000
789.220000	0.540896	-1.132981	1.375790	0.000000	0.000000
789.230000	0.540896	-1.132976	1.375788	0.000000	0.000000
789.240000	0.540896	-1.132972	1.375787	0.000000	0.000000
789.250000	0.540897	-1.132969	1.375786	0.000000	0.000000
789.260000	0.540897	-1.132965	1.375785	0.000000	0.000000
789.270000	0.540897	-1.132961	1.375785	0.000000	0.000000
789.280000	0.540898	-1.132957	1.375784	0.000000	0.000000
789.290000	0.540899	-1.132952	1.375783	0.000000	0.000000
789.300000	0.540899	-1.132948	1.375782	0.000000	0.000000
789.310000	0.540900	-1.132943	1.375782	0.000000	0.000000
789.320000	0.540902	-1.132939	1.375781	0.000000	0.000000
789.330000	0.540903	-1.132934	1.375780	0.000000	0.000000
789.340000	0.540903	-1.132930	1.375780	0.000000	0.000000
789.350000	0.540904	-1.132925	1.375779	0.000000	0.000000
789.360000	0.540904	-1.132921	1.375778	0.000000	0.000000
789.370000	0.540905	-1.132917	1.375778	0.000000	0.000000
789.380000	0.540906	-1.132914	1.375777	0.000000	0.000000
789.390000	0.540906	-1.132912	1.375776	0.000000	0.000000
789.400000	0.540907	-1.132910	1.375776	0.000000	0.000000
789.410000	0.540908	-1.132908	1.375775	0.000000	0.000000
789.420000	0.540909	-1.132905	1.375774	0.000000	0.000000
789.430000	0.540908	-1.132901	1.375773	0.000000	0.000000
789.440000	0.540907	-1.132894	1.375772	0.000000	0.000000
789.450000	0.540906	-1.132887	1.375771	0.000000	0.000000
789.460000	0.540906	-1.132882	1.375771	0.000000	0.000000
789.470000	0.540907	-1.132880	1.375770	0.000000	0.000000
789.480000	0.540908	-1.132880	1.375769	0.000000	0.000000
789.490000	0.540911	-1.132882	1.375768	0.000000	0.000000
789.500000	0.540913	-1.132884	1.375767	0.000000	0.000000
789.510000	0.540915	-1.132885	1.375766	0.000000	0.000000
789.520000	0.540917	-1.132886	1.375765	0.000000	0.000000
789.530000	0.540920	-1.132888	1.375764	0.000000	0.000000
789.540000	0.540923	-1.132890	1.375763	0.000000	0.000000
789.550000	0.540925	-1.132893	1.375762	0.000000	0.000000
789.560000	0.540928	-1.132894	1.375762	0.000000	0.000000
789.570000	0.540931	-1.132894	1.375761	0.000000	0.000000
789.580000	0.540932	-1.132892	1.375760	0.000000	0.000000
789.590000	0.540934	-1.132888	1.375759	0.000000	0.000000
789.600000	0.540935	-1.132883	1.375758	0.000000	0.000000
789.610000	0.540936	-1.132877	1.375757	0.000000	0.000000
789.620000	0.540936	-1.132868	1.375756	0.000000	0.000000
789.630000	0.540936	-1.132858	1.375756	0.000000	0.000000
789.640000	0.540936	-1.132846	1.375755	0.000000	0.000000
789.650000	0.540936	-1.132835	1.375754	0.000000	0.000000
789.660000	0.540936	-1.132825	1.375753	0.000000	0.000000
789.670000	0.540937	-1.132818	1.375753	0.000000	0.000000
789.680000	0.540939	-1.132812	1.375752	0.000000	0.000000
789.690000	0.540940	-1.132806	1.375751	0.000000	0.000000
789.700000	0.540941	-1.132799	1.375750	0.000000	0.000000
789.710000	0.540942	-1.132792	1.375750	0.000000	0.000000
789.720000	0.540942	-1.132784	1.375749	0.000000	0.000000
789.730000	0.540943	-1.132778	1.375748	0.000000	0.000000
789.740000	0.540945	-1.132773	1.375748	0.000000	0.000000
789.750000	0.540947	-1.132769	1.375747	0.000000	0.000000
789.760000	0.540949	-1.132766	1.375746	0.000000	0.000000
789.770000	0.540951	-1.132765	1.375746	0.000000	0.000000
789.780000	0.540954	-1.132764	1.375745	0.000000	0.000000
789.790000	0.540957	-1.132763	1.375744	0.000000	0.000000
789.800000	0.540961	-1.132762	1.375744	0.000000	0.000000
789.810000	0.540964	-1.132761	1.375743	0.000000	0.000000
789.820000	0.540966	-1.132759	1.375742	0.000000	0.000000
789.830000	0.540969	-1.132755	1.375741	0.000000	0.000000
789.840000	0.540971	-1.132751	1.375740	0.000000	0.000000
789.850000	0.540973	-1.132747	1.375740	0.000000	0.000000
789.860000	0.540975	-1.132744	1.375739	0.000000	0.000000
789.870000	0.540977	-1.132740	1.375738	0.000000	0.000000
789.880000	0.540979	-1.132736	1.375737	0.000000	0.000000
789.890000	0.540982	-1.132733	1.375736	0.000000	0.000000
789.900000	0.540984	-1.132729	1.375736	0.000000	0.000000
789.910000	0.540986	-1.132724	1.375735	0.000000	0.000000
789.920000	0.540987	-1.132717	1.375734	0.000000	0.000000
789.930000	0.540988	-1.132708	1.375734	0.000000	0.000000
789.940000	0.540988	-1.132698	1.375733	0.000000	0.000000
789.950000	0.540988	-1.132689	1.375733	0.000000	0.000000
789.960000	0.540989	-1.132680	1.375732	0.000000	0.000000
789.970000	0.540991	-1.132672	1.375732	0.000000	0.000000
789.980000	0.540992	-1.132664	1.375731	0.000000	0.000000
789.990000	0.540994	-1.132658	1.375731	0.000000	0.000000
790.000000	0.540996	-1.132651	1.375731	0.000000	0.000000
790.010000	0.540998	-1.132646	1.375731	0.000000	0.000000
790.020000	0.541001	-1.132639	1.375731	0.000000	0.000000
790.030000	0.541003	-1.132633	1.375730	0.000000	0.000000
790.040000	0.541005	-1.132624	1.375730	0.000000	0.000000
790.050000	0.541007	-1.132614	1.375730	0.000000	0.000000
790.060000	0.541007	-1.132601	1.375730	0.000000	0.000000
790.070000	0.541007	-1.132588	1.375730	0.000000	0.000000
790.080000	0.541007	-1.132574	1.375730	0.000000	0.000000
790.090000	0.541008	-1.132561	1.375730	0.000000	0.000000
790.100000	0.541009	-1.132549	1.375730	0.000000	0.000000
790.110000	0.541010	-1.132539	1.375730	0.000000	0.000000
790.120000	0.541012	-1.132531	1.375730	0.000000	0.000000
790.130000	0.541014	-1.132525	1.375730	0.000000	0.000000
790.140000	0.541017	-1.132521	1.375730	0.000000	0.000000
790.150000	0.541019	-1.132518	1.375730	0.000000	0.000000
790.160000	0.541023	-1.132516	1.375729	0.000000	0.000000
790.170000	0.541026	-1.132515	1.375729	0.000000	0.000000
790.180000	0.541029	-1.132513	1.375729	0.000000	0.000000
790.190000	0.541032	-1.132512	1.375729	0.000000	0.000000
790.200000	0.541035	-1.132511	1.375729	0.000000	0.000000
790.210000	0.541038	-1.132510	1.375728	0.000000	0.000000
790.220000	0.541040	-1.132507	1.375728	0.000000	0.000000
790.230000	0.541041	-1.132502	1.375728	0.000000	0.000000
790.240000	0.541041	-1.132496	1.375728	0.000000	0.000000
790.250000	0.541042	-1.132491	1.375727	0.000000	0.000000
790.260000	0.541042	-1.132486	1.375727	0.000000	0.000000
790.270000	0.541044	-1.132483	1.375727	0.000000	0.000000
790.280000	0.541045	-1.132481	1.375726	0.000000	0.000000
790.290000	0.541046	-1.132479	1.375726	0.000000	0.000000
790.300000	0.541047	-1.132476	1.375726	0.000000	0.000000
790.310000	0.541049	-1.132472	1.375726	0.000000	0.000000
790.320000	0.541049	-1.132467	1.375725	0.000000	0.000000
790.330000	0.541050	-1.132459	1.375725	0.000000	0.000000
790.340000	0.541049	-1.132451	1.375725	0.000000	0.000000
790.350000	0.541049	-1.132442	1.375725	0.000000	0.000000
790.360000	0.541049	-1.132434	1.375724	0.000000	0.000000
790.370000	0.541049	-1.132427	1.375724	0.000000	0.000000
790.380000	0.541049	-1.132420	1.375724	0.000000	0.000000
790.390000	0.541049	-1.132414	1.375724	0.000000	0.000000
790.400000	0.541050	-1.132410	1.375724	0.000000	0.000000
790.410000	0.541052	-1.132408	1.375723	0.000000	0.000000
790.420000	0.541053	-1.132407	1.375723	0.000000	0.000000
790.430000	0.541055	-1.132407	1.375723	0.000000	0.000000
790.440000	0.541057	-1.132407	1.375722	0.000000	0.000000
790.450000	0.541059	-1.132405	1.375722	0.000000	0.000000
790.460000	0.541060	-1.132400	1.375722	0.000000	0.000000
790.470000	0.541059	-1.132392	1.375721	0.000000	0.000000
790.480000	0.541059	-1.132381	1.375721	0.000000	0.000000
790.490000	0.541058	-1.132370	1.375721	0.000000	0.000000
790.500000	0.541058	-1.132360	1.375721	0.000000	0.000000
790.510000	0.541058	-1.132354	1.375721	0.000000	0.000000
790.520000	0.541060	-1.132351	1.375720	0.000000	0.000000
790.530000	0.541062	-1.132351	1.375720	0.000000	0.000000
790.540000	0.541065	-1.132352	1.375720	0.000000	0.000000
790.550000	0.541069	-1.132353	1.375721	0.000000	0.000000
790.560000	0.541071	-1.132353	1.375721	0.000000	0.000000
790.570000	0.541074	-1.132351	1.375721	0.000000	0.000000
790.580000	0.541075	-1.132348	1.375722	0.000000	0.000000
790.590000	0.541076	-1.132343	1.375722	0.000000	0.000000
790.600000	0.541077	-1.132338	1.375723	0.000000	0.000000
790.610000	0.541078	-1.132331	1.375723	0.000000	0.000000
790.620000	0.541078	-1.132324	1.375724	0.000000	0.000000
790.630000	0.541079	-1.132316	1.375725	0.000000	0.000000
790.640000	0.541079	-1.132308	1.375726	0.000000	0.000000
790.650000	0.541079	-1.132299	1.375727	0.000000	0.000000
790.660000	0.541079	-1.132289	1.375728	0.000000	0.000000
790.670000	0.541079	-1.132280	1.375729	0.000000	0.000000
790.680000	0.541079	-1.132270	1.375730	0.000000	0.000000
790.690000	0.541079	-1.132259	1.375731	0.000000	0.000000
790.700000	0.541079	-1.132249	1.375732	0.000000	0.000000
790.710000	0.541079	-1.132240	1.375733	0.000000	0.000000
790.720000	0.541080	-1.132231	1.375734	0.000000	0.000000
790.730000	0.541080	-1.132221	1.375735	0.000000	0.000000
790.740000	0.541080	-1.132211	1.375737	0.000000	0.000000
790.750000	0.541080	-1.132200	1.375738	0.000000	0.000000
790.760000	0.541080	-1.132187	1.375739	0.000000	0.000000
790.770000	0.541080	-1.132174	1.375740	0.000000	0.000000
790.780000	0.541079	-1.132162	1.375741	0.000000	0.000000
790.790000	0.541079	-1.132150	1.375742	0.000000	0.000000
790.800000	0.541080	-1.132141	1.375743	0.000000	0.000000
790.810000	0.541082	-1.132134	1.375745	0.000000	0.000000
790.820000	0.541085	-1.132130	1.375746	0.000000	0.000000
790.830000	0.541088	-1.132127	1.375747	0.000000	0.000000
790.840000	0.541091	-1.132124	1.375748	0.000000	0.000000
790.850000	0.541094	-1.132121	1.375749	0.000000	0.000000
790.860000	0.541097	-1.132117	1.375751	0.000000	0.000000
790.870000	0.541099	-1.132111	1.375752	0.000000	0.000000
790.880000	0.541100	-1.132103	1.375753	0.000000	0.000000
790.890000	0.541101	-1.132094	1.375755	0.000000	0.000000
790.900000	0.541102	-1.132084	1.375756	0.000000	0.000000
790.910000	0.541102	-1.132073	1.375758	0.000000	0.000000
790.920000	0.541102	-1.132062	1.375759	0.000000	0.000000
790.930000	0.541102	-1.132050	1.375761	0.000000	0.000000
790.940000	0.541102	-1.132038	1.375763	0.000000	0.000000
790.950000	0.541102	-1.132026	1.375764	0.000000	0.000000
790.960000	0.541101	-1.132014	1.375766	0.000000	0.000000
790.970000	0.541101	-1.132002	1.375768	0.000000	0.000000
790.980000	0.541100	-1.131988	1.375770	0.000000	0.000000
790.990000	0.541099	-1.131975	1.375772	0.000000	0.000000
791.000000	0.541098	-1.131961	1.375774	0.000000	0.000000
791.010000	0.541097	-1.131946	1.375776	0.000000	0.000000
791.020000	0.541096	-1.131931	1.375778	0.000000	0.000000
791.030000	0.541095	-1.131917	1.375780	0.000000	0.000000
791.040000	0.541094	-1.131902	1.375782	0.000000	0.000000
791.050000	0.541093	-1.131889	1.375784	0.000000	0.000000
791.060000	0.541094	-1.131876	1.375785	0.000000	0.000000
791.070000	0.541094	-1.131865	1.375787	0.000000	0.000000
791.080000	0.541095	-1.131857	1.375789	0.000000	0.000000
791.090000	0.541097	-1.131849	1.375791	0.000000	0.000000
791.100000	0.541099	-1.131843	1.375793	0.000000	0.000000
791.110000	0.541100	-1.131837	1.375794	0.000000	0.000000
791.120000	0.541102	-1.131830	1.375796	0.000000	0.000000
791.130000	0.541103	-1.131821	1.375798	0.000000	0.000000
791.140000	0.541103	-1.131812	1.375799	0.000000	0.000000
791.150000	0.541105	-1.131804	1.375801	0.000000	0.000000
791.160000	0.541107	-1.131800	1.375802	0.000000	0.000000
791.170000	0.541110	-1.131797	1.375804	0.000000	0.000000
791.180000	0.541113	-1.131795	1.375805	0.000000	0.000000
791.190000	0.541116	-1.131790	1.375806	0.000000	0.000000
791.200000	0.541117	-1.131783	1.375808	0.000000	0.000000
791.210000	0.541117	-1.131774	1.375809	0.000000	0.000000
791.220000	0.541117	-1.131763	1.375810	0.000000	0.000000
791.230000	0.541116	-1.131751	1.375811	0.000000	0.000000
791.240000	0.541115	-1.131740	1.375812	0.000000	0.000000
791.250000	0.541114	-1.131731	1.375813	0.000000	0.000000
791.260000	0.541114	-1.131722	1.375815	0.000000	0.000000
791.270000	0.541114	-1.131714	1.375816	0.000000	0.000000
791.280000	0.541114	-1.131708	1.375817	0.000000	0.000000
791.290000	0.541115	-1.131702	1.375818	0.000000	0.000000
791.300000	0.541116	-1.131698	1.375819	0.000000	0.000000
791.310000	0.541117	-1.131695	1.375820	0.000000	0.000000
791.320000	0.541117	-1.131691	1.375821	0.000000	0.000000
791.330000	0.541118	-1.131688	1.375821	0.000000	0.000000
791.340000	0.541119	-1.131684	1.375822	0.000000	0.000000
791.350000	0.541119	-1.131679	1.375823	0.000000	0.000000
791.360000	0.541120	-1.131675	1.375824	0.000000	0.000000
791.370000	0.541121	-1.131671	1.375824	0.000000	0.000000
791.380000	0.541122	-1.131668	1.375825	0.000000	0.000000
791.390000	0.541123	-1.131664	1.375826	0.000000	0.000000
791.400000	0.541125	-1.131661	1.375826	0.000000	0.000000
791.410000	0.541127	-1.131660	1.375827	0.000000	0.000000
791.420000	0.541130	-1.131660	1.375827	0.000000	0.000000
791.430000	0.541134	-1.131661	1.375827	0.000000	0.000000
791.440000	0.541137	-1.131660	1.375828	0.000000	0.000000
791.450000	0.541139	-1.131655	1.375828	0.000000	0.000000
791.460000	0.541139	-1.131647	1.375828	0.000000	0.000000
791.470000	0.541139	-1.131637	1.375829	0.000000	0.000000
791.480000	0.541139	-1.131627	1.375829	0.000000	0.000000
791.490000	0.541139	-1.131619	1.375829	0.000000	0.000000
791.500000	0.541140	-1.131613	1.375830	0.000000	0.000000
791.510000	0.541141	-1.131608	1.375830	0.000000	0.000000
791.520000	0.541142	-1.131604	1.375830	0.000000	0.000000
791.530000	0.541143	-1.131600	1.375831	0.000000	0.000000
791.540000	0.541144	-1.131597	1.375831	0.000000	0.000000
791.550000	0.541144	-1.131594	1.375831	0.000000	0.000000
791.560000	0.541145	-1.131591	1.375832	0.000000	0.000000
791.570000	0.541146	-1.131588	1.375832	0.000000	0.000000
791.580000	0.541146	-1.131585	1.375832	0.000000	0.000000
791.590000	0.541146	-1.131581	1.375833	0.000000	0.000000
791.600000	0.541146	-1.131577	1.375833	0.000000	0.000000
791.610000	0.541145	-1.131573	1.375833	0.000000	0.000000
791.620000	0.541144	-1.131567	1.375834	0.000000	0.000000
791.630000	0.541143	-1.131561	1.375834	0.000000	0.000000
791.640000	0.541143	-1.131557	1.375834	0.000000	0.000000
791.650000	0.541143	-1.131555	1.375835	0.000000	0.000000
791.660000	0.541144	-1.131555	1.375835	0.000000	0.000000
791.670000	0.541146	-1.131556	1.375835	0.000000	0.000000
791.680000	0.541148	-1.131558	1.375835	0.000000	0.000000
791.690000	0.541150	-1.131560	1.375835	0.000000	0.000000
791.700000	0.541152	-1.131562	1.375836	0.000000	0.000000
791.710000	0.541155	-1.131563	1.375836	0.000000	0.000000
791.720000	0.541157	-1.131564	1.375836	0.000000	0.000000
791.730000	0.541159	-1.131566	1.375836	0.000000	0.000000
791.740000	0.541161	-1.131568	1.375836	0.000000	0.000000
791.750000	0.541163	-1.131571	1.375836	0.000000	0.000000
791.760000	0.541165	-1.131573	1.375837	0.000000	0.000000
791.770000	0.541168	-1.131575	1.375837	0.000000	0.000000
791.780000	0.541169	-1.131577	1.375837	0.000000	0.000000
791.790000	0.541171	-1.131577	1.375837	0.000000	0.000000
791.800000	0.541173	-1.131576	1.375838	0.000000	0.000000
791.810000	0.541174	-1.131574	1.375838	0.000000	0.000000
791.820000	0.541175	-1.131571	1.375838	0.000000	0.000000
791.830000	0.541175	-1.131568	1.375839	0.000000	0.000000
791.840000	0.541176	-1.131566	1.375839	0.000000	0.000000
791.850000	0.541177	-1.131563	1.375840	0.000000	0.000000
791.860000	0.541178	-1.131561	1.375840	0.000000	0.000000
791.870000	0.541178	-1.131559	1.375841	0.000000	0.000000
791.880000	0.541178	-1.131556	1.375841	0.000000	0.000000
791.890000	0.541179	-1.131553	1.375842	0.000000	0.000000
791.900000	0.541180	-1.131550	1.375843	0.000000	0.000000
791.910000	0.541180	-1.131547	1.375843	0.000000	0.000000
791.920000	0.541181	-1.131543	1.375844	0.000000	0.000000
791.930000	0.541181	-1.131538	1.375845	0.000000	0.000000
791.940000	0.541181	-1.131534	1.375845	0.000000	0.000000
791.950000	0.541181	-1.131528	1.375846	0.000000	0.000000
791.960000	0.541181	-1.131523	1.375846	0.000000	0.000000
791.970000	0.541181	-1.131516	1.375847	0.000000	0.000000
791.980000	0.541181	-1.131508	1.375847	0.000000	0.000000
791.990000	0.541181	-1.131501	1.375848	0.000000	0.000000
792.000000	0.541181	-1.131495	1.375848	0.000000	0.000000
792.010000	0.541182	-1.131492	1.375849	0.000000	0.000000
792.020000	0.541185	-1.131492	1.375849	0.000000	0.000000
792.030000	0.541189	-1.131496	1.375849	0.000000	0.000000
792.040000	0.541193	-1.131501	1.375850	0.000000	0.000000
792.050000	0.541197	-1.131507	1.375850	0.000000	0.000000
792.060000	0.541200	-1.131514	1.375850	0.000000	0.000000
792.070000	0.541204	-1.131520	1.375850	0.000000	0.000000
792.080000	0.541208	-1.131525	1.375850	0.000000	0.000000
792.090000	0.541211	-1.131530	1.375850	0.000000	0.000000
792.100000	0.541213	-1.131532	1.375850	0.000000	0.000000
792.110000	0.541215	-1.131532	1.375850	0.000000	0.000000
792.120000	0.541216	-1.131527	1.375850	0.000000	0.000000
792.130000	0.541217	-1.131522	1.375850	0.000000	0.000000
792.140000	0.541218	-1.131520	1.375850	0.000000	0.000000
792.150000	0.541221	-1.131521	1.375850	0.000000	0.000000
792.160000	0.541224	-1.131523	1.375850	0.000000	0.000000
792.170000	0.541227	-1.131524	1.375850	0.000000	0.000000
792.180000	0.541229	-1.131526	1.375851	0.000000	0.000000
792.190000	0.541231	-1.131525	1.375851	0.000000	0.000000
792.200000	0.541232	-1.131523	1.375851	0.000000	0.000000
792.210000	0.541233	-1.131520	1.375851	0.000000	0.000000
792.220000	0.541235	-1.131519	1.375851	0.000000	0.000000
792.230000	0.541237	-1.131520	1.375851	0.000000	0.000000
792.240000	0.541241	-1.131522	1.375852	0.000000	0.000000
792.250000	0.541244	-1.131525	1.375852	0.000000	0.000000
792.260000	0.541247	-1.131526	1.375852	0.000000	0.000000
792.270000	0.541250	-1.131526	1.375853	0.000000	0.000000
792.280000	0.541252	-1.131524	1.375853	0.000000	0.000000
792.290000	0.541254	-1.131523	1.375853	0.000000	0.000000
792.300000	0.541256	-1.131521	1.375854	0.000000	0.000000
792.310000	0.541259	-1.131519	1.375854	0.000000	0.000000
792.320000	0.541261	-1.131517	1.375855	0.000000	0.000000
792.330000	0.541264	-1.131514	1.375855	0.000000	0.000000
792.340000	0.541265	-1.131511	1.375856	0.000000	0.000000
792.350000	0.541267	-1.131507	1.375856	0.000000	0.000000
792.360000	0.541268	-1.131504	1.375857	0.000000	0.000000
792.370000	0.541270	-1.131502	1.375857	0.000000	0.000000
792.380000	0.541272	-1.131500	1.375858	0.000000	0.000000
792.390000	0.541274	-1.131498	1.375858	0.000000	0.000000
792.400000	0.541275	-1.131496	1.375859	0.000000	0.000000
792.410000	0.541277	-1.131495	1.375859	0.000000	0.000000
792.420000	0.541279	-1.131494	1.375860	0.000000	0.000000
792.430000	0.541281	-1.131496	1.375861	0.000000	0.000000
792.440000	0.541284	-1.131498	1.375861	0.000000	0.000000
792.450000	0.541287	-1.131501	1.375862	0.000000	0.000000
792.460000	0.541290	-1.131503	1.375862	0.000000	0.000000
792.470000	0.541292	-1.131504	1.375863	0.000000	0.000000
792.480000	0.541294	-1.131503	1.375863	0.000000	0.000000
792.490000	0.541295	-1.131501	1.375864	0.000000	0.000000
792.500000	0.541295	-1.131496	1.375864	0.000000	0.000000
792.510000	0.541296	-1.131491	1.375864	0.000000	0.000000
792.520000	0.541296	-1.131487	1.375865	0.000000	0.000000
792.530000	0.541297	-1.131483	1.375865	0.000000	0.000000
792.540000	0.541297	-1.131480	1.375865	0.000000	0.000000
792.550000	0.541299	-1.131479	1.375866	0.000000	0.000000
792.560000	0.541301	-1.131480	1.375866	0.000000	0.000000
792.570000	0.541303	-1.131482	1.375866	0.000000	0.000000
792.580000	0.541305	-1.131484	1.375867	0.000000	0.000000
792.590000	0.541307	-1.131486	1.375867	0.000000	0.000000
792.600000	0.541310	-1.131488	1.375867	0.000000	0.000000
792.610000	0.541312	-1.131488	1.375867	0.000000	0.000000
792.620000	0.541314	-1.131486	1.375867	0.000000	0.000000
792.630000	0.541315	-1.131482	1.375867	0.000000	0.000000
792.640000	0.541315	-1.131477	1.375867	0.000000	0.000000
792.650000	0.541315	-1.131470	1.375867	0.000000	0.000000
792.660000	0.541315	-1.131463	1.375867	0.000000	0.000000
792.670000	0.541314	-1.131456	1.375867	0.000000	0.000000
792.680000	0.541313	-1.131450	1.375866	0.000000	0.000000
792.690000	0.541312	-1.131445	1.375866	0.000000	0.000000
792.700000	0.541311	-1.131441	1.375866	0.000000	0.000000
792.710000	0.541311	-1.131437	1.375866	0.000000	0.000000
792.720000	0.541310	-1.131434	1.375865	0.000000	0.000000
792.730000	0.541310	-1.131431	1.375865	0.000000	0.000000
792.740000	0.541309	-1.131429	1.375864	0.000000	0.000000
792.750000	0.541309	-1.131427	1.375864	0.000000	0.000000
792.760000	0.541309	-1.131426	1.375863	0.000000	0.000000
792.770000	0.541308	-1.131425	1.375863	0.000000	0.000000
792.780000	0.541308	-1.131426	1.375862	0.000000	0.000000
792.790000	0.541308	-1.131426	1.375862	0.000000	0.000000
792.800000	0.541307	-1.131426	1.375861	0.000000	0.000000
792.810000	0.541307	-1.131426	1.375860	0.000000	0.000000
792.820000	0.541306	-1.131426	1.375860	0.000000	0.000000
792.830000	0.541306	-1.131427	1.375859	0.000000	0.000000
792.840000	0.541306	-1.131428	1.375858	0.000000	0.000000
792.850000	0.541306	-1.131429	1.375858	0.000000	0.000000
792.860000	0.541306	-1.131430	1.375857	0.000000	0.000000
792.870000	0.541305	-1.131432	1.375856	0.000000	0.000000
792.880000	0.541305	-1.131433	1.375856	0.000000	0.000000
792.890000	0.541304	-1.131433	1.375855	0.000000	0.000000
792.900000	0.541303	-1.131433	1.375854	0.000000	0.000000
792.910000	0.541302	-1.131433	1.375854	0.000000	0.000000
792.920000	0.541300	-1.131432	1.375853	0.000000	0.000000
792.930000	0.541299	-1.131432	1.375853	0.000000	0.000000
792.940000	0.541298	-1.131432	1.375852	0.000000	0.000000
792.950000	0.541296	-1.131433	1.375852	0.000000	0.000000
792.960000	0.541296	-1.131435	1.375852	0.000000	0.000000
792.970000	0.541295	-1.131436	1.375851	0.000000	0.000000
792.980000	0.541293	-1.131438	1.375851	0.000000	0.000000
792.990000	0.541292	-1.131440	1.375850	0.000000	0.000000
793.000000	0.541292	-1.131441	1.375850	0.000000	0.000000
793.010000	0.541291	-1.131442	1.375849	0.000000	0.000000
793.020000	0.541290	-1.131443	1.375849	0.000000	0.000000
793.030000	0.541287	-1.131442	1.375848	0.000000	0.000000
793.040000	0.541285	-1.131440	1.375848	0.000000	0.000000
793.050000	0.541282	-1.131439	1.375847	0.000000	0.000000
793.060000	0.541280	-1.131438	1.375847	0.000000	0.000000
793.070000	0.541278	-1.131439	1.375846	0.000000	0.000000
793.080000	0.541276	-1.131441	1.375845	0.000000	0.000000
793.090000	0.541275	-1.131444	1.375845	0.000000	0.000000
793.100000	0.541274	-1.131447	1.375844	0.000000	0.000000
793.110000	0.541273	-1.131451	1.375843	0.000000	0.000000
793.120000	0.541272	-1.131455	1.375842	0.000000	0.000000
793.130000	0.541270	-1.131459	1.375841	0.000000	0.000000
793.140000	0.541269	-1.131462	1.375840	0.000000	0.000000
793.150000	0.541267	-1.131465	1.375839	0.000000	0.000000
793.160000	0.541265	-1.131467	1.375838	0.000000	0.000000
793.170000	0.541262	-1.131468	1.375837	0.000000	0.000000
793.180000	0.541259	-1.131469	1.375836	0.000000	0.000000
793.190000	0.541257	-1.131468	1.375834	0.000000	0.000000
793.200000	0.541254	-1.131468	1.375833	0.000000	0.000000
793.210000	0.541252	-1.131469	1.375832	0.000000	0.000000
793.220000	0.541250	-1.131470	1.375830	0.000000	0.000000
793.230000	0.541248	-1.131472	1.375829	0.000000	0.000000
793.240000	0.541246	-1.131475	1.375827	0.000000	0.000000
793.250000	0.541245	-1.131480	1.375826	0.000000	0.000000
793.260000	0.541244	-1.131486	1.375825	0.000000	0.000000
793.270000	0.541243	-1.131493	1.375823	0.000000	0.000000
793.280000	0.541242	-1.131500	1.375822	0.000000	0.000000
793.290000	0.541240	-1.131507	1.375821	0.000000	0.000000
793.300000	0.541238	-1.131511	1.375819	0.000000	0.000000
793.310000	0.541236	-1.131515	1.375818	0.000000	0.000000
793.320000	0.541234	-1.131518	1.375817	0.000000	0.000000
793.330000	0.541232	-1.131523	1.375815	0.000000	0.000000
793.340000	0.541231	-1.131528	1.375814	0.000000	0.000000
793.350000	0.541229	-1.131534	1.375813	0.000000	0.000000
793.360000	0.541227	-1.131539	1.375812	0.000000	0.000000
793.370000	0.541226	-1.131543	1.375811	0.000000	0.000000
793.380000	0.541223	-1.131546	1.375810	0.000000	0.000000
793.390000	0.541221	-1.131549	1.375809	0.000000	0.000000
793.400000	0.541218	-1.131551	1.375808	0.000000	0.000000
793.410000	0.541216	-1.131553	1.375807	0.000000	0.000000
793.420000	0.541213	-1.131555	1.375806	0.000000	0.000000
793.430000	0.541211	-1.131558	1.375805	0.000000	0.000000
793.440000	0.541209	-1.131563	1.375804	0.000000	0.000000
793.450000	0.541208	-1.131568	1.375803	0.000000	0.000000
793.460000	0.541206	-1.131574	1.375802	0.000000	0.000000
793.470000	0.541206	-1.131581	1.375801	0.000000	0.000000
793.480000	0.541205	-1.131588	1.375800	0.000000	0.000000
793.490000	0.541204	-1.131594	1.375798	0.000000	0.000000
793.500000	0.541202	-1.131600	1.375797	0.000000	0.000000
793.510000	0.541201	-1.131604	1.375796	0.000000	0.000000
793.520000	0.541199	-1.131607	1.375795	0.000000	0.000000
793.530000	0.541197	-1.131610	1.375794	0.000000	0.000000
793.540000	0.541195	-1.131614	1.375793	0.000000	0.000000
793.550000	0.541194	-1.131619	1.375791	0.000000	0.000000
793.560000	0.541193	-1.131623	1.375790	0.000000	0.000000
793.570000	0.541192	-1.131628	1.375789	0.000000	0.000000
793.580000	0.541191	-1.131633	1.375787	0.000000	0.000000
793.590000	0.541191	-1.131638	1.375786	0.000000	0.000000
793.600000	0.541190	-1.131643	1.375785	0.000000	0.000000
793.610000	0.541190	-1.131648	1.375783	0.000000	0.000000
793.620000	0.541188	-1.131651	1.375782	0.000000	0.000000
793.630000	0.541186	-1.131652	1.375781	0.000000	0.000000
793.640000	0.541184	-1.131653	1.375779	0.000000	0.000000
793.650000	0.541181	-1.131654	1.375778	0.000000	0.000000
793.660000	0.541179	-1.131656	1.375776	0.000000	0.000000
793.670000	0.541178	-1.131659	1.375775	0.000000	0.000000
793.680000	0.541177	-1.131664	1.375773	0.000000	0.000000
793.690000	0.541177	-1.131670	1.375772	0.000000	0.000000
793.700000	0.541177	-1.131677	1.375770	0.000000	0.000000
793.710000	0.541177	-1.131685	1.375769	0.000000	0.000000
793.720000	0.541176	-1.131692	1.375767	0.000000	0.000000
793.730000	0.541176	-1.131699	1.375765	0.000000	0.000000
793.740000	0.541175	-1.131704	1.375764	0.000000	0.000000
793.750000	0.541174	-1.131709	1.375762	0.000000	0.000000
793.760000	0.541173	-1.131713	1.375761	0.000000	0.000000
793.770000	0.541172	-1.131718	1.375759	0.000000	0.000000
793.780000	0.541172	-1.131723	1.375757	0.000000	0.000000
793.790000	0.541171	-1.131728	1.375756	0.000000	0.000000
793.800000	0.541171	-1.131734	1.375754	0.000000	0.000000
793.810000	0.541170	-1.131738	1.375752	0.000000	0.000000
793.820000	0.541168	-1.131741	1.375750	0.000000	0.000000
793.830000	0.541167	-1.131742	1.375749	0.000000	0.000000
793.840000	0.541165	-1.131743	1.375747	0.000000	0.000000
793.850000	0.541164	-1.131746	1.375745	0.000000	0.000000
793.860000	0.541163	-1.131750	1.375744	0.000000	0.000000
793.870000	0.541163	-1.131757	1.375742	0.000000	0.000000
793.880000	0.541164	-1.131765	1.375740	0.000000	0.000000
793.890000	0.541164	-1.131774	1.375739	0.000000	0.000000
793.900000	0.541164	-1.131783	1.375737	0.000000	0.000000
793.910000	0.541165	-1.131792	1.375735	0.000000	0.000000
793.920000	0.541165	-1.131801	1.375734	0.000000	0.000000
793.930000	0.541165	-1.131809	1.375732	0.000000	0.000000
793.940000	0.541164	-1.131816	1.375731	0.000000	0.000000
793.950000	0.541163	-1.131821	1.375729	0.000000	0.000000
793.960000	0.541163	-1.131826	1.375728	0.000000	0.000000
793.970000	0.541162	-1.131832	1.375727	0.000000	0.000000
793.980000	0.541162	-1.131838	1.375725	0.000000	0.000000
793.990000	0.541161	-1.131845	1.375724	0.000000	0.000000
794.000000	0.541161	-1.131853	1.375723	0.000000	0.000000
794.010000	0.541161	-1.131861	1.375721	0.000000	0.000000
794.020000	0.541160	-1.131868	1.375720	0.000000	0.000000
794.030000	0.541159	-1.131875	1.375719	0.000000	0.000000
794.040000	0.541159	-1.131882	1.375718	0.000000	0.000000
794.050000	0.541158	-1.131891	1.375717	0.000000	0.000000
794.060000	0.541158	-1.131899	1.375716	0.000000	0.000000
794.070000	0.541157	-1.131906	1.375715	0.000000	0.000000
794.080000	0.541156	-1.131913	1.375714	0.000000	0.000000
794.090000	0.541155	-1.131919	1.375713	0.000000	0.000000
794.100000	0.541153	-1.131925	1.375712	0.000000	0.000000
794.110000	0.541152	-1.131931	1.375711	0.000000	0.000000
794.120000	0.541150	-1.131937	1.375710	0.000000	0.000000
794.130000	0.541148	-1.131943	1.375709	0.000000	0.000000
794.140000	0.541146	-1.131947	1.375709	0.000000	0.000000
794.150000	0.541144	-1.131950	1.375708	0.000000	0.000000
794.160000	0.541140	-1.131951	1.375707	0.000000	0.000000
794.170000	0.541136	-1.131951	1.375706	0.000000	0.000000
794.180000	0.541133	-1.131954	1.375705	0.000000	0.000000
794.190000	0.541130	-1.131959	1.375704	0.000000	0.000000
794.200000	0.541128	-1.131965	1.375703	0.000000	0.000000
794.210000	0.541126	-1.131973	1.375703	0.000000	0.000000
794.220000	0.541124	-1.131982	1.375702	0.000000	0.000000
794.230000	0.541123	-1.131992	1.375701	0.000000	0.000000
794.240000	0.541122	-1.132002	1.375700	0.000000	0.000000
794.250000	0.541121	-1.132011	1.375699	0.000000	0.000000
794.260000	0.541120	-1.132021	1.375699	0.000000	0.000000
794.270000	0.541119	-1.132029	1.375698	0.000000	0.000000
794.280000	0.541117	-1.132036	1.375697	0.000000	0.000000
794.290000	0.541115	-1.132043	1.375697	0.000000	0.000000
794.300000	0.541113	-1.132049	1.375696	0.000000	0.000000
794.310000	0.541111	-1.132054	1.375695	0.000000	0.000000
794.320000	0.541108	-1.132060	1.375695	0.000000	0.000000
794.330000	0.541105	-1.132066	1.375694	0.000000	0.000000
794.340000	0.541102	-1.132072	1.375694	0.000000	0.000000
794.350000	0.541100	-1.132079	1.375693	0.000000	0.000000
794.360000	0.541097	-1.132087	1.375692	0.000000	0.000000
794.370000	0.541095	-1.132095	1.375692	0.000000	0.000000
794.380000	0.541092	-1.132102	1.375691	0.000000	0.000000
794.390000	0.541089	-1.132108	1.375691	0.000000	0.000000
794.400000	0.541086	-1.132114	1.375691	0.000000	0.000000
794.410000	0.541083	-1.132121	1.375690	0.000000	0.000000
794.420000	0.541080	-1.132127	1.375690	0.000000	0.000000
794.430000	0.541078	-1.132134	1.375689	0.000000	0.000000
794.440000	0.541076	-1.132141	1.375689	0.000000	0.000000
794.450000	0.541073	-1.132148	1.375689	0.000000	0.000000
794.460000	0.541070	-1.132154	1.375689	0.000000	0.000000
794.470000	0.541068	-1.132160	1.375688	0.000000	0.000000
794.480000	0.541065	-1.132166	1.375688	0.000000	0.000000
794.490000	0.541062	-1.132172	1.375688	0.000000	0.000000
794.500000	0.541059	-1.132178	1.375688	0.000000	0.000000
794.510000	0.541056	-1.132183	1.375688	0.000000	0.000000
794.520000	0.541053	-1.132188	1.375688	0.000000	0.000000
794.530000	0.541050	-1.132194	1.375687	0.000000	0.000000
794.540000	0.541047	-1.132200	1.375687	0.000000	0.000000
794.550000	0.541045	-1.132206	1.375687	0.000000	0.000000
794.560000	0.541043	-1.132213	1.375687	0.000000	0.000000
794.570000	0.541042	-1.132220	1.375687	0.000000	0.000000
794.580000	0.541040	-1.132227	1.375687	0.000000	0.000000
794.590000	0.541038	-1.132233	1.375687	0.000000	0.000000
794.600000	0.541035	-1.132238	1.375687	0.000000	0.000000
794.610000	0.541032	-1.132242	1.375687	0.000000	0.000000
794.620000	0.541030	-1.132246	1.375686	0.000000	0.000000
794.630000	0.541027	-1.132250	1.375686	0.000000	0.000000
794.640000	0.541025	-1.132253	1.375686	0.000000	0.000000
794.650000	0.541023	-1.132257	1.375686	0.000000	0.000000
794.660000	0.541021	-1.132261	1.375686	0.000000	0.000000
794.670000	0.541019	-1.132265	1.375686	0.000000	0.000000
794.680000	0.541018	-1.132269	1.375685	0.000000	0.000000
794.690000	0.541017	-1.132272	1.375685	0.000000	0.000000
794.700000	0.541015	-1.132276	1.375685	0.000000	0.000000
794.710000	0.541014	-1.132280	1.375685	0.000000	0.000000
794.720000	0.541014	-1.132284	1.375684	0.000000	0.000000
794.730000	0.541013	-1.132288	1.375684	0.000000	0.000000
794.740000	0.541011	-1.132291	1.375684	0.000000	0.000000
794.750000	0.541009	-1.132294	1.375683	0.000000	0.000000
794.760000	0.541007	-1.132297	1.375683	0.000000	0.000000
794.770000	0.541006	-1.132301	1.375682	0.000000	0.000000
794.780000	0.541004	-1.132306	1.375682	0.000000	0.000000
794.790000	0.541002	-1.132311	1.375682	0.000000	0.000000
794.800000	0.541001	-1.132317	1.375681	0.000000	0.000000
794.810000	0.540999	-1.132322	1.375681	0.000000	0.000000
794.820000	0.540997	-1.132328	1.375680	0.000000	0.000000
794.830000	0.540995	-1.132333	1.375680	0.000000	0.000000
794.840000	0.540993	-1.132339	1.375679	0.000000	0.000000
794.850000	0.540991	-1.132343	1.375679	0.000000	0.000000
794.860000	0.540989	-1.132345	1.375678	0.000000	0.000000
794.870000	0.540987	-1.132348	1.375678	0.000000	0.000000
794.880000	0.540985	-1.132349	1.375678	0.000000	0.000000
794.890000	0.540984	-1.132351	1.375677	0.000000	0.000000
794.900000	0.540982	-1.132353	1.375677	0.000000	0.000000
794.910000	0.540981	-1.132355	1.375676	0.000000	0.000000
794.920000	0.540980	-1.132358	1.375676	0.000000	0.000000
794.930000	0.540980	-1.132361	1.375675	0.000000	0.000000
794.940000	0.540979	-1.132365	1.375675	0.000000	0.000000
794.950000	0.540979	-1.132369	1.375674	0.000000	0.000000
794.960000	0.540979	-1.132373	1.375674	0.000000	0.000000
794.970000	0.540979	-1.132378	1.375674	0.000000	0.000000
794.980000	0.540979	-1.132383	1.375673	0.000000	0.000000
794.990000	0.540979	-1.132388	1.375672	0.000000	0.000000
795.000000	0.540979	-1.132392	1.375672	0.000000	0.000000
795.010000	0.540979	-1.132396	1.375671	0.000000	0.000000
795.020000	0.540978	-1.132398	1.375671	0.000000	0.000000
795.030000	0.540978	-1.132398	1.375670	0.000000	0.000000
795.040000	0.540977	-1.132397	1.375669	0.000000	0.000000
795.050000	0.540976	-1.132397	1.375669	0.000000	0.000000
795.060000	0.540976	-1.132398	1.375668	0.000000	0.000000
795.070000	0.540976	-1.132401	1.375668	0.000000	0.000000
795.080000	0.540976	-1.132405	1.375667	0.000000	0.000000
795.090000	0.540976	-1.132409	1.375667	0.000000	0.000000
795.100000	0.540976	-1.132416	1.375666	0.000000	0.000000
795.110000	0.540977	-1.132423	1.375666	0.000000	0.000000
795.120000	0.540976	-1.132431	1.375666	0.000000	0.000000
795.130000	0.540977	-1.132438	1.375665	0.000000	0.000000
795.140000	0.540977	-1.132444	1.375665	0.000000	0.000000
795.150000	0.540977	-1.132449	1.375665	0.000000	0.000000
795.160000	0.540977	-1.132453	1.375665	0.000000	0.000000
795.170000	0.540976	-1.132456	1.375665	0.000000	0.000000
795.180000	0.540975	-1.132458	1.375665	0.000000	0.000000
795.190000	0.540974	-1.132461	1.375665	0.000000	0.000000
795.200000	0.540974	-1.132463	1.375665	0.000000	0.000000
795.210000	0.540973	-1.132464	1.375665	0.000000	0.000000
795.220000	0.540972	-1.132466	1.375665	0.000000	0.000000
795.230000	0.540972	-1.132467	1.375665	0.000000	0.000000
795.240000	0.540972	-1.132468	1.375666	0.000000	0.000000
795.250000	0.540972	-1.132470	1.375666	0.000000	0.000000
795.260000	0.540971	-1.132470	1.375666	0.000000	0.000000
795.270000	0.540970	-1.132471	1.375666	0.000000	0.000000
795.280000	0.540970	-1.132472	1.375666	0.000000	0.000000
795.290000	0.540970	-1.132472	1.375667	0.000000	0.000000
795.300000	0.540969	-1.132473	1.375667	0.000000	0.000000
795.310000	0.540969	-1.132473	1.375667	0.000000	0.000000
795.320000	0.540968	-1.132473	1.375667	0.000000	0.000000
795.330000	0.540968	-1.132473	1.375667	0.000000	0.000000
795.340000	0.540968	-1.132473	1.375668	0.000000	0.000000
795.350000	0.540968	-1.132474	1.375668	0.000000	0.000000
795.360000	0.540968	-1.132476	1.375668	0.000000	0.000000
795.370000	0.540969	-1.132480	1.375668	0.000000	0.000000
795.380000	0.540969	-1.132484	1.375668	0.000000	0.000000
795.390000	0.540970	-1.132488	1.375669	0.000000	0.000000
795.400000	0.540970	-1.132491	1.375669	0.000000	0.000000
795.410000	0.540970	-1.132493	1.375669	0.000000	0.000000
795.420000	0.540969	-1.132493	1.375670	0.000000	0.000000
795.430000	0.540968	-1.132493	1.375670	0.000000	0.000000
795.440000	0.540968	-1.132494	1.375671	0.000000	0.000000
795.450000	0.540967	-1.132495	1.375671	0.000000	0.000000
795.460000	0.540967	-1.132497	1.375671	0.000000	0.000000
795.470000	0.540966	-1.132498	1.375672	0.000000	0.000000
795.480000	0.540965	-1.132499	1.375672	0.000000	0.000000
795.490000	0.540964	-1.132500	1.375673	0.000000	0.000000
795.500000	0.540964	-1.132500	1.375673	0.000000	0.000000
795.510000	0.540962	-1.132499	1.375674	0.000000	0.000000
795.520000	0.540961	-1.132498	1.375674	0.000000	0.000000
795.530000	0.540960	-1.132497	1.375675	0.000000	0.000000
795.540000	0.540959	-1.132495	1.375675	0.000000	0.000000
795.550000	0.540957	-1.132493	1.375676	0.000000	0.000000
795.560000	0.540956	-1.132491	1.375676	0.000000	0.000000
795.570000	0.540954	-1.132489	1.375676	0.000000	0.000000
795.580000	0.540953	-1.132487	1.375677	0.000000	0.000000
795.590000	0.540953	-1.132486	1.375677	0.000000	0.000000
795.600000	0.540953	-1.132485	1.375677	0.000000	0.000000
795.610000	0.540954	-1.132486	1.375677	0.000000	0.000000
795.620000	0.540954	-1.132487	1.375678	0.000000	0.000000
795.630000	0.540956	-1.132490	1.375678	0.000000	0.000000
795.640000	0.540957	-1.132493	1.375678	0.000000	0.000000
795.650000	0.540958	-1.132497	1.375678	0.000000	0.000000
795.660000	0.540959	-1.132500	1.375678	0.000000	0.000000
795.670000	0.540961	-1.132503	1.375678	0.000000	0.000000
795.680000	0.540962	-1.132506	1.375677	0.000000	0.000000
795.690000	0.540963	-1.132508	1.375677	0.000000	0.000000
795.700000	0.540965	-1.132509	1.375677	0.000000	0.000000
795.710000	0.540965	-1.132509	1.375677	0.000000	0.000000
795.720000	0.540966	-1.132508	1.375676	0.000000	0.000000
795.730000	0.540966	-1.132506	1.375676	0.000000	0.000000
795.740000	0.540966	-1.132505	1.375675	0.000000	0.000000
795.750000	0.540967	-1.132506	1.375675	0.000000	0.000000
795.760000	0.540968	-1.132507	1.375675	0.000000	0.000000
795.770000	0.540969	-1.132509	1.375674	0.000000	0.000000
795.780000	0.540970	-1.132511	1.375674	0.000000	0.000000
795.790000	0.540971	-1.132512	1.375673	0.000000	0.000000
795.800000	0.540971	-1.132512	1.375673	0.000000	0.000000
795.810000	0.540972	-1.132512	1.375672	0.000000	0.000000
795.820000	0.540972	-1.132511	1.375672	0.000000	0.000000
795.830000	0.540973	-1.132510	1.375671	0.000000	0.000000
795.840000	0.540973	-1.132510	1.375671	0.000000	0.000000
795.850000	0.540974	-1.132510	1.375671	0.000000	0.000000
795.860000	0.540974	-1.132511	1.375670	0.000000	0.000000
795.870000	0.540975	-1.132514	1.375670	0.000000	0.000000
795.880000	0.540976	-1.132516	1.375670	0.000000	0.000000
795.890000	0.540978	-1.132518	1.375669	0.000000	0.000000
795.900000	0.540979	-1.132519	1.375669	0.000000	0.000000
795.910000	0.540980	-1.132519	1.375669	0.000000	0.000000
795.920000	0.540980	-1.132518	1.375669	0.000000	0.000000
795.930000	0.540980	-1.132516	1.375668	0.000000	0.000000
795.940000	0.540980	-1.132515	1.375668	0.000000	0.000000
795.950000	0.540980	-1.132514	1.375668	0.000000	0.000000
795.960000	0.540980	-1.132514	1.375668	0.000000	0.000000
795.970000	0.540980	-1.132515	1.375668	0.000000	0.000000
795.980000	0.540981	-1.132517	1.375667	0.000000	0.000000
795.990000	0.540983	-1.132519	1.375667	0.000000	0.000000
796.000000	0.540985	-1.132521	1.375667	0.000000	0.000000
796.010000	0.540987	-1.132523	1.375667	0.000000	0.000000
796.020000	0.540990	-1.132523	1.375667	0.000000	0.000000
796.030000	0.540991	-1.132522	1.375667	0.000000	0.000000
796.040000	0.540992	-1.132518	1.375667	0.000000	0.000000
796.050000	0.540993	-1.132513	1.375666	0.000000	0.000000
796.060000	0.540992	-1.132507	1.375666	0.000000	0.000000
796.070000	0.540992	-1.132502	1.375666	0.000000	0.000000
796.080000	0.540992	-1.132497	1.375666	0.000000	0.000000
796.090000	0.540992	-1.132491	1.375666	0.000000	0.000000
796.100000	0.540992	-1.132485	1.375666	0.000000	0.000000
796.110000	0.540992	-1.132478	1.375666	0.000000	0.000000
796.120000	0.540992	-1.132472	1.375666	0.000000	0.000000
796.130000	0.540993	-1.132467	1.375666	0.000000	0.000000
796.140000	0.540993	-1.132463	1.375666	0.000000	0.000000
796.150000	0.540995	-1.132460	1.375666	0.000000	0.000000
796.160000	0.540997	-1.132458	1.375666	0.000000	0.000000
796.170000	0.540999	-1.132457	1.375666	0.000000	0.000000
796.180000	0.541001	-1.132455	1.375665	0.000000	0.000000
796.190000	0.541002	-1.132450	1.375665	0.000000	0.000000
796.200000	0.541002	-1.132442	1.375665	0.000000	0.000000
796.210000	0.541002	-1.132433	1.375664	0.000000	0.000000
796.220000	0.541003	-1.132428	1.375664	0.000000	0.000000
796.230000	0.541005	-1.132428	1.375664	0.000000	0.000000
796.240000	0.541009	-1.132431	1.375663	0.000000	0.000000
796.250000	0.541012	-1.132435	1.375663	0.000000	0.000000
796.260000	0.541016	-1.132439	1.375663	0.000000	0.000000
796.270000	0.541020	-1.132444	1.375662	0.000000	0.000000
796.280000	0.541024	-1.132447	1.375662	0.000000	0.000000
796.290000	0.541027	-1.132449	1.375661	0.000000	0.000000
796.300000	0.541029	-1.132447	1.375661	0.000000	0.000000
796.310000	0.541030	-1.132443	1.375661	0.000000	0.000000
796.320000	0.541031	-1.132436	1.375660	0.000000	0.000000
796.330000	0.541032	-1.132431	1.375660	0.000000	0.000000
796.340000	0.541034	-1.132428	1.375659	0.000000	0.000000
796.350000	0.541036	-1.132425	1.375658	0.000000	0.000000
796.360000	0.541037	-1.132422	1.375658	0.000000	0.000000
796.370000	0.541039	-1.132419	1.375657	0.000000	0.000000
796.380000	0.541041	-1.132418	1.375657	0.000000	0.000000
796.390000	0.541044	-1.132418	1.375656	0.000000	0.000000
796.400000	0.541046	-1.132418	1.375655	0.000000	0.000000
796.410000	0.541049	-1.132419	1.375655	0.000000	0.000000
796.420000	0.541051	-1.132419	1.375654	0.000000	0.000000
796.430000	0.541053	-1.132420	1.375653	0.000000	0.000000
796.440000	0.541055	-1.132420	1.375652	0.000000	0.000000
796.450000	0.541057	-1.132421	1.375651	0.000000	0.000000
796.460000	0.541060	-1.132424	1.375651	0.000000	0.000000
796.470000	0.541062	-1.132427	1.375650	0.000000	0.000000
796.480000	0.541066	-1.132432	1.375649	0.000000	0.000000
796.490000	0.541070	-1.132438	1.375648	0.000000	0.000000
796.500000	0.541072	-1.132442	1.375647	0.000000	0.000000
796.510000	0.541074	-1.132446	1.375646	0.000000	0.000000
796.520000	0.541076	-1.132448	1.375646	0.000000	0.000000
796.530000	0.541077	-1.132449	1.375645	0.000000	0.000000
796.540000	0.541078	-1.132447	1.375644	0.000000	0.000000
796.550000	0.541079	-1.132445	1.375644	0.000000	0.000000
796.560000	0.541079	-1.132443	1.375643	0.000000	0.000000
796.570000	0.541080	-1.132442	1.375642	0.000000	0.000000
796.580000	0.541082	-1.132443	1.375642	0.000000	0.000000
796.590000	0.541084	-1.132445	1.375641	0.000000	0.000000
796.600000	0.541087	-1.132448	1.375641	0.000000	0.000000
796.610000	0.541089	-1.132450	1.375640	0.000000	0.000000
796.620000	0.541091	-1.132451	1.375640	0.000000	0.000000
796.630000	0.541092	-1.132452	1.375639	0.000000	0.000000
796.640000	0.541093	-1.132451	1.375639	0.000000	0.000000
796.650000	0.541094	-1.132449	1.375639	0.000000	0.000000
796.660000	0.541095	-1.132446	1.375638	0.000000	0.000000
796.670000	0.541095	-1.132443	1.375638	0.000000	0.000000
796.680000	0.541094	-1.132439	1.375638	0.000000	0.000000
796.690000	0.541094	-1.132435	1.375637	0.000000	0.000000
796.700000	0.541095	-1.132433	1.375637	0.000000	0.000000
796.710000	0.541095	-1.132431	1.375637	0.000000	0.000000
796.720000	0.541095	-1.132430	1.375636	0.000000	0.000000
796.730000	0.541096	-1.132429	1.375636	0.000000	0.000000
796.740000	0.541096	-1.132428	1.375636	0.000000	0.000000
796.750000	0.541097	-1.132426	1.375635	0.000000	0.000000
796.760000	0.541097	-1.132425	1.375635	0.000000	0.000000
796.770000	0.541098	-1.132424	1.375634	0.000000	0.000000
796.780000	0.541098	-1.132423	1.375634	0.000000	0.000000
796.790000	0.541098	-1.132422	1.375634	0.000000	0.000000
796.800000	0.541098	-1.132421	1.375633	0.000000	0.000000
796.810000	0.541098	-1.132419	1.375633	0.000000	0.000000
796.820000	0.541097	-1.132418	1.375632	0.000000	0.000000
796.830000	0.541097	-1.132416	1.375632	0.000000	0.000000
796.840000	0.541097	-1.132414	1.375631	0.000000	0.000000
796.850000	0.541097	-1.132413	1.375631	0.000000	0.000000
796.860000	0.541097	-1.132412	1.375630	0.000000	0.000000
796.870000	0.541097	-1.132411	1.375630	0.000000	0.000000
796.880000	0.541097	-1.132410	1.375629	0.000000	0.000000
796.890000	0.541097	-1.132408	1.375629	0.000000	0.000000
796.900000	0.541096	-1.132406	1.375629	0.000000	0.000000
796.910000	0.541096	-1.132406	1.375628	0.000000	0.000000
796.920000	0.541097	-1.132407	1.375628	0.000000	0.000000
796.930000	0.541098	-1.132411	1.375628	0.000000	0.000000
796.940000	0.541099	-1.132415	1.375628	0.000000	0.000000
796.950000	0.541099	-1.132418	1.375628	0.000000	0.000000
796.960000	0.541100	-1.132419	1.375628	0.000000	0.000000
796.970000	0.541100	-1.132419	1.375628	0.000000	0.000000
796.980000	0.541099	-1.132418	1.375628	0.000000	0.000000
796.990000	0.541097	-1.132415	1.375629	0.000000	0.000000
797.000000	0.541096	-1.132412	1.375629	0.000000	0.000000
797.010000	0.541094	-1.132408	1.375629	0.000000	0.000000
797.020000	0.541092	-1.132404	1.375630	0.000000	0.000000
797.030000	0.541090	-1.132401	1.375630	0.000000	0.000000
797.040000	0.541088	-1.132398	1.375631	0.000000	0.000000
797.050000	0.541086	-1.132395	1.375631	0.000000	0.000000
797.060000	0.541085	-1.132392	1.375632	0.000000	0.000000
797.070000	0.541083	-1.132390	1.375632	0.000000	0.000000
797.080000	0.541082	-1.132389	1.375633	0.000000	0.000000
797.090000	0.541080	-1.132388	1.375634	0.000000	0.000000
797.100000	0.541079	-1.132386	1.375634	0.000000	0.000000
797.110000	0.541077	-1.132385	1.375635	0.000000	0.000000
797.120000	0.541076	-1.132384	1.375636	0.000000	0.000000
797.130000	0.541074	-1.132383	1.375636	0.000000	0.000000
797.140000	0.541072	-1.132381	1.375637	0.000000	0.000000
797.150000	0.541070	-1.132378	1.375638	0.000000	0.000000
797.160000	0.541067	-1.132374	1.375638	0.000000	0.000000
797.170000	0.541064	-1.132369	1.375639	0.000000	0.000000
797.180000	0.541062	-1.132364	1.375640	0.000000	0.000000
797.190000	0.541059	-1.132359	1.375641	0.000000	0.000000
797.200000	0.541056	-1.132354	1.375641	0.000000	0.000000
797.210000	0.541053	-1.132349	1.375642	0.000000	0.000000
797.220000	0.541050	-1.132345	1.375643	0.000000	0.000000
797.230000	0.541048	-1.132341	1.375643	0.000000	0.000000
797.240000	0.541045	-1.132338	1.375644	0.000000	0.000000
797.250000	0.541044	-1.132336	1.375645	0.000000	0.000000
797.260000	0.541042	-1.132334	1.375646	0.000000	0.000000
797.270000	0.541041	-1.132333	1.375646	0.000000	0.000000
797.280000	0.541040	-1.132332	1.375647	0.000000	0.000000
797.290000	0.541039	-1.132332	1.375648	0.000000	0.000000
797.300000	0.541038	-1.132331	1.375649	0.000000	0.000000
797.310000	0.541038	-1.132330	1.375650	0.000000	0.000000
797.320000	0.541036	-1.132328	1.375650	0.000000	0.000000
797.330000	0.541035	-1.132326	1.375651	0.000000	0.000000
797.340000	0.541033	-1.132322	1.375652	0.000000	0.000000
797.350000	0.541031	-1.132318	1.375652	0.000000	0.000000
797.360000	0.541029	-1.132314	1.375653	0.000000	0.000000
797.370000	0.541027	-1.132311	1.375654	0.000000	0.000000
797.380000	0.541026	-1.132310	1.375654	0.000000	0.000000
797.390000	0.541025	-1.132312	1.375655	0.000000	0.000000
797.400000	0.541025	-1.132315	1.375655	0.000000	0.000000
797.410000	0.541025	-1.132320	1.375655	0.000000	0.000000
797.420000	0.541025	-1.132326	1.375656	0.000000	0.000000
797.430000	0.541026	-1.132332	1.375656	0.000000	0.000000
797.440000	0.541026	-1.132337	1.375656	0.000000	0.000000
797.450000	0.541026	-1.132341	1.375656	0.000000	0.000000
797.460000	0.541025	-1.132341	1.375656	0.000000	0.000000
797.470000	0.541024	-1.132338	1.375656	0.000000	0.000000
797.480000	0.541022	-1.132334	1.375656	0.000000	0.000000
797.490000	0.541020	-1.132331	1.375656	0.000000	0.000000
797.500000	0.541019	-1.132331	1.375656	0.000000	0.000000
797.510000	0.541019	-1.132332	1.375656	0.000000	0.000000
797.520000	0.541020	-1.132334	1.375656	0.000000	0.000000
797.530000	0.541020	-1.132337	1.375656	0.000000	0.000000
797.540000	0.541020	-1.132339	1.375656	0.000000	0.000000
797.550000	0.541020	-1.132342	1.375656	0.000000	0.000000
797.560000	0.541020	-1.132344	1.375656	0.000000	0.000000
797.570000	0.541020	-1.132347	1.375656	0.000000	0.000000
797.580000	0.541020	-1.132350	1.375656	0.000000	0.000000
797.590000	0.541019	-1.132352	1.375656	0.000000	0.000000
797.600000	0.541019	-1.132352	1.375656	0.000000	0.000000
797.610000	0.541017	-1.132352	1.375656	0.000000	0.000000
797.620000	0.541016	-1.132351	1.375656	0.000000	0.000000
797.630000	0.541015	-1.132350	1.375656	0.000000	0.000000
797.640000	0.541013	-1.132350	1.375656	0.000000	0.000000
797.650000	0.541012	-1.132350	1.375656	0.000000	0.000000
797.660000	0.541011	-1.132350	1.375657	0.000000	0.000000
797.670000	0.541009	-1.132350	1.375657	0.000000	0.000000
797.680000	0.541007	-1.132350	1.375657	0.000000	0.000000
797.690000	0.541005	-1.132349	1.375657	0.000000	0.000000
797.700000	0.541003	-1.132349	1.375658	0.000000	0.000000
797.710000	0.541001	-1.132350	1.375658	0.000000	0.000000
797.720000	0.541000	-1.132350	1.375658	0.000000	0.000000
797.730000	0.540999	-1.132352	1.375658	0.000000	0.000000
797.740000	0.540997	-1.132353	1.375658	0.000000	0.000000
797.750000	0.540996	-1.132354	1.375659	0.000000	0.000000
797.760000	0.540994	-1.132355	1.375659	0.000000	0.000000
797.770000	0.540992	-1.132356	1.375659	0.000000	0.000000
797.780000	0.540991	-1.132357	1.375659	0.000000	0.000000
797.790000	0.540990	-1.132358	1.375659	0.000000	0.000000
797.800000	0.540990	-1.132360	1.375659	0.000000	0.000000
797.810000	0.540990	-1.132362	1.375659	0.000000	0.000000
797.820000	0.540990	-1.132364	1.375659	0.000000	0.000000
797.830000	0.540990	-1.132366	1.375659	0.000000	0.000000
797.840000	0.540989	-1.132368	1.375659	0.000000	0.000000
797.850000	0.540989	-1.132369	1.375659	0.000000	0.000000
797.860000	0.540989	-1.132370	1.375659	0.000000	0.000000
797.870000	0.540989	-1.132371	1.375659	0.000000	0.000000
797.880000	0.540989	-1.132372	1.375659	0.000000	0.000000
797.890000	0.540989	-1.132373	1.375659	0.000000	0.000000
797.900000	0.540989	-1.132374	1.375659	0.000000	0.000000
797.910000	0.540990	-1.132374	1.375658	0.000000	0.000000
797.920000	0.540990	-1.132374	1.375658	0.000000	0.000000
797.930000	0.540990	-1.132373	1.375657	0.000000	0.000000
797.940000	0.540991	-1.132373	1.375657	0.000000	0.000000
797.950000	0.540992	-1.132375	1.375656	0.000000	0.000000
797.960000	0.540994	-1.132376	1.375656	0.000000	0.000000
797.970000	0.540995	-1.132378	1.375655	0.000000	0.000000
797.980000	0.540996	-1.132379	1.375654	0.000000	0.000000
797.990000	0.540996	-1.132379	1.375653	0.000000	0.000000
798.000000	0.540997	-1.132377	1.375653	0.000000	0.000000
798.010000	0.540998	-1.132376	1.375652	0.000000	0.000000
798.020000	0.540999	-1.132377	1.375651	0.000000	0.000000
798.030000	0.541001	-1.132379	1.375651	0.000000	0.000000
798.040000	0.541003	-1.132383	1.375650	0.000000	0.000000
798.050000	0.541006	-1.132387	1.375650	0.000000	0.000000
798.060000	0.541009	-1.132390	1.375649	0.000000	0.000000
798.070000	0.541011	-1.132392	1.375649	0.000000	0.000000
798.080000	0.541013	-1.132392	1.375648	0.000000	0.000000
798.090000	0.541015	-1.132392	1.375648	0.000000	0.000000
798.100000	0.541017	-1.132393	1.375648	0.000000	0.000000
798.110000	0.541018	-1.132392	1.375648	0.000000	0.000000
798.120000	0.541019	-1.132387	1.375647	0.000000	0.000000
798.130000	0.541018	-1.132379	1.375647	0.000000	0.000000
798.140000	0.541019	-1.132371	1.375647	0.000000	0.000000
798.150000	0.541019	-1.132364	1.375647	0.000000	0.000000
798.160000	0.541019	-1.132356	1.375647	0.000000	0.000000
798.170000	0.541021	-1.132350	1.375647	0.000000	0.000000
798.180000	0.541022	-1.132345	1.375646	0.000000	0.000000
798.190000	0.541024	-1.132341	1.375646	0.000000	0.000000
798.200000	0.541026	-1.132337	1.375646	0.000000	0.000000
798.210000	0.541028	-1.132334	1.375646	0.000000	0.000000
798.220000	0.541030	-1.132330	1.375646	0.000000	0.000000
798.230000	0.541031	-1.132327	1.375647	0.000000	0.000000
798.240000	0.541033	-1.132325	1.375647	0.000000	0.000000
798.250000	0.541035	-1.132324	1.375647	0.000000	0.000000
798.260000	0.541036	-1.132325	1.375647	0.000000	0.000000
798.270000	0.541038	-1.132326	1.375647	0.000000	0.000000
798.280000	0.541040	-1.132327	1.375647	0.000000	0.000000
798.290000	0.541042	-1.132327	1.375648	0.000000	0.000000
798.300000	0.541043	-1.132326	1.375648	0.000000	0.000000
798.310000	0.541043	-1.132324	1.375648	0.000000	0.000000
798.320000	0.541043	-1.132320	1.375649	0.000000	0.000000
798.330000	0.541042	-1.132315	1.375649	0.000000	0.000000
798.340000	0.541040	-1.132309	1.375649	0.000000	0.000000
798.350000	0.541038	-1.132303	1.375650	0.000000	0.000000
798.360000	0.541036	-1.132299	1.375650	0.000000	0.000000
798.370000	0.541035	-1.132294	1.375650	0.000000	0.000000
798.380000	0.541033	-1.132291	1.375651	0.000000	0.000000
798.390000	0.541032	-1.132288	1.375651	0.000000	0.000000
798.400000	0.541031	-1.132286	1.375651	0.000000	0.000000
798.410000	0.541031	-1.132284	1.375652	0.000000	0.000000
798.420000	0.541031	-1.132282	1.375652	0.000000	0.000000
798.430000	0.541030	-1.132280	1.375652	0.000000	0.000000
798.440000	0.541029	-1.132277	1.375653	0.000000	0.000000
798.450000	0.541029	-1.132274	1.375653	0.000000	0.000000
798.460000	0.541028	-1.132271	1.375653	0.000000	0.000000
798.470000	0.541028	-1.132269	1.375654	0.000000	0.000000
798.480000	0.541028	-1.132268	1.375654	0.000000	0.000000
798.490000	0.541028	-1.132267	1.375654	0.000000	0.000000
798.500000	0.541027	-1.132266	1.375655	0.000000	0.000000
798.510000	0.541027	-1.132265	1.375655	0.000000	0.000000
798.520000	0.541028	-1.132264	1.375655	0.000000	0.000000
798.530000	0.541028	-1.132263	1.375656	0.000000	0.000000
798.540000	0.541028	-1.132263	1.375656	0.000000	0.000000
798.550000	0.541029	-1.132263	1.375656	0.000000	0.000000
798.560000	0.541030	-1.132264	1.375657	0.000000	0.000000
798.570000	0.541031	-1.132266	1.375657	0.000000	0.000000
798.580000	0.541031	-1.132268	1.375657	0.000000	0.000000
798.590000	0.541032	-1.132270	1.375658	0.000000	0.000000
798.600000	0.541032	-1.132271	1.375658	0.000000	0.000000
798.610000	0.541032	-1.132272	1.375658	0.000000	0.000000
798.620000	0.541032	-1.132271	1.375658	0.000000	0.000000
798.630000	0.541031	-1.132270	1.375658	0.000000	0.000000
798.640000	0.541030	-1.132269	1.375658	0.000000	0.000000
798.650000	0.541029	-1.132268	1.375659	0.000000	0.000000
798.660000	0.541028	-1.132267	1.375659	0.000000	0.000000
798.670000	0.541027	-1.132269	1.375659	0.000000	0.000000
798.680000	0.541027	-1.132271	1.375659	0.000000	0.000000
798.690000	0.541027	-1.132275	1.375659	0.000000	0.000000
798.700000	0.541028	-1.132280	1.375659	0.000000	0.000000
798.710000	0.541028	-1.132285	1.375659	0.000000	0.000000
798.720000	0.541028	-1.132289	1.375659	0.000000	0.000000
798.730000	0.541028	-1.132291	1.375659	0.000000	0.000000
798.740000	0.541028	-1.132292	1.375658	0.000000	0.000000
798.750000	0.541028	-1.132294	1.375658	0.000000	0.000000
798.760000	0.541027	-1.132295	1.375658	0.000000	0.000000
798.770000	0.541027	-1.132295	1.375658	0.000000	0.000000
798.780000	0.541026	-1.132295	1.375658	0.000000	0.000000
798.790000	0.541025	-1.132295	1.375658	0.000000	0.000000
798.800000	0.541024	-1.132294	1.375657	0.000000	0.000000
798.810000	0.541024	-1.132295	1.375657	0.000000	0.000000
798.820000	0.541023	-1.132296	1.375657	0.000000	0.000000
798.830000	0.541023	-1.132297	1.375657	0.000000	0.000000
798.840000	0.541023	-1.132299	1.375657	0.000000	0.000000
798.850000	0.541023	-1.132301	1.375657	0.000000	0.000000
798.860000	0.541023	-1.132303	1.375657	0.000000	0.000000
798.870000	0.541023	-1.132305	1.375657	0.000000	0.000000
798.880000	0.541024	-1.132308	1.375657	0.000000	0.000000
798.890000	0.541024	-1.132309	1.375657	0.000000	0.000000
798.900000	0.541024	-1.132311	1.375656	0.000000	0.000000
798.910000	0.541024	-1.132311	1.375656	0.000000	0.000000
798.920000	0.541024	-1.132311	1.375656	0.000000	0.000000
798.930000	0.541023	-1.132308	1.375656	0.000000	0.000000
798.940000	0.541022	-1.132305	1.375656	0.000000	0.000000
798.950000	0.541021	-1.132302	1.375656	0.000000	0.000000
798.960000	0.541021	-1.132302	1.375655	0.000000	0.000000
798.970000	0.541022	-1.132303	1.375655	0.000000	0.000000
798.980000	0.541023	-1.132305	1.375655	0.000000	0.000000
798.990000	0.541024	-1.132309	1.375655	0.000000	0.000000
799.000000	0.541025	-1.132313	1.375655	0.000000	0.000000
799.010000	0.541026	-1.132317	1.375654	0.000000	0.000000
799.020000	0.541026	-1.132321	1.375654	0.000000	0.000000
799.030000	0.541027	-1.132324	1.375654	0.000000	0.000000
799.040000	0.541027	-1.132326	1.375654	0.000000	0.000000
799.050000	0.541027	-1.132328	1.375654	0.000000	0.000000
799.060000	0.541026	-1.132328	1.375654	0.000000	0.000000
799.070000	0.541025	-1.132327	1.375654	0.000000	0.000000
799.080000	0.541024	-1.132325	1.375654	0.000000	0.000000
799.090000	0.541023	-1.132323	1.375654	0.000000	0.000000
799.100000	0.541022	-1.132322	1.375654	0.000000	0.000000
799.110000	0.541021	-1.132322	1.375654	0.000000	0.000000
799.120000	0.541021	-1.132322	1.375655	0.000000	0.000000
799.130000	0.541021	-1.132322	1.375655	0.000000	0.000000
799.140000	0.541021	-1.132323	1.375655	0.000000	0.000000
799.150000	0.541021	-1.132323	1.375655	0.000000	0.000000
799.160000	0.541021	-1.132324	1.375656	0.000000	0.000000
799.170000	0.541020	-1.132323	1.375656	0.000000	0.000000
799.180000	0.541020	-1.132321	1.375657	0.000000	0.000000
799.190000	0.541019	-1.132319	1.375657	0.000000	0.000000
799.200000	0.541017	-1.132316	1.375658	0.000000	0.000000
799.210000	0.541016	-1.132313	1.375658	0.000000	0.000000
799.220000	0.541016	-1.132311	1.375658	0.000000	0.000000
799.230000	0.541016	-1.132310	1.375659	0.000000	0.000000
799.240000	0.541015	-1.132309	1.375659	0.000000	0.000000
799.250000	0.541015	-1.132310	1.375659	0.000000	0.000000
799.260000	0.541015	-1.132311	1.375660	0.000000	0.000000
799.270000	0.541016	-1.132315	1.375660	0.000000	0.000000
799.280000	0.541017	-1.132320	1.375660	0.000000	0.000000
799.290000	0.541018	-1.132325	1.375661	0.000000	0.000000
799.300000	0.541018	-1.132329	1.375661	0.000000	0.000000
799.310000	0.541018	-1.132332	1.375661	0.000000	0.000000
799.320000	0.541017	-1.132333	1.375661	0.000000	0.000000
799.330000	0.541016	-1.132333	1.375661	0.000000	0.000000
799.340000	0.541015	-1.132333	1.375662	0.000000	0.000000
799.350000	0.541015	-1.132336	1.375662	0.000000	0.000000
799.360000	0.541016	-1.132340	1.375662	0.000000	0.000000
799.370000	0.541017	-1.132346	1.375662	0.000000	0.000000
799.380000	0.541018	-1.132352	1.375663	0.000000	0.000000
799.390000	0.541020	-1.132357	1.375663	0.000000	0.000000
799.400000	0.541021	-1.132361	1.375663	0.000000	0.000000
799.410000	0.541021	-1.132363	1.375664	0.000000	0.000000
799.420000	0.541022	-1.132362	1.375664	0.000000	0.000000
799.430000	0.541021	-1.132360	1.375665	0.000000	0.000000
799.440000	0.541020	-1.132356	1.375665	0.000000	0.000000
799.450000	0.541019	-1.132351	1.375666	0.000000	0.000000
799.460000	0.541018	-1.132345	1.375666	0.000000	0.000000
799.470000	0.541017	-1.132339	1.375667	0.000000	0.000000
799.480000	0.541016	-1.132333	1.375667	0.000000	0.000000
799.490000	0.541015	-1.132327	1.375668	0.000000	0.000000
799.500000	0.541013	-1.132320	1.375668	0.000000	0.000000
799.510000	0.541012	-1.132315	1.375669	0.000000	0.000000
799.520000	0.541011	-1.132311	1.375669	0.000000	0.000000
799.530000	0.541011	-1.132309	1.375670	0.000000	0.000000
799.540000	0.541012	-1.132309	1.375670	0.000000	0.000000
799.550000	0.541013	-1.132311	1.375671	0.000000	0.000000
799.560000	0.541015	-1.132313	1.375671	0.000000	0.000000
799.570000	0.541016	-1.132312	1.375671	0.000000	0.000000
799.580000	0.541017	-1.132311	1.375671	0.000000	0.000000
799.590000	0.541019	-1.132313	1.375671	0.000000	0.000000
799.600000	0.541022	-1.132318	1.375672	0.000000	0.000000
799.610000	0.541026	-1.132324	1.375672	0.000000	0.000000
799.620000	0.541029	-1.132330	1.375672	0.000000	0.000000
799.630000	0.541033	-1.132335	1.375672	0.000000	0.000000
799.640000	0.541036	-1.132339	1.375672	0.000000	0.000000
799.650000	0.541038	-1.132341	1.375672	0.000000	0.000000
799.660000	0.541040	-1.132340	1.375672	0.000000	0.000000
799.670000	0.541042	-1.132338	1.375672	0.000000	0.000000
799.680000	0.541043	-1.132334	1.375672	0.000000	0.000000
799.690000	0.541043	-1.132328	1.375672	0.000000	0.000000
799.700000	0.541042	-1.132320	1.375672	0.000000	0.000000
799.710000	0.541041	-1.132309	1.375672	0.000000	0.000000
799.720000	0.541040	-1.132297	1.375672	0.000000	0.000000
799.730000	0.541038	-1.132283	1.375672	0.000000	0.000000
799.740000	0.541037	-1.132270	1.375672	0.000000	0.000000
799.750000	0.541036	-1.132259	1.375672	0.000000	0.000000
799.760000	0.541037	-1.132250	1.375672	0.000000	0.000000
799.770000	0.541038	-1.132242	1.375671	0.000000	0.000000
799.780000	0.541040	-1.132237	1.375671	0.000000	0.000000
799.790000	0.541043	-1.132234	1.375671	0.000000	0.000000
799.800000	0.541045	-1.132232	1.375671	0.000000	0.000000
799.810000	0.541048	-1.132232	1.375671	0.000000	0.000000
799.820000	0.541051	-1.132232	1.375671	0.000000	0.000000
799.830000	0.541053	-1.132232	1.375670	0.000000	0.000000
799.840000	0.541055	-1.132232	1.375670	0.000000	0.000000
799.850000	0.541057	-1.132232	1.375670	0.000000	0.000000
799.860000	0.541060	-1.132233	1.375670	0.000000	0.000000
799.870000	0.541062	-1.132235	1.375669	0.000000	0.000000
799.880000	0.541065	-1.132236	1.375669	0.000000	0.000000
799.890000	0.541066	-1.132236	1.375668	0.000000	0.000000
799.900000	0.541068	-1.132237	1.375668	0.000000	0.000000
799.910000	0.541071	-1.132238	1.375667	0.000000	0.000000
799.920000	0.541073	-1.132240	1.375667	0.000000	0.000000
799.930000	0.541075	-1.132243	1.375666	0.000000	0.000000
799.940000	0.541076	-1.132244	1.375666	0.000000	0.000000
799.950000	0.541078	-1.132245	1.375665	0.000000	0.000000
799.960000	0.541080	-1.132246	1.375665	0.000000	0.000000
799.970000	0.541082	-1.132247	1.375664	0.000000	0.000000
799.980000	0.541084	-1.132248	1.375664	0.000000	0.000000
799.990000	0.541087	-1.132251	1.375664	0.000000	0.000000
