t	Ecin	Epot	Rg	buf4	buf5
300.000000	0.542824	-1.120778	1.408833	0.000000	0.000000
300.010000	0.542820	-1.120799	1.408826	0.000000	0.000000
300.020000	0.542818	-1.120823	1.408820	0.000000	0.000000
300.030000	0.542817	-1.120851	1.408813	0.000000	0.000000
300.040000	0.542817	-1.120880	1.408807	0.000000	0.000000
300.050000	0.542817	-1.120909	1.408800	0.000000	0.000000
300.060000	0.542816	-1.120936	1.408794	0.000000	0.000000
300.070000	0.542815	-1.120959	1.408787	0.000000	0.000000
300.080000	0.542813	-1.120979	1.408781	0.000000	0.000000
300.090000	0.542809	-1.120997	1.408774	0.000000	0.000000
300.100000	0.542804	-1.121013	1.408768	0.000000	0.000000
300.110000	0.542800	-1.121030	1.408761	0.000000	0.000000
300.120000	0.542796	-1.121050	1.408754	0.000000	0.000000
300.130000	0.542795	-1.121073	1.408748	0.000000	0.000000
300.140000	0.542794	-1.121098	1.408741	0.000000	0.000000
300.150000	0.542793	-1.121122	1.408735	0.000000	0.000000
300.160000	0.542793	-1.121146	1.408729	0.000000	0.000000
300.170000	0.542791	-1.121167	1.408722	0.000000	0.000000
300.180000	0.542789	-1.121187	1.408716	0.000000	0.000000
300.190000	0.542786	-1.121205	1.408710	0.000000	0.000000
300.200000	0.542783	-1.121223	1.408704	0.000000	0.000000
300.210000	0.542781	-1.121240	1.408698	0.000000	0.000000
300.220000	0.542780	-1.121258	1.408692	0.000000	0.000000
300.230000	0.542779	-1.121277	1.408686	0.000000	0.000000
300.240000	0.542778	-1.121296	1.408679	0.000000	0.000000
300.250000	0.542777	-1.121315	1.408673	0.000000	0.000000
300.260000	0.542777	-1.121334	1.408667	0.000000	0.000000
300.270000	0.542777	-1.121352	1.408661	0.000000	0.000000
300.280000	0.542777	-1.121370	1.408654	0.000000	0.000000
300.290000	0.542776	-1.121386	1.408648	0.000000	0.000000
300.300000	0.542775	-1.121399	1.408641	0.000000	0.000000
300.310000	0.542773	-1.121409	1.408634	0.000000	0.000000
300.320000	0.542771	-1.121417	1.408627	0.000000	0.000000
300.330000	0.542767	-1.121423	1.408620	0.000000	0.000000
300.340000	0.542765	-1.121428	1.408613	0.000000	0.000000
300.350000	0.542764	-1.121434	1.408606	0.000000	0.000000
300.360000	0.542763	-1.121442	1.408599	0.000000	0.000000
300.370000	0.542763	-1.121452	1.408592	0.000000	0.000000
300.380000	0.542765	-1.121465	1.408585	0.000000	0.000000
300.390000	0.542766	-1.121479	1.408577	0.000000	0.000000
300.400000	0.542768	-1.121494	1.408570	0.000000	0.000000
300.410000	0.542771	-1.121509	1.408563	0.000000	0.000000
300.420000	0.542774	-1.121525	1.408555	0.000000	0.000000
300.430000	0.542775	-1.121540	1.408548	0.000000	0.000000
300.440000	0.542777	-1.121554	1.408540	0.000000	0.000000
300.450000	0.542778	-1.121564	1.408532	0.000000	0.000000
300.460000	0.542778	-1.121570	1.408525	0.000000	0.000000
300.470000	0.542775	-1.121572	1.408517	0.000000	0.000000
300.480000	0.542771	-1.121571	1.408509	0.000000	0.000000
300.490000	0.542766	-1.121571	1.408502	0.000000	0.000000
300.500000	0.542763	-1.121572	1.408494	0.000000	0.000000
300.510000	0.542760	-1.121578	1.408487	0.000000	0.000000
300.520000	0.542759	-1.121589	1.408479	0.000000	0.000000
300.530000	0.542758	-1.121605	1.408472	0.000000	0.000000
300.540000	0.542759	-1.121624	1.408465	0.000000	0.000000
300.550000	0.542760	-1.121643	1.408458	0.000000	0.000000
300.560000	0.542761	-1.121659	1.408451	0.000000	0.000000
300.570000	0.542761	-1.121671	1.408444	0.000000	0.000000
300.580000	0.542759	-1.121680	1.408437	0.000000	0.000000
300.590000	0.542759	-1.121688	1.408430	0.000000	0.000000
300.600000	0.542759	-1.121699	1.408423	0.000000	0.000000
300.610000	0.542759	-1.121713	1.408416	0.000000	0.000000
300.620000	0.542760	-1.121727	1.408410	0.000000	0.000000
300.630000	0.542760	-1.121742	1.408403	0.000000	0.000000
300.640000	0.542758	-1.121755	1.408397	0.000000	0.000000
300.650000	0.542755	-1.121765	1.408391	0.000000	0.000000
300.660000	0.542751	-1.121772	1.408385	0.000000	0.000000
300.670000	0.542747	-1.121779	1.408379	0.000000	0.000000
300.680000	0.542743	-1.121786	1.408373	0.000000	0.000000
300.690000	0.542739	-1.121796	1.408368	0.000000	0.000000
300.700000	0.542736	-1.121809	1.408362	0.000000	0.000000
300.710000	0.542731	-1.121822	1.408356	0.000000	0.000000
300.720000	0.542728	-1.121836	1.408351	0.000000	0.000000
300.730000	0.542724	-1.121850	1.408346	0.000000	0.000000
300.740000	0.542721	-1.121862	1.408340	0.000000	0.000000
300.750000	0.542718	-1.121875	1.408335	0.000000	0.000000
300.760000	0.542715	-1.121887	1.408329	0.000000	0.000000
300.770000	0.542713	-1.121900	1.408324	0.000000	0.000000
300.780000	0.542710	-1.121913	1.408318	0.000000	0.000000
300.790000	0.542709	-1.121926	1.408312	0.000000	0.000000
300.800000	0.542707	-1.121938	1.408306	0.000000	0.000000
300.810000	0.542704	-1.121949	1.408300	0.000000	0.000000
300.820000	0.542702	-1.121961	1.408294	0.000000	0.000000
300.830000	0.542701	-1.121975	1.408287	0.000000	0.000000
300.840000	0.542700	-1.121990	1.408281	0.000000	0.000000
300.850000	0.542700	-1.122007	1.408274	0.000000	0.000000
300.860000	0.542697	-1.122021	1.408268	0.000000	0.000000
300.870000	0.542694	-1.122032	1.408261	0.000000	0.000000
300.880000	0.542689	-1.122042	1.408254	0.000000	0.000000
300.890000	0.542685	-1.122052	1.408247	0.000000	0.000000
300.900000	0.542682	-1.122066	1.408240	0.000000	0.000000
300.910000	0.542678	-1.122083	1.408233	0.000000	0.000000
300.920000	0.542675	-1.122103	1.408225	0.000000	0.000000
300.930000	0.542672	-1.122121	1.408219	0.000000	0.000000
300.940000	0.542669	-1.122138	1.408212	0.000000	0.000000
300.950000	0.542665	-1.122155	1.408205	0.000000	0.000000
300.960000	0.542662	-1.122175	1.408198	0.000000	0.000000
300.970000	0.542659	-1.122197	1.408191	0.000000	0.000000
300.980000	0.542657	-1.122219	1.408185	0.000000	0.000000
300.990000	0.542654	-1.122242	1.408178	0.000000	0.000000
301.000000	0.542652	-1.122264	1.408172	0.000000	0.000000
301.010000	0.542649	-1.122285	1.408166	0.000000	0.000000
301.020000	0.542646	-1.122306	1.408159	0.000000	0.000000
301.030000	0.542642	-1.122326	1.408153	0.000000	0.000000
301.040000	0.542638	-1.122345	1.408147	0.000000	0.000000
301.050000	0.542635	-1.122363	1.408140	0.000000	0.000000
301.060000	0.542630	-1.122381	1.408134	0.000000	0.000000
301.070000	0.542625	-1.122398	1.408127	0.000000	0.000000
301.080000	0.542619	-1.122414	1.408121	0.000000	0.000000
301.090000	0.542613	-1.122432	1.408114	0.000000	0.000000
301.100000	0.542608	-1.122451	1.408107	0.000000	0.000000
301.110000	0.542605	-1.122474	1.408100	0.000000	0.000000
301.120000	0.542603	-1.122500	1.408093	0.000000	0.000000
301.130000	0.542605	-1.122530	1.408086	0.000000	0.000000
301.140000	0.542606	-1.122560	1.408078	0.000000	0.000000
301.150000	0.542608	-1.122592	1.408070	0.000000	0.000000
301.160000	0.542609	-1.122623	1.408062	0.000000	0.000000
301.170000	0.542608	-1.122652	1.408054	0.000000	0.000000
301.180000	0.542606	-1.122680	1.408046	0.000000	0.000000
301.190000	0.542604	-1.122707	1.408038	0.000000	0.000000
301.200000	0.542604	-1.122735	1.408029	0.000000	0.000000
301.210000	0.542602	-1.122765	1.408020	0.000000	0.000000
301.220000	0.542600	-1.122796	1.408012	0.000000	0.000000
301.230000	0.542597	-1.122825	1.408003	0.000000	0.000000
301.240000	0.542595	-1.122855	1.407994	0.000000	0.000000
301.250000	0.542593	-1.122886	1.407985	0.000000	0.000000
301.260000	0.542592	-1.122921	1.407976	0.000000	0.000000
301.270000	0.542593	-1.122958	1.407968	0.000000	0.000000
301.280000	0.542596	-1.122995	1.407959	0.000000	0.000000
301.290000	0.542599	-1.123032	1.407950	0.000000	0.000000
301.300000	0.542602	-1.123068	1.407941	0.000000	0.000000
301.310000	0.542604	-1.123103	1.407932	0.000000	0.000000
301.320000	0.542606	-1.123137	1.407923	0.000000	0.000000
301.330000	0.542607	-1.123166	1.407914	0.000000	0.000000
301.340000	0.542606	-1.123191	1.407906	0.000000	0.000000
301.350000	0.542604	-1.123211	1.407897	0.000000	0.000000
301.360000	0.542603	-1.123225	1.407888	0.000000	0.000000
301.370000	0.542599	-1.123236	1.407879	0.000000	0.000000
301.380000	0.542594	-1.123247	1.407870	0.000000	0.000000
301.390000	0.542592	-1.123259	1.407862	0.000000	0.000000
301.400000	0.542590	-1.123273	1.407853	0.000000	0.000000
301.410000	0.542589	-1.123291	1.407845	0.000000	0.000000
301.420000	0.542588	-1.123311	1.407836	0.000000	0.000000
301.430000	0.542588	-1.123336	1.407828	0.000000	0.000000
301.440000	0.542590	-1.123363	1.407820	0.000000	0.000000
301.450000	0.542592	-1.123390	1.407812	0.000000	0.000000
301.460000	0.542593	-1.123415	1.407804	0.000000	0.000000
301.470000	0.542591	-1.123434	1.407796	0.000000	0.000000
301.480000	0.542587	-1.123449	1.407789	0.000000	0.000000
301.490000	0.542582	-1.123465	1.407781	0.000000	0.000000
301.500000	0.542579	-1.123481	1.407774	0.000000	0.000000
301.510000	0.542576	-1.123500	1.407767	0.000000	0.000000
301.520000	0.542574	-1.123520	1.407760	0.000000	0.000000
301.530000	0.542571	-1.123542	1.407753	0.000000	0.000000
301.540000	0.542569	-1.123564	1.407746	0.000000	0.000000
301.550000	0.542567	-1.123585	1.407739	0.000000	0.000000
301.560000	0.542566	-1.123607	1.407733	0.000000	0.000000
301.570000	0.542565	-1.123627	1.407726	0.000000	0.000000
301.580000	0.542564	-1.123644	1.407720	0.000000	0.000000
301.590000	0.542562	-1.123656	1.407714	0.000000	0.000000
301.600000	0.542559	-1.123664	1.407708	0.000000	0.000000
301.610000	0.542556	-1.123671	1.407702	0.000000	0.000000
301.620000	0.542553	-1.123678	1.407696	0.000000	0.000000
301.630000	0.542551	-1.123687	1.407690	0.000000	0.000000
301.640000	0.542550	-1.123697	1.407685	0.000000	0.000000
301.650000	0.542549	-1.123710	1.407679	0.000000	0.000000
301.660000	0.542549	-1.123725	1.407674	0.000000	0.000000
301.670000	0.542548	-1.123741	1.407668	0.000000	0.000000
301.680000	0.542549	-1.123756	1.407663	0.000000	0.000000
301.690000	0.542548	-1.123772	1.407658	0.000000	0.000000
301.700000	0.542547	-1.123785	1.407653	0.000000	0.000000
301.710000	0.542546	-1.123797	1.407648	0.000000	0.000000
301.720000	0.542542	-1.123804	1.407643	0.000000	0.000000
301.730000	0.542538	-1.123807	1.407638	0.000000	0.000000
301.740000	0.542533	-1.123807	1.407633	0.000000	0.000000
301.750000	0.542527	-1.123805	1.407629	0.000000	0.000000
301.760000	0.542520	-1.123803	1.407624	0.000000	0.000000
301.770000	0.542516	-1.123806	1.407619	0.000000	0.000000
301.780000	0.542512	-1.123813	1.407614	0.000000	0.000000
301.790000	0.542510	-1.123824	1.407609	0.000000	0.000000
301.800000	0.542510	-1.123838	1.407605	0.000000	0.000000
301.810000	0.542510	-1.123854	1.407600	0.000000	0.000000
301.820000	0.542511	-1.123870	1.407595	0.000000	0.000000
301.830000	0.542510	-1.123886	1.407590	0.000000	0.000000
301.840000	0.542509	-1.123901	1.407585	0.000000	0.000000
301.850000	0.542508	-1.123916	1.407580	0.000000	0.000000
301.860000	0.542505	-1.123928	1.407575	0.000000	0.000000
301.870000	0.542502	-1.123937	1.407570	0.000000	0.000000
301.880000	0.542497	-1.123941	1.407565	0.000000	0.000000
301.890000	0.542490	-1.123940	1.407560	0.000000	0.000000
301.900000	0.542481	-1.123936	1.407555	0.000000	0.000000
301.910000	0.542474	-1.123934	1.407550	0.000000	0.000000
301.920000	0.542468	-1.123937	1.407545	0.000000	0.000000
301.930000	0.542465	-1.123945	1.407541	0.000000	0.000000
301.940000	0.542462	-1.123958	1.407536	0.000000	0.000000
301.950000	0.542461	-1.123974	1.407531	0.000000	0.000000
301.960000	0.542461	-1.123991	1.407527	0.000000	0.000000
301.970000	0.542460	-1.124007	1.407522	0.000000	0.000000
301.980000	0.542457	-1.124023	1.407518	0.000000	0.000000
301.990000	0.542454	-1.124037	1.407513	0.000000	0.000000
302.000000	0.542451	-1.124050	1.407509	0.000000	0.000000
302.010000	0.542448	-1.124064	1.407504	0.000000	0.000000
302.020000	0.542444	-1.124077	1.407499	0.000000	0.000000
302.030000	0.542439	-1.124089	1.407495	0.000000	0.000000
302.040000	0.542434	-1.124101	1.407490	0.000000	0.000000
302.050000	0.542428	-1.124112	1.407485	0.000000	0.000000
302.060000	0.542422	-1.124123	1.407480	0.000000	0.000000
302.070000	0.542417	-1.124137	1.407476	0.000000	0.000000
302.080000	0.542414	-1.124152	1.407471	0.000000	0.000000
302.090000	0.542411	-1.124169	1.407466	0.000000	0.000000
302.100000	0.542410	-1.124187	1.407461	0.000000	0.000000
302.110000	0.542408	-1.124204	1.407456	0.000000	0.000000
302.120000	0.542406	-1.124221	1.407451	0.000000	0.000000
302.130000	0.542404	-1.124237	1.407447	0.000000	0.000000
302.140000	0.542403	-1.124252	1.407442	0.000000	0.000000
302.150000	0.542402	-1.124264	1.407437	0.000000	0.000000
302.160000	0.542400	-1.124272	1.407432	0.000000	0.000000
302.170000	0.542397	-1.124279	1.407427	0.000000	0.000000
302.180000	0.542394	-1.124285	1.407423	0.000000	0.000000
302.190000	0.542389	-1.124289	1.407418	0.000000	0.000000
302.200000	0.542385	-1.124293	1.407413	0.000000	0.000000
302.210000	0.542381	-1.124297	1.407408	0.000000	0.000000
302.220000	0.542377	-1.124301	1.407403	0.000000	0.000000
302.230000	0.542373	-1.124305	1.407398	0.000000	0.000000
302.240000	0.542369	-1.124308	1.407393	0.000000	0.000000
302.250000	0.542365	-1.124311	1.407388	0.000000	0.000000
302.260000	0.542360	-1.124313	1.407383	0.000000	0.000000
302.270000	0.542356	-1.124314	1.407378	0.000000	0.000000
302.280000	0.542352	-1.124315	1.407373	0.000000	0.000000
302.290000	0.542349	-1.124320	1.407368	0.000000	0.000000
302.300000	0.542347	-1.124328	1.407363	0.000000	0.000000
302.310000	0.542346	-1.124341	1.407357	0.000000	0.000000
302.320000	0.542347	-1.124356	1.407352	0.000000	0.000000
302.330000	0.542348	-1.124373	1.407346	0.000000	0.000000
302.340000	0.542349	-1.124388	1.407341	0.000000	0.000000
302.350000	0.542347	-1.124397	1.407335	0.000000	0.000000
302.360000	0.542343	-1.124400	1.407329	0.000000	0.000000
302.370000	0.542340	-1.124402	1.407324	0.000000	0.000000
302.380000	0.542339	-1.124409	1.407318	0.000000	0.000000
302.390000	0.542339	-1.124423	1.407312	0.000000	0.000000
302.400000	0.542340	-1.124439	1.407307	0.000000	0.000000
302.410000	0.542341	-1.124457	1.407301	0.000000	0.000000
302.420000	0.542341	-1.124476	1.407296	0.000000	0.000000
302.430000	0.542341	-1.124494	1.407290	0.000000	0.000000
302.440000	0.542341	-1.124513	1.407285	0.000000	0.000000
302.450000	0.542341	-1.124530	1.407280	0.000000	0.000000
302.460000	0.542341	-1.124545	1.407274	0.000000	0.000000
302.470000	0.542340	-1.124556	1.407269	0.000000	0.000000
302.480000	0.542339	-1.124563	1.407264	0.000000	0.000000
302.490000	0.542338	-1.124569	1.407259	0.000000	0.000000
302.500000	0.542336	-1.124573	1.407254	0.000000	0.000000
302.510000	0.542334	-1.124578	1.407250	0.000000	0.000000
302.520000	0.542332	-1.124583	1.407245	0.000000	0.000000
302.530000	0.542328	-1.124589	1.407240	0.000000	0.000000
302.540000	0.542325	-1.124595	1.407235	0.000000	0.000000
302.550000	0.542322	-1.124603	1.407231	0.000000	0.000000
302.560000	0.542320	-1.124612	1.407226	0.000000	0.000000
302.570000	0.542319	-1.124622	1.407222	0.000000	0.000000
302.580000	0.542319	-1.124635	1.407217	0.000000	0.000000
302.590000	0.542319	-1.124650	1.407213	0.000000	0.000000
302.600000	0.542318	-1.124665	1.407208	0.000000	0.000000
302.610000	0.542318	-1.124682	1.407203	0.000000	0.000000
302.620000	0.542319	-1.124699	1.407199	0.000000	0.000000
302.630000	0.542320	-1.124715	1.407194	0.000000	0.000000
302.640000	0.542321	-1.124731	1.407189	0.000000	0.000000
302.650000	0.542321	-1.124745	1.407185	0.000000	0.000000
302.660000	0.542321	-1.124758	1.407180	0.000000	0.000000
302.670000	0.542322	-1.124771	1.407175	0.000000	0.000000
302.680000	0.542322	-1.124784	1.407171	0.000000	0.000000
302.690000	0.542323	-1.124800	1.407166	0.000000	0.000000
302.700000	0.542324	-1.124817	1.407161	0.000000	0.000000
302.710000	0.542324	-1.124835	1.407156	0.000000	0.000000
302.720000	0.542324	-1.124851	1.407151	0.000000	0.000000
302.730000	0.542323	-1.124864	1.407147	0.000000	0.000000
302.740000	0.542322	-1.124875	1.407142	0.000000	0.000000
302.750000	0.542322	-1.124885	1.407137	0.000000	0.000000
302.760000	0.542324	-1.124897	1.407133	0.000000	0.000000
302.770000	0.542325	-1.124908	1.407128	0.000000	0.000000
302.780000	0.542327	-1.124919	1.407124	0.000000	0.000000
302.790000	0.542328	-1.124928	1.407120	0.000000	0.000000
302.800000	0.542327	-1.124935	1.407115	0.000000	0.000000
302.810000	0.542326	-1.124940	1.407111	0.000000	0.000000
302.820000	0.542322	-1.124944	1.407107	0.000000	0.000000
302.830000	0.542319	-1.124948	1.407102	0.000000	0.000000
302.840000	0.542317	-1.124952	1.407098	0.000000	0.000000
302.850000	0.542314	-1.124957	1.407094	0.000000	0.000000
302.860000	0.542313	-1.124963	1.407089	0.000000	0.000000
302.870000	0.542313	-1.124970	1.407085	0.000000	0.000000
302.880000	0.542313	-1.124980	1.407080	0.000000	0.000000
302.890000	0.542315	-1.124994	1.407076	0.000000	0.000000
302.900000	0.542317	-1.125010	1.407071	0.000000	0.000000
302.910000	0.542320	-1.125027	1.407066	0.000000	0.000000
302.920000	0.542322	-1.125044	1.407061	0.000000	0.000000
302.930000	0.542324	-1.125060	1.407056	0.000000	0.000000
302.940000	0.542324	-1.125075	1.407051	0.000000	0.000000
302.950000	0.542324	-1.125090	1.407046	0.000000	0.000000
302.960000	0.542324	-1.125106	1.407041	0.000000	0.000000
302.970000	0.542326	-1.125123	1.407036	0.000000	0.000000
302.980000	0.542327	-1.125141	1.407031	0.000000	0.000000
302.990000	0.542329	-1.125159	1.407026	0.000000	0.000000
303.000000	0.542331	-1.125177	1.407021	0.000000	0.000000
303.010000	0.542332	-1.125191	1.407016	0.000000	0.000000
303.020000	0.542331	-1.125200	1.407012	0.000000	0.000000
303.030000	0.542328	-1.125202	1.407007	0.000000	0.000000
303.040000	0.542324	-1.125201	1.407002	0.000000	0.000000
303.050000	0.542318	-1.125198	1.406998	0.000000	0.000000
303.060000	0.542314	-1.125197	1.406993	0.000000	0.000000
303.070000	0.542311	-1.125198	1.406989	0.000000	0.000000
303.080000	0.542309	-1.125201	1.406985	0.000000	0.000000
303.090000	0.542308	-1.125206	1.406980	0.000000	0.000000
303.100000	0.542307	-1.125214	1.406976	0.000000	0.000000
303.110000	0.542308	-1.125226	1.406971	0.000000	0.000000
303.120000	0.542310	-1.125242	1.406967	0.000000	0.000000
303.130000	0.542313	-1.125261	1.406962	0.000000	0.000000
303.140000	0.542316	-1.125280	1.406958	0.000000	0.000000
303.150000	0.542319	-1.125296	1.406953	0.000000	0.000000
303.160000	0.542322	-1.125310	1.406948	0.000000	0.000000
303.170000	0.542324	-1.125324	1.406944	0.000000	0.000000
303.180000	0.542327	-1.125339	1.406939	0.000000	0.000000
303.190000	0.542328	-1.125354	1.406934	0.000000	0.000000
303.200000	0.542329	-1.125368	1.406930	0.000000	0.000000
303.210000	0.542329	-1.125381	1.406926	0.000000	0.000000
303.220000	0.542329	-1.125393	1.406921	0.000000	0.000000
303.230000	0.542329	-1.125406	1.406917	0.000000	0.000000
303.240000	0.542329	-1.125418	1.406913	0.000000	0.000000
303.250000	0.542328	-1.125429	1.406909	0.000000	0.000000
303.260000	0.542326	-1.125436	1.406905	0.000000	0.000000
303.270000	0.542323	-1.125440	1.406902	0.000000	0.000000
303.280000	0.542320	-1.125441	1.406898	0.000000	0.000000
303.290000	0.542316	-1.125439	1.406895	0.000000	0.000000
303.300000	0.542311	-1.125434	1.406892	0.000000	0.000000
303.310000	0.542306	-1.125428	1.406889	0.000000	0.000000
303.320000	0.542301	-1.125421	1.406885	0.000000	0.000000
303.330000	0.542296	-1.125415	1.406882	0.000000	0.000000
303.340000	0.542292	-1.125412	1.406880	0.000000	0.000000
303.350000	0.542288	-1.125412	1.406877	0.000000	0.000000
303.360000	0.542287	-1.125415	1.406874	0.000000	0.000000
303.370000	0.542286	-1.125422	1.406871	0.000000	0.000000
303.380000	0.542287	-1.125430	1.406868	0.000000	0.000000
303.390000	0.542289	-1.125437	1.406865	0.000000	0.000000
303.400000	0.542289	-1.125441	1.406862	0.000000	0.000000
303.410000	0.542288	-1.125440	1.406859	0.000000	0.000000
303.420000	0.542285	-1.125433	1.406856	0.000000	0.000000
303.430000	0.542280	-1.125421	1.406853	0.000000	0.000000
303.440000	0.542273	-1.125406	1.406850	0.000000	0.000000
303.450000	0.542268	-1.125393	1.406847	0.000000	0.000000
303.460000	0.542264	-1.125386	1.406844	0.000000	0.000000
303.470000	0.542262	-1.125385	1.406841	0.000000	0.000000
303.480000	0.542261	-1.125389	1.406838	0.000000	0.000000
303.490000	0.542260	-1.125396	1.406835	0.000000	0.000000
303.500000	0.542259	-1.125405	1.406832	0.000000	0.000000
303.510000	0.542259	-1.125413	1.406829	0.000000	0.000000
303.520000	0.542258	-1.125419	1.406826	0.000000	0.000000
303.530000	0.542257	-1.125425	1.406823	0.000000	0.000000
303.540000	0.542255	-1.125429	1.406820	0.000000	0.000000
303.550000	0.542253	-1.125433	1.406817	0.000000	0.000000
303.560000	0.542250	-1.125437	1.406814	0.000000	0.000000
303.570000	0.542249	-1.125443	1.406811	0.000000	0.000000
303.580000	0.542247	-1.125448	1.406808	0.000000	0.000000
303.590000	0.542244	-1.125452	1.406805	0.000000	0.000000
303.600000	0.542241	-1.125454	1.406802	0.000000	0.000000
303.610000	0.542239	-1.125455	1.406800	0.000000	0.000000
303.620000	0.542237	-1.125457	1.406797	0.000000	0.000000
303.630000	0.542234	-1.125459	1.406794	0.000000	0.000000
303.640000	0.542232	-1.125464	1.406791	0.000000	0.000000
303.650000	0.542230	-1.125470	1.406789	0.000000	0.000000
303.660000	0.542228	-1.125480	1.406786	0.000000	0.000000
303.670000	0.542229	-1.125492	1.406783	0.000000	0.000000
303.680000	0.542229	-1.125508	1.406781	0.000000	0.000000
303.690000	0.542230	-1.125526	1.406778	0.000000	0.000000
303.700000	0.542231	-1.125545	1.406775	0.000000	0.000000
303.710000	0.542232	-1.125563	1.406772	0.000000	0.000000
303.720000	0.542231	-1.125578	1.406769	0.000000	0.000000
303.730000	0.542228	-1.125588	1.406766	0.000000	0.000000
303.740000	0.542224	-1.125597	1.406763	0.000000	0.000000
303.750000	0.542221	-1.125608	1.406760	0.000000	0.000000
303.760000	0.542219	-1.125621	1.406756	0.000000	0.000000
303.770000	0.542216	-1.125634	1.406753	0.000000	0.000000
303.780000	0.542214	-1.125648	1.406749	0.000000	0.000000
303.790000	0.542212	-1.125664	1.406746	0.000000	0.000000
303.800000	0.542211	-1.125681	1.406742	0.000000	0.000000
303.810000	0.542210	-1.125700	1.406739	0.000000	0.000000
303.820000	0.542209	-1.125720	1.406735	0.000000	0.000000
303.830000	0.542209	-1.125741	1.406732	0.000000	0.000000
303.840000	0.542211	-1.125762	1.406728	0.000000	0.000000
303.850000	0.542212	-1.125781	1.406725	0.000000	0.000000
303.860000	0.542211	-1.125797	1.406722	0.000000	0.000000
303.870000	0.542209	-1.125809	1.406718	0.000000	0.000000
303.880000	0.542207	-1.125818	1.406715	0.000000	0.000000
303.890000	0.542204	-1.125824	1.406711	0.000000	0.000000
303.900000	0.542200	-1.125830	1.406708	0.000000	0.000000
303.910000	0.542196	-1.125836	1.406704	0.000000	0.000000
303.920000	0.542192	-1.125841	1.406700	0.000000	0.000000
303.930000	0.542187	-1.125845	1.406697	0.000000	0.000000
303.940000	0.542184	-1.125849	1.406693	0.000000	0.000000
303.950000	0.542181	-1.125852	1.406690	0.000000	0.000000
303.960000	0.542178	-1.125857	1.406686	0.000000	0.000000
303.970000	0.542174	-1.125862	1.406683	0.000000	0.000000
303.980000	0.542172	-1.125867	1.406679	0.000000	0.000000
303.990000	0.542170	-1.125873	1.406675	0.000000	0.000000
304.000000	0.542168	-1.125880	1.406671	0.000000	0.000000
304.010000	0.542167	-1.125887	1.406667	0.000000	0.000000
304.020000	0.542166	-1.125896	1.406663	0.000000	0.000000
304.030000	0.542166	-1.125907	1.406659	0.000000	0.000000
304.040000	0.542167	-1.125920	1.406654	0.000000	0.000000
304.050000	0.542169	-1.125936	1.406650	0.000000	0.000000
304.060000	0.542171	-1.125952	1.406645	0.000000	0.000000
304.070000	0.542172	-1.125967	1.406640	0.000000	0.000000
304.080000	0.542174	-1.125982	1.406635	0.000000	0.000000
304.090000	0.542174	-1.125997	1.406630	0.000000	0.000000
304.100000	0.542173	-1.126013	1.406625	0.000000	0.000000
304.110000	0.542171	-1.126028	1.406620	0.000000	0.000000
304.120000	0.542168	-1.126043	1.406615	0.000000	0.000000
304.130000	0.542165	-1.126058	1.406610	0.000000	0.000000
304.140000	0.542164	-1.126073	1.406604	0.000000	0.000000
304.150000	0.542163	-1.126089	1.406599	0.000000	0.000000
304.160000	0.542164	-1.126105	1.406593	0.000000	0.000000
304.170000	0.542167	-1.126121	1.406588	0.000000	0.000000
304.180000	0.542168	-1.126135	1.406582	0.000000	0.000000
304.190000	0.542169	-1.126147	1.406576	0.000000	0.000000
304.200000	0.542170	-1.126160	1.406570	0.000000	0.000000
304.210000	0.542172	-1.126174	1.406564	0.000000	0.000000
304.220000	0.542175	-1.126190	1.406558	0.000000	0.000000
304.230000	0.542177	-1.126204	1.406552	0.000000	0.000000
304.240000	0.542177	-1.126215	1.406546	0.000000	0.000000
304.250000	0.542176	-1.126222	1.406540	0.000000	0.000000
304.260000	0.542175	-1.126227	1.406533	0.000000	0.000000
304.270000	0.542173	-1.126234	1.406527	0.000000	0.000000
304.280000	0.542172	-1.126243	1.406521	0.000000	0.000000
304.290000	0.542171	-1.126255	1.406515	0.000000	0.000000
304.300000	0.542170	-1.126267	1.406509	0.000000	0.000000
304.310000	0.542170	-1.126276	1.406503	0.000000	0.000000
304.320000	0.542168	-1.126283	1.406496	0.000000	0.000000
304.330000	0.542167	-1.126288	1.406490	0.000000	0.000000
304.340000	0.542166	-1.126296	1.406484	0.000000	0.000000
304.350000	0.542167	-1.126309	1.406478	0.000000	0.000000
304.360000	0.542169	-1.126324	1.406472	0.000000	0.000000
304.370000	0.542171	-1.126340	1.406466	0.000000	0.000000
304.380000	0.542172	-1.126355	1.406460	0.000000	0.000000
304.390000	0.542172	-1.126369	1.406454	0.000000	0.000000
304.400000	0.542170	-1.126380	1.406448	0.000000	0.000000
304.410000	0.542169	-1.126391	1.406442	0.000000	0.000000
304.420000	0.542168	-1.126401	1.406437	0.000000	0.000000
304.430000	0.542168	-1.126413	1.406431	0.000000	0.000000
304.440000	0.542170	-1.126426	1.406425	0.000000	0.000000
304.450000	0.542173	-1.126440	1.406419	0.000000	0.000000
304.460000	0.542174	-1.126454	1.406413	0.000000	0.000000
304.470000	0.542175	-1.126469	1.406407	0.000000	0.000000
304.480000	0.542176	-1.126485	1.406401	0.000000	0.000000
304.490000	0.542177	-1.126502	1.406395	0.000000	0.000000
304.500000	0.542180	-1.126522	1.406390	0.000000	0.000000
304.510000	0.542182	-1.126543	1.406384	0.000000	0.000000
304.520000	0.542185	-1.126566	1.406378	0.000000	0.000000
304.530000	0.542187	-1.126589	1.406373	0.000000	0.000000
304.540000	0.542189	-1.126613	1.406367	0.000000	0.000000
304.550000	0.542190	-1.126637	1.406362	0.000000	0.000000
304.560000	0.542191	-1.126659	1.406356	0.000000	0.000000
304.570000	0.542192	-1.126680	1.406351	0.000000	0.000000
304.580000	0.542193	-1.126696	1.406345	0.000000	0.000000
304.590000	0.542192	-1.126707	1.406340	0.000000	0.000000
304.600000	0.542191	-1.126714	1.406334	0.000000	0.000000
304.610000	0.542188	-1.126720	1.406329	0.000000	0.000000
304.620000	0.542184	-1.126724	1.406324	0.000000	0.000000
304.630000	0.542181	-1.126730	1.406318	0.000000	0.000000
304.640000	0.542180	-1.126741	1.406313	0.000000	0.000000
304.650000	0.542178	-1.126754	1.406308	0.000000	0.000000
304.660000	0.542177	-1.126768	1.406303	0.000000	0.000000
304.670000	0.542175	-1.126782	1.406298	0.000000	0.000000
304.680000	0.542172	-1.126795	1.406293	0.000000	0.000000
304.690000	0.542169	-1.126805	1.406288	0.000000	0.000000
304.700000	0.542166	-1.126815	1.406283	0.000000	0.000000
304.710000	0.542163	-1.126825	1.406278	0.000000	0.000000
304.720000	0.542161	-1.126837	1.406274	0.000000	0.000000
304.730000	0.542158	-1.126851	1.406269	0.000000	0.000000
304.740000	0.542157	-1.126866	1.406264	0.000000	0.000000
304.750000	0.542156	-1.126883	1.406259	0.000000	0.000000
304.760000	0.542156	-1.126901	1.406255	0.000000	0.000000
304.770000	0.542157	-1.126919	1.406250	0.000000	0.000000
304.780000	0.542157	-1.126935	1.406245	0.000000	0.000000
304.790000	0.542157	-1.126949	1.406241	0.000000	0.000000
304.800000	0.542157	-1.126961	1.406236	0.000000	0.000000
304.810000	0.542156	-1.126972	1.406231	0.000000	0.000000
304.820000	0.542156	-1.126984	1.406227	0.000000	0.000000
304.830000	0.542155	-1.126996	1.406222	0.000000	0.000000
304.840000	0.542154	-1.127009	1.406218	0.000000	0.000000
304.850000	0.542153	-1.127023	1.406214	0.000000	0.000000
304.860000	0.542152	-1.127039	1.406209	0.000000	0.000000
304.870000	0.542151	-1.127056	1.406205	0.000000	0.000000
304.880000	0.542152	-1.127074	1.406201	0.000000	0.000000
304.890000	0.542153	-1.127091	1.406197	0.000000	0.000000
304.900000	0.542154	-1.127107	1.406192	0.000000	0.000000
304.910000	0.542153	-1.127119	1.406188	0.000000	0.000000
304.920000	0.542151	-1.127126	1.406184	0.000000	0.000000
304.930000	0.542149	-1.127128	1.406180	0.000000	0.000000
304.940000	0.542145	-1.127128	1.406176	0.000000	0.000000
304.950000	0.542141	-1.127128	1.406171	0.000000	0.000000
304.960000	0.542138	-1.127131	1.406167	0.000000	0.000000
304.970000	0.542136	-1.127136	1.406163	0.000000	0.000000
304.980000	0.542134	-1.127141	1.406159	0.000000	0.000000
304.990000	0.542131	-1.127147	1.406155	0.000000	0.000000
305.000000	0.542127	-1.127151	1.406151	0.000000	0.000000
305.010000	0.542124	-1.127155	1.406147	0.000000	0.000000
305.020000	0.542122	-1.127160	1.406143	0.000000	0.000000
305.030000	0.542121	-1.127164	1.406139	0.000000	0.000000
305.040000	0.542120	-1.127170	1.406135	0.000000	0.000000
305.050000	0.542121	-1.127176	1.406131	0.000000	0.000000
305.060000	0.542121	-1.127183	1.406127	0.000000	0.000000
305.070000	0.542123	-1.127192	1.406123	0.000000	0.000000
305.080000	0.542125	-1.127205	1.406119	0.000000	0.000000
305.090000	0.542128	-1.127220	1.406114	0.000000	0.000000
305.100000	0.542132	-1.127237	1.406110	0.000000	0.000000
305.110000	0.542135	-1.127256	1.406106	0.000000	0.000000
305.120000	0.542138	-1.127275	1.406101	0.000000	0.000000
305.130000	0.542140	-1.127292	1.406096	0.000000	0.000000
305.140000	0.542141	-1.127307	1.406092	0.000000	0.000000
305.150000	0.542143	-1.127321	1.406087	0.000000	0.000000
305.160000	0.542143	-1.127336	1.406082	0.000000	0.000000
305.170000	0.542144	-1.127353	1.406077	0.000000	0.000000
305.180000	0.542146	-1.127374	1.406072	0.000000	0.000000
305.190000	0.542149	-1.127397	1.406067	0.000000	0.000000
305.200000	0.542152	-1.127421	1.406062	0.000000	0.000000
305.210000	0.542155	-1.127443	1.406057	0.000000	0.000000
305.220000	0.542157	-1.127462	1.406051	0.000000	0.000000
305.230000	0.542160	-1.127478	1.406046	0.000000	0.000000
305.240000	0.542162	-1.127490	1.406041	0.000000	0.000000
305.250000	0.542161	-1.127495	1.406036	0.000000	0.000000
305.260000	0.542158	-1.127497	1.406030	0.000000	0.000000
305.270000	0.542156	-1.127501	1.406025	0.000000	0.000000
305.280000	0.542156	-1.127510	1.406020	0.000000	0.000000
305.290000	0.542157	-1.127524	1.406015	0.000000	0.000000
305.300000	0.542161	-1.127544	1.406010	0.000000	0.000000
305.310000	0.542166	-1.127566	1.406004	0.000000	0.000000
305.320000	0.542171	-1.127587	1.405999	0.000000	0.000000
305.330000	0.542174	-1.127599	1.405994	0.000000	0.000000
305.340000	0.542173	-1.127604	1.405988	0.000000	0.000000
305.350000	0.542175	-1.127617	1.405983	0.000000	0.000000
305.360000	0.542180	-1.127639	1.405977	0.000000	0.000000
305.370000	0.542185	-1.127664	1.405972	0.000000	0.000000
305.380000	0.542189	-1.127689	1.405966	0.000000	0.000000
305.390000	0.542195	-1.127714	1.405960	0.000000	0.000000
305.400000	0.542200	-1.127737	1.405955	0.000000	0.000000
305.410000	0.542205	-1.127759	1.405949	0.000000	0.000000
305.420000	0.542209	-1.127779	1.405943	0.000000	0.000000
305.430000	0.542212	-1.127796	1.405938	0.000000	0.000000
305.440000	0.542212	-1.127809	1.405932	0.000000	0.000000
305.450000	0.542212	-1.127825	1.405927	0.000000	0.000000
305.460000	0.542212	-1.127842	1.405921	0.000000	0.000000
305.470000	0.542211	-1.127862	1.405916	0.000000	0.000000
305.480000	0.542212	-1.127882	1.405910	0.000000	0.000000
305.490000	0.542212	-1.127901	1.405905	0.000000	0.000000
305.500000	0.542212	-1.127918	1.405900	0.000000	0.000000
305.510000	0.542211	-1.127931	1.405895	0.000000	0.000000
305.520000	0.542209	-1.127938	1.405890	0.000000	0.000000
305.530000	0.542207	-1.127944	1.405886	0.000000	0.000000
305.540000	0.542204	-1.127949	1.405881	0.000000	0.000000
305.550000	0.542202	-1.127957	1.405877	0.000000	0.000000
305.560000	0.542200	-1.127964	1.405872	0.000000	0.000000
305.570000	0.542197	-1.127971	1.405868	0.000000	0.000000
305.580000	0.542194	-1.127978	1.405864	0.000000	0.000000
305.590000	0.542189	-1.127983	1.405860	0.000000	0.000000
305.600000	0.542186	-1.127990	1.405856	0.000000	0.000000
305.610000	0.542182	-1.127999	1.405851	0.000000	0.000000
305.620000	0.542180	-1.128010	1.405847	0.000000	0.000000
305.630000	0.542179	-1.128024	1.405843	0.000000	0.000000
305.640000	0.542178	-1.128041	1.405839	0.000000	0.000000
305.650000	0.542179	-1.128061	1.405835	0.000000	0.000000
305.660000	0.542180	-1.128081	1.405830	0.000000	0.000000
305.670000	0.542180	-1.128100	1.405826	0.000000	0.000000
305.680000	0.542179	-1.128116	1.405822	0.000000	0.000000
305.690000	0.542178	-1.128129	1.405818	0.000000	0.000000
305.700000	0.542176	-1.128136	1.405813	0.000000	0.000000
305.710000	0.542171	-1.128140	1.405809	0.000000	0.000000
305.720000	0.542166	-1.128142	1.405805	0.000000	0.000000
305.730000	0.542161	-1.128146	1.405800	0.000000	0.000000
305.740000	0.542156	-1.128152	1.405796	0.000000	0.000000
305.750000	0.542152	-1.128162	1.405792	0.000000	0.000000
305.760000	0.542149	-1.128175	1.405787	0.000000	0.000000
305.770000	0.542148	-1.128190	1.405783	0.000000	0.000000
305.780000	0.542146	-1.128205	1.405779	0.000000	0.000000
305.790000	0.542146	-1.128221	1.405774	0.000000	0.000000
305.800000	0.542146	-1.128234	1.405770	0.000000	0.000000
305.810000	0.542144	-1.128243	1.405766	0.000000	0.000000
305.820000	0.542142	-1.128249	1.405762	0.000000	0.000000
305.830000	0.542140	-1.128252	1.405757	0.000000	0.000000
305.840000	0.542138	-1.128254	1.405753	0.000000	0.000000
305.850000	0.542136	-1.128257	1.405750	0.000000	0.000000
305.860000	0.542135	-1.128264	1.405746	0.000000	0.000000
305.870000	0.542135	-1.128274	1.405742	0.000000	0.000000
305.880000	0.542135	-1.128286	1.405738	0.000000	0.000000
305.890000	0.542136	-1.128299	1.405735	0.000000	0.000000
305.900000	0.542136	-1.128312	1.405732	0.000000	0.000000
305.910000	0.542135	-1.128323	1.405729	0.000000	0.000000
305.920000	0.542134	-1.128332	1.405725	0.000000	0.000000
305.930000	0.542132	-1.128337	1.405722	0.000000	0.000000
305.940000	0.542130	-1.128338	1.405719	0.000000	0.000000
305.950000	0.542126	-1.128335	1.405716	0.000000	0.000000
305.960000	0.542122	-1.128329	1.405713	0.000000	0.000000
305.970000	0.542118	-1.128322	1.405711	0.000000	0.000000
305.980000	0.542114	-1.128316	1.405708	0.000000	0.000000
305.990000	0.542110	-1.128309	1.405705	0.000000	0.000000
306.000000	0.542106	-1.128303	1.405702	0.000000	0.000000
306.010000	0.542104	-1.128299	1.405698	0.000000	0.000000
306.020000	0.542102	-1.128299	1.405695	0.000000	0.000000
306.030000	0.542103	-1.128304	1.405692	0.000000	0.000000
306.040000	0.542104	-1.128314	1.405689	0.000000	0.000000
306.050000	0.542107	-1.128328	1.405685	0.000000	0.000000
306.060000	0.542111	-1.128343	1.405682	0.000000	0.000000
306.070000	0.542113	-1.128357	1.405678	0.000000	0.000000
306.080000	0.542115	-1.128369	1.405674	0.000000	0.000000
306.090000	0.542117	-1.128380	1.405670	0.000000	0.000000
306.100000	0.542117	-1.128391	1.405666	0.000000	0.000000
306.110000	0.542118	-1.128403	1.405661	0.000000	0.000000
306.120000	0.542120	-1.128414	1.405657	0.000000	0.000000
306.130000	0.542121	-1.128423	1.405653	0.000000	0.000000
306.140000	0.542121	-1.128427	1.405648	0.000000	0.000000
306.150000	0.542119	-1.128426	1.405644	0.000000	0.000000
306.160000	0.542116	-1.128426	1.405640	0.000000	0.000000
306.170000	0.542115	-1.128428	1.405636	0.000000	0.000000
306.180000	0.542115	-1.128436	1.405632	0.000000	0.000000
306.190000	0.542116	-1.128446	1.405628	0.000000	0.000000
306.200000	0.542118	-1.128459	1.405624	0.000000	0.000000
306.210000	0.542121	-1.128470	1.405621	0.000000	0.000000
306.220000	0.542123	-1.128477	1.405617	0.000000	0.000000
306.230000	0.542124	-1.128480	1.405614	0.000000	0.000000
306.240000	0.542124	-1.128480	1.405610	0.000000	0.000000
306.250000	0.542122	-1.128477	1.405607	0.000000	0.000000
306.260000	0.542120	-1.128473	1.405604	0.000000	0.000000
306.270000	0.542118	-1.128468	1.405602	0.000000	0.000000
306.280000	0.542115	-1.128463	1.405599	0.000000	0.000000
306.290000	0.542112	-1.128457	1.405596	0.000000	0.000000
306.300000	0.542110	-1.128453	1.405593	0.000000	0.000000
306.310000	0.542110	-1.128452	1.405590	0.000000	0.000000
306.320000	0.542111	-1.128456	1.405587	0.000000	0.000000
306.330000	0.542112	-1.128461	1.405585	0.000000	0.000000
306.340000	0.542115	-1.128469	1.405582	0.000000	0.000000
306.350000	0.542116	-1.128478	1.405578	0.000000	0.000000
306.360000	0.542118	-1.128485	1.405575	0.000000	0.000000
306.370000	0.542119	-1.128490	1.405572	0.000000	0.000000
306.380000	0.542119	-1.128493	1.405569	0.000000	0.000000
306.390000	0.542118	-1.128494	1.405565	0.000000	0.000000
306.400000	0.542118	-1.128498	1.405562	0.000000	0.000000
306.410000	0.542119	-1.128506	1.405558	0.000000	0.000000
306.420000	0.542120	-1.128518	1.405555	0.000000	0.000000
306.430000	0.542122	-1.128532	1.405551	0.000000	0.000000
306.440000	0.542124	-1.128547	1.405547	0.000000	0.000000
306.450000	0.542126	-1.128565	1.405544	0.000000	0.000000
306.460000	0.542128	-1.128586	1.405540	0.000000	0.000000
306.470000	0.542132	-1.128610	1.405536	0.000000	0.000000
306.480000	0.542136	-1.128636	1.405533	0.000000	0.000000
306.490000	0.542140	-1.128662	1.405529	0.000000	0.000000
306.500000	0.542143	-1.128687	1.405525	0.000000	0.000000
306.510000	0.542146	-1.128707	1.405522	0.000000	0.000000
306.520000	0.542147	-1.128723	1.405518	0.000000	0.000000
306.530000	0.542146	-1.128733	1.405515	0.000000	0.000000
306.540000	0.542144	-1.128741	1.405511	0.000000	0.000000
306.550000	0.542140	-1.128751	1.405508	0.000000	0.000000
306.560000	0.542139	-1.128765	1.405505	0.000000	0.000000
306.570000	0.542139	-1.128783	1.405502	0.000000	0.000000
306.580000	0.542140	-1.128803	1.405499	0.000000	0.000000
306.590000	0.542140	-1.128822	1.405496	0.000000	0.000000
306.600000	0.542141	-1.128840	1.405493	0.000000	0.000000
306.610000	0.542141	-1.128855	1.405491	0.000000	0.000000
306.620000	0.542140	-1.128867	1.405488	0.000000	0.000000
306.630000	0.542139	-1.128875	1.405485	0.000000	0.000000
306.640000	0.542136	-1.128881	1.405483	0.000000	0.000000
306.650000	0.542133	-1.128883	1.405481	0.000000	0.000000
306.660000	0.542130	-1.128884	1.405479	0.000000	0.000000
306.670000	0.542126	-1.128885	1.405476	0.000000	0.000000
306.680000	0.542123	-1.128887	1.405474	0.000000	0.000000
306.690000	0.542121	-1.128890	1.405472	0.000000	0.000000
306.700000	0.542118	-1.128895	1.405471	0.000000	0.000000
306.710000	0.542116	-1.128903	1.405469	0.000000	0.000000
306.720000	0.542115	-1.128913	1.405467	0.000000	0.000000
306.730000	0.542115	-1.128927	1.405465	0.000000	0.000000
306.740000	0.542116	-1.128944	1.405464	0.000000	0.000000
306.750000	0.542116	-1.128963	1.405462	0.000000	0.000000
306.760000	0.542117	-1.128982	1.405461	0.000000	0.000000
306.770000	0.542116	-1.129000	1.405459	0.000000	0.000000
306.780000	0.542115	-1.129017	1.405458	0.000000	0.000000
306.790000	0.542112	-1.129030	1.405456	0.000000	0.000000
306.800000	0.542108	-1.129039	1.405455	0.000000	0.000000
306.810000	0.542102	-1.129044	1.405454	0.000000	0.000000
306.820000	0.542096	-1.129047	1.405452	0.000000	0.000000
306.830000	0.542090	-1.129048	1.405451	0.000000	0.000000
306.840000	0.542085	-1.129051	1.405450	0.000000	0.000000
306.850000	0.542081	-1.129056	1.405449	0.000000	0.000000
306.860000	0.542079	-1.129066	1.405447	0.000000	0.000000
306.870000	0.542079	-1.129079	1.405446	0.000000	0.000000
306.880000	0.542080	-1.129095	1.405445	0.000000	0.000000
306.890000	0.542081	-1.129112	1.405444	0.000000	0.000000
306.900000	0.542082	-1.129130	1.405443	0.000000	0.000000
306.910000	0.542082	-1.129147	1.405442	0.000000	0.000000
306.920000	0.542081	-1.129163	1.405441	0.000000	0.000000
306.930000	0.542079	-1.129178	1.405440	0.000000	0.000000
306.940000	0.542077	-1.129192	1.405439	0.000000	0.000000
306.950000	0.542076	-1.129207	1.405438	0.000000	0.000000
306.960000	0.542075	-1.129222	1.405438	0.000000	0.000000
306.970000	0.542074	-1.129238	1.405437	0.000000	0.000000
306.980000	0.542073	-1.129253	1.405436	0.000000	0.000000
306.990000	0.542072	-1.129266	1.405435	0.000000	0.000000
307.000000	0.542068	-1.129277	1.405434	0.000000	0.000000
307.010000	0.542065	-1.129287	1.405434	0.000000	0.000000
307.020000	0.542061	-1.129296	1.405433	0.000000	0.000000
307.030000	0.542057	-1.129308	1.405432	0.000000	0.000000
307.040000	0.542054	-1.129321	1.405432	0.000000	0.000000
307.050000	0.542052	-1.129336	1.405432	0.000000	0.000000
307.060000	0.542049	-1.129352	1.405431	0.000000	0.000000
307.070000	0.542048	-1.129367	1.405431	0.000000	0.000000
307.080000	0.542044	-1.129381	1.405431	0.000000	0.000000
307.090000	0.542041	-1.129393	1.405431	0.000000	0.000000
307.100000	0.542037	-1.129403	1.405431	0.000000	0.000000
307.110000	0.542032	-1.129409	1.405431	0.000000	0.000000
307.120000	0.542027	-1.129412	1.405431	0.000000	0.000000
307.130000	0.542020	-1.129412	1.405431	0.000000	0.000000
307.140000	0.542014	-1.129409	1.405431	0.000000	0.000000
307.150000	0.542006	-1.129407	1.405432	0.000000	0.000000
307.160000	0.542000	-1.129406	1.405432	0.000000	0.000000
307.170000	0.541994	-1.129409	1.405432	0.000000	0.000000
307.180000	0.541988	-1.129415	1.405433	0.000000	0.000000
307.190000	0.541984	-1.129424	1.405433	0.000000	0.000000
307.200000	0.541980	-1.129435	1.405433	0.000000	0.000000
307.210000	0.541977	-1.129446	1.405433	0.000000	0.000000
307.220000	0.541973	-1.129456	1.405434	0.000000	0.000000
307.230000	0.541968	-1.129465	1.405434	0.000000	0.000000
307.240000	0.541963	-1.129472	1.405434	0.000000	0.000000
307.250000	0.541957	-1.129479	1.405434	0.000000	0.000000
307.260000	0.541950	-1.129487	1.405434	0.000000	0.000000
307.270000	0.541944	-1.129494	1.405434	0.000000	0.000000
307.280000	0.541938	-1.129503	1.405434	0.000000	0.000000
307.290000	0.541932	-1.129512	1.405434	0.000000	0.000000
307.300000	0.541926	-1.129522	1.405434	0.000000	0.000000
307.310000	0.541921	-1.129534	1.405433	0.000000	0.000000
307.320000	0.541918	-1.129546	1.405433	0.000000	0.000000
307.330000	0.541916	-1.129560	1.405433	0.000000	0.000000
307.340000	0.541914	-1.129574	1.405432	0.000000	0.000000
307.350000	0.541911	-1.129586	1.405431	0.000000	0.000000
307.360000	0.541909	-1.129596	1.405430	0.000000	0.000000
307.370000	0.541906	-1.129603	1.405429	0.000000	0.000000
307.380000	0.541904	-1.129608	1.405427	0.000000	0.000000
307.390000	0.541901	-1.129613	1.405426	0.000000	0.000000
307.400000	0.541899	-1.129620	1.405424	0.000000	0.000000
307.410000	0.541897	-1.129629	1.405423	0.000000	0.000000
307.420000	0.541895	-1.129637	1.405421	0.000000	0.000000
307.430000	0.541893	-1.129646	1.405419	0.000000	0.000000
307.440000	0.541891	-1.129653	1.405417	0.000000	0.000000
307.450000	0.541887	-1.129660	1.405415	0.000000	0.000000
307.460000	0.541884	-1.129667	1.405413	0.000000	0.000000
307.470000	0.541881	-1.129677	1.405411	0.000000	0.000000
307.480000	0.541879	-1.129690	1.405410	0.000000	0.000000
307.490000	0.541876	-1.129705	1.405408	0.000000	0.000000
307.500000	0.541875	-1.129721	1.405406	0.000000	0.000000
307.510000	0.541874	-1.129736	1.405404	0.000000	0.000000
307.520000	0.541872	-1.129751	1.405403	0.000000	0.000000
307.530000	0.541869	-1.129765	1.405401	0.000000	0.000000
307.540000	0.541866	-1.129776	1.405399	0.000000	0.000000
307.550000	0.541862	-1.129785	1.405398	0.000000	0.000000
307.560000	0.541857	-1.129791	1.405396	0.000000	0.000000
307.570000	0.541851	-1.129795	1.405394	0.000000	0.000000
307.580000	0.541844	-1.129798	1.405392	0.000000	0.000000
307.590000	0.541838	-1.129802	1.405390	0.000000	0.000000
307.600000	0.541832	-1.129806	1.405388	0.000000	0.000000
307.610000	0.541826	-1.129810	1.405386	0.000000	0.000000
307.620000	0.541820	-1.129814	1.405384	0.000000	0.000000
307.630000	0.541814	-1.129821	1.405382	0.000000	0.000000
307.640000	0.541811	-1.129832	1.405380	0.000000	0.000000
307.650000	0.541808	-1.129846	1.405378	0.000000	0.000000
307.660000	0.541807	-1.129864	1.405376	0.000000	0.000000
307.670000	0.541807	-1.129884	1.405373	0.000000	0.000000
307.680000	0.541807	-1.129903	1.405371	0.000000	0.000000
307.690000	0.541805	-1.129918	1.405369	0.000000	0.000000
307.700000	0.541802	-1.129928	1.405367	0.000000	0.000000
307.710000	0.541796	-1.129932	1.405364	0.000000	0.000000
307.720000	0.541790	-1.129934	1.405362	0.000000	0.000000
307.730000	0.541785	-1.129938	1.405359	0.000000	0.000000
307.740000	0.541781	-1.129946	1.405357	0.000000	0.000000
307.750000	0.541778	-1.129959	1.405354	0.000000	0.000000
307.760000	0.541777	-1.129976	1.405351	0.000000	0.000000
307.770000	0.541777	-1.129993	1.405349	0.000000	0.000000
307.780000	0.541777	-1.130009	1.405346	0.000000	0.000000
307.790000	0.541775	-1.130021	1.405343	0.000000	0.000000
307.800000	0.541771	-1.130027	1.405340	0.000000	0.000000
307.810000	0.541766	-1.130029	1.405337	0.000000	0.000000
307.820000	0.541761	-1.130032	1.405334	0.000000	0.000000
307.830000	0.541756	-1.130037	1.405331	0.000000	0.000000
307.840000	0.541753	-1.130046	1.405328	0.000000	0.000000
307.850000	0.541751	-1.130059	1.405324	0.000000	0.000000
307.860000	0.541750	-1.130074	1.405321	0.000000	0.000000
307.870000	0.541749	-1.130091	1.405317	0.000000	0.000000
307.880000	0.541748	-1.130107	1.405314	0.000000	0.000000
307.890000	0.541746	-1.130124	1.405310	0.000000	0.000000
307.900000	0.541744	-1.130142	1.405306	0.000000	0.000000
307.910000	0.541743	-1.130160	1.405302	0.000000	0.000000
307.920000	0.541740	-1.130179	1.405298	0.000000	0.000000
307.930000	0.541737	-1.130198	1.405294	0.000000	0.000000
307.940000	0.541735	-1.130216	1.405290	0.000000	0.000000
307.950000	0.541731	-1.130234	1.405286	0.000000	0.000000
307.960000	0.541726	-1.130250	1.405282	0.000000	0.000000
307.970000	0.541721	-1.130266	1.405277	0.000000	0.000000
307.980000	0.541716	-1.130281	1.405273	0.000000	0.000000
307.990000	0.541710	-1.130296	1.405268	0.000000	0.000000
308.000000	0.541705	-1.130311	1.405264	0.000000	0.000000
308.010000	0.541700	-1.130326	1.405259	0.000000	0.000000
308.020000	0.541695	-1.130342	1.405254	0.000000	0.000000
308.030000	0.541691	-1.130359	1.405249	0.000000	0.000000
308.040000	0.541687	-1.130379	1.405244	0.000000	0.000000
308.050000	0.541685	-1.130401	1.405238	0.000000	0.000000
308.060000	0.541683	-1.130426	1.405233	0.000000	0.000000
308.070000	0.541683	-1.130454	1.405227	0.000000	0.000000
308.080000	0.541682	-1.130484	1.405221	0.000000	0.000000
308.090000	0.541682	-1.130514	1.405215	0.000000	0.000000
308.100000	0.541683	-1.130542	1.405208	0.000000	0.000000
308.110000	0.541682	-1.130567	1.405202	0.000000	0.000000
308.120000	0.541680	-1.130587	1.405195	0.000000	0.000000
308.130000	0.541675	-1.130601	1.405188	0.000000	0.000000
308.140000	0.541669	-1.130612	1.405181	0.000000	0.000000
308.150000	0.541665	-1.130628	1.405174	0.000000	0.000000
308.160000	0.541664	-1.130650	1.405167	0.000000	0.000000
308.170000	0.541663	-1.130674	1.405160	0.000000	0.000000
308.180000	0.541662	-1.130699	1.405154	0.000000	0.000000
308.190000	0.541660	-1.130723	1.405147	0.000000	0.000000
308.200000	0.541658	-1.130744	1.405140	0.000000	0.000000
308.210000	0.541655	-1.130763	1.405133	0.000000	0.000000
308.220000	0.541652	-1.130779	1.405127	0.000000	0.000000
308.230000	0.541647	-1.130795	1.405120	0.000000	0.000000
308.240000	0.541643	-1.130812	1.405113	0.000000	0.000000
308.250000	0.541642	-1.130833	1.405107	0.000000	0.000000
308.260000	0.541641	-1.130856	1.405101	0.000000	0.000000
308.270000	0.541642	-1.130880	1.405095	0.000000	0.000000
308.280000	0.541643	-1.130904	1.405089	0.000000	0.000000
308.290000	0.541643	-1.130924	1.405083	0.000000	0.000000
308.300000	0.541640	-1.130941	1.405077	0.000000	0.000000
308.310000	0.541637	-1.130955	1.405071	0.000000	0.000000
308.320000	0.541633	-1.130966	1.405065	0.000000	0.000000
308.330000	0.541628	-1.130975	1.405059	0.000000	0.000000
308.340000	0.541623	-1.130984	1.405054	0.000000	0.000000
308.350000	0.541620	-1.130996	1.405048	0.000000	0.000000
308.360000	0.541617	-1.131013	1.405043	0.000000	0.000000
308.370000	0.541614	-1.131031	1.405038	0.000000	0.000000
308.380000	0.541611	-1.131049	1.405032	0.000000	0.000000
308.390000	0.541609	-1.131066	1.405027	0.000000	0.000000
308.400000	0.541604	-1.131081	1.405022	0.000000	0.000000
308.410000	0.541598	-1.131093	1.405017	0.000000	0.000000
308.420000	0.541592	-1.131106	1.405012	0.000000	0.000000
308.430000	0.541587	-1.131118	1.405008	0.000000	0.000000
308.440000	0.541582	-1.131130	1.405003	0.000000	0.000000
308.450000	0.541576	-1.131142	1.404998	0.000000	0.000000
308.460000	0.541570	-1.131154	1.404994	0.000000	0.000000
308.470000	0.541564	-1.131169	1.404989	0.000000	0.000000
308.480000	0.541559	-1.131186	1.404985	0.000000	0.000000
308.490000	0.541555	-1.131206	1.404980	0.000000	0.000000
308.500000	0.541552	-1.131229	1.404976	0.000000	0.000000
308.510000	0.541549	-1.131253	1.404971	0.000000	0.000000
308.520000	0.541546	-1.131279	1.404967	0.000000	0.000000
308.530000	0.541544	-1.131304	1.404963	0.000000	0.000000
308.540000	0.541543	-1.131328	1.404959	0.000000	0.000000
308.550000	0.541541	-1.131350	1.404955	0.000000	0.000000
308.560000	0.541539	-1.131371	1.404951	0.000000	0.000000
308.570000	0.541537	-1.131390	1.404947	0.000000	0.000000
308.580000	0.541536	-1.131408	1.404943	0.000000	0.000000
308.590000	0.541535	-1.131425	1.404939	0.000000	0.000000
308.600000	0.541531	-1.131438	1.404935	0.000000	0.000000
308.610000	0.541528	-1.131448	1.404931	0.000000	0.000000
308.620000	0.541523	-1.131451	1.404927	0.000000	0.000000
308.630000	0.541518	-1.131453	1.404923	0.000000	0.000000
308.640000	0.541513	-1.131455	1.404920	0.000000	0.000000
308.650000	0.541508	-1.131460	1.404916	0.000000	0.000000
308.660000	0.541505	-1.131469	1.404912	0.000000	0.000000
308.670000	0.541502	-1.131479	1.404908	0.000000	0.000000
308.680000	0.541499	-1.131489	1.404905	0.000000	0.000000
308.690000	0.541497	-1.131500	1.404901	0.000000	0.000000
308.700000	0.541494	-1.131511	1.404897	0.000000	0.000000
308.710000	0.541493	-1.131523	1.404894	0.000000	0.000000
308.720000	0.541491	-1.131535	1.404890	0.000000	0.000000
308.730000	0.541489	-1.131545	1.404886	0.000000	0.000000
308.740000	0.541487	-1.131552	1.404882	0.000000	0.000000
308.750000	0.541483	-1.131554	1.404879	0.000000	0.000000
308.760000	0.541478	-1.131553	1.404875	0.000000	0.000000
308.770000	0.541475	-1.131554	1.404871	0.000000	0.000000
308.780000	0.541471	-1.131560	1.404867	0.000000	0.000000
308.790000	0.541470	-1.131570	1.404863	0.000000	0.000000
308.800000	0.541467	-1.131582	1.404859	0.000000	0.000000
308.810000	0.541465	-1.131594	1.404855	0.000000	0.000000
308.820000	0.541461	-1.131607	1.404851	0.000000	0.000000
308.830000	0.541458	-1.131620	1.404848	0.000000	0.000000
308.840000	0.541457	-1.131635	1.404844	0.000000	0.000000
308.850000	0.541456	-1.131651	1.404840	0.000000	0.000000
308.860000	0.541456	-1.131667	1.404837	0.000000	0.000000
308.870000	0.541457	-1.131683	1.404833	0.000000	0.000000
308.880000	0.541457	-1.131697	1.404829	0.000000	0.000000
308.890000	0.541456	-1.131709	1.404826	0.000000	0.000000
308.900000	0.541455	-1.131718	1.404823	0.000000	0.000000
308.910000	0.541452	-1.131724	1.404819	0.000000	0.000000
308.920000	0.541450	-1.131728	1.404816	0.000000	0.000000
308.930000	0.541447	-1.131731	1.404812	0.000000	0.000000
308.940000	0.541445	-1.131731	1.404809	0.000000	0.000000
308.950000	0.541443	-1.131732	1.404806	0.000000	0.000000
308.960000	0.541442	-1.131734	1.404803	0.000000	0.000000
308.970000	0.541440	-1.131738	1.404799	0.000000	0.000000
308.980000	0.541439	-1.131746	1.404796	0.000000	0.000000
308.990000	0.541439	-1.131757	1.404793	0.000000	0.000000
309.000000	0.541441	-1.131769	1.404790	0.000000	0.000000
309.010000	0.541441	-1.131783	1.404786	0.000000	0.000000
309.020000	0.541441	-1.131796	1.404783	0.000000	0.000000
309.030000	0.541440	-1.131808	1.404779	0.000000	0.000000
309.040000	0.541439	-1.131817	1.404776	0.000000	0.000000
309.050000	0.541437	-1.131823	1.404772	0.000000	0.000000
309.060000	0.541435	-1.131827	1.404769	0.000000	0.000000
309.070000	0.541434	-1.131832	1.404765	0.000000	0.000000
309.080000	0.541435	-1.131841	1.404761	0.000000	0.000000
309.090000	0.541436	-1.131854	1.404757	0.000000	0.000000
309.100000	0.541438	-1.131873	1.404754	0.000000	0.000000
309.110000	0.541440	-1.131894	1.404750	0.000000	0.000000
309.120000	0.541441	-1.131918	1.404746	0.000000	0.000000
309.130000	0.541442	-1.131942	1.404742	0.000000	0.000000
309.140000	0.541444	-1.131967	1.404739	0.000000	0.000000
309.150000	0.541445	-1.131991	1.404735	0.000000	0.000000
309.160000	0.541447	-1.132014	1.404731	0.000000	0.000000
309.170000	0.541448	-1.132036	1.404727	0.000000	0.000000
309.180000	0.541449	-1.132056	1.404724	0.000000	0.000000
309.190000	0.541448	-1.132073	1.404720	0.000000	0.000000
309.200000	0.541447	-1.132088	1.404716	0.000000	0.000000
309.210000	0.541447	-1.132102	1.404712	0.000000	0.000000
309.220000	0.541446	-1.132116	1.404708	0.000000	0.000000
309.230000	0.541446	-1.132130	1.404704	0.000000	0.000000
309.240000	0.541446	-1.132147	1.404700	0.000000	0.000000
309.250000	0.541448	-1.132166	1.404696	0.000000	0.000000
309.260000	0.541450	-1.132186	1.404691	0.000000	0.000000
309.270000	0.541454	-1.132206	1.404687	0.000000	0.000000
309.280000	0.541457	-1.132225	1.404683	0.000000	0.000000
309.290000	0.541459	-1.132243	1.404678	0.000000	0.000000
309.300000	0.541461	-1.132259	1.404673	0.000000	0.000000
309.310000	0.541462	-1.132272	1.404669	0.000000	0.000000
309.320000	0.541462	-1.132282	1.404664	0.000000	0.000000
309.330000	0.541462	-1.132290	1.404659	0.000000	0.000000
309.340000	0.541463	-1.132299	1.404654	0.000000	0.000000
309.350000	0.541466	-1.132309	1.404649	0.000000	0.000000
309.360000	0.541470	-1.132320	1.404644	0.000000	0.000000
309.370000	0.541474	-1.132332	1.404639	0.000000	0.000000
309.380000	0.541478	-1.132347	1.404634	0.000000	0.000000
309.390000	0.541484	-1.132366	1.404629	0.000000	0.000000
309.400000	0.541491	-1.132387	1.404624	0.000000	0.000000
309.410000	0.541499	-1.132407	1.404620	0.000000	0.000000
309.420000	0.541505	-1.132425	1.404615	0.000000	0.000000
309.430000	0.541509	-1.132436	1.404610	0.000000	0.000000
309.440000	0.541512	-1.132441	1.404605	0.000000	0.000000
309.450000	0.541514	-1.132440	1.404601	0.000000	0.000000
309.460000	0.541515	-1.132439	1.404596	0.000000	0.000000
309.470000	0.541516	-1.132438	1.404591	0.000000	0.000000
309.480000	0.541517	-1.132439	1.404587	0.000000	0.000000
309.490000	0.541517	-1.132440	1.404582	0.000000	0.000000
309.500000	0.541517	-1.132440	1.404578	0.000000	0.000000
309.510000	0.541517	-1.132439	1.404574	0.000000	0.000000
309.520000	0.541516	-1.132437	1.404569	0.000000	0.000000
309.530000	0.541516	-1.132438	1.404565	0.000000	0.000000
309.540000	0.541516	-1.132442	1.404561	0.000000	0.000000
309.550000	0.541517	-1.132450	1.404557	0.000000	0.000000
309.560000	0.541518	-1.132462	1.404553	0.000000	0.000000
309.570000	0.541519	-1.132477	1.404549	0.000000	0.000000
309.580000	0.541522	-1.132492	1.404544	0.000000	0.000000
309.590000	0.541525	-1.132507	1.404540	0.000000	0.000000
309.600000	0.541528	-1.132520	1.404536	0.000000	0.000000
309.610000	0.541529	-1.132530	1.404532	0.000000	0.000000
309.620000	0.541529	-1.132538	1.404527	0.000000	0.000000
309.630000	0.541528	-1.132544	1.404523	0.000000	0.000000
309.640000	0.541530	-1.132552	1.404519	0.000000	0.000000
309.650000	0.541531	-1.132562	1.404514	0.000000	0.000000
309.660000	0.541534	-1.132573	1.404510	0.000000	0.000000
309.670000	0.541539	-1.132586	1.404505	0.000000	0.000000
309.680000	0.541543	-1.132599	1.404501	0.000000	0.000000
309.690000	0.541546	-1.132612	1.404497	0.000000	0.000000
309.700000	0.541549	-1.132622	1.404493	0.000000	0.000000
309.710000	0.541549	-1.132629	1.404489	0.000000	0.000000
309.720000	0.541548	-1.132634	1.404485	0.000000	0.000000
309.730000	0.541546	-1.132637	1.404481	0.000000	0.000000
309.740000	0.541545	-1.132641	1.404477	0.000000	0.000000
309.750000	0.541546	-1.132647	1.404473	0.000000	0.000000
309.760000	0.541548	-1.132655	1.404469	0.000000	0.000000
309.770000	0.541551	-1.132662	1.404465	0.000000	0.000000
309.780000	0.541554	-1.132668	1.404462	0.000000	0.000000
309.790000	0.541555	-1.132671	1.404458	0.000000	0.000000
309.800000	0.541556	-1.132672	1.404454	0.000000	0.000000
309.810000	0.541556	-1.132672	1.404451	0.000000	0.000000
309.820000	0.541557	-1.132672	1.404447	0.000000	0.000000
309.830000	0.541559	-1.132674	1.404443	0.000000	0.000000
309.840000	0.541562	-1.132681	1.404439	0.000000	0.000000
309.850000	0.541567	-1.132692	1.404434	0.000000	0.000000
309.860000	0.541574	-1.132708	1.404430	0.000000	0.000000
309.870000	0.541581	-1.132726	1.404425	0.000000	0.000000
309.880000	0.541589	-1.132745	1.404421	0.000000	0.000000
309.890000	0.541594	-1.132761	1.404415	0.000000	0.000000
309.900000	0.541600	-1.132774	1.404410	0.000000	0.000000
309.910000	0.541606	-1.132784	1.404405	0.000000	0.000000
309.920000	0.541611	-1.132794	1.404399	0.000000	0.000000
309.930000	0.541617	-1.132803	1.404393	0.000000	0.000000
309.940000	0.541622	-1.132813	1.404388	0.000000	0.000000
309.950000	0.541627	-1.132824	1.404382	0.000000	0.000000
309.960000	0.541630	-1.132833	1.404376	0.000000	0.000000
309.970000	0.541633	-1.132841	1.404370	0.000000	0.000000
309.980000	0.541637	-1.132850	1.404364	0.000000	0.000000
309.990000	0.541642	-1.132863	1.404358	0.000000	0.000000
310.000000	0.541646	-1.132878	1.404353	0.000000	0.000000
310.010000	0.541649	-1.132891	1.404347	0.000000	0.000000
310.020000	0.541649	-1.132894	1.404342	0.000000	0.000000
310.030000	0.541647	-1.132888	1.404336	0.000000	0.000000
310.040000	0.541644	-1.132881	1.404331	0.000000	0.000000
310.050000	0.541642	-1.132880	1.404326	0.000000	0.000000
310.060000	0.541641	-1.132884	1.404321	0.000000	0.000000
310.070000	0.541639	-1.132890	1.404317	0.000000	0.000000
310.080000	0.541638	-1.132896	1.404312	0.000000	0.000000
310.090000	0.541637	-1.132903	1.404308	0.000000	0.000000
310.100000	0.541633	-1.132910	1.404303	0.000000	0.000000
310.110000	0.541631	-1.132918	1.404299	0.000000	0.000000
310.120000	0.541629	-1.132927	1.404295	0.000000	0.000000
310.130000	0.541627	-1.132938	1.404291	0.000000	0.000000
310.140000	0.541625	-1.132949	1.404287	0.000000	0.000000
310.150000	0.541625	-1.132961	1.404283	0.000000	0.000000
310.160000	0.541625	-1.132972	1.404279	0.000000	0.000000
310.170000	0.541623	-1.132983	1.404275	0.000000	0.000000
310.180000	0.541622	-1.132991	1.404270	0.000000	0.000000
310.190000	0.541619	-1.132997	1.404266	0.000000	0.000000
310.200000	0.541617	-1.133001	1.404262	0.000000	0.000000
310.210000	0.541613	-1.133006	1.404258	0.000000	0.000000
310.220000	0.541611	-1.133013	1.404254	0.000000	0.000000
310.230000	0.541609	-1.133023	1.404250	0.000000	0.000000
310.240000	0.541608	-1.133034	1.404246	0.000000	0.000000
310.250000	0.541606	-1.133046	1.404242	0.000000	0.000000
310.260000	0.541604	-1.133059	1.404239	0.000000	0.000000
310.270000	0.541602	-1.133073	1.404235	0.000000	0.000000
310.280000	0.541601	-1.133087	1.404231	0.000000	0.000000
310.290000	0.541601	-1.133103	1.404226	0.000000	0.000000
310.300000	0.541600	-1.133118	1.404222	0.000000	0.000000
310.310000	0.541599	-1.133133	1.404218	0.000000	0.000000
310.320000	0.541599	-1.133149	1.404214	0.000000	0.000000
310.330000	0.541599	-1.133168	1.404209	0.000000	0.000000
310.340000	0.541599	-1.133188	1.404205	0.000000	0.000000
310.350000	0.541600	-1.133210	1.404200	0.000000	0.000000
310.360000	0.541601	-1.133232	1.404196	0.000000	0.000000
310.370000	0.541600	-1.133252	1.404191	0.000000	0.000000
310.380000	0.541599	-1.133270	1.404186	0.000000	0.000000
310.390000	0.541596	-1.133284	1.404180	0.000000	0.000000
310.400000	0.541591	-1.133295	1.404175	0.000000	0.000000
310.410000	0.541586	-1.133304	1.404170	0.000000	0.000000
310.420000	0.541582	-1.133312	1.404165	0.000000	0.000000
310.430000	0.541578	-1.133323	1.404159	0.000000	0.000000
310.440000	0.541575	-1.133336	1.404154	0.000000	0.000000
310.450000	0.541573	-1.133352	1.404148	0.000000	0.000000
310.460000	0.541572	-1.133370	1.404142	0.000000	0.000000
310.470000	0.541571	-1.133391	1.404137	0.000000	0.000000
310.480000	0.541571	-1.133414	1.404131	0.000000	0.000000
310.490000	0.541571	-1.133438	1.404125	0.000000	0.000000
310.500000	0.541570	-1.133462	1.404119	0.000000	0.000000
310.510000	0.541569	-1.133485	1.404114	0.000000	0.000000
310.520000	0.541568	-1.133508	1.404108	0.000000	0.000000
310.530000	0.541565	-1.133530	1.404102	0.000000	0.000000
310.540000	0.541563	-1.133551	1.404096	0.000000	0.000000
310.550000	0.541558	-1.133571	1.404091	0.000000	0.000000
310.560000	0.541554	-1.133590	1.404085	0.000000	0.000000
310.570000	0.541550	-1.133608	1.404079	0.000000	0.000000
310.580000	0.541545	-1.133624	1.404074	0.000000	0.000000
310.590000	0.541541	-1.133640	1.404068	0.000000	0.000000
310.600000	0.541538	-1.133656	1.404063	0.000000	0.000000
310.610000	0.541534	-1.133673	1.404058	0.000000	0.000000
310.620000	0.541533	-1.133692	1.404053	0.000000	0.000000
310.630000	0.541531	-1.133712	1.404048	0.000000	0.000000
310.640000	0.541531	-1.133732	1.404043	0.000000	0.000000
310.650000	0.541531	-1.133754	1.404039	0.000000	0.000000
310.660000	0.541530	-1.133777	1.404034	0.000000	0.000000
310.670000	0.541530	-1.133801	1.404030	0.000000	0.000000
310.680000	0.541529	-1.133826	1.404026	0.000000	0.000000
310.690000	0.541528	-1.133850	1.404023	0.000000	0.000000
310.700000	0.541526	-1.133874	1.404019	0.000000	0.000000
310.710000	0.541523	-1.133897	1.404015	0.000000	0.000000
310.720000	0.541519	-1.133920	1.404012	0.000000	0.000000
310.730000	0.541517	-1.133944	1.404009	0.000000	0.000000
310.740000	0.541514	-1.133968	1.404006	0.000000	0.000000
310.750000	0.541512	-1.133990	1.404002	0.000000	0.000000
310.760000	0.541510	-1.134011	1.403999	0.000000	0.000000
310.770000	0.541508	-1.134029	1.403996	0.000000	0.000000
310.780000	0.541505	-1.134045	1.403993	0.000000	0.000000
310.790000	0.541501	-1.134060	1.403990	0.000000	0.000000
310.800000	0.541498	-1.134076	1.403987	0.000000	0.000000
310.810000	0.541497	-1.134095	1.403984	0.000000	0.000000
310.820000	0.541496	-1.134116	1.403981	0.000000	0.000000
310.830000	0.541498	-1.134140	1.403978	0.000000	0.000000
310.840000	0.541500	-1.134164	1.403975	0.000000	0.000000
310.850000	0.541501	-1.134188	1.403972	0.000000	0.000000
310.860000	0.541501	-1.134210	1.403970	0.000000	0.000000
310.870000	0.541499	-1.134229	1.403967	0.000000	0.000000
310.880000	0.541496	-1.134244	1.403965	0.000000	0.000000
310.890000	0.541492	-1.134255	1.403963	0.000000	0.000000
310.900000	0.541487	-1.134264	1.403960	0.000000	0.000000
310.910000	0.541481	-1.134273	1.403958	0.000000	0.000000
310.920000	0.541475	-1.134283	1.403956	0.000000	0.000000
310.930000	0.541470	-1.134296	1.403955	0.000000	0.000000
310.940000	0.541465	-1.134311	1.403953	0.000000	0.000000
310.950000	0.541459	-1.134326	1.403951	0.000000	0.000000
310.960000	0.541453	-1.134341	1.403950	0.000000	0.000000
310.970000	0.541448	-1.134354	1.403948	0.000000	0.000000
310.980000	0.541441	-1.134365	1.403946	0.000000	0.000000
310.990000	0.541434	-1.134373	1.403945	0.000000	0.000000
311.000000	0.541426	-1.134375	1.403943	0.000000	0.000000
311.010000	0.541415	-1.134374	1.403942	0.000000	0.000000
311.020000	0.541405	-1.134370	1.403940	0.000000	0.000000
311.030000	0.541394	-1.134366	1.403939	0.000000	0.000000
311.040000	0.541385	-1.134364	1.403937	0.000000	0.000000
311.050000	0.541376	-1.134364	1.403935	0.000000	0.000000
311.060000	0.541368	-1.134367	1.403934	0.000000	0.000000
311.070000	0.541361	-1.134371	1.403932	0.000000	0.000000
311.080000	0.541355	-1.134378	1.403930	0.000000	0.000000
311.090000	0.541351	-1.134389	1.403928	0.000000	0.000000
311.100000	0.541347	-1.134402	1.403925	0.000000	0.000000
311.110000	0.541344	-1.134419	1.403923	0.000000	0.000000
311.120000	0.541343	-1.134436	1.403920	0.000000	0.000000
311.130000	0.541342	-1.134454	1.403917	0.000000	0.000000
311.140000	0.541342	-1.134470	1.403914	0.000000	0.000000
311.150000	0.541340	-1.134483	1.403911	0.000000	0.000000
311.160000	0.541336	-1.134490	1.403907	0.000000	0.000000
311.170000	0.541331	-1.134491	1.403904	0.000000	0.000000
311.180000	0.541325	-1.134488	1.403900	0.000000	0.000000
311.190000	0.541320	-1.134486	1.403896	0.000000	0.000000
311.200000	0.541317	-1.134488	1.403892	0.000000	0.000000
311.210000	0.541317	-1.134498	1.403888	0.000000	0.000000
311.220000	0.541319	-1.134513	1.403884	0.000000	0.000000
311.230000	0.541323	-1.134531	1.403879	0.000000	0.000000
311.240000	0.541328	-1.134552	1.403875	0.000000	0.000000
311.250000	0.541334	-1.134574	1.403871	0.000000	0.000000
311.260000	0.541338	-1.134595	1.403867	0.000000	0.000000
311.270000	0.541342	-1.134614	1.403863	0.000000	0.000000
311.280000	0.541345	-1.134627	1.403859	0.000000	0.000000
311.290000	0.541346	-1.134633	1.403855	0.000000	0.000000
311.300000	0.541346	-1.134633	1.403851	0.000000	0.000000
311.310000	0.541345	-1.134630	1.403848	0.000000	0.000000
311.320000	0.541344	-1.134627	1.403844	0.000000	0.000000
311.330000	0.541344	-1.134626	1.403841	0.000000	0.000000
311.340000	0.541344	-1.134627	1.403837	0.000000	0.000000
311.350000	0.541345	-1.134629	1.403834	0.000000	0.000000
311.360000	0.541346	-1.134630	1.403831	0.000000	0.000000
311.370000	0.541346	-1.134629	1.403827	0.000000	0.000000
311.380000	0.541345	-1.134625	1.403824	0.000000	0.000000
311.390000	0.541343	-1.134618	1.403821	0.000000	0.000000
311.400000	0.541339	-1.134608	1.403818	0.000000	0.000000
311.410000	0.541334	-1.134595	1.403815	0.000000	0.000000
311.420000	0.541328	-1.134581	1.403811	0.000000	0.000000
311.430000	0.541322	-1.134565	1.403808	0.000000	0.000000
311.440000	0.541316	-1.134549	1.403805	0.000000	0.000000
311.450000	0.541309	-1.134533	1.403802	0.000000	0.000000
311.460000	0.541304	-1.134518	1.403798	0.000000	0.000000
311.470000	0.541299	-1.134507	1.403795	0.000000	0.000000
311.480000	0.541294	-1.134499	1.403792	0.000000	0.000000
311.490000	0.541291	-1.134494	1.403788	0.000000	0.000000
311.500000	0.541288	-1.134491	1.403784	0.000000	0.000000
311.510000	0.541285	-1.134488	1.403781	0.000000	0.000000
311.520000	0.541283	-1.134487	1.403777	0.000000	0.000000
311.530000	0.541280	-1.134486	1.403773	0.000000	0.000000
311.540000	0.541276	-1.134486	1.403769	0.000000	0.000000
311.550000	0.541272	-1.134486	1.403764	0.000000	0.000000
311.560000	0.541268	-1.134488	1.403760	0.000000	0.000000
311.570000	0.541264	-1.134492	1.403755	0.000000	0.000000
311.580000	0.541261	-1.134498	1.403751	0.000000	0.000000
311.590000	0.541260	-1.134506	1.403746	0.000000	0.000000
311.600000	0.541258	-1.134514	1.403741	0.000000	0.000000
311.610000	0.541257	-1.134523	1.403737	0.000000	0.000000
311.620000	0.541255	-1.134532	1.403732	0.000000	0.000000
311.630000	0.541253	-1.134537	1.403727	0.000000	0.000000
311.640000	0.541249	-1.134537	1.403722	0.000000	0.000000
311.650000	0.541243	-1.134531	1.403717	0.000000	0.000000
311.660000	0.541237	-1.134524	1.403712	0.000000	0.000000
311.670000	0.541232	-1.134523	1.403707	0.000000	0.000000
311.680000	0.541230	-1.134528	1.403702	0.000000	0.000000
311.690000	0.541228	-1.134535	1.403696	0.000000	0.000000
311.700000	0.541225	-1.134540	1.403691	0.000000	0.000000
311.710000	0.541221	-1.134542	1.403686	0.000000	0.000000
311.720000	0.541216	-1.134542	1.403681	0.000000	0.000000
311.730000	0.541210	-1.134544	1.403675	0.000000	0.000000
311.740000	0.541205	-1.134548	1.403670	0.000000	0.000000
311.750000	0.541200	-1.134557	1.403664	0.000000	0.000000
311.760000	0.541197	-1.134569	1.403659	0.000000	0.000000
311.770000	0.541195	-1.134585	1.403653	0.000000	0.000000
311.780000	0.541194	-1.134603	1.403648	0.000000	0.000000
311.790000	0.541193	-1.134622	1.403642	0.000000	0.000000
311.800000	0.541191	-1.134642	1.403636	0.000000	0.000000
311.810000	0.541188	-1.134660	1.403630	0.000000	0.000000
311.820000	0.541184	-1.134677	1.403624	0.000000	0.000000
311.830000	0.541179	-1.134690	1.403619	0.000000	0.000000
311.840000	0.541174	-1.134701	1.403612	0.000000	0.000000
311.850000	0.541167	-1.134710	1.403606	0.000000	0.000000
311.860000	0.541161	-1.134717	1.403600	0.000000	0.000000
311.870000	0.541156	-1.134724	1.403594	0.000000	0.000000
311.880000	0.541151	-1.134734	1.403588	0.000000	0.000000
311.890000	0.541147	-1.134748	1.403582	0.000000	0.000000
311.900000	0.541144	-1.134762	1.403576	0.000000	0.000000
311.910000	0.541140	-1.134777	1.403570	0.000000	0.000000
311.920000	0.541137	-1.134791	1.403564	0.000000	0.000000
311.930000	0.541133	-1.134802	1.403559	0.000000	0.000000
311.940000	0.541129	-1.134812	1.403553	0.000000	0.000000
311.950000	0.541124	-1.134820	1.403547	0.000000	0.000000
311.960000	0.541119	-1.134826	1.403542	0.000000	0.000000
311.970000	0.541114	-1.134828	1.403536	0.000000	0.000000
311.980000	0.541108	-1.134829	1.403531	0.000000	0.000000
311.990000	0.541101	-1.134829	1.403525	0.000000	0.000000
312.000000	0.541094	-1.134831	1.403520	0.000000	0.000000
312.010000	0.541088	-1.134836	1.403515	0.000000	0.000000
312.020000	0.541082	-1.134844	1.403510	0.000000	0.000000
312.030000	0.541078	-1.134856	1.403505	0.000000	0.000000
312.040000	0.541074	-1.134868	1.403500	0.000000	0.000000
312.050000	0.541071	-1.134880	1.403495	0.000000	0.000000
312.060000	0.541067	-1.134889	1.403490	0.000000	0.000000
312.070000	0.541061	-1.134895	1.403485	0.000000	0.000000
312.080000	0.541054	-1.134897	1.403480	0.000000	0.000000
312.090000	0.541047	-1.134899	1.403475	0.000000	0.000000
312.100000	0.541039	-1.134902	1.403470	0.000000	0.000000
312.110000	0.541034	-1.134908	1.403465	0.000000	0.000000
312.120000	0.541030	-1.134916	1.403460	0.000000	0.000000
312.130000	0.541027	-1.134928	1.403456	0.000000	0.000000
312.140000	0.541024	-1.134940	1.403451	0.000000	0.000000
312.150000	0.541021	-1.134952	1.403446	0.000000	0.000000
312.160000	0.541017	-1.134963	1.403441	0.000000	0.000000
312.170000	0.541013	-1.134972	1.403436	0.000000	0.000000
312.180000	0.541007	-1.134979	1.403430	0.000000	0.000000
312.190000	0.541001	-1.134983	1.403425	0.000000	0.000000
312.200000	0.540994	-1.134985	1.403420	0.000000	0.000000
312.210000	0.540987	-1.134985	1.403414	0.000000	0.000000
312.220000	0.540980	-1.134983	1.403409	0.000000	0.000000
312.230000	0.540973	-1.134981	1.403403	0.000000	0.000000
312.240000	0.540967	-1.134982	1.403397	0.000000	0.000000
312.250000	0.540962	-1.134988	1.403391	0.000000	0.000000
312.260000	0.540959	-1.134998	1.403386	0.000000	0.000000
312.270000	0.540957	-1.135009	1.403380	0.000000	0.000000
312.280000	0.540953	-1.135020	1.403374	0.000000	0.000000
312.290000	0.540949	-1.135030	1.403368	0.000000	0.000000
312.300000	0.540944	-1.135038	1.403362	0.000000	0.000000
312.310000	0.540939	-1.135046	1.403356	0.000000	0.000000
312.320000	0.540934	-1.135056	1.403350	0.000000	0.000000
312.330000	0.540931	-1.135070	1.403344	0.000000	0.000000
312.340000	0.540930	-1.135089	1.403339	0.000000	0.000000
312.350000	0.540931	-1.135112	1.403334	0.000000	0.000000
312.360000	0.540933	-1.135136	1.403328	0.000000	0.000000
312.370000	0.540934	-1.135159	1.403323	0.000000	0.000000
312.380000	0.540935	-1.135180	1.403318	0.000000	0.000000
312.390000	0.540934	-1.135198	1.403314	0.000000	0.000000
312.400000	0.540932	-1.135212	1.403309	0.000000	0.000000
312.410000	0.540928	-1.135222	1.403305	0.000000	0.000000
312.420000	0.540923	-1.135229	1.403301	0.000000	0.000000
312.430000	0.540918	-1.135232	1.403297	0.000000	0.000000
312.440000	0.540912	-1.135233	1.403293	0.000000	0.000000
312.450000	0.540905	-1.135233	1.403289	0.000000	0.000000
312.460000	0.540898	-1.135233	1.403285	0.000000	0.000000
312.470000	0.540892	-1.135234	1.403281	0.000000	0.000000
312.480000	0.540884	-1.135235	1.403278	0.000000	0.000000
312.490000	0.540877	-1.135237	1.403274	0.000000	0.000000
312.500000	0.540870	-1.135240	1.403270	0.000000	0.000000
312.510000	0.540862	-1.135244	1.403267	0.000000	0.000000
312.520000	0.540855	-1.135249	1.403263	0.000000	0.000000
312.530000	0.540848	-1.135257	1.403259	0.000000	0.000000
312.540000	0.540841	-1.135265	1.403255	0.000000	0.000000
312.550000	0.540835	-1.135276	1.403251	0.000000	0.000000
312.560000	0.540829	-1.135289	1.403247	0.000000	0.000000
312.570000	0.540822	-1.135305	1.403242	0.000000	0.000000
312.580000	0.540816	-1.135322	1.403238	0.000000	0.000000
312.590000	0.540809	-1.135340	1.403233	0.000000	0.000000
312.600000	0.540804	-1.135360	1.403229	0.000000	0.000000
312.610000	0.540799	-1.135379	1.403224	0.000000	0.000000
312.620000	0.540794	-1.135395	1.403219	0.000000	0.000000
312.630000	0.540788	-1.135410	1.403215	0.000000	0.000000
312.640000	0.540783	-1.135425	1.403210	0.000000	0.000000
312.650000	0.540778	-1.135443	1.403205	0.000000	0.000000
312.660000	0.540774	-1.135464	1.403200	0.000000	0.000000
312.670000	0.540770	-1.135485	1.403195	0.000000	0.000000
312.680000	0.540765	-1.135506	1.403190	0.000000	0.000000
312.690000	0.540760	-1.135525	1.403185	0.000000	0.000000
312.700000	0.540754	-1.135544	1.403180	0.000000	0.000000
312.710000	0.540749	-1.135561	1.403175	0.000000	0.000000
312.720000	0.540742	-1.135576	1.403170	0.000000	0.000000
312.730000	0.540735	-1.135591	1.403165	0.000000	0.000000
312.740000	0.540728	-1.135604	1.403160	0.000000	0.000000
312.750000	0.540720	-1.135618	1.403155	0.000000	0.000000
312.760000	0.540712	-1.135631	1.403150	0.000000	0.000000
312.770000	0.540705	-1.135644	1.403145	0.000000	0.000000
312.780000	0.540699	-1.135660	1.403140	0.000000	0.000000
312.790000	0.540693	-1.135678	1.403135	0.000000	0.000000
312.800000	0.540688	-1.135698	1.403130	0.000000	0.000000
312.810000	0.540683	-1.135720	1.403125	0.000000	0.000000
312.820000	0.540678	-1.135741	1.403120	0.000000	0.000000
312.830000	0.540674	-1.135763	1.403115	0.000000	0.000000
312.840000	0.540669	-1.135784	1.403110	0.000000	0.000000
312.850000	0.540664	-1.135806	1.403105	0.000000	0.000000
312.860000	0.540660	-1.135829	1.403099	0.000000	0.000000
312.870000	0.540655	-1.135854	1.403094	0.000000	0.000000
312.880000	0.540652	-1.135879	1.403089	0.000000	0.000000
312.890000	0.540648	-1.135904	1.403084	0.000000	0.000000
312.900000	0.540644	-1.135927	1.403079	0.000000	0.000000
312.910000	0.540640	-1.135948	1.403074	0.000000	0.000000
312.920000	0.540635	-1.135967	1.403068	0.000000	0.000000
312.930000	0.540630	-1.135984	1.403063	0.000000	0.000000
312.940000	0.540624	-1.135999	1.403058	0.000000	0.000000
312.950000	0.540618	-1.136012	1.403053	0.000000	0.000000
312.960000	0.540611	-1.136023	1.403048	0.000000	0.000000
312.970000	0.540604	-1.136031	1.403043	0.000000	0.000000
312.980000	0.540596	-1.136039	1.403038	0.000000	0.000000
312.990000	0.540589	-1.136047	1.403033	0.000000	0.000000
313.000000	0.540582	-1.136057	1.403027	0.000000	0.000000
313.010000	0.540576	-1.136069	1.403022	0.000000	0.000000
313.020000	0.540569	-1.136080	1.403017	0.000000	0.000000
313.030000	0.540564	-1.136092	1.403011	0.000000	0.000000
313.040000	0.540559	-1.136103	1.403006	0.000000	0.000000
313.050000	0.540554	-1.136112	1.403001	0.000000	0.000000
313.060000	0.540549	-1.136121	1.402995	0.000000	0.000000
313.070000	0.540544	-1.136130	1.402989	0.000000	0.000000
313.080000	0.540541	-1.136138	1.402984	0.000000	0.000000
313.090000	0.540539	-1.136147	1.402978	0.000000	0.000000
313.100000	0.540536	-1.136156	1.402972	0.000000	0.000000
313.110000	0.540535	-1.136165	1.402966	0.000000	0.000000
313.120000	0.540532	-1.136171	1.402960	0.000000	0.000000
313.130000	0.540528	-1.136174	1.402954	0.000000	0.000000
313.140000	0.540523	-1.136174	1.402948	0.000000	0.000000
313.150000	0.540517	-1.136173	1.402943	0.000000	0.000000
313.160000	0.540512	-1.136174	1.402937	0.000000	0.000000
313.170000	0.540509	-1.136178	1.402931	0.000000	0.000000
313.180000	0.540506	-1.136185	1.402925	0.000000	0.000000
313.190000	0.540506	-1.136194	1.402920	0.000000	0.000000
313.200000	0.540505	-1.136205	1.402914	0.000000	0.000000
313.210000	0.540505	-1.136215	1.402909	0.000000	0.000000
313.220000	0.540504	-1.136225	1.402903	0.000000	0.000000
313.230000	0.540503	-1.136233	1.402898	0.000000	0.000000
313.240000	0.540499	-1.136237	1.402893	0.000000	0.000000
313.250000	0.540495	-1.136239	1.402887	0.000000	0.000000
313.260000	0.540490	-1.136238	1.402882	0.000000	0.000000
313.270000	0.540485	-1.136236	1.402876	0.000000	0.000000
313.280000	0.540481	-1.136238	1.402871	0.000000	0.000000
313.290000	0.540479	-1.136243	1.402865	0.000000	0.000000
313.300000	0.540477	-1.136252	1.402860	0.000000	0.000000
313.310000	0.540476	-1.136264	1.402854	0.000000	0.000000
313.320000	0.540477	-1.136277	1.402848	0.000000	0.000000
313.330000	0.540479	-1.136291	1.402842	0.000000	0.000000
313.340000	0.540480	-1.136305	1.402837	0.000000	0.000000
313.350000	0.540480	-1.136316	1.402831	0.000000	0.000000
313.360000	0.540480	-1.136325	1.402825	0.000000	0.000000
313.370000	0.540481	-1.136336	1.402818	0.000000	0.000000
313.380000	0.540482	-1.136348	1.402812	0.000000	0.000000
313.390000	0.540485	-1.136364	1.402806	0.000000	0.000000
313.400000	0.540489	-1.136382	1.402800	0.000000	0.000000
313.410000	0.540492	-1.136399	1.402793	0.000000	0.000000
313.420000	0.540496	-1.136415	1.402787	0.000000	0.000000
313.430000	0.540497	-1.136427	1.402780	0.000000	0.000000
313.440000	0.540498	-1.136437	1.402774	0.000000	0.000000
313.450000	0.540498	-1.136447	1.402767	0.000000	0.000000
313.460000	0.540498	-1.136456	1.402760	0.000000	0.000000
313.470000	0.540498	-1.136467	1.402753	0.000000	0.000000
313.480000	0.540498	-1.136478	1.402746	0.000000	0.000000
313.490000	0.540499	-1.136489	1.402739	0.000000	0.000000
313.500000	0.540499	-1.136500	1.402732	0.000000	0.000000
313.510000	0.540500	-1.136511	1.402725	0.000000	0.000000
313.520000	0.540500	-1.136524	1.402717	0.000000	0.000000
313.530000	0.540500	-1.136539	1.402710	0.000000	0.000000
313.540000	0.540501	-1.136555	1.402703	0.000000	0.000000
313.550000	0.540502	-1.136573	1.402695	0.000000	0.000000
313.560000	0.540503	-1.136593	1.402687	0.000000	0.000000
313.570000	0.540505	-1.136615	1.402679	0.000000	0.000000
313.580000	0.540506	-1.136637	1.402672	0.000000	0.000000
313.590000	0.540506	-1.136659	1.402664	0.000000	0.000000
313.600000	0.540505	-1.136680	1.402656	0.000000	0.000000
313.610000	0.540503	-1.136701	1.402648	0.000000	0.000000
313.620000	0.540503	-1.136723	1.402640	0.000000	0.000000
313.630000	0.540503	-1.136749	1.402631	0.000000	0.000000
313.640000	0.540505	-1.136776	1.402623	0.000000	0.000000
313.650000	0.540508	-1.136805	1.402615	0.000000	0.000000
313.660000	0.540510	-1.136834	1.402607	0.000000	0.000000
313.670000	0.540511	-1.136861	1.402599	0.000000	0.000000
313.680000	0.540511	-1.136884	1.402592	0.000000	0.000000
313.690000	0.540511	-1.136905	1.402584	0.000000	0.000000
313.700000	0.540509	-1.136921	1.402576	0.000000	0.000000
313.710000	0.540507	-1.136935	1.402569	0.000000	0.000000
313.720000	0.540504	-1.136949	1.402561	0.000000	0.000000
313.730000	0.540502	-1.136964	1.402554	0.000000	0.000000
313.740000	0.540500	-1.136981	1.402547	0.000000	0.000000
313.750000	0.540499	-1.137000	1.402541	0.000000	0.000000
313.760000	0.540497	-1.137021	1.402534	0.000000	0.000000
313.770000	0.540495	-1.137044	1.402528	0.000000	0.000000
313.780000	0.540493	-1.137066	1.402521	0.000000	0.000000
313.790000	0.540491	-1.137089	1.402515	0.000000	0.000000
313.800000	0.540489	-1.137110	1.402509	0.000000	0.000000
313.810000	0.540486	-1.137131	1.402503	0.000000	0.000000
313.820000	0.540482	-1.137150	1.402497	0.000000	0.000000
313.830000	0.540478	-1.137167	1.402491	0.000000	0.000000
313.840000	0.540473	-1.137183	1.402485	0.000000	0.000000
313.850000	0.540467	-1.137196	1.402479	0.000000	0.000000
313.860000	0.540461	-1.137208	1.402473	0.000000	0.000000
313.870000	0.540453	-1.137219	1.402467	0.000000	0.000000
313.880000	0.540446	-1.137231	1.402461	0.000000	0.000000
313.890000	0.540441	-1.137245	1.402455	0.000000	0.000000
313.900000	0.540435	-1.137261	1.402449	0.000000	0.000000
313.910000	0.540431	-1.137280	1.402443	0.000000	0.000000
313.920000	0.540427	-1.137302	1.402437	0.000000	0.000000
313.930000	0.540424	-1.137327	1.402431	0.000000	0.000000
313.940000	0.540421	-1.137354	1.402425	0.000000	0.000000
313.950000	0.540419	-1.137381	1.402419	0.000000	0.000000
313.960000	0.540414	-1.137406	1.402413	0.000000	0.000000
313.970000	0.540407	-1.137426	1.402407	0.000000	0.000000
313.980000	0.540399	-1.137442	1.402401	0.000000	0.000000
313.990000	0.540391	-1.137454	1.402394	0.000000	0.000000
314.000000	0.540384	-1.137464	1.402388	0.000000	0.000000
314.010000	0.540376	-1.137473	1.402382	0.000000	0.000000
314.020000	0.540367	-1.137482	1.402376	0.000000	0.000000
314.030000	0.540359	-1.137492	1.402370	0.000000	0.000000
314.040000	0.540352	-1.137504	1.402364	0.000000	0.000000
314.050000	0.540345	-1.137518	1.402357	0.000000	0.000000
314.060000	0.540339	-1.137535	1.402351	0.000000	0.000000
314.070000	0.540334	-1.137555	1.402345	0.000000	0.000000
314.080000	0.540330	-1.137578	1.402339	0.000000	0.000000
314.090000	0.540326	-1.137603	1.402333	0.000000	0.000000
314.100000	0.540324	-1.137629	1.402327	0.000000	0.000000
314.110000	0.540321	-1.137654	1.402321	0.000000	0.000000
314.120000	0.540319	-1.137676	1.402316	0.000000	0.000000
314.130000	0.540314	-1.137695	1.402310	0.000000	0.000000
314.140000	0.540309	-1.137709	1.402304	0.000000	0.000000
314.150000	0.540304	-1.137719	1.402298	0.000000	0.000000
314.160000	0.540298	-1.137729	1.402292	0.000000	0.000000
314.170000	0.540294	-1.137741	1.402286	0.000000	0.000000
314.180000	0.540292	-1.137756	1.402280	0.000000	0.000000
314.190000	0.540290	-1.137775	1.402274	0.000000	0.000000
314.200000	0.540290	-1.137797	1.402269	0.000000	0.000000
314.210000	0.540291	-1.137818	1.402263	0.000000	0.000000
314.220000	0.540291	-1.137838	1.402257	0.000000	0.000000
314.230000	0.540290	-1.137855	1.402251	0.000000	0.000000
314.240000	0.540288	-1.137867	1.402246	0.000000	0.000000
314.250000	0.540284	-1.137874	1.402240	0.000000	0.000000
314.260000	0.540278	-1.137876	1.402234	0.000000	0.000000
314.270000	0.540272	-1.137875	1.402229	0.000000	0.000000
314.280000	0.540267	-1.137873	1.402223	0.000000	0.000000
314.290000	0.540262	-1.137872	1.402217	0.000000	0.000000
314.300000	0.540258	-1.137874	1.402212	0.000000	0.000000
314.310000	0.540256	-1.137878	1.402206	0.000000	0.000000
314.320000	0.540254	-1.137886	1.402201	0.000000	0.000000
314.330000	0.540253	-1.137895	1.402196	0.000000	0.000000
314.340000	0.540252	-1.137906	1.402191	0.000000	0.000000
314.350000	0.540252	-1.137918	1.402186	0.000000	0.000000
314.360000	0.540252	-1.137930	1.402181	0.000000	0.000000
314.370000	0.540253	-1.137941	1.402176	0.000000	0.000000
314.380000	0.540252	-1.137950	1.402171	0.000000	0.000000
314.390000	0.540251	-1.137957	1.402166	0.000000	0.000000
314.400000	0.540249	-1.137961	1.402162	0.000000	0.000000
314.410000	0.540246	-1.137965	1.402157	0.000000	0.000000
314.420000	0.540244	-1.137968	1.402153	0.000000	0.000000
314.430000	0.540243	-1.137971	1.402148	0.000000	0.000000
314.440000	0.540242	-1.137975	1.402144	0.000000	0.000000
314.450000	0.540242	-1.137979	1.402139	0.000000	0.000000
314.460000	0.540243	-1.137982	1.402135	0.000000	0.000000
314.470000	0.540243	-1.137984	1.402131	0.000000	0.000000
314.480000	0.540242	-1.137984	1.402126	0.000000	0.000000
314.490000	0.540241	-1.137982	1.402122	0.000000	0.000000
314.500000	0.540239	-1.137980	1.402118	0.000000	0.000000
314.510000	0.540240	-1.137977	1.402113	0.000000	0.000000
314.520000	0.540241	-1.137976	1.402109	0.000000	0.000000
314.530000	0.540242	-1.137977	1.402105	0.000000	0.000000
314.540000	0.540244	-1.137980	1.402101	0.000000	0.000000
314.550000	0.540246	-1.137984	1.402097	0.000000	0.000000
314.560000	0.540247	-1.137986	1.402093	0.000000	0.000000
314.570000	0.540249	-1.137987	1.402089	0.000000	0.000000
314.580000	0.540251	-1.137987	1.402085	0.000000	0.000000
314.590000	0.540254	-1.137985	1.402081	0.000000	0.000000
314.600000	0.540257	-1.137984	1.402077	0.000000	0.000000
314.610000	0.540261	-1.137981	1.402074	0.000000	0.000000
314.620000	0.540264	-1.137976	1.402070	0.000000	0.000000
314.630000	0.540265	-1.137968	1.402067	0.000000	0.000000
314.640000	0.540266	-1.137958	1.402064	0.000000	0.000000
314.650000	0.540266	-1.137944	1.402061	0.000000	0.000000
314.660000	0.540267	-1.137930	1.402058	0.000000	0.000000
314.670000	0.540268	-1.137915	1.402055	0.000000	0.000000
314.680000	0.540269	-1.137898	1.402052	0.000000	0.000000
314.690000	0.540268	-1.137881	1.402050	0.000000	0.000000
314.700000	0.540267	-1.137864	1.402047	0.000000	0.000000
314.710000	0.540267	-1.137847	1.402045	0.000000	0.000000
314.720000	0.540266	-1.137833	1.402042	0.000000	0.000000
314.730000	0.540266	-1.137821	1.402040	0.000000	0.000000
314.740000	0.540266	-1.137812	1.402038	0.000000	0.000000
314.750000	0.540267	-1.137807	1.402036	0.000000	0.000000
314.760000	0.540269	-1.137804	1.402033	0.000000	0.000000
314.770000	0.540271	-1.137802	1.402031	0.000000	0.000000
314.780000	0.540274	-1.137801	1.402029	0.000000	0.000000
314.790000	0.540276	-1.137798	1.402027	0.000000	0.000000
314.800000	0.540278	-1.137792	1.402024	0.000000	0.000000
314.810000	0.540279	-1.137782	1.402022	0.000000	0.000000
314.820000	0.540280	-1.137770	1.402020	0.000000	0.000000
314.830000	0.540280	-1.137762	1.402017	0.000000	0.000000
314.840000	0.540281	-1.137757	1.402015	0.000000	0.000000
314.850000	0.540282	-1.137757	1.402012	0.000000	0.000000
314.860000	0.540284	-1.137757	1.402010	0.000000	0.000000
314.870000	0.540285	-1.137757	1.402007	0.000000	0.000000
314.880000	0.540287	-1.137758	1.402005	0.000000	0.000000
314.890000	0.540289	-1.137759	1.402002	0.000000	0.000000
314.900000	0.540290	-1.137760	1.401999	0.000000	0.000000
314.910000	0.540292	-1.137764	1.401997	0.000000	0.000000
314.920000	0.540296	-1.137772	1.401994	0.000000	0.000000
314.930000	0.540300	-1.137781	1.401991	0.000000	0.000000
314.940000	0.540302	-1.137790	1.401988	0.000000	0.000000
314.950000	0.540303	-1.137796	1.401985	0.000000	0.000000
314.960000	0.540303	-1.137800	1.401982	0.000000	0.000000
314.970000	0.540303	-1.137802	1.401979	0.000000	0.000000
314.980000	0.540301	-1.137799	1.401976	0.000000	0.000000
314.990000	0.540300	-1.137793	1.401973	0.000000	0.000000
315.000000	0.540297	-1.137785	1.401970	0.000000	0.000000
315.010000	0.540295	-1.137780	1.401967	0.000000	0.000000
315.020000	0.540295	-1.137779	1.401964	0.000000	0.000000
315.030000	0.540297	-1.137782	1.401961	0.000000	0.000000
315.040000	0.540300	-1.137788	1.401958	0.000000	0.000000
315.050000	0.540302	-1.137793	1.401955	0.000000	0.000000
315.060000	0.540303	-1.137797	1.401953	0.000000	0.000000
315.070000	0.540303	-1.137798	1.401950	0.000000	0.000000
315.080000	0.540300	-1.137797	1.401947	0.000000	0.000000
315.090000	0.540299	-1.137795	1.401945	0.000000	0.000000
315.100000	0.540298	-1.137792	1.401942	0.000000	0.000000
315.110000	0.540297	-1.137791	1.401940	0.000000	0.000000
315.120000	0.540297	-1.137790	1.401937	0.000000	0.000000
315.130000	0.540297	-1.137790	1.401935	0.000000	0.000000
315.140000	0.540298	-1.137790	1.401932	0.000000	0.000000
315.150000	0.540298	-1.137791	1.401930	0.000000	0.000000
315.160000	0.540297	-1.137792	1.401927	0.000000	0.000000
315.170000	0.540297	-1.137794	1.401924	0.000000	0.000000
315.180000	0.540297	-1.137795	1.401922	0.000000	0.000000
315.190000	0.540296	-1.137797	1.401919	0.000000	0.000000
315.200000	0.540296	-1.137800	1.401917	0.000000	0.000000
315.210000	0.540295	-1.137802	1.401914	0.000000	0.000000
315.220000	0.540294	-1.137806	1.401911	0.000000	0.000000
315.230000	0.540293	-1.137810	1.401908	0.000000	0.000000
315.240000	0.540294	-1.137816	1.401905	0.000000	0.000000
315.250000	0.540294	-1.137825	1.401902	0.000000	0.000000
315.260000	0.540296	-1.137835	1.401899	0.000000	0.000000
315.270000	0.540298	-1.137846	1.401896	0.000000	0.000000
315.280000	0.540300	-1.137859	1.401893	0.000000	0.000000
315.290000	0.540301	-1.137871	1.401890	0.000000	0.000000
315.300000	0.540302	-1.137881	1.401887	0.000000	0.000000
315.310000	0.540302	-1.137888	1.401884	0.000000	0.000000
315.320000	0.540300	-1.137892	1.401880	0.000000	0.000000
315.330000	0.540297	-1.137895	1.401877	0.000000	0.000000
315.340000	0.540295	-1.137898	1.401874	0.000000	0.000000
315.350000	0.540293	-1.137904	1.401871	0.000000	0.000000
315.360000	0.540292	-1.137913	1.401868	0.000000	0.000000
315.370000	0.540293	-1.137923	1.401864	0.000000	0.000000
315.380000	0.540294	-1.137934	1.401861	0.000000	0.000000
315.390000	0.540294	-1.137942	1.401858	0.000000	0.000000
315.400000	0.540293	-1.137947	1.401855	0.000000	0.000000
315.410000	0.540290	-1.137951	1.401852	0.000000	0.000000
315.420000	0.540288	-1.137955	1.401849	0.000000	0.000000
315.430000	0.540286	-1.137960	1.401846	0.000000	0.000000
315.440000	0.540285	-1.137967	1.401843	0.000000	0.000000
315.450000	0.540284	-1.137976	1.401840	0.000000	0.000000
315.460000	0.540285	-1.137986	1.401836	0.000000	0.000000
315.470000	0.540286	-1.137999	1.401833	0.000000	0.000000
315.480000	0.540287	-1.138012	1.401830	0.000000	0.000000
315.490000	0.540289	-1.138026	1.401826	0.000000	0.000000
315.500000	0.540291	-1.138041	1.401822	0.000000	0.000000
315.510000	0.540293	-1.138056	1.401819	0.000000	0.000000
315.520000	0.540295	-1.138071	1.401815	0.000000	0.000000
315.530000	0.540297	-1.138087	1.401811	0.000000	0.000000
315.540000	0.540299	-1.138103	1.401807	0.000000	0.000000
315.550000	0.540300	-1.138118	1.401802	0.000000	0.000000
315.560000	0.540301	-1.138133	1.401798	0.000000	0.000000
315.570000	0.540300	-1.138146	1.401793	0.000000	0.000000
315.580000	0.540300	-1.138157	1.401789	0.000000	0.000000
315.590000	0.540300	-1.138168	1.401784	0.000000	0.000000
315.600000	0.540299	-1.138180	1.401779	0.000000	0.000000
315.610000	0.540300	-1.138194	1.401774	0.000000	0.000000
315.620000	0.540301	-1.138209	1.401769	0.000000	0.000000
315.630000	0.540302	-1.138224	1.401764	0.000000	0.000000
315.640000	0.540303	-1.138238	1.401758	0.000000	0.000000
315.650000	0.540303	-1.138251	1.401753	0.000000	0.000000
315.660000	0.540303	-1.138263	1.401748	0.000000	0.000000
315.670000	0.540303	-1.138275	1.401743	0.000000	0.000000
315.680000	0.540304	-1.138287	1.401737	0.000000	0.000000
315.690000	0.540305	-1.138299	1.401732	0.000000	0.000000
315.700000	0.540305	-1.138309	1.401727	0.000000	0.000000
315.710000	0.540304	-1.138318	1.401722	0.000000	0.000000
315.720000	0.540303	-1.138325	1.401717	0.000000	0.000000
315.730000	0.540300	-1.138331	1.401712	0.000000	0.000000
315.740000	0.540297	-1.138336	1.401708	0.000000	0.000000
315.750000	0.540294	-1.138341	1.401703	0.000000	0.000000
315.760000	0.540293	-1.138348	1.401698	0.000000	0.000000
315.770000	0.540292	-1.138356	1.401694	0.000000	0.000000
315.780000	0.540292	-1.138366	1.401689	0.000000	0.000000
315.790000	0.540293	-1.138378	1.401685	0.000000	0.000000
315.800000	0.540294	-1.138389	1.401681	0.000000	0.000000
315.810000	0.540295	-1.138400	1.401677	0.000000	0.000000
315.820000	0.540296	-1.138408	1.401673	0.000000	0.000000
315.830000	0.540297	-1.138415	1.401669	0.000000	0.000000
315.840000	0.540297	-1.138420	1.401665	0.000000	0.000000
315.850000	0.540296	-1.138422	1.401661	0.000000	0.000000
315.860000	0.540294	-1.138421	1.401657	0.000000	0.000000
315.870000	0.540291	-1.138419	1.401653	0.000000	0.000000
315.880000	0.540289	-1.138419	1.401649	0.000000	0.000000
315.890000	0.540289	-1.138421	1.401645	0.000000	0.000000
315.900000	0.540288	-1.138427	1.401641	0.000000	0.000000
315.910000	0.540288	-1.138435	1.401638	0.000000	0.000000
315.920000	0.540287	-1.138443	1.401634	0.000000	0.000000
315.930000	0.540286	-1.138452	1.401630	0.000000	0.000000
315.940000	0.540285	-1.138460	1.401626	0.000000	0.000000
315.950000	0.540283	-1.138466	1.401622	0.000000	0.000000
315.960000	0.540280	-1.138472	1.401619	0.000000	0.000000
315.970000	0.540277	-1.138477	1.401615	0.000000	0.000000
315.980000	0.540274	-1.138484	1.401611	0.000000	0.000000
315.990000	0.540271	-1.138491	1.401607	0.000000	0.000000
316.000000	0.540268	-1.138498	1.401603	0.000000	0.000000
316.010000	0.540265	-1.138507	1.401600	0.000000	0.000000
316.020000	0.540262	-1.138518	1.401596	0.000000	0.000000
316.030000	0.540258	-1.138531	1.401593	0.000000	0.000000
316.040000	0.540255	-1.138544	1.401589	0.000000	0.000000
316.050000	0.540251	-1.138558	1.401585	0.000000	0.000000
316.060000	0.540247	-1.138571	1.401582	0.000000	0.000000
316.070000	0.540243	-1.138585	1.401578	0.000000	0.000000
316.080000	0.540240	-1.138598	1.401574	0.000000	0.000000
316.090000	0.540236	-1.138611	1.401571	0.000000	0.000000
316.100000	0.540232	-1.138625	1.401567	0.000000	0.000000
316.110000	0.540228	-1.138638	1.401563	0.000000	0.000000
316.120000	0.540224	-1.138650	1.401559	0.000000	0.000000
316.130000	0.540220	-1.138661	1.401555	0.000000	0.000000
316.140000	0.540216	-1.138671	1.401551	0.000000	0.000000
316.150000	0.540212	-1.138680	1.401547	0.000000	0.000000
316.160000	0.540208	-1.138690	1.401542	0.000000	0.000000
316.170000	0.540205	-1.138700	1.401538	0.000000	0.000000
316.180000	0.540200	-1.138710	1.401534	0.000000	0.000000
316.190000	0.540195	-1.138721	1.401529	0.000000	0.000000
316.200000	0.540190	-1.138731	1.401524	0.000000	0.000000
316.210000	0.540185	-1.138741	1.401519	0.000000	0.000000
316.220000	0.540181	-1.138751	1.401514	0.000000	0.000000
316.230000	0.540177	-1.138763	1.401509	0.000000	0.000000
316.240000	0.540175	-1.138775	1.401504	0.000000	0.000000
316.250000	0.540173	-1.138789	1.401499	0.000000	0.000000
316.260000	0.540172	-1.138803	1.401494	0.000000	0.000000
316.270000	0.540171	-1.138819	1.401488	0.000000	0.000000
316.280000	0.540170	-1.138836	1.401483	0.000000	0.000000
316.290000	0.540171	-1.138854	1.401477	0.000000	0.000000
316.300000	0.540170	-1.138871	1.401472	0.000000	0.000000
316.310000	0.540169	-1.138887	1.401466	0.000000	0.000000
316.320000	0.540167	-1.138901	1.401461	0.000000	0.000000
316.330000	0.540164	-1.138910	1.401455	0.000000	0.000000
316.340000	0.540160	-1.138917	1.401449	0.000000	0.000000
316.350000	0.540156	-1.138924	1.401443	0.000000	0.000000
316.360000	0.540153	-1.138933	1.401438	0.000000	0.000000
316.370000	0.540151	-1.138946	1.401432	0.000000	0.000000
316.380000	0.540150	-1.138963	1.401426	0.000000	0.000000
316.390000	0.540150	-1.138983	1.401419	0.000000	0.000000
316.400000	0.540152	-1.139005	1.401413	0.000000	0.000000
316.410000	0.540152	-1.139026	1.401407	0.000000	0.000000
316.420000	0.540153	-1.139044	1.401400	0.000000	0.000000
316.430000	0.540153	-1.139057	1.401394	0.000000	0.000000
316.440000	0.540152	-1.139067	1.401387	0.000000	0.000000
316.450000	0.540152	-1.139078	1.401381	0.000000	0.000000
316.460000	0.540152	-1.139090	1.401374	0.000000	0.000000
316.470000	0.540152	-1.139101	1.401367	0.000000	0.000000
316.480000	0.540151	-1.139111	1.401361	0.000000	0.000000
316.490000	0.540148	-1.139117	1.401354	0.000000	0.000000
316.500000	0.540144	-1.139120	1.401347	0.000000	0.000000
316.510000	0.540141	-1.139125	1.401341	0.000000	0.000000
316.520000	0.540141	-1.139135	1.401334	0.000000	0.000000
316.530000	0.540142	-1.139151	1.401328	0.000000	0.000000
316.540000	0.540144	-1.139171	1.401321	0.000000	0.000000
316.550000	0.540146	-1.139191	1.401315	0.000000	0.000000
316.560000	0.540147	-1.139209	1.401309	0.000000	0.000000
316.570000	0.540148	-1.139223	1.401303	0.000000	0.000000
316.580000	0.540148	-1.139233	1.401296	0.000000	0.000000
316.590000	0.540146	-1.139239	1.401290	0.000000	0.000000
316.600000	0.540145	-1.139244	1.401285	0.000000	0.000000
316.610000	0.540144	-1.139248	1.401279	0.000000	0.000000
316.620000	0.540143	-1.139251	1.401273	0.000000	0.000000
316.630000	0.540141	-1.139253	1.401267	0.000000	0.000000
316.640000	0.540138	-1.139256	1.401261	0.000000	0.000000
316.650000	0.540136	-1.139259	1.401256	0.000000	0.000000
316.660000	0.540136	-1.139263	1.401250	0.000000	0.000000
316.670000	0.540135	-1.139268	1.401245	0.000000	0.000000
316.680000	0.540134	-1.139274	1.401239	0.000000	0.000000
316.690000	0.540134	-1.139282	1.401234	0.000000	0.000000
316.700000	0.540133	-1.139290	1.401228	0.000000	0.000000
316.710000	0.540131	-1.139300	1.401223	0.000000	0.000000
316.720000	0.540129	-1.139311	1.401217	0.000000	0.000000
316.730000	0.540128	-1.139324	1.401212	0.000000	0.000000
316.740000	0.540128	-1.139339	1.401207	0.000000	0.000000
316.750000	0.540129	-1.139355	1.401201	0.000000	0.000000
316.760000	0.540130	-1.139372	1.401196	0.000000	0.000000
316.770000	0.540131	-1.139388	1.401190	0.000000	0.000000
316.780000	0.540130	-1.139402	1.401184	0.000000	0.000000
316.790000	0.540128	-1.139413	1.401178	0.000000	0.000000
316.800000	0.540126	-1.139422	1.401172	0.000000	0.000000
316.810000	0.540123	-1.139432	1.401167	0.000000	0.000000
316.820000	0.540121	-1.139444	1.401161	0.000000	0.000000
316.830000	0.540120	-1.139459	1.401155	0.000000	0.000000
316.840000	0.540120	-1.139476	1.401149	0.000000	0.000000
316.850000	0.540120	-1.139494	1.401143	0.000000	0.000000
316.860000	0.540119	-1.139512	1.401137	0.000000	0.000000
316.870000	0.540118	-1.139527	1.401131	0.000000	0.000000
316.880000	0.540116	-1.139539	1.401125	0.000000	0.000000
316.890000	0.540114	-1.139548	1.401120	0.000000	0.000000
316.900000	0.540112	-1.139555	1.401114	0.000000	0.000000
316.910000	0.540108	-1.139561	1.401108	0.000000	0.000000
316.920000	0.540105	-1.139567	1.401103	0.000000	0.000000
316.930000	0.540102	-1.139574	1.401097	0.000000	0.000000
316.940000	0.540099	-1.139581	1.401092	0.000000	0.000000
316.950000	0.540098	-1.139590	1.401086	0.000000	0.000000
316.960000	0.540098	-1.139602	1.401081	0.000000	0.000000
316.970000	0.540099	-1.139614	1.401076	0.000000	0.000000
316.980000	0.540099	-1.139627	1.401070	0.000000	0.000000
316.990000	0.540100	-1.139640	1.401065	0.000000	0.000000
317.000000	0.540100	-1.139652	1.401060	0.000000	0.000000
317.010000	0.540101	-1.139666	1.401055	0.000000	0.000000
317.020000	0.540104	-1.139680	1.401049	0.000000	0.000000
317.030000	0.540107	-1.139694	1.401044	0.000000	0.000000
317.040000	0.540110	-1.139706	1.401039	0.000000	0.000000
317.050000	0.540112	-1.139714	1.401034	0.000000	0.000000
317.060000	0.540111	-1.139717	1.401029	0.000000	0.000000
317.070000	0.540110	-1.139720	1.401024	0.000000	0.000000
317.080000	0.540109	-1.139724	1.401018	0.000000	0.000000
317.090000	0.540109	-1.139730	1.401013	0.000000	0.000000
317.100000	0.540109	-1.139738	1.401009	0.000000	0.000000
317.110000	0.540107	-1.139746	1.401004	0.000000	0.000000
317.120000	0.540107	-1.139754	1.400999	0.000000	0.000000
317.130000	0.540107	-1.139761	1.400994	0.000000	0.000000
317.140000	0.540106	-1.139767	1.400990	0.000000	0.000000
317.150000	0.540106	-1.139773	1.400985	0.000000	0.000000
317.160000	0.540105	-1.139778	1.400981	0.000000	0.000000
317.170000	0.540104	-1.139783	1.400976	0.000000	0.000000
317.180000	0.540103	-1.139787	1.400972	0.000000	0.000000
317.190000	0.540103	-1.139791	1.400967	0.000000	0.000000
317.200000	0.540101	-1.139795	1.400963	0.000000	0.000000
317.210000	0.540099	-1.139797	1.400958	0.000000	0.000000
317.220000	0.540096	-1.139798	1.400954	0.000000	0.000000
317.230000	0.540093	-1.139797	1.400949	0.000000	0.000000
317.240000	0.540089	-1.139796	1.400945	0.000000	0.000000
317.250000	0.540086	-1.139796	1.400940	0.000000	0.000000
317.260000	0.540083	-1.139798	1.400936	0.000000	0.000000
317.270000	0.540081	-1.139802	1.400931	0.000000	0.000000
317.280000	0.540080	-1.139809	1.400926	0.000000	0.000000
317.290000	0.540081	-1.139818	1.400921	0.000000	0.000000
317.300000	0.540082	-1.139828	1.400917	0.000000	0.000000
317.310000	0.540084	-1.139838	1.400912	0.000000	0.000000
317.320000	0.540085	-1.139849	1.400907	0.000000	0.000000
317.330000	0.540084	-1.139860	1.400902	0.000000	0.000000
317.340000	0.540083	-1.139870	1.400897	0.000000	0.000000
317.350000	0.540081	-1.139880	1.400893	0.000000	0.000000
317.360000	0.540080	-1.139888	1.400888	0.000000	0.000000
317.370000	0.540078	-1.139893	1.400883	0.000000	0.000000
317.380000	0.540075	-1.139897	1.400878	0.000000	0.000000
317.390000	0.540072	-1.139900	1.400873	0.000000	0.000000
317.400000	0.540068	-1.139902	1.400869	0.000000	0.000000
317.410000	0.540064	-1.139904	1.400864	0.000000	0.000000
317.420000	0.540060	-1.139906	1.400859	0.000000	0.000000
317.430000	0.540058	-1.139910	1.400855	0.000000	0.000000
317.440000	0.540056	-1.139916	1.400850	0.000000	0.000000
317.450000	0.540055	-1.139924	1.400846	0.000000	0.000000
317.460000	0.540055	-1.139933	1.400842	0.000000	0.000000
317.470000	0.540055	-1.139943	1.400837	0.000000	0.000000
317.480000	0.540056	-1.139952	1.400833	0.000000	0.000000
317.490000	0.540056	-1.139960	1.400829	0.000000	0.000000
317.500000	0.540056	-1.139968	1.400824	0.000000	0.000000
317.510000	0.540056	-1.139974	1.400820	0.000000	0.000000
317.520000	0.540056	-1.139980	1.400816	0.000000	0.000000
317.530000	0.540055	-1.139985	1.400811	0.000000	0.000000
317.540000	0.540054	-1.139989	1.400807	0.000000	0.000000
317.550000	0.540053	-1.139992	1.400802	0.000000	0.000000
317.560000	0.540052	-1.139995	1.400798	0.000000	0.000000
317.570000	0.540051	-1.139997	1.400793	0.000000	0.000000
317.580000	0.540050	-1.140000	1.400788	0.000000	0.000000
317.590000	0.540050	-1.140002	1.400783	0.000000	0.000000
317.600000	0.540049	-1.140004	1.400779	0.000000	0.000000
317.610000	0.540049	-1.140006	1.400774	0.000000	0.000000
317.620000	0.540050	-1.140009	1.400769	0.000000	0.000000
317.630000	0.540051	-1.140014	1.400764	0.000000	0.000000
317.640000	0.540052	-1.140021	1.400759	0.000000	0.000000
317.650000	0.540052	-1.140028	1.400754	0.000000	0.000000
317.660000	0.540053	-1.140036	1.400749	0.000000	0.000000
317.670000	0.540054	-1.140045	1.400744	0.000000	0.000000
317.680000	0.540056	-1.140055	1.400739	0.000000	0.000000
317.690000	0.540060	-1.140067	1.400734	0.000000	0.000000
317.700000	0.540063	-1.140080	1.400729	0.000000	0.000000
317.710000	0.540068	-1.140095	1.400725	0.000000	0.000000
317.720000	0.540073	-1.140109	1.400720	0.000000	0.000000
317.730000	0.540076	-1.140120	1.400716	0.000000	0.000000
317.740000	0.540079	-1.140128	1.400711	0.000000	0.000000
317.750000	0.540080	-1.140130	1.400707	0.000000	0.000000
317.760000	0.540080	-1.140128	1.400702	0.000000	0.000000
317.770000	0.540081	-1.140123	1.400698	0.000000	0.000000
317.780000	0.540081	-1.140117	1.400694	0.000000	0.000000
317.790000	0.540080	-1.140109	1.400690	0.000000	0.000000
317.800000	0.540077	-1.140100	1.400687	0.000000	0.000000
317.810000	0.540075	-1.140090	1.400683	0.000000	0.000000
317.820000	0.540071	-1.140079	1.400679	0.000000	0.000000
317.830000	0.540067	-1.140069	1.400676	0.000000	0.000000
317.840000	0.540065	-1.140060	1.400673	0.000000	0.000000
317.850000	0.540065	-1.140056	1.400670	0.000000	0.000000
317.860000	0.540066	-1.140055	1.400667	0.000000	0.000000
317.870000	0.540069	-1.140057	1.400664	0.000000	0.000000
317.880000	0.540071	-1.140061	1.400661	0.000000	0.000000
317.890000	0.540075	-1.140065	1.400659	0.000000	0.000000
317.900000	0.540079	-1.140069	1.400656	0.000000	0.000000
317.910000	0.540082	-1.140072	1.400654	0.000000	0.000000
317.920000	0.540085	-1.140072	1.400652	0.000000	0.000000
317.930000	0.540088	-1.140071	1.400650	0.000000	0.000000
317.940000	0.540091	-1.140067	1.400647	0.000000	0.000000
317.950000	0.540094	-1.140062	1.400645	0.000000	0.000000
317.960000	0.540095	-1.140055	1.400643	0.000000	0.000000
317.970000	0.540096	-1.140045	1.400641	0.000000	0.000000
317.980000	0.540096	-1.140033	1.400639	0.000000	0.000000
317.990000	0.540096	-1.140022	1.400637	0.000000	0.000000
318.000000	0.540095	-1.140014	1.400636	0.000000	0.000000
318.010000	0.540095	-1.140010	1.400634	0.000000	0.000000
318.020000	0.540097	-1.140011	1.400633	0.000000	0.000000
318.030000	0.540099	-1.140013	1.400631	0.000000	0.000000
318.040000	0.540102	-1.140016	1.400630	0.000000	0.000000
318.050000	0.540105	-1.140018	1.400628	0.000000	0.000000
318.060000	0.540108	-1.140017	1.400627	0.000000	0.000000
318.070000	0.540111	-1.140013	1.400625	0.000000	0.000000
318.080000	0.540113	-1.140006	1.400624	0.000000	0.000000
318.090000	0.540115	-1.139995	1.400622	0.000000	0.000000
318.100000	0.540118	-1.139982	1.400621	0.000000	0.000000
318.110000	0.540119	-1.139967	1.400619	0.000000	0.000000
318.120000	0.540119	-1.139952	1.400617	0.000000	0.000000
318.130000	0.540120	-1.139936	1.400615	0.000000	0.000000
318.140000	0.540119	-1.139919	1.400613	0.000000	0.000000
318.150000	0.540119	-1.139902	1.400611	0.000000	0.000000
318.160000	0.540119	-1.139886	1.400609	0.000000	0.000000
318.170000	0.540121	-1.139875	1.400606	0.000000	0.000000
318.180000	0.540122	-1.139869	1.400604	0.000000	0.000000
318.190000	0.540126	-1.139866	1.400601	0.000000	0.000000
318.200000	0.540131	-1.139867	1.400598	0.000000	0.000000
318.210000	0.540137	-1.139869	1.400595	0.000000	0.000000
318.220000	0.540141	-1.139870	1.400592	0.000000	0.000000
318.230000	0.540145	-1.139871	1.400588	0.000000	0.000000
318.240000	0.540148	-1.139873	1.400585	0.000000	0.000000
318.250000	0.540152	-1.139877	1.400581	0.000000	0.000000
318.260000	0.540156	-1.139881	1.400577	0.000000	0.000000
318.270000	0.540160	-1.139888	1.400573	0.000000	0.000000
318.280000	0.540165	-1.139896	1.400569	0.000000	0.000000
318.290000	0.540170	-1.139906	1.400564	0.000000	0.000000
318.300000	0.540175	-1.139916	1.400560	0.000000	0.000000
318.310000	0.540180	-1.139927	1.400555	0.000000	0.000000
318.320000	0.540184	-1.139938	1.400551	0.000000	0.000000
318.330000	0.540187	-1.139951	1.400546	0.000000	0.000000
318.340000	0.540191	-1.139964	1.400541	0.000000	0.000000
318.350000	0.540193	-1.139977	1.400536	0.000000	0.000000
318.360000	0.540196	-1.139989	1.400532	0.000000	0.000000
318.370000	0.540198	-1.139998	1.400527	0.000000	0.000000
318.380000	0.540199	-1.140006	1.400522	0.000000	0.000000
318.390000	0.540198	-1.140011	1.400517	0.000000	0.000000
318.400000	0.540195	-1.140014	1.400513	0.000000	0.000000
318.410000	0.540193	-1.140017	1.400508	0.000000	0.000000
318.420000	0.540192	-1.140019	1.400503	0.000000	0.000000
318.430000	0.540189	-1.140022	1.400498	0.000000	0.000000
318.440000	0.540188	-1.140025	1.400494	0.000000	0.000000
318.450000	0.540187	-1.140031	1.400489	0.000000	0.000000
318.460000	0.540186	-1.140039	1.400484	0.000000	0.000000
318.470000	0.540185	-1.140046	1.400479	0.000000	0.000000
318.480000	0.540183	-1.140052	1.400475	0.000000	0.000000
318.490000	0.540182	-1.140057	1.400470	0.000000	0.000000
318.500000	0.540179	-1.140062	1.400465	0.000000	0.000000
318.510000	0.540178	-1.140070	1.400461	0.000000	0.000000
318.520000	0.540178	-1.140082	1.400456	0.000000	0.000000
318.530000	0.540177	-1.140095	1.400451	0.000000	0.000000
318.540000	0.540177	-1.140109	1.400446	0.000000	0.000000
318.550000	0.540176	-1.140122	1.400442	0.000000	0.000000
318.560000	0.540175	-1.140133	1.400437	0.000000	0.000000
318.570000	0.540174	-1.140141	1.400432	0.000000	0.000000
318.580000	0.540172	-1.140148	1.400428	0.000000	0.000000
318.590000	0.540169	-1.140154	1.400423	0.000000	0.000000
318.600000	0.540167	-1.140162	1.400418	0.000000	0.000000
318.610000	0.540166	-1.140175	1.400414	0.000000	0.000000
318.620000	0.540166	-1.140192	1.400409	0.000000	0.000000
318.630000	0.540167	-1.140212	1.400404	0.000000	0.000000
318.640000	0.540169	-1.140234	1.400400	0.000000	0.000000
318.650000	0.540172	-1.140255	1.400395	0.000000	0.000000
318.660000	0.540173	-1.140273	1.400391	0.000000	0.000000
318.670000	0.540172	-1.140286	1.400387	0.000000	0.000000
318.680000	0.540170	-1.140293	1.400382	0.000000	0.000000
318.690000	0.540166	-1.140296	1.400378	0.000000	0.000000
318.700000	0.540162	-1.140296	1.400374	0.000000	0.000000
318.710000	0.540158	-1.140296	1.400370	0.000000	0.000000
318.720000	0.540154	-1.140297	1.400366	0.000000	0.000000
318.730000	0.540149	-1.140298	1.400362	0.000000	0.000000
318.740000	0.540144	-1.140298	1.400358	0.000000	0.000000
318.750000	0.540139	-1.140298	1.400354	0.000000	0.000000
318.760000	0.540133	-1.140299	1.400350	0.000000	0.000000
318.770000	0.540129	-1.140300	1.400346	0.000000	0.000000
318.780000	0.540125	-1.140303	1.400342	0.000000	0.000000
318.790000	0.540121	-1.140307	1.400338	0.000000	0.000000
318.800000	0.540118	-1.140312	1.400334	0.000000	0.000000
318.810000	0.540117	-1.140319	1.400330	0.000000	0.000000
318.820000	0.540116	-1.140326	1.400326	0.000000	0.000000
318.830000	0.540114	-1.140334	1.400322	0.000000	0.000000
318.840000	0.540113	-1.140341	1.400317	0.000000	0.000000
318.850000	0.540111	-1.140347	1.400313	0.000000	0.000000
318.860000	0.540110	-1.140352	1.400309	0.000000	0.000000
318.870000	0.540109	-1.140357	1.400304	0.000000	0.000000
318.880000	0.540109	-1.140363	1.400300	0.000000	0.000000
318.890000	0.540109	-1.140372	1.400295	0.000000	0.000000
318.900000	0.540108	-1.140381	1.400290	0.000000	0.000000
318.910000	0.540108	-1.140390	1.400286	0.000000	0.000000
318.920000	0.540107	-1.140397	1.400281	0.000000	0.000000
318.930000	0.540105	-1.140403	1.400276	0.000000	0.000000
318.940000	0.540103	-1.140410	1.400271	0.000000	0.000000
318.950000	0.540101	-1.140418	1.400266	0.000000	0.000000
318.960000	0.540101	-1.140427	1.400260	0.000000	0.000000
318.970000	0.540103	-1.140437	1.400255	0.000000	0.000000
318.980000	0.540104	-1.140447	1.400250	0.000000	0.000000
318.990000	0.540106	-1.140455	1.400244	0.000000	0.000000
319.000000	0.540106	-1.140461	1.400239	0.000000	0.000000
319.010000	0.540105	-1.140464	1.400233	0.000000	0.000000
319.020000	0.540104	-1.140465	1.400227	0.000000	0.000000
319.030000	0.540103	-1.140465	1.400221	0.000000	0.000000
319.040000	0.540104	-1.140469	1.400215	0.000000	0.000000
319.050000	0.540107	-1.140476	1.400209	0.000000	0.000000
319.060000	0.540111	-1.140484	1.400203	0.000000	0.000000
319.070000	0.540115	-1.140493	1.400197	0.000000	0.000000
319.080000	0.540119	-1.140501	1.400190	0.000000	0.000000
319.090000	0.540123	-1.140508	1.400184	0.000000	0.000000
319.100000	0.540129	-1.140513	1.400177	0.000000	0.000000
319.110000	0.540134	-1.140515	1.400170	0.000000	0.000000
319.120000	0.540138	-1.140514	1.400164	0.000000	0.000000
319.130000	0.540142	-1.140513	1.400157	0.000000	0.000000
319.140000	0.540147	-1.140514	1.400150	0.000000	0.000000
319.150000	0.540153	-1.140519	1.400144	0.000000	0.000000
319.160000	0.540161	-1.140528	1.400137	0.000000	0.000000
319.170000	0.540170	-1.140540	1.400130	0.000000	0.000000
319.180000	0.540181	-1.140553	1.400124	0.000000	0.000000
319.190000	0.540190	-1.140565	1.400117	0.000000	0.000000
319.200000	0.540198	-1.140571	1.400111	0.000000	0.000000
319.210000	0.540203	-1.140571	1.400105	0.000000	0.000000
319.220000	0.540208	-1.140567	1.400099	0.000000	0.000000
319.230000	0.540211	-1.140563	1.400093	0.000000	0.000000
319.240000	0.540216	-1.140560	1.400087	0.000000	0.000000
319.250000	0.540219	-1.140556	1.400081	0.000000	0.000000
319.260000	0.540223	-1.140550	1.400075	0.000000	0.000000
319.270000	0.540227	-1.140539	1.400070	0.000000	0.000000
319.280000	0.540228	-1.140525	1.400064	0.000000	0.000000
319.290000	0.540229	-1.140508	1.400058	0.000000	0.000000
319.300000	0.540229	-1.140491	1.400053	0.000000	0.000000
319.310000	0.540229	-1.140474	1.400047	0.000000	0.000000
319.320000	0.540230	-1.140459	1.400042	0.000000	0.000000
319.330000	0.540231	-1.140449	1.400036	0.000000	0.000000
319.340000	0.540236	-1.140443	1.400030	0.000000	0.000000
319.350000	0.540242	-1.140442	1.400024	0.000000	0.000000
319.360000	0.540248	-1.140446	1.400019	0.000000	0.000000
319.370000	0.540255	-1.140454	1.400013	0.000000	0.000000
319.380000	0.540264	-1.140466	1.400007	0.000000	0.000000
319.390000	0.540271	-1.140480	1.400001	0.000000	0.000000
319.400000	0.540276	-1.140494	1.399995	0.000000	0.000000
319.410000	0.540282	-1.140510	1.399989	0.000000	0.000000
319.420000	0.540286	-1.140525	1.399983	0.000000	0.000000
319.430000	0.540290	-1.140536	1.399977	0.000000	0.000000
319.440000	0.540291	-1.140539	1.399972	0.000000	0.000000
319.450000	0.540290	-1.140536	1.399966	0.000000	0.000000
319.460000	0.540287	-1.140531	1.399960	0.000000	0.000000
319.470000	0.540286	-1.140532	1.399954	0.000000	0.000000
319.480000	0.540287	-1.140541	1.399949	0.000000	0.000000
319.490000	0.540289	-1.140554	1.399943	0.000000	0.000000
319.500000	0.540291	-1.140569	1.399938	0.000000	0.000000
319.510000	0.540292	-1.140586	1.399933	0.000000	0.000000
319.520000	0.540293	-1.140602	1.399928	0.000000	0.000000
319.530000	0.540293	-1.140616	1.399923	0.000000	0.000000
319.540000	0.540293	-1.140628	1.399918	0.000000	0.000000
319.550000	0.540293	-1.140640	1.399913	0.000000	0.000000
319.560000	0.540290	-1.140649	1.399908	0.000000	0.000000
319.570000	0.540288	-1.140657	1.399904	0.000000	0.000000
319.580000	0.540284	-1.140662	1.399899	0.000000	0.000000
319.590000	0.540280	-1.140665	1.399894	0.000000	0.000000
319.600000	0.540275	-1.140669	1.399889	0.000000	0.000000
319.610000	0.540271	-1.140673	1.399885	0.000000	0.000000
319.620000	0.540267	-1.140680	1.399880	0.000000	0.000000
319.630000	0.540264	-1.140688	1.399875	0.000000	0.000000
319.640000	0.540261	-1.140699	1.399870	0.000000	0.000000
319.650000	0.540257	-1.140710	1.399865	0.000000	0.000000
319.660000	0.540254	-1.140725	1.399859	0.000000	0.000000
319.670000	0.540252	-1.140742	1.399854	0.000000	0.000000
319.680000	0.540251	-1.140763	1.399849	0.000000	0.000000
319.690000	0.540250	-1.140783	1.399844	0.000000	0.000000
319.700000	0.540247	-1.140801	1.399839	0.000000	0.000000
319.710000	0.540244	-1.140816	1.399833	0.000000	0.000000
319.720000	0.540241	-1.140831	1.399828	0.000000	0.000000
319.730000	0.540238	-1.140845	1.399823	0.000000	0.000000
319.740000	0.540235	-1.140862	1.399818	0.000000	0.000000
319.750000	0.540233	-1.140880	1.399813	0.000000	0.000000
319.760000	0.540231	-1.140901	1.399808	0.000000	0.000000
319.770000	0.540231	-1.140923	1.399803	0.000000	0.000000
319.780000	0.540232	-1.140946	1.399798	0.000000	0.000000
319.790000	0.540231	-1.140967	1.399793	0.000000	0.000000
319.800000	0.540228	-1.140985	1.399787	0.000000	0.000000
319.810000	0.540226	-1.141001	1.399782	0.000000	0.000000
319.820000	0.540223	-1.141016	1.399777	0.000000	0.000000
319.830000	0.540220	-1.141030	1.399772	0.000000	0.000000
319.840000	0.540218	-1.141042	1.399767	0.000000	0.000000
319.850000	0.540216	-1.141054	1.399761	0.000000	0.000000
319.860000	0.540212	-1.141062	1.399756	0.000000	0.000000
319.870000	0.540209	-1.141069	1.399750	0.000000	0.000000
319.880000	0.540206	-1.141075	1.399745	0.000000	0.000000
319.890000	0.540203	-1.141083	1.399739	0.000000	0.000000
319.900000	0.540201	-1.141093	1.399733	0.000000	0.000000
319.910000	0.540201	-1.141105	1.399727	0.000000	0.000000
319.920000	0.540200	-1.141118	1.399721	0.000000	0.000000
319.930000	0.540200	-1.141132	1.399715	0.000000	0.000000
319.940000	0.540200	-1.141146	1.399709	0.000000	0.000000
319.950000	0.540197	-1.141158	1.399703	0.000000	0.000000
319.960000	0.540193	-1.141169	1.399697	0.000000	0.000000
319.970000	0.540191	-1.141180	1.399691	0.000000	0.000000
319.980000	0.540188	-1.141190	1.399685	0.000000	0.000000
319.990000	0.540186	-1.141201	1.399679	0.000000	0.000000
320.000000	0.540186	-1.141214	1.399673	0.000000	0.000000
320.010000	0.540186	-1.141230	1.399667	0.000000	0.000000
320.020000	0.540187	-1.141249	1.399661	0.000000	0.000000
320.030000	0.540191	-1.141272	1.399655	0.000000	0.000000
320.040000	0.540196	-1.141299	1.399649	0.000000	0.000000
320.050000	0.540201	-1.141328	1.399643	0.000000	0.000000
320.060000	0.540207	-1.141358	1.399636	0.000000	0.000000
320.070000	0.540213	-1.141387	1.399630	0.000000	0.000000
320.080000	0.540218	-1.141413	1.399624	0.000000	0.000000
320.090000	0.540223	-1.141435	1.399618	0.000000	0.000000
320.100000	0.540225	-1.141451	1.399612	0.000000	0.000000
320.110000	0.540225	-1.141461	1.399606	0.000000	0.000000
320.120000	0.540223	-1.141467	1.399600	0.000000	0.000000
320.130000	0.540221	-1.141472	1.399594	0.000000	0.000000
320.140000	0.540218	-1.141478	1.399588	0.000000	0.000000
320.150000	0.540217	-1.141485	1.399583	0.000000	0.000000
320.160000	0.540215	-1.141493	1.399577	0.000000	0.000000
320.170000	0.540215	-1.141500	1.399571	0.000000	0.000000
320.180000	0.540214	-1.141507	1.399566	0.000000	0.000000
320.190000	0.540213	-1.141514	1.399560	0.000000	0.000000
320.200000	0.540213	-1.141521	1.399555	0.000000	0.000000
320.210000	0.540212	-1.141526	1.399549	0.000000	0.000000
320.220000	0.540210	-1.141528	1.399544	0.000000	0.000000
320.230000	0.540207	-1.141528	1.399538	0.000000	0.000000
320.240000	0.540203	-1.141526	1.399533	0.000000	0.000000
320.250000	0.540200	-1.141524	1.399527	0.000000	0.000000
320.260000	0.540198	-1.141525	1.399521	0.000000	0.000000
320.270000	0.540198	-1.141530	1.399515	0.000000	0.000000
320.280000	0.540199	-1.141538	1.399510	0.000000	0.000000
320.290000	0.540199	-1.141545	1.399504	0.000000	0.000000
320.300000	0.540196	-1.141549	1.399498	0.000000	0.000000
320.310000	0.540192	-1.141549	1.399492	0.000000	0.000000
320.320000	0.540188	-1.141547	1.399486	0.000000	0.000000
320.330000	0.540183	-1.141548	1.399479	0.000000	0.000000
320.340000	0.540179	-1.141552	1.399473	0.000000	0.000000
320.350000	0.540176	-1.141561	1.399467	0.000000	0.000000
320.360000	0.540175	-1.141572	1.399461	0.000000	0.000000
320.370000	0.540172	-1.141584	1.399455	0.000000	0.000000
320.380000	0.540171	-1.141595	1.399449	0.000000	0.000000
320.390000	0.540167	-1.141608	1.399442	0.000000	0.000000
320.400000	0.540164	-1.141623	1.399436	0.000000	0.000000
320.410000	0.540163	-1.141644	1.399430	0.000000	0.000000
320.420000	0.540164	-1.141669	1.399424	0.000000	0.000000
320.430000	0.540166	-1.141699	1.399419	0.000000	0.000000
320.440000	0.540169	-1.141730	1.399413	0.000000	0.000000
320.450000	0.540173	-1.141761	1.399407	0.000000	0.000000
320.460000	0.540175	-1.141789	1.399401	0.000000	0.000000
320.470000	0.540176	-1.141813	1.399396	0.000000	0.000000
320.480000	0.540175	-1.141832	1.399390	0.000000	0.000000
320.490000	0.540173	-1.141848	1.399385	0.000000	0.000000
320.500000	0.540171	-1.141860	1.399380	0.000000	0.000000
320.510000	0.540166	-1.141870	1.399375	0.000000	0.000000
320.520000	0.540162	-1.141877	1.399370	0.000000	0.000000
320.530000	0.540157	-1.141882	1.399364	0.000000	0.000000
320.540000	0.540151	-1.141883	1.399360	0.000000	0.000000
320.550000	0.540145	-1.141883	1.399355	0.000000	0.000000
320.560000	0.540141	-1.141886	1.399350	0.000000	0.000000
320.570000	0.540139	-1.141893	1.399345	0.000000	0.000000
320.580000	0.540137	-1.141904	1.399341	0.000000	0.000000
320.590000	0.540135	-1.141917	1.399336	0.000000	0.000000
320.600000	0.540135	-1.141930	1.399332	0.000000	0.000000
320.610000	0.540134	-1.141943	1.399327	0.000000	0.000000
320.620000	0.540132	-1.141956	1.399323	0.000000	0.000000
320.630000	0.540129	-1.141967	1.399318	0.000000	0.000000
320.640000	0.540126	-1.141978	1.399314	0.000000	0.000000
320.650000	0.540123	-1.141989	1.399309	0.000000	0.000000
320.660000	0.540119	-1.141999	1.399305	0.000000	0.000000
320.670000	0.540115	-1.142008	1.399300	0.000000	0.000000
320.680000	0.540110	-1.142016	1.399296	0.000000	0.000000
320.690000	0.540105	-1.142024	1.399292	0.000000	0.000000
320.700000	0.540100	-1.142033	1.399287	0.000000	0.000000
320.710000	0.540094	-1.142041	1.399282	0.000000	0.000000
320.720000	0.540088	-1.142049	1.399278	0.000000	0.000000
320.730000	0.540081	-1.142056	1.399273	0.000000	0.000000
320.740000	0.540074	-1.142063	1.399269	0.000000	0.000000
320.750000	0.540068	-1.142073	1.399264	0.000000	0.000000
320.760000	0.540063	-1.142083	1.399259	0.000000	0.000000
320.770000	0.540057	-1.142094	1.399255	0.000000	0.000000
320.780000	0.540051	-1.142106	1.399250	0.000000	0.000000
320.790000	0.540047	-1.142118	1.399245	0.000000	0.000000
320.800000	0.540043	-1.142130	1.399240	0.000000	0.000000
320.810000	0.540039	-1.142144	1.399236	0.000000	0.000000
320.820000	0.540036	-1.142158	1.399231	0.000000	0.000000
320.830000	0.540033	-1.142173	1.399226	0.000000	0.000000
320.840000	0.540032	-1.142188	1.399221	0.000000	0.000000
320.850000	0.540030	-1.142204	1.399216	0.000000	0.000000
320.860000	0.540028	-1.142221	1.399211	0.000000	0.000000
320.870000	0.540028	-1.142240	1.399206	0.000000	0.000000
320.880000	0.540027	-1.142260	1.399201	0.000000	0.000000
320.890000	0.540026	-1.142279	1.399196	0.000000	0.000000
320.900000	0.540026	-1.142298	1.399191	0.000000	0.000000
320.910000	0.540024	-1.142312	1.399186	0.000000	0.000000
320.920000	0.540020	-1.142322	1.399181	0.000000	0.000000
320.930000	0.540015	-1.142327	1.399176	0.000000	0.000000
320.940000	0.540011	-1.142332	1.399171	0.000000	0.000000
320.950000	0.540007	-1.142339	1.399166	0.000000	0.000000
320.960000	0.540005	-1.142350	1.399161	0.000000	0.000000
320.970000	0.540005	-1.142364	1.399156	0.000000	0.000000
320.980000	0.540005	-1.142379	1.399150	0.000000	0.000000
320.990000	0.540004	-1.142395	1.399145	0.000000	0.000000
321.000000	0.540002	-1.142410	1.399140	0.000000	0.000000
321.010000	0.540001	-1.142423	1.399135	0.000000	0.000000
321.020000	0.539998	-1.142435	1.399129	0.000000	0.000000
321.030000	0.539994	-1.142446	1.399124	0.000000	0.000000
321.040000	0.539991	-1.142459	1.399118	0.000000	0.000000
321.050000	0.539988	-1.142474	1.399113	0.000000	0.000000
321.060000	0.539986	-1.142491	1.399107	0.000000	0.000000
321.070000	0.539985	-1.142510	1.399101	0.000000	0.000000
321.080000	0.539983	-1.142529	1.399095	0.000000	0.000000
321.090000	0.539982	-1.142547	1.399090	0.000000	0.000000
321.100000	0.539979	-1.142563	1.399084	0.000000	0.000000
321.110000	0.539976	-1.142578	1.399078	0.000000	0.000000
321.120000	0.539974	-1.142593	1.399072	0.000000	0.000000
321.130000	0.539973	-1.142610	1.399066	0.000000	0.000000
321.140000	0.539973	-1.142627	1.399060	0.000000	0.000000
321.150000	0.539974	-1.142646	1.399054	0.000000	0.000000
321.160000	0.539974	-1.142664	1.399048	0.000000	0.000000
321.170000	0.539974	-1.142683	1.399042	0.000000	0.000000
321.180000	0.539974	-1.142701	1.399036	0.000000	0.000000
321.190000	0.539974	-1.142719	1.399031	0.000000	0.000000
321.200000	0.539974	-1.142736	1.399025	0.000000	0.000000
321.210000	0.539973	-1.142753	1.399019	0.000000	0.000000
321.220000	0.539972	-1.142767	1.399013	0.000000	0.000000
321.230000	0.539970	-1.142779	1.399007	0.000000	0.000000
321.240000	0.539968	-1.142789	1.399002	0.000000	0.000000
321.250000	0.539966	-1.142797	1.398996	0.000000	0.000000
321.260000	0.539963	-1.142803	1.398990	0.000000	0.000000
321.270000	0.539959	-1.142809	1.398984	0.000000	0.000000
321.280000	0.539956	-1.142816	1.398978	0.000000	0.000000
321.290000	0.539952	-1.142823	1.398972	0.000000	0.000000
321.300000	0.539949	-1.142831	1.398966	0.000000	0.000000
321.310000	0.539946	-1.142840	1.398960	0.000000	0.000000
321.320000	0.539943	-1.142853	1.398954	0.000000	0.000000
321.330000	0.539942	-1.142869	1.398947	0.000000	0.000000
321.340000	0.539941	-1.142889	1.398941	0.000000	0.000000
321.350000	0.539942	-1.142911	1.398934	0.000000	0.000000
321.360000	0.539942	-1.142933	1.398927	0.000000	0.000000
321.370000	0.539943	-1.142955	1.398920	0.000000	0.000000
321.380000	0.539942	-1.142976	1.398913	0.000000	0.000000
321.390000	0.539941	-1.142994	1.398906	0.000000	0.000000
321.400000	0.539939	-1.143009	1.398899	0.000000	0.000000
321.410000	0.539937	-1.143023	1.398892	0.000000	0.000000
321.420000	0.539936	-1.143035	1.398885	0.000000	0.000000
321.430000	0.539934	-1.143050	1.398878	0.000000	0.000000
321.440000	0.539934	-1.143068	1.398871	0.000000	0.000000
321.450000	0.539934	-1.143090	1.398865	0.000000	0.000000
321.460000	0.539935	-1.143115	1.398858	0.000000	0.000000
321.470000	0.539935	-1.143143	1.398851	0.000000	0.000000
321.480000	0.539936	-1.143172	1.398845	0.000000	0.000000
321.490000	0.539935	-1.143198	1.398839	0.000000	0.000000
321.500000	0.539932	-1.143219	1.398832	0.000000	0.000000
321.510000	0.539928	-1.143233	1.398826	0.000000	0.000000
321.520000	0.539923	-1.143242	1.398821	0.000000	0.000000
321.530000	0.539919	-1.143249	1.398815	0.000000	0.000000
321.540000	0.539914	-1.143257	1.398810	0.000000	0.000000
321.550000	0.539910	-1.143266	1.398805	0.000000	0.000000
321.560000	0.539905	-1.143277	1.398800	0.000000	0.000000
321.570000	0.539901	-1.143287	1.398795	0.000000	0.000000
321.580000	0.539896	-1.143296	1.398790	0.000000	0.000000
321.590000	0.539891	-1.143305	1.398786	0.000000	0.000000
321.600000	0.539885	-1.143312	1.398782	0.000000	0.000000
321.610000	0.539880	-1.143319	1.398777	0.000000	0.000000
321.620000	0.539875	-1.143326	1.398773	0.000000	0.000000
321.630000	0.539869	-1.143335	1.398769	0.000000	0.000000
321.640000	0.539864	-1.143346	1.398765	0.000000	0.000000
321.650000	0.539859	-1.143360	1.398761	0.000000	0.000000
321.660000	0.539855	-1.143375	1.398757	0.000000	0.000000
321.670000	0.539851	-1.143393	1.398754	0.000000	0.000000
321.680000	0.539846	-1.143412	1.398750	0.000000	0.000000
321.690000	0.539840	-1.143431	1.398746	0.000000	0.000000
321.700000	0.539835	-1.143450	1.398742	0.000000	0.000000
321.710000	0.539828	-1.143468	1.398738	0.000000	0.000000
321.720000	0.539822	-1.143484	1.398735	0.000000	0.000000
321.730000	0.539816	-1.143499	1.398731	0.000000	0.000000
321.740000	0.539810	-1.143512	1.398727	0.000000	0.000000
321.750000	0.539803	-1.143523	1.398724	0.000000	0.000000
321.760000	0.539796	-1.143535	1.398721	0.000000	0.000000
321.770000	0.539789	-1.143547	1.398717	0.000000	0.000000
321.780000	0.539783	-1.143560	1.398714	0.000000	0.000000
321.790000	0.539775	-1.143574	1.398711	0.000000	0.000000
321.800000	0.539769	-1.143589	1.398708	0.000000	0.000000
321.810000	0.539762	-1.143604	1.398705	0.000000	0.000000
321.820000	0.539754	-1.143618	1.398702	0.000000	0.000000
321.830000	0.539747	-1.143632	1.398700	0.000000	0.000000
321.840000	0.539740	-1.143647	1.398697	0.000000	0.000000
321.850000	0.539733	-1.143662	1.398694	0.000000	0.000000
321.860000	0.539725	-1.143677	1.398692	0.000000	0.000000
321.870000	0.539718	-1.143691	1.398689	0.000000	0.000000
321.880000	0.539710	-1.143704	1.398687	0.000000	0.000000
321.890000	0.539702	-1.143718	1.398684	0.000000	0.000000
321.900000	0.539696	-1.143732	1.398682	0.000000	0.000000
321.910000	0.539690	-1.143746	1.398679	0.000000	0.000000
321.920000	0.539683	-1.143761	1.398677	0.000000	0.000000
321.930000	0.539676	-1.143775	1.398674	0.000000	0.000000
321.940000	0.539670	-1.143790	1.398671	0.000000	0.000000
321.950000	0.539666	-1.143806	1.398669	0.000000	0.000000
321.960000	0.539661	-1.143822	1.398666	0.000000	0.000000
321.970000	0.539658	-1.143839	1.398664	0.000000	0.000000
321.980000	0.539655	-1.143856	1.398661	0.000000	0.000000
321.990000	0.539651	-1.143874	1.398659	0.000000	0.000000
322.000000	0.539648	-1.143890	1.398656	0.000000	0.000000
322.010000	0.539643	-1.143905	1.398653	0.000000	0.000000
322.020000	0.539639	-1.143919	1.398651	0.000000	0.000000
322.030000	0.539634	-1.143934	1.398648	0.000000	0.000000
322.040000	0.539630	-1.143950	1.398645	0.000000	0.000000
322.050000	0.539626	-1.143967	1.398643	0.000000	0.000000
322.060000	0.539622	-1.143985	1.398640	0.000000	0.000000
322.070000	0.539618	-1.144002	1.398637	0.000000	0.000000
322.080000	0.539614	-1.144018	1.398634	0.000000	0.000000
322.090000	0.539610	-1.144033	1.398632	0.000000	0.000000
322.100000	0.539607	-1.144048	1.398629	0.000000	0.000000
322.110000	0.539603	-1.144061	1.398626	0.000000	0.000000
322.120000	0.539599	-1.144075	1.398623	0.000000	0.000000
322.130000	0.539595	-1.144087	1.398620	0.000000	0.000000
322.140000	0.539591	-1.144098	1.398617	0.000000	0.000000
322.150000	0.539587	-1.144109	1.398614	0.000000	0.000000
322.160000	0.539583	-1.144120	1.398611	0.000000	0.000000
322.170000	0.539580	-1.144131	1.398608	0.000000	0.000000
322.180000	0.539577	-1.144144	1.398605	0.000000	0.000000
322.190000	0.539573	-1.144157	1.398602	0.000000	0.000000
322.200000	0.539570	-1.144170	1.398599	0.000000	0.000000
322.210000	0.539566	-1.144182	1.398596	0.000000	0.000000
322.220000	0.539562	-1.144195	1.398593	0.000000	0.000000
322.230000	0.539557	-1.144209	1.398590	0.000000	0.000000
322.240000	0.539552	-1.144225	1.398586	0.000000	0.000000
322.250000	0.539546	-1.144240	1.398583	0.000000	0.000000
322.260000	0.539540	-1.144255	1.398580	0.000000	0.000000
322.270000	0.539534	-1.144271	1.398577	0.000000	0.000000
322.280000	0.539529	-1.144289	1.398574	0.000000	0.000000
322.290000	0.539525	-1.144308	1.398571	0.000000	0.000000
322.300000	0.539522	-1.144328	1.398568	0.000000	0.000000
322.310000	0.539519	-1.144346	1.398565	0.000000	0.000000
322.320000	0.539515	-1.144363	1.398562	0.000000	0.000000
322.330000	0.539511	-1.144379	1.398559	0.000000	0.000000
322.340000	0.539506	-1.144393	1.398556	0.000000	0.000000
322.350000	0.539502	-1.144407	1.398553	0.000000	0.000000
322.360000	0.539496	-1.144420	1.398549	0.000000	0.000000
322.370000	0.539492	-1.144433	1.398546	0.000000	0.000000
322.380000	0.539489	-1.144447	1.398542	0.000000	0.000000
322.390000	0.539487	-1.144462	1.398539	0.000000	0.000000
322.400000	0.539485	-1.144477	1.398535	0.000000	0.000000
322.410000	0.539482	-1.144492	1.398531	0.000000	0.000000
322.420000	0.539479	-1.144507	1.398527	0.000000	0.000000
322.430000	0.539475	-1.144521	1.398522	0.000000	0.000000
322.440000	0.539471	-1.144535	1.398518	0.000000	0.000000
322.450000	0.539468	-1.144550	1.398513	0.000000	0.000000
322.460000	0.539466	-1.144568	1.398509	0.000000	0.000000
322.470000	0.539465	-1.144588	1.398504	0.000000	0.000000
322.480000	0.539466	-1.144612	1.398499	0.000000	0.000000
322.490000	0.539466	-1.144637	1.398494	0.000000	0.000000
322.500000	0.539466	-1.144664	1.398489	0.000000	0.000000
322.510000	0.539465	-1.144690	1.398483	0.000000	0.000000
322.520000	0.539464	-1.144715	1.398478	0.000000	0.000000
322.530000	0.539461	-1.144738	1.398472	0.000000	0.000000
322.540000	0.539457	-1.144760	1.398466	0.000000	0.000000
322.550000	0.539454	-1.144781	1.398461	0.000000	0.000000
322.560000	0.539451	-1.144802	1.398455	0.000000	0.000000
322.570000	0.539450	-1.144823	1.398448	0.000000	0.000000
322.580000	0.539448	-1.144844	1.398442	0.000000	0.000000
322.590000	0.539447	-1.144864	1.398436	0.000000	0.000000
322.600000	0.539445	-1.144885	1.398430	0.000000	0.000000
322.610000	0.539444	-1.144905	1.398423	0.000000	0.000000
322.620000	0.539441	-1.144922	1.398417	0.000000	0.000000
322.630000	0.539438	-1.144938	1.398410	0.000000	0.000000
322.640000	0.539435	-1.144955	1.398404	0.000000	0.000000
322.650000	0.539432	-1.144973	1.398397	0.000000	0.000000
322.660000	0.539429	-1.144993	1.398390	0.000000	0.000000
322.670000	0.539426	-1.145013	1.398384	0.000000	0.000000
322.680000	0.539424	-1.145034	1.398377	0.000000	0.000000
322.690000	0.539424	-1.145056	1.398371	0.000000	0.000000
322.700000	0.539424	-1.145078	1.398364	0.000000	0.000000
322.710000	0.539424	-1.145102	1.398358	0.000000	0.000000
322.720000	0.539425	-1.145126	1.398352	0.000000	0.000000
322.730000	0.539425	-1.145149	1.398345	0.000000	0.000000
322.740000	0.539425	-1.145170	1.398339	0.000000	0.000000
322.750000	0.539423	-1.145188	1.398333	0.000000	0.000000
322.760000	0.539420	-1.145204	1.398327	0.000000	0.000000
322.770000	0.539415	-1.145218	1.398321	0.000000	0.000000
322.780000	0.539411	-1.145233	1.398315	0.000000	0.000000
322.790000	0.539407	-1.145248	1.398309	0.000000	0.000000
322.800000	0.539404	-1.145265	1.398304	0.000000	0.000000
322.810000	0.539402	-1.145284	1.398298	0.000000	0.000000
322.820000	0.539401	-1.145303	1.398292	0.000000	0.000000
322.830000	0.539399	-1.145322	1.398286	0.000000	0.000000
322.840000	0.539397	-1.145341	1.398280	0.000000	0.000000
322.850000	0.539394	-1.145360	1.398275	0.000000	0.000000
322.860000	0.539390	-1.145379	1.398269	0.000000	0.000000
322.870000	0.539387	-1.145398	1.398263	0.000000	0.000000
322.880000	0.539384	-1.145418	1.398257	0.000000	0.000000
322.890000	0.539382	-1.145439	1.398251	0.000000	0.000000
322.900000	0.539380	-1.145459	1.398245	0.000000	0.000000
322.910000	0.539379	-1.145479	1.398238	0.000000	0.000000
322.920000	0.539377	-1.145496	1.398232	0.000000	0.000000
322.930000	0.539374	-1.145512	1.398226	0.000000	0.000000
322.940000	0.539372	-1.145524	1.398219	0.000000	0.000000
322.950000	0.539370	-1.145534	1.398213	0.000000	0.000000
322.960000	0.539365	-1.145539	1.398206	0.000000	0.000000
322.970000	0.539361	-1.145544	1.398200	0.000000	0.000000
322.980000	0.539358	-1.145552	1.398193	0.000000	0.000000
322.990000	0.539357	-1.145564	1.398187	0.000000	0.000000
323.000000	0.539358	-1.145578	1.398181	0.000000	0.000000
323.010000	0.539358	-1.145592	1.398175	0.000000	0.000000
323.020000	0.539358	-1.145603	1.398169	0.000000	0.000000
323.030000	0.539358	-1.145610	1.398163	0.000000	0.000000
323.040000	0.539355	-1.145614	1.398158	0.000000	0.000000
323.050000	0.539352	-1.145614	1.398152	0.000000	0.000000
323.060000	0.539348	-1.145610	1.398147	0.000000	0.000000
323.070000	0.539342	-1.145602	1.398142	0.000000	0.000000
323.080000	0.539336	-1.145592	1.398137	0.000000	0.000000
323.090000	0.539329	-1.145579	1.398132	0.000000	0.000000
323.100000	0.539322	-1.145566	1.398127	0.000000	0.000000
323.110000	0.539315	-1.145553	1.398123	0.000000	0.000000
323.120000	0.539308	-1.145542	1.398118	0.000000	0.000000
323.130000	0.539302	-1.145533	1.398113	0.000000	0.000000
323.140000	0.539296	-1.145526	1.398109	0.000000	0.000000
323.150000	0.539291	-1.145519	1.398104	0.000000	0.000000
323.160000	0.539286	-1.145515	1.398100	0.000000	0.000000
323.170000	0.539283	-1.145513	1.398095	0.000000	0.000000
323.180000	0.539281	-1.145516	1.398091	0.000000	0.000000
323.190000	0.539280	-1.145522	1.398086	0.000000	0.000000
323.200000	0.539280	-1.145530	1.398081	0.000000	0.000000
323.210000	0.539280	-1.145540	1.398076	0.000000	0.000000
323.220000	0.539281	-1.145550	1.398071	0.000000	0.000000
323.230000	0.539282	-1.145559	1.398066	0.000000	0.000000
323.240000	0.539283	-1.145567	1.398061	0.000000	0.000000
323.250000	0.539282	-1.145573	1.398056	0.000000	0.000000
323.260000	0.539279	-1.145575	1.398050	0.000000	0.000000
323.270000	0.539275	-1.145576	1.398044	0.000000	0.000000
323.280000	0.539271	-1.145576	1.398039	0.000000	0.000000
323.290000	0.539267	-1.145577	1.398033	0.000000	0.000000
323.300000	0.539262	-1.145578	1.398027	0.000000	0.000000
323.310000	0.539257	-1.145578	1.398021	0.000000	0.000000
323.320000	0.539252	-1.145579	1.398015	0.000000	0.000000
323.330000	0.539247	-1.145581	1.398009	0.000000	0.000000
323.340000	0.539244	-1.145585	1.398003	0.000000	0.000000
323.350000	0.539242	-1.145592	1.397997	0.000000	0.000000
323.360000	0.539242	-1.145601	1.397991	0.000000	0.000000
323.370000	0.539242	-1.145612	1.397985	0.000000	0.000000
323.380000	0.539242	-1.145623	1.397980	0.000000	0.000000
323.390000	0.539243	-1.145635	1.397974	0.000000	0.000000
323.400000	0.539242	-1.145646	1.397969	0.000000	0.000000
323.410000	0.539241	-1.145655	1.397964	0.000000	0.000000
323.420000	0.539239	-1.145661	1.397959	0.000000	0.000000
323.430000	0.539238	-1.145666	1.397954	0.000000	0.000000
323.440000	0.539238	-1.145670	1.397949	0.000000	0.000000
323.450000	0.539238	-1.145675	1.397944	0.000000	0.000000
323.460000	0.539238	-1.145682	1.397939	0.000000	0.000000
323.470000	0.539240	-1.145687	1.397935	0.000000	0.000000
323.480000	0.539241	-1.145690	1.397930	0.000000	0.000000
323.490000	0.539240	-1.145691	1.397926	0.000000	0.000000
323.500000	0.539239	-1.145691	1.397922	0.000000	0.000000
323.510000	0.539239	-1.145692	1.397918	0.000000	0.000000
323.520000	0.539240	-1.145697	1.397913	0.000000	0.000000
323.530000	0.539241	-1.145705	1.397909	0.000000	0.000000
323.540000	0.539243	-1.145713	1.397905	0.000000	0.000000
323.550000	0.539244	-1.145722	1.397901	0.000000	0.000000
323.560000	0.539245	-1.145729	1.397897	0.000000	0.000000
323.570000	0.539246	-1.145733	1.397893	0.000000	0.000000
323.580000	0.539246	-1.145735	1.397889	0.000000	0.000000
323.590000	0.539245	-1.145736	1.397886	0.000000	0.000000
323.600000	0.539244	-1.145737	1.397882	0.000000	0.000000
323.610000	0.539243	-1.145739	1.397878	0.000000	0.000000
323.620000	0.539241	-1.145740	1.397874	0.000000	0.000000
323.630000	0.539237	-1.145739	1.397871	0.000000	0.000000
323.640000	0.539232	-1.145736	1.397867	0.000000	0.000000
323.650000	0.539227	-1.145733	1.397863	0.000000	0.000000
323.660000	0.539222	-1.145730	1.397860	0.000000	0.000000
323.670000	0.539218	-1.145730	1.397856	0.000000	0.000000
323.680000	0.539214	-1.145732	1.397852	0.000000	0.000000
323.690000	0.539211	-1.145738	1.397848	0.000000	0.000000
323.700000	0.539209	-1.145748	1.397844	0.000000	0.000000
323.710000	0.539208	-1.145762	1.397840	0.000000	0.000000
323.720000	0.539208	-1.145778	1.397836	0.000000	0.000000
323.730000	0.539211	-1.145796	1.397832	0.000000	0.000000
323.740000	0.539212	-1.145814	1.397828	0.000000	0.000000
323.750000	0.539213	-1.145831	1.397823	0.000000	0.000000
323.760000	0.539211	-1.145846	1.397819	0.000000	0.000000
323.770000	0.539210	-1.145859	1.397814	0.000000	0.000000
323.780000	0.539207	-1.145870	1.397810	0.000000	0.000000
323.790000	0.539204	-1.145878	1.397805	0.000000	0.000000
323.800000	0.539200	-1.145883	1.397800	0.000000	0.000000
323.810000	0.539195	-1.145885	1.397795	0.000000	0.000000
323.820000	0.539190	-1.145885	1.397790	0.000000	0.000000
323.830000	0.539186	-1.145883	1.397786	0.000000	0.000000
323.840000	0.539182	-1.145882	1.397781	0.000000	0.000000
323.850000	0.539178	-1.145883	1.397776	0.000000	0.000000
323.860000	0.539174	-1.145885	1.397771	0.000000	0.000000
323.870000	0.539171	-1.145887	1.397767	0.000000	0.000000
323.880000	0.539168	-1.145890	1.397762	0.000000	0.000000
323.890000	0.539165	-1.145891	1.397758	0.000000	0.000000
323.900000	0.539160	-1.145892	1.397753	0.000000	0.000000
323.910000	0.539157	-1.145893	1.397749	0.000000	0.000000
323.920000	0.539152	-1.145893	1.397745	0.000000	0.000000
323.930000	0.539148	-1.145893	1.397741	0.000000	0.000000
323.940000	0.539143	-1.145893	1.397736	0.000000	0.000000
323.950000	0.539140	-1.145895	1.397732	0.000000	0.000000
323.960000	0.539136	-1.145897	1.397728	0.000000	0.000000
323.970000	0.539133	-1.145899	1.397723	0.000000	0.000000
323.980000	0.539129	-1.145902	1.397719	0.000000	0.000000
323.990000	0.539125	-1.145904	1.397714	0.000000	0.000000
324.000000	0.539121	-1.145904	1.397710	0.000000	0.000000
324.010000	0.539118	-1.145902	1.397705	0.000000	0.000000
324.020000	0.539114	-1.145898	1.397700	0.000000	0.000000
324.030000	0.539111	-1.145894	1.397696	0.000000	0.000000
324.040000	0.539107	-1.145892	1.397691	0.000000	0.000000
324.050000	0.539103	-1.145891	1.397686	0.000000	0.000000
324.060000	0.539099	-1.145890	1.397681	0.000000	0.000000
324.070000	0.539094	-1.145887	1.397676	0.000000	0.000000
324.080000	0.539088	-1.145883	1.397671	0.000000	0.000000
324.090000	0.539083	-1.145882	1.397667	0.000000	0.000000
324.100000	0.539079	-1.145887	1.397663	0.000000	0.000000
324.110000	0.539078	-1.145897	1.397658	0.000000	0.000000
324.120000	0.539077	-1.145910	1.397654	0.000000	0.000000
324.130000	0.539076	-1.145923	1.397650	0.000000	0.000000
324.140000	0.539075	-1.145934	1.397647	0.000000	0.000000
324.150000	0.539071	-1.145941	1.397643	0.000000	0.000000
324.160000	0.539067	-1.145944	1.397640	0.000000	0.000000
324.170000	0.539063	-1.145944	1.397636	0.000000	0.000000
324.180000	0.539057	-1.145940	1.397633	0.000000	0.000000
324.190000	0.539053	-1.145934	1.397630	0.000000	0.000000
324.200000	0.539047	-1.145927	1.397627	0.000000	0.000000
324.210000	0.539041	-1.145920	1.397624	0.000000	0.000000
324.220000	0.539035	-1.145914	1.397621	0.000000	0.000000
324.230000	0.539029	-1.145909	1.397618	0.000000	0.000000
324.240000	0.539024	-1.145905	1.397616	0.000000	0.000000
324.250000	0.539021	-1.145902	1.397613	0.000000	0.000000
324.260000	0.539018	-1.145901	1.397610	0.000000	0.000000
324.270000	0.539014	-1.145901	1.397607	0.000000	0.000000
324.280000	0.539012	-1.145901	1.397604	0.000000	0.000000
324.290000	0.539010	-1.145902	1.397600	0.000000	0.000000
324.300000	0.539009	-1.145904	1.397597	0.000000	0.000000
324.310000	0.539008	-1.145906	1.397594	0.000000	0.000000
324.320000	0.539008	-1.145909	1.397590	0.000000	0.000000
324.330000	0.539007	-1.145915	1.397587	0.000000	0.000000
324.340000	0.539007	-1.145924	1.397583	0.000000	0.000000
324.350000	0.539008	-1.145937	1.397580	0.000000	0.000000
324.360000	0.539011	-1.145953	1.397576	0.000000	0.000000
324.370000	0.539015	-1.145972	1.397573	0.000000	0.000000
324.380000	0.539020	-1.145991	1.397569	0.000000	0.000000
324.390000	0.539025	-1.146010	1.397565	0.000000	0.000000
324.400000	0.539027	-1.146028	1.397561	0.000000	0.000000
324.410000	0.539030	-1.146044	1.397557	0.000000	0.000000
324.420000	0.539033	-1.146059	1.397553	0.000000	0.000000
324.430000	0.539035	-1.146073	1.397549	0.000000	0.000000
324.440000	0.539037	-1.146087	1.397545	0.000000	0.000000
324.450000	0.539039	-1.146100	1.397541	0.000000	0.000000
324.460000	0.539042	-1.146113	1.397537	0.000000	0.000000
324.470000	0.539044	-1.146124	1.397532	0.000000	0.000000
324.480000	0.539043	-1.146131	1.397528	0.000000	0.000000
324.490000	0.539041	-1.146135	1.397523	0.000000	0.000000
324.500000	0.539038	-1.146137	1.397519	0.000000	0.000000
324.510000	0.539036	-1.146137	1.397514	0.000000	0.000000
324.520000	0.539033	-1.146136	1.397509	0.000000	0.000000
324.530000	0.539029	-1.146135	1.397504	0.000000	0.000000
324.540000	0.539027	-1.146135	1.397498	0.000000	0.000000
324.550000	0.539026	-1.146138	1.397493	0.000000	0.000000
324.560000	0.539025	-1.146145	1.397488	0.000000	0.000000
324.570000	0.539026	-1.146159	1.397482	0.000000	0.000000
324.580000	0.539029	-1.146178	1.397477	0.000000	0.000000
324.590000	0.539033	-1.146201	1.397472	0.000000	0.000000
324.600000	0.539036	-1.146225	1.397466	0.000000	0.000000
324.610000	0.539040	-1.146247	1.397461	0.000000	0.000000
324.620000	0.539043	-1.146267	1.397455	0.000000	0.000000
324.630000	0.539044	-1.146286	1.397450	0.000000	0.000000
324.640000	0.539046	-1.146305	1.397445	0.000000	0.000000
324.650000	0.539047	-1.146326	1.397439	0.000000	0.000000
324.660000	0.539049	-1.146349	1.397434	0.000000	0.000000
324.670000	0.539051	-1.146372	1.397429	0.000000	0.000000
324.680000	0.539053	-1.146395	1.397424	0.000000	0.000000
324.690000	0.539055	-1.146417	1.397419	0.000000	0.000000
324.700000	0.539057	-1.146436	1.397414	0.000000	0.000000
324.710000	0.539059	-1.146450	1.397410	0.000000	0.000000
324.720000	0.539059	-1.146460	1.397405	0.000000	0.000000
324.730000	0.539058	-1.146468	1.397401	0.000000	0.000000
324.740000	0.539057	-1.146473	1.397396	0.000000	0.000000
324.750000	0.539055	-1.146477	1.397392	0.000000	0.000000
324.760000	0.539052	-1.146480	1.397388	0.000000	0.000000
324.770000	0.539049	-1.146483	1.397384	0.000000	0.000000
324.780000	0.539047	-1.146486	1.397380	0.000000	0.000000
324.790000	0.539044	-1.146488	1.397376	0.000000	0.000000
324.800000	0.539042	-1.146492	1.397372	0.000000	0.000000
324.810000	0.539041	-1.146496	1.397368	0.000000	0.000000
324.820000	0.539039	-1.146500	1.397364	0.000000	0.000000
324.830000	0.539037	-1.146502	1.397360	0.000000	0.000000
324.840000	0.539035	-1.146503	1.397356	0.000000	0.000000
324.850000	0.539032	-1.146503	1.397352	0.000000	0.000000
324.860000	0.539029	-1.146503	1.397349	0.000000	0.000000
324.870000	0.539025	-1.146502	1.397345	0.000000	0.000000
324.880000	0.539022	-1.146503	1.397341	0.000000	0.000000
324.890000	0.539020	-1.146506	1.397337	0.000000	0.000000
324.900000	0.539019	-1.146514	1.397334	0.000000	0.000000
324.910000	0.539021	-1.146526	1.397330	0.000000	0.000000
324.920000	0.539023	-1.146541	1.397327	0.000000	0.000000
324.930000	0.539027	-1.146558	1.397324	0.000000	0.000000
324.940000	0.539031	-1.146575	1.397321	0.000000	0.000000
324.950000	0.539033	-1.146589	1.397318	0.000000	0.000000
324.960000	0.539034	-1.146600	1.397315	0.000000	0.000000
324.970000	0.539033	-1.146606	1.397312	0.000000	0.000000
324.980000	0.539030	-1.146608	1.397309	0.000000	0.000000
324.990000	0.539027	-1.146607	1.397306	0.000000	0.000000
325.000000	0.539022	-1.146603	1.397304	0.000000	0.000000
325.010000	0.539017	-1.146599	1.397301	0.000000	0.000000
325.020000	0.539012	-1.146596	1.397299	0.000000	0.000000
325.030000	0.539009	-1.146595	1.397296	0.000000	0.000000
325.040000	0.539005	-1.146596	1.397294	0.000000	0.000000
325.050000	0.539004	-1.146600	1.397291	0.000000	0.000000
325.060000	0.539002	-1.146605	1.397289	0.000000	0.000000
325.070000	0.539000	-1.146612	1.397286	0.000000	0.000000
325.080000	0.539000	-1.146620	1.397283	0.000000	0.000000
325.090000	0.539001	-1.146629	1.397281	0.000000	0.000000
325.100000	0.539003	-1.146640	1.397278	0.000000	0.000000
325.110000	0.539005	-1.146652	1.397275	0.000000	0.000000
325.120000	0.539007	-1.146665	1.397272	0.000000	0.000000
325.130000	0.539010	-1.146677	1.397269	0.000000	0.000000
325.140000	0.539013	-1.146687	1.397266	0.000000	0.000000
325.150000	0.539016	-1.146694	1.397263	0.000000	0.000000
325.160000	0.539019	-1.146700	1.397259	0.000000	0.000000
325.170000	0.539023	-1.146705	1.397256	0.000000	0.000000
325.180000	0.539025	-1.146710	1.397253	0.000000	0.000000
325.190000	0.539029	-1.146716	1.397249	0.000000	0.000000
325.200000	0.539032	-1.146722	1.397246	0.000000	0.000000
325.210000	0.539036	-1.146728	1.397242	0.000000	0.000000
325.220000	0.539039	-1.146732	1.397239	0.000000	0.000000
325.230000	0.539042	-1.146734	1.397235	0.000000	0.000000
325.240000	0.539044	-1.146735	1.397231	0.000000	0.000000
325.250000	0.539045	-1.146734	1.397228	0.000000	0.000000
325.260000	0.539046	-1.146734	1.397224	0.000000	0.000000
325.270000	0.539047	-1.146735	1.397220	0.000000	0.000000
325.280000	0.539047	-1.146738	1.397216	0.000000	0.000000
325.290000	0.539049	-1.146743	1.397213	0.000000	0.000000
325.300000	0.539051	-1.146748	1.397209	0.000000	0.000000
325.310000	0.539052	-1.146751	1.397205	0.000000	0.000000
325.320000	0.539053	-1.146751	1.397201	0.000000	0.000000
325.330000	0.539053	-1.146750	1.397197	0.000000	0.000000
325.340000	0.539054	-1.146750	1.397193	0.000000	0.000000
325.350000	0.539057	-1.146753	1.397189	0.000000	0.000000
325.360000	0.539060	-1.146758	1.397185	0.000000	0.000000
325.370000	0.539062	-1.146763	1.397182	0.000000	0.000000
325.380000	0.539065	-1.146769	1.397178	0.000000	0.000000
325.390000	0.539068	-1.146775	1.397174	0.000000	0.000000
325.400000	0.539070	-1.146781	1.397170	0.000000	0.000000
325.410000	0.539072	-1.146790	1.397166	0.000000	0.000000
325.420000	0.539074	-1.146800	1.397163	0.000000	0.000000
325.430000	0.539078	-1.146811	1.397159	0.000000	0.000000
325.440000	0.539080	-1.146821	1.397156	0.000000	0.000000
325.450000	0.539081	-1.146832	1.397152	0.000000	0.000000
325.460000	0.539083	-1.146841	1.397149	0.000000	0.000000
325.470000	0.539085	-1.146848	1.397145	0.000000	0.000000
325.480000	0.539086	-1.146852	1.397142	0.000000	0.000000
325.490000	0.539086	-1.146853	1.397138	0.000000	0.000000
325.500000	0.539086	-1.146851	1.397135	0.000000	0.000000
325.510000	0.539086	-1.146848	1.397132	0.000000	0.000000
325.520000	0.539085	-1.146845	1.397129	0.000000	0.000000
325.530000	0.539084	-1.146843	1.397126	0.000000	0.000000
325.540000	0.539083	-1.146841	1.397123	0.000000	0.000000
325.550000	0.539082	-1.146841	1.397120	0.000000	0.000000
325.560000	0.539083	-1.146845	1.397117	0.000000	0.000000
325.570000	0.539084	-1.146853	1.397115	0.000000	0.000000
325.580000	0.539085	-1.146865	1.397112	0.000000	0.000000
325.590000	0.539088	-1.146878	1.397109	0.000000	0.000000
325.600000	0.539090	-1.146893	1.397106	0.000000	0.000000
325.610000	0.539093	-1.146909	1.397103	0.000000	0.000000
325.620000	0.539097	-1.146924	1.397100	0.000000	0.000000
325.630000	0.539099	-1.146940	1.397097	0.000000	0.000000
325.640000	0.539101	-1.146955	1.397094	0.000000	0.000000
325.650000	0.539104	-1.146972	1.397091	0.000000	0.000000
325.660000	0.539107	-1.146989	1.397088	0.000000	0.000000
325.670000	0.539110	-1.147006	1.397085	0.000000	0.000000
325.680000	0.539112	-1.147022	1.397082	0.000000	0.000000
325.690000	0.539114	-1.147037	1.397078	0.000000	0.000000
325.700000	0.539115	-1.147049	1.397075	0.000000	0.000000
325.710000	0.539115	-1.147059	1.397072	0.000000	0.000000
325.720000	0.539115	-1.147067	1.397069	0.000000	0.000000
325.730000	0.539114	-1.147075	1.397065	0.000000	0.000000
325.740000	0.539114	-1.147085	1.397062	0.000000	0.000000
325.750000	0.539116	-1.147098	1.397059	0.000000	0.000000
325.760000	0.539117	-1.147112	1.397056	0.000000	0.000000
325.770000	0.539117	-1.147126	1.397053	0.000000	0.000000
325.780000	0.539119	-1.147140	1.397051	0.000000	0.000000
325.790000	0.539119	-1.147154	1.397048	0.000000	0.000000
325.800000	0.539119	-1.147166	1.397046	0.000000	0.000000
325.810000	0.539117	-1.147176	1.397044	0.000000	0.000000
325.820000	0.539115	-1.147183	1.397041	0.000000	0.000000
325.830000	0.539111	-1.147188	1.397039	0.000000	0.000000
325.840000	0.539106	-1.147191	1.397037	0.000000	0.000000
325.850000	0.539101	-1.147193	1.397036	0.000000	0.000000
325.860000	0.539096	-1.147195	1.397034	0.000000	0.000000
325.870000	0.539091	-1.147197	1.397032	0.000000	0.000000
325.880000	0.539087	-1.147199	1.397030	0.000000	0.000000
325.890000	0.539084	-1.147202	1.397028	0.000000	0.000000
325.900000	0.539081	-1.147205	1.397026	0.000000	0.000000
325.910000	0.539078	-1.147206	1.397024	0.000000	0.000000
325.920000	0.539075	-1.147207	1.397022	0.000000	0.000000
325.930000	0.539073	-1.147209	1.397020	0.000000	0.000000
325.940000	0.539072	-1.147213	1.397018	0.000000	0.000000
325.950000	0.539073	-1.147219	1.397016	0.000000	0.000000
325.960000	0.539074	-1.147226	1.397013	0.000000	0.000000
325.970000	0.539076	-1.147234	1.397011	0.000000	0.000000
325.980000	0.539079	-1.147241	1.397008	0.000000	0.000000
325.990000	0.539081	-1.147249	1.397006	0.000000	0.000000
326.000000	0.539083	-1.147259	1.397003	0.000000	0.000000
326.010000	0.539085	-1.147269	1.397001	0.000000	0.000000
326.020000	0.539087	-1.147281	1.396998	0.000000	0.000000
326.030000	0.539087	-1.147293	1.396995	0.000000	0.000000
326.040000	0.539085	-1.147303	1.396992	0.000000	0.000000
326.050000	0.539083	-1.147309	1.396990	0.000000	0.000000
326.060000	0.539080	-1.147312	1.396987	0.000000	0.000000
326.070000	0.539075	-1.147311	1.396984	0.000000	0.000000
326.080000	0.539069	-1.147308	1.396982	0.000000	0.000000
326.090000	0.539062	-1.147306	1.396979	0.000000	0.000000
326.100000	0.539057	-1.147309	1.396977	0.000000	0.000000
326.110000	0.539053	-1.147317	1.396974	0.000000	0.000000
326.120000	0.539051	-1.147330	1.396972	0.000000	0.000000
326.130000	0.539050	-1.147347	1.396969	0.000000	0.000000
326.140000	0.539049	-1.147365	1.396967	0.000000	0.000000
326.150000	0.539049	-1.147383	1.396965	0.000000	0.000000
326.160000	0.539049	-1.147402	1.396963	0.000000	0.000000
326.170000	0.539049	-1.147419	1.396960	0.000000	0.000000
326.180000	0.539048	-1.147434	1.396958	0.000000	0.000000
326.190000	0.539047	-1.147447	1.396956	0.000000	0.000000
326.200000	0.539046	-1.147457	1.396954	0.000000	0.000000
326.210000	0.539044	-1.147466	1.396951	0.000000	0.000000
326.220000	0.539043	-1.147474	1.396949	0.000000	0.000000
326.230000	0.539042	-1.147481	1.396947	0.000000	0.000000
326.240000	0.539040	-1.147487	1.396944	0.000000	0.000000
326.250000	0.539037	-1.147491	1.396942	0.000000	0.000000
326.260000	0.539034	-1.147495	1.396940	0.000000	0.000000
326.270000	0.539032	-1.147499	1.396938	0.000000	0.000000
326.280000	0.539029	-1.147504	1.396935	0.000000	0.000000
326.290000	0.539027	-1.147509	1.396933	0.000000	0.000000
326.300000	0.539024	-1.147514	1.396931	0.000000	0.000000
326.310000	0.539020	-1.147519	1.396929	0.000000	0.000000
326.320000	0.539019	-1.147526	1.396927	0.000000	0.000000
326.330000	0.539017	-1.147536	1.396925	0.000000	0.000000
326.340000	0.539016	-1.147546	1.396924	0.000000	0.000000
326.350000	0.539014	-1.147556	1.396922	0.000000	0.000000
326.360000	0.539012	-1.147565	1.396920	0.000000	0.000000
326.370000	0.539009	-1.147574	1.396919	0.000000	0.000000
326.380000	0.539006	-1.147582	1.396917	0.000000	0.000000
326.390000	0.539003	-1.147589	1.396916	0.000000	0.000000
326.400000	0.539000	-1.147597	1.396914	0.000000	0.000000
326.410000	0.538998	-1.147605	1.396913	0.000000	0.000000
326.420000	0.538996	-1.147612	1.396911	0.000000	0.000000
326.430000	0.538994	-1.147619	1.396910	0.000000	0.000000
326.440000	0.538991	-1.147625	1.396909	0.000000	0.000000
326.450000	0.538989	-1.147627	1.396907	0.000000	0.000000
326.460000	0.538986	-1.147625	1.396906	0.000000	0.000000
326.470000	0.538983	-1.147622	1.396904	0.000000	0.000000
326.480000	0.538981	-1.147621	1.396903	0.000000	0.000000
326.490000	0.538982	-1.147625	1.396902	0.000000	0.000000
326.500000	0.538982	-1.147635	1.396901	0.000000	0.000000
326.510000	0.538985	-1.147649	1.396899	0.000000	0.000000
326.520000	0.538989	-1.147665	1.396898	0.000000	0.000000
326.530000	0.538992	-1.147681	1.396897	0.000000	0.000000
326.540000	0.538994	-1.147695	1.396896	0.000000	0.000000
326.550000	0.538997	-1.147707	1.396895	0.000000	0.000000
326.560000	0.538999	-1.147714	1.396894	0.000000	0.000000
326.570000	0.538999	-1.147717	1.396893	0.000000	0.000000
326.580000	0.538997	-1.147716	1.396892	0.000000	0.000000
326.590000	0.538994	-1.147712	1.396891	0.000000	0.000000
326.600000	0.538991	-1.147707	1.396890	0.000000	0.000000
326.610000	0.538988	-1.147700	1.396889	0.000000	0.000000
326.620000	0.538985	-1.147693	1.396889	0.000000	0.000000
326.630000	0.538981	-1.147685	1.396888	0.000000	0.000000
326.640000	0.538977	-1.147677	1.396887	0.000000	0.000000
326.650000	0.538972	-1.147668	1.396886	0.000000	0.000000
326.660000	0.538969	-1.147661	1.396886	0.000000	0.000000
326.670000	0.538968	-1.147659	1.396885	0.000000	0.000000
326.680000	0.538967	-1.147662	1.396884	0.000000	0.000000
326.690000	0.538968	-1.147669	1.396883	0.000000	0.000000
326.700000	0.538970	-1.147679	1.396882	0.000000	0.000000
326.710000	0.538972	-1.147690	1.396881	0.000000	0.000000
326.720000	0.538975	-1.147701	1.396880	0.000000	0.000000
326.730000	0.538978	-1.147709	1.396879	0.000000	0.000000
326.740000	0.538981	-1.147714	1.396878	0.000000	0.000000
326.750000	0.538984	-1.147714	1.396877	0.000000	0.000000
326.760000	0.538985	-1.147711	1.396876	0.000000	0.000000
326.770000	0.538986	-1.147708	1.396875	0.000000	0.000000
326.780000	0.538988	-1.147707	1.396874	0.000000	0.000000
326.790000	0.538990	-1.147708	1.396874	0.000000	0.000000
326.800000	0.538994	-1.147708	1.396873	0.000000	0.000000
326.810000	0.538996	-1.147707	1.396872	0.000000	0.000000
326.820000	0.538996	-1.147701	1.396872	0.000000	0.000000
326.830000	0.538995	-1.147694	1.396871	0.000000	0.000000
326.840000	0.538994	-1.147685	1.396871	0.000000	0.000000
326.850000	0.538993	-1.147676	1.396871	0.000000	0.000000
326.860000	0.538994	-1.147667	1.396870	0.000000	0.000000
326.870000	0.538995	-1.147660	1.396870	0.000000	0.000000
326.880000	0.538996	-1.147654	1.396871	0.000000	0.000000
326.890000	0.538997	-1.147648	1.396871	0.000000	0.000000
326.900000	0.538998	-1.147642	1.396872	0.000000	0.000000
326.910000	0.538999	-1.147636	1.396872	0.000000	0.000000
326.920000	0.539000	-1.147631	1.396873	0.000000	0.000000
326.930000	0.539002	-1.147627	1.396874	0.000000	0.000000
326.940000	0.539003	-1.147623	1.396875	0.000000	0.000000
326.950000	0.539003	-1.147620	1.396875	0.000000	0.000000
326.960000	0.539002	-1.147617	1.396876	0.000000	0.000000
326.970000	0.539001	-1.147614	1.396878	0.000000	0.000000
326.980000	0.539000	-1.147610	1.396879	0.000000	0.000000
326.990000	0.538999	-1.147605	1.396880	0.000000	0.000000
327.000000	0.538998	-1.147600	1.396881	0.000000	0.000000
327.010000	0.538998	-1.147596	1.396882	0.000000	0.000000
327.020000	0.538999	-1.147595	1.396883	0.000000	0.000000
327.030000	0.538999	-1.147598	1.396885	0.000000	0.000000
327.040000	0.538999	-1.147603	1.396886	0.000000	0.000000
327.050000	0.538999	-1.147609	1.396887	0.000000	0.000000
327.060000	0.539000	-1.147615	1.396889	0.000000	0.000000
327.070000	0.539000	-1.147620	1.396890	0.000000	0.000000
327.080000	0.539000	-1.147625	1.396891	0.000000	0.000000
327.090000	0.538999	-1.147629	1.396893	0.000000	0.000000
327.100000	0.538999	-1.147633	1.396895	0.000000	0.000000
327.110000	0.538998	-1.147636	1.396896	0.000000	0.000000
327.120000	0.538998	-1.147639	1.396898	0.000000	0.000000
327.130000	0.538998	-1.147642	1.396900	0.000000	0.000000
327.140000	0.538998	-1.147645	1.396902	0.000000	0.000000
327.150000	0.538998	-1.147649	1.396904	0.000000	0.000000
327.160000	0.538997	-1.147651	1.396907	0.000000	0.000000
327.170000	0.538995	-1.147652	1.396909	0.000000	0.000000
327.180000	0.538992	-1.147651	1.396912	0.000000	0.000000
327.190000	0.538988	-1.147649	1.396914	0.000000	0.000000
327.200000	0.538983	-1.147645	1.396917	0.000000	0.000000
327.210000	0.538979	-1.147640	1.396920	0.000000	0.000000
327.220000	0.538975	-1.147636	1.396922	0.000000	0.000000
327.230000	0.538972	-1.147635	1.396925	0.000000	0.000000
327.240000	0.538970	-1.147636	1.396928	0.000000	0.000000
327.250000	0.538969	-1.147640	1.396930	0.000000	0.000000
327.260000	0.538968	-1.147644	1.396933	0.000000	0.000000
327.270000	0.538967	-1.147648	1.396936	0.000000	0.000000
327.280000	0.538966	-1.147653	1.396938	0.000000	0.000000
327.290000	0.538964	-1.147657	1.396941	0.000000	0.000000
327.300000	0.538961	-1.147660	1.396943	0.000000	0.000000
327.310000	0.538958	-1.147660	1.396946	0.000000	0.000000
327.320000	0.538953	-1.147659	1.396948	0.000000	0.000000
327.330000	0.538947	-1.147655	1.396951	0.000000	0.000000
327.340000	0.538940	-1.147650	1.396953	0.000000	0.000000
327.350000	0.538934	-1.147643	1.396955	0.000000	0.000000
327.360000	0.538928	-1.147637	1.396957	0.000000	0.000000
327.370000	0.538923	-1.147632	1.396959	0.000000	0.000000
327.380000	0.538918	-1.147628	1.396961	0.000000	0.000000
327.390000	0.538913	-1.147623	1.396963	0.000000	0.000000
327.400000	0.538909	-1.147618	1.396965	0.000000	0.000000
327.410000	0.538904	-1.147613	1.396966	0.000000	0.000000
327.420000	0.538899	-1.147607	1.396968	0.000000	0.000000
327.430000	0.538894	-1.147603	1.396969	0.000000	0.000000
327.440000	0.538889	-1.147599	1.396970	0.000000	0.000000
327.450000	0.538885	-1.147598	1.396972	0.000000	0.000000
327.460000	0.538882	-1.147599	1.396973	0.000000	0.000000
327.470000	0.538881	-1.147601	1.396973	0.000000	0.000000
327.480000	0.538879	-1.147604	1.396974	0.000000	0.000000
327.490000	0.538879	-1.147608	1.396975	0.000000	0.000000
327.500000	0.538879	-1.147611	1.396975	0.000000	0.000000
327.510000	0.538880	-1.147614	1.396975	0.000000	0.000000
327.520000	0.538880	-1.147617	1.396976	0.000000	0.000000
327.530000	0.538878	-1.147619	1.396976	0.000000	0.000000
327.540000	0.538878	-1.147622	1.396976	0.000000	0.000000
327.550000	0.538877	-1.147625	1.396975	0.000000	0.000000
327.560000	0.538876	-1.147628	1.396975	0.000000	0.000000
327.570000	0.538874	-1.147630	1.396975	0.000000	0.000000
327.580000	0.538873	-1.147632	1.396974	0.000000	0.000000
327.590000	0.538873	-1.147635	1.396974	0.000000	0.000000
327.600000	0.538871	-1.147638	1.396973	0.000000	0.000000
327.610000	0.538869	-1.147642	1.396972	0.000000	0.000000
327.620000	0.538866	-1.147645	1.396972	0.000000	0.000000
327.630000	0.538863	-1.147646	1.396971	0.000000	0.000000
327.640000	0.538858	-1.147644	1.396970	0.000000	0.000000
327.650000	0.538853	-1.147640	1.396969	0.000000	0.000000
327.660000	0.538847	-1.147634	1.396969	0.000000	0.000000
327.670000	0.538843	-1.147627	1.396968	0.000000	0.000000
327.680000	0.538838	-1.147621	1.396966	0.000000	0.000000
327.690000	0.538836	-1.147619	1.396965	0.000000	0.000000
327.700000	0.538836	-1.147623	1.396964	0.000000	0.000000
327.710000	0.538836	-1.147631	1.396963	0.000000	0.000000
327.720000	0.538838	-1.147641	1.396962	0.000000	0.000000
327.730000	0.538840	-1.147653	1.396960	0.000000	0.000000
327.740000	0.538841	-1.147664	1.396959	0.000000	0.000000
327.750000	0.538843	-1.147673	1.396957	0.000000	0.000000
327.760000	0.538844	-1.147679	1.396956	0.000000	0.000000
327.770000	0.538845	-1.147684	1.396954	0.000000	0.000000
327.780000	0.538846	-1.147688	1.396952	0.000000	0.000000
327.790000	0.538849	-1.147692	1.396951	0.000000	0.000000
327.800000	0.538851	-1.147695	1.396949	0.000000	0.000000
327.810000	0.538852	-1.147698	1.396947	0.000000	0.000000
327.820000	0.538853	-1.147699	1.396946	0.000000	0.000000
327.830000	0.538853	-1.147699	1.396944	0.000000	0.000000
327.840000	0.538851	-1.147698	1.396943	0.000000	0.000000
327.850000	0.538849	-1.147695	1.396941	0.000000	0.000000
327.860000	0.538846	-1.147690	1.396940	0.000000	0.000000
327.870000	0.538842	-1.147682	1.396938	0.000000	0.000000
327.880000	0.538837	-1.147673	1.396937	0.000000	0.000000
327.890000	0.538832	-1.147664	1.396936	0.000000	0.000000
327.900000	0.538828	-1.147655	1.396934	0.000000	0.000000
327.910000	0.538824	-1.147647	1.396933	0.000000	0.000000
327.920000	0.538820	-1.147641	1.396932	0.000000	0.000000
327.930000	0.538817	-1.147637	1.396930	0.000000	0.000000
327.940000	0.538814	-1.147636	1.396929	0.000000	0.000000
327.950000	0.538812	-1.147637	1.396927	0.000000	0.000000
327.960000	0.538811	-1.147641	1.396926	0.000000	0.000000
327.970000	0.538811	-1.147647	1.396924	0.000000	0.000000
327.980000	0.538810	-1.147653	1.396922	0.000000	0.000000
327.990000	0.538810	-1.147660	1.396921	0.000000	0.000000
328.000000	0.538809	-1.147666	1.396919	0.000000	0.000000
328.010000	0.538807	-1.147673	1.396917	0.000000	0.000000
328.020000	0.538805	-1.147680	1.396915	0.000000	0.000000
328.030000	0.538804	-1.147689	1.396913	0.000000	0.000000
328.040000	0.538802	-1.147698	1.396911	0.000000	0.000000
328.050000	0.538801	-1.147707	1.396910	0.000000	0.000000
328.060000	0.538801	-1.147717	1.396908	0.000000	0.000000
328.070000	0.538801	-1.147728	1.396906	0.000000	0.000000
328.080000	0.538801	-1.147741	1.396904	0.000000	0.000000
328.090000	0.538801	-1.147753	1.396901	0.000000	0.000000
328.100000	0.538800	-1.147763	1.396899	0.000000	0.000000
328.110000	0.538799	-1.147770	1.396897	0.000000	0.000000
328.120000	0.538796	-1.147774	1.396895	0.000000	0.000000
328.130000	0.538792	-1.147776	1.396893	0.000000	0.000000
328.140000	0.538788	-1.147778	1.396891	0.000000	0.000000
328.150000	0.538786	-1.147781	1.396888	0.000000	0.000000
328.160000	0.538784	-1.147788	1.396886	0.000000	0.000000
328.170000	0.538785	-1.147796	1.396884	0.000000	0.000000
328.180000	0.538785	-1.147805	1.396881	0.000000	0.000000
328.190000	0.538785	-1.147813	1.396879	0.000000	0.000000
328.200000	0.538783	-1.147821	1.396876	0.000000	0.000000
328.210000	0.538781	-1.147827	1.396874	0.000000	0.000000
328.220000	0.538778	-1.147832	1.396871	0.000000	0.000000
328.230000	0.538774	-1.147834	1.396868	0.000000	0.000000
328.240000	0.538769	-1.147834	1.396865	0.000000	0.000000
328.250000	0.538766	-1.147834	1.396862	0.000000	0.000000
328.260000	0.538764	-1.147835	1.396859	0.000000	0.000000
328.270000	0.538764	-1.147837	1.396856	0.000000	0.000000
328.280000	0.538764	-1.147841	1.396853	0.000000	0.000000
328.290000	0.538766	-1.147848	1.396850	0.000000	0.000000
328.300000	0.538769	-1.147857	1.396847	0.000000	0.000000
328.310000	0.538773	-1.147867	1.396844	0.000000	0.000000
328.320000	0.538778	-1.147875	1.396841	0.000000	0.000000
328.330000	0.538782	-1.147879	1.396838	0.000000	0.000000
328.340000	0.538786	-1.147880	1.396835	0.000000	0.000000
328.350000	0.538789	-1.147879	1.396832	0.000000	0.000000
328.360000	0.538794	-1.147879	1.396829	0.000000	0.000000
328.370000	0.538798	-1.147883	1.396826	0.000000	0.000000
328.380000	0.538803	-1.147890	1.396823	0.000000	0.000000
328.390000	0.538808	-1.147895	1.396820	0.000000	0.000000
328.400000	0.538811	-1.147896	1.396818	0.000000	0.000000
328.410000	0.538813	-1.147893	1.396815	0.000000	0.000000
328.420000	0.538813	-1.147889	1.396812	0.000000	0.000000
328.430000	0.538815	-1.147885	1.396809	0.000000	0.000000
328.440000	0.538816	-1.147881	1.396806	0.000000	0.000000
328.450000	0.538818	-1.147876	1.396804	0.000000	0.000000
328.460000	0.538819	-1.147870	1.396801	0.000000	0.000000
328.470000	0.538820	-1.147863	1.396797	0.000000	0.000000
328.480000	0.538820	-1.147853	1.396794	0.000000	0.000000
328.490000	0.538819	-1.147841	1.396791	0.000000	0.000000
328.500000	0.538818	-1.147829	1.396787	0.000000	0.000000
328.510000	0.538817	-1.147815	1.396784	0.000000	0.000000
328.520000	0.538816	-1.147801	1.396780	0.000000	0.000000
328.530000	0.538817	-1.147790	1.396776	0.000000	0.000000
328.540000	0.538819	-1.147784	1.396772	0.000000	0.000000
328.550000	0.538823	-1.147784	1.396767	0.000000	0.000000
328.560000	0.538828	-1.147787	1.396763	0.000000	0.000000
328.570000	0.538832	-1.147793	1.396758	0.000000	0.000000
328.580000	0.538836	-1.147798	1.396753	0.000000	0.000000
328.590000	0.538841	-1.147801	1.396748	0.000000	0.000000
328.600000	0.538845	-1.147802	1.396743	0.000000	0.000000
328.610000	0.538847	-1.147800	1.396738	0.000000	0.000000
328.620000	0.538848	-1.147796	1.396733	0.000000	0.000000
328.630000	0.538850	-1.147795	1.396727	0.000000	0.000000
328.640000	0.538853	-1.147799	1.396722	0.000000	0.000000
328.650000	0.538857	-1.147809	1.396717	0.000000	0.000000
328.660000	0.538862	-1.147821	1.396712	0.000000	0.000000
328.670000	0.538867	-1.147835	1.396707	0.000000	0.000000
328.680000	0.538872	-1.147849	1.396702	0.000000	0.000000
328.690000	0.538877	-1.147862	1.396698	0.000000	0.000000
328.700000	0.538881	-1.147871	1.396693	0.000000	0.000000
328.710000	0.538883	-1.147874	1.396689	0.000000	0.000000
328.720000	0.538883	-1.147873	1.396684	0.000000	0.000000
328.730000	0.538883	-1.147867	1.396680	0.000000	0.000000
328.740000	0.538882	-1.147860	1.396676	0.000000	0.000000
328.750000	0.538881	-1.147854	1.396671	0.000000	0.000000
328.760000	0.538880	-1.147848	1.396667	0.000000	0.000000
328.770000	0.538879	-1.147843	1.396663	0.000000	0.000000
328.780000	0.538880	-1.147838	1.396659	0.000000	0.000000
328.790000	0.538881	-1.147836	1.396655	0.000000	0.000000
328.800000	0.538884	-1.147837	1.396651	0.000000	0.000000
328.810000	0.538886	-1.147840	1.396647	0.000000	0.000000
328.820000	0.538888	-1.147845	1.396642	0.000000	0.000000
328.830000	0.538891	-1.147851	1.396638	0.000000	0.000000
328.840000	0.538893	-1.147857	1.396633	0.000000	0.000000
328.850000	0.538894	-1.147863	1.396628	0.000000	0.000000
328.860000	0.538894	-1.147869	1.396624	0.000000	0.000000
328.870000	0.538896	-1.147878	1.396619	0.000000	0.000000
328.880000	0.538899	-1.147890	1.396614	0.000000	0.000000
328.890000	0.538904	-1.147904	1.396609	0.000000	0.000000
328.900000	0.538909	-1.147919	1.396604	0.000000	0.000000
328.910000	0.538915	-1.147935	1.396598	0.000000	0.000000
328.920000	0.538919	-1.147951	1.396593	0.000000	0.000000
328.930000	0.538923	-1.147964	1.396588	0.000000	0.000000
328.940000	0.538926	-1.147974	1.396583	0.000000	0.000000
328.950000	0.538928	-1.147982	1.396577	0.000000	0.000000
328.960000	0.538930	-1.147988	1.396572	0.000000	0.000000
328.970000	0.538933	-1.147995	1.396567	0.000000	0.000000
328.980000	0.538936	-1.148003	1.396562	0.000000	0.000000
328.990000	0.538940	-1.148013	1.396557	0.000000	0.000000
329.000000	0.538944	-1.148021	1.396552	0.000000	0.000000
329.010000	0.538947	-1.148025	1.396547	0.000000	0.000000
329.020000	0.538948	-1.148025	1.396542	0.000000	0.000000
329.030000	0.538948	-1.148019	1.396538	0.000000	0.000000
329.040000	0.538946	-1.148011	1.396533	0.000000	0.000000
329.050000	0.538945	-1.148004	1.396529	0.000000	0.000000
329.060000	0.538944	-1.147999	1.396524	0.000000	0.000000
329.070000	0.538945	-1.147996	1.396520	0.000000	0.000000
329.080000	0.538946	-1.147993	1.396515	0.000000	0.000000
329.090000	0.538948	-1.147990	1.396511	0.000000	0.000000
329.100000	0.538950	-1.147988	1.396507	0.000000	0.000000
329.110000	0.538952	-1.147989	1.396502	0.000000	0.000000
329.120000	0.538954	-1.147993	1.396498	0.000000	0.000000
329.130000	0.538956	-1.147998	1.396494	0.000000	0.000000
329.140000	0.538958	-1.148003	1.396490	0.000000	0.000000
329.150000	0.538959	-1.148005	1.396486	0.000000	0.000000
329.160000	0.538959	-1.148004	1.396482	0.000000	0.000000
329.170000	0.538959	-1.148005	1.396478	0.000000	0.000000
329.180000	0.538960	-1.148009	1.396474	0.000000	0.000000
329.190000	0.538962	-1.148015	1.396471	0.000000	0.000000
329.200000	0.538962	-1.148022	1.396467	0.000000	0.000000
329.210000	0.538963	-1.148029	1.396464	0.000000	0.000000
329.220000	0.538966	-1.148037	1.396461	0.000000	0.000000
329.230000	0.538969	-1.148045	1.396457	0.000000	0.000000
329.240000	0.538971	-1.148051	1.396454	0.000000	0.000000
329.250000	0.538972	-1.148056	1.396451	0.000000	0.000000
329.260000	0.538972	-1.148058	1.396449	0.000000	0.000000
329.270000	0.538971	-1.148055	1.396446	0.000000	0.000000
329.280000	0.538968	-1.148049	1.396444	0.000000	0.000000
329.290000	0.538965	-1.148041	1.396441	0.000000	0.000000
329.300000	0.538963	-1.148036	1.396439	0.000000	0.000000
329.310000	0.538962	-1.148035	1.396437	0.000000	0.000000
329.320000	0.538963	-1.148038	1.396435	0.000000	0.000000
329.330000	0.538964	-1.148044	1.396433	0.000000	0.000000
329.340000	0.538967	-1.148051	1.396432	0.000000	0.000000
329.350000	0.538970	-1.148058	1.396430	0.000000	0.000000
329.360000	0.538973	-1.148065	1.396429	0.000000	0.000000
329.370000	0.538976	-1.148072	1.396428	0.000000	0.000000
329.380000	0.538978	-1.148077	1.396426	0.000000	0.000000
329.390000	0.538980	-1.148080	1.396425	0.000000	0.000000
329.400000	0.538980	-1.148081	1.396424	0.000000	0.000000
329.410000	0.538980	-1.148078	1.396423	0.000000	0.000000
329.420000	0.538980	-1.148072	1.396421	0.000000	0.000000
329.430000	0.538978	-1.148063	1.396420	0.000000	0.000000
329.440000	0.538976	-1.148054	1.396419	0.000000	0.000000
329.450000	0.538975	-1.148045	1.396418	0.000000	0.000000
329.460000	0.538974	-1.148041	1.396416	0.000000	0.000000
329.470000	0.538974	-1.148041	1.396415	0.000000	0.000000
329.480000	0.538974	-1.148045	1.396414	0.000000	0.000000
329.490000	0.538976	-1.148051	1.396412	0.000000	0.000000
329.500000	0.538978	-1.148058	1.396411	0.000000	0.000000
329.510000	0.538979	-1.148065	1.396410	0.000000	0.000000
329.520000	0.538981	-1.148070	1.396409	0.000000	0.000000
329.530000	0.538981	-1.148073	1.396408	0.000000	0.000000
329.540000	0.538981	-1.148074	1.396406	0.000000	0.000000
329.550000	0.538981	-1.148074	1.396405	0.000000	0.000000
329.560000	0.538980	-1.148074	1.396404	0.000000	0.000000
329.570000	0.538980	-1.148075	1.396403	0.000000	0.000000
329.580000	0.538980	-1.148076	1.396402	0.000000	0.000000
329.590000	0.538979	-1.148077	1.396401	0.000000	0.000000
329.600000	0.538978	-1.148078	1.396401	0.000000	0.000000
329.610000	0.538976	-1.148079	1.396400	0.000000	0.000000
329.620000	0.538975	-1.148080	1.396399	0.000000	0.000000
329.630000	0.538975	-1.148081	1.396399	0.000000	0.000000
329.640000	0.538975	-1.148081	1.396398	0.000000	0.000000
329.650000	0.538974	-1.148080	1.396397	0.000000	0.000000
329.660000	0.538974	-1.148079	1.396397	0.000000	0.000000
329.670000	0.538975	-1.148078	1.396396	0.000000	0.000000
329.680000	0.538974	-1.148076	1.396396	0.000000	0.000000
329.690000	0.538973	-1.148075	1.396395	0.000000	0.000000
329.700000	0.538973	-1.148074	1.396394	0.000000	0.000000
329.710000	0.538972	-1.148074	1.396393	0.000000	0.000000
329.720000	0.538970	-1.148073	1.396392	0.000000	0.000000
329.730000	0.538970	-1.148073	1.396391	0.000000	0.000000
329.740000	0.538970	-1.148074	1.396390	0.000000	0.000000
329.750000	0.538971	-1.148078	1.396389	0.000000	0.000000
329.760000	0.538974	-1.148087	1.396388	0.000000	0.000000
329.770000	0.538979	-1.148099	1.396386	0.000000	0.000000
329.780000	0.538983	-1.148112	1.396385	0.000000	0.000000
329.790000	0.538987	-1.148121	1.396383	0.000000	0.000000
329.800000	0.538990	-1.148122	1.396382	0.000000	0.000000
329.810000	0.538991	-1.148116	1.396380	0.000000	0.000000
329.820000	0.538991	-1.148107	1.396378	0.000000	0.000000
329.830000	0.538991	-1.148101	1.396377	0.000000	0.000000
329.840000	0.538993	-1.148098	1.396375	0.000000	0.000000
329.850000	0.538998	-1.148101	1.396373	0.000000	0.000000
329.860000	0.539004	-1.148106	1.396371	0.000000	0.000000
329.870000	0.539011	-1.148113	1.396369	0.000000	0.000000
329.880000	0.539017	-1.148117	1.396368	0.000000	0.000000
329.890000	0.539020	-1.148117	1.396366	0.000000	0.000000
329.900000	0.539022	-1.148110	1.396364	0.000000	0.000000
329.910000	0.539023	-1.148098	1.396363	0.000000	0.000000
329.920000	0.539023	-1.148086	1.396361	0.000000	0.000000
329.930000	0.539025	-1.148079	1.396359	0.000000	0.000000
329.940000	0.539028	-1.148078	1.396358	0.000000	0.000000
329.950000	0.539031	-1.148081	1.396357	0.000000	0.000000
329.960000	0.539034	-1.148087	1.396355	0.000000	0.000000
329.970000	0.539038	-1.148093	1.396354	0.000000	0.000000
329.980000	0.539041	-1.148098	1.396353	0.000000	0.000000
329.990000	0.539044	-1.148101	1.396352	0.000000	0.000000
330.000000	0.539044	-1.148103	1.396351	0.000000	0.000000
330.010000	0.539045	-1.148103	1.396350	0.000000	0.000000
330.020000	0.539044	-1.148102	1.396349	0.000000	0.000000
330.030000	0.539042	-1.148098	1.396348	0.000000	0.000000
330.040000	0.539040	-1.148093	1.396347	0.000000	0.000000
330.050000	0.539037	-1.148087	1.396347	0.000000	0.000000
330.060000	0.539034	-1.148082	1.396346	0.000000	0.000000
330.070000	0.539031	-1.148080	1.396345	0.000000	0.000000
330.080000	0.539030	-1.148082	1.396344	0.000000	0.000000
330.090000	0.539029	-1.148086	1.396344	0.000000	0.000000
330.100000	0.539029	-1.148092	1.396343	0.000000	0.000000
330.110000	0.539029	-1.148097	1.396343	0.000000	0.000000
330.120000	0.539028	-1.148100	1.396342	0.000000	0.000000
330.130000	0.539027	-1.148100	1.396342	0.000000	0.000000
330.140000	0.539025	-1.148097	1.396341	0.000000	0.000000
330.150000	0.539022	-1.148090	1.396341	0.000000	0.000000
330.160000	0.539018	-1.148082	1.396340	0.000000	0.000000
330.170000	0.539013	-1.148072	1.396340	0.000000	0.000000
330.180000	0.539008	-1.148064	1.396340	0.000000	0.000000
330.190000	0.539004	-1.148056	1.396339	0.000000	0.000000
330.200000	0.539000	-1.148048	1.396339	0.000000	0.000000
330.210000	0.538996	-1.148042	1.396338	0.000000	0.000000
330.220000	0.538993	-1.148035	1.396338	0.000000	0.000000
330.230000	0.538989	-1.148028	1.396337	0.000000	0.000000
330.240000	0.538986	-1.148021	1.396337	0.000000	0.000000
330.250000	0.538982	-1.148015	1.396336	0.000000	0.000000
330.260000	0.538980	-1.148010	1.396336	0.000000	0.000000
330.270000	0.538979	-1.148005	1.396335	0.000000	0.000000
330.280000	0.538978	-1.148001	1.396334	0.000000	0.000000
330.290000	0.538979	-1.147996	1.396333	0.000000	0.000000
330.300000	0.538979	-1.147990	1.396332	0.000000	0.000000
330.310000	0.538979	-1.147985	1.396331	0.000000	0.000000
330.320000	0.538982	-1.147980	1.396330	0.000000	0.000000
330.330000	0.538985	-1.147976	1.396329	0.000000	0.000000
330.340000	0.538987	-1.147974	1.396328	0.000000	0.000000
330.350000	0.538990	-1.147971	1.396326	0.000000	0.000000
330.360000	0.538992	-1.147967	1.396325	0.000000	0.000000
330.370000	0.538994	-1.147962	1.396323	0.000000	0.000000
330.380000	0.538995	-1.147958	1.396321	0.000000	0.000000
330.390000	0.538997	-1.147954	1.396319	0.000000	0.000000
330.400000	0.539000	-1.147950	1.396317	0.000000	0.000000
330.410000	0.539002	-1.147944	1.396315	0.000000	0.000000
330.420000	0.539004	-1.147939	1.396313	0.000000	0.000000
330.430000	0.539006	-1.147935	1.396311	0.000000	0.000000
330.440000	0.539009	-1.147933	1.396309	0.000000	0.000000
330.450000	0.539013	-1.147933	1.396307	0.000000	0.000000
330.460000	0.539017	-1.147936	1.396305	0.000000	0.000000
330.470000	0.539022	-1.147942	1.396302	0.000000	0.000000
330.480000	0.539027	-1.147948	1.396300	0.000000	0.000000
330.490000	0.539032	-1.147956	1.396297	0.000000	0.000000
330.500000	0.539038	-1.147964	1.396294	0.000000	0.000000
330.510000	0.539043	-1.147974	1.396292	0.000000	0.000000
330.520000	0.539049	-1.147982	1.396289	0.000000	0.000000
330.530000	0.539054	-1.147989	1.396286	0.000000	0.000000
330.540000	0.539057	-1.147991	1.396283	0.000000	0.000000
330.550000	0.539059	-1.147990	1.396280	0.000000	0.000000
330.560000	0.539060	-1.147985	1.396277	0.000000	0.000000
330.570000	0.539061	-1.147979	1.396273	0.000000	0.000000
330.580000	0.539062	-1.147971	1.396270	0.000000	0.000000
330.590000	0.539064	-1.147964	1.396267	0.000000	0.000000
330.600000	0.539067	-1.147955	1.396263	0.000000	0.000000
330.610000	0.539068	-1.147942	1.396260	0.000000	0.000000
330.620000	0.539070	-1.147927	1.396257	0.000000	0.000000
330.630000	0.539071	-1.147911	1.396253	0.000000	0.000000
330.640000	0.539070	-1.147893	1.396250	0.000000	0.000000
330.650000	0.539072	-1.147878	1.396247	0.000000	0.000000
330.660000	0.539076	-1.147867	1.396244	0.000000	0.000000
330.670000	0.539082	-1.147861	1.396242	0.000000	0.000000
330.680000	0.539089	-1.147859	1.396239	0.000000	0.000000
330.690000	0.539097	-1.147861	1.396237	0.000000	0.000000
330.700000	0.539105	-1.147866	1.396235	0.000000	0.000000
330.710000	0.539112	-1.147871	1.396233	0.000000	0.000000
330.720000	0.539118	-1.147879	1.396231	0.000000	0.000000
330.730000	0.539125	-1.147887	1.396229	0.000000	0.000000
330.740000	0.539131	-1.147897	1.396228	0.000000	0.000000
330.750000	0.539138	-1.147906	1.396226	0.000000	0.000000
330.760000	0.539145	-1.147912	1.396225	0.000000	0.000000
330.770000	0.539150	-1.147912	1.396224	0.000000	0.000000
330.780000	0.539153	-1.147908	1.396223	0.000000	0.000000
330.790000	0.539153	-1.147901	1.396222	0.000000	0.000000
330.800000	0.539153	-1.147893	1.396221	0.000000	0.000000
330.810000	0.539152	-1.147885	1.396221	0.000000	0.000000
330.820000	0.539151	-1.147877	1.396220	0.000000	0.000000
330.830000	0.539150	-1.147871	1.396220	0.000000	0.000000
330.840000	0.539149	-1.147866	1.396220	0.000000	0.000000
330.850000	0.539147	-1.147864	1.396220	0.000000	0.000000
330.860000	0.539147	-1.147865	1.396220	0.000000	0.000000
330.870000	0.539148	-1.147868	1.396220	0.000000	0.000000
330.880000	0.539149	-1.147871	1.396220	0.000000	0.000000
330.890000	0.539151	-1.147873	1.396220	0.000000	0.000000
330.900000	0.539153	-1.147874	1.396221	0.000000	0.000000
330.910000	0.539157	-1.147875	1.396221	0.000000	0.000000
330.920000	0.539159	-1.147875	1.396222	0.000000	0.000000
330.930000	0.539160	-1.147872	1.396223	0.000000	0.000000
330.940000	0.539160	-1.147865	1.396224	0.000000	0.000000
330.950000	0.539160	-1.147856	1.396225	0.000000	0.000000
330.960000	0.539158	-1.147845	1.396226	0.000000	0.000000
330.970000	0.539157	-1.147835	1.396228	0.000000	0.000000
330.980000	0.539155	-1.147827	1.396229	0.000000	0.000000
330.990000	0.539155	-1.147823	1.396231	0.000000	0.000000
331.000000	0.539157	-1.147822	1.396233	0.000000	0.000000
331.010000	0.539158	-1.147824	1.396235	0.000000	0.000000
331.020000	0.539160	-1.147827	1.396237	0.000000	0.000000
331.030000	0.539162	-1.147831	1.396239	0.000000	0.000000
331.040000	0.539164	-1.147834	1.396242	0.000000	0.000000
331.050000	0.539167	-1.147837	1.396244	0.000000	0.000000
331.060000	0.539168	-1.147837	1.396246	0.000000	0.000000
331.070000	0.539168	-1.147834	1.396249	0.000000	0.000000
331.080000	0.539167	-1.147826	1.396251	0.000000	0.000000
331.090000	0.539165	-1.147813	1.396254	0.000000	0.000000
331.100000	0.539160	-1.147797	1.396257	0.000000	0.000000
331.110000	0.539156	-1.147782	1.396259	0.000000	0.000000
331.120000	0.539154	-1.147769	1.396262	0.000000	0.000000
331.130000	0.539153	-1.147762	1.396265	0.000000	0.000000
331.140000	0.539153	-1.147760	1.396268	0.000000	0.000000
331.150000	0.539154	-1.147761	1.396271	0.000000	0.000000
331.160000	0.539156	-1.147765	1.396274	0.000000	0.000000
331.170000	0.539157	-1.147770	1.396277	0.000000	0.000000
331.180000	0.539159	-1.147776	1.396279	0.000000	0.000000
331.190000	0.539159	-1.147780	1.396282	0.000000	0.000000
331.200000	0.539159	-1.147783	1.396285	0.000000	0.000000
331.210000	0.539158	-1.147783	1.396288	0.000000	0.000000
331.220000	0.539155	-1.147779	1.396291	0.000000	0.000000
331.230000	0.539152	-1.147774	1.396294	0.000000	0.000000
331.240000	0.539149	-1.147768	1.396296	0.000000	0.000000
331.250000	0.539145	-1.147761	1.396299	0.000000	0.000000
331.260000	0.539142	-1.147753	1.396302	0.000000	0.000000
331.270000	0.539140	-1.147747	1.396304	0.000000	0.000000
331.280000	0.539139	-1.147745	1.396307	0.000000	0.000000
331.290000	0.539139	-1.147746	1.396309	0.000000	0.000000
331.300000	0.539140	-1.147750	1.396312	0.000000	0.000000
331.310000	0.539141	-1.147756	1.396314	0.000000	0.000000
331.320000	0.539142	-1.147761	1.396317	0.000000	0.000000
331.330000	0.539143	-1.147763	1.396320	0.000000	0.000000
331.340000	0.539142	-1.147760	1.396323	0.000000	0.000000
331.350000	0.539141	-1.147754	1.396325	0.000000	0.000000
331.360000	0.539140	-1.147744	1.396328	0.000000	0.000000
331.370000	0.539138	-1.147732	1.396331	0.000000	0.000000
331.380000	0.539136	-1.147721	1.396334	0.000000	0.000000
331.390000	0.539135	-1.147713	1.396337	0.000000	0.000000
331.400000	0.539135	-1.147712	1.396340	0.000000	0.000000
331.410000	0.539137	-1.147717	1.396343	0.000000	0.000000
331.420000	0.539139	-1.147725	1.396347	0.000000	0.000000
331.430000	0.539141	-1.147733	1.396350	0.000000	0.000000
331.440000	0.539143	-1.147741	1.396353	0.000000	0.000000
331.450000	0.539145	-1.147748	1.396357	0.000000	0.000000
331.460000	0.539147	-1.147753	1.396361	0.000000	0.000000
331.470000	0.539147	-1.147755	1.396364	0.000000	0.000000
331.480000	0.539147	-1.147755	1.396368	0.000000	0.000000
331.490000	0.539145	-1.147751	1.396372	0.000000	0.000000
331.500000	0.539142	-1.147745	1.396376	0.000000	0.000000
331.510000	0.539139	-1.147737	1.396380	0.000000	0.000000
331.520000	0.539136	-1.147729	1.396383	0.000000	0.000000
331.530000	0.539133	-1.147723	1.396387	0.000000	0.000000
331.540000	0.539132	-1.147720	1.396391	0.000000	0.000000
331.550000	0.539132	-1.147718	1.396395	0.000000	0.000000
331.560000	0.539132	-1.147719	1.396399	0.000000	0.000000
331.570000	0.539132	-1.147720	1.396403	0.000000	0.000000
331.580000	0.539132	-1.147721	1.396406	0.000000	0.000000
331.590000	0.539132	-1.147721	1.396410	0.000000	0.000000
331.600000	0.539131	-1.147721	1.396414	0.000000	0.000000
331.610000	0.539130	-1.147722	1.396418	0.000000	0.000000
331.620000	0.539130	-1.147723	1.396421	0.000000	0.000000
331.630000	0.539129	-1.147726	1.396425	0.000000	0.000000
331.640000	0.539129	-1.147730	1.396429	0.000000	0.000000
331.650000	0.539128	-1.147733	1.396433	0.000000	0.000000
331.660000	0.539128	-1.147736	1.396437	0.000000	0.000000
331.670000	0.539126	-1.147739	1.396440	0.000000	0.000000
331.680000	0.539125	-1.147741	1.396444	0.000000	0.000000
331.690000	0.539123	-1.147743	1.396448	0.000000	0.000000
331.700000	0.539120	-1.147745	1.396452	0.000000	0.000000
331.710000	0.539117	-1.147746	1.396456	0.000000	0.000000
331.720000	0.539114	-1.147749	1.396460	0.000000	0.000000
331.730000	0.539111	-1.147752	1.396464	0.000000	0.000000
331.740000	0.539107	-1.147757	1.396468	0.000000	0.000000
331.750000	0.539104	-1.147762	1.396472	0.000000	0.000000
331.760000	0.539102	-1.147770	1.396476	0.000000	0.000000
331.770000	0.539100	-1.147778	1.396480	0.000000	0.000000
331.780000	0.539097	-1.147787	1.396484	0.000000	0.000000
331.790000	0.539095	-1.147796	1.396488	0.000000	0.000000
331.800000	0.539092	-1.147804	1.396492	0.000000	0.000000
331.810000	0.539089	-1.147809	1.396496	0.000000	0.000000
331.820000	0.539084	-1.147812	1.396501	0.000000	0.000000
331.830000	0.539079	-1.147814	1.396505	0.000000	0.000000
331.840000	0.539075	-1.147814	1.396509	0.000000	0.000000
331.850000	0.539070	-1.147815	1.396513	0.000000	0.000000
331.860000	0.539066	-1.147816	1.396518	0.000000	0.000000
331.870000	0.539061	-1.147818	1.396522	0.000000	0.000000
331.880000	0.539057	-1.147821	1.396526	0.000000	0.000000
331.890000	0.539054	-1.147824	1.396531	0.000000	0.000000
331.900000	0.539051	-1.147829	1.396535	0.000000	0.000000
331.910000	0.539048	-1.147836	1.396540	0.000000	0.000000
331.920000	0.539047	-1.147845	1.396545	0.000000	0.000000
331.930000	0.539047	-1.147854	1.396549	0.000000	0.000000
331.940000	0.539047	-1.147864	1.396554	0.000000	0.000000
331.950000	0.539047	-1.147872	1.396559	0.000000	0.000000
331.960000	0.539047	-1.147877	1.396564	0.000000	0.000000
331.970000	0.539046	-1.147880	1.396569	0.000000	0.000000
331.980000	0.539043	-1.147880	1.396574	0.000000	0.000000
331.990000	0.539039	-1.147880	1.396578	0.000000	0.000000
332.000000	0.539036	-1.147879	1.396583	0.000000	0.000000
332.010000	0.539032	-1.147878	1.396588	0.000000	0.000000
332.020000	0.539028	-1.147876	1.396593	0.000000	0.000000
332.030000	0.539024	-1.147875	1.396598	0.000000	0.000000
332.040000	0.539021	-1.147875	1.396603	0.000000	0.000000
332.050000	0.539018	-1.147877	1.396608	0.000000	0.000000
332.060000	0.539016	-1.147880	1.396613	0.000000	0.000000
332.070000	0.539015	-1.147884	1.396618	0.000000	0.000000
332.080000	0.539012	-1.147886	1.396623	0.000000	0.000000
332.090000	0.539009	-1.147888	1.396628	0.000000	0.000000
332.100000	0.539004	-1.147888	1.396633	0.000000	0.000000
332.110000	0.539000	-1.147886	1.396639	0.000000	0.000000
332.120000	0.538995	-1.147883	1.396644	0.000000	0.000000
332.130000	0.538989	-1.147879	1.396649	0.000000	0.000000
332.140000	0.538984	-1.147874	1.396655	0.000000	0.000000
332.150000	0.538979	-1.147870	1.396660	0.000000	0.000000
332.160000	0.538974	-1.147866	1.396665	0.000000	0.000000
332.170000	0.538970	-1.147863	1.396670	0.000000	0.000000
332.180000	0.538965	-1.147861	1.396676	0.000000	0.000000
332.190000	0.538961	-1.147860	1.396681	0.000000	0.000000
332.200000	0.538958	-1.147862	1.396686	0.000000	0.000000
332.210000	0.538955	-1.147865	1.396691	0.000000	0.000000
332.220000	0.538952	-1.147869	1.396695	0.000000	0.000000
332.230000	0.538948	-1.147874	1.396700	0.000000	0.000000
332.240000	0.538944	-1.147879	1.396705	0.000000	0.000000
332.250000	0.538939	-1.147884	1.396709	0.000000	0.000000
332.260000	0.538935	-1.147888	1.396713	0.000000	0.000000
332.270000	0.538931	-1.147894	1.396717	0.000000	0.000000
332.280000	0.538928	-1.147902	1.396721	0.000000	0.000000
332.290000	0.538927	-1.147913	1.396725	0.000000	0.000000
332.300000	0.538926	-1.147926	1.396729	0.000000	0.000000
332.310000	0.538925	-1.147940	1.396732	0.000000	0.000000
332.320000	0.538923	-1.147956	1.396736	0.000000	0.000000
332.330000	0.538922	-1.147973	1.396739	0.000000	0.000000
332.340000	0.538921	-1.147991	1.396743	0.000000	0.000000
332.350000	0.538920	-1.148007	1.396746	0.000000	0.000000
332.360000	0.538918	-1.148021	1.396750	0.000000	0.000000
332.370000	0.538917	-1.148033	1.396753	0.000000	0.000000
332.380000	0.538915	-1.148043	1.396757	0.000000	0.000000
332.390000	0.538915	-1.148053	1.396761	0.000000	0.000000
332.400000	0.538914	-1.148061	1.396764	0.000000	0.000000
332.410000	0.538913	-1.148069	1.396768	0.000000	0.000000
332.420000	0.538911	-1.148077	1.396772	0.000000	0.000000
332.430000	0.538909	-1.148085	1.396776	0.000000	0.000000
332.440000	0.538907	-1.148090	1.396781	0.000000	0.000000
332.450000	0.538903	-1.148091	1.396785	0.000000	0.000000
332.460000	0.538898	-1.148090	1.396789	0.000000	0.000000
332.470000	0.538894	-1.148088	1.396794	0.000000	0.000000
332.480000	0.538890	-1.148089	1.396799	0.000000	0.000000
332.490000	0.538887	-1.148089	1.396803	0.000000	0.000000
332.500000	0.538884	-1.148087	1.396808	0.000000	0.000000
332.510000	0.538879	-1.148084	1.396813	0.000000	0.000000
332.520000	0.538874	-1.148077	1.396818	0.000000	0.000000
332.530000	0.538867	-1.148068	1.396823	0.000000	0.000000
332.540000	0.538860	-1.148058	1.396828	0.000000	0.000000
332.550000	0.538853	-1.148048	1.396832	0.000000	0.000000
332.560000	0.538846	-1.148040	1.396837	0.000000	0.000000
332.570000	0.538839	-1.148035	1.396842	0.000000	0.000000
332.580000	0.538834	-1.148034	1.396847	0.000000	0.000000
332.590000	0.538830	-1.148038	1.396851	0.000000	0.000000
332.600000	0.538828	-1.148047	1.396856	0.000000	0.000000
332.610000	0.538827	-1.148060	1.396860	0.000000	0.000000
332.620000	0.538827	-1.148074	1.396864	0.000000	0.000000
332.630000	0.538826	-1.148087	1.396868	0.000000	0.000000
332.640000	0.538823	-1.148096	1.396872	0.000000	0.000000
332.650000	0.538820	-1.148100	1.396876	0.000000	0.000000
332.660000	0.538814	-1.148099	1.396880	0.000000	0.000000
332.670000	0.538808	-1.148094	1.396884	0.000000	0.000000
332.680000	0.538803	-1.148088	1.396887	0.000000	0.000000
332.690000	0.538799	-1.148087	1.396891	0.000000	0.000000
332.700000	0.538796	-1.148091	1.396894	0.000000	0.000000
332.710000	0.538797	-1.148100	1.396897	0.000000	0.000000
332.720000	0.538799	-1.148112	1.396900	0.000000	0.000000
332.730000	0.538801	-1.148124	1.396904	0.000000	0.000000
332.740000	0.538801	-1.148135	1.396907	0.000000	0.000000
332.750000	0.538802	-1.148144	1.396910	0.000000	0.000000
332.760000	0.538802	-1.148149	1.396912	0.000000	0.000000
332.770000	0.538801	-1.148150	1.396915	0.000000	0.000000
332.780000	0.538799	-1.148148	1.396918	0.000000	0.000000
332.790000	0.538796	-1.148143	1.396921	0.000000	0.000000
332.800000	0.538791	-1.148136	1.396924	0.000000	0.000000
332.810000	0.538787	-1.148128	1.396926	0.000000	0.000000
332.820000	0.538782	-1.148119	1.396929	0.000000	0.000000
332.830000	0.538778	-1.148111	1.396932	0.000000	0.000000
332.840000	0.538775	-1.148105	1.396934	0.000000	0.000000
332.850000	0.538772	-1.148100	1.396937	0.000000	0.000000
332.860000	0.538770	-1.148097	1.396939	0.000000	0.000000
332.870000	0.538769	-1.148095	1.396941	0.000000	0.000000
332.880000	0.538769	-1.148093	1.396944	0.000000	0.000000
332.890000	0.538767	-1.148091	1.396946	0.000000	0.000000
332.900000	0.538765	-1.148088	1.396947	0.000000	0.000000
332.910000	0.538762	-1.148086	1.396949	0.000000	0.000000
332.920000	0.538761	-1.148087	1.396951	0.000000	0.000000
332.930000	0.538763	-1.148095	1.396952	0.000000	0.000000
332.940000	0.538767	-1.148107	1.396953	0.000000	0.000000
332.950000	0.538770	-1.148123	1.396955	0.000000	0.000000
332.960000	0.538774	-1.148140	1.396956	0.000000	0.000000
332.970000	0.538779	-1.148155	1.396956	0.000000	0.000000
332.980000	0.538780	-1.148164	1.396957	0.000000	0.000000
332.990000	0.538779	-1.148168	1.396958	0.000000	0.000000
333.000000	0.538778	-1.148170	1.396958	0.000000	0.000000
333.010000	0.538776	-1.148171	1.396958	0.000000	0.000000
333.020000	0.538774	-1.148171	1.396958	0.000000	0.000000
333.030000	0.538771	-1.148173	1.396958	0.000000	0.000000
333.040000	0.538769	-1.148177	1.396958	0.000000	0.000000
333.050000	0.538768	-1.148184	1.396958	0.000000	0.000000
333.060000	0.538767	-1.148193	1.396957	0.000000	0.000000
333.070000	0.538766	-1.148204	1.396957	0.000000	0.000000
333.080000	0.538765	-1.148219	1.396957	0.000000	0.000000
333.090000	0.538764	-1.148234	1.396956	0.000000	0.000000
333.100000	0.538763	-1.148251	1.396955	0.000000	0.000000
333.110000	0.538761	-1.148266	1.396954	0.000000	0.000000
333.120000	0.538759	-1.148280	1.396954	0.000000	0.000000
333.130000	0.538756	-1.148291	1.396952	0.000000	0.000000
333.140000	0.538752	-1.148301	1.396951	0.000000	0.000000
333.150000	0.538747	-1.148309	1.396950	0.000000	0.000000
333.160000	0.538742	-1.148318	1.396948	0.000000	0.000000
333.170000	0.538737	-1.148328	1.396947	0.000000	0.000000
333.180000	0.538734	-1.148338	1.396945	0.000000	0.000000
333.190000	0.538730	-1.148348	1.396943	0.000000	0.000000
333.200000	0.538726	-1.148359	1.396941	0.000000	0.000000
333.210000	0.538723	-1.148370	1.396939	0.000000	0.000000
333.220000	0.538721	-1.148383	1.396937	0.000000	0.000000
333.230000	0.538720	-1.148397	1.396934	0.000000	0.000000
333.240000	0.538718	-1.148414	1.396932	0.000000	0.000000
333.250000	0.538718	-1.148432	1.396929	0.000000	0.000000
333.260000	0.538717	-1.148451	1.396926	0.000000	0.000000
333.270000	0.538717	-1.148471	1.396923	0.000000	0.000000
333.280000	0.538718	-1.148492	1.396919	0.000000	0.000000
333.290000	0.538718	-1.148514	1.396916	0.000000	0.000000
333.300000	0.538719	-1.148534	1.396912	0.000000	0.000000
333.310000	0.538720	-1.148554	1.396909	0.000000	0.000000
333.320000	0.538719	-1.148573	1.396905	0.000000	0.000000
333.330000	0.538718	-1.148589	1.396901	0.000000	0.000000
333.340000	0.538716	-1.148605	1.396897	0.000000	0.000000
333.350000	0.538713	-1.148621	1.396893	0.000000	0.000000
333.360000	0.538711	-1.148639	1.396889	0.000000	0.000000
333.370000	0.538708	-1.148657	1.396884	0.000000	0.000000
333.380000	0.538705	-1.148677	1.396880	0.000000	0.000000
333.390000	0.538704	-1.148699	1.396876	0.000000	0.000000
333.400000	0.538702	-1.148723	1.396871	0.000000	0.000000
333.410000	0.538702	-1.148749	1.396867	0.000000	0.000000
333.420000	0.538702	-1.148776	1.396863	0.000000	0.000000
333.430000	0.538701	-1.148803	1.396858	0.000000	0.000000
333.440000	0.538699	-1.148830	1.396854	0.000000	0.000000
333.450000	0.538698	-1.148855	1.396850	0.000000	0.000000
333.460000	0.538697	-1.148877	1.396846	0.000000	0.000000
333.470000	0.538694	-1.148895	1.396842	0.000000	0.000000
333.480000	0.538691	-1.148909	1.396837	0.000000	0.000000
333.490000	0.538688	-1.148922	1.396833	0.000000	0.000000
333.500000	0.538685	-1.148935	1.396829	0.000000	0.000000
333.510000	0.538681	-1.148946	1.396825	0.000000	0.000000
333.520000	0.538677	-1.148957	1.396821	0.000000	0.000000
333.530000	0.538673	-1.148967	1.396817	0.000000	0.000000
333.540000	0.538670	-1.148979	1.396813	0.000000	0.000000
333.550000	0.538667	-1.148992	1.396809	0.000000	0.000000
333.560000	0.538665	-1.149009	1.396805	0.000000	0.000000
333.570000	0.538664	-1.149027	1.396801	0.000000	0.000000
333.580000	0.538664	-1.149045	1.396796	0.000000	0.000000
333.590000	0.538664	-1.149062	1.396792	0.000000	0.000000
333.600000	0.538663	-1.149078	1.396788	0.000000	0.000000
333.610000	0.538662	-1.149091	1.396784	0.000000	0.000000
333.620000	0.538660	-1.149101	1.396780	0.000000	0.000000
333.630000	0.538656	-1.149110	1.396776	0.000000	0.000000
333.640000	0.538654	-1.149119	1.396772	0.000000	0.000000
333.650000	0.538653	-1.149131	1.396768	0.000000	0.000000
333.660000	0.538653	-1.149145	1.396763	0.000000	0.000000
333.670000	0.538654	-1.149160	1.396759	0.000000	0.000000
333.680000	0.538656	-1.149174	1.396755	0.000000	0.000000
333.690000	0.538658	-1.149186	1.396751	0.000000	0.000000
333.700000	0.538659	-1.149195	1.396747	0.000000	0.000000
333.710000	0.538658	-1.149204	1.396743	0.000000	0.000000
333.720000	0.538658	-1.149212	1.396738	0.000000	0.000000
333.730000	0.538657	-1.149221	1.396734	0.000000	0.000000
333.740000	0.538656	-1.149230	1.396730	0.000000	0.000000
333.750000	0.538655	-1.149236	1.396726	0.000000	0.000000
333.760000	0.538652	-1.149241	1.396722	0.000000	0.000000
333.770000	0.538650	-1.149244	1.396717	0.000000	0.000000
333.780000	0.538647	-1.149248	1.396713	0.000000	0.000000
333.790000	0.538644	-1.149254	1.396708	0.000000	0.000000
333.800000	0.538643	-1.149261	1.396704	0.000000	0.000000
333.810000	0.538641	-1.149271	1.396699	0.000000	0.000000
333.820000	0.538639	-1.149282	1.396694	0.000000	0.000000
333.830000	0.538639	-1.149294	1.396689	0.000000	0.000000
333.840000	0.538639	-1.149307	1.396684	0.000000	0.000000
333.850000	0.538638	-1.149319	1.396679	0.000000	0.000000
333.860000	0.538638	-1.149329	1.396674	0.000000	0.000000
333.870000	0.538637	-1.149337	1.396669	0.000000	0.000000
333.880000	0.538635	-1.149343	1.396664	0.000000	0.000000
333.890000	0.538632	-1.149348	1.396658	0.000000	0.000000
333.900000	0.538629	-1.149352	1.396653	0.000000	0.000000
333.910000	0.538625	-1.149354	1.396647	0.000000	0.000000
333.920000	0.538620	-1.149354	1.396642	0.000000	0.000000
333.930000	0.538617	-1.149356	1.396636	0.000000	0.000000
333.940000	0.538615	-1.149363	1.396630	0.000000	0.000000
333.950000	0.538615	-1.149374	1.396624	0.000000	0.000000
333.960000	0.538615	-1.149388	1.396618	0.000000	0.000000
333.970000	0.538617	-1.149405	1.396612	0.000000	0.000000
333.980000	0.538618	-1.149422	1.396606	0.000000	0.000000
333.990000	0.538619	-1.149440	1.396601	0.000000	0.000000
334.000000	0.538619	-1.149457	1.396595	0.000000	0.000000
334.010000	0.538619	-1.149473	1.396589	0.000000	0.000000
334.020000	0.538618	-1.149490	1.396583	0.000000	0.000000
334.030000	0.538619	-1.149509	1.396577	0.000000	0.000000
334.040000	0.538620	-1.149530	1.396571	0.000000	0.000000
334.050000	0.538621	-1.149553	1.396566	0.000000	0.000000
334.060000	0.538622	-1.149577	1.396560	0.000000	0.000000
334.070000	0.538624	-1.149601	1.396555	0.000000	0.000000
334.080000	0.538623	-1.149621	1.396550	0.000000	0.000000
334.090000	0.538622	-1.149637	1.396545	0.000000	0.000000
334.100000	0.538620	-1.149650	1.396539	0.000000	0.000000
334.110000	0.538618	-1.149661	1.396535	0.000000	0.000000
334.120000	0.538614	-1.149670	1.396530	0.000000	0.000000
334.130000	0.538611	-1.149676	1.396525	0.000000	0.000000
334.140000	0.538607	-1.149682	1.396521	0.000000	0.000000
334.150000	0.538603	-1.149688	1.396517	0.000000	0.000000
334.160000	0.538600	-1.149697	1.396513	0.000000	0.000000
334.170000	0.538598	-1.149706	1.396509	0.000000	0.000000
334.180000	0.538598	-1.149717	1.396505	0.000000	0.000000
334.190000	0.538597	-1.149727	1.396502	0.000000	0.000000
334.200000	0.538595	-1.149735	1.396498	0.000000	0.000000
334.210000	0.538593	-1.149741	1.396495	0.000000	0.000000
334.220000	0.538590	-1.149744	1.396492	0.000000	0.000000
334.230000	0.538585	-1.149742	1.396489	0.000000	0.000000
334.240000	0.538580	-1.149736	1.396486	0.000000	0.000000
334.250000	0.538573	-1.149727	1.396484	0.000000	0.000000
334.260000	0.538566	-1.149717	1.396481	0.000000	0.000000
334.270000	0.538558	-1.149706	1.396478	0.000000	0.000000
334.280000	0.538551	-1.149697	1.396476	0.000000	0.000000
334.290000	0.538545	-1.149689	1.396473	0.000000	0.000000
334.300000	0.538540	-1.149683	1.396471	0.000000	0.000000
334.310000	0.538536	-1.149680	1.396468	0.000000	0.000000
334.320000	0.538532	-1.149680	1.396466	0.000000	0.000000
334.330000	0.538529	-1.149682	1.396464	0.000000	0.000000
334.340000	0.538527	-1.149684	1.396461	0.000000	0.000000
334.350000	0.538526	-1.149688	1.396459	0.000000	0.000000
334.360000	0.538523	-1.149691	1.396457	0.000000	0.000000
334.370000	0.538520	-1.149693	1.396454	0.000000	0.000000
334.380000	0.538517	-1.149694	1.396452	0.000000	0.000000
334.390000	0.538515	-1.149694	1.396450	0.000000	0.000000
334.400000	0.538512	-1.149693	1.396447	0.000000	0.000000
334.410000	0.538509	-1.149692	1.396444	0.000000	0.000000
334.420000	0.538506	-1.149692	1.396442	0.000000	0.000000
334.430000	0.538503	-1.149694	1.396439	0.000000	0.000000
334.440000	0.538502	-1.149699	1.396436	0.000000	0.000000
334.450000	0.538502	-1.149706	1.396433	0.000000	0.000000
334.460000	0.538504	-1.149716	1.396429	0.000000	0.000000
334.470000	0.538508	-1.149727	1.396426	0.000000	0.000000
334.480000	0.538512	-1.149738	1.396423	0.000000	0.000000
334.490000	0.538515	-1.149745	1.396419	0.000000	0.000000
334.500000	0.538516	-1.149747	1.396416	0.000000	0.000000
334.510000	0.538516	-1.149745	1.396412	0.000000	0.000000
334.520000	0.538517	-1.149743	1.396408	0.000000	0.000000
334.530000	0.538519	-1.149746	1.396405	0.000000	0.000000
334.540000	0.538522	-1.149753	1.396401	0.000000	0.000000
334.550000	0.538526	-1.149762	1.396398	0.000000	0.000000
334.560000	0.538530	-1.149771	1.396394	0.000000	0.000000
334.570000	0.538533	-1.149779	1.396391	0.000000	0.000000
334.580000	0.538537	-1.149784	1.396387	0.000000	0.000000
334.590000	0.538538	-1.149786	1.396384	0.000000	0.000000
334.600000	0.538538	-1.149784	1.396381	0.000000	0.000000
334.610000	0.538536	-1.149781	1.396378	0.000000	0.000000
334.620000	0.538535	-1.149778	1.396375	0.000000	0.000000
334.630000	0.538535	-1.149778	1.396371	0.000000	0.000000
334.640000	0.538535	-1.149779	1.396368	0.000000	0.000000
334.650000	0.538536	-1.149781	1.396365	0.000000	0.000000
334.660000	0.538536	-1.149783	1.396362	0.000000	0.000000
334.670000	0.538537	-1.149784	1.396359	0.000000	0.000000
334.680000	0.538537	-1.149784	1.396355	0.000000	0.000000
334.690000	0.538536	-1.149781	1.396352	0.000000	0.000000
334.700000	0.538535	-1.149777	1.396348	0.000000	0.000000
334.710000	0.538534	-1.149771	1.396344	0.000000	0.000000
334.720000	0.538533	-1.149766	1.396340	0.000000	0.000000
334.730000	0.538532	-1.149764	1.396336	0.000000	0.000000
334.740000	0.538531	-1.149763	1.396332	0.000000	0.000000
334.750000	0.538530	-1.149764	1.396328	0.000000	0.000000
334.760000	0.538528	-1.149766	1.396324	0.000000	0.000000
334.770000	0.538527	-1.149768	1.396320	0.000000	0.000000
334.780000	0.538524	-1.149768	1.396316	0.000000	0.000000
334.790000	0.538522	-1.149766	1.396312	0.000000	0.000000
334.800000	0.538519	-1.149763	1.396308	0.000000	0.000000
334.810000	0.538516	-1.149760	1.396304	0.000000	0.000000
334.820000	0.538512	-1.149758	1.396300	0.000000	0.000000
334.830000	0.538508	-1.149759	1.396296	0.000000	0.000000
334.840000	0.538505	-1.149762	1.396292	0.000000	0.000000
334.850000	0.538501	-1.149764	1.396289	0.000000	0.000000
334.860000	0.538497	-1.149766	1.396286	0.000000	0.000000
334.870000	0.538492	-1.149766	1.396282	0.000000	0.000000
334.880000	0.538488	-1.149765	1.396279	0.000000	0.000000
334.890000	0.538483	-1.149763	1.396276	0.000000	0.000000
334.900000	0.538478	-1.149761	1.396273	0.000000	0.000000
334.910000	0.538473	-1.149759	1.396270	0.000000	0.000000
334.920000	0.538468	-1.149757	1.396267	0.000000	0.000000
334.930000	0.538464	-1.149755	1.396265	0.000000	0.000000
334.940000	0.538460	-1.149755	1.396262	0.000000	0.000000
334.950000	0.538456	-1.149754	1.396259	0.000000	0.000000
334.960000	0.538452	-1.149753	1.396256	0.000000	0.000000
334.970000	0.538446	-1.149752	1.396254	0.000000	0.000000
334.980000	0.538440	-1.149749	1.396251	0.000000	0.000000
334.990000	0.538434	-1.149747	1.396248	0.000000	0.000000
335.000000	0.538428	-1.149747	1.396245	0.000000	0.000000
335.010000	0.538423	-1.149750	1.396243	0.000000	0.000000
335.020000	0.538419	-1.149756	1.396240	0.000000	0.000000
335.030000	0.538418	-1.149768	1.396237	0.000000	0.000000
335.040000	0.538418	-1.149785	1.396234	0.000000	0.000000
335.050000	0.538420	-1.149805	1.396231	0.000000	0.000000
335.060000	0.538422	-1.149827	1.396228	0.000000	0.000000
335.070000	0.538425	-1.149849	1.396225	0.000000	0.000000
335.080000	0.538425	-1.149866	1.396221	0.000000	0.000000
335.090000	0.538423	-1.149875	1.396218	0.000000	0.000000
335.100000	0.538420	-1.149880	1.396215	0.000000	0.000000
335.110000	0.538417	-1.149888	1.396212	0.000000	0.000000
335.120000	0.538416	-1.149897	1.396208	0.000000	0.000000
335.130000	0.538413	-1.149903	1.396205	0.000000	0.000000
335.140000	0.538408	-1.149902	1.396202	0.000000	0.000000
335.150000	0.538403	-1.149898	1.396198	0.000000	0.000000
335.160000	0.538399	-1.149897	1.396195	0.000000	0.000000
335.170000	0.538396	-1.149902	1.396192	0.000000	0.000000
335.180000	0.538395	-1.149909	1.396189	0.000000	0.000000
335.190000	0.538392	-1.149918	1.396186	0.000000	0.000000
335.200000	0.538389	-1.149927	1.396184	0.000000	0.000000
335.210000	0.538385	-1.149935	1.396181	0.000000	0.000000
335.220000	0.538381	-1.149944	1.396178	0.000000	0.000000
335.230000	0.538377	-1.149953	1.396176	0.000000	0.000000
335.240000	0.538373	-1.149962	1.396173	0.000000	0.000000
335.250000	0.538368	-1.149971	1.396170	0.000000	0.000000
335.260000	0.538365	-1.149980	1.396168	0.000000	0.000000
335.270000	0.538360	-1.149988	1.396165	0.000000	0.000000
335.280000	0.538355	-1.149995	1.396162	0.000000	0.000000
335.290000	0.538351	-1.150002	1.396160	0.000000	0.000000
335.300000	0.538347	-1.150008	1.396157	0.000000	0.000000
335.310000	0.538344	-1.150016	1.396154	0.000000	0.000000
335.320000	0.538341	-1.150024	1.396151	0.000000	0.000000
335.330000	0.538338	-1.150033	1.396148	0.000000	0.000000
335.340000	0.538336	-1.150042	1.396144	0.000000	0.000000
335.350000	0.538332	-1.150052	1.396141	0.000000	0.000000
335.360000	0.538330	-1.150063	1.396138	0.000000	0.000000
335.370000	0.538327	-1.150076	1.396134	0.000000	0.000000
335.380000	0.538326	-1.150092	1.396131	0.000000	0.000000
335.390000	0.538325	-1.150111	1.396127	0.000000	0.000000
335.400000	0.538324	-1.150133	1.396124	0.000000	0.000000
335.410000	0.538324	-1.150155	1.396120	0.000000	0.000000
335.420000	0.538324	-1.150177	1.396117	0.000000	0.000000
335.430000	0.538324	-1.150196	1.396113	0.000000	0.000000
335.440000	0.538322	-1.150212	1.396110	0.000000	0.000000
335.450000	0.538320	-1.150225	1.396106	0.000000	0.000000
335.460000	0.538318	-1.150236	1.396102	0.000000	0.000000
335.470000	0.538316	-1.150246	1.396099	0.000000	0.000000
335.480000	0.538315	-1.150256	1.396095	0.000000	0.000000
335.490000	0.538313	-1.150264	1.396092	0.000000	0.000000
335.500000	0.538310	-1.150269	1.396088	0.000000	0.000000
335.510000	0.538309	-1.150273	1.396085	0.000000	0.000000
335.520000	0.538307	-1.150277	1.396081	0.000000	0.000000
335.530000	0.538307	-1.150283	1.396078	0.000000	0.000000
335.540000	0.538306	-1.150289	1.396074	0.000000	0.000000
335.550000	0.538305	-1.150295	1.396071	0.000000	0.000000
335.560000	0.538305	-1.150301	1.396068	0.000000	0.000000
335.570000	0.538305	-1.150308	1.396065	0.000000	0.000000
335.580000	0.538306	-1.150314	1.396061	0.000000	0.000000
335.590000	0.538307	-1.150320	1.396059	0.000000	0.000000
335.600000	0.538308	-1.150326	1.396056	0.000000	0.000000
335.610000	0.538308	-1.150330	1.396053	0.000000	0.000000
335.620000	0.538308	-1.150331	1.396050	0.000000	0.000000
335.630000	0.538308	-1.150328	1.396048	0.000000	0.000000
335.640000	0.538306	-1.150323	1.396045	0.000000	0.000000
335.650000	0.538305	-1.150316	1.396043	0.000000	0.000000
335.660000	0.538304	-1.150310	1.396041	0.000000	0.000000
335.670000	0.538303	-1.150304	1.396039	0.000000	0.000000
335.680000	0.538303	-1.150301	1.396037	0.000000	0.000000
335.690000	0.538303	-1.150298	1.396034	0.000000	0.000000
335.700000	0.538303	-1.150296	1.396032	0.000000	0.000000
335.710000	0.538304	-1.150293	1.396030	0.000000	0.000000
335.720000	0.538306	-1.150290	1.396028	0.000000	0.000000
335.730000	0.538306	-1.150285	1.396026	0.000000	0.000000
335.740000	0.538304	-1.150279	1.396024	0.000000	0.000000
335.750000	0.538302	-1.150269	1.396021	0.000000	0.000000
335.760000	0.538299	-1.150259	1.396019	0.000000	0.000000
335.770000	0.538298	-1.150252	1.396016	0.000000	0.000000
335.780000	0.538298	-1.150248	1.396014	0.000000	0.000000
335.790000	0.538299	-1.150243	1.396011	0.000000	0.000000
335.800000	0.538297	-1.150235	1.396008	0.000000	0.000000
335.810000	0.538295	-1.150225	1.396006	0.000000	0.000000
335.820000	0.538294	-1.150216	1.396003	0.000000	0.000000
335.830000	0.538293	-1.150210	1.396000	0.000000	0.000000
335.840000	0.538293	-1.150208	1.395998	0.000000	0.000000
335.850000	0.538293	-1.150209	1.395995	0.000000	0.000000
335.860000	0.538294	-1.150211	1.395993	0.000000	0.000000
335.870000	0.538294	-1.150214	1.395991	0.000000	0.000000
335.880000	0.538294	-1.150216	1.395988	0.000000	0.000000
335.890000	0.538295	-1.150217	1.395986	0.000000	0.000000
335.900000	0.538295	-1.150217	1.395984	0.000000	0.000000
335.910000	0.538294	-1.150215	1.395982	0.000000	0.000000
335.920000	0.538293	-1.150210	1.395980	0.000000	0.000000
335.930000	0.538291	-1.150203	1.395978	0.000000	0.000000
335.940000	0.538289	-1.150194	1.395976	0.000000	0.000000
335.950000	0.538286	-1.150182	1.395974	0.000000	0.000000
335.960000	0.538283	-1.150170	1.395972	0.000000	0.000000
335.970000	0.538280	-1.150159	1.395970	0.000000	0.000000
335.980000	0.538279	-1.150151	1.395968	0.000000	0.000000
335.990000	0.538279	-1.150146	1.395966	0.000000	0.000000
336.000000	0.538280	-1.150146	1.395964	0.000000	0.000000
336.010000	0.538281	-1.150151	1.395962	0.000000	0.000000
336.020000	0.538286	-1.150161	1.395960	0.000000	0.000000
336.030000	0.538292	-1.150174	1.395957	0.000000	0.000000
336.040000	0.538300	-1.150190	1.395955	0.000000	0.000000
336.050000	0.538306	-1.150207	1.395953	0.000000	0.000000
336.060000	0.538311	-1.150223	1.395951	0.000000	0.000000
336.070000	0.538314	-1.150237	1.395949	0.000000	0.000000
336.080000	0.538316	-1.150249	1.395947	0.000000	0.000000
336.090000	0.538318	-1.150258	1.395945	0.000000	0.000000
336.100000	0.538320	-1.150266	1.395943	0.000000	0.000000
336.110000	0.538321	-1.150273	1.395941	0.000000	0.000000
336.120000	0.538321	-1.150280	1.395939	0.000000	0.000000
336.130000	0.538321	-1.150287	1.395937	0.000000	0.000000
336.140000	0.538320	-1.150295	1.395935	0.000000	0.000000
336.150000	0.538319	-1.150302	1.395933	0.000000	0.000000
336.160000	0.538318	-1.150308	1.395932	0.000000	0.000000
336.170000	0.538316	-1.150312	1.395930	0.000000	0.000000
336.180000	0.538314	-1.150314	1.395928	0.000000	0.000000
336.190000	0.538311	-1.150313	1.395926	0.000000	0.000000
336.200000	0.538306	-1.150310	1.395925	0.000000	0.000000
336.210000	0.538302	-1.150308	1.395923	0.000000	0.000000
336.220000	0.538298	-1.150306	1.395921	0.000000	0.000000
336.230000	0.538295	-1.150306	1.395919	0.000000	0.000000
336.240000	0.538292	-1.150308	1.395917	0.000000	0.000000
336.250000	0.538289	-1.150312	1.395915	0.000000	0.000000
336.260000	0.538287	-1.150319	1.395912	0.000000	0.000000
336.270000	0.538286	-1.150327	1.395910	0.000000	0.000000
336.280000	0.538286	-1.150337	1.395908	0.000000	0.000000
336.290000	0.538285	-1.150349	1.395905	0.000000	0.000000
336.300000	0.538286	-1.150362	1.395902	0.000000	0.000000
336.310000	0.538286	-1.150377	1.395899	0.000000	0.000000
336.320000	0.538286	-1.150391	1.395897	0.000000	0.000000
336.330000	0.538284	-1.150406	1.395894	0.000000	0.000000
336.340000	0.538283	-1.150421	1.395890	0.000000	0.000000
336.350000	0.538282	-1.150438	1.395887	0.000000	0.000000
336.360000	0.538280	-1.150456	1.395884	0.000000	0.000000
336.370000	0.538280	-1.150477	1.395881	0.000000	0.000000
336.380000	0.538279	-1.150499	1.395878	0.000000	0.000000
336.390000	0.538279	-1.150522	1.395875	0.000000	0.000000
336.400000	0.538280	-1.150545	1.395872	0.000000	0.000000
336.410000	0.538280	-1.150569	1.395869	0.000000	0.000000
336.420000	0.538280	-1.150591	1.395865	0.000000	0.000000
336.430000	0.538280	-1.150612	1.395862	0.000000	0.000000
336.440000	0.538279	-1.150630	1.395859	0.000000	0.000000
336.450000	0.538277	-1.150647	1.395856	0.000000	0.000000
336.460000	0.538276	-1.150663	1.395853	0.000000	0.000000
336.470000	0.538273	-1.150677	1.395850	0.000000	0.000000
336.480000	0.538271	-1.150690	1.395847	0.000000	0.000000
336.490000	0.538269	-1.150704	1.395844	0.000000	0.000000
336.500000	0.538267	-1.150718	1.395840	0.000000	0.000000
336.510000	0.538266	-1.150733	1.395837	0.000000	0.000000
336.520000	0.538265	-1.150749	1.395834	0.000000	0.000000
336.530000	0.538264	-1.150766	1.395831	0.000000	0.000000
336.540000	0.538263	-1.150784	1.395827	0.000000	0.000000
336.550000	0.538263	-1.150802	1.395824	0.000000	0.000000
336.560000	0.538261	-1.150821	1.395820	0.000000	0.000000
336.570000	0.538261	-1.150840	1.395817	0.000000	0.000000
336.580000	0.538259	-1.150858	1.395814	0.000000	0.000000
336.590000	0.538257	-1.150873	1.395810	0.000000	0.000000
336.600000	0.538254	-1.150887	1.395807	0.000000	0.000000
336.610000	0.538251	-1.150900	1.395804	0.000000	0.000000
336.620000	0.538249	-1.150912	1.395801	0.000000	0.000000
336.630000	0.538247	-1.150923	1.395797	0.000000	0.000000
336.640000	0.538245	-1.150936	1.395794	0.000000	0.000000
336.650000	0.538243	-1.150950	1.395791	0.000000	0.000000
336.660000	0.538243	-1.150964	1.395788	0.000000	0.000000
336.670000	0.538242	-1.150977	1.395786	0.000000	0.000000
336.680000	0.538241	-1.150989	1.395783	0.000000	0.000000
336.690000	0.538240	-1.150998	1.395780	0.000000	0.000000
336.700000	0.538239	-1.151004	1.395778	0.000000	0.000000
336.710000	0.538238	-1.151008	1.395775	0.000000	0.000000
336.720000	0.538236	-1.151010	1.395772	0.000000	0.000000
336.730000	0.538233	-1.151009	1.395769	0.000000	0.000000
336.740000	0.538231	-1.151007	1.395767	0.000000	0.000000
336.750000	0.538228	-1.151005	1.395764	0.000000	0.000000
336.760000	0.538225	-1.151004	1.395761	0.000000	0.000000
336.770000	0.538222	-1.151005	1.395758	0.000000	0.000000
336.780000	0.538219	-1.151006	1.395754	0.000000	0.000000
336.790000	0.538216	-1.151009	1.395751	0.000000	0.000000
336.800000	0.538214	-1.151014	1.395748	0.000000	0.000000
336.810000	0.538213	-1.151023	1.395744	0.000000	0.000000
336.820000	0.538213	-1.151035	1.395740	0.000000	0.000000
336.830000	0.538214	-1.151052	1.395736	0.000000	0.000000
336.840000	0.538216	-1.151071	1.395732	0.000000	0.000000
336.850000	0.538217	-1.151090	1.395728	0.000000	0.000000
336.860000	0.538219	-1.151107	1.395724	0.000000	0.000000
336.870000	0.538219	-1.151118	1.395719	0.000000	0.000000
336.880000	0.538217	-1.151126	1.395714	0.000000	0.000000
336.890000	0.538214	-1.151130	1.395710	0.000000	0.000000
336.900000	0.538212	-1.151135	1.395705	0.000000	0.000000
336.910000	0.538210	-1.151143	1.395700	0.000000	0.000000
336.920000	0.538209	-1.151155	1.395695	0.000000	0.000000
336.930000	0.538210	-1.151172	1.395689	0.000000	0.000000
336.940000	0.538210	-1.151192	1.395684	0.000000	0.000000
336.950000	0.538210	-1.151214	1.395679	0.000000	0.000000
336.960000	0.538212	-1.151235	1.395674	0.000000	0.000000
336.970000	0.538213	-1.151254	1.395669	0.000000	0.000000
336.980000	0.538214	-1.151268	1.395664	0.000000	0.000000
336.990000	0.538213	-1.151277	1.395659	0.000000	0.000000
337.000000	0.538211	-1.151280	1.395653	0.000000	0.000000
337.010000	0.538207	-1.151280	1.395648	0.000000	0.000000
337.020000	0.538203	-1.151278	1.395643	0.000000	0.000000
337.030000	0.538198	-1.151273	1.395638	0.000000	0.000000
337.040000	0.538192	-1.151268	1.395632	0.000000	0.000000
337.050000	0.538188	-1.151262	1.395627	0.000000	0.000000
337.060000	0.538183	-1.151257	1.395622	0.000000	0.000000
337.070000	0.538179	-1.151254	1.395616	0.000000	0.000000
337.080000	0.538176	-1.151254	1.395610	0.000000	0.000000
337.090000	0.538174	-1.151256	1.395604	0.000000	0.000000
337.100000	0.538173	-1.151262	1.395598	0.000000	0.000000
337.110000	0.538173	-1.151272	1.395592	0.000000	0.000000
337.120000	0.538174	-1.151285	1.395586	0.000000	0.000000
337.130000	0.538176	-1.151301	1.395579	0.000000	0.000000
337.140000	0.538177	-1.151319	1.395573	0.000000	0.000000
337.150000	0.538178	-1.151339	1.395566	0.000000	0.000000
337.160000	0.538180	-1.151360	1.395559	0.000000	0.000000
337.170000	0.538183	-1.151381	1.395553	0.000000	0.000000
337.180000	0.538187	-1.151403	1.395546	0.000000	0.000000
337.190000	0.538191	-1.151424	1.395539	0.000000	0.000000
337.200000	0.538194	-1.151442	1.395532	0.000000	0.000000
337.210000	0.538197	-1.151455	1.395525	0.000000	0.000000
337.220000	0.538198	-1.151465	1.395518	0.000000	0.000000
337.230000	0.538199	-1.151474	1.395512	0.000000	0.000000
337.240000	0.538199	-1.151482	1.395505	0.000000	0.000000
337.250000	0.538200	-1.151493	1.395498	0.000000	0.000000
337.260000	0.538203	-1.151507	1.395492	0.000000	0.000000
337.270000	0.538206	-1.151521	1.395485	0.000000	0.000000
337.280000	0.538209	-1.151535	1.395479	0.000000	0.000000
337.290000	0.538213	-1.151546	1.395473	0.000000	0.000000
337.300000	0.538215	-1.151553	1.395467	0.000000	0.000000
337.310000	0.538215	-1.151556	1.395461	0.000000	0.000000
337.320000	0.538215	-1.151556	1.395455	0.000000	0.000000
337.330000	0.538215	-1.151555	1.395449	0.000000	0.000000
337.340000	0.538216	-1.151555	1.395444	0.000000	0.000000
337.350000	0.538215	-1.151555	1.395438	0.000000	0.000000
337.360000	0.538215	-1.151555	1.395432	0.000000	0.000000
337.370000	0.538215	-1.151556	1.395427	0.000000	0.000000
337.380000	0.538215	-1.151558	1.395421	0.000000	0.000000
337.390000	0.538216	-1.151560	1.395416	0.000000	0.000000
337.400000	0.538217	-1.151562	1.395410	0.000000	0.000000
337.410000	0.538218	-1.151565	1.395405	0.000000	0.000000
337.420000	0.538219	-1.151569	1.395399	0.000000	0.000000
337.430000	0.538221	-1.151575	1.395393	0.000000	0.000000
337.440000	0.538223	-1.151582	1.395388	0.000000	0.000000
337.450000	0.538226	-1.151591	1.395382	0.000000	0.000000
337.460000	0.538230	-1.151599	1.395376	0.000000	0.000000
337.470000	0.538232	-1.151607	1.395370	0.000000	0.000000
337.480000	0.538233	-1.151612	1.395364	0.000000	0.000000
337.490000	0.538233	-1.151616	1.395358	0.000000	0.000000
337.500000	0.538234	-1.151622	1.395353	0.000000	0.000000
337.510000	0.538234	-1.151630	1.395347	0.000000	0.000000
337.520000	0.538237	-1.151642	1.395341	0.000000	0.000000
337.530000	0.538239	-1.151657	1.395336	0.000000	0.000000
337.540000	0.538243	-1.151675	1.395331	0.000000	0.000000
337.550000	0.538247	-1.151694	1.395325	0.000000	0.000000
337.560000	0.538252	-1.151714	1.395320	0.000000	0.000000
337.570000	0.538256	-1.151732	1.395315	0.000000	0.000000
337.580000	0.538259	-1.151748	1.395311	0.000000	0.000000
337.590000	0.538260	-1.151759	1.395306	0.000000	0.000000
337.600000	0.538260	-1.151766	1.395302	0.000000	0.000000
337.610000	0.538259	-1.151770	1.395298	0.000000	0.000000
337.620000	0.538258	-1.151774	1.395294	0.000000	0.000000
337.630000	0.538258	-1.151778	1.395290	0.000000	0.000000
337.640000	0.538258	-1.151783	1.395287	0.000000	0.000000
337.650000	0.538257	-1.151790	1.395284	0.000000	0.000000
337.660000	0.538256	-1.151796	1.395281	0.000000	0.000000
337.670000	0.538256	-1.151802	1.395278	0.000000	0.000000
337.680000	0.538255	-1.151807	1.395275	0.000000	0.000000
337.690000	0.538253	-1.151811	1.395273	0.000000	0.000000
337.700000	0.538251	-1.151813	1.395271	0.000000	0.000000
337.710000	0.538249	-1.151813	1.395269	0.000000	0.000000
337.720000	0.538246	-1.151810	1.395267	0.000000	0.000000
337.730000	0.538243	-1.151803	1.395265	0.000000	0.000000
337.740000	0.538239	-1.151792	1.395264	0.000000	0.000000
337.750000	0.538235	-1.151777	1.395262	0.000000	0.000000
337.760000	0.538230	-1.151760	1.395261	0.000000	0.000000
337.770000	0.538225	-1.151744	1.395260	0.000000	0.000000
337.780000	0.538222	-1.151731	1.395258	0.000000	0.000000
337.790000	0.538220	-1.151720	1.395257	0.000000	0.000000
337.800000	0.538219	-1.151712	1.395256	0.000000	0.000000
337.810000	0.538219	-1.151703	1.395256	0.000000	0.000000
337.820000	0.538219	-1.151694	1.395255	0.000000	0.000000
337.830000	0.538217	-1.151681	1.395254	0.000000	0.000000
337.840000	0.538213	-1.151665	1.395253	0.000000	0.000000
337.850000	0.538209	-1.151648	1.395252	0.000000	0.000000
337.860000	0.538206	-1.151632	1.395252	0.000000	0.000000
337.870000	0.538204	-1.151619	1.395251	0.000000	0.000000
337.880000	0.538204	-1.151610	1.395250	0.000000	0.000000
337.890000	0.538204	-1.151604	1.395250	0.000000	0.000000
337.900000	0.538206	-1.151600	1.395249	0.000000	0.000000
337.910000	0.538208	-1.151599	1.395248	0.000000	0.000000
337.920000	0.538209	-1.151599	1.395247	0.000000	0.000000
337.930000	0.538211	-1.151598	1.395247	0.000000	0.000000
337.940000	0.538214	-1.151596	1.395246	0.000000	0.000000
337.950000	0.538215	-1.151592	1.395245	0.000000	0.000000
337.960000	0.538215	-1.151588	1.395244	0.000000	0.000000
337.970000	0.538215	-1.151583	1.395243	0.000000	0.000000
337.980000	0.538215	-1.151578	1.395242	0.000000	0.000000
337.990000	0.538215	-1.151575	1.395241	0.000000	0.000000
338.000000	0.538214	-1.151569	1.395241	0.000000	0.000000
338.010000	0.538212	-1.151561	1.395240	0.000000	0.000000
338.020000	0.538209	-1.151549	1.395239	0.000000	0.000000
338.030000	0.538207	-1.151537	1.395239	0.000000	0.000000
338.040000	0.538205	-1.151529	1.395239	0.000000	0.000000
338.050000	0.538206	-1.151525	1.395239	0.000000	0.000000
338.060000	0.538208	-1.151523	1.395239	0.000000	0.000000
338.070000	0.538209	-1.151522	1.395239	0.000000	0.000000
338.080000	0.538209	-1.151520	1.395239	0.000000	0.000000
338.090000	0.538210	-1.151517	1.395240	0.000000	0.000000
338.100000	0.538212	-1.151512	1.395241	0.000000	0.000000
338.110000	0.538212	-1.151506	1.395242	0.000000	0.000000
338.120000	0.538211	-1.151497	1.395243	0.000000	0.000000
338.130000	0.538210	-1.151487	1.395244	0.000000	0.000000
338.140000	0.538208	-1.151475	1.395245	0.000000	0.000000
338.150000	0.538205	-1.151460	1.395246	0.000000	0.000000
338.160000	0.538201	-1.151444	1.395248	0.000000	0.000000
338.170000	0.538198	-1.151427	1.395249	0.000000	0.000000
338.180000	0.538197	-1.151412	1.395251	0.000000	0.000000
338.190000	0.538197	-1.151400	1.395253	0.000000	0.000000
338.200000	0.538198	-1.151390	1.395254	0.000000	0.000000
338.210000	0.538199	-1.151383	1.395256	0.000000	0.000000
338.220000	0.538200	-1.151377	1.395257	0.000000	0.000000
338.230000	0.538201	-1.151370	1.395259	0.000000	0.000000
338.240000	0.538201	-1.151362	1.395260	0.000000	0.000000
338.250000	0.538200	-1.151352	1.395262	0.000000	0.000000
338.260000	0.538200	-1.151344	1.395263	0.000000	0.000000
338.270000	0.538200	-1.151339	1.395264	0.000000	0.000000
338.280000	0.538203	-1.151339	1.395266	0.000000	0.000000
338.290000	0.538206	-1.151341	1.395267	0.000000	0.000000
338.300000	0.538208	-1.151344	1.395268	0.000000	0.000000
338.310000	0.538209	-1.151347	1.395269	0.000000	0.000000
338.320000	0.538211	-1.151348	1.395270	0.000000	0.000000
338.330000	0.538211	-1.151346	1.395270	0.000000	0.000000
338.340000	0.538210	-1.151341	1.395271	0.000000	0.000000
338.350000	0.538208	-1.151333	1.395272	0.000000	0.000000
338.360000	0.538204	-1.151322	1.395272	0.000000	0.000000
338.370000	0.538199	-1.151308	1.395273	0.000000	0.000000
338.380000	0.538193	-1.151292	1.395274	0.000000	0.000000
338.390000	0.538188	-1.151275	1.395274	0.000000	0.000000
338.400000	0.538183	-1.151260	1.395275	0.000000	0.000000
338.410000	0.538178	-1.151245	1.395275	0.000000	0.000000
338.420000	0.538174	-1.151231	1.395276	0.000000	0.000000
338.430000	0.538169	-1.151219	1.395277	0.000000	0.000000
338.440000	0.538165	-1.151207	1.395278	0.000000	0.000000
338.450000	0.538161	-1.151196	1.395279	0.000000	0.000000
338.460000	0.538157	-1.151186	1.395280	0.000000	0.000000
338.470000	0.538153	-1.151176	1.395281	0.000000	0.000000
338.480000	0.538149	-1.151168	1.395282	0.000000	0.000000
338.490000	0.538145	-1.151159	1.395283	0.000000	0.000000
338.500000	0.538141	-1.151150	1.395284	0.000000	0.000000
338.510000	0.538139	-1.151142	1.395285	0.000000	0.000000
338.520000	0.538136	-1.151134	1.395287	0.000000	0.000000
338.530000	0.538134	-1.151128	1.395288	0.000000	0.000000
338.540000	0.538132	-1.151122	1.395289	0.000000	0.000000
338.550000	0.538131	-1.151119	1.395290	0.000000	0.000000
338.560000	0.538130	-1.151116	1.395292	0.000000	0.000000
338.570000	0.538130	-1.151114	1.395293	0.000000	0.000000
338.580000	0.538130	-1.151113	1.395294	0.000000	0.000000
338.590000	0.538129	-1.151111	1.395296	0.000000	0.000000
338.600000	0.538127	-1.151108	1.395297	0.000000	0.000000
338.610000	0.538124	-1.151103	1.395298	0.000000	0.000000
338.620000	0.538119	-1.151095	1.395299	0.000000	0.000000
338.630000	0.538116	-1.151091	1.395300	0.000000	0.000000
338.640000	0.538114	-1.151091	1.395302	0.000000	0.000000
338.650000	0.538111	-1.151094	1.395303	0.000000	0.000000
338.660000	0.538109	-1.151100	1.395304	0.000000	0.000000
338.670000	0.538108	-1.151106	1.395305	0.000000	0.000000
338.680000	0.538106	-1.151111	1.395307	0.000000	0.000000
338.690000	0.538104	-1.151116	1.395308	0.000000	0.000000
338.700000	0.538101	-1.151118	1.395309	0.000000	0.000000
338.710000	0.538098	-1.151117	1.395310	0.000000	0.000000
338.720000	0.538094	-1.151114	1.395312	0.000000	0.000000
338.730000	0.538089	-1.151110	1.395313	0.000000	0.000000
338.740000	0.538085	-1.151105	1.395314	0.000000	0.000000
338.750000	0.538082	-1.151100	1.395315	0.000000	0.000000
338.760000	0.538078	-1.151096	1.395317	0.000000	0.000000
338.770000	0.538075	-1.151092	1.395318	0.000000	0.000000
338.780000	0.538071	-1.151087	1.395319	0.000000	0.000000
338.790000	0.538068	-1.151083	1.395320	0.000000	0.000000
338.800000	0.538065	-1.151079	1.395320	0.000000	0.000000
338.810000	0.538063	-1.151077	1.395321	0.000000	0.000000
338.820000	0.538061	-1.151077	1.395322	0.000000	0.000000
338.830000	0.538060	-1.151081	1.395323	0.000000	0.000000
338.840000	0.538060	-1.151089	1.395323	0.000000	0.000000
338.850000	0.538061	-1.151100	1.395324	0.000000	0.000000
338.860000	0.538062	-1.151112	1.395324	0.000000	0.000000
338.870000	0.538063	-1.151125	1.395325	0.000000	0.000000
338.880000	0.538064	-1.151135	1.395325	0.000000	0.000000
338.890000	0.538063	-1.151142	1.395325	0.000000	0.000000
338.900000	0.538062	-1.151144	1.395325	0.000000	0.000000
338.910000	0.538059	-1.151141	1.395325	0.000000	0.000000
338.920000	0.538057	-1.151135	1.395325	0.000000	0.000000
338.930000	0.538054	-1.151130	1.395325	0.000000	0.000000
338.940000	0.538052	-1.151126	1.395325	0.000000	0.000000
338.950000	0.538051	-1.151123	1.395325	0.000000	0.000000
338.960000	0.538050	-1.151121	1.395325	0.000000	0.000000
338.970000	0.538050	-1.151120	1.395325	0.000000	0.000000
338.980000	0.538048	-1.151120	1.395325	0.000000	0.000000
338.990000	0.538046	-1.151121	1.395325	0.000000	0.000000
339.000000	0.538045	-1.151124	1.395325	0.000000	0.000000
339.010000	0.538043	-1.151127	1.395325	0.000000	0.000000
339.020000	0.538041	-1.151131	1.395326	0.000000	0.000000
339.030000	0.538039	-1.151134	1.395326	0.000000	0.000000
339.040000	0.538036	-1.151136	1.395326	0.000000	0.000000
339.050000	0.538033	-1.151138	1.395327	0.000000	0.000000
339.060000	0.538030	-1.151140	1.395327	0.000000	0.000000
339.070000	0.538026	-1.151141	1.395327	0.000000	0.000000
339.080000	0.538022	-1.151143	1.395328	0.000000	0.000000
339.090000	0.538018	-1.151146	1.395328	0.000000	0.000000
339.100000	0.538015	-1.151149	1.395329	0.000000	0.000000
339.110000	0.538014	-1.151154	1.395329	0.000000	0.000000
339.120000	0.538013	-1.151160	1.395330	0.000000	0.000000
339.130000	0.538012	-1.151167	1.395330	0.000000	0.000000
339.140000	0.538012	-1.151173	1.395330	0.000000	0.000000
339.150000	0.538011	-1.151178	1.395331	0.000000	0.000000
339.160000	0.538010	-1.151180	1.395331	0.000000	0.000000
339.170000	0.538010	-1.151183	1.395331	0.000000	0.000000
339.180000	0.538008	-1.151186	1.395332	0.000000	0.000000
339.190000	0.538008	-1.151190	1.395332	0.000000	0.000000
339.200000	0.538006	-1.151192	1.395333	0.000000	0.000000
339.210000	0.538005	-1.151193	1.395334	0.000000	0.000000
339.220000	0.538002	-1.151192	1.395334	0.000000	0.000000
339.230000	0.538000	-1.151190	1.395335	0.000000	0.000000
339.240000	0.537997	-1.151189	1.395336	0.000000	0.000000
339.250000	0.537994	-1.151189	1.395337	0.000000	0.000000
339.260000	0.537992	-1.151190	1.395339	0.000000	0.000000
339.270000	0.537990	-1.151196	1.395340	0.000000	0.000000
339.280000	0.537989	-1.151204	1.395342	0.000000	0.000000
339.290000	0.537989	-1.151215	1.395343	0.000000	0.000000
339.300000	0.537991	-1.151228	1.395345	0.000000	0.000000
339.310000	0.537991	-1.151240	1.395347	0.000000	0.000000
339.320000	0.537992	-1.151251	1.395349	0.000000	0.000000
339.330000	0.537992	-1.151261	1.395352	0.000000	0.000000
339.340000	0.537992	-1.151267	1.395354	0.000000	0.000000
339.350000	0.537990	-1.151269	1.395357	0.000000	0.000000
339.360000	0.537986	-1.151267	1.395360	0.000000	0.000000
339.370000	0.537982	-1.151262	1.395363	0.000000	0.000000
339.380000	0.537978	-1.151257	1.395365	0.000000	0.000000
339.390000	0.537974	-1.151253	1.395368	0.000000	0.000000
339.400000	0.537969	-1.151249	1.395372	0.000000	0.000000
339.410000	0.537966	-1.151247	1.395375	0.000000	0.000000
339.420000	0.537963	-1.151247	1.395378	0.000000	0.000000
339.430000	0.537960	-1.151247	1.395381	0.000000	0.000000
339.440000	0.537957	-1.151248	1.395385	0.000000	0.000000
339.450000	0.537954	-1.151248	1.395388	0.000000	0.000000
339.460000	0.537952	-1.151247	1.395392	0.000000	0.000000
339.470000	0.537949	-1.151243	1.395396	0.000000	0.000000
339.480000	0.537945	-1.151236	1.395399	0.000000	0.000000
339.490000	0.537940	-1.151229	1.395403	0.000000	0.000000
339.500000	0.537936	-1.151223	1.395407	0.000000	0.000000
339.510000	0.537932	-1.151219	1.395411	0.000000	0.000000
339.520000	0.537929	-1.151216	1.395415	0.000000	0.000000
339.530000	0.537927	-1.151214	1.395419	0.000000	0.000000
339.540000	0.537924	-1.151213	1.395423	0.000000	0.000000
339.550000	0.537921	-1.151212	1.395428	0.000000	0.000000
339.560000	0.537920	-1.151210	1.395432	0.000000	0.000000
339.570000	0.537918	-1.151208	1.395436	0.000000	0.000000
339.580000	0.537917	-1.151203	1.395441	0.000000	0.000000
339.590000	0.537914	-1.151198	1.395445	0.000000	0.000000
339.600000	0.537912	-1.151191	1.395450	0.000000	0.000000
339.610000	0.537909	-1.151185	1.395455	0.000000	0.000000
339.620000	0.537906	-1.151178	1.395459	0.000000	0.000000
339.630000	0.537904	-1.151171	1.395464	0.000000	0.000000
339.640000	0.537901	-1.151162	1.395469	0.000000	0.000000
339.650000	0.537897	-1.151150	1.395474	0.000000	0.000000
339.660000	0.537892	-1.151136	1.395478	0.000000	0.000000
339.670000	0.537888	-1.151120	1.395483	0.000000	0.000000
339.680000	0.537884	-1.151106	1.395488	0.000000	0.000000
339.690000	0.537882	-1.151094	1.395493	0.000000	0.000000
339.700000	0.537881	-1.151085	1.395498	0.000000	0.000000
339.710000	0.537882	-1.151078	1.395502	0.000000	0.000000
339.720000	0.537883	-1.151071	1.395507	0.000000	0.000000
339.730000	0.537883	-1.151063	1.395512	0.000000	0.000000
339.740000	0.537883	-1.151054	1.395517	0.000000	0.000000
339.750000	0.537883	-1.151050	1.395522	0.000000	0.000000
339.760000	0.537884	-1.151047	1.395527	0.000000	0.000000
339.770000	0.537884	-1.151041	1.395532	0.000000	0.000000
339.780000	0.537882	-1.151028	1.395537	0.000000	0.000000
339.790000	0.537877	-1.151008	1.395543	0.000000	0.000000
339.800000	0.537872	-1.150988	1.395548	0.000000	0.000000
339.810000	0.537869	-1.150974	1.395553	0.000000	0.000000
339.820000	0.537867	-1.150966	1.395559	0.000000	0.000000
339.830000	0.537866	-1.150962	1.395564	0.000000	0.000000
339.840000	0.537866	-1.150959	1.395570	0.000000	0.000000
339.850000	0.537866	-1.150956	1.395576	0.000000	0.000000
339.860000	0.537865	-1.150952	1.395581	0.000000	0.000000
339.870000	0.537863	-1.150947	1.395587	0.000000	0.000000
339.880000	0.537862	-1.150942	1.395593	0.000000	0.000000
339.890000	0.537860	-1.150934	1.395599	0.000000	0.000000
339.900000	0.537857	-1.150926	1.395605	0.000000	0.000000
339.910000	0.537854	-1.150915	1.395611	0.000000	0.000000
339.920000	0.537850	-1.150901	1.395617	0.000000	0.000000
339.930000	0.537845	-1.150885	1.395623	0.000000	0.000000
339.940000	0.537839	-1.150869	1.395629	0.000000	0.000000
339.950000	0.537834	-1.150855	1.395635	0.000000	0.000000
339.960000	0.537829	-1.150843	1.395641	0.000000	0.000000
339.970000	0.537825	-1.150832	1.395647	0.000000	0.000000
339.980000	0.537822	-1.150823	1.395653	0.000000	0.000000
339.990000	0.537819	-1.150816	1.395659	0.000000	0.000000
340.000000	0.537818	-1.150812	1.395665	0.000000	0.000000
340.010000	0.537817	-1.150809	1.395671	0.000000	0.000000
340.020000	0.537816	-1.150807	1.395677	0.000000	0.000000
340.030000	0.537815	-1.150804	1.395683	0.000000	0.000000
340.040000	0.537813	-1.150798	1.395689	0.000000	0.000000
340.050000	0.537810	-1.150790	1.395695	0.000000	0.000000
340.060000	0.537808	-1.150784	1.395701	0.000000	0.000000
340.070000	0.537806	-1.150778	1.395708	0.000000	0.000000
340.080000	0.537805	-1.150771	1.395714	0.000000	0.000000
340.090000	0.537804	-1.150763	1.395721	0.000000	0.000000
340.100000	0.537802	-1.150752	1.395728	0.000000	0.000000
340.110000	0.537800	-1.150740	1.395735	0.000000	0.000000
340.120000	0.537796	-1.150727	1.395742	0.000000	0.000000
340.130000	0.537793	-1.150716	1.395749	0.000000	0.000000
340.140000	0.537790	-1.150704	1.395756	0.000000	0.000000
340.150000	0.537787	-1.150693	1.395763	0.000000	0.000000
340.160000	0.537785	-1.150683	1.395771	0.000000	0.000000
340.170000	0.537782	-1.150672	1.395778	0.000000	0.000000
340.180000	0.537779	-1.150662	1.395786	0.000000	0.000000
340.190000	0.537776	-1.150652	1.395794	0.000000	0.000000
340.200000	0.537774	-1.150643	1.395802	0.000000	0.000000
340.210000	0.537772	-1.150632	1.395810	0.000000	0.000000
340.220000	0.537770	-1.150620	1.395818	0.000000	0.000000
340.230000	0.537769	-1.150608	1.395826	0.000000	0.000000
340.240000	0.537767	-1.150593	1.395834	0.000000	0.000000
340.250000	0.537765	-1.150578	1.395842	0.000000	0.000000
340.260000	0.537763	-1.150564	1.395850	0.000000	0.000000
340.270000	0.537762	-1.150553	1.395858	0.000000	0.000000
340.280000	0.537761	-1.150547	1.395866	0.000000	0.000000
340.290000	0.537762	-1.150543	1.395874	0.000000	0.000000
340.300000	0.537764	-1.150542	1.395882	0.000000	0.000000
340.310000	0.537765	-1.150541	1.395890	0.000000	0.000000
340.320000	0.537764	-1.150538	1.395897	0.000000	0.000000
340.330000	0.537762	-1.150533	1.395905	0.000000	0.000000
340.340000	0.537760	-1.150526	1.395912	0.000000	0.000000
340.350000	0.537756	-1.150518	1.395920	0.000000	0.000000
340.360000	0.537754	-1.150511	1.395927	0.000000	0.000000
340.370000	0.537751	-1.150505	1.395935	0.000000	0.000000
340.380000	0.537749	-1.150500	1.395942	0.000000	0.000000
340.390000	0.537746	-1.150495	1.395949	0.000000	0.000000
340.400000	0.537745	-1.150491	1.395956	0.000000	0.000000
340.410000	0.537743	-1.150486	1.395963	0.000000	0.000000
340.420000	0.537741	-1.150479	1.395971	0.000000	0.000000
340.430000	0.537739	-1.150470	1.395978	0.000000	0.000000
340.440000	0.537735	-1.150457	1.395985	0.000000	0.000000
340.450000	0.537729	-1.150439	1.395992	0.000000	0.000000
340.460000	0.537723	-1.150419	1.395999	0.000000	0.000000
340.470000	0.537716	-1.150397	1.396006	0.000000	0.000000
340.480000	0.537709	-1.150376	1.396013	0.000000	0.000000
340.490000	0.537703	-1.150356	1.396020	0.000000	0.000000
340.500000	0.537698	-1.150339	1.396026	0.000000	0.000000
340.510000	0.537693	-1.150325	1.396033	0.000000	0.000000
340.520000	0.537689	-1.150312	1.396040	0.000000	0.000000
340.530000	0.537685	-1.150301	1.396046	0.000000	0.000000
340.540000	0.537681	-1.150292	1.396053	0.000000	0.000000
340.550000	0.537679	-1.150285	1.396059	0.000000	0.000000
340.560000	0.537678	-1.150282	1.396066	0.000000	0.000000
340.570000	0.537677	-1.150278	1.396072	0.000000	0.000000
340.580000	0.537674	-1.150272	1.396078	0.000000	0.000000
340.590000	0.537671	-1.150262	1.396084	0.000000	0.000000
340.600000	0.537667	-1.150247	1.396090	0.000000	0.000000
340.610000	0.537662	-1.150229	1.396096	0.000000	0.000000
340.620000	0.537658	-1.150210	1.396101	0.000000	0.000000
340.630000	0.537655	-1.150193	1.396107	0.000000	0.000000
340.640000	0.537653	-1.150180	1.396113	0.000000	0.000000
340.650000	0.537653	-1.150171	1.396118	0.000000	0.000000
340.660000	0.537654	-1.150166	1.396124	0.000000	0.000000
340.670000	0.537656	-1.150163	1.396130	0.000000	0.000000
340.680000	0.537659	-1.150161	1.396135	0.000000	0.000000
340.690000	0.537661	-1.150159	1.396141	0.000000	0.000000
340.700000	0.537662	-1.150154	1.396146	0.000000	0.000000
340.710000	0.537663	-1.150146	1.396151	0.000000	0.000000
340.720000	0.537662	-1.150134	1.396157	0.000000	0.000000
340.730000	0.537659	-1.150116	1.396162	0.000000	0.000000
340.740000	0.537654	-1.150093	1.396167	0.000000	0.000000
340.750000	0.537648	-1.150065	1.396172	0.000000	0.000000
340.760000	0.537641	-1.150033	1.396177	0.000000	0.000000
340.770000	0.537634	-1.150002	1.396181	0.000000	0.000000
340.780000	0.537628	-1.149974	1.396186	0.000000	0.000000
340.790000	0.537623	-1.149952	1.396191	0.000000	0.000000
340.800000	0.537622	-1.149936	1.396195	0.000000	0.000000
340.810000	0.537621	-1.149925	1.396199	0.000000	0.000000
340.820000	0.537622	-1.149918	1.396203	0.000000	0.000000
340.830000	0.537623	-1.149913	1.396206	0.000000	0.000000
340.840000	0.537622	-1.149910	1.396210	0.000000	0.000000
340.850000	0.537621	-1.149907	1.396213	0.000000	0.000000
340.860000	0.537620	-1.149904	1.396216	0.000000	0.000000
340.870000	0.537617	-1.149900	1.396218	0.000000	0.000000
340.880000	0.537613	-1.149896	1.396221	0.000000	0.000000
340.890000	0.537609	-1.149893	1.396223	0.000000	0.000000
340.900000	0.537605	-1.149890	1.396226	0.000000	0.000000
340.910000	0.537602	-1.149889	1.396228	0.000000	0.000000
340.920000	0.537597	-1.149888	1.396229	0.000000	0.000000
340.930000	0.537593	-1.149887	1.396231	0.000000	0.000000
340.940000	0.537589	-1.149886	1.396233	0.000000	0.000000
340.950000	0.537586	-1.149885	1.396234	0.000000	0.000000
340.960000	0.537583	-1.149883	1.396236	0.000000	0.000000
340.970000	0.537580	-1.149883	1.396237	0.000000	0.000000
340.980000	0.537577	-1.149883	1.396239	0.000000	0.000000
340.990000	0.537576	-1.149885	1.396240	0.000000	0.000000
341.000000	0.537574	-1.149888	1.396242	0.000000	0.000000
341.010000	0.537572	-1.149891	1.396243	0.000000	0.000000
341.020000	0.537571	-1.149895	1.396245	0.000000	0.000000
341.030000	0.537569	-1.149898	1.396246	0.000000	0.000000
341.040000	0.537568	-1.149901	1.396247	0.000000	0.000000
341.050000	0.537567	-1.149904	1.396249	0.000000	0.000000
341.060000	0.537564	-1.149906	1.396250	0.000000	0.000000
341.070000	0.537560	-1.149906	1.396251	0.000000	0.000000
341.080000	0.537555	-1.149905	1.396253	0.000000	0.000000
341.090000	0.537550	-1.149903	1.396254	0.000000	0.000000
341.100000	0.537544	-1.149900	1.396255	0.000000	0.000000
341.110000	0.537540	-1.149899	1.396256	0.000000	0.000000
341.120000	0.537536	-1.149901	1.396257	0.000000	0.000000
341.130000	0.537533	-1.149905	1.396258	0.000000	0.000000
341.140000	0.537530	-1.149911	1.396259	0.000000	0.000000
341.150000	0.537527	-1.149916	1.396260	0.000000	0.000000
341.160000	0.537525	-1.149921	1.396261	0.000000	0.000000
341.170000	0.537523	-1.149924	1.396262	0.000000	0.000000
341.180000	0.537520	-1.149922	1.396263	0.000000	0.000000
341.190000	0.537515	-1.149916	1.396264	0.000000	0.000000
341.200000	0.537509	-1.149904	1.396264	0.000000	0.000000
341.210000	0.537502	-1.149889	1.396265	0.000000	0.000000
341.220000	0.537495	-1.149872	1.396266	0.000000	0.000000
341.230000	0.537488	-1.149858	1.396266	0.000000	0.000000
341.240000	0.537483	-1.149847	1.396267	0.000000	0.000000
341.250000	0.537480	-1.149840	1.396268	0.000000	0.000000
341.260000	0.537479	-1.149836	1.396268	0.000000	0.000000
341.270000	0.537478	-1.149835	1.396268	0.000000	0.000000
341.280000	0.537477	-1.149835	1.396269	0.000000	0.000000
341.290000	0.537478	-1.149834	1.396269	0.000000	0.000000
341.300000	0.537478	-1.149831	1.396269	0.000000	0.000000
341.310000	0.537477	-1.149825	1.396269	0.000000	0.000000
341.320000	0.537476	-1.149817	1.396269	0.000000	0.000000
341.330000	0.537476	-1.149806	1.396269	0.000000	0.000000
341.340000	0.537475	-1.149795	1.396269	0.000000	0.000000
341.350000	0.537475	-1.149785	1.396269	0.000000	0.000000
341.360000	0.537476	-1.149777	1.396269	0.000000	0.000000
341.370000	0.537477	-1.149770	1.396268	0.000000	0.000000
341.380000	0.537478	-1.149764	1.396268	0.000000	0.000000
341.390000	0.537479	-1.149760	1.396267	0.000000	0.000000
341.400000	0.537481	-1.149758	1.396267	0.000000	0.000000
341.410000	0.537485	-1.149760	1.396266	0.000000	0.000000
341.420000	0.537490	-1.149764	1.396265	0.000000	0.000000
341.430000	0.537495	-1.149768	1.396264	0.000000	0.000000
341.440000	0.537501	-1.149769	1.396263	0.000000	0.000000
341.450000	0.537506	-1.149765	1.396262	0.000000	0.000000
341.460000	0.537508	-1.149757	1.396261	0.000000	0.000000
341.470000	0.537510	-1.149746	1.396260	0.000000	0.000000
341.480000	0.537510	-1.149733	1.396259	0.000000	0.000000
341.490000	0.537511	-1.149720	1.396257	0.000000	0.000000
341.500000	0.537512	-1.149707	1.396256	0.000000	0.000000
341.510000	0.537512	-1.149694	1.396255	0.000000	0.000000
341.520000	0.537513	-1.149681	1.396253	0.000000	0.000000
341.530000	0.537516	-1.149670	1.396252	0.000000	0.000000
341.540000	0.537520	-1.149663	1.396250	0.000000	0.000000
341.550000	0.537524	-1.149659	1.396248	0.000000	0.000000
341.560000	0.537528	-1.149656	1.396247	0.000000	0.000000
341.570000	0.537531	-1.149653	1.396245	0.000000	0.000000
341.580000	0.537534	-1.149646	1.396243	0.000000	0.000000
341.590000	0.537535	-1.149636	1.396241	0.000000	0.000000
341.600000	0.537536	-1.149628	1.396239	0.000000	0.000000
341.610000	0.537538	-1.149623	1.396237	0.000000	0.000000
341.620000	0.537542	-1.149622	1.396234	0.000000	0.000000
341.630000	0.537546	-1.149623	1.396232	0.000000	0.000000
341.640000	0.537549	-1.149623	1.396230	0.000000	0.000000
341.650000	0.537551	-1.149621	1.396227	0.000000	0.000000
341.660000	0.537551	-1.149616	1.396224	0.000000	0.000000
341.670000	0.537551	-1.149610	1.396222	0.000000	0.000000
341.680000	0.537551	-1.149606	1.396219	0.000000	0.000000
341.690000	0.537553	-1.149607	1.396216	0.000000	0.000000
341.700000	0.537556	-1.149613	1.396213	0.000000	0.000000
341.710000	0.537562	-1.149625	1.396209	0.000000	0.000000
341.720000	0.537569	-1.149639	1.396206	0.000000	0.000000
341.730000	0.537575	-1.149653	1.396203	0.000000	0.000000
341.740000	0.537578	-1.149662	1.396199	0.000000	0.000000
341.750000	0.537580	-1.149663	1.396195	0.000000	0.000000
341.760000	0.537579	-1.149658	1.396192	0.000000	0.000000
341.770000	0.537577	-1.149651	1.396188	0.000000	0.000000
341.780000	0.537575	-1.149646	1.396184	0.000000	0.000000
341.790000	0.537575	-1.149647	1.396181	0.000000	0.000000
341.800000	0.537576	-1.149652	1.396177	0.000000	0.000000
341.810000	0.537578	-1.149658	1.396173	0.000000	0.000000
341.820000	0.537581	-1.149664	1.396169	0.000000	0.000000
341.830000	0.537582	-1.149666	1.396166	0.000000	0.000000
341.840000	0.537582	-1.149665	1.396162	0.000000	0.000000
341.850000	0.537581	-1.149661	1.396158	0.000000	0.000000
341.860000	0.537581	-1.149654	1.396154	0.000000	0.000000
341.870000	0.537579	-1.149646	1.396150	0.000000	0.000000
341.880000	0.537577	-1.149637	1.396147	0.000000	0.000000
341.890000	0.537574	-1.149629	1.396143	0.000000	0.000000
341.900000	0.537572	-1.149621	1.396139	0.000000	0.000000
341.910000	0.537571	-1.149616	1.396135	0.000000	0.000000
341.920000	0.537570	-1.149614	1.396131	0.000000	0.000000
341.930000	0.537571	-1.149616	1.396127	0.000000	0.000000
341.940000	0.537572	-1.149622	1.396123	0.000000	0.000000
341.950000	0.537574	-1.149630	1.396119	0.000000	0.000000
341.960000	0.537577	-1.149640	1.396115	0.000000	0.000000
341.970000	0.537580	-1.149650	1.396111	0.000000	0.000000
341.980000	0.537581	-1.149657	1.396107	0.000000	0.000000
341.990000	0.537580	-1.149658	1.396102	0.000000	0.000000
342.000000	0.537577	-1.149653	1.396098	0.000000	0.000000
342.010000	0.537574	-1.149647	1.396093	0.000000	0.000000
342.020000	0.537574	-1.149647	1.396089	0.000000	0.000000
342.030000	0.537576	-1.149653	1.396084	0.000000	0.000000
342.040000	0.537581	-1.149663	1.396080	0.000000	0.000000
342.050000	0.537585	-1.149673	1.396075	0.000000	0.000000
342.060000	0.537590	-1.149682	1.396071	0.000000	0.000000
342.070000	0.537595	-1.149686	1.396066	0.000000	0.000000
342.080000	0.537598	-1.149684	1.396062	0.000000	0.000000
342.090000	0.537600	-1.149678	1.396057	0.000000	0.000000
342.100000	0.537601	-1.149669	1.396053	0.000000	0.000000
342.110000	0.537602	-1.149657	1.396048	0.000000	0.000000
342.120000	0.537603	-1.149647	1.396044	0.000000	0.000000
342.130000	0.537604	-1.149638	1.396039	0.000000	0.000000
342.140000	0.537606	-1.149631	1.396035	0.000000	0.000000
342.150000	0.537610	-1.149625	1.396030	0.000000	0.000000
342.160000	0.537612	-1.149621	1.396025	0.000000	0.000000
342.170000	0.537615	-1.149618	1.396021	0.000000	0.000000
342.180000	0.537618	-1.149615	1.396016	0.000000	0.000000
342.190000	0.537622	-1.149611	1.396012	0.000000	0.000000
342.200000	0.537624	-1.149605	1.396007	0.000000	0.000000
342.210000	0.537625	-1.149597	1.396002	0.000000	0.000000
342.220000	0.537625	-1.149586	1.395998	0.000000	0.000000
342.230000	0.537625	-1.149574	1.395993	0.000000	0.000000
342.240000	0.537627	-1.149566	1.395988	0.000000	0.000000
342.250000	0.537629	-1.149561	1.395984	0.000000	0.000000
342.260000	0.537631	-1.149559	1.395979	0.000000	0.000000
342.270000	0.537635	-1.149560	1.395975	0.000000	0.000000
342.280000	0.537638	-1.149564	1.395970	0.000000	0.000000
342.290000	0.537642	-1.149568	1.395966	0.000000	0.000000
342.300000	0.537644	-1.149571	1.395961	0.000000	0.000000
342.310000	0.537646	-1.149573	1.395957	0.000000	0.000000
342.320000	0.537647	-1.149574	1.395953	0.000000	0.000000
342.330000	0.537648	-1.149576	1.395949	0.000000	0.000000
342.340000	0.537648	-1.149577	1.395945	0.000000	0.000000
342.350000	0.537648	-1.149577	1.395942	0.000000	0.000000
342.360000	0.537648	-1.149575	1.395938	0.000000	0.000000
342.370000	0.537648	-1.149573	1.395934	0.000000	0.000000
342.380000	0.537647	-1.149572	1.395931	0.000000	0.000000
342.390000	0.537649	-1.149575	1.395927	0.000000	0.000000
342.400000	0.537652	-1.149580	1.395924	0.000000	0.000000
342.410000	0.537655	-1.149586	1.395920	0.000000	0.000000
342.420000	0.537658	-1.149592	1.395917	0.000000	0.000000
342.430000	0.537660	-1.149596	1.395913	0.000000	0.000000
342.440000	0.537662	-1.149594	1.395910	0.000000	0.000000
342.450000	0.537662	-1.149586	1.395907	0.000000	0.000000
342.460000	0.537661	-1.149571	1.395903	0.000000	0.000000
342.470000	0.537660	-1.149551	1.395900	0.000000	0.000000
342.480000	0.537658	-1.149534	1.395896	0.000000	0.000000
342.490000	0.537658	-1.149522	1.395893	0.000000	0.000000
342.500000	0.537659	-1.149515	1.395889	0.000000	0.000000
342.510000	0.537661	-1.149512	1.395886	0.000000	0.000000
342.520000	0.537663	-1.149512	1.395883	0.000000	0.000000
342.530000	0.537665	-1.149511	1.395879	0.000000	0.000000
342.540000	0.537666	-1.149511	1.395876	0.000000	0.000000
342.550000	0.537667	-1.149509	1.395873	0.000000	0.000000
342.560000	0.537667	-1.149506	1.395870	0.000000	0.000000
342.570000	0.537668	-1.149504	1.395867	0.000000	0.000000
342.580000	0.537669	-1.149503	1.395863	0.000000	0.000000
342.590000	0.537672	-1.149504	1.395860	0.000000	0.000000
342.600000	0.537676	-1.149505	1.395857	0.000000	0.000000
342.610000	0.537681	-1.149505	1.395854	0.000000	0.000000
342.620000	0.537686	-1.149503	1.395852	0.000000	0.000000
342.630000	0.537691	-1.149499	1.395849	0.000000	0.000000
342.640000	0.537695	-1.149493	1.395846	0.000000	0.000000
342.650000	0.537700	-1.149485	1.395843	0.000000	0.000000
342.660000	0.537703	-1.149476	1.395841	0.000000	0.000000
342.670000	0.537707	-1.149464	1.395839	0.000000	0.000000
342.680000	0.537708	-1.149448	1.395836	0.000000	0.000000
342.690000	0.537707	-1.149428	1.395834	0.000000	0.000000
342.700000	0.537704	-1.149403	1.395832	0.000000	0.000000
342.710000	0.537700	-1.149376	1.395830	0.000000	0.000000
342.720000	0.537696	-1.149351	1.395827	0.000000	0.000000
342.730000	0.537692	-1.149327	1.395825	0.000000	0.000000
342.740000	0.537689	-1.149305	1.395823	0.000000	0.000000
342.750000	0.537687	-1.149286	1.395821	0.000000	0.000000
342.760000	0.537687	-1.149269	1.395819	0.000000	0.000000
342.770000	0.537687	-1.149257	1.395816	0.000000	0.000000
342.780000	0.537689	-1.149248	1.395814	0.000000	0.000000
342.790000	0.537693	-1.149244	1.395812	0.000000	0.000000
342.800000	0.537698	-1.149242	1.395809	0.000000	0.000000
342.810000	0.537703	-1.149242	1.395807	0.000000	0.000000
342.820000	0.537707	-1.149243	1.395804	0.000000	0.000000
342.830000	0.537710	-1.149243	1.395801	0.000000	0.000000
342.840000	0.537714	-1.149241	1.395798	0.000000	0.000000
342.850000	0.537717	-1.149235	1.395795	0.000000	0.000000
342.860000	0.537719	-1.149224	1.395791	0.000000	0.000000
342.870000	0.537719	-1.149206	1.395788	0.000000	0.000000
342.880000	0.537718	-1.149185	1.395784	0.000000	0.000000
342.890000	0.537718	-1.149168	1.395780	0.000000	0.000000
342.900000	0.537720	-1.149160	1.395776	0.000000	0.000000
342.910000	0.537726	-1.149160	1.395772	0.000000	0.000000
342.920000	0.537735	-1.149166	1.395768	0.000000	0.000000
342.930000	0.537743	-1.149174	1.395764	0.000000	0.000000
342.940000	0.537750	-1.149177	1.395760	0.000000	0.000000
342.950000	0.537756	-1.149175	1.395756	0.000000	0.000000
342.960000	0.537760	-1.149172	1.395752	0.000000	0.000000
342.970000	0.537765	-1.149169	1.395748	0.000000	0.000000
342.980000	0.537769	-1.149165	1.395744	0.000000	0.000000
342.990000	0.537773	-1.149159	1.395740	0.000000	0.000000
343.000000	0.537776	-1.149149	1.395736	0.000000	0.000000
343.010000	0.537778	-1.149135	1.395732	0.000000	0.000000
343.020000	0.537780	-1.149118	1.395727	0.000000	0.000000
343.030000	0.537782	-1.149102	1.395723	0.000000	0.000000
343.040000	0.537785	-1.149086	1.395719	0.000000	0.000000
343.050000	0.537788	-1.149071	1.395715	0.000000	0.000000
343.060000	0.537791	-1.149055	1.395710	0.000000	0.000000
343.070000	0.537794	-1.149036	1.395706	0.000000	0.000000
343.080000	0.537797	-1.149015	1.395702	0.000000	0.000000
343.090000	0.537799	-1.148995	1.395697	0.000000	0.000000
343.100000	0.537804	-1.148981	1.395693	0.000000	0.000000
343.110000	0.537811	-1.148973	1.395688	0.000000	0.000000
343.120000	0.537817	-1.148968	1.395684	0.000000	0.000000
343.130000	0.537823	-1.148963	1.395680	0.000000	0.000000
343.140000	0.537829	-1.148956	1.395676	0.000000	0.000000
343.150000	0.537833	-1.148948	1.395671	0.000000	0.000000
343.160000	0.537838	-1.148938	1.395667	0.000000	0.000000
343.170000	0.537841	-1.148929	1.395663	0.000000	0.000000
343.180000	0.537846	-1.148923	1.395660	0.000000	0.000000
343.190000	0.537851	-1.148919	1.395656	0.000000	0.000000
343.200000	0.537858	-1.148918	1.395653	0.000000	0.000000
343.210000	0.537865	-1.148920	1.395649	0.000000	0.000000
343.220000	0.537872	-1.148923	1.395646	0.000000	0.000000
343.230000	0.537880	-1.148925	1.395643	0.000000	0.000000
343.240000	0.537885	-1.148924	1.395640	0.000000	0.000000
343.250000	0.537891	-1.148920	1.395637	0.000000	0.000000
343.260000	0.537895	-1.148911	1.395635	0.000000	0.000000
343.270000	0.537898	-1.148899	1.395632	0.000000	0.000000
343.280000	0.537901	-1.148884	1.395630	0.000000	0.000000
343.290000	0.537903	-1.148870	1.395628	0.000000	0.000000
343.300000	0.537908	-1.148858	1.395626	0.000000	0.000000
343.310000	0.537912	-1.148846	1.395624	0.000000	0.000000
343.320000	0.537917	-1.148835	1.395622	0.000000	0.000000
343.330000	0.537920	-1.148820	1.395620	0.000000	0.000000
343.340000	0.537922	-1.148803	1.395618	0.000000	0.000000
343.350000	0.537923	-1.148783	1.395616	0.000000	0.000000
343.360000	0.537925	-1.148764	1.395615	0.000000	0.000000
343.370000	0.537926	-1.148748	1.395613	0.000000	0.000000
343.380000	0.537928	-1.148732	1.395611	0.000000	0.000000
343.390000	0.537930	-1.148716	1.395609	0.000000	0.000000
343.400000	0.537931	-1.148702	1.395608	0.000000	0.000000
343.410000	0.537934	-1.148691	1.395606	0.000000	0.000000
343.420000	0.537936	-1.148682	1.395605	0.000000	0.000000
343.430000	0.537939	-1.148675	1.395603	0.000000	0.000000
343.440000	0.537943	-1.148669	1.395601	0.000000	0.000000
343.450000	0.537946	-1.148664	1.395600	0.000000	0.000000
343.460000	0.537949	-1.148660	1.395599	0.000000	0.000000
343.470000	0.537952	-1.148656	1.395597	0.000000	0.000000
343.480000	0.537953	-1.148653	1.395596	0.000000	0.000000
343.490000	0.537954	-1.148648	1.395595	0.000000	0.000000
343.500000	0.537954	-1.148643	1.395593	0.000000	0.000000
343.510000	0.537954	-1.148637	1.395592	0.000000	0.000000
343.520000	0.537954	-1.148631	1.395591	0.000000	0.000000
343.530000	0.537954	-1.148626	1.395590	0.000000	0.000000
343.540000	0.537953	-1.148622	1.395589	0.000000	0.000000
343.550000	0.537953	-1.148619	1.395587	0.000000	0.000000
343.560000	0.537952	-1.148616	1.395586	0.000000	0.000000
343.570000	0.537952	-1.148614	1.395585	0.000000	0.000000
343.580000	0.537953	-1.148611	1.395584	0.000000	0.000000
343.590000	0.537954	-1.148607	1.395583	0.000000	0.000000
343.600000	0.537954	-1.148599	1.395582	0.000000	0.000000
343.610000	0.537953	-1.148586	1.395580	0.000000	0.000000
343.620000	0.537954	-1.148576	1.395579	0.000000	0.000000
343.630000	0.537957	-1.148570	1.395578	0.000000	0.000000
343.640000	0.537961	-1.148569	1.395577	0.000000	0.000000
343.650000	0.537966	-1.148569	1.395575	0.000000	0.000000
343.660000	0.537971	-1.148570	1.395574	0.000000	0.000000
343.670000	0.537976	-1.148572	1.395573	0.000000	0.000000
343.680000	0.537981	-1.148575	1.395571	0.000000	0.000000
343.690000	0.537986	-1.148578	1.395569	0.000000	0.000000
343.700000	0.537992	-1.148581	1.395567	0.000000	0.000000
343.710000	0.537998	-1.148583	1.395565	0.000000	0.000000
343.720000	0.538002	-1.148582	1.395563	0.000000	0.000000
343.730000	0.538005	-1.148575	1.395561	0.000000	0.000000
343.740000	0.538006	-1.148559	1.395559	0.000000	0.000000
343.750000	0.538006	-1.148537	1.395556	0.000000	0.000000
343.760000	0.538006	-1.148513	1.395554	0.000000	0.000000
343.770000	0.538006	-1.148489	1.395551	0.000000	0.000000
343.780000	0.538006	-1.148465	1.395548	0.000000	0.000000
343.790000	0.538006	-1.148441	1.395545	0.000000	0.000000
343.800000	0.538007	-1.148421	1.395542	0.000000	0.000000
343.810000	0.538009	-1.148407	1.395539	0.000000	0.000000
343.820000	0.538013	-1.148399	1.395536	0.000000	0.000000
343.830000	0.538018	-1.148396	1.395533	0.000000	0.000000
343.840000	0.538024	-1.148396	1.395529	0.000000	0.000000
343.850000	0.538029	-1.148394	1.395526	0.000000	0.000000
343.860000	0.538034	-1.148389	1.395522	0.000000	0.000000
343.870000	0.538037	-1.148381	1.395519	0.000000	0.000000
343.880000	0.538040	-1.148373	1.395515	0.000000	0.000000
343.890000	0.538044	-1.148366	1.395511	0.000000	0.000000
343.900000	0.538049	-1.148362	1.395507	0.000000	0.000000
343.910000	0.538055	-1.148359	1.395503	0.000000	0.000000
343.920000	0.538061	-1.148358	1.395499	0.000000	0.000000
343.930000	0.538068	-1.148358	1.395494	0.000000	0.000000
343.940000	0.538074	-1.148358	1.395490	0.000000	0.000000
343.950000	0.538079	-1.148358	1.395486	0.000000	0.000000
343.960000	0.538085	-1.148356	1.395481	0.000000	0.000000
343.970000	0.538089	-1.148353	1.395477	0.000000	0.000000
343.980000	0.538094	-1.148349	1.395472	0.000000	0.000000
343.990000	0.538098	-1.148343	1.395468	0.000000	0.000000
344.000000	0.538100	-1.148336	1.395463	0.000000	0.000000
344.010000	0.538103	-1.148329	1.395458	0.000000	0.000000
344.020000	0.538106	-1.148323	1.395453	0.000000	0.000000
344.030000	0.538109	-1.148317	1.395449	0.000000	0.000000
344.040000	0.538112	-1.148308	1.395444	0.000000	0.000000
344.050000	0.538115	-1.148301	1.395439	0.000000	0.000000
344.060000	0.538120	-1.148297	1.395434	0.000000	0.000000
344.070000	0.538126	-1.148296	1.395429	0.000000	0.000000
344.080000	0.538132	-1.148297	1.395424	0.000000	0.000000
344.090000	0.538138	-1.148298	1.395419	0.000000	0.000000
344.100000	0.538144	-1.148297	1.395414	0.000000	0.000000
344.110000	0.538150	-1.148297	1.395409	0.000000	0.000000
344.120000	0.538157	-1.148302	1.395404	0.000000	0.000000
344.130000	0.538165	-1.148309	1.395400	0.000000	0.000000
344.140000	0.538173	-1.148316	1.395395	0.000000	0.000000
344.150000	0.538179	-1.148319	1.395390	0.000000	0.000000
344.160000	0.538185	-1.148317	1.395385	0.000000	0.000000
344.170000	0.538189	-1.148311	1.395380	0.000000	0.000000
344.180000	0.538193	-1.148304	1.395376	0.000000	0.000000
344.190000	0.538199	-1.148300	1.395371	0.000000	0.000000
344.200000	0.538205	-1.148302	1.395366	0.000000	0.000000
344.210000	0.538213	-1.148306	1.395361	0.000000	0.000000
344.220000	0.538222	-1.148312	1.395357	0.000000	0.000000
344.230000	0.538229	-1.148316	1.395352	0.000000	0.000000
344.240000	0.538233	-1.148316	1.395347	0.000000	0.000000
344.250000	0.538235	-1.148312	1.395342	0.000000	0.000000
344.260000	0.538235	-1.148304	1.395338	0.000000	0.000000
344.270000	0.538234	-1.148293	1.395333	0.000000	0.000000
344.280000	0.538232	-1.148279	1.395328	0.000000	0.000000
344.290000	0.538230	-1.148267	1.395323	0.000000	0.000000
344.300000	0.538230	-1.148257	1.395318	0.000000	0.000000
344.310000	0.538231	-1.148251	1.395314	0.000000	0.000000
344.320000	0.538233	-1.148247	1.395309	0.000000	0.000000
344.330000	0.538236	-1.148244	1.395304	0.000000	0.000000
344.340000	0.538238	-1.148240	1.395299	0.000000	0.000000
344.350000	0.538240	-1.148237	1.395294	0.000000	0.000000
344.360000	0.538243	-1.148236	1.395290	0.000000	0.000000
344.370000	0.538247	-1.148235	1.395285	0.000000	0.000000
344.380000	0.538253	-1.148237	1.395280	0.000000	0.000000
344.390000	0.538260	-1.148241	1.395276	0.000000	0.000000
344.400000	0.538267	-1.148243	1.395272	0.000000	0.000000
344.410000	0.538273	-1.148241	1.395267	0.000000	0.000000
344.420000	0.538276	-1.148233	1.395263	0.000000	0.000000
344.430000	0.538276	-1.148222	1.395259	0.000000	0.000000
344.440000	0.538276	-1.148210	1.395255	0.000000	0.000000
344.450000	0.538276	-1.148198	1.395251	0.000000	0.000000
344.460000	0.538275	-1.148187	1.395248	0.000000	0.000000
344.470000	0.538275	-1.148177	1.395244	0.000000	0.000000
344.480000	0.538276	-1.148167	1.395240	0.000000	0.000000
344.490000	0.538278	-1.148159	1.395236	0.000000	0.000000
344.500000	0.538279	-1.148152	1.395232	0.000000	0.000000
344.510000	0.538282	-1.148148	1.395228	0.000000	0.000000
344.520000	0.538286	-1.148148	1.395224	0.000000	0.000000
344.530000	0.538290	-1.148149	1.395220	0.000000	0.000000
344.540000	0.538295	-1.148152	1.395216	0.000000	0.000000
344.550000	0.538299	-1.148154	1.395212	0.000000	0.000000
344.560000	0.538304	-1.148154	1.395207	0.000000	0.000000
344.570000	0.538307	-1.148154	1.395203	0.000000	0.000000
344.580000	0.538310	-1.148153	1.395198	0.000000	0.000000
344.590000	0.538311	-1.148146	1.395193	0.000000	0.000000
344.600000	0.538310	-1.148133	1.395189	0.000000	0.000000
344.610000	0.538307	-1.148116	1.395184	0.000000	0.000000
344.620000	0.538306	-1.148103	1.395179	0.000000	0.000000
344.630000	0.538307	-1.148097	1.395174	0.000000	0.000000
344.640000	0.538309	-1.148097	1.395170	0.000000	0.000000
344.650000	0.538312	-1.148099	1.395165	0.000000	0.000000
344.660000	0.538315	-1.148101	1.395161	0.000000	0.000000
344.670000	0.538318	-1.148102	1.395156	0.000000	0.000000
344.680000	0.538320	-1.148103	1.395152	0.000000	0.000000
344.690000	0.538323	-1.148104	1.395148	0.000000	0.000000
344.700000	0.538325	-1.148105	1.395144	0.000000	0.000000
344.710000	0.538325	-1.148104	1.395141	0.000000	0.000000
344.720000	0.538325	-1.148103	1.395137	0.000000	0.000000
344.730000	0.538327	-1.148103	1.395133	0.000000	0.000000
344.740000	0.538330	-1.148106	1.395130	0.000000	0.000000
344.750000	0.538334	-1.148111	1.395126	0.000000	0.000000
344.760000	0.538339	-1.148116	1.395122	0.000000	0.000000
344.770000	0.538343	-1.148119	1.395119	0.000000	0.000000
344.780000	0.538347	-1.148115	1.395115	0.000000	0.000000
344.790000	0.538347	-1.148102	1.395111	0.000000	0.000000
344.800000	0.538345	-1.148080	1.395107	0.000000	0.000000
344.810000	0.538343	-1.148058	1.395103	0.000000	0.000000
344.820000	0.538345	-1.148048	1.395100	0.000000	0.000000
344.830000	0.538350	-1.148049	1.395096	0.000000	0.000000
344.840000	0.538356	-1.148056	1.395092	0.000000	0.000000
344.850000	0.538362	-1.148063	1.395088	0.000000	0.000000
344.860000	0.538366	-1.148068	1.395084	0.000000	0.000000
344.870000	0.538370	-1.148071	1.395080	0.000000	0.000000
344.880000	0.538374	-1.148075	1.395076	0.000000	0.000000
344.890000	0.538378	-1.148080	1.395072	0.000000	0.000000
344.900000	0.538382	-1.148087	1.395068	0.000000	0.000000
344.910000	0.538386	-1.148095	1.395064	0.000000	0.000000
344.920000	0.538390	-1.148103	1.395059	0.000000	0.000000
344.930000	0.538394	-1.148110	1.395055	0.000000	0.000000
344.940000	0.538396	-1.148115	1.395051	0.000000	0.000000
344.950000	0.538398	-1.148117	1.395047	0.000000	0.000000
344.960000	0.538399	-1.148115	1.395043	0.000000	0.000000
344.970000	0.538400	-1.148111	1.395039	0.000000	0.000000
344.980000	0.538403	-1.148108	1.395034	0.000000	0.000000
344.990000	0.538406	-1.148110	1.395030	0.000000	0.000000
345.000000	0.538412	-1.148117	1.395026	0.000000	0.000000
345.010000	0.538419	-1.148128	1.395021	0.000000	0.000000
345.020000	0.538427	-1.148141	1.395017	0.000000	0.000000
345.030000	0.538434	-1.148154	1.395012	0.000000	0.000000
345.040000	0.538440	-1.148165	1.395008	0.000000	0.000000
345.050000	0.538445	-1.148173	1.395003	0.000000	0.000000
345.060000	0.538449	-1.148178	1.394999	0.000000	0.000000
345.070000	0.538454	-1.148183	1.394994	0.000000	0.000000
345.080000	0.538457	-1.148189	1.394989	0.000000	0.000000
345.090000	0.538461	-1.148194	1.394985	0.000000	0.000000
345.100000	0.538466	-1.148199	1.394980	0.000000	0.000000
345.110000	0.538471	-1.148204	1.394976	0.000000	0.000000
345.120000	0.538477	-1.148211	1.394971	0.000000	0.000000
345.130000	0.538482	-1.148218	1.394967	0.000000	0.000000
345.140000	0.538486	-1.148226	1.394962	0.000000	0.000000
345.150000	0.538492	-1.148234	1.394958	0.000000	0.000000
345.160000	0.538496	-1.148241	1.394953	0.000000	0.000000
345.170000	0.538500	-1.148245	1.394949	0.000000	0.000000
345.180000	0.538504	-1.148248	1.394945	0.000000	0.000000
345.190000	0.538508	-1.148249	1.394940	0.000000	0.000000
345.200000	0.538512	-1.148249	1.394936	0.000000	0.000000
345.210000	0.538517	-1.148248	1.394932	0.000000	0.000000
345.220000	0.538521	-1.148247	1.394927	0.000000	0.000000
345.230000	0.538525	-1.148245	1.394923	0.000000	0.000000
345.240000	0.538529	-1.148243	1.394919	0.000000	0.000000
345.250000	0.538533	-1.148241	1.394915	0.000000	0.000000
345.260000	0.538538	-1.148240	1.394911	0.000000	0.000000
345.270000	0.538542	-1.148240	1.394907	0.000000	0.000000
345.280000	0.538547	-1.148239	1.394903	0.000000	0.000000
345.290000	0.538552	-1.148237	1.394899	0.000000	0.000000
345.300000	0.538557	-1.148234	1.394896	0.000000	0.000000
345.310000	0.538562	-1.148232	1.394892	0.000000	0.000000
345.320000	0.538568	-1.148228	1.394889	0.000000	0.000000
345.330000	0.538573	-1.148224	1.394885	0.000000	0.000000
345.340000	0.538577	-1.148220	1.394882	0.000000	0.000000
345.350000	0.538582	-1.148214	1.394878	0.000000	0.000000
345.360000	0.538586	-1.148207	1.394875	0.000000	0.000000
345.370000	0.538591	-1.148201	1.394871	0.000000	0.000000
345.380000	0.538594	-1.148196	1.394868	0.000000	0.000000
345.390000	0.538598	-1.148196	1.394864	0.000000	0.000000
345.400000	0.538604	-1.148200	1.394861	0.000000	0.000000
345.410000	0.538611	-1.148206	1.394857	0.000000	0.000000
345.420000	0.538617	-1.148214	1.394854	0.000000	0.000000
345.430000	0.538622	-1.148220	1.394850	0.000000	0.000000
345.440000	0.538626	-1.148225	1.394846	0.000000	0.000000
345.450000	0.538628	-1.148228	1.394842	0.000000	0.000000
345.460000	0.538629	-1.148228	1.394838	0.000000	0.000000
345.470000	0.538630	-1.148227	1.394834	0.000000	0.000000
345.480000	0.538631	-1.148228	1.394830	0.000000	0.000000
345.490000	0.538635	-1.148230	1.394826	0.000000	0.000000
345.500000	0.538637	-1.148234	1.394823	0.000000	0.000000
345.510000	0.538640	-1.148238	1.394819	0.000000	0.000000
345.520000	0.538642	-1.148241	1.394815	0.000000	0.000000
345.530000	0.538645	-1.148246	1.394811	0.000000	0.000000
345.540000	0.538648	-1.148255	1.394808	0.000000	0.000000
345.550000	0.538651	-1.148266	1.394804	0.000000	0.000000
345.560000	0.538653	-1.148276	1.394801	0.000000	0.000000
345.570000	0.538654	-1.148287	1.394797	0.000000	0.000000
345.580000	0.538656	-1.148296	1.394794	0.000000	0.000000
345.590000	0.538657	-1.148306	1.394791	0.000000	0.000000
345.600000	0.538660	-1.148315	1.394788	0.000000	0.000000
345.610000	0.538662	-1.148325	1.394786	0.000000	0.000000
345.620000	0.538665	-1.148334	1.394783	0.000000	0.000000
345.630000	0.538666	-1.148341	1.394781	0.000000	0.000000
345.640000	0.538668	-1.148347	1.394778	0.000000	0.000000
345.650000	0.538670	-1.148352	1.394776	0.000000	0.000000
345.660000	0.538671	-1.148355	1.394774	0.000000	0.000000
345.670000	0.538672	-1.148356	1.394772	0.000000	0.000000
345.680000	0.538673	-1.148355	1.394771	0.000000	0.000000
345.690000	0.538672	-1.148352	1.394769	0.000000	0.000000
345.700000	0.538671	-1.148348	1.394767	0.000000	0.000000
345.710000	0.538670	-1.148346	1.394766	0.000000	0.000000
345.720000	0.538670	-1.148346	1.394765	0.000000	0.000000
345.730000	0.538671	-1.148348	1.394764	0.000000	0.000000
345.740000	0.538671	-1.148352	1.394763	0.000000	0.000000
345.750000	0.538672	-1.148358	1.394762	0.000000	0.000000
345.760000	0.538674	-1.148366	1.394761	0.000000	0.000000
345.770000	0.538677	-1.148375	1.394760	0.000000	0.000000
345.780000	0.538680	-1.148383	1.394759	0.000000	0.000000
345.790000	0.538683	-1.148391	1.394758	0.000000	0.000000
345.800000	0.538684	-1.148395	1.394757	0.000000	0.000000
345.810000	0.538685	-1.148396	1.394756	0.000000	0.000000
345.820000	0.538684	-1.148392	1.394755	0.000000	0.000000
345.830000	0.538683	-1.148386	1.394754	0.000000	0.000000
345.840000	0.538682	-1.148379	1.394754	0.000000	0.000000
345.850000	0.538681	-1.148375	1.394753	0.000000	0.000000
345.860000	0.538680	-1.148375	1.394752	0.000000	0.000000
345.870000	0.538681	-1.148378	1.394751	0.000000	0.000000
345.880000	0.538682	-1.148383	1.394750	0.000000	0.000000
345.890000	0.538682	-1.148388	1.394749	0.000000	0.000000
345.900000	0.538682	-1.148392	1.394748	0.000000	0.000000
345.910000	0.538681	-1.148395	1.394747	0.000000	0.000000
345.920000	0.538680	-1.148396	1.394747	0.000000	0.000000
345.930000	0.538679	-1.148398	1.394746	0.000000	0.000000
345.940000	0.538678	-1.148399	1.394745	0.000000	0.000000
345.950000	0.538678	-1.148402	1.394743	0.000000	0.000000
345.960000	0.538678	-1.148405	1.394742	0.000000	0.000000
345.970000	0.538678	-1.148408	1.394741	0.000000	0.000000
345.980000	0.538678	-1.148411	1.394740	0.000000	0.000000
345.990000	0.538677	-1.148413	1.394739	0.000000	0.000000
346.000000	0.538676	-1.148415	1.394737	0.000000	0.000000
346.010000	0.538675	-1.148416	1.394735	0.000000	0.000000
346.020000	0.538674	-1.148417	1.394734	0.000000	0.000000
346.030000	0.538674	-1.148416	1.394732	0.000000	0.000000
346.040000	0.538673	-1.148415	1.394730	0.000000	0.000000
346.050000	0.538672	-1.148414	1.394727	0.000000	0.000000
346.060000	0.538671	-1.148416	1.394725	0.000000	0.000000
346.070000	0.538672	-1.148421	1.394723	0.000000	0.000000
346.080000	0.538675	-1.148430	1.394720	0.000000	0.000000
346.090000	0.538679	-1.148442	1.394717	0.000000	0.000000
346.100000	0.538683	-1.148455	1.394714	0.000000	0.000000
346.110000	0.538685	-1.148464	1.394711	0.000000	0.000000
346.120000	0.538686	-1.148468	1.394708	0.000000	0.000000
346.130000	0.538685	-1.148471	1.394704	0.000000	0.000000
346.140000	0.538686	-1.148477	1.394701	0.000000	0.000000
346.150000	0.538689	-1.148487	1.394697	0.000000	0.000000
346.160000	0.538692	-1.148500	1.394694	0.000000	0.000000
346.170000	0.538697	-1.148515	1.394690	0.000000	0.000000
346.180000	0.538700	-1.148529	1.394686	0.000000	0.000000
346.190000	0.538704	-1.148544	1.394683	0.000000	0.000000
346.200000	0.538708	-1.148558	1.394679	0.000000	0.000000
346.210000	0.538712	-1.148572	1.394676	0.000000	0.000000
346.220000	0.538715	-1.148586	1.394673	0.000000	0.000000
346.230000	0.538719	-1.148601	1.394669	0.000000	0.000000
346.240000	0.538724	-1.148618	1.394666	0.000000	0.000000
346.250000	0.538729	-1.148635	1.394663	0.000000	0.000000
346.260000	0.538734	-1.148653	1.394660	0.000000	0.000000
346.270000	0.538740	-1.148671	1.394657	0.000000	0.000000
346.280000	0.538745	-1.148688	1.394654	0.000000	0.000000
346.290000	0.538749	-1.148703	1.394652	0.000000	0.000000
346.300000	0.538753	-1.148718	1.394649	0.000000	0.000000
346.310000	0.538757	-1.148730	1.394647	0.000000	0.000000
346.320000	0.538759	-1.148740	1.394644	0.000000	0.000000
346.330000	0.538761	-1.148748	1.394642	0.000000	0.000000
346.340000	0.538761	-1.148752	1.394640	0.000000	0.000000
346.350000	0.538761	-1.148755	1.394637	0.000000	0.000000
346.360000	0.538762	-1.148759	1.394635	0.000000	0.000000
346.370000	0.538762	-1.148764	1.394633	0.000000	0.000000
346.380000	0.538762	-1.148770	1.394631	0.000000	0.000000
346.390000	0.538763	-1.148776	1.394629	0.000000	0.000000
346.400000	0.538764	-1.148782	1.394628	0.000000	0.000000
346.410000	0.538765	-1.148788	1.394626	0.000000	0.000000
346.420000	0.538766	-1.148793	1.394624	0.000000	0.000000
346.430000	0.538767	-1.148797	1.394623	0.000000	0.000000
346.440000	0.538767	-1.148802	1.394621	0.000000	0.000000
346.450000	0.538766	-1.148804	1.394620	0.000000	0.000000
346.460000	0.538765	-1.148804	1.394619	0.000000	0.000000
346.470000	0.538762	-1.148800	1.394617	0.000000	0.000000
346.480000	0.538759	-1.148793	1.394616	0.000000	0.000000
346.490000	0.538755	-1.148783	1.394615	0.000000	0.000000
346.500000	0.538750	-1.148771	1.394614	0.000000	0.000000
346.510000	0.538746	-1.148759	1.394613	0.000000	0.000000
346.520000	0.538742	-1.148749	1.394612	0.000000	0.000000
346.530000	0.538739	-1.148742	1.394611	0.000000	0.000000
346.540000	0.538736	-1.148738	1.394610	0.000000	0.000000
346.550000	0.538736	-1.148736	1.394609	0.000000	0.000000
346.560000	0.538736	-1.148737	1.394609	0.000000	0.000000
346.570000	0.538737	-1.148739	1.394608	0.000000	0.000000
346.580000	0.538739	-1.148741	1.394607	0.000000	0.000000
346.590000	0.538739	-1.148742	1.394606	0.000000	0.000000
346.600000	0.538739	-1.148741	1.394605	0.000000	0.000000
346.610000	0.538738	-1.148736	1.394604	0.000000	0.000000
346.620000	0.538735	-1.148728	1.394603	0.000000	0.000000
346.630000	0.538733	-1.148718	1.394602	0.000000	0.000000
346.640000	0.538732	-1.148708	1.394601	0.000000	0.000000
346.650000	0.538732	-1.148701	1.394600	0.000000	0.000000
346.660000	0.538734	-1.148697	1.394599	0.000000	0.000000
346.670000	0.538736	-1.148693	1.394597	0.000000	0.000000
346.680000	0.538737	-1.148687	1.394596	0.000000	0.000000
346.690000	0.538736	-1.148678	1.394594	0.000000	0.000000
346.700000	0.538733	-1.148664	1.394593	0.000000	0.000000
346.710000	0.538731	-1.148648	1.394591	0.000000	0.000000
346.720000	0.538727	-1.148633	1.394590	0.000000	0.000000
346.730000	0.538726	-1.148622	1.394588	0.000000	0.000000
346.740000	0.538726	-1.148616	1.394587	0.000000	0.000000
346.750000	0.538726	-1.148613	1.394585	0.000000	0.000000
346.760000	0.538727	-1.148612	1.394584	0.000000	0.000000
346.770000	0.538729	-1.148614	1.394583	0.000000	0.000000
346.780000	0.538731	-1.148615	1.394582	0.000000	0.000000
346.790000	0.538733	-1.148614	1.394581	0.000000	0.000000
346.800000	0.538734	-1.148611	1.394579	0.000000	0.000000
346.810000	0.538734	-1.148603	1.394578	0.000000	0.000000
346.820000	0.538734	-1.148591	1.394577	0.000000	0.000000
346.830000	0.538732	-1.148576	1.394577	0.000000	0.000000
346.840000	0.538730	-1.148557	1.394576	0.000000	0.000000
346.850000	0.538727	-1.148537	1.394575	0.000000	0.000000
346.860000	0.538723	-1.148518	1.394574	0.000000	0.000000
346.870000	0.538721	-1.148502	1.394573	0.000000	0.000000
346.880000	0.538719	-1.148488	1.394572	0.000000	0.000000
346.890000	0.538717	-1.148475	1.394572	0.000000	0.000000
346.900000	0.538717	-1.148464	1.394571	0.000000	0.000000
346.910000	0.538716	-1.148453	1.394570	0.000000	0.000000
346.920000	0.538716	-1.148445	1.394569	0.000000	0.000000
346.930000	0.538717	-1.148438	1.394568	0.000000	0.000000
346.940000	0.538718	-1.148433	1.394566	0.000000	0.000000
346.950000	0.538720	-1.148431	1.394565	0.000000	0.000000
346.960000	0.538722	-1.148429	1.394564	0.000000	0.000000
346.970000	0.538724	-1.148428	1.394562	0.000000	0.000000
346.980000	0.538725	-1.148423	1.394560	0.000000	0.000000
346.990000	0.538724	-1.148415	1.394558	0.000000	0.000000
347.000000	0.538724	-1.148406	1.394556	0.000000	0.000000
347.010000	0.538726	-1.148406	1.394554	0.000000	0.000000
347.020000	0.538730	-1.148414	1.394551	0.000000	0.000000
347.030000	0.538736	-1.148427	1.394549	0.000000	0.000000
347.040000	0.538742	-1.148440	1.394546	0.000000	0.000000
347.050000	0.538747	-1.148451	1.394543	0.000000	0.000000
347.060000	0.538751	-1.148458	1.394541	0.000000	0.000000
347.070000	0.538754	-1.148462	1.394538	0.000000	0.000000
347.080000	0.538758	-1.148465	1.394536	0.000000	0.000000
347.090000	0.538762	-1.148466	1.394533	0.000000	0.000000
347.100000	0.538766	-1.148467	1.394531	0.000000	0.000000
347.110000	0.538769	-1.148466	1.394528	0.000000	0.000000
347.120000	0.538771	-1.148461	1.394526	0.000000	0.000000
347.130000	0.538774	-1.148452	1.394524	0.000000	0.000000
347.140000	0.538775	-1.148438	1.394522	0.000000	0.000000
347.150000	0.538775	-1.148419	1.394520	0.000000	0.000000
347.160000	0.538773	-1.148397	1.394518	0.000000	0.000000
347.170000	0.538770	-1.148375	1.394516	0.000000	0.000000
347.180000	0.538768	-1.148354	1.394514	0.000000	0.000000
347.190000	0.538768	-1.148335	1.394512	0.000000	0.000000
347.200000	0.538766	-1.148320	1.394510	0.000000	0.000000
347.210000	0.538765	-1.148310	1.394507	0.000000	0.000000
347.220000	0.538767	-1.148303	1.394505	0.000000	0.000000
347.230000	0.538769	-1.148300	1.394503	0.000000	0.000000
347.240000	0.538772	-1.148297	1.394500	0.000000	0.000000
347.250000	0.538774	-1.148292	1.394497	0.000000	0.000000
347.260000	0.538776	-1.148283	1.394495	0.000000	0.000000
347.270000	0.538777	-1.148270	1.394492	0.000000	0.000000
347.280000	0.538778	-1.148258	1.394489	0.000000	0.000000
347.290000	0.538780	-1.148248	1.394486	0.000000	0.000000
347.300000	0.538782	-1.148241	1.394483	0.000000	0.000000
347.310000	0.538786	-1.148237	1.394480	0.000000	0.000000
347.320000	0.538790	-1.148235	1.394477	0.000000	0.000000
347.330000	0.538796	-1.148236	1.394474	0.000000	0.000000
347.340000	0.538802	-1.148240	1.394471	0.000000	0.000000
347.350000	0.538807	-1.148246	1.394469	0.000000	0.000000
347.360000	0.538812	-1.148251	1.394466	0.000000	0.000000
347.370000	0.538817	-1.148254	1.394463	0.000000	0.000000
347.380000	0.538819	-1.148255	1.394460	0.000000	0.000000
347.390000	0.538822	-1.148253	1.394457	0.000000	0.000000
347.400000	0.538824	-1.148248	1.394455	0.000000	0.000000
347.410000	0.538827	-1.148242	1.394452	0.000000	0.000000
347.420000	0.538828	-1.148235	1.394450	0.000000	0.000000
347.430000	0.538830	-1.148226	1.394447	0.000000	0.000000
347.440000	0.538833	-1.148218	1.394445	0.000000	0.000000
347.450000	0.538836	-1.148212	1.394443	0.000000	0.000000
347.460000	0.538839	-1.148209	1.394440	0.000000	0.000000
347.470000	0.538843	-1.148210	1.394438	0.000000	0.000000
347.480000	0.538847	-1.148213	1.394436	0.000000	0.000000
347.490000	0.538850	-1.148214	1.394434	0.000000	0.000000
347.500000	0.538852	-1.148214	1.394432	0.000000	0.000000
347.510000	0.538852	-1.148210	1.394430	0.000000	0.000000
347.520000	0.538852	-1.148204	1.394428	0.000000	0.000000
347.530000	0.538852	-1.148198	1.394426	0.000000	0.000000
347.540000	0.538853	-1.148193	1.394424	0.000000	0.000000
347.550000	0.538855	-1.148191	1.394422	0.000000	0.000000
347.560000	0.538857	-1.148188	1.394420	0.000000	0.000000
347.570000	0.538859	-1.148185	1.394418	0.000000	0.000000
347.580000	0.538860	-1.148177	1.394417	0.000000	0.000000
347.590000	0.538858	-1.148165	1.394415	0.000000	0.000000
347.600000	0.538856	-1.148149	1.394414	0.000000	0.000000
347.610000	0.538855	-1.148133	1.394412	0.000000	0.000000
347.620000	0.538856	-1.148123	1.394411	0.000000	0.000000
347.630000	0.538859	-1.148120	1.394410	0.000000	0.000000
347.640000	0.538864	-1.148122	1.394408	0.000000	0.000000
347.650000	0.538867	-1.148126	1.394407	0.000000	0.000000
347.660000	0.538870	-1.148130	1.394406	0.000000	0.000000
347.670000	0.538870	-1.148132	1.394405	0.000000	0.000000
347.680000	0.538870	-1.148130	1.394405	0.000000	0.000000
347.690000	0.538869	-1.148125	1.394404	0.000000	0.000000
347.700000	0.538868	-1.148118	1.394403	0.000000	0.000000
347.710000	0.538866	-1.148110	1.394402	0.000000	0.000000
347.720000	0.538864	-1.148102	1.394402	0.000000	0.000000
347.730000	0.538862	-1.148095	1.394401	0.000000	0.000000
347.740000	0.538862	-1.148091	1.394400	0.000000	0.000000
347.750000	0.538862	-1.148089	1.394400	0.000000	0.000000
347.760000	0.538863	-1.148090	1.394399	0.000000	0.000000
347.770000	0.538864	-1.148093	1.394398	0.000000	0.000000
347.780000	0.538865	-1.148098	1.394398	0.000000	0.000000
347.790000	0.538866	-1.148104	1.394397	0.000000	0.000000
347.800000	0.538868	-1.148110	1.394396	0.000000	0.000000
347.810000	0.538870	-1.148117	1.394395	0.000000	0.000000
347.820000	0.538871	-1.148124	1.394394	0.000000	0.000000
347.830000	0.538873	-1.148131	1.394393	0.000000	0.000000
347.840000	0.538875	-1.148138	1.394392	0.000000	0.000000
347.850000	0.538877	-1.148144	1.394391	0.000000	0.000000
347.860000	0.538879	-1.148150	1.394389	0.000000	0.000000
347.870000	0.538881	-1.148156	1.394388	0.000000	0.000000
347.880000	0.538883	-1.148163	1.394386	0.000000	0.000000
347.890000	0.538885	-1.148170	1.394384	0.000000	0.000000
347.900000	0.538886	-1.148177	1.394382	0.000000	0.000000
347.910000	0.538888	-1.148184	1.394380	0.000000	0.000000
347.920000	0.538889	-1.148190	1.394378	0.000000	0.000000
347.930000	0.538890	-1.148194	1.394376	0.000000	0.000000
347.940000	0.538891	-1.148196	1.394375	0.000000	0.000000
347.950000	0.538892	-1.148197	1.394373	0.000000	0.000000
347.960000	0.538894	-1.148201	1.394371	0.000000	0.000000
347.970000	0.538901	-1.148209	1.394369	0.000000	0.000000
347.980000	0.538907	-1.148221	1.394368	0.000000	0.000000
347.990000	0.538911	-1.148233	1.394366	0.000000	0.000000
348.000000	0.538915	-1.148243	1.394365	0.000000	0.000000
348.010000	0.538916	-1.148249	1.394364	0.000000	0.000000
348.020000	0.538917	-1.148253	1.394363	0.000000	0.000000
348.030000	0.538917	-1.148253	1.394362	0.000000	0.000000
348.040000	0.538916	-1.148251	1.394361	0.000000	0.000000
348.050000	0.538915	-1.148246	1.394360	0.000000	0.000000
348.060000	0.538913	-1.148239	1.394360	0.000000	0.000000
348.070000	0.538911	-1.148229	1.394359	0.000000	0.000000
348.080000	0.538909	-1.148218	1.394358	0.000000	0.000000
348.090000	0.538906	-1.148207	1.394357	0.000000	0.000000
348.100000	0.538905	-1.148197	1.394357	0.000000	0.000000
348.110000	0.538906	-1.148188	1.394356	0.000000	0.000000
348.120000	0.538907	-1.148181	1.394355	0.000000	0.000000
348.130000	0.538910	-1.148175	1.394355	0.000000	0.000000
348.140000	0.538912	-1.148168	1.394354	0.000000	0.000000
348.150000	0.538913	-1.148160	1.394353	0.000000	0.000000
348.160000	0.538915	-1.148152	1.394352	0.000000	0.000000
348.170000	0.538916	-1.148145	1.394351	0.000000	0.000000
348.180000	0.538919	-1.148142	1.394349	0.000000	0.000000
348.190000	0.538922	-1.148141	1.394348	0.000000	0.000000
348.200000	0.538926	-1.148141	1.394346	0.000000	0.000000
348.210000	0.538930	-1.148142	1.394344	0.000000	0.000000
348.220000	0.538933	-1.148143	1.394342	0.000000	0.000000
348.230000	0.538937	-1.148143	1.394340	0.000000	0.000000
348.240000	0.538939	-1.148143	1.394338	0.000000	0.000000
348.250000	0.538942	-1.148142	1.394336	0.000000	0.000000
348.260000	0.538945	-1.148142	1.394333	0.000000	0.000000
348.270000	0.538947	-1.148140	1.394331	0.000000	0.000000
348.280000	0.538949	-1.148136	1.394329	0.000000	0.000000
348.290000	0.538950	-1.148126	1.394326	0.000000	0.000000
348.300000	0.538948	-1.148112	1.394324	0.000000	0.000000
348.310000	0.538947	-1.148099	1.394321	0.000000	0.000000
348.320000	0.538947	-1.148093	1.394319	0.000000	0.000000
348.330000	0.538950	-1.148094	1.394316	0.000000	0.000000
348.340000	0.538956	-1.148101	1.394314	0.000000	0.000000
348.350000	0.538962	-1.148110	1.394312	0.000000	0.000000
348.360000	0.538968	-1.148120	1.394310	0.000000	0.000000
348.370000	0.538975	-1.148130	1.394309	0.000000	0.000000
348.380000	0.538981	-1.148138	1.394307	0.000000	0.000000
348.390000	0.538987	-1.148146	1.394305	0.000000	0.000000
348.400000	0.538991	-1.148151	1.394304	0.000000	0.000000
348.410000	0.538993	-1.148155	1.394303	0.000000	0.000000
348.420000	0.538994	-1.148157	1.394302	0.000000	0.000000
348.430000	0.538995	-1.148157	1.394301	0.000000	0.000000
348.440000	0.538994	-1.148153	1.394300	0.000000	0.000000
348.450000	0.538992	-1.148145	1.394299	0.000000	0.000000
348.460000	0.538989	-1.148135	1.394298	0.000000	0.000000
348.470000	0.538987	-1.148127	1.394297	0.000000	0.000000
348.480000	0.538986	-1.148123	1.394297	0.000000	0.000000
348.490000	0.538987	-1.148123	1.394296	0.000000	0.000000
348.500000	0.538988	-1.148125	1.394295	0.000000	0.000000
348.510000	0.538990	-1.148128	1.394295	0.000000	0.000000
348.520000	0.538992	-1.148132	1.394294	0.000000	0.000000
348.530000	0.538994	-1.148135	1.394294	0.000000	0.000000
348.540000	0.538995	-1.148136	1.394293	0.000000	0.000000
348.550000	0.538997	-1.148134	1.394292	0.000000	0.000000
348.560000	0.538997	-1.148129	1.394291	0.000000	0.000000
348.570000	0.538996	-1.148122	1.394291	0.000000	0.000000
348.580000	0.538996	-1.148115	1.394290	0.000000	0.000000
348.590000	0.538996	-1.148110	1.394289	0.000000	0.000000
348.600000	0.538997	-1.148107	1.394288	0.000000	0.000000
348.610000	0.538999	-1.148108	1.394287	0.000000	0.000000
348.620000	0.539002	-1.148113	1.394286	0.000000	0.000000
348.630000	0.539005	-1.148123	1.394285	0.000000	0.000000
348.640000	0.539009	-1.148134	1.394284	0.000000	0.000000
348.650000	0.539013	-1.148145	1.394283	0.000000	0.000000
348.660000	0.539016	-1.148154	1.394282	0.000000	0.000000
348.670000	0.539018	-1.148158	1.394281	0.000000	0.000000
348.680000	0.539019	-1.148157	1.394279	0.000000	0.000000
348.690000	0.539018	-1.148154	1.394278	0.000000	0.000000
348.700000	0.539017	-1.148150	1.394277	0.000000	0.000000
348.710000	0.539016	-1.148147	1.394275	0.000000	0.000000
348.720000	0.539015	-1.148146	1.394274	0.000000	0.000000
348.730000	0.539013	-1.148148	1.394273	0.000000	0.000000
348.740000	0.539014	-1.148153	1.394271	0.000000	0.000000
348.750000	0.539015	-1.148161	1.394270	0.000000	0.000000
348.760000	0.539016	-1.148170	1.394269	0.000000	0.000000
348.770000	0.539018	-1.148181	1.394268	0.000000	0.000000
348.780000	0.539020	-1.148191	1.394267	0.000000	0.000000
348.790000	0.539022	-1.148200	1.394266	0.000000	0.000000
348.800000	0.539024	-1.148208	1.394265	0.000000	0.000000
348.810000	0.539026	-1.148213	1.394263	0.000000	0.000000
348.820000	0.539026	-1.148213	1.394262	0.000000	0.000000
348.830000	0.539026	-1.148210	1.394261	0.000000	0.000000
348.840000	0.539024	-1.148202	1.394261	0.000000	0.000000
348.850000	0.539021	-1.148191	1.394260	0.000000	0.000000
348.860000	0.539018	-1.148180	1.394259	0.000000	0.000000
348.870000	0.539015	-1.148168	1.394258	0.000000	0.000000
348.880000	0.539013	-1.148157	1.394257	0.000000	0.000000
348.890000	0.539011	-1.148147	1.394257	0.000000	0.000000
348.900000	0.539011	-1.148140	1.394256	0.000000	0.000000
348.910000	0.539012	-1.148136	1.394256	0.000000	0.000000
348.920000	0.539015	-1.148134	1.394255	0.000000	0.000000
348.930000	0.539018	-1.148135	1.394255	0.000000	0.000000
348.940000	0.539020	-1.148136	1.394255	0.000000	0.000000
348.950000	0.539024	-1.148138	1.394254	0.000000	0.000000
348.960000	0.539026	-1.148139	1.394254	0.000000	0.000000
348.970000	0.539029	-1.148139	1.394254	0.000000	0.000000
348.980000	0.539032	-1.148137	1.394254	0.000000	0.000000
348.990000	0.539034	-1.148131	1.394254	0.000000	0.000000
349.000000	0.539035	-1.148119	1.394253	0.000000	0.000000
349.010000	0.539034	-1.148101	1.394253	0.000000	0.000000
349.020000	0.539032	-1.148078	1.394253	0.000000	0.000000
349.030000	0.539030	-1.148058	1.394253	0.000000	0.000000
349.040000	0.539029	-1.148045	1.394253	0.000000	0.000000
349.050000	0.539032	-1.148039	1.394253	0.000000	0.000000
349.060000	0.539035	-1.148036	1.394253	0.000000	0.000000
349.070000	0.539039	-1.148033	1.394252	0.000000	0.000000
349.080000	0.539042	-1.148025	1.394252	0.000000	0.000000
349.090000	0.539041	-1.148011	1.394252	0.000000	0.000000
349.100000	0.539040	-1.147995	1.394252	0.000000	0.000000
349.110000	0.539039	-1.147983	1.394252	0.000000	0.000000
349.120000	0.539040	-1.147978	1.394252	0.000000	0.000000
349.130000	0.539041	-1.147977	1.394252	0.000000	0.000000
349.140000	0.539043	-1.147978	1.394252	0.000000	0.000000
349.150000	0.539045	-1.147980	1.394251	0.000000	0.000000
349.160000	0.539048	-1.147984	1.394251	0.000000	0.000000
349.170000	0.539049	-1.147988	1.394251	0.000000	0.000000
349.180000	0.539050	-1.147993	1.394251	0.000000	0.000000
349.190000	0.539050	-1.147998	1.394251	0.000000	0.000000
349.200000	0.539051	-1.148001	1.394251	0.000000	0.000000
349.210000	0.539051	-1.148002	1.394251	0.000000	0.000000
349.220000	0.539050	-1.148000	1.394251	0.000000	0.000000
349.230000	0.539048	-1.147997	1.394251	0.000000	0.000000
349.240000	0.539045	-1.147991	1.394251	0.000000	0.000000
349.250000	0.539043	-1.147983	1.394251	0.000000	0.000000
349.260000	0.539040	-1.147975	1.394251	0.000000	0.000000
349.270000	0.539037	-1.147965	1.394251	0.000000	0.000000
349.280000	0.539036	-1.147956	1.394252	0.000000	0.000000
349.290000	0.539034	-1.147947	1.394252	0.000000	0.000000
349.300000	0.539035	-1.147939	1.394252	0.000000	0.000000
349.310000	0.539035	-1.147933	1.394252	0.000000	0.000000
349.320000	0.539036	-1.147928	1.394252	0.000000	0.000000
349.330000	0.539037	-1.147924	1.394252	0.000000	0.000000
349.340000	0.539039	-1.147920	1.394252	0.000000	0.000000
349.350000	0.539040	-1.147914	1.394252	0.000000	0.000000
349.360000	0.539042	-1.147906	1.394252	0.000000	0.000000
349.370000	0.539045	-1.147897	1.394251	0.000000	0.000000
349.380000	0.539048	-1.147891	1.394251	0.000000	0.000000
349.390000	0.539051	-1.147890	1.394251	0.000000	0.000000
349.400000	0.539057	-1.147891	1.394251	0.000000	0.000000
349.410000	0.539062	-1.147894	1.394250	0.000000	0.000000
349.420000	0.539067	-1.147893	1.394250	0.000000	0.000000
349.430000	0.539070	-1.147886	1.394249	0.000000	0.000000
349.440000	0.539071	-1.147872	1.394249	0.000000	0.000000
349.450000	0.539072	-1.147856	1.394248	0.000000	0.000000
349.460000	0.539073	-1.147844	1.394247	0.000000	0.000000
349.470000	0.539076	-1.147839	1.394247	0.000000	0.000000
349.480000	0.539081	-1.147839	1.394246	0.000000	0.000000
349.490000	0.539087	-1.147843	1.394245	0.000000	0.000000
349.500000	0.539094	-1.147846	1.394244	0.000000	0.000000
349.510000	0.539099	-1.147848	1.394243	0.000000	0.000000
349.520000	0.539102	-1.147847	1.394243	0.000000	0.000000
349.530000	0.539104	-1.147843	1.394242	0.000000	0.000000
349.540000	0.539106	-1.147836	1.394241	0.000000	0.000000
349.550000	0.539108	-1.147827	1.394240	0.000000	0.000000
349.560000	0.539109	-1.147818	1.394240	0.000000	0.000000
349.570000	0.539111	-1.147811	1.394239	0.000000	0.000000
349.580000	0.539113	-1.147807	1.394238	0.000000	0.000000
349.590000	0.539115	-1.147805	1.394238	0.000000	0.000000
349.600000	0.539119	-1.147804	1.394237	0.000000	0.000000
349.610000	0.539123	-1.147803	1.394237	0.000000	0.000000
349.620000	0.539126	-1.147800	1.394236	0.000000	0.000000
349.630000	0.539130	-1.147797	1.394236	0.000000	0.000000
349.640000	0.539133	-1.147793	1.394235	0.000000	0.000000
349.650000	0.539136	-1.147789	1.394235	0.000000	0.000000
349.660000	0.539138	-1.147782	1.394234	0.000000	0.000000
349.670000	0.539139	-1.147773	1.394234	0.000000	0.000000
349.680000	0.539140	-1.147763	1.394234	0.000000	0.000000
349.690000	0.539140	-1.147753	1.394234	0.000000	0.000000
349.700000	0.539140	-1.147744	1.394234	0.000000	0.000000
349.710000	0.539140	-1.147733	1.394234	0.000000	0.000000
349.720000	0.539141	-1.147720	1.394234	0.000000	0.000000
349.730000	0.539141	-1.147707	1.394234	0.000000	0.000000
349.740000	0.539142	-1.147692	1.394235	0.000000	0.000000
349.750000	0.539142	-1.147678	1.394235	0.000000	0.000000
349.760000	0.539142	-1.147663	1.394235	0.000000	0.000000
349.770000	0.539143	-1.147649	1.394235	0.000000	0.000000
349.780000	0.539144	-1.147634	1.394235	0.000000	0.000000
349.790000	0.539145	-1.147619	1.394236	0.000000	0.000000
349.800000	0.539146	-1.147603	1.394236	0.000000	0.000000
349.810000	0.539148	-1.147587	1.394236	0.000000	0.000000
349.820000	0.539149	-1.147570	1.394236	0.000000	0.000000
349.830000	0.539151	-1.147550	1.394236	0.000000	0.000000
349.840000	0.539151	-1.147527	1.394236	0.000000	0.000000
349.850000	0.539151	-1.147503	1.394236	0.000000	0.000000
349.860000	0.539152	-1.147484	1.394236	0.000000	0.000000
349.870000	0.539154	-1.147471	1.394236	0.000000	0.000000
349.880000	0.539158	-1.147462	1.394236	0.000000	0.000000
349.890000	0.539163	-1.147454	1.394236	0.000000	0.000000
349.900000	0.539167	-1.147446	1.394236	0.000000	0.000000
349.910000	0.539170	-1.147436	1.394235	0.000000	0.000000
349.920000	0.539172	-1.147424	1.394235	0.000000	0.000000
349.930000	0.539173	-1.147410	1.394235	0.000000	0.000000
349.940000	0.539175	-1.147395	1.394234	0.000000	0.000000
349.950000	0.539176	-1.147380	1.394234	0.000000	0.000000
349.960000	0.539177	-1.147366	1.394233	0.000000	0.000000
349.970000	0.539179	-1.147354	1.394233	0.000000	0.000000
349.980000	0.539182	-1.147344	1.394232	0.000000	0.000000
349.990000	0.539187	-1.147338	1.394231	0.000000	0.000000
350.000000	0.539193	-1.147336	1.394230	0.000000	0.000000
350.010000	0.539201	-1.147337	1.394229	0.000000	0.000000
350.020000	0.539209	-1.147340	1.394227	0.000000	0.000000
350.030000	0.539217	-1.147340	1.394226	0.000000	0.000000
350.040000	0.539223	-1.147331	1.394224	0.000000	0.000000
350.050000	0.539225	-1.147311	1.394222	0.000000	0.000000
350.060000	0.539225	-1.147285	1.394221	0.000000	0.000000
350.070000	0.539225	-1.147267	1.394219	0.000000	0.000000
350.080000	0.539229	-1.147256	1.394216	0.000000	0.000000
350.090000	0.539232	-1.147250	1.394214	0.000000	0.000000
350.100000	0.539237	-1.147244	1.394212	0.000000	0.000000
350.110000	0.539242	-1.147236	1.394209	0.000000	0.000000
350.120000	0.539245	-1.147225	1.394207	0.000000	0.000000
350.130000	0.539246	-1.147214	1.394204	0.000000	0.000000
350.140000	0.539249	-1.147203	1.394201	0.000000	0.000000
350.150000	0.539252	-1.147196	1.394198	0.000000	0.000000
350.160000	0.539256	-1.147190	1.394195	0.000000	0.000000
350.170000	0.539259	-1.147183	1.394192	0.000000	0.000000
350.180000	0.539261	-1.147175	1.394189	0.000000	0.000000
350.190000	0.539263	-1.147167	1.394186	0.000000	0.000000
350.200000	0.539265	-1.147163	1.394183	0.000000	0.000000
350.210000	0.539269	-1.147163	1.394179	0.000000	0.000000
350.220000	0.539274	-1.147164	1.394176	0.000000	0.000000
350.230000	0.539277	-1.147163	1.394173	0.000000	0.000000
350.240000	0.539279	-1.147156	1.394170	0.000000	0.000000
350.250000	0.539280	-1.147143	1.394167	0.000000	0.000000
350.260000	0.539280	-1.147129	1.394163	0.000000	0.000000
350.270000	0.539282	-1.147117	1.394160	0.000000	0.000000
350.280000	0.539284	-1.147109	1.394157	0.000000	0.000000
350.290000	0.539287	-1.147102	1.394154	0.000000	0.000000
350.300000	0.539290	-1.147095	1.394151	0.000000	0.000000
350.310000	0.539291	-1.147087	1.394148	0.000000	0.000000
350.320000	0.539292	-1.147077	1.394144	0.000000	0.000000
350.330000	0.539294	-1.147065	1.394141	0.000000	0.000000
350.340000	0.539296	-1.147053	1.394138	0.000000	0.000000
350.350000	0.539299	-1.147040	1.394135	0.000000	0.000000
350.360000	0.539303	-1.147029	1.394132	0.000000	0.000000
350.370000	0.539307	-1.147019	1.394129	0.000000	0.000000
350.380000	0.539312	-1.147008	1.394126	0.000000	0.000000
350.390000	0.539314	-1.146996	1.394123	0.000000	0.000000
350.400000	0.539317	-1.146984	1.394120	0.000000	0.000000
350.410000	0.539319	-1.146970	1.394117	0.000000	0.000000
350.420000	0.539320	-1.146958	1.394114	0.000000	0.000000
350.430000	0.539321	-1.146947	1.394111	0.000000	0.000000
350.440000	0.539324	-1.146939	1.394108	0.000000	0.000000
350.450000	0.539328	-1.146935	1.394104	0.000000	0.000000
350.460000	0.539333	-1.146933	1.394101	0.000000	0.000000
350.470000	0.539339	-1.146934	1.394098	0.000000	0.000000
350.480000	0.539345	-1.146935	1.394094	0.000000	0.000000
350.490000	0.539350	-1.146936	1.394091	0.000000	0.000000
350.500000	0.539355	-1.146935	1.394087	0.000000	0.000000
350.510000	0.539359	-1.146934	1.394083	0.000000	0.000000
350.520000	0.539362	-1.146932	1.394080	0.000000	0.000000
350.530000	0.539365	-1.146930	1.394076	0.000000	0.000000
350.540000	0.539370	-1.146931	1.394072	0.000000	0.000000
350.550000	0.539377	-1.146935	1.394067	0.000000	0.000000
350.560000	0.539384	-1.146942	1.394063	0.000000	0.000000
350.570000	0.539392	-1.146953	1.394059	0.000000	0.000000
350.580000	0.539401	-1.146965	1.394054	0.000000	0.000000
350.590000	0.539409	-1.146977	1.394050	0.000000	0.000000
350.600000	0.539417	-1.146984	1.394045	0.000000	0.000000
350.610000	0.539420	-1.146979	1.394040	0.000000	0.000000
350.620000	0.539419	-1.146959	1.394035	0.000000	0.000000
350.630000	0.539419	-1.146940	1.394031	0.000000	0.000000
350.640000	0.539422	-1.146934	1.394026	0.000000	0.000000
350.650000	0.539427	-1.146940	1.394021	0.000000	0.000000
350.660000	0.539434	-1.146949	1.394017	0.000000	0.000000
350.670000	0.539440	-1.146957	1.394012	0.000000	0.000000
350.680000	0.539445	-1.146960	1.394008	0.000000	0.000000
350.690000	0.539449	-1.146958	1.394003	0.000000	0.000000
350.700000	0.539452	-1.146953	1.393999	0.000000	0.000000
350.710000	0.539456	-1.146951	1.393994	0.000000	0.000000
350.720000	0.539462	-1.146955	1.393990	0.000000	0.000000
350.730000	0.539469	-1.146964	1.393986	0.000000	0.000000
350.740000	0.539477	-1.146975	1.393982	0.000000	0.000000
350.750000	0.539486	-1.146985	1.393978	0.000000	0.000000
350.760000	0.539494	-1.146992	1.393974	0.000000	0.000000
350.770000	0.539500	-1.146997	1.393970	0.000000	0.000000
350.780000	0.539505	-1.146999	1.393967	0.000000	0.000000
350.790000	0.539510	-1.146998	1.393963	0.000000	0.000000
350.800000	0.539514	-1.146994	1.393960	0.000000	0.000000
350.810000	0.539517	-1.146988	1.393956	0.000000	0.000000
350.820000	0.539519	-1.146981	1.393953	0.000000	0.000000
350.830000	0.539521	-1.146975	1.393950	0.000000	0.000000
350.840000	0.539521	-1.146967	1.393947	0.000000	0.000000
350.850000	0.539522	-1.146960	1.393945	0.000000	0.000000
350.860000	0.539523	-1.146950	1.393942	0.000000	0.000000
350.870000	0.539523	-1.146939	1.393939	0.000000	0.000000
350.880000	0.539523	-1.146927	1.393937	0.000000	0.000000
350.890000	0.539524	-1.146920	1.393935	0.000000	0.000000
350.900000	0.539527	-1.146917	1.393932	0.000000	0.000000
350.910000	0.539529	-1.146917	1.393930	0.000000	0.000000
350.920000	0.539533	-1.146917	1.393928	0.000000	0.000000
350.930000	0.539536	-1.146916	1.393926	0.000000	0.000000
350.940000	0.539539	-1.146912	1.393924	0.000000	0.000000
350.950000	0.539541	-1.146907	1.393923	0.000000	0.000000
350.960000	0.539543	-1.146900	1.393921	0.000000	0.000000
350.970000	0.539543	-1.146891	1.393919	0.000000	0.000000
350.980000	0.539543	-1.146880	1.393918	0.000000	0.000000
350.990000	0.539542	-1.146867	1.393916	0.000000	0.000000
351.000000	0.539541	-1.146852	1.393915	0.000000	0.000000
351.010000	0.539540	-1.146836	1.393913	0.000000	0.000000
351.020000	0.539537	-1.146817	1.393912	0.000000	0.000000
351.030000	0.539535	-1.146799	1.393910	0.000000	0.000000
351.040000	0.539534	-1.146784	1.393909	0.000000	0.000000
351.050000	0.539533	-1.146772	1.393907	0.000000	0.000000
351.060000	0.539534	-1.146765	1.393906	0.000000	0.000000
351.070000	0.539535	-1.146760	1.393904	0.000000	0.000000
351.080000	0.539538	-1.146759	1.393902	0.000000	0.000000
351.090000	0.539542	-1.146761	1.393900	0.000000	0.000000
351.100000	0.539547	-1.146766	1.393899	0.000000	0.000000
351.110000	0.539552	-1.146773	1.393897	0.000000	0.000000
351.120000	0.539558	-1.146779	1.393895	0.000000	0.000000
351.130000	0.539562	-1.146780	1.393894	0.000000	0.000000
351.140000	0.539564	-1.146775	1.393892	0.000000	0.000000
351.150000	0.539564	-1.146766	1.393891	0.000000	0.000000
351.160000	0.539565	-1.146757	1.393889	0.000000	0.000000
351.170000	0.539566	-1.146749	1.393888	0.000000	0.000000
351.180000	0.539566	-1.146744	1.393887	0.000000	0.000000
351.190000	0.539568	-1.146740	1.393886	0.000000	0.000000
351.200000	0.539570	-1.146737	1.393885	0.000000	0.000000
351.210000	0.539573	-1.146736	1.393884	0.000000	0.000000
351.220000	0.539576	-1.146735	1.393883	0.000000	0.000000
351.230000	0.539577	-1.146733	1.393882	0.000000	0.000000
351.240000	0.539578	-1.146729	1.393881	0.000000	0.000000
351.250000	0.539579	-1.146722	1.393880	0.000000	0.000000
351.260000	0.539579	-1.146711	1.393880	0.000000	0.000000
351.270000	0.539577	-1.146696	1.393879	0.000000	0.000000
351.280000	0.539573	-1.146679	1.393878	0.000000	0.000000
351.290000	0.539571	-1.146662	1.393877	0.000000	0.000000
351.300000	0.539567	-1.146644	1.393877	0.000000	0.000000
351.310000	0.539562	-1.146625	1.393876	0.000000	0.000000
351.320000	0.539558	-1.146607	1.393875	0.000000	0.000000
351.330000	0.539554	-1.146590	1.393873	0.000000	0.000000
351.340000	0.539551	-1.146576	1.393872	0.000000	0.000000
351.350000	0.539550	-1.146566	1.393871	0.000000	0.000000
351.360000	0.539549	-1.146561	1.393869	0.000000	0.000000
351.370000	0.539551	-1.146560	1.393868	0.000000	0.000000
351.380000	0.539554	-1.146562	1.393866	0.000000	0.000000
351.390000	0.539558	-1.146565	1.393865	0.000000	0.000000
351.400000	0.539561	-1.146567	1.393863	0.000000	0.000000
351.410000	0.539563	-1.146568	1.393861	0.000000	0.000000
351.420000	0.539565	-1.146568	1.393859	0.000000	0.000000
351.430000	0.539566	-1.146565	1.393856	0.000000	0.000000
351.440000	0.539566	-1.146559	1.393854	0.000000	0.000000
351.450000	0.539563	-1.146547	1.393852	0.000000	0.000000
351.460000	0.539559	-1.146529	1.393850	0.000000	0.000000
351.470000	0.539555	-1.146512	1.393848	0.000000	0.000000
351.480000	0.539554	-1.146501	1.393845	0.000000	0.000000
351.490000	0.539554	-1.146498	1.393843	0.000000	0.000000
351.500000	0.539557	-1.146500	1.393841	0.000000	0.000000
351.510000	0.539561	-1.146506	1.393839	0.000000	0.000000
351.520000	0.539565	-1.146511	1.393838	0.000000	0.000000
351.530000	0.539569	-1.146512	1.393836	0.000000	0.000000
351.540000	0.539571	-1.146510	1.393834	0.000000	0.000000
351.550000	0.539574	-1.146503	1.393833	0.000000	0.000000
351.560000	0.539574	-1.146494	1.393831	0.000000	0.000000
351.570000	0.539574	-1.146484	1.393830	0.000000	0.000000
351.580000	0.539573	-1.146474	1.393829	0.000000	0.000000
351.590000	0.539571	-1.146463	1.393827	0.000000	0.000000
351.600000	0.539571	-1.146452	1.393826	0.000000	0.000000
351.610000	0.539570	-1.146443	1.393825	0.000000	0.000000
351.620000	0.539571	-1.146435	1.393823	0.000000	0.000000
351.630000	0.539572	-1.146430	1.393822	0.000000	0.000000
351.640000	0.539575	-1.146428	1.393820	0.000000	0.000000
351.650000	0.539577	-1.146428	1.393819	0.000000	0.000000
351.660000	0.539580	-1.146429	1.393817	0.000000	0.000000
351.670000	0.539583	-1.146431	1.393815	0.000000	0.000000
351.680000	0.539585	-1.146433	1.393813	0.000000	0.000000
351.690000	0.539587	-1.146436	1.393811	0.000000	0.000000
351.700000	0.539590	-1.146439	1.393809	0.000000	0.000000
351.710000	0.539594	-1.146444	1.393806	0.000000	0.000000
351.720000	0.539598	-1.146453	1.393804	0.000000	0.000000
351.730000	0.539602	-1.146463	1.393801	0.000000	0.000000
351.740000	0.539606	-1.146473	1.393798	0.000000	0.000000
351.750000	0.539612	-1.146483	1.393796	0.000000	0.000000
351.760000	0.539616	-1.146491	1.393793	0.000000	0.000000
351.770000	0.539620	-1.146497	1.393790	0.000000	0.000000
351.780000	0.539623	-1.146501	1.393787	0.000000	0.000000
351.790000	0.539626	-1.146504	1.393784	0.000000	0.000000
351.800000	0.539629	-1.146505	1.393781	0.000000	0.000000
351.810000	0.539632	-1.146506	1.393778	0.000000	0.000000
351.820000	0.539634	-1.146506	1.393775	0.000000	0.000000
351.830000	0.539636	-1.146506	1.393773	0.000000	0.000000
351.840000	0.539638	-1.146507	1.393770	0.000000	0.000000
351.850000	0.539641	-1.146510	1.393767	0.000000	0.000000
351.860000	0.539644	-1.146515	1.393764	0.000000	0.000000
351.870000	0.539647	-1.146522	1.393761	0.000000	0.000000
351.880000	0.539652	-1.146530	1.393758	0.000000	0.000000
351.890000	0.539658	-1.146540	1.393755	0.000000	0.000000
351.900000	0.539664	-1.146550	1.393753	0.000000	0.000000
351.910000	0.539671	-1.146557	1.393750	0.000000	0.000000
351.920000	0.539676	-1.146561	1.393747	0.000000	0.000000
351.930000	0.539680	-1.146564	1.393744	0.000000	0.000000
351.940000	0.539684	-1.146567	1.393742	0.000000	0.000000
351.950000	0.539689	-1.146571	1.393739	0.000000	0.000000
351.960000	0.539694	-1.146573	1.393736	0.000000	0.000000
351.970000	0.539698	-1.146575	1.393734	0.000000	0.000000
351.980000	0.539702	-1.146576	1.393732	0.000000	0.000000
351.990000	0.539707	-1.146577	1.393729	0.000000	0.000000
352.000000	0.539713	-1.146580	1.393727	0.000000	0.000000
352.010000	0.539718	-1.146582	1.393725	0.000000	0.000000
352.020000	0.539724	-1.146583	1.393723	0.000000	0.000000
352.030000	0.539728	-1.146582	1.393721	0.000000	0.000000
352.040000	0.539732	-1.146578	1.393720	0.000000	0.000000
352.050000	0.539735	-1.146572	1.393718	0.000000	0.000000
352.060000	0.539738	-1.146564	1.393717	0.000000	0.000000
352.070000	0.539740	-1.146554	1.393715	0.000000	0.000000
352.080000	0.539741	-1.146542	1.393714	0.000000	0.000000
352.090000	0.539742	-1.146527	1.393713	0.000000	0.000000
352.100000	0.539741	-1.146507	1.393712	0.000000	0.000000
352.110000	0.539738	-1.146483	1.393711	0.000000	0.000000
352.120000	0.539735	-1.146457	1.393710	0.000000	0.000000
352.130000	0.539730	-1.146429	1.393709	0.000000	0.000000
352.140000	0.539726	-1.146404	1.393708	0.000000	0.000000
352.150000	0.539723	-1.146382	1.393708	0.000000	0.000000
352.160000	0.539720	-1.146363	1.393707	0.000000	0.000000
352.170000	0.539718	-1.146348	1.393706	0.000000	0.000000
352.180000	0.539717	-1.146335	1.393705	0.000000	0.000000
352.190000	0.539717	-1.146324	1.393704	0.000000	0.000000
352.200000	0.539717	-1.146315	1.393703	0.000000	0.000000
352.210000	0.539717	-1.146308	1.393702	0.000000	0.000000
352.220000	0.539717	-1.146304	1.393702	0.000000	0.000000
352.230000	0.539718	-1.146303	1.393701	0.000000	0.000000
352.240000	0.539720	-1.146304	1.393699	0.000000	0.000000
352.250000	0.539722	-1.146308	1.393698	0.000000	0.000000
352.260000	0.539724	-1.146312	1.393697	0.000000	0.000000
352.270000	0.539726	-1.146315	1.393696	0.000000	0.000000
352.280000	0.539728	-1.146316	1.393695	0.000000	0.000000
352.290000	0.539728	-1.146313	1.393694	0.000000	0.000000
352.300000	0.539728	-1.146308	1.393692	0.000000	0.000000
352.310000	0.539727	-1.146300	1.393691	0.000000	0.000000
352.320000	0.539726	-1.146293	1.393690	0.000000	0.000000
352.330000	0.539725	-1.146284	1.393688	0.000000	0.000000
352.340000	0.539724	-1.146275	1.393687	0.000000	0.000000
352.350000	0.539723	-1.146266	1.393686	0.000000	0.000000
352.360000	0.539722	-1.146257	1.393685	0.000000	0.000000
352.370000	0.539721	-1.146247	1.393684	0.000000	0.000000
352.380000	0.539720	-1.146234	1.393682	0.000000	0.000000
352.390000	0.539720	-1.146221	1.393681	0.000000	0.000000
352.400000	0.539718	-1.146208	1.393680	0.000000	0.000000
352.410000	0.539717	-1.146196	1.393679	0.000000	0.000000
352.420000	0.539716	-1.146185	1.393678	0.000000	0.000000
352.430000	0.539715	-1.146172	1.393677	0.000000	0.000000
352.440000	0.539713	-1.146155	1.393675	0.000000	0.000000
352.450000	0.539709	-1.146133	1.393674	0.000000	0.000000
352.460000	0.539704	-1.146108	1.393673	0.000000	0.000000
352.470000	0.539699	-1.146086	1.393671	0.000000	0.000000
352.480000	0.539697	-1.146070	1.393670	0.000000	0.000000
352.490000	0.539697	-1.146058	1.393669	0.000000	0.000000
352.500000	0.539698	-1.146050	1.393668	0.000000	0.000000
352.510000	0.539700	-1.146047	1.393666	0.000000	0.000000
352.520000	0.539703	-1.146047	1.393665	0.000000	0.000000
352.530000	0.539706	-1.146049	1.393664	0.000000	0.000000
352.540000	0.539710	-1.146052	1.393663	0.000000	0.000000
352.550000	0.539714	-1.146054	1.393662	0.000000	0.000000
352.560000	0.539718	-1.146054	1.393661	0.000000	0.000000
352.570000	0.539721	-1.146049	1.393661	0.000000	0.000000
352.580000	0.539722	-1.146041	1.393660	0.000000	0.000000
352.590000	0.539722	-1.146029	1.393660	0.000000	0.000000
352.600000	0.539721	-1.146014	1.393659	0.000000	0.000000
352.610000	0.539720	-1.145996	1.393659	0.000000	0.000000
352.620000	0.539717	-1.145975	1.393658	0.000000	0.000000
352.630000	0.539713	-1.145953	1.393658	0.000000	0.000000
352.640000	0.539710	-1.145930	1.393658	0.000000	0.000000
352.650000	0.539708	-1.145908	1.393658	0.000000	0.000000
352.660000	0.539707	-1.145889	1.393658	0.000000	0.000000
352.670000	0.539707	-1.145872	1.393658	0.000000	0.000000
352.680000	0.539709	-1.145858	1.393659	0.000000	0.000000
352.690000	0.539710	-1.145846	1.393659	0.000000	0.000000
352.700000	0.539712	-1.145835	1.393659	0.000000	0.000000
352.710000	0.539714	-1.145822	1.393660	0.000000	0.000000
352.720000	0.539716	-1.145807	1.393660	0.000000	0.000000
352.730000	0.539716	-1.145788	1.393660	0.000000	0.000000
352.740000	0.539716	-1.145766	1.393661	0.000000	0.000000
352.750000	0.539714	-1.145741	1.393661	0.000000	0.000000
352.760000	0.539713	-1.145718	1.393661	0.000000	0.000000
352.770000	0.539712	-1.145698	1.393662	0.000000	0.000000
352.780000	0.539712	-1.145683	1.393662	0.000000	0.000000
352.790000	0.539713	-1.145671	1.393663	0.000000	0.000000
352.800000	0.539715	-1.145661	1.393663	0.000000	0.000000
352.810000	0.539718	-1.145652	1.393664	0.000000	0.000000
352.820000	0.539721	-1.145644	1.393664	0.000000	0.000000
352.830000	0.539725	-1.145637	1.393665	0.000000	0.000000
352.840000	0.539728	-1.145629	1.393665	0.000000	0.000000
352.850000	0.539731	-1.145619	1.393666	0.000000	0.000000
352.860000	0.539732	-1.145605	1.393667	0.000000	0.000000
352.870000	0.539732	-1.145585	1.393668	0.000000	0.000000
352.880000	0.539731	-1.145562	1.393668	0.000000	0.000000
352.890000	0.539729	-1.145536	1.393669	0.000000	0.000000
352.900000	0.539725	-1.145507	1.393670	0.000000	0.000000
352.910000	0.539723	-1.145479	1.393671	0.000000	0.000000
352.920000	0.539721	-1.145454	1.393672	0.000000	0.000000
352.930000	0.539719	-1.145432	1.393673	0.000000	0.000000
352.940000	0.539719	-1.145413	1.393674	0.000000	0.000000
352.950000	0.539719	-1.145396	1.393675	0.000000	0.000000
352.960000	0.539719	-1.145381	1.393676	0.000000	0.000000
352.970000	0.539719	-1.145367	1.393677	0.000000	0.000000
352.980000	0.539719	-1.145353	1.393678	0.000000	0.000000
352.990000	0.539719	-1.145337	1.393679	0.000000	0.000000
353.000000	0.539718	-1.145320	1.393680	0.000000	0.000000
353.010000	0.539718	-1.145301	1.393681	0.000000	0.000000
353.020000	0.539716	-1.145281	1.393682	0.000000	0.000000
353.030000	0.539716	-1.145260	1.393683	0.000000	0.000000
353.040000	0.539716	-1.145242	1.393684	0.000000	0.000000
353.050000	0.539717	-1.145226	1.393685	0.000000	0.000000
353.060000	0.539719	-1.145211	1.393686	0.000000	0.000000
353.070000	0.539721	-1.145199	1.393687	0.000000	0.000000
353.080000	0.539724	-1.145188	1.393688	0.000000	0.000000
353.090000	0.539727	-1.145180	1.393689	0.000000	0.000000
353.100000	0.539729	-1.145174	1.393690	0.000000	0.000000
353.110000	0.539732	-1.145169	1.393692	0.000000	0.000000
353.120000	0.539734	-1.145165	1.393693	0.000000	0.000000
353.130000	0.539736	-1.145162	1.393694	0.000000	0.000000
353.140000	0.539737	-1.145158	1.393696	0.000000	0.000000
353.150000	0.539737	-1.145152	1.393698	0.000000	0.000000
353.160000	0.539736	-1.145144	1.393700	0.000000	0.000000
353.170000	0.539734	-1.145132	1.393701	0.000000	0.000000
353.180000	0.539731	-1.145115	1.393704	0.000000	0.000000
353.190000	0.539728	-1.145096	1.393706	0.000000	0.000000
353.200000	0.539724	-1.145077	1.393708	0.000000	0.000000
353.210000	0.539720	-1.145057	1.393710	0.000000	0.000000
353.220000	0.539717	-1.145037	1.393712	0.000000	0.000000
353.230000	0.539714	-1.145018	1.393715	0.000000	0.000000
353.240000	0.539711	-1.145000	1.393717	0.000000	0.000000
353.250000	0.539708	-1.144982	1.393719	0.000000	0.000000
353.260000	0.539706	-1.144965	1.393722	0.000000	0.000000
353.270000	0.539703	-1.144948	1.393724	0.000000	0.000000
353.280000	0.539701	-1.144931	1.393726	0.000000	0.000000
353.290000	0.539699	-1.144915	1.393728	0.000000	0.000000
353.300000	0.539697	-1.144901	1.393730	0.000000	0.000000
353.310000	0.539696	-1.144887	1.393732	0.000000	0.000000
353.320000	0.539696	-1.144876	1.393733	0.000000	0.000000
353.330000	0.539695	-1.144866	1.393735	0.000000	0.000000
353.340000	0.539695	-1.144858	1.393736	0.000000	0.000000
353.350000	0.539695	-1.144850	1.393737	0.000000	0.000000
353.360000	0.539695	-1.144841	1.393738	0.000000	0.000000
353.370000	0.539694	-1.144831	1.393739	0.000000	0.000000
353.380000	0.539692	-1.144818	1.393740	0.000000	0.000000
353.390000	0.539689	-1.144805	1.393740	0.000000	0.000000
353.400000	0.539686	-1.144793	1.393741	0.000000	0.000000
353.410000	0.539683	-1.144783	1.393741	0.000000	0.000000
353.420000	0.539682	-1.144778	1.393741	0.000000	0.000000
353.430000	0.539682	-1.144776	1.393741	0.000000	0.000000
353.440000	0.539684	-1.144776	1.393741	0.000000	0.000000
353.450000	0.539685	-1.144778	1.393741	0.000000	0.000000
353.460000	0.539686	-1.144780	1.393741	0.000000	0.000000
353.470000	0.539687	-1.144782	1.393741	0.000000	0.000000
353.480000	0.539688	-1.144784	1.393741	0.000000	0.000000
353.490000	0.539689	-1.144784	1.393741	0.000000	0.000000
353.500000	0.539690	-1.144782	1.393741	0.000000	0.000000
353.510000	0.539691	-1.144778	1.393741	0.000000	0.000000
353.520000	0.539691	-1.144772	1.393741	0.000000	0.000000
353.530000	0.539691	-1.144764	1.393741	0.000000	0.000000
353.540000	0.539690	-1.144753	1.393741	0.000000	0.000000
353.550000	0.539689	-1.144742	1.393740	0.000000	0.000000
353.560000	0.539688	-1.144733	1.393740	0.000000	0.000000
353.570000	0.539688	-1.144725	1.393740	0.000000	0.000000
353.580000	0.539688	-1.144719	1.393740	0.000000	0.000000
353.590000	0.539689	-1.144713	1.393739	0.000000	0.000000
353.600000	0.539690	-1.144708	1.393739	0.000000	0.000000
353.610000	0.539691	-1.144701	1.393738	0.000000	0.000000
353.620000	0.539692	-1.144694	1.393738	0.000000	0.000000
353.630000	0.539692	-1.144685	1.393737	0.000000	0.000000
353.640000	0.539692	-1.144674	1.393737	0.000000	0.000000
353.650000	0.539691	-1.144664	1.393736	0.000000	0.000000
353.660000	0.539691	-1.144655	1.393735	0.000000	0.000000
353.670000	0.539692	-1.144648	1.393735	0.000000	0.000000
353.680000	0.539694	-1.144642	1.393734	0.000000	0.000000
353.690000	0.539697	-1.144636	1.393733	0.000000	0.000000
353.700000	0.539700	-1.144628	1.393732	0.000000	0.000000
353.710000	0.539701	-1.144618	1.393731	0.000000	0.000000
353.720000	0.539701	-1.144604	1.393730	0.000000	0.000000
353.730000	0.539701	-1.144590	1.393730	0.000000	0.000000
353.740000	0.539702	-1.144581	1.393729	0.000000	0.000000
353.750000	0.539705	-1.144577	1.393728	0.000000	0.000000
353.760000	0.539707	-1.144574	1.393727	0.000000	0.000000
353.770000	0.539709	-1.144570	1.393726	0.000000	0.000000
353.780000	0.539709	-1.144564	1.393725	0.000000	0.000000
353.790000	0.539707	-1.144553	1.393724	0.000000	0.000000
353.800000	0.539702	-1.144537	1.393723	0.000000	0.000000
353.810000	0.539698	-1.144518	1.393722	0.000000	0.000000
353.820000	0.539694	-1.144500	1.393720	0.000000	0.000000
353.830000	0.539691	-1.144484	1.393719	0.000000	0.000000
353.840000	0.539690	-1.144474	1.393718	0.000000	0.000000
353.850000	0.539690	-1.144468	1.393717	0.000000	0.000000
353.860000	0.539692	-1.144466	1.393715	0.000000	0.000000
353.870000	0.539694	-1.144467	1.393714	0.000000	0.000000
353.880000	0.539696	-1.144470	1.393713	0.000000	0.000000
353.890000	0.539701	-1.144476	1.393711	0.000000	0.000000
353.900000	0.539706	-1.144483	1.393709	0.000000	0.000000
353.910000	0.539710	-1.144492	1.393708	0.000000	0.000000
353.920000	0.539715	-1.144500	1.393706	0.000000	0.000000
353.930000	0.539718	-1.144506	1.393704	0.000000	0.000000
353.940000	0.539722	-1.144512	1.393702	0.000000	0.000000
353.950000	0.539726	-1.144519	1.393700	0.000000	0.000000
353.960000	0.539731	-1.144527	1.393698	0.000000	0.000000
353.970000	0.539738	-1.144534	1.393696	0.000000	0.000000
353.980000	0.539744	-1.144538	1.393694	0.000000	0.000000
353.990000	0.539749	-1.144540	1.393692	0.000000	0.000000
354.000000	0.539755	-1.144540	1.393689	0.000000	0.000000
354.010000	0.539760	-1.144539	1.393687	0.000000	0.000000
354.020000	0.539765	-1.144540	1.393685	0.000000	0.000000
354.030000	0.539769	-1.144540	1.393683	0.000000	0.000000
354.040000	0.539773	-1.144539	1.393680	0.000000	0.000000
354.050000	0.539777	-1.144536	1.393678	0.000000	0.000000
354.060000	0.539780	-1.144529	1.393676	0.000000	0.000000
354.070000	0.539781	-1.144514	1.393673	0.000000	0.000000
354.080000	0.539780	-1.144496	1.393671	0.000000	0.000000
354.090000	0.539780	-1.144480	1.393669	0.000000	0.000000
354.100000	0.539781	-1.144468	1.393666	0.000000	0.000000
354.110000	0.539783	-1.144461	1.393664	0.000000	0.000000
354.120000	0.539785	-1.144456	1.393661	0.000000	0.000000
354.130000	0.539787	-1.144453	1.393659	0.000000	0.000000
354.140000	0.539791	-1.144453	1.393656	0.000000	0.000000
354.150000	0.539797	-1.144459	1.393653	0.000000	0.000000
354.160000	0.539804	-1.144470	1.393651	0.000000	0.000000
354.170000	0.539812	-1.144484	1.393648	0.000000	0.000000
354.180000	0.539820	-1.144496	1.393646	0.000000	0.000000
354.190000	0.539827	-1.144501	1.393643	0.000000	0.000000
354.200000	0.539831	-1.144500	1.393640	0.000000	0.000000
354.210000	0.539833	-1.144497	1.393638	0.000000	0.000000
354.220000	0.539835	-1.144497	1.393636	0.000000	0.000000
354.230000	0.539839	-1.144501	1.393633	0.000000	0.000000
354.240000	0.539843	-1.144508	1.393631	0.000000	0.000000
354.250000	0.539847	-1.144517	1.393629	0.000000	0.000000
354.260000	0.539852	-1.144527	1.393628	0.000000	0.000000
354.270000	0.539856	-1.144536	1.393626	0.000000	0.000000
354.280000	0.539858	-1.144541	1.393625	0.000000	0.000000
354.290000	0.539860	-1.144542	1.393623	0.000000	0.000000
354.300000	0.539861	-1.144539	1.393622	0.000000	0.000000
354.310000	0.539861	-1.144531	1.393621	0.000000	0.000000
354.320000	0.539859	-1.144518	1.393620	0.000000	0.000000
354.330000	0.539856	-1.144503	1.393619	0.000000	0.000000
354.340000	0.539853	-1.144486	1.393619	0.000000	0.000000
354.350000	0.539851	-1.144469	1.393618	0.000000	0.000000
354.360000	0.539847	-1.144452	1.393617	0.000000	0.000000
354.370000	0.539845	-1.144437	1.393616	0.000000	0.000000
354.380000	0.539843	-1.144425	1.393616	0.000000	0.000000
354.390000	0.539842	-1.144416	1.393615	0.000000	0.000000
354.400000	0.539842	-1.144411	1.393614	0.000000	0.000000
354.410000	0.539844	-1.144409	1.393613	0.000000	0.000000
354.420000	0.539846	-1.144411	1.393612	0.000000	0.000000
354.430000	0.539849	-1.144415	1.393610	0.000000	0.000000
354.440000	0.539852	-1.144418	1.393609	0.000000	0.000000
354.450000	0.539853	-1.144418	1.393607	0.000000	0.000000
354.460000	0.539852	-1.144414	1.393606	0.000000	0.000000
354.470000	0.539851	-1.144406	1.393604	0.000000	0.000000
354.480000	0.539849	-1.144400	1.393602	0.000000	0.000000
354.490000	0.539848	-1.144398	1.393601	0.000000	0.000000
354.500000	0.539848	-1.144397	1.393599	0.000000	0.000000
354.510000	0.539848	-1.144398	1.393597	0.000000	0.000000
354.520000	0.539848	-1.144398	1.393595	0.000000	0.000000
354.530000	0.539848	-1.144398	1.393594	0.000000	0.000000
354.540000	0.539849	-1.144401	1.393592	0.000000	0.000000
354.550000	0.539851	-1.144406	1.393591	0.000000	0.000000
354.560000	0.539853	-1.144411	1.393590	0.000000	0.000000
354.570000	0.539855	-1.144415	1.393588	0.000000	0.000000
354.580000	0.539855	-1.144414	1.393587	0.000000	0.000000
354.590000	0.539854	-1.144409	1.393586	0.000000	0.000000
354.600000	0.539852	-1.144400	1.393585	0.000000	0.000000
354.610000	0.539850	-1.144385	1.393585	0.000000	0.000000
354.620000	0.539846	-1.144367	1.393584	0.000000	0.000000
354.630000	0.539842	-1.144348	1.393583	0.000000	0.000000
354.640000	0.539838	-1.144328	1.393582	0.000000	0.000000
354.650000	0.539835	-1.144311	1.393581	0.000000	0.000000
354.660000	0.539833	-1.144296	1.393581	0.000000	0.000000
354.670000	0.539830	-1.144284	1.393580	0.000000	0.000000
354.680000	0.539828	-1.144275	1.393579	0.000000	0.000000
354.690000	0.539826	-1.144268	1.393578	0.000000	0.000000
354.700000	0.539823	-1.144263	1.393577	0.000000	0.000000
354.710000	0.539820	-1.144260	1.393575	0.000000	0.000000
354.720000	0.539818	-1.144257	1.393574	0.000000	0.000000
354.730000	0.539815	-1.144255	1.393573	0.000000	0.000000
354.740000	0.539812	-1.144254	1.393571	0.000000	0.000000
354.750000	0.539810	-1.144253	1.393569	0.000000	0.000000
354.760000	0.539807	-1.144252	1.393568	0.000000	0.000000
354.770000	0.539803	-1.144250	1.393566	0.000000	0.000000
354.780000	0.539799	-1.144248	1.393564	0.000000	0.000000
354.790000	0.539795	-1.144245	1.393562	0.000000	0.000000
354.800000	0.539793	-1.144245	1.393559	0.000000	0.000000
354.810000	0.539792	-1.144249	1.393557	0.000000	0.000000
354.820000	0.539791	-1.144255	1.393555	0.000000	0.000000
354.830000	0.539791	-1.144262	1.393552	0.000000	0.000000
354.840000	0.539790	-1.144268	1.393550	0.000000	0.000000
354.850000	0.539789	-1.144272	1.393547	0.000000	0.000000
354.860000	0.539788	-1.144275	1.393545	0.000000	0.000000
354.870000	0.539787	-1.144278	1.393542	0.000000	0.000000
354.880000	0.539786	-1.144281	1.393540	0.000000	0.000000
354.890000	0.539785	-1.144284	1.393537	0.000000	0.000000
354.900000	0.539783	-1.144285	1.393534	0.000000	0.000000
354.910000	0.539779	-1.144282	1.393531	0.000000	0.000000
354.920000	0.539773	-1.144277	1.393529	0.000000	0.000000
354.930000	0.539769	-1.144270	1.393526	0.000000	0.000000
354.940000	0.539765	-1.144266	1.393524	0.000000	0.000000
354.950000	0.539763	-1.144266	1.393521	0.000000	0.000000
354.960000	0.539762	-1.144272	1.393518	0.000000	0.000000
354.970000	0.539763	-1.144282	1.393516	0.000000	0.000000
354.980000	0.539766	-1.144296	1.393513	0.000000	0.000000
354.990000	0.539769	-1.144310	1.393511	0.000000	0.000000
355.000000	0.539771	-1.144323	1.393508	0.000000	0.000000
355.010000	0.539773	-1.144334	1.393505	0.000000	0.000000
355.020000	0.539772	-1.144340	1.393503	0.000000	0.000000
355.030000	0.539771	-1.144343	1.393500	0.000000	0.000000
355.040000	0.539769	-1.144345	1.393498	0.000000	0.000000
355.050000	0.539767	-1.144348	1.393495	0.000000	0.000000
355.060000	0.539766	-1.144353	1.393493	0.000000	0.000000
355.070000	0.539766	-1.144361	1.393490	0.000000	0.000000
355.080000	0.539766	-1.144373	1.393488	0.000000	0.000000
355.090000	0.539767	-1.144386	1.393486	0.000000	0.000000
355.100000	0.539768	-1.144399	1.393483	0.000000	0.000000
355.110000	0.539768	-1.144411	1.393481	0.000000	0.000000
355.120000	0.539768	-1.144421	1.393479	0.000000	0.000000
355.130000	0.539767	-1.144428	1.393476	0.000000	0.000000
355.140000	0.539766	-1.144432	1.393474	0.000000	0.000000
355.150000	0.539764	-1.144434	1.393472	0.000000	0.000000
355.160000	0.539762	-1.144434	1.393469	0.000000	0.000000
355.170000	0.539758	-1.144432	1.393467	0.000000	0.000000
355.180000	0.539755	-1.144428	1.393464	0.000000	0.000000
355.190000	0.539751	-1.144425	1.393461	0.000000	0.000000
355.200000	0.539747	-1.144423	1.393459	0.000000	0.000000
355.210000	0.539744	-1.144423	1.393456	0.000000	0.000000
355.220000	0.539740	-1.144424	1.393453	0.000000	0.000000
355.230000	0.539738	-1.144426	1.393451	0.000000	0.000000
355.240000	0.539734	-1.144427	1.393448	0.000000	0.000000
355.250000	0.539730	-1.144426	1.393445	0.000000	0.000000
355.260000	0.539728	-1.144426	1.393443	0.000000	0.000000
355.270000	0.539725	-1.144426	1.393440	0.000000	0.000000
355.280000	0.539723	-1.144428	1.393437	0.000000	0.000000
355.290000	0.539719	-1.144430	1.393435	0.000000	0.000000
355.300000	0.539717	-1.144434	1.393432	0.000000	0.000000
355.310000	0.539715	-1.144436	1.393430	0.000000	0.000000
355.320000	0.539714	-1.144438	1.393427	0.000000	0.000000
355.330000	0.539713	-1.144439	1.393424	0.000000	0.000000
355.340000	0.539712	-1.144440	1.393421	0.000000	0.000000
355.350000	0.539710	-1.144439	1.393419	0.000000	0.000000
355.360000	0.539708	-1.144438	1.393416	0.000000	0.000000
355.370000	0.539705	-1.144437	1.393413	0.000000	0.000000
355.380000	0.539703	-1.144435	1.393410	0.000000	0.000000
355.390000	0.539701	-1.144433	1.393407	0.000000	0.000000
355.400000	0.539698	-1.144430	1.393404	0.000000	0.000000
355.410000	0.539696	-1.144427	1.393401	0.000000	0.000000
355.420000	0.539693	-1.144425	1.393398	0.000000	0.000000
355.430000	0.539691	-1.144424	1.393394	0.000000	0.000000
355.440000	0.539689	-1.144421	1.393391	0.000000	0.000000
355.450000	0.539688	-1.144418	1.393388	0.000000	0.000000
355.460000	0.539685	-1.144412	1.393384	0.000000	0.000000
355.470000	0.539682	-1.144406	1.393380	0.000000	0.000000
355.480000	0.539681	-1.144401	1.393376	0.000000	0.000000
355.490000	0.539680	-1.144402	1.393372	0.000000	0.000000
355.500000	0.539681	-1.144408	1.393368	0.000000	0.000000
355.510000	0.539682	-1.144419	1.393363	0.000000	0.000000
355.520000	0.539684	-1.144433	1.393359	0.000000	0.000000
355.530000	0.539685	-1.144449	1.393354	0.000000	0.000000
355.540000	0.539687	-1.144465	1.393349	0.000000	0.000000
355.550000	0.539688	-1.144479	1.393344	0.000000	0.000000
355.560000	0.539689	-1.144490	1.393339	0.000000	0.000000
355.570000	0.539688	-1.144495	1.393334	0.000000	0.000000
355.580000	0.539685	-1.144493	1.393328	0.000000	0.000000
355.590000	0.539679	-1.144487	1.393323	0.000000	0.000000
355.600000	0.539674	-1.144482	1.393318	0.000000	0.000000
355.610000	0.539670	-1.144482	1.393312	0.000000	0.000000
355.620000	0.539669	-1.144488	1.393307	0.000000	0.000000
355.630000	0.539668	-1.144498	1.393301	0.000000	0.000000
355.640000	0.539668	-1.144512	1.393296	0.000000	0.000000
355.650000	0.539669	-1.144528	1.393291	0.000000	0.000000
355.660000	0.539670	-1.144546	1.393286	0.000000	0.000000
355.670000	0.539671	-1.144562	1.393281	0.000000	0.000000
355.680000	0.539671	-1.144575	1.393276	0.000000	0.000000
355.690000	0.539670	-1.144585	1.393272	0.000000	0.000000
355.700000	0.539669	-1.144594	1.393267	0.000000	0.000000
355.710000	0.539667	-1.144604	1.393263	0.000000	0.000000
355.720000	0.539667	-1.144616	1.393258	0.000000	0.000000
355.730000	0.539667	-1.144630	1.393254	0.000000	0.000000
355.740000	0.539666	-1.144643	1.393249	0.000000	0.000000
355.750000	0.539665	-1.144653	1.393245	0.000000	0.000000
355.760000	0.539662	-1.144659	1.393240	0.000000	0.000000
355.770000	0.539658	-1.144663	1.393236	0.000000	0.000000
355.780000	0.539654	-1.144665	1.393232	0.000000	0.000000
355.790000	0.539651	-1.144666	1.393227	0.000000	0.000000
355.800000	0.539646	-1.144667	1.393223	0.000000	0.000000
355.810000	0.539642	-1.144669	1.393219	0.000000	0.000000
355.820000	0.539638	-1.144674	1.393215	0.000000	0.000000
355.830000	0.539636	-1.144685	1.393211	0.000000	0.000000
355.840000	0.539636	-1.144699	1.393207	0.000000	0.000000
355.850000	0.539636	-1.144716	1.393203	0.000000	0.000000
355.860000	0.539636	-1.144735	1.393199	0.000000	0.000000
355.870000	0.539637	-1.144754	1.393195	0.000000	0.000000
355.880000	0.539638	-1.144772	1.393191	0.000000	0.000000
355.890000	0.539637	-1.144788	1.393187	0.000000	0.000000
355.900000	0.539636	-1.144803	1.393183	0.000000	0.000000
355.910000	0.539633	-1.144814	1.393179	0.000000	0.000000
355.920000	0.539630	-1.144823	1.393175	0.000000	0.000000
355.930000	0.539626	-1.144830	1.393171	0.000000	0.000000
355.940000	0.539623	-1.144836	1.393167	0.000000	0.000000
355.950000	0.539620	-1.144843	1.393164	0.000000	0.000000
355.960000	0.539618	-1.144851	1.393160	0.000000	0.000000
355.970000	0.539617	-1.144861	1.393156	0.000000	0.000000
355.980000	0.539616	-1.144871	1.393152	0.000000	0.000000
355.990000	0.539614	-1.144882	1.393148	0.000000	0.000000
356.000000	0.539612	-1.144892	1.393144	0.000000	0.000000
356.010000	0.539610	-1.144901	1.393140	0.000000	0.000000
356.020000	0.539607	-1.144909	1.393136	0.000000	0.000000
356.030000	0.539603	-1.144917	1.393131	0.000000	0.000000
356.040000	0.539600	-1.144925	1.393127	0.000000	0.000000
356.050000	0.539598	-1.144936	1.393123	0.000000	0.000000
356.060000	0.539597	-1.144950	1.393119	0.000000	0.000000
356.070000	0.539596	-1.144964	1.393115	0.000000	0.000000
356.080000	0.539596	-1.144977	1.393111	0.000000	0.000000
356.090000	0.539595	-1.144989	1.393107	0.000000	0.000000
356.100000	0.539592	-1.144999	1.393103	0.000000	0.000000
356.110000	0.539588	-1.145005	1.393100	0.000000	0.000000
356.120000	0.539583	-1.145010	1.393096	0.000000	0.000000
356.130000	0.539576	-1.145014	1.393092	0.000000	0.000000
356.140000	0.539571	-1.145019	1.393088	0.000000	0.000000
356.150000	0.539566	-1.145026	1.393084	0.000000	0.000000
356.160000	0.539562	-1.145033	1.393080	0.000000	0.000000
356.170000	0.539558	-1.145042	1.393076	0.000000	0.000000
356.180000	0.539555	-1.145053	1.393072	0.000000	0.000000
356.190000	0.539552	-1.145066	1.393068	0.000000	0.000000
356.200000	0.539550	-1.145080	1.393064	0.000000	0.000000
356.210000	0.539548	-1.145097	1.393060	0.000000	0.000000
356.220000	0.539548	-1.145115	1.393056	0.000000	0.000000
356.230000	0.539548	-1.145135	1.393051	0.000000	0.000000
356.240000	0.539549	-1.145156	1.393047	0.000000	0.000000
356.250000	0.539550	-1.145178	1.393043	0.000000	0.000000
356.260000	0.539550	-1.145202	1.393039	0.000000	0.000000
356.270000	0.539552	-1.145226	1.393034	0.000000	0.000000
356.280000	0.539553	-1.145252	1.393030	0.000000	0.000000
356.290000	0.539554	-1.145277	1.393026	0.000000	0.000000
356.300000	0.539554	-1.145300	1.393022	0.000000	0.000000
356.310000	0.539555	-1.145322	1.393017	0.000000	0.000000
356.320000	0.539554	-1.145344	1.393013	0.000000	0.000000
356.330000	0.539553	-1.145366	1.393009	0.000000	0.000000
356.340000	0.539553	-1.145389	1.393005	0.000000	0.000000
356.350000	0.539552	-1.145414	1.393001	0.000000	0.000000
356.360000	0.539551	-1.145438	1.392997	0.000000	0.000000
356.370000	0.539550	-1.145461	1.392994	0.000000	0.000000
356.380000	0.539549	-1.145482	1.392990	0.000000	0.000000
356.390000	0.539547	-1.145502	1.392986	0.000000	0.000000
356.400000	0.539544	-1.145519	1.392983	0.000000	0.000000
356.410000	0.539540	-1.145535	1.392979	0.000000	0.000000
356.420000	0.539537	-1.145552	1.392976	0.000000	0.000000
356.430000	0.539533	-1.145570	1.392972	0.000000	0.000000
356.440000	0.539531	-1.145588	1.392969	0.000000	0.000000
356.450000	0.539527	-1.145606	1.392965	0.000000	0.000000
356.460000	0.539525	-1.145624	1.392962	0.000000	0.000000
356.470000	0.539522	-1.145643	1.392959	0.000000	0.000000
356.480000	0.539520	-1.145661	1.392955	0.000000	0.000000
356.490000	0.539518	-1.145679	1.392952	0.000000	0.000000
356.500000	0.539516	-1.145696	1.392949	0.000000	0.000000
356.510000	0.539513	-1.145713	1.392945	0.000000	0.000000
356.520000	0.539509	-1.145729	1.392942	0.000000	0.000000
356.530000	0.539507	-1.145744	1.392939	0.000000	0.000000
356.540000	0.539505	-1.145760	1.392936	0.000000	0.000000
356.550000	0.539503	-1.145777	1.392932	0.000000	0.000000
356.560000	0.539503	-1.145796	1.392929	0.000000	0.000000
356.570000	0.539503	-1.145817	1.392926	0.000000	0.000000
356.580000	0.539504	-1.145842	1.392923	0.000000	0.000000
356.590000	0.539506	-1.145868	1.392920	0.000000	0.000000
356.600000	0.539508	-1.145895	1.392917	0.000000	0.000000
356.610000	0.539509	-1.145922	1.392913	0.000000	0.000000
356.620000	0.539509	-1.145948	1.392910	0.000000	0.000000
356.630000	0.539508	-1.145972	1.392907	0.000000	0.000000
356.640000	0.539506	-1.145994	1.392904	0.000000	0.000000
356.650000	0.539505	-1.146015	1.392901	0.000000	0.000000
356.660000	0.539503	-1.146035	1.392898	0.000000	0.000000
356.670000	0.539500	-1.146055	1.392894	0.000000	0.000000
356.680000	0.539499	-1.146075	1.392891	0.000000	0.000000
356.690000	0.539499	-1.146096	1.392888	0.000000	0.000000
356.700000	0.539499	-1.146119	1.392885	0.000000	0.000000
356.710000	0.539498	-1.146142	1.392881	0.000000	0.000000
356.720000	0.539498	-1.146167	1.392878	0.000000	0.000000
356.730000	0.539497	-1.146193	1.392875	0.000000	0.000000
356.740000	0.539497	-1.146218	1.392872	0.000000	0.000000
356.750000	0.539495	-1.146242	1.392868	0.000000	0.000000
356.760000	0.539493	-1.146264	1.392865	0.000000	0.000000
356.770000	0.539490	-1.146284	1.392862	0.000000	0.000000
356.780000	0.539488	-1.146305	1.392859	0.000000	0.000000
356.790000	0.539487	-1.146328	1.392856	0.000000	0.000000
356.800000	0.539486	-1.146353	1.392853	0.000000	0.000000
356.810000	0.539485	-1.146379	1.392850	0.000000	0.000000
356.820000	0.539484	-1.146404	1.392847	0.000000	0.000000
356.830000	0.539482	-1.146427	1.392844	0.000000	0.000000
356.840000	0.539479	-1.146447	1.392842	0.000000	0.000000
356.850000	0.539476	-1.146465	1.392840	0.000000	0.000000
356.860000	0.539473	-1.146481	1.392837	0.000000	0.000000
356.870000	0.539469	-1.146496	1.392835	0.000000	0.000000
356.880000	0.539465	-1.146511	1.392833	0.000000	0.000000
356.890000	0.539461	-1.146526	1.392831	0.000000	0.000000
356.900000	0.539457	-1.146541	1.392829	0.000000	0.000000
356.910000	0.539453	-1.146554	1.392828	0.000000	0.000000
356.920000	0.539449	-1.146566	1.392826	0.000000	0.000000
356.930000	0.539444	-1.146577	1.392824	0.000000	0.000000
356.940000	0.539439	-1.146586	1.392822	0.000000	0.000000
356.950000	0.539433	-1.146594	1.392821	0.000000	0.000000
356.960000	0.539427	-1.146603	1.392819	0.000000	0.000000
356.970000	0.539421	-1.146611	1.392817	0.000000	0.000000
356.980000	0.539414	-1.146620	1.392815	0.000000	0.000000
356.990000	0.539408	-1.146630	1.392814	0.000000	0.000000
357.000000	0.539403	-1.146642	1.392812	0.000000	0.000000
357.010000	0.539400	-1.146656	1.392810	0.000000	0.000000
357.020000	0.539397	-1.146673	1.392807	0.000000	0.000000
357.030000	0.539394	-1.146692	1.392805	0.000000	0.000000
357.040000	0.539392	-1.146711	1.392802	0.000000	0.000000
357.050000	0.539389	-1.146731	1.392800	0.000000	0.000000
357.060000	0.539386	-1.146749	1.392797	0.000000	0.000000
357.070000	0.539382	-1.146765	1.392794	0.000000	0.000000
357.080000	0.539377	-1.146780	1.392791	0.000000	0.000000
357.090000	0.539372	-1.146795	1.392788	0.000000	0.000000
357.100000	0.539368	-1.146813	1.392784	0.000000	0.000000
357.110000	0.539364	-1.146832	1.392781	0.000000	0.000000
357.120000	0.539361	-1.146854	1.392777	0.000000	0.000000
357.130000	0.539358	-1.146876	1.392773	0.000000	0.000000
357.140000	0.539355	-1.146899	1.392770	0.000000	0.000000
357.150000	0.539352	-1.146922	1.392766	0.000000	0.000000
357.160000	0.539349	-1.146944	1.392762	0.000000	0.000000
357.170000	0.539346	-1.146965	1.392758	0.000000	0.000000
357.180000	0.539344	-1.146983	1.392754	0.000000	0.000000
357.190000	0.539342	-1.147000	1.392750	0.000000	0.000000
357.200000	0.539339	-1.147017	1.392746	0.000000	0.000000
357.210000	0.539336	-1.147036	1.392742	0.000000	0.000000
357.220000	0.539334	-1.147055	1.392738	0.000000	0.000000
357.230000	0.539332	-1.147076	1.392734	0.000000	0.000000
357.240000	0.539329	-1.147095	1.392730	0.000000	0.000000
357.250000	0.539326	-1.147114	1.392727	0.000000	0.000000
357.260000	0.539322	-1.147131	1.392723	0.000000	0.000000
357.270000	0.539318	-1.147149	1.392719	0.000000	0.000000
357.280000	0.539314	-1.147166	1.392716	0.000000	0.000000
357.290000	0.539310	-1.147183	1.392712	0.000000	0.000000
357.300000	0.539304	-1.147200	1.392709	0.000000	0.000000
357.310000	0.539299	-1.147216	1.392705	0.000000	0.000000
357.320000	0.539293	-1.147231	1.392702	0.000000	0.000000
357.330000	0.539287	-1.147244	1.392698	0.000000	0.000000
357.340000	0.539282	-1.147257	1.392695	0.000000	0.000000
357.350000	0.539277	-1.147269	1.392691	0.000000	0.000000
357.360000	0.539272	-1.147282	1.392688	0.000000	0.000000
357.370000	0.539268	-1.147297	1.392685	0.000000	0.000000
357.380000	0.539265	-1.147313	1.392681	0.000000	0.000000
357.390000	0.539263	-1.147331	1.392678	0.000000	0.000000
357.400000	0.539261	-1.147350	1.392674	0.000000	0.000000
357.410000	0.539260	-1.147370	1.392671	0.000000	0.000000
357.420000	0.539258	-1.147390	1.392667	0.000000	0.000000
357.430000	0.539255	-1.147412	1.392663	0.000000	0.000000
357.440000	0.539253	-1.147434	1.392660	0.000000	0.000000
357.450000	0.539250	-1.147456	1.392656	0.000000	0.000000
357.460000	0.539247	-1.147477	1.392653	0.000000	0.000000
357.470000	0.539244	-1.147497	1.392649	0.000000	0.000000
357.480000	0.539240	-1.147515	1.392645	0.000000	0.000000
357.490000	0.539235	-1.147530	1.392641	0.000000	0.000000
357.500000	0.539230	-1.147546	1.392637	0.000000	0.000000
357.510000	0.539226	-1.147565	1.392633	0.000000	0.000000
357.520000	0.539223	-1.147589	1.392629	0.000000	0.000000
357.530000	0.539222	-1.147616	1.392625	0.000000	0.000000
357.540000	0.539221	-1.147644	1.392621	0.000000	0.000000
357.550000	0.539220	-1.147671	1.392617	0.000000	0.000000
357.560000	0.539218	-1.147695	1.392613	0.000000	0.000000
357.570000	0.539214	-1.147716	1.392609	0.000000	0.000000
357.580000	0.539209	-1.147733	1.392605	0.000000	0.000000
357.590000	0.539204	-1.147748	1.392601	0.000000	0.000000
357.600000	0.539198	-1.147762	1.392597	0.000000	0.000000
357.610000	0.539192	-1.147777	1.392593	0.000000	0.000000
357.620000	0.539187	-1.147793	1.392589	0.000000	0.000000
357.630000	0.539184	-1.147810	1.392585	0.000000	0.000000
357.640000	0.539181	-1.147829	1.392580	0.000000	0.000000
357.650000	0.539178	-1.147850	1.392576	0.000000	0.000000
357.660000	0.539176	-1.147872	1.392572	0.000000	0.000000
357.670000	0.539174	-1.147896	1.392569	0.000000	0.000000
357.680000	0.539173	-1.147920	1.392565	0.000000	0.000000
357.690000	0.539172	-1.147946	1.392561	0.000000	0.000000
357.700000	0.539170	-1.147972	1.392557	0.000000	0.000000
357.710000	0.539169	-1.147999	1.392553	0.000000	0.000000
357.720000	0.539168	-1.148024	1.392549	0.000000	0.000000
357.730000	0.539166	-1.148048	1.392545	0.000000	0.000000
357.740000	0.539163	-1.148070	1.392542	0.000000	0.000000
357.750000	0.539159	-1.148089	1.392538	0.000000	0.000000
357.760000	0.539154	-1.148106	1.392534	0.000000	0.000000
357.770000	0.539149	-1.148121	1.392531	0.000000	0.000000
357.780000	0.539144	-1.148135	1.392527	0.000000	0.000000
357.790000	0.539139	-1.148149	1.392523	0.000000	0.000000
357.800000	0.539135	-1.148164	1.392519	0.000000	0.000000
357.810000	0.539130	-1.148180	1.392516	0.000000	0.000000
357.820000	0.539126	-1.148196	1.392512	0.000000	0.000000
357.830000	0.539123	-1.148213	1.392509	0.000000	0.000000
357.840000	0.539119	-1.148230	1.392505	0.000000	0.000000
357.850000	0.539115	-1.148247	1.392501	0.000000	0.000000
357.860000	0.539112	-1.148265	1.392497	0.000000	0.000000
357.870000	0.539109	-1.148284	1.392494	0.000000	0.000000
357.880000	0.539105	-1.148304	1.392490	0.000000	0.000000
357.890000	0.539102	-1.148324	1.392486	0.000000	0.000000
357.900000	0.539099	-1.148344	1.392482	0.000000	0.000000
357.910000	0.539096	-1.148363	1.392478	0.000000	0.000000
357.920000	0.539091	-1.148381	1.392474	0.000000	0.000000
357.930000	0.539087	-1.148398	1.392470	0.000000	0.000000
357.940000	0.539083	-1.148416	1.392465	0.000000	0.000000
357.950000	0.539079	-1.148437	1.392461	0.000000	0.000000
357.960000	0.539076	-1.148459	1.392457	0.000000	0.000000
357.970000	0.539073	-1.148482	1.392452	0.000000	0.000000
357.980000	0.539069	-1.148503	1.392448	0.000000	0.000000
357.990000	0.539065	-1.148524	1.392443	0.000000	0.000000
358.000000	0.539061	-1.148544	1.392439	0.000000	0.000000
358.010000	0.539057	-1.148566	1.392434	0.000000	0.000000
358.020000	0.539055	-1.148588	1.392430	0.000000	0.000000
358.030000	0.539053	-1.148612	1.392426	0.000000	0.000000
358.040000	0.539051	-1.148638	1.392421	0.000000	0.000000
358.050000	0.539049	-1.148665	1.392417	0.000000	0.000000
358.060000	0.539046	-1.148691	1.392412	0.000000	0.000000
358.070000	0.539043	-1.148716	1.392408	0.000000	0.000000
358.080000	0.539039	-1.148738	1.392404	0.000000	0.000000
358.090000	0.539036	-1.148758	1.392399	0.000000	0.000000
358.100000	0.539033	-1.148778	1.392395	0.000000	0.000000
358.110000	0.539032	-1.148800	1.392391	0.000000	0.000000
358.120000	0.539032	-1.148823	1.392387	0.000000	0.000000
358.130000	0.539032	-1.148846	1.392383	0.000000	0.000000
358.140000	0.539032	-1.148867	1.392379	0.000000	0.000000
358.150000	0.539031	-1.148884	1.392375	0.000000	0.000000
358.160000	0.539028	-1.148898	1.392371	0.000000	0.000000
358.170000	0.539025	-1.148907	1.392367	0.000000	0.000000
358.180000	0.539020	-1.148913	1.392363	0.000000	0.000000
358.190000	0.539015	-1.148916	1.392359	0.000000	0.000000
358.200000	0.539009	-1.148918	1.392355	0.000000	0.000000
358.210000	0.539004	-1.148921	1.392352	0.000000	0.000000
358.220000	0.538999	-1.148925	1.392348	0.000000	0.000000
358.230000	0.538995	-1.148930	1.392345	0.000000	0.000000
358.240000	0.538991	-1.148935	1.392341	0.000000	0.000000
358.250000	0.538987	-1.148941	1.392338	0.000000	0.000000
358.260000	0.538984	-1.148947	1.392334	0.000000	0.000000
358.270000	0.538980	-1.148954	1.392331	0.000000	0.000000
358.280000	0.538977	-1.148961	1.392327	0.000000	0.000000
358.290000	0.538973	-1.148968	1.392324	0.000000	0.000000
358.300000	0.538969	-1.148975	1.392320	0.000000	0.000000
358.310000	0.538966	-1.148983	1.392316	0.000000	0.000000
358.320000	0.538964	-1.148992	1.392312	0.000000	0.000000
358.330000	0.538963	-1.149003	1.392308	0.000000	0.000000
358.340000	0.538961	-1.149015	1.392304	0.000000	0.000000
358.350000	0.538960	-1.149028	1.392300	0.000000	0.000000
358.360000	0.538959	-1.149040	1.392296	0.000000	0.000000
358.370000	0.538958	-1.149052	1.392292	0.000000	0.000000
358.380000	0.538957	-1.149062	1.392287	0.000000	0.000000
358.390000	0.538955	-1.149072	1.392283	0.000000	0.000000
358.400000	0.538952	-1.149082	1.392278	0.000000	0.000000
358.410000	0.538950	-1.149093	1.392274	0.000000	0.000000
358.420000	0.538948	-1.149108	1.392269	0.000000	0.000000
358.430000	0.538947	-1.149126	1.392264	0.000000	0.000000
358.440000	0.538948	-1.149147	1.392260	0.000000	0.000000
358.450000	0.538949	-1.149169	1.392255	0.000000	0.000000
358.460000	0.538949	-1.149192	1.392250	0.000000	0.000000
358.470000	0.538950	-1.149216	1.392245	0.000000	0.000000
358.480000	0.538950	-1.149239	1.392240	0.000000	0.000000
358.490000	0.538950	-1.149261	1.392235	0.000000	0.000000
358.500000	0.538949	-1.149283	1.392230	0.000000	0.000000
358.510000	0.538947	-1.149303	1.392224	0.000000	0.000000
358.520000	0.538946	-1.149322	1.392219	0.000000	0.000000
358.530000	0.538943	-1.149339	1.392213	0.000000	0.000000
358.540000	0.538942	-1.149356	1.392208	0.000000	0.000000
358.550000	0.538940	-1.149373	1.392202	0.000000	0.000000
358.560000	0.538938	-1.149390	1.392196	0.000000	0.000000
358.570000	0.538936	-1.149406	1.392190	0.000000	0.000000
358.580000	0.538935	-1.149421	1.392185	0.000000	0.000000
358.590000	0.538935	-1.149434	1.392179	0.000000	0.000000
358.600000	0.538935	-1.149447	1.392173	0.000000	0.000000
358.610000	0.538936	-1.149459	1.392167	0.000000	0.000000
358.620000	0.538935	-1.149470	1.392162	0.000000	0.000000
358.630000	0.538935	-1.149483	1.392156	0.000000	0.000000
358.640000	0.538933	-1.149496	1.392151	0.000000	0.000000
358.650000	0.538933	-1.149511	1.392145	0.000000	0.000000
358.660000	0.538933	-1.149527	1.392140	0.000000	0.000000
358.670000	0.538933	-1.149543	1.392135	0.000000	0.000000
358.680000	0.538933	-1.149558	1.392130	0.000000	0.000000
358.690000	0.538932	-1.149570	1.392125	0.000000	0.000000
358.700000	0.538929	-1.149581	1.392120	0.000000	0.000000
358.710000	0.538927	-1.149592	1.392115	0.000000	0.000000
358.720000	0.538926	-1.149606	1.392110	0.000000	0.000000
358.730000	0.538925	-1.149620	1.392106	0.000000	0.000000
358.740000	0.538924	-1.149636	1.392101	0.000000	0.000000
358.750000	0.538923	-1.149651	1.392096	0.000000	0.000000
358.760000	0.538920	-1.149666	1.392092	0.000000	0.000000
358.770000	0.538917	-1.149680	1.392087	0.000000	0.000000
358.780000	0.538912	-1.149691	1.392082	0.000000	0.000000
358.790000	0.538907	-1.149700	1.392078	0.000000	0.000000
358.800000	0.538900	-1.149707	1.392073	0.000000	0.000000
358.810000	0.538894	-1.149714	1.392068	0.000000	0.000000
358.820000	0.538889	-1.149722	1.392063	0.000000	0.000000
358.830000	0.538884	-1.149731	1.392058	0.000000	0.000000
358.840000	0.538879	-1.149741	1.392053	0.000000	0.000000
358.850000	0.538875	-1.149752	1.392048	0.000000	0.000000
358.860000	0.538872	-1.149763	1.392042	0.000000	0.000000
358.870000	0.538869	-1.149777	1.392037	0.000000	0.000000
358.880000	0.538867	-1.149794	1.392032	0.000000	0.000000
358.890000	0.538866	-1.149814	1.392026	0.000000	0.000000
358.900000	0.538865	-1.149837	1.392020	0.000000	0.000000
358.910000	0.538865	-1.149860	1.392015	0.000000	0.000000
358.920000	0.538864	-1.149885	1.392009	0.000000	0.000000
358.930000	0.538865	-1.149909	1.392003	0.000000	0.000000
358.940000	0.538866	-1.149934	1.391997	0.000000	0.000000
358.950000	0.538867	-1.149959	1.391991	0.000000	0.000000
358.960000	0.538868	-1.149983	1.391985	0.000000	0.000000
358.970000	0.538868	-1.150006	1.391979	0.000000	0.000000
358.980000	0.538869	-1.150027	1.391973	0.000000	0.000000
358.990000	0.538870	-1.150048	1.391966	0.000000	0.000000
359.000000	0.538871	-1.150068	1.391960	0.000000	0.000000
359.010000	0.538872	-1.150089	1.391954	0.000000	0.000000
359.020000	0.538873	-1.150109	1.391947	0.000000	0.000000
359.030000	0.538874	-1.150129	1.391941	0.000000	0.000000
359.040000	0.538872	-1.150147	1.391934	0.000000	0.000000
359.050000	0.538871	-1.150163	1.391928	0.000000	0.000000
359.060000	0.538869	-1.150179	1.391921	0.000000	0.000000
359.070000	0.538868	-1.150195	1.391915	0.000000	0.000000
359.080000	0.538867	-1.150212	1.391909	0.000000	0.000000
359.090000	0.538866	-1.150229	1.391902	0.000000	0.000000
359.100000	0.538866	-1.150245	1.391896	0.000000	0.000000
359.110000	0.538867	-1.150260	1.391890	0.000000	0.000000
359.120000	0.538868	-1.150274	1.391884	0.000000	0.000000
359.130000	0.538868	-1.150285	1.391878	0.000000	0.000000
359.140000	0.538867	-1.150293	1.391872	0.000000	0.000000
359.150000	0.538866	-1.150299	1.391866	0.000000	0.000000
359.160000	0.538864	-1.150303	1.391860	0.000000	0.000000
359.170000	0.538863	-1.150305	1.391854	0.000000	0.000000
359.180000	0.538862	-1.150307	1.391848	0.000000	0.000000
359.190000	0.538861	-1.150311	1.391842	0.000000	0.000000
359.200000	0.538861	-1.150317	1.391836	0.000000	0.000000
359.210000	0.538862	-1.150325	1.391830	0.000000	0.000000
359.220000	0.538863	-1.150334	1.391824	0.000000	0.000000
359.230000	0.538863	-1.150342	1.391818	0.000000	0.000000
359.240000	0.538862	-1.150349	1.391811	0.000000	0.000000
359.250000	0.538860	-1.150355	1.391805	0.000000	0.000000
359.260000	0.538857	-1.150358	1.391799	0.000000	0.000000
359.270000	0.538854	-1.150360	1.391793	0.000000	0.000000
359.280000	0.538851	-1.150362	1.391786	0.000000	0.000000
359.290000	0.538850	-1.150365	1.391780	0.000000	0.000000
359.300000	0.538849	-1.150370	1.391774	0.000000	0.000000
359.310000	0.538848	-1.150377	1.391768	0.000000	0.000000
359.320000	0.538849	-1.150389	1.391762	0.000000	0.000000
359.330000	0.538853	-1.150403	1.391756	0.000000	0.000000
359.340000	0.538857	-1.150420	1.391750	0.000000	0.000000
359.350000	0.538860	-1.150436	1.391745	0.000000	0.000000
359.360000	0.538863	-1.150449	1.391739	0.000000	0.000000
359.370000	0.538864	-1.150458	1.391734	0.000000	0.000000
359.380000	0.538864	-1.150465	1.391728	0.000000	0.000000
359.390000	0.538863	-1.150470	1.391723	0.000000	0.000000
359.400000	0.538862	-1.150478	1.391718	0.000000	0.000000
359.410000	0.538863	-1.150488	1.391712	0.000000	0.000000
359.420000	0.538864	-1.150497	1.391707	0.000000	0.000000
359.430000	0.538866	-1.150503	1.391703	0.000000	0.000000
359.440000	0.538866	-1.150506	1.391698	0.000000	0.000000
359.450000	0.538866	-1.150507	1.391693	0.000000	0.000000
359.460000	0.538867	-1.150510	1.391689	0.000000	0.000000
359.470000	0.538867	-1.150512	1.391684	0.000000	0.000000
359.480000	0.538869	-1.150514	1.391679	0.000000	0.000000
359.490000	0.538870	-1.150515	1.391675	0.000000	0.000000
359.500000	0.538870	-1.150512	1.391670	0.000000	0.000000
359.510000	0.538869	-1.150506	1.391666	0.000000	0.000000
359.520000	0.538867	-1.150498	1.391661	0.000000	0.000000
359.530000	0.538865	-1.150491	1.391657	0.000000	0.000000
359.540000	0.538866	-1.150487	1.391652	0.000000	0.000000
359.550000	0.538868	-1.150486	1.391648	0.000000	0.000000
359.560000	0.538872	-1.150489	1.391644	0.000000	0.000000
359.570000	0.538875	-1.150495	1.391639	0.000000	0.000000
359.580000	0.538880	-1.150501	1.391635	0.000000	0.000000
359.590000	0.538886	-1.150506	1.391631	0.000000	0.000000
359.600000	0.538891	-1.150508	1.391626	0.000000	0.000000
359.610000	0.538896	-1.150506	1.391622	0.000000	0.000000
359.620000	0.538900	-1.150503	1.391618	0.000000	0.000000
359.630000	0.538906	-1.150501	1.391614	0.000000	0.000000
359.640000	0.538912	-1.150497	1.391610	0.000000	0.000000
359.650000	0.538917	-1.150494	1.391606	0.000000	0.000000
359.660000	0.538923	-1.150488	1.391602	0.000000	0.000000
359.670000	0.538928	-1.150480	1.391598	0.000000	0.000000
359.680000	0.538933	-1.150468	1.391595	0.000000	0.000000
359.690000	0.538937	-1.150455	1.391591	0.000000	0.000000
359.700000	0.538942	-1.150441	1.391588	0.000000	0.000000
359.710000	0.538946	-1.150426	1.391584	0.000000	0.000000
359.720000	0.538950	-1.150411	1.391581	0.000000	0.000000
359.730000	0.538954	-1.150396	1.391578	0.000000	0.000000
359.740000	0.538958	-1.150383	1.391575	0.000000	0.000000
359.750000	0.538961	-1.150372	1.391573	0.000000	0.000000
359.760000	0.538965	-1.150363	1.391570	0.000000	0.000000
359.770000	0.538968	-1.150354	1.391567	0.000000	0.000000
359.780000	0.538972	-1.150345	1.391565	0.000000	0.000000
359.790000	0.538975	-1.150335	1.391562	0.000000	0.000000
359.800000	0.538978	-1.150324	1.391560	0.000000	0.000000
359.810000	0.538980	-1.150314	1.391558	0.000000	0.000000
359.820000	0.538982	-1.150305	1.391555	0.000000	0.000000
359.830000	0.538984	-1.150299	1.391553	0.000000	0.000000
359.840000	0.538987	-1.150298	1.391551	0.000000	0.000000
359.850000	0.538992	-1.150301	1.391548	0.000000	0.000000
359.860000	0.538997	-1.150307	1.391546	0.000000	0.000000
359.870000	0.539004	-1.150314	1.391543	0.000000	0.000000
359.880000	0.539011	-1.150321	1.391541	0.000000	0.000000
359.890000	0.539017	-1.150326	1.391538	0.000000	0.000000
359.900000	0.539022	-1.150327	1.391536	0.000000	0.000000
359.910000	0.539024	-1.150325	1.391533	0.000000	0.000000
359.920000	0.539024	-1.150318	1.391531	0.000000	0.000000
359.930000	0.539024	-1.150308	1.391528	0.000000	0.000000
359.940000	0.539024	-1.150298	1.391526	0.000000	0.000000
359.950000	0.539025	-1.150294	1.391523	0.000000	0.000000
359.960000	0.539027	-1.150294	1.391520	0.000000	0.000000
359.970000	0.539032	-1.150298	1.391518	0.000000	0.000000
359.980000	0.539037	-1.150300	1.391515	0.000000	0.000000
359.990000	0.539041	-1.150301	1.391512	0.000000	0.000000
360.000000	0.539046	-1.150300	1.391510	0.000000	0.000000
360.010000	0.539050	-1.150300	1.391507	0.000000	0.000000
360.020000	0.539054	-1.150298	1.391504	0.000000	0.000000
360.030000	0.539058	-1.150293	1.391501	0.000000	0.000000
360.040000	0.539062	-1.150284	1.391499	0.000000	0.000000
360.050000	0.539064	-1.150272	1.391496	0.000000	0.000000
360.060000	0.539068	-1.150262	1.391493	0.000000	0.000000
360.070000	0.539072	-1.150256	1.391490	0.000000	0.000000
360.080000	0.539075	-1.150255	1.391486	0.000000	0.000000
360.090000	0.539078	-1.150255	1.391483	0.000000	0.000000
360.100000	0.539082	-1.150257	1.391480	0.000000	0.000000
360.110000	0.539087	-1.150258	1.391476	0.000000	0.000000
360.120000	0.539091	-1.150256	1.391473	0.000000	0.000000
360.130000	0.539094	-1.150249	1.391469	0.000000	0.000000
360.140000	0.539095	-1.150237	1.391465	0.000000	0.000000
360.150000	0.539094	-1.150220	1.391461	0.000000	0.000000
360.160000	0.539093	-1.150202	1.391457	0.000000	0.000000
360.170000	0.539093	-1.150190	1.391453	0.000000	0.000000
360.180000	0.539095	-1.150184	1.391449	0.000000	0.000000
360.190000	0.539098	-1.150182	1.391445	0.000000	0.000000
360.200000	0.539103	-1.150184	1.391441	0.000000	0.000000
360.210000	0.539110	-1.150188	1.391438	0.000000	0.000000
360.220000	0.539118	-1.150194	1.391434	0.000000	0.000000
360.230000	0.539126	-1.150201	1.391430	0.000000	0.000000
360.240000	0.539133	-1.150209	1.391426	0.000000	0.000000
360.250000	0.539139	-1.150214	1.391423	0.000000	0.000000
360.260000	0.539143	-1.150215	1.391419	0.000000	0.000000
360.270000	0.539145	-1.150212	1.391415	0.000000	0.000000
360.280000	0.539146	-1.150207	1.391412	0.000000	0.000000
360.290000	0.539146	-1.150201	1.391408	0.000000	0.000000
360.300000	0.539148	-1.150194	1.391405	0.000000	0.000000
360.310000	0.539149	-1.150186	1.391401	0.000000	0.000000
360.320000	0.539148	-1.150180	1.391398	0.000000	0.000000
360.330000	0.539149	-1.150176	1.391394	0.000000	0.000000
360.340000	0.539149	-1.150175	1.391391	0.000000	0.000000
360.350000	0.539150	-1.150176	1.391387	0.000000	0.000000
360.360000	0.539152	-1.150180	1.391384	0.000000	0.000000
360.370000	0.539155	-1.150186	1.391380	0.000000	0.000000
360.380000	0.539158	-1.150193	1.391377	0.000000	0.000000
360.390000	0.539161	-1.150202	1.391373	0.000000	0.000000
360.400000	0.539164	-1.150210	1.391369	0.000000	0.000000
360.410000	0.539167	-1.150218	1.391366	0.000000	0.000000
360.420000	0.539169	-1.150224	1.391362	0.000000	0.000000
360.430000	0.539172	-1.150231	1.391358	0.000000	0.000000
360.440000	0.539174	-1.150238	1.391355	0.000000	0.000000
360.450000	0.539176	-1.150246	1.391351	0.000000	0.000000
360.460000	0.539177	-1.150251	1.391348	0.000000	0.000000
360.470000	0.539176	-1.150253	1.391344	0.000000	0.000000
360.480000	0.539174	-1.150253	1.391341	0.000000	0.000000
360.490000	0.539172	-1.150252	1.391337	0.000000	0.000000
360.500000	0.539170	-1.150250	1.391334	0.000000	0.000000
360.510000	0.539167	-1.150247	1.391330	0.000000	0.000000
360.520000	0.539163	-1.150244	1.391327	0.000000	0.000000
360.530000	0.539160	-1.150243	1.391324	0.000000	0.000000
360.540000	0.539158	-1.150244	1.391321	0.000000	0.000000
360.550000	0.539157	-1.150245	1.391317	0.000000	0.000000
360.560000	0.539157	-1.150247	1.391314	0.000000	0.000000
360.570000	0.539157	-1.150248	1.391311	0.000000	0.000000
360.580000	0.539156	-1.150248	1.391307	0.000000	0.000000
360.590000	0.539157	-1.150248	1.391304	0.000000	0.000000
360.600000	0.539158	-1.150248	1.391300	0.000000	0.000000
360.610000	0.539159	-1.150248	1.391297	0.000000	0.000000
360.620000	0.539159	-1.150249	1.391293	0.000000	0.000000
360.630000	0.539159	-1.150251	1.391289	0.000000	0.000000
360.640000	0.539158	-1.150254	1.391285	0.000000	0.000000
360.650000	0.539159	-1.150258	1.391281	0.000000	0.000000
360.660000	0.539159	-1.150262	1.391277	0.000000	0.000000
360.670000	0.539161	-1.150265	1.391272	0.000000	0.000000
360.680000	0.539162	-1.150270	1.391268	0.000000	0.000000
360.690000	0.539165	-1.150278	1.391264	0.000000	0.000000
360.700000	0.539168	-1.150289	1.391260	0.000000	0.000000
360.710000	0.539172	-1.150302	1.391256	0.000000	0.000000
360.720000	0.539177	-1.150315	1.391251	0.000000	0.000000
360.730000	0.539182	-1.150327	1.391247	0.000000	0.000000
360.740000	0.539185	-1.150338	1.391243	0.000000	0.000000
360.750000	0.539189	-1.150347	1.391239	0.000000	0.000000
360.760000	0.539193	-1.150356	1.391235	0.000000	0.000000
360.770000	0.539195	-1.150363	1.391231	0.000000	0.000000
360.780000	0.539197	-1.150366	1.391227	0.000000	0.000000
360.790000	0.539197	-1.150364	1.391224	0.000000	0.000000
360.800000	0.539195	-1.150359	1.391220	0.000000	0.000000
360.810000	0.539191	-1.150351	1.391216	0.000000	0.000000
360.820000	0.539188	-1.150343	1.391213	0.000000	0.000000
360.830000	0.539185	-1.150335	1.391209	0.000000	0.000000
360.840000	0.539183	-1.150329	1.391206	0.000000	0.000000
360.850000	0.539181	-1.150323	1.391202	0.000000	0.000000
360.860000	0.539179	-1.150317	1.391199	0.000000	0.000000
360.870000	0.539177	-1.150312	1.391196	0.000000	0.000000
360.880000	0.539175	-1.150307	1.391192	0.000000	0.000000
360.890000	0.539173	-1.150304	1.391189	0.000000	0.000000
360.900000	0.539172	-1.150304	1.391186	0.000000	0.000000
360.910000	0.539172	-1.150305	1.391183	0.000000	0.000000
360.920000	0.539172	-1.150309	1.391179	0.000000	0.000000
360.930000	0.539174	-1.150314	1.391176	0.000000	0.000000
360.940000	0.539177	-1.150322	1.391173	0.000000	0.000000
360.950000	0.539181	-1.150331	1.391170	0.000000	0.000000
360.960000	0.539184	-1.150340	1.391167	0.000000	0.000000
360.970000	0.539187	-1.150348	1.391163	0.000000	0.000000
360.980000	0.539189	-1.150355	1.391160	0.000000	0.000000
360.990000	0.539190	-1.150362	1.391157	0.000000	0.000000
361.000000	0.539191	-1.150368	1.391154	0.000000	0.000000
361.010000	0.539192	-1.150372	1.391151	0.000000	0.000000
361.020000	0.539193	-1.150378	1.391148	0.000000	0.000000
361.030000	0.539195	-1.150387	1.391145	0.000000	0.000000
361.040000	0.539198	-1.150397	1.391142	0.000000	0.000000
361.050000	0.539200	-1.150408	1.391139	0.000000	0.000000
361.060000	0.539201	-1.150418	1.391136	0.000000	0.000000
361.070000	0.539202	-1.150427	1.391133	0.000000	0.000000
361.080000	0.539204	-1.150434	1.391131	0.000000	0.000000
361.090000	0.539205	-1.150439	1.391128	0.000000	0.000000
361.100000	0.539207	-1.150443	1.391126	0.000000	0.000000
361.110000	0.539209	-1.150446	1.391124	0.000000	0.000000
361.120000	0.539210	-1.150449	1.391122	0.000000	0.000000
361.130000	0.539212	-1.150453	1.391120	0.000000	0.000000
361.140000	0.539213	-1.150455	1.391118	0.000000	0.000000
361.150000	0.539214	-1.150457	1.391116	0.000000	0.000000
361.160000	0.539214	-1.150457	1.391114	0.000000	0.000000
361.170000	0.539213	-1.150457	1.391113	0.000000	0.000000
361.180000	0.539212	-1.150455	1.391111	0.000000	0.000000
361.190000	0.539209	-1.150453	1.391110	0.000000	0.000000
361.200000	0.539206	-1.150450	1.391108	0.000000	0.000000
361.210000	0.539203	-1.150447	1.391107	0.000000	0.000000
361.220000	0.539200	-1.150445	1.391105	0.000000	0.000000
361.230000	0.539199	-1.150447	1.391104	0.000000	0.000000
361.240000	0.539199	-1.150451	1.391103	0.000000	0.000000
361.250000	0.539199	-1.150457	1.391101	0.000000	0.000000
361.260000	0.539198	-1.150464	1.391100	0.000000	0.000000
361.270000	0.539198	-1.150471	1.391098	0.000000	0.000000
361.280000	0.539199	-1.150477	1.391096	0.000000	0.000000
361.290000	0.539198	-1.150481	1.391095	0.000000	0.000000
361.300000	0.539197	-1.150483	1.391093	0.000000	0.000000
361.310000	0.539194	-1.150481	1.391091	0.000000	0.000000
361.320000	0.539192	-1.150479	1.391089	0.000000	0.000000
361.330000	0.539189	-1.150479	1.391088	0.000000	0.000000
361.340000	0.539188	-1.150483	1.391086	0.000000	0.000000
361.350000	0.539187	-1.150489	1.391084	0.000000	0.000000
361.360000	0.539187	-1.150495	1.391083	0.000000	0.000000
361.370000	0.539185	-1.150498	1.391081	0.000000	0.000000
361.380000	0.539183	-1.150499	1.391079	0.000000	0.000000
361.390000	0.539183	-1.150499	1.391078	0.000000	0.000000
361.400000	0.539182	-1.150501	1.391076	0.000000	0.000000
361.410000	0.539184	-1.150506	1.391075	0.000000	0.000000
361.420000	0.539186	-1.150510	1.391073	0.000000	0.000000
361.430000	0.539186	-1.150514	1.391072	0.000000	0.000000
361.440000	0.539186	-1.150515	1.391071	0.000000	0.000000
361.450000	0.539184	-1.150513	1.391069	0.000000	0.000000
361.460000	0.539182	-1.150510	1.391068	0.000000	0.000000
361.470000	0.539181	-1.150508	1.391067	0.000000	0.000000
361.480000	0.539181	-1.150508	1.391065	0.000000	0.000000
361.490000	0.539182	-1.150511	1.391064	0.000000	0.000000
361.500000	0.539184	-1.150516	1.391063	0.000000	0.000000
361.510000	0.539186	-1.150519	1.391061	0.000000	0.000000
361.520000	0.539186	-1.150517	1.391060	0.000000	0.000000
361.530000	0.539184	-1.150509	1.391059	0.000000	0.000000
361.540000	0.539182	-1.150499	1.391058	0.000000	0.000000
361.550000	0.539180	-1.150489	1.391056	0.000000	0.000000
361.560000	0.539178	-1.150478	1.391055	0.000000	0.000000
361.570000	0.539176	-1.150467	1.391054	0.000000	0.000000
361.580000	0.539174	-1.150459	1.391053	0.000000	0.000000
361.590000	0.539173	-1.150454	1.391052	0.000000	0.000000
361.600000	0.539172	-1.150450	1.391051	0.000000	0.000000
361.610000	0.539171	-1.150447	1.391050	0.000000	0.000000
361.620000	0.539170	-1.150445	1.391049	0.000000	0.000000
361.630000	0.539170	-1.150442	1.391047	0.000000	0.000000
361.640000	0.539169	-1.150441	1.391046	0.000000	0.000000
361.650000	0.539169	-1.150443	1.391045	0.000000	0.000000
361.660000	0.539168	-1.150447	1.391044	0.000000	0.000000
361.670000	0.539169	-1.150454	1.391043	0.000000	0.000000
361.680000	0.539170	-1.150461	1.391042	0.000000	0.000000
361.690000	0.539170	-1.150468	1.391041	0.000000	0.000000
361.700000	0.539170	-1.150471	1.391040	0.000000	0.000000
361.710000	0.539168	-1.150469	1.391040	0.000000	0.000000
361.720000	0.539166	-1.150464	1.391039	0.000000	0.000000
361.730000	0.539165	-1.150464	1.391038	0.000000	0.000000
361.740000	0.539164	-1.150468	1.391037	0.000000	0.000000
361.750000	0.539164	-1.150476	1.391036	0.000000	0.000000
361.760000	0.539164	-1.150486	1.391035	0.000000	0.000000
361.770000	0.539165	-1.150495	1.391035	0.000000	0.000000
361.780000	0.539165	-1.150505	1.391034	0.000000	0.000000
361.790000	0.539166	-1.150512	1.391033	0.000000	0.000000
361.800000	0.539165	-1.150518	1.391032	0.000000	0.000000
361.810000	0.539164	-1.150521	1.391032	0.000000	0.000000
361.820000	0.539162	-1.150520	1.391031	0.000000	0.000000
361.830000	0.539158	-1.150515	1.391030	0.000000	0.000000
361.840000	0.539154	-1.150506	1.391029	0.000000	0.000000
361.850000	0.539149	-1.150494	1.391028	0.000000	0.000000
361.860000	0.539143	-1.150482	1.391027	0.000000	0.000000
361.870000	0.539139	-1.150471	1.391026	0.000000	0.000000
361.880000	0.539134	-1.150461	1.391025	0.000000	0.000000
361.890000	0.539130	-1.150453	1.391024	0.000000	0.000000
361.900000	0.539126	-1.150446	1.391023	0.000000	0.000000
361.910000	0.539123	-1.150440	1.391021	0.000000	0.000000
361.920000	0.539121	-1.150435	1.391020	0.000000	0.000000
361.930000	0.539120	-1.150430	1.391019	0.000000	0.000000
361.940000	0.539120	-1.150425	1.391017	0.000000	0.000000
361.950000	0.539120	-1.150419	1.391016	0.000000	0.000000
361.960000	0.539119	-1.150412	1.391014	0.000000	0.000000
361.970000	0.539118	-1.150404	1.391012	0.000000	0.000000
361.980000	0.539117	-1.150397	1.391010	0.000000	0.000000
361.990000	0.539117	-1.150393	1.391008	0.000000	0.000000
362.000000	0.539118	-1.150391	1.391006	0.000000	0.000000
362.010000	0.539121	-1.150393	1.391003	0.000000	0.000000
362.020000	0.539123	-1.150394	1.391001	0.000000	0.000000
362.030000	0.539124	-1.150393	1.390998	0.000000	0.000000
362.040000	0.539126	-1.150391	1.390995	0.000000	0.000000
362.050000	0.539129	-1.150389	1.390992	0.000000	0.000000
362.060000	0.539132	-1.150389	1.390989	0.000000	0.000000
362.070000	0.539135	-1.150391	1.390986	0.000000	0.000000
362.080000	0.539139	-1.150393	1.390983	0.000000	0.000000
362.090000	0.539142	-1.150394	1.390979	0.000000	0.000000
362.100000	0.539146	-1.150393	1.390976	0.000000	0.000000
362.110000	0.539149	-1.150388	1.390972	0.000000	0.000000
362.120000	0.539150	-1.150380	1.390968	0.000000	0.000000
362.130000	0.539151	-1.150371	1.390965	0.000000	0.000000
362.140000	0.539153	-1.150363	1.390961	0.000000	0.000000
362.150000	0.539156	-1.150357	1.390957	0.000000	0.000000
362.160000	0.539158	-1.150355	1.390954	0.000000	0.000000
362.170000	0.539161	-1.150356	1.390950	0.000000	0.000000
362.180000	0.539166	-1.150360	1.390947	0.000000	0.000000
362.190000	0.539170	-1.150365	1.390943	0.000000	0.000000
362.200000	0.539174	-1.150371	1.390940	0.000000	0.000000
362.210000	0.539178	-1.150376	1.390937	0.000000	0.000000
362.220000	0.539183	-1.150377	1.390934	0.000000	0.000000
362.230000	0.539185	-1.150373	1.390931	0.000000	0.000000
362.240000	0.539184	-1.150362	1.390928	0.000000	0.000000
362.250000	0.539183	-1.150346	1.390925	0.000000	0.000000
362.260000	0.539183	-1.150328	1.390922	0.000000	0.000000
362.270000	0.539184	-1.150312	1.390920	0.000000	0.000000
362.280000	0.539185	-1.150300	1.390917	0.000000	0.000000
362.290000	0.539188	-1.150291	1.390915	0.000000	0.000000
362.300000	0.539190	-1.150285	1.390912	0.000000	0.000000
362.310000	0.539193	-1.150281	1.390910	0.000000	0.000000
362.320000	0.539198	-1.150277	1.390908	0.000000	0.000000
362.330000	0.539203	-1.150273	1.390905	0.000000	0.000000
362.340000	0.539207	-1.150269	1.390903	0.000000	0.000000
362.350000	0.539212	-1.150263	1.390901	0.000000	0.000000
362.360000	0.539216	-1.150257	1.390899	0.000000	0.000000
362.370000	0.539219	-1.150251	1.390897	0.000000	0.000000
362.380000	0.539221	-1.150244	1.390895	0.000000	0.000000
362.390000	0.539224	-1.150238	1.390893	0.000000	0.000000
362.400000	0.539226	-1.150232	1.390892	0.000000	0.000000
362.410000	0.539229	-1.150226	1.390890	0.000000	0.000000
362.420000	0.539232	-1.150218	1.390889	0.000000	0.000000
362.430000	0.539234	-1.150209	1.390888	0.000000	0.000000
362.440000	0.539237	-1.150201	1.390887	0.000000	0.000000
362.450000	0.539240	-1.150192	1.390887	0.000000	0.000000
362.460000	0.539243	-1.150183	1.390886	0.000000	0.000000
362.470000	0.539246	-1.150172	1.390886	0.000000	0.000000
362.480000	0.539248	-1.150160	1.390885	0.000000	0.000000
362.490000	0.539251	-1.150145	1.390885	0.000000	0.000000
362.500000	0.539254	-1.150130	1.390886	0.000000	0.000000
362.510000	0.539255	-1.150113	1.390886	0.000000	0.000000
362.520000	0.539257	-1.150097	1.390886	0.000000	0.000000
362.530000	0.539258	-1.150083	1.390886	0.000000	0.000000
362.540000	0.539260	-1.150070	1.390887	0.000000	0.000000
362.550000	0.539263	-1.150061	1.390887	0.000000	0.000000
362.560000	0.539266	-1.150054	1.390888	0.000000	0.000000
362.570000	0.539268	-1.150049	1.390889	0.000000	0.000000
362.580000	0.539272	-1.150045	1.390889	0.000000	0.000000
362.590000	0.539274	-1.150041	1.390890	0.000000	0.000000
362.600000	0.539276	-1.150035	1.390890	0.000000	0.000000
362.610000	0.539276	-1.150025	1.390891	0.000000	0.000000
362.620000	0.539276	-1.150013	1.390891	0.000000	0.000000
362.630000	0.539277	-1.150002	1.390892	0.000000	0.000000
362.640000	0.539277	-1.149991	1.390893	0.000000	0.000000
362.650000	0.539278	-1.149983	1.390893	0.000000	0.000000
362.660000	0.539280	-1.149978	1.390894	0.000000	0.000000
362.670000	0.539284	-1.149976	1.390895	0.000000	0.000000
362.680000	0.539289	-1.149978	1.390896	0.000000	0.000000
362.690000	0.539295	-1.149980	1.390897	0.000000	0.000000
362.700000	0.539300	-1.149982	1.390898	0.000000	0.000000
362.710000	0.539303	-1.149980	1.390899	0.000000	0.000000
362.720000	0.539305	-1.149975	1.390900	0.000000	0.000000
362.730000	0.539304	-1.149967	1.390902	0.000000	0.000000
362.740000	0.539302	-1.149956	1.390904	0.000000	0.000000
362.750000	0.539299	-1.149944	1.390905	0.000000	0.000000
362.760000	0.539296	-1.149930	1.390907	0.000000	0.000000
362.770000	0.539292	-1.149913	1.390909	0.000000	0.000000
362.780000	0.539287	-1.149894	1.390911	0.000000	0.000000
362.790000	0.539282	-1.149874	1.390913	0.000000	0.000000
362.800000	0.539276	-1.149854	1.390915	0.000000	0.000000
362.810000	0.539273	-1.149836	1.390917	0.000000	0.000000
362.820000	0.539270	-1.149822	1.390919	0.000000	0.000000
362.830000	0.539269	-1.149811	1.390921	0.000000	0.000000
362.840000	0.539269	-1.149804	1.390923	0.000000	0.000000
362.850000	0.539271	-1.149798	1.390925	0.000000	0.000000
362.860000	0.539272	-1.149792	1.390927	0.000000	0.000000
362.870000	0.539274	-1.149786	1.390929	0.000000	0.000000
362.880000	0.539275	-1.149780	1.390931	0.000000	0.000000
362.890000	0.539275	-1.149770	1.390933	0.000000	0.000000
362.900000	0.539275	-1.149758	1.390935	0.000000	0.000000
362.910000	0.539274	-1.149741	1.390937	0.000000	0.000000
362.920000	0.539272	-1.149723	1.390939	0.000000	0.000000
362.930000	0.539270	-1.149706	1.390941	0.000000	0.000000
362.940000	0.539269	-1.149691	1.390943	0.000000	0.000000
362.950000	0.539270	-1.149681	1.390945	0.000000	0.000000
362.960000	0.539272	-1.149673	1.390947	0.000000	0.000000
362.970000	0.539274	-1.149665	1.390949	0.000000	0.000000
362.980000	0.539276	-1.149656	1.390950	0.000000	0.000000
362.990000	0.539276	-1.149644	1.390952	0.000000	0.000000
363.000000	0.539276	-1.149630	1.390954	0.000000	0.000000
363.010000	0.539274	-1.149613	1.390956	0.000000	0.000000
363.020000	0.539273	-1.149595	1.390958	0.000000	0.000000
363.030000	0.539272	-1.149580	1.390959	0.000000	0.000000
363.040000	0.539272	-1.149566	1.390961	0.000000	0.000000
363.050000	0.539272	-1.149553	1.390963	0.000000	0.000000
363.060000	0.539272	-1.149540	1.390965	0.000000	0.000000
363.070000	0.539272	-1.149525	1.390967	0.000000	0.000000
363.080000	0.539271	-1.149511	1.390969	0.000000	0.000000
363.090000	0.539271	-1.149498	1.390971	0.000000	0.000000
363.100000	0.539272	-1.149488	1.390972	0.000000	0.000000
363.110000	0.539274	-1.149481	1.390974	0.000000	0.000000
363.120000	0.539276	-1.149476	1.390976	0.000000	0.000000
363.130000	0.539277	-1.149471	1.390978	0.000000	0.000000
363.140000	0.539278	-1.149464	1.390979	0.000000	0.000000
363.150000	0.539277	-1.149453	1.390981	0.000000	0.000000
363.160000	0.539277	-1.149443	1.390983	0.000000	0.000000
363.170000	0.539278	-1.149436	1.390984	0.000000	0.000000
363.180000	0.539279	-1.149431	1.390986	0.000000	0.000000
363.190000	0.539281	-1.149426	1.390988	0.000000	0.000000
363.200000	0.539281	-1.149420	1.390990	0.000000	0.000000
363.210000	0.539281	-1.149412	1.390992	0.000000	0.000000
363.220000	0.539281	-1.149403	1.390994	0.000000	0.000000
363.230000	0.539281	-1.149393	1.390996	0.000000	0.000000
363.240000	0.539281	-1.149385	1.390998	0.000000	0.000000
363.250000	0.539281	-1.149378	1.391000	0.000000	0.000000
363.260000	0.539281	-1.149370	1.391002	0.000000	0.000000
363.270000	0.539279	-1.149360	1.391004	0.000000	0.000000
363.280000	0.539278	-1.149349	1.391006	0.000000	0.000000
363.290000	0.539276	-1.149337	1.391008	0.000000	0.000000
363.300000	0.539275	-1.149326	1.391010	0.000000	0.000000
363.310000	0.539273	-1.149316	1.391012	0.000000	0.000000
363.320000	0.539272	-1.149307	1.391015	0.000000	0.000000
363.330000	0.539272	-1.149298	1.391017	0.000000	0.000000
363.340000	0.539272	-1.149289	1.391019	0.000000	0.000000
363.350000	0.539272	-1.149280	1.391021	0.000000	0.000000
363.360000	0.539272	-1.149270	1.391024	0.000000	0.000000
363.370000	0.539272	-1.149260	1.391026	0.000000	0.000000
363.380000	0.539273	-1.149249	1.391028	0.000000	0.000000
363.390000	0.539273	-1.149239	1.391030	0.000000	0.000000
363.400000	0.539273	-1.149230	1.391033	0.000000	0.000000
363.410000	0.539274	-1.149221	1.391035	0.000000	0.000000
363.420000	0.539275	-1.149212	1.391037	0.000000	0.000000
363.430000	0.539275	-1.149203	1.391039	0.000000	0.000000
363.440000	0.539273	-1.149194	1.391041	0.000000	0.000000
363.450000	0.539271	-1.149185	1.391043	0.000000	0.000000
363.460000	0.539267	-1.149175	1.391046	0.000000	0.000000
363.470000	0.539265	-1.149168	1.391048	0.000000	0.000000
363.480000	0.539264	-1.149163	1.391050	0.000000	0.000000
363.490000	0.539263	-1.149161	1.391052	0.000000	0.000000
363.500000	0.539263	-1.149162	1.391054	0.000000	0.000000
363.510000	0.539264	-1.149165	1.391056	0.000000	0.000000
363.520000	0.539264	-1.149167	1.391058	0.000000	0.000000
363.530000	0.539264	-1.149168	1.391059	0.000000	0.000000
363.540000	0.539264	-1.149165	1.391061	0.000000	0.000000
363.550000	0.539264	-1.149159	1.391063	0.000000	0.000000
363.560000	0.539265	-1.149151	1.391064	0.000000	0.000000
363.570000	0.539267	-1.149148	1.391066	0.000000	0.000000
363.580000	0.539271	-1.149150	1.391067	0.000000	0.000000
363.590000	0.539277	-1.149153	1.391068	0.000000	0.000000
363.600000	0.539282	-1.149153	1.391070	0.000000	0.000000
363.610000	0.539284	-1.149146	1.391071	0.000000	0.000000
363.620000	0.539283	-1.149127	1.391072	0.000000	0.000000
363.630000	0.539281	-1.149101	1.391074	0.000000	0.000000
363.640000	0.539281	-1.149079	1.391075	0.000000	0.000000
363.650000	0.539284	-1.149065	1.391076	0.000000	0.000000
363.660000	0.539289	-1.149055	1.391078	0.000000	0.000000
363.670000	0.539292	-1.149044	1.391080	0.000000	0.000000
363.680000	0.539295	-1.149030	1.391081	0.000000	0.000000
363.690000	0.539296	-1.149014	1.391083	0.000000	0.000000
363.700000	0.539298	-1.149002	1.391085	0.000000	0.000000
363.710000	0.539301	-1.148996	1.391087	0.000000	0.000000
363.720000	0.539306	-1.148995	1.391089	0.000000	0.000000
363.730000	0.539312	-1.148995	1.391092	0.000000	0.000000
363.740000	0.539315	-1.148992	1.391095	0.000000	0.000000
363.750000	0.539317	-1.148986	1.391098	0.000000	0.000000
363.760000	0.539318	-1.148977	1.391101	0.000000	0.000000
363.770000	0.539318	-1.148967	1.391104	0.000000	0.000000
363.780000	0.539319	-1.148957	1.391108	0.000000	0.000000
363.790000	0.539321	-1.148946	1.391112	0.000000	0.000000
363.800000	0.539321	-1.148934	1.391116	0.000000	0.000000
363.810000	0.539322	-1.148920	1.391120	0.000000	0.000000
363.820000	0.539321	-1.148902	1.391124	0.000000	0.000000
363.830000	0.539320	-1.148883	1.391129	0.000000	0.000000
363.840000	0.539318	-1.148861	1.391133	0.000000	0.000000
363.850000	0.539315	-1.148838	1.391138	0.000000	0.000000
363.860000	0.539313	-1.148814	1.391143	0.000000	0.000000
363.870000	0.539310	-1.148792	1.391148	0.000000	0.000000
363.880000	0.539309	-1.148771	1.391153	0.000000	0.000000
363.890000	0.539308	-1.148752	1.391158	0.000000	0.000000
363.900000	0.539306	-1.148737	1.391163	0.000000	0.000000
363.910000	0.539306	-1.148723	1.391168	0.000000	0.000000
363.920000	0.539305	-1.148710	1.391173	0.000000	0.000000
363.930000	0.539304	-1.148698	1.391178	0.000000	0.000000
363.940000	0.539303	-1.148686	1.391183	0.000000	0.000000
363.950000	0.539301	-1.148673	1.391188	0.000000	0.000000
363.960000	0.539300	-1.148661	1.391193	0.000000	0.000000
363.970000	0.539301	-1.148648	1.391198	0.000000	0.000000
363.980000	0.539300	-1.148634	1.391202	0.000000	0.000000
363.990000	0.539298	-1.148615	1.391207	0.000000	0.000000
364.000000	0.539293	-1.148591	1.391212	0.000000	0.000000
364.010000	0.539290	-1.148571	1.391216	0.000000	0.000000
364.020000	0.539288	-1.148556	1.391221	0.000000	0.000000
364.030000	0.539287	-1.148547	1.391226	0.000000	0.000000
364.040000	0.539286	-1.148538	1.391231	0.000000	0.000000
364.050000	0.539285	-1.148528	1.391235	0.000000	0.000000
364.060000	0.539283	-1.148517	1.391240	0.000000	0.000000
364.070000	0.539282	-1.148503	1.391245	0.000000	0.000000
364.080000	0.539280	-1.148487	1.391250	0.000000	0.000000
364.090000	0.539278	-1.148470	1.391255	0.000000	0.000000
364.100000	0.539276	-1.148450	1.391259	0.000000	0.000000
364.110000	0.539272	-1.148430	1.391264	0.000000	0.000000
364.120000	0.539269	-1.148408	1.391269	0.000000	0.000000
364.130000	0.539265	-1.148384	1.391274	0.000000	0.000000
364.140000	0.539261	-1.148358	1.391279	0.000000	0.000000
364.150000	0.539257	-1.148329	1.391284	0.000000	0.000000
364.160000	0.539252	-1.148298	1.391289	0.000000	0.000000
364.170000	0.539247	-1.148265	1.391294	0.000000	0.000000
364.180000	0.539242	-1.148235	1.391299	0.000000	0.000000
364.190000	0.539239	-1.148208	1.391304	0.000000	0.000000
364.200000	0.539236	-1.148184	1.391309	0.000000	0.000000
364.210000	0.539235	-1.148164	1.391314	0.000000	0.000000
364.220000	0.539234	-1.148147	1.391319	0.000000	0.000000
364.230000	0.539235	-1.148134	1.391324	0.000000	0.000000
364.240000	0.539239	-1.148126	1.391328	0.000000	0.000000
364.250000	0.539244	-1.148122	1.391333	0.000000	0.000000
364.260000	0.539249	-1.148119	1.391338	0.000000	0.000000
364.270000	0.539255	-1.148115	1.391343	0.000000	0.000000
364.280000	0.539260	-1.148104	1.391348	0.000000	0.000000
364.290000	0.539261	-1.148083	1.391353	0.000000	0.000000
364.300000	0.539262	-1.148059	1.391358	0.000000	0.000000
364.310000	0.539263	-1.148039	1.391363	0.000000	0.000000
364.320000	0.539266	-1.148023	1.391368	0.000000	0.000000
364.330000	0.539270	-1.148009	1.391373	0.000000	0.000000
364.340000	0.539273	-1.147995	1.391378	0.000000	0.000000
364.350000	0.539276	-1.147980	1.391383	0.000000	0.000000
364.360000	0.539280	-1.147964	1.391389	0.000000	0.000000
364.370000	0.539284	-1.147945	1.391394	0.000000	0.000000
364.380000	0.539285	-1.147922	1.391399	0.000000	0.000000
364.390000	0.539284	-1.147897	1.391405	0.000000	0.000000
364.400000	0.539282	-1.147869	1.391410	0.000000	0.000000
364.410000	0.539280	-1.147842	1.391416	0.000000	0.000000
364.420000	0.539279	-1.147814	1.391422	0.000000	0.000000
364.430000	0.539279	-1.147787	1.391427	0.000000	0.000000
364.440000	0.539278	-1.147759	1.391433	0.000000	0.000000
364.450000	0.539279	-1.147734	1.391438	0.000000	0.000000
364.460000	0.539281	-1.147713	1.391444	0.000000	0.000000
364.470000	0.539285	-1.147697	1.391450	0.000000	0.000000
364.480000	0.539291	-1.147686	1.391455	0.000000	0.000000
364.490000	0.539297	-1.147677	1.391461	0.000000	0.000000
364.500000	0.539303	-1.147668	1.391466	0.000000	0.000000
364.510000	0.539308	-1.147658	1.391472	0.000000	0.000000
364.520000	0.539311	-1.147643	1.391477	0.000000	0.000000
364.530000	0.539313	-1.147624	1.391482	0.000000	0.000000
364.540000	0.539314	-1.147602	1.391487	0.000000	0.000000
364.550000	0.539314	-1.147578	1.391493	0.000000	0.000000
364.560000	0.539313	-1.147554	1.391498	0.000000	0.000000
364.570000	0.539313	-1.147532	1.391503	0.000000	0.000000
364.580000	0.539314	-1.147511	1.391508	0.000000	0.000000
364.590000	0.539315	-1.147493	1.391513	0.000000	0.000000
364.600000	0.539318	-1.147477	1.391518	0.000000	0.000000
364.610000	0.539321	-1.147464	1.391523	0.000000	0.000000
364.620000	0.539324	-1.147454	1.391528	0.000000	0.000000
364.630000	0.539327	-1.147446	1.391533	0.000000	0.000000
364.640000	0.539330	-1.147438	1.391539	0.000000	0.000000
364.650000	0.539332	-1.147431	1.391544	0.000000	0.000000
364.660000	0.539333	-1.147422	1.391549	0.000000	0.000000
364.670000	0.539334	-1.147412	1.391554	0.000000	0.000000
364.680000	0.539334	-1.147398	1.391559	0.000000	0.000000
364.690000	0.539333	-1.147382	1.391564	0.000000	0.000000
364.700000	0.539332	-1.147365	1.391569	0.000000	0.000000
364.710000	0.539331	-1.147348	1.391574	0.000000	0.000000
364.720000	0.539330	-1.147333	1.391579	0.000000	0.000000
364.730000	0.539329	-1.147319	1.391584	0.000000	0.000000
364.740000	0.539330	-1.147309	1.391589	0.000000	0.000000
364.750000	0.539331	-1.147302	1.391594	0.000000	0.000000
364.760000	0.539333	-1.147298	1.391599	0.000000	0.000000
364.770000	0.539336	-1.147297	1.391604	0.000000	0.000000
364.780000	0.539340	-1.147297	1.391609	0.000000	0.000000
364.790000	0.539344	-1.147299	1.391614	0.000000	0.000000
364.800000	0.539347	-1.147299	1.391619	0.000000	0.000000
364.810000	0.539349	-1.147298	1.391624	0.000000	0.000000
364.820000	0.539352	-1.147294	1.391629	0.000000	0.000000
364.830000	0.539354	-1.147288	1.391634	0.000000	0.000000
364.840000	0.539353	-1.147278	1.391639	0.000000	0.000000
364.850000	0.539351	-1.147263	1.391644	0.000000	0.000000
364.860000	0.539349	-1.147245	1.391649	0.000000	0.000000
364.870000	0.539347	-1.147228	1.391654	0.000000	0.000000
364.880000	0.539347	-1.147214	1.391659	0.000000	0.000000
364.890000	0.539347	-1.147203	1.391664	0.000000	0.000000
364.900000	0.539348	-1.147195	1.391669	0.000000	0.000000
364.910000	0.539350	-1.147187	1.391674	0.000000	0.000000
364.920000	0.539352	-1.147180	1.391679	0.000000	0.000000
364.930000	0.539355	-1.147170	1.391684	0.000000	0.000000
364.940000	0.539356	-1.147159	1.391689	0.000000	0.000000
364.950000	0.539357	-1.147145	1.391694	0.000000	0.000000
364.960000	0.539356	-1.147130	1.391699	0.000000	0.000000
364.970000	0.539355	-1.147115	1.391704	0.000000	0.000000
364.980000	0.539354	-1.147102	1.391709	0.000000	0.000000
364.990000	0.539353	-1.147092	1.391713	0.000000	0.000000
365.000000	0.539353	-1.147084	1.391718	0.000000	0.000000
365.010000	0.539353	-1.147078	1.391723	0.000000	0.000000
365.020000	0.539352	-1.147071	1.391727	0.000000	0.000000
365.030000	0.539350	-1.147063	1.391732	0.000000	0.000000
365.040000	0.539348	-1.147052	1.391736	0.000000	0.000000
365.050000	0.539344	-1.147040	1.391740	0.000000	0.000000
365.060000	0.539341	-1.147029	1.391744	0.000000	0.000000
365.070000	0.539339	-1.147021	1.391749	0.000000	0.000000
365.080000	0.539338	-1.147016	1.391753	0.000000	0.000000
365.090000	0.539338	-1.147014	1.391757	0.000000	0.000000
365.100000	0.539339	-1.147013	1.391760	0.000000	0.000000
365.110000	0.539340	-1.147014	1.391764	0.000000	0.000000
365.120000	0.539340	-1.147015	1.391768	0.000000	0.000000
365.130000	0.539339	-1.147015	1.391771	0.000000	0.000000
365.140000	0.539339	-1.147016	1.391774	0.000000	0.000000
365.150000	0.539338	-1.147016	1.391778	0.000000	0.000000
365.160000	0.539336	-1.147016	1.391781	0.000000	0.000000
365.170000	0.539333	-1.147016	1.391784	0.000000	0.000000
365.180000	0.539332	-1.147016	1.391787	0.000000	0.000000
365.190000	0.539330	-1.147017	1.391790	0.000000	0.000000
365.200000	0.539329	-1.147019	1.391793	0.000000	0.000000
365.210000	0.539329	-1.147021	1.391796	0.000000	0.000000
365.220000	0.539329	-1.147024	1.391799	0.000000	0.000000
365.230000	0.539328	-1.147025	1.391801	0.000000	0.000000
365.240000	0.539327	-1.147024	1.391804	0.000000	0.000000
365.250000	0.539325	-1.147021	1.391807	0.000000	0.000000
365.260000	0.539323	-1.147016	1.391810	0.000000	0.000000
365.270000	0.539320	-1.147010	1.391812	0.000000	0.000000
365.280000	0.539317	-1.147004	1.391815	0.000000	0.000000
365.290000	0.539314	-1.146999	1.391817	0.000000	0.000000
365.300000	0.539312	-1.146995	1.391820	0.000000	0.000000
365.310000	0.539311	-1.146993	1.391822	0.000000	0.000000
365.320000	0.539311	-1.146993	1.391824	0.000000	0.000000
365.330000	0.539312	-1.146996	1.391826	0.000000	0.000000
365.340000	0.539314	-1.146999	1.391828	0.000000	0.000000
365.350000	0.539316	-1.147004	1.391830	0.000000	0.000000
365.360000	0.539318	-1.147009	1.391832	0.000000	0.000000
365.370000	0.539321	-1.147012	1.391834	0.000000	0.000000
365.380000	0.539323	-1.147016	1.391835	0.000000	0.000000
365.390000	0.539325	-1.147020	1.391837	0.000000	0.000000
365.400000	0.539329	-1.147026	1.391838	0.000000	0.000000
365.410000	0.539332	-1.147034	1.391839	0.000000	0.000000
365.420000	0.539338	-1.147042	1.391840	0.000000	0.000000
365.430000	0.539343	-1.147049	1.391841	0.000000	0.000000
365.440000	0.539347	-1.147052	1.391842	0.000000	0.000000
365.450000	0.539348	-1.147050	1.391843	0.000000	0.000000
365.460000	0.539349	-1.147047	1.391844	0.000000	0.000000
365.470000	0.539349	-1.147047	1.391845	0.000000	0.000000
365.480000	0.539352	-1.147052	1.391846	0.000000	0.000000
365.490000	0.539354	-1.147058	1.391847	0.000000	0.000000
365.500000	0.539357	-1.147064	1.391847	0.000000	0.000000
365.510000	0.539360	-1.147068	1.391848	0.000000	0.000000
365.520000	0.539362	-1.147071	1.391849	0.000000	0.000000
365.530000	0.539362	-1.147072	1.391850	0.000000	0.000000
365.540000	0.539363	-1.147073	1.391850	0.000000	0.000000
365.550000	0.539364	-1.147073	1.391851	0.000000	0.000000
365.560000	0.539364	-1.147072	1.391851	0.000000	0.000000
365.570000	0.539366	-1.147071	1.391852	0.000000	0.000000
365.580000	0.539368	-1.147071	1.391852	0.000000	0.000000
365.590000	0.539370	-1.147070	1.391853	0.000000	0.000000
365.600000	0.539372	-1.147071	1.391853	0.000000	0.000000
365.610000	0.539374	-1.147072	1.391853	0.000000	0.000000
365.620000	0.539376	-1.147073	1.391853	0.000000	0.000000
365.630000	0.539378	-1.147075	1.391853	0.000000	0.000000
365.640000	0.539382	-1.147077	1.391853	0.000000	0.000000
365.650000	0.539384	-1.147078	1.391853	0.000000	0.000000
365.660000	0.539386	-1.147078	1.391853	0.000000	0.000000
365.670000	0.539389	-1.147077	1.391852	0.000000	0.000000
365.680000	0.539391	-1.147076	1.391852	0.000000	0.000000
365.690000	0.539394	-1.147076	1.391851	0.000000	0.000000
365.700000	0.539398	-1.147077	1.391850	0.000000	0.000000
365.710000	0.539402	-1.147077	1.391850	0.000000	0.000000
365.720000	0.539406	-1.147076	1.391849	0.000000	0.000000
365.730000	0.539409	-1.147076	1.391848	0.000000	0.000000
365.740000	0.539414	-1.147077	1.391848	0.000000	0.000000
365.750000	0.539418	-1.147080	1.391847	0.000000	0.000000
365.760000	0.539421	-1.147085	1.391846	0.000000	0.000000
365.770000	0.539424	-1.147089	1.391845	0.000000	0.000000
365.780000	0.539427	-1.147092	1.391845	0.000000	0.000000
365.790000	0.539429	-1.147094	1.391844	0.000000	0.000000
365.800000	0.539432	-1.147096	1.391843	0.000000	0.000000
365.810000	0.539434	-1.147095	1.391843	0.000000	0.000000
365.820000	0.539434	-1.147093	1.391842	0.000000	0.000000
365.830000	0.539433	-1.147088	1.391841	0.000000	0.000000
365.840000	0.539432	-1.147084	1.391840	0.000000	0.000000
365.850000	0.539432	-1.147080	1.391840	0.000000	0.000000
365.860000	0.539432	-1.147079	1.391839	0.000000	0.000000
365.870000	0.539433	-1.147080	1.391838	0.000000	0.000000
365.880000	0.539434	-1.147081	1.391837	0.000000	0.000000
365.890000	0.539434	-1.147082	1.391837	0.000000	0.000000
365.900000	0.539434	-1.147083	1.391836	0.000000	0.000000
365.910000	0.539434	-1.147084	1.391835	0.000000	0.000000
365.920000	0.539435	-1.147086	1.391834	0.000000	0.000000
365.930000	0.539436	-1.147089	1.391834	0.000000	0.000000
365.940000	0.539438	-1.147093	1.391833	0.000000	0.000000
365.950000	0.539439	-1.147096	1.391832	0.000000	0.000000
365.960000	0.539438	-1.147099	1.391832	0.000000	0.000000
365.970000	0.539438	-1.147101	1.391831	0.000000	0.000000
365.980000	0.539437	-1.147103	1.391830	0.000000	0.000000
365.990000	0.539436	-1.147105	1.391829	0.000000	0.000000
366.000000	0.539435	-1.147108	1.391829	0.000000	0.000000
366.010000	0.539434	-1.147112	1.391828	0.000000	0.000000
366.020000	0.539433	-1.147116	1.391827	0.000000	0.000000
366.030000	0.539430	-1.147120	1.391827	0.000000	0.000000
366.040000	0.539428	-1.147122	1.391826	0.000000	0.000000
366.050000	0.539425	-1.147122	1.391825	0.000000	0.000000
366.060000	0.539421	-1.147120	1.391824	0.000000	0.000000
366.070000	0.539417	-1.147118	1.391823	0.000000	0.000000
366.080000	0.539412	-1.147115	1.391822	0.000000	0.000000
366.090000	0.539408	-1.147113	1.391821	0.000000	0.000000
366.100000	0.539404	-1.147113	1.391820	0.000000	0.000000
366.110000	0.539400	-1.147114	1.391819	0.000000	0.000000
366.120000	0.539397	-1.147116	1.391818	0.000000	0.000000
366.130000	0.539394	-1.147119	1.391817	0.000000	0.000000
366.140000	0.539391	-1.147122	1.391816	0.000000	0.000000
366.150000	0.539389	-1.147127	1.391815	0.000000	0.000000
366.160000	0.539388	-1.147134	1.391813	0.000000	0.000000
366.170000	0.539387	-1.147141	1.391812	0.000000	0.000000
366.180000	0.539387	-1.147147	1.391810	0.000000	0.000000
366.190000	0.539386	-1.147152	1.391809	0.000000	0.000000
366.200000	0.539385	-1.147154	1.391807	0.000000	0.000000
366.210000	0.539385	-1.147155	1.391806	0.000000	0.000000
366.220000	0.539384	-1.147158	1.391804	0.000000	0.000000
366.230000	0.539385	-1.147163	1.391803	0.000000	0.000000
366.240000	0.539387	-1.147172	1.391801	0.000000	0.000000
366.250000	0.539390	-1.147182	1.391800	0.000000	0.000000
366.260000	0.539393	-1.147193	1.391799	0.000000	0.000000
366.270000	0.539395	-1.147201	1.391797	0.000000	0.000000
366.280000	0.539396	-1.147205	1.391796	0.000000	0.000000
366.290000	0.539397	-1.147206	1.391795	0.000000	0.000000
366.300000	0.539397	-1.147204	1.391794	0.000000	0.000000
366.310000	0.539398	-1.147201	1.391793	0.000000	0.000000
366.320000	0.539399	-1.147196	1.391792	0.000000	0.000000
366.330000	0.539400	-1.147190	1.391791	0.000000	0.000000
366.340000	0.539400	-1.147182	1.391790	0.000000	0.000000
366.350000	0.539399	-1.147172	1.391789	0.000000	0.000000
366.360000	0.539398	-1.147160	1.391789	0.000000	0.000000
366.370000	0.539397	-1.147147	1.391788	0.000000	0.000000
366.380000	0.539396	-1.147132	1.391788	0.000000	0.000000
366.390000	0.539394	-1.147118	1.391787	0.000000	0.000000
366.400000	0.539393	-1.147103	1.391787	0.000000	0.000000
366.410000	0.539391	-1.147090	1.391786	0.000000	0.000000
366.420000	0.539390	-1.147078	1.391785	0.000000	0.000000
366.430000	0.539391	-1.147071	1.391785	0.000000	0.000000
366.440000	0.539392	-1.147067	1.391784	0.000000	0.000000
366.450000	0.539394	-1.147066	1.391783	0.000000	0.000000
366.460000	0.539397	-1.147066	1.391782	0.000000	0.000000
366.470000	0.539400	-1.147064	1.391781	0.000000	0.000000
366.480000	0.539401	-1.147060	1.391780	0.000000	0.000000
366.490000	0.539402	-1.147054	1.391779	0.000000	0.000000
366.500000	0.539404	-1.147049	1.391778	0.000000	0.000000
366.510000	0.539407	-1.147048	1.391777	0.000000	0.000000
366.520000	0.539413	-1.147053	1.391775	0.000000	0.000000
366.530000	0.539418	-1.147062	1.391774	0.000000	0.000000
366.540000	0.539424	-1.147072	1.391772	0.000000	0.000000
366.550000	0.539429	-1.147083	1.391771	0.000000	0.000000
366.560000	0.539436	-1.147094	1.391770	0.000000	0.000000
366.570000	0.539441	-1.147103	1.391768	0.000000	0.000000
366.580000	0.539445	-1.147107	1.391767	0.000000	0.000000
366.590000	0.539449	-1.147108	1.391766	0.000000	0.000000
366.600000	0.539451	-1.147109	1.391765	0.000000	0.000000
366.610000	0.539452	-1.147110	1.391764	0.000000	0.000000
366.620000	0.539453	-1.147110	1.391763	0.000000	0.000000
366.630000	0.539453	-1.147106	1.391763	0.000000	0.000000
366.640000	0.539450	-1.147098	1.391762	0.000000	0.000000
366.650000	0.539446	-1.147083	1.391762	0.000000	0.000000
366.660000	0.539442	-1.147066	1.391761	0.000000	0.000000
366.670000	0.539438	-1.147048	1.391761	0.000000	0.000000
366.680000	0.539435	-1.147030	1.391761	0.000000	0.000000
366.690000	0.539432	-1.147012	1.391761	0.000000	0.000000
366.700000	0.539429	-1.146995	1.391761	0.000000	0.000000
366.710000	0.539427	-1.146980	1.391761	0.000000	0.000000
366.720000	0.539426	-1.146968	1.391762	0.000000	0.000000
366.730000	0.539427	-1.146959	1.391762	0.000000	0.000000
366.740000	0.539428	-1.146953	1.391762	0.000000	0.000000
366.750000	0.539431	-1.146950	1.391763	0.000000	0.000000
366.760000	0.539434	-1.146947	1.391763	0.000000	0.000000
366.770000	0.539437	-1.146946	1.391763	0.000000	0.000000
366.780000	0.539440	-1.146944	1.391764	0.000000	0.000000
366.790000	0.539441	-1.146943	1.391764	0.000000	0.000000
366.800000	0.539442	-1.146940	1.391765	0.000000	0.000000
366.810000	0.539442	-1.146935	1.391765	0.000000	0.000000
366.820000	0.539441	-1.146927	1.391766	0.000000	0.000000
366.830000	0.539439	-1.146917	1.391766	0.000000	0.000000
366.840000	0.539436	-1.146905	1.391767	0.000000	0.000000
366.850000	0.539434	-1.146892	1.391767	0.000000	0.000000
366.860000	0.539432	-1.146879	1.391768	0.000000	0.000000
366.870000	0.539430	-1.146868	1.391768	0.000000	0.000000
366.880000	0.539429	-1.146859	1.391768	0.000000	0.000000
366.890000	0.539430	-1.146852	1.391769	0.000000	0.000000
366.900000	0.539431	-1.146847	1.391769	0.000000	0.000000
366.910000	0.539433	-1.146843	1.391770	0.000000	0.000000
366.920000	0.539435	-1.146840	1.391770	0.000000	0.000000
366.930000	0.539439	-1.146837	1.391770	0.000000	0.000000
366.940000	0.539442	-1.146834	1.391771	0.000000	0.000000
366.950000	0.539445	-1.146829	1.391771	0.000000	0.000000
366.960000	0.539448	-1.146823	1.391771	0.000000	0.000000
366.970000	0.539450	-1.146814	1.391771	0.000000	0.000000
366.980000	0.539451	-1.146803	1.391770	0.000000	0.000000
366.990000	0.539453	-1.146793	1.391770	0.000000	0.000000
367.000000	0.539454	-1.146785	1.391770	0.000000	0.000000
367.010000	0.539456	-1.146780	1.391770	0.000000	0.000000
367.020000	0.539457	-1.146775	1.391769	0.000000	0.000000
367.030000	0.539458	-1.146769	1.391768	0.000000	0.000000
367.040000	0.539459	-1.146763	1.391768	0.000000	0.000000
367.050000	0.539459	-1.146755	1.391767	0.000000	0.000000
367.060000	0.539459	-1.146748	1.391766	0.000000	0.000000
367.070000	0.539459	-1.146744	1.391765	0.000000	0.000000
367.080000	0.539461	-1.146745	1.391764	0.000000	0.000000
367.090000	0.539463	-1.146749	1.391763	0.000000	0.000000
367.100000	0.539466	-1.146756	1.391761	0.000000	0.000000
367.110000	0.539470	-1.146763	1.391760	0.000000	0.000000
367.120000	0.539471	-1.146768	1.391759	0.000000	0.000000
367.130000	0.539474	-1.146772	1.391757	0.000000	0.000000
367.140000	0.539475	-1.146774	1.391755	0.000000	0.000000
367.150000	0.539475	-1.146775	1.391754	0.000000	0.000000
367.160000	0.539475	-1.146777	1.391752	0.000000	0.000000
367.170000	0.539475	-1.146779	1.391750	0.000000	0.000000
367.180000	0.539473	-1.146781	1.391748	0.000000	0.000000
367.190000	0.539472	-1.146782	1.391746	0.000000	0.000000
367.200000	0.539472	-1.146783	1.391744	0.000000	0.000000
367.210000	0.539472	-1.146782	1.391742	0.000000	0.000000
367.220000	0.539472	-1.146781	1.391740	0.000000	0.000000
367.230000	0.539473	-1.146779	1.391737	0.000000	0.000000
367.240000	0.539474	-1.146777	1.391735	0.000000	0.000000
367.250000	0.539474	-1.146774	1.391733	0.000000	0.000000
367.260000	0.539474	-1.146769	1.391730	0.000000	0.000000
367.270000	0.539473	-1.146762	1.391728	0.000000	0.000000
367.280000	0.539471	-1.146758	1.391725	0.000000	0.000000
367.290000	0.539469	-1.146756	1.391722	0.000000	0.000000
367.300000	0.539470	-1.146759	1.391720	0.000000	0.000000
367.310000	0.539472	-1.146766	1.391717	0.000000	0.000000
367.320000	0.539475	-1.146773	1.391714	0.000000	0.000000
367.330000	0.539478	-1.146780	1.391711	0.000000	0.000000
367.340000	0.539481	-1.146786	1.391709	0.000000	0.000000
367.350000	0.539483	-1.146792	1.391706	0.000000	0.000000
367.360000	0.539485	-1.146797	1.391703	0.000000	0.000000
367.370000	0.539488	-1.146801	1.391700	0.000000	0.000000
367.380000	0.539490	-1.146806	1.391698	0.000000	0.000000
367.390000	0.539491	-1.146809	1.391695	0.000000	0.000000
367.400000	0.539492	-1.146810	1.391693	0.000000	0.000000
367.410000	0.539490	-1.146807	1.391690	0.000000	0.000000
367.420000	0.539488	-1.146801	1.391687	0.000000	0.000000
367.430000	0.539487	-1.146796	1.391685	0.000000	0.000000
367.440000	0.539486	-1.146794	1.391683	0.000000	0.000000
367.450000	0.539485	-1.146794	1.391680	0.000000	0.000000
367.460000	0.539486	-1.146796	1.391678	0.000000	0.000000
367.470000	0.539485	-1.146797	1.391676	0.000000	0.000000
367.480000	0.539485	-1.146797	1.391674	0.000000	0.000000
367.490000	0.539484	-1.146797	1.391672	0.000000	0.000000
367.500000	0.539483	-1.146795	1.391671	0.000000	0.000000
367.510000	0.539482	-1.146792	1.391669	0.000000	0.000000
367.520000	0.539481	-1.146787	1.391667	0.000000	0.000000
367.530000	0.539481	-1.146782	1.391665	0.000000	0.000000
367.540000	0.539481	-1.146776	1.391663	0.000000	0.000000
367.550000	0.539482	-1.146771	1.391661	0.000000	0.000000
367.560000	0.539482	-1.146766	1.391659	0.000000	0.000000
367.570000	0.539483	-1.146761	1.391656	0.000000	0.000000
367.580000	0.539485	-1.146758	1.391654	0.000000	0.000000
367.590000	0.539487	-1.146756	1.391652	0.000000	0.000000
367.600000	0.539489	-1.146757	1.391649	0.000000	0.000000
367.610000	0.539493	-1.146758	1.391646	0.000000	0.000000
367.620000	0.539496	-1.146759	1.391643	0.000000	0.000000
367.630000	0.539500	-1.146758	1.391640	0.000000	0.000000
367.640000	0.539503	-1.146755	1.391637	0.000000	0.000000
367.650000	0.539506	-1.146752	1.391634	0.000000	0.000000
367.660000	0.539510	-1.146750	1.391631	0.000000	0.000000
367.670000	0.539515	-1.146750	1.391627	0.000000	0.000000
367.680000	0.539520	-1.146751	1.391623	0.000000	0.000000
367.690000	0.539525	-1.146750	1.391620	0.000000	0.000000
367.700000	0.539528	-1.146748	1.391616	0.000000	0.000000
367.710000	0.539533	-1.146749	1.391612	0.000000	0.000000
367.720000	0.539538	-1.146756	1.391608	0.000000	0.000000
367.730000	0.539545	-1.146766	1.391604	0.000000	0.000000
367.740000	0.539554	-1.146778	1.391600	0.000000	0.000000
367.750000	0.539561	-1.146788	1.391596	0.000000	0.000000
367.760000	0.539567	-1.146795	1.391592	0.000000	0.000000
367.770000	0.539572	-1.146798	1.391588	0.000000	0.000000
367.780000	0.539576	-1.146796	1.391584	0.000000	0.000000
367.790000	0.539577	-1.146787	1.391580	0.000000	0.000000
367.800000	0.539578	-1.146775	1.391576	0.000000	0.000000
367.810000	0.539579	-1.146763	1.391572	0.000000	0.000000
367.820000	0.539579	-1.146751	1.391568	0.000000	0.000000
367.830000	0.539582	-1.146740	1.391564	0.000000	0.000000
367.840000	0.539585	-1.146732	1.391560	0.000000	0.000000
367.850000	0.539589	-1.146727	1.391556	0.000000	0.000000
367.860000	0.539595	-1.146727	1.391552	0.000000	0.000000
367.870000	0.539601	-1.146731	1.391548	0.000000	0.000000
367.880000	0.539607	-1.146738	1.391545	0.000000	0.000000
367.890000	0.539613	-1.146746	1.391541	0.000000	0.000000
367.900000	0.539620	-1.146754	1.391537	0.000000	0.000000
367.910000	0.539625	-1.146759	1.391533	0.000000	0.000000
367.920000	0.539630	-1.146759	1.391530	0.000000	0.000000
367.930000	0.539634	-1.146756	1.391526	0.000000	0.000000
367.940000	0.539638	-1.146753	1.391522	0.000000	0.000000
367.950000	0.539643	-1.146754	1.391519	0.000000	0.000000
367.960000	0.539649	-1.146759	1.391515	0.000000	0.000000
367.970000	0.539654	-1.146768	1.391512	0.000000	0.000000
367.980000	0.539660	-1.146778	1.391508	0.000000	0.000000
367.990000	0.539665	-1.146788	1.391505	0.000000	0.000000
368.000000	0.539670	-1.146798	1.391502	0.000000	0.000000
368.010000	0.539674	-1.146805	1.391499	0.000000	0.000000
368.020000	0.539678	-1.146811	1.391496	0.000000	0.000000
368.030000	0.539680	-1.146815	1.391492	0.000000	0.000000
368.040000	0.539681	-1.146818	1.391489	0.000000	0.000000
368.050000	0.539680	-1.146819	1.391486	0.000000	0.000000
368.060000	0.539679	-1.146819	1.391483	0.000000	0.000000
368.070000	0.539678	-1.146820	1.391480	0.000000	0.000000
368.080000	0.539677	-1.146819	1.391477	0.000000	0.000000
368.090000	0.539677	-1.146819	1.391473	0.000000	0.000000
368.100000	0.539676	-1.146820	1.391470	0.000000	0.000000
368.110000	0.539675	-1.146820	1.391467	0.000000	0.000000
368.120000	0.539674	-1.146819	1.391464	0.000000	0.000000
368.130000	0.539672	-1.146817	1.391460	0.000000	0.000000
368.140000	0.539669	-1.146813	1.391457	0.000000	0.000000
368.150000	0.539666	-1.146809	1.391454	0.000000	0.000000
368.160000	0.539663	-1.146804	1.391450	0.000000	0.000000
368.170000	0.539659	-1.146800	1.391447	0.000000	0.000000
368.180000	0.539656	-1.146796	1.391444	0.000000	0.000000
368.190000	0.539654	-1.146794	1.391441	0.000000	0.000000
368.200000	0.539653	-1.146794	1.391437	0.000000	0.000000
368.210000	0.539653	-1.146799	1.391434	0.000000	0.000000
368.220000	0.539653	-1.146807	1.391431	0.000000	0.000000
368.230000	0.539654	-1.146817	1.391427	0.000000	0.000000
368.240000	0.539657	-1.146827	1.391424	0.000000	0.000000
368.250000	0.539658	-1.146837	1.391420	0.000000	0.000000
368.260000	0.539659	-1.146845	1.391417	0.000000	0.000000
368.270000	0.539661	-1.146851	1.391413	0.000000	0.000000
368.280000	0.539661	-1.146851	1.391409	0.000000	0.000000
368.290000	0.539659	-1.146846	1.391405	0.000000	0.000000
368.300000	0.539656	-1.146836	1.391402	0.000000	0.000000
368.310000	0.539652	-1.146825	1.391398	0.000000	0.000000
368.320000	0.539649	-1.146817	1.391394	0.000000	0.000000
368.330000	0.539648	-1.146814	1.391390	0.000000	0.000000
368.340000	0.539648	-1.146818	1.391386	0.000000	0.000000
368.350000	0.539650	-1.146827	1.391383	0.000000	0.000000
368.360000	0.539652	-1.146840	1.391379	0.000000	0.000000
368.370000	0.539655	-1.146855	1.391376	0.000000	0.000000
368.380000	0.539657	-1.146870	1.391372	0.000000	0.000000
368.390000	0.539660	-1.146883	1.391369	0.000000	0.000000
368.400000	0.539661	-1.146895	1.391366	0.000000	0.000000
368.410000	0.539664	-1.146905	1.391362	0.000000	0.000000
368.420000	0.539666	-1.146915	1.391359	0.000000	0.000000
368.430000	0.539668	-1.146923	1.391356	0.000000	0.000000
368.440000	0.539670	-1.146929	1.391353	0.000000	0.000000
368.450000	0.539670	-1.146932	1.391350	0.000000	0.000000
368.460000	0.539671	-1.146932	1.391347	0.000000	0.000000
368.470000	0.539670	-1.146930	1.391344	0.000000	0.000000
368.480000	0.539671	-1.146927	1.391341	0.000000	0.000000
368.490000	0.539672	-1.146925	1.391338	0.000000	0.000000
368.500000	0.539674	-1.146927	1.391335	0.000000	0.000000
368.510000	0.539678	-1.146933	1.391332	0.000000	0.000000
368.520000	0.539683	-1.146944	1.391330	0.000000	0.000000
368.530000	0.539688	-1.146957	1.391327	0.000000	0.000000
368.540000	0.539694	-1.146970	1.391325	0.000000	0.000000
368.550000	0.539699	-1.146982	1.391322	0.000000	0.000000
368.560000	0.539702	-1.146993	1.391320	0.000000	0.000000
368.570000	0.539705	-1.147000	1.391318	0.000000	0.000000
368.580000	0.539707	-1.147003	1.391316	0.000000	0.000000
368.590000	0.539707	-1.147003	1.391314	0.000000	0.000000
368.600000	0.539708	-1.147002	1.391312	0.000000	0.000000
368.610000	0.539708	-1.147000	1.391310	0.000000	0.000000
368.620000	0.539709	-1.146996	1.391308	0.000000	0.000000
368.630000	0.539709	-1.146987	1.391306	0.000000	0.000000
368.640000	0.539707	-1.146974	1.391305	0.000000	0.000000
368.650000	0.539704	-1.146957	1.391303	0.000000	0.000000
368.660000	0.539701	-1.146942	1.391302	0.000000	0.000000
368.670000	0.539701	-1.146927	1.391300	0.000000	0.000000
368.680000	0.539701	-1.146914	1.391299	0.000000	0.000000
368.690000	0.539700	-1.146899	1.391297	0.000000	0.000000
368.700000	0.539700	-1.146886	1.391296	0.000000	0.000000
368.710000	0.539700	-1.146877	1.391295	0.000000	0.000000
368.720000	0.539703	-1.146873	1.391294	0.000000	0.000000
368.730000	0.539707	-1.146873	1.391293	0.000000	0.000000
368.740000	0.539712	-1.146876	1.391292	0.000000	0.000000
368.750000	0.539717	-1.146880	1.391291	0.000000	0.000000
368.760000	0.539721	-1.146883	1.391290	0.000000	0.000000
368.770000	0.539725	-1.146885	1.391289	0.000000	0.000000
368.780000	0.539729	-1.146886	1.391289	0.000000	0.000000
368.790000	0.539733	-1.146887	1.391288	0.000000	0.000000
368.800000	0.539736	-1.146888	1.391287	0.000000	0.000000
368.810000	0.539738	-1.146890	1.391287	0.000000	0.000000
368.820000	0.539741	-1.146893	1.391286	0.000000	0.000000
368.830000	0.539744	-1.146895	1.391285	0.000000	0.000000
368.840000	0.539745	-1.146896	1.391285	0.000000	0.000000
368.850000	0.539746	-1.146894	1.391284	0.000000	0.000000
368.860000	0.539748	-1.146892	1.391284	0.000000	0.000000
368.870000	0.539751	-1.146892	1.391283	0.000000	0.000000
368.880000	0.539755	-1.146893	1.391283	0.000000	0.000000
368.890000	0.539759	-1.146893	1.391283	0.000000	0.000000
368.900000	0.539763	-1.146892	1.391283	0.000000	0.000000
368.910000	0.539767	-1.146890	1.391283	0.000000	0.000000
368.920000	0.539771	-1.146886	1.391283	0.000000	0.000000
368.930000	0.539774	-1.146880	1.391283	0.000000	0.000000
368.940000	0.539776	-1.146869	1.391283	0.000000	0.000000
368.950000	0.539776	-1.146851	1.391283	0.000000	0.000000
368.960000	0.539775	-1.146828	1.391284	0.000000	0.000000
368.970000	0.539772	-1.146805	1.391285	0.000000	0.000000
368.980000	0.539771	-1.146787	1.391285	0.000000	0.000000
368.990000	0.539772	-1.146774	1.391286	0.000000	0.000000
369.000000	0.539773	-1.146765	1.391287	0.000000	0.000000
369.010000	0.539775	-1.146759	1.391288	0.000000	0.000000
369.020000	0.539778	-1.146754	1.391290	0.000000	0.000000
369.030000	0.539780	-1.146750	1.391291	0.000000	0.000000
369.040000	0.539783	-1.146745	1.391292	0.000000	0.000000
369.050000	0.539786	-1.146741	1.391294	0.000000	0.000000
369.060000	0.539789	-1.146734	1.391296	0.000000	0.000000
369.070000	0.539791	-1.146723	1.391297	0.000000	0.000000
369.080000	0.539791	-1.146708	1.391299	0.000000	0.000000
369.090000	0.539790	-1.146695	1.391301	0.000000	0.000000
369.100000	0.539791	-1.146684	1.391303	0.000000	0.000000
369.110000	0.539794	-1.146678	1.391305	0.000000	0.000000
369.120000	0.539797	-1.146672	1.391308	0.000000	0.000000
369.130000	0.539799	-1.146666	1.391310	0.000000	0.000000
369.140000	0.539800	-1.146657	1.391312	0.000000	0.000000
369.150000	0.539802	-1.146644	1.391315	0.000000	0.000000
369.160000	0.539803	-1.146631	1.391317	0.000000	0.000000
369.170000	0.539804	-1.146619	1.391320	0.000000	0.000000
369.180000	0.539805	-1.146609	1.391323	0.000000	0.000000
369.190000	0.539807	-1.146600	1.391326	0.000000	0.000000
369.200000	0.539809	-1.146594	1.391329	0.000000	0.000000
369.210000	0.539811	-1.146589	1.391333	0.000000	0.000000
369.220000	0.539815	-1.146585	1.391336	0.000000	0.000000
369.230000	0.539818	-1.146581	1.391340	0.000000	0.000000
369.240000	0.539822	-1.146578	1.391343	0.000000	0.000000
369.250000	0.539826	-1.146575	1.391347	0.000000	0.000000
369.260000	0.539831	-1.146572	1.391351	0.000000	0.000000
369.270000	0.539836	-1.146568	1.391355	0.000000	0.000000
369.280000	0.539841	-1.146563	1.391359	0.000000	0.000000
369.290000	0.539846	-1.146556	1.391363	0.000000	0.000000
369.300000	0.539852	-1.146547	1.391367	0.000000	0.000000
369.310000	0.539857	-1.146535	1.391372	0.000000	0.000000
369.320000	0.539860	-1.146523	1.391376	0.000000	0.000000
369.330000	0.539863	-1.146509	1.391380	0.000000	0.000000
369.340000	0.539865	-1.146494	1.391385	0.000000	0.000000
369.350000	0.539867	-1.146478	1.391389	0.000000	0.000000
369.360000	0.539869	-1.146461	1.391394	0.000000	0.000000
369.370000	0.539871	-1.146442	1.391398	0.000000	0.000000
369.380000	0.539871	-1.146422	1.391403	0.000000	0.000000
369.390000	0.539872	-1.146403	1.391408	0.000000	0.000000
369.400000	0.539874	-1.146386	1.391412	0.000000	0.000000
369.410000	0.539876	-1.146372	1.391417	0.000000	0.000000
369.420000	0.539877	-1.146360	1.391422	0.000000	0.000000
369.430000	0.539879	-1.146348	1.391427	0.000000	0.000000
369.440000	0.539881	-1.146337	1.391432	0.000000	0.000000
369.450000	0.539882	-1.146325	1.391437	0.000000	0.000000
369.460000	0.539884	-1.146314	1.391443	0.000000	0.000000
369.470000	0.539886	-1.146304	1.391448	0.000000	0.000000
369.480000	0.539889	-1.146297	1.391453	0.000000	0.000000
369.490000	0.539894	-1.146293	1.391459	0.000000	0.000000
369.500000	0.539898	-1.146290	1.391464	0.000000	0.000000
369.510000	0.539902	-1.146289	1.391470	0.000000	0.000000
369.520000	0.539907	-1.146289	1.391475	0.000000	0.000000
369.530000	0.539912	-1.146290	1.391480	0.000000	0.000000
369.540000	0.539916	-1.146292	1.391486	0.000000	0.000000
369.550000	0.539921	-1.146294	1.391492	0.000000	0.000000
369.560000	0.539926	-1.146295	1.391497	0.000000	0.000000
369.570000	0.539931	-1.146295	1.391503	0.000000	0.000000
369.580000	0.539935	-1.146294	1.391509	0.000000	0.000000
369.590000	0.539938	-1.146290	1.391514	0.000000	0.000000
369.600000	0.539941	-1.146285	1.391520	0.000000	0.000000
369.610000	0.539943	-1.146277	1.391526	0.000000	0.000000
369.620000	0.539944	-1.146267	1.391532	0.000000	0.000000
369.630000	0.539945	-1.146255	1.391538	0.000000	0.000000
369.640000	0.539946	-1.146241	1.391545	0.000000	0.000000
369.650000	0.539949	-1.146224	1.391551	0.000000	0.000000
369.660000	0.539949	-1.146206	1.391557	0.000000	0.000000
369.670000	0.539950	-1.146187	1.391564	0.000000	0.000000
369.680000	0.539951	-1.146170	1.391571	0.000000	0.000000
369.690000	0.539955	-1.146157	1.391578	0.000000	0.000000
369.700000	0.539959	-1.146147	1.391586	0.000000	0.000000
369.710000	0.539964	-1.146139	1.391593	0.000000	0.000000
369.720000	0.539969	-1.146132	1.391601	0.000000	0.000000
369.730000	0.539974	-1.146124	1.391609	0.000000	0.000000
369.740000	0.539980	-1.146117	1.391617	0.000000	0.000000
369.750000	0.539987	-1.146109	1.391625	0.000000	0.000000
369.760000	0.539994	-1.146101	1.391634	0.000000	0.000000
369.770000	0.540001	-1.146093	1.391642	0.000000	0.000000
369.780000	0.540006	-1.146083	1.391651	0.000000	0.000000
369.790000	0.540011	-1.146071	1.391660	0.000000	0.000000
369.800000	0.540016	-1.146057	1.391669	0.000000	0.000000
369.810000	0.540021	-1.146042	1.391679	0.000000	0.000000
369.820000	0.540026	-1.146026	1.391688	0.000000	0.000000
369.830000	0.540031	-1.146011	1.391698	0.000000	0.000000
369.840000	0.540037	-1.145998	1.391708	0.000000	0.000000
369.850000	0.540042	-1.145986	1.391718	0.000000	0.000000
369.860000	0.540047	-1.145976	1.391728	0.000000	0.000000
369.870000	0.540053	-1.145967	1.391738	0.000000	0.000000
369.880000	0.540059	-1.145959	1.391749	0.000000	0.000000
369.890000	0.540066	-1.145951	1.391759	0.000000	0.000000
369.900000	0.540073	-1.145942	1.391770	0.000000	0.000000
369.910000	0.540080	-1.145934	1.391781	0.000000	0.000000
369.920000	0.540087	-1.145925	1.391793	0.000000	0.000000
369.930000	0.540094	-1.145918	1.391804	0.000000	0.000000
369.940000	0.540102	-1.145911	1.391816	0.000000	0.000000
369.950000	0.540111	-1.145903	1.391828	0.000000	0.000000
369.960000	0.540118	-1.145895	1.391840	0.000000	0.000000
369.970000	0.540124	-1.145884	1.391852	0.000000	0.000000
369.980000	0.540128	-1.145871	1.391864	0.000000	0.000000
369.990000	0.540133	-1.145857	1.391877	0.000000	0.000000
370.000000	0.540138	-1.145844	1.391889	0.000000	0.000000
370.010000	0.540142	-1.145831	1.391902	0.000000	0.000000
370.020000	0.540146	-1.145821	1.391915	0.000000	0.000000
370.030000	0.540151	-1.145811	1.391929	0.000000	0.000000
370.040000	0.540155	-1.145803	1.391942	0.000000	0.000000
370.050000	0.540159	-1.145796	1.391956	0.000000	0.000000
370.060000	0.540163	-1.145789	1.391969	0.000000	0.000000
370.070000	0.540168	-1.145783	1.391983	0.000000	0.000000
370.080000	0.540170	-1.145777	1.391997	0.000000	0.000000
370.090000	0.540173	-1.145770	1.392011	0.000000	0.000000
370.100000	0.540176	-1.145763	1.392025	0.000000	0.000000
370.110000	0.540177	-1.145755	1.392039	0.000000	0.000000
370.120000	0.540179	-1.145747	1.392054	0.000000	0.000000
370.130000	0.540180	-1.145737	1.392068	0.000000	0.000000
370.140000	0.540181	-1.145725	1.392083	0.000000	0.000000
370.150000	0.540182	-1.145713	1.392097	0.000000	0.000000
370.160000	0.540183	-1.145700	1.392112	0.000000	0.000000
370.170000	0.540183	-1.145687	1.392127	0.000000	0.000000
370.180000	0.540185	-1.145675	1.392142	0.000000	0.000000
370.190000	0.540188	-1.145665	1.392157	0.000000	0.000000
370.200000	0.540190	-1.145656	1.392172	0.000000	0.000000
370.210000	0.540192	-1.145649	1.392188	0.000000	0.000000
370.220000	0.540195	-1.145641	1.392203	0.000000	0.000000
370.230000	0.540195	-1.145633	1.392219	0.000000	0.000000
370.240000	0.540196	-1.145625	1.392235	0.000000	0.000000
370.250000	0.540197	-1.145616	1.392251	0.000000	0.000000
370.260000	0.540198	-1.145608	1.392267	0.000000	0.000000
370.270000	0.540200	-1.145601	1.392283	0.000000	0.000000
370.280000	0.540200	-1.145593	1.392299	0.000000	0.000000
370.290000	0.540199	-1.145585	1.392316	0.000000	0.000000
370.300000	0.540198	-1.145575	1.392332	0.000000	0.000000
370.310000	0.540195	-1.145563	1.392349	0.000000	0.000000
370.320000	0.540192	-1.145550	1.392365	0.000000	0.000000
370.330000	0.540189	-1.145535	1.392382	0.000000	0.000000
370.340000	0.540185	-1.145519	1.392398	0.000000	0.000000
370.350000	0.540180	-1.145502	1.392415	0.000000	0.000000
370.360000	0.540176	-1.145485	1.392432	0.000000	0.000000
370.370000	0.540171	-1.145467	1.392449	0.000000	0.000000
370.380000	0.540167	-1.145449	1.392465	0.000000	0.000000
370.390000	0.540162	-1.145432	1.392482	0.000000	0.000000
370.400000	0.540157	-1.145415	1.392499	0.000000	0.000000
370.410000	0.540153	-1.145400	1.392516	0.000000	0.000000
370.420000	0.540151	-1.145386	1.392533	0.000000	0.000000
370.430000	0.540148	-1.145374	1.392549	0.000000	0.000000
370.440000	0.540144	-1.145364	1.392566	0.000000	0.000000
370.450000	0.540141	-1.145354	1.392583	0.000000	0.000000
370.460000	0.540139	-1.145345	1.392600	0.000000	0.000000
370.470000	0.540136	-1.145334	1.392617	0.000000	0.000000
370.480000	0.540132	-1.145322	1.392635	0.000000	0.000000
370.490000	0.540128	-1.145308	1.392652	0.000000	0.000000
370.500000	0.540124	-1.145293	1.392669	0.000000	0.000000
370.510000	0.540121	-1.145280	1.392686	0.000000	0.000000
370.520000	0.540119	-1.145270	1.392704	0.000000	0.000000
370.530000	0.540118	-1.145264	1.392721	0.000000	0.000000
370.540000	0.540117	-1.145259	1.392739	0.000000	0.000000
370.550000	0.540115	-1.145256	1.392756	0.000000	0.000000
370.560000	0.540113	-1.145252	1.392774	0.000000	0.000000
370.570000	0.540112	-1.145246	1.392792	0.000000	0.000000
370.580000	0.540110	-1.145240	1.392810	0.000000	0.000000
370.590000	0.540109	-1.145234	1.392828	0.000000	0.000000
370.600000	0.540107	-1.145228	1.392846	0.000000	0.000000
370.610000	0.540105	-1.145223	1.392864	0.000000	0.000000
370.620000	0.540102	-1.145218	1.392883	0.000000	0.000000
370.630000	0.540099	-1.145212	1.392901	0.000000	0.000000
370.640000	0.540098	-1.145207	1.392920	0.000000	0.000000
370.650000	0.540097	-1.145202	1.392938	0.000000	0.000000
370.660000	0.540096	-1.145197	1.392957	0.000000	0.000000
370.670000	0.540096	-1.145191	1.392976	0.000000	0.000000
370.680000	0.540096	-1.145184	1.392995	0.000000	0.000000
370.690000	0.540095	-1.145176	1.393014	0.000000	0.000000
370.700000	0.540094	-1.145167	1.393034	0.000000	0.000000
370.710000	0.540093	-1.145156	1.393053	0.000000	0.000000
370.720000	0.540090	-1.145144	1.393073	0.000000	0.000000
370.730000	0.540087	-1.145130	1.393093	0.000000	0.000000
370.740000	0.540084	-1.145116	1.393113	0.000000	0.000000
370.750000	0.540081	-1.145101	1.393133	0.000000	0.000000
370.760000	0.540078	-1.145086	1.393153	0.000000	0.000000
370.770000	0.540075	-1.145073	1.393173	0.000000	0.000000
370.780000	0.540074	-1.145061	1.393194	0.000000	0.000000
370.790000	0.540074	-1.145051	1.393214	0.000000	0.000000
370.800000	0.540073	-1.145043	1.393235	0.000000	0.000000
370.810000	0.540072	-1.145035	1.393256	0.000000	0.000000
370.820000	0.540071	-1.145027	1.393276	0.000000	0.000000
370.830000	0.540070	-1.145018	1.393297	0.000000	0.000000
370.840000	0.540069	-1.145008	1.393318	0.000000	0.000000
370.850000	0.540069	-1.144996	1.393339	0.000000	0.000000
370.860000	0.540067	-1.144981	1.393360	0.000000	0.000000
370.870000	0.540064	-1.144961	1.393381	0.000000	0.000000
370.880000	0.540060	-1.144938	1.393402	0.000000	0.000000
370.890000	0.540055	-1.144912	1.393423	0.000000	0.000000
370.900000	0.540050	-1.144886	1.393445	0.000000	0.000000
370.910000	0.540045	-1.144862	1.393466	0.000000	0.000000
370.920000	0.540042	-1.144841	1.393487	0.000000	0.000000
370.930000	0.540040	-1.144823	1.393509	0.000000	0.000000
370.940000	0.540037	-1.144808	1.393530	0.000000	0.000000
370.950000	0.540036	-1.144793	1.393552	0.000000	0.000000
370.960000	0.540035	-1.144779	1.393573	0.000000	0.000000
370.970000	0.540035	-1.144766	1.393595	0.000000	0.000000
370.980000	0.540035	-1.144753	1.393617	0.000000	0.000000
370.990000	0.540035	-1.144741	1.393638	0.000000	0.000000
371.000000	0.540035	-1.144729	1.393660	0.000000	0.000000
371.010000	0.540034	-1.144717	1.393682	0.000000	0.000000
371.020000	0.540032	-1.144702	1.393704	0.000000	0.000000
371.030000	0.540030	-1.144686	1.393726	0.000000	0.000000
371.040000	0.540027	-1.144668	1.393748	0.000000	0.000000
371.050000	0.540024	-1.144649	1.393770	0.000000	0.000000
371.060000	0.540022	-1.144631	1.393792	0.000000	0.000000
371.070000	0.540020	-1.144614	1.393814	0.000000	0.000000
371.080000	0.540018	-1.144596	1.393836	0.000000	0.000000
371.090000	0.540016	-1.144578	1.393858	0.000000	0.000000
371.100000	0.540016	-1.144561	1.393880	0.000000	0.000000
371.110000	0.540014	-1.144543	1.393903	0.000000	0.000000
371.120000	0.540012	-1.144526	1.393925	0.000000	0.000000
371.130000	0.540011	-1.144510	1.393947	0.000000	0.000000
371.140000	0.540012	-1.144497	1.393970	0.000000	0.000000
371.150000	0.540014	-1.144486	1.393992	0.000000	0.000000
371.160000	0.540017	-1.144477	1.394014	0.000000	0.000000
371.170000	0.540020	-1.144468	1.394037	0.000000	0.000000
371.180000	0.540023	-1.144459	1.394059	0.000000	0.000000
371.190000	0.540026	-1.144451	1.394082	0.000000	0.000000
371.200000	0.540028	-1.144442	1.394104	0.000000	0.000000
371.210000	0.540031	-1.144433	1.394127	0.000000	0.000000
371.220000	0.540032	-1.144422	1.394149	0.000000	0.000000
371.230000	0.540034	-1.144411	1.394172	0.000000	0.000000
371.240000	0.540034	-1.144398	1.394194	0.000000	0.000000
371.250000	0.540034	-1.144385	1.394217	0.000000	0.000000
371.260000	0.540035	-1.144372	1.394239	0.000000	0.000000
371.270000	0.540035	-1.144361	1.394261	0.000000	0.000000
371.280000	0.540036	-1.144351	1.394284	0.000000	0.000000
371.290000	0.540038	-1.144342	1.394306	0.000000	0.000000
371.300000	0.540038	-1.144332	1.394328	0.000000	0.000000
371.310000	0.540039	-1.144322	1.394350	0.000000	0.000000
371.320000	0.540038	-1.144309	1.394373	0.000000	0.000000
371.330000	0.540038	-1.144293	1.394395	0.000000	0.000000
371.340000	0.540036	-1.144274	1.394417	0.000000	0.000000
371.350000	0.540034	-1.144254	1.394439	0.000000	0.000000
371.360000	0.540032	-1.144236	1.394461	0.000000	0.000000
371.370000	0.540032	-1.144223	1.394483	0.000000	0.000000
371.380000	0.540033	-1.144214	1.394505	0.000000	0.000000
371.390000	0.540035	-1.144209	1.394527	0.000000	0.000000
371.400000	0.540038	-1.144205	1.394550	0.000000	0.000000
371.410000	0.540041	-1.144201	1.394572	0.000000	0.000000
371.420000	0.540044	-1.144196	1.394594	0.000000	0.000000
371.430000	0.540047	-1.144188	1.394615	0.000000	0.000000
371.440000	0.540049	-1.144178	1.394637	0.000000	0.000000
371.450000	0.540050	-1.144165	1.394659	0.000000	0.000000
371.460000	0.540050	-1.144150	1.394681	0.000000	0.000000
371.470000	0.540050	-1.144132	1.394703	0.000000	0.000000
371.480000	0.540048	-1.144111	1.394725	0.000000	0.000000
371.490000	0.540045	-1.144089	1.394747	0.000000	0.000000
371.500000	0.540042	-1.144065	1.394769	0.000000	0.000000
371.510000	0.540038	-1.144041	1.394790	0.000000	0.000000
371.520000	0.540035	-1.144018	1.394812	0.000000	0.000000
371.530000	0.540034	-1.143999	1.394834	0.000000	0.000000
371.540000	0.540033	-1.143983	1.394855	0.000000	0.000000
371.550000	0.540033	-1.143968	1.394877	0.000000	0.000000
371.560000	0.540032	-1.143954	1.394898	0.000000	0.000000
371.570000	0.540033	-1.143940	1.394920	0.000000	0.000000
371.580000	0.540032	-1.143924	1.394941	0.000000	0.000000
371.590000	0.540030	-1.143908	1.394962	0.000000	0.000000
371.600000	0.540028	-1.143892	1.394983	0.000000	0.000000
371.610000	0.540028	-1.143878	1.395004	0.000000	0.000000
371.620000	0.540029	-1.143867	1.395025	0.000000	0.000000
371.630000	0.540030	-1.143857	1.395046	0.000000	0.000000
371.640000	0.540030	-1.143846	1.395067	0.000000	0.000000
371.650000	0.540029	-1.143833	1.395087	0.000000	0.000000
371.660000	0.540028	-1.143818	1.395108	0.000000	0.000000
371.670000	0.540026	-1.143802	1.395128	0.000000	0.000000
371.680000	0.540024	-1.143785	1.395148	0.000000	0.000000
371.690000	0.540021	-1.143767	1.395169	0.000000	0.000000
371.700000	0.540018	-1.143749	1.395189	0.000000	0.000000
371.710000	0.540015	-1.143731	1.395209	0.000000	0.000000
371.720000	0.540010	-1.143715	1.395229	0.000000	0.000000
371.730000	0.540007	-1.143702	1.395249	0.000000	0.000000
371.740000	0.540006	-1.143693	1.395269	0.000000	0.000000
371.750000	0.540006	-1.143687	1.395289	0.000000	0.000000
371.760000	0.540006	-1.143682	1.395309	0.000000	0.000000
371.770000	0.540006	-1.143678	1.395329	0.000000	0.000000
371.780000	0.540005	-1.143672	1.395349	0.000000	0.000000
371.790000	0.540004	-1.143664	1.395369	0.000000	0.000000
371.800000	0.540002	-1.143654	1.395389	0.000000	0.000000
371.810000	0.539998	-1.143643	1.395408	0.000000	0.000000
371.820000	0.539994	-1.143631	1.395428	0.000000	0.000000
371.830000	0.539989	-1.143618	1.395448	0.000000	0.000000
371.840000	0.539985	-1.143607	1.395467	0.000000	0.000000
371.850000	0.539980	-1.143597	1.395487	0.000000	0.000000
371.860000	0.539977	-1.143589	1.395506	0.000000	0.000000
371.870000	0.539974	-1.143582	1.395526	0.000000	0.000000
371.880000	0.539972	-1.143577	1.395545	0.000000	0.000000
371.890000	0.539970	-1.143572	1.395564	0.000000	0.000000
371.900000	0.539967	-1.143566	1.395583	0.000000	0.000000
371.910000	0.539965	-1.143558	1.395602	0.000000	0.000000
371.920000	0.539962	-1.143549	1.395621	0.000000	0.000000
371.930000	0.539959	-1.143539	1.395640	0.000000	0.000000
371.940000	0.539957	-1.143531	1.395659	0.000000	0.000000
371.950000	0.539955	-1.143523	1.395677	0.000000	0.000000
371.960000	0.539955	-1.143516	1.395696	0.000000	0.000000
371.970000	0.539953	-1.143508	1.395714	0.000000	0.000000
371.980000	0.539951	-1.143500	1.395733	0.000000	0.000000
371.990000	0.539948	-1.143492	1.395751	0.000000	0.000000
372.000000	0.539945	-1.143484	1.395770	0.000000	0.000000
372.010000	0.539942	-1.143477	1.395788	0.000000	0.000000
372.020000	0.539939	-1.143469	1.395806	0.000000	0.000000
372.030000	0.539935	-1.143460	1.395824	0.000000	0.000000
372.040000	0.539931	-1.143451	1.395842	0.000000	0.000000
372.050000	0.539927	-1.143442	1.395861	0.000000	0.000000
372.060000	0.539922	-1.143433	1.395878	0.000000	0.000000
372.070000	0.539918	-1.143425	1.395896	0.000000	0.000000
372.080000	0.539913	-1.143416	1.395914	0.000000	0.000000
372.090000	0.539909	-1.143408	1.395932	0.000000	0.000000
372.100000	0.539905	-1.143400	1.395949	0.000000	0.000000
372.110000	0.539900	-1.143392	1.395966	0.000000	0.000000
372.120000	0.539895	-1.143384	1.395984	0.000000	0.000000
372.130000	0.539890	-1.143377	1.396001	0.000000	0.000000
372.140000	0.539886	-1.143373	1.396017	0.000000	0.000000
372.150000	0.539884	-1.143371	1.396034	0.000000	0.000000
372.160000	0.539884	-1.143372	1.396051	0.000000	0.000000
372.170000	0.539883	-1.143375	1.396067	0.000000	0.000000
372.180000	0.539883	-1.143377	1.396083	0.000000	0.000000
372.190000	0.539882	-1.143378	1.396100	0.000000	0.000000
372.200000	0.539880	-1.143375	1.396115	0.000000	0.000000
372.210000	0.539877	-1.143371	1.396131	0.000000	0.000000
372.220000	0.539875	-1.143364	1.396147	0.000000	0.000000
372.230000	0.539872	-1.143359	1.396162	0.000000	0.000000
372.240000	0.539869	-1.143355	1.396178	0.000000	0.000000
372.250000	0.539867	-1.143354	1.396193	0.000000	0.000000
372.260000	0.539868	-1.143355	1.396208	0.000000	0.000000
372.270000	0.539868	-1.143357	1.396223	0.000000	0.000000
372.280000	0.539868	-1.143359	1.396237	0.000000	0.000000
372.290000	0.539868	-1.143360	1.396252	0.000000	0.000000
372.300000	0.539868	-1.143360	1.396266	0.000000	0.000000
372.310000	0.539867	-1.143358	1.396281	0.000000	0.000000
372.320000	0.539865	-1.143354	1.396295	0.000000	0.000000
372.330000	0.539863	-1.143350	1.396309	0.000000	0.000000
372.340000	0.539860	-1.143344	1.396323	0.000000	0.000000
372.350000	0.539855	-1.143338	1.396338	0.000000	0.000000
372.360000	0.539850	-1.143333	1.396352	0.000000	0.000000
372.370000	0.539845	-1.143329	1.396366	0.000000	0.000000
372.380000	0.539841	-1.143325	1.396380	0.000000	0.000000
372.390000	0.539838	-1.143323	1.396394	0.000000	0.000000
372.400000	0.539835	-1.143321	1.396408	0.000000	0.000000
372.410000	0.539831	-1.143318	1.396422	0.000000	0.000000
372.420000	0.539827	-1.143315	1.396435	0.000000	0.000000
372.430000	0.539822	-1.143311	1.396449	0.000000	0.000000
372.440000	0.539817	-1.143304	1.396463	0.000000	0.000000
372.450000	0.539813	-1.143294	1.396477	0.000000	0.000000
372.460000	0.539807	-1.143283	1.396491	0.000000	0.000000
372.470000	0.539802	-1.143271	1.396505	0.000000	0.000000
372.480000	0.539797	-1.143259	1.396519	0.000000	0.000000
372.490000	0.539791	-1.143248	1.396532	0.000000	0.000000
372.500000	0.539786	-1.143237	1.396546	0.000000	0.000000
372.510000	0.539780	-1.143227	1.396560	0.000000	0.000000
372.520000	0.539775	-1.143219	1.396573	0.000000	0.000000
372.530000	0.539771	-1.143211	1.396587	0.000000	0.000000
372.540000	0.539767	-1.143205	1.396601	0.000000	0.000000
372.550000	0.539764	-1.143200	1.396614	0.000000	0.000000
372.560000	0.539762	-1.143197	1.396628	0.000000	0.000000
372.570000	0.539761	-1.143195	1.396641	0.000000	0.000000
372.580000	0.539760	-1.143193	1.396654	0.000000	0.000000
372.590000	0.539759	-1.143190	1.396667	0.000000	0.000000
372.600000	0.539757	-1.143182	1.396680	0.000000	0.000000
372.610000	0.539754	-1.143168	1.396693	0.000000	0.000000
372.620000	0.539748	-1.143149	1.396706	0.000000	0.000000
372.630000	0.539742	-1.143127	1.396718	0.000000	0.000000
372.640000	0.539737	-1.143108	1.396731	0.000000	0.000000
372.650000	0.539735	-1.143094	1.396743	0.000000	0.000000
372.660000	0.539735	-1.143085	1.396755	0.000000	0.000000
372.670000	0.539734	-1.143079	1.396768	0.000000	0.000000
372.680000	0.539734	-1.143073	1.396780	0.000000	0.000000
372.690000	0.539734	-1.143066	1.396791	0.000000	0.000000
372.700000	0.539735	-1.143058	1.396803	0.000000	0.000000
372.710000	0.539736	-1.143049	1.396815	0.000000	0.000000
372.720000	0.539737	-1.143041	1.396826	0.000000	0.000000
372.730000	0.539738	-1.143034	1.396838	0.000000	0.000000
372.740000	0.539738	-1.143027	1.396849	0.000000	0.000000
372.750000	0.539739	-1.143020	1.396860	0.000000	0.000000
372.760000	0.539739	-1.143011	1.396871	0.000000	0.000000
372.770000	0.539738	-1.143000	1.396882	0.000000	0.000000
372.780000	0.539735	-1.142988	1.396892	0.000000	0.000000
372.790000	0.539732	-1.142979	1.396903	0.000000	0.000000
372.800000	0.539730	-1.142972	1.396914	0.000000	0.000000
372.810000	0.539731	-1.142970	1.396924	0.000000	0.000000
372.820000	0.539731	-1.142969	1.396934	0.000000	0.000000
372.830000	0.539732	-1.142970	1.396945	0.000000	0.000000
372.840000	0.539734	-1.142970	1.396955	0.000000	0.000000
372.850000	0.539735	-1.142970	1.396965	0.000000	0.000000
372.860000	0.539736	-1.142967	1.396975	0.000000	0.000000
372.870000	0.539736	-1.142963	1.396985	0.000000	0.000000
372.880000	0.539735	-1.142956	1.396995	0.000000	0.000000
372.890000	0.539734	-1.142948	1.397005	0.000000	0.000000
372.900000	0.539732	-1.142940	1.397014	0.000000	0.000000
372.910000	0.539732	-1.142933	1.397024	0.000000	0.000000
372.920000	0.539731	-1.142927	1.397033	0.000000	0.000000
372.930000	0.539731	-1.142922	1.397043	0.000000	0.000000
372.940000	0.539733	-1.142919	1.397052	0.000000	0.000000
372.950000	0.539736	-1.142915	1.397061	0.000000	0.000000
372.960000	0.539737	-1.142910	1.397070	0.000000	0.000000
372.970000	0.539737	-1.142905	1.397079	0.000000	0.000000
372.980000	0.539738	-1.142899	1.397089	0.000000	0.000000
372.990000	0.539738	-1.142893	1.397098	0.000000	0.000000
373.000000	0.539737	-1.142883	1.397107	0.000000	0.000000
373.010000	0.539736	-1.142873	1.397116	0.000000	0.000000
373.020000	0.539735	-1.142864	1.397125	0.000000	0.000000
373.030000	0.539736	-1.142858	1.397133	0.000000	0.000000
373.040000	0.539735	-1.142852	1.397142	0.000000	0.000000
373.050000	0.539733	-1.142843	1.397151	0.000000	0.000000
373.060000	0.539730	-1.142830	1.397160	0.000000	0.000000
373.070000	0.539726	-1.142814	1.397169	0.000000	0.000000
373.080000	0.539723	-1.142798	1.397178	0.000000	0.000000
373.090000	0.539719	-1.142784	1.397187	0.000000	0.000000
373.100000	0.539717	-1.142773	1.397195	0.000000	0.000000
373.110000	0.539716	-1.142764	1.397204	0.000000	0.000000
373.120000	0.539716	-1.142757	1.397213	0.000000	0.000000
373.130000	0.539717	-1.142750	1.397222	0.000000	0.000000
373.140000	0.539718	-1.142745	1.397230	0.000000	0.000000
373.150000	0.539719	-1.142742	1.397239	0.000000	0.000000
373.160000	0.539721	-1.142739	1.397247	0.000000	0.000000
373.170000	0.539724	-1.142737	1.397256	0.000000	0.000000
373.180000	0.539726	-1.142735	1.397264	0.000000	0.000000
373.190000	0.539727	-1.142733	1.397273	0.000000	0.000000
373.200000	0.539729	-1.142728	1.397281	0.000000	0.000000
373.210000	0.539730	-1.142722	1.397289	0.000000	0.000000
373.220000	0.539729	-1.142711	1.397297	0.000000	0.000000
373.230000	0.539726	-1.142696	1.397305	0.000000	0.000000
373.240000	0.539722	-1.142680	1.397313	0.000000	0.000000
373.250000	0.539719	-1.142664	1.397320	0.000000	0.000000
373.260000	0.539715	-1.142652	1.397328	0.000000	0.000000
373.270000	0.539712	-1.142643	1.397336	0.000000	0.000000
373.280000	0.539710	-1.142636	1.397343	0.000000	0.000000
373.290000	0.539709	-1.142630	1.397350	0.000000	0.000000
373.300000	0.539707	-1.142625	1.397358	0.000000	0.000000
373.310000	0.539705	-1.142622	1.397365	0.000000	0.000000
373.320000	0.539703	-1.142618	1.397373	0.000000	0.000000
373.330000	0.539701	-1.142611	1.397380	0.000000	0.000000
373.340000	0.539699	-1.142600	1.397387	0.000000	0.000000
373.350000	0.539694	-1.142587	1.397395	0.000000	0.000000
373.360000	0.539688	-1.142573	1.397402	0.000000	0.000000
373.370000	0.539683	-1.142559	1.397410	0.000000	0.000000
373.380000	0.539678	-1.142548	1.397417	0.000000	0.000000
373.390000	0.539674	-1.142537	1.397425	0.000000	0.000000
373.400000	0.539670	-1.142527	1.397432	0.000000	0.000000
373.410000	0.539666	-1.142517	1.397440	0.000000	0.000000
373.420000	0.539662	-1.142509	1.397447	0.000000	0.000000
373.430000	0.539660	-1.142501	1.397454	0.000000	0.000000
373.440000	0.539658	-1.142495	1.397462	0.000000	0.000000
373.450000	0.539656	-1.142489	1.397469	0.000000	0.000000
373.460000	0.539653	-1.142484	1.397477	0.000000	0.000000
373.470000	0.539651	-1.142479	1.397484	0.000000	0.000000
373.480000	0.539648	-1.142473	1.397491	0.000000	0.000000
373.490000	0.539646	-1.142466	1.397498	0.000000	0.000000
373.500000	0.539643	-1.142458	1.397505	0.000000	0.000000
373.510000	0.539640	-1.142449	1.397512	0.000000	0.000000
373.520000	0.539635	-1.142438	1.397518	0.000000	0.000000
373.530000	0.539632	-1.142427	1.397525	0.000000	0.000000
373.540000	0.539629	-1.142417	1.397531	0.000000	0.000000
373.550000	0.539627	-1.142409	1.397537	0.000000	0.000000
373.560000	0.539627	-1.142404	1.397544	0.000000	0.000000
373.570000	0.539627	-1.142398	1.397550	0.000000	0.000000
373.580000	0.539625	-1.142393	1.397556	0.000000	0.000000
373.590000	0.539623	-1.142387	1.397561	0.000000	0.000000
373.600000	0.539621	-1.142381	1.397567	0.000000	0.000000
373.610000	0.539620	-1.142377	1.397573	0.000000	0.000000
373.620000	0.539620	-1.142374	1.397579	0.000000	0.000000
373.630000	0.539620	-1.142373	1.397585	0.000000	0.000000
373.640000	0.539618	-1.142372	1.397590	0.000000	0.000000
373.650000	0.539617	-1.142370	1.397596	0.000000	0.000000
373.660000	0.539614	-1.142367	1.397601	0.000000	0.000000
373.670000	0.539611	-1.142362	1.397607	0.000000	0.000000
373.680000	0.539609	-1.142354	1.397613	0.000000	0.000000
373.690000	0.539606	-1.142344	1.397618	0.000000	0.000000
373.700000	0.539602	-1.142332	1.397624	0.000000	0.000000
373.710000	0.539597	-1.142317	1.397629	0.000000	0.000000
373.720000	0.539592	-1.142301	1.397634	0.000000	0.000000
373.730000	0.539586	-1.142285	1.397640	0.000000	0.000000
373.740000	0.539580	-1.142270	1.397645	0.000000	0.000000
373.750000	0.539575	-1.142255	1.397650	0.000000	0.000000
373.760000	0.539570	-1.142243	1.397655	0.000000	0.000000
373.770000	0.539567	-1.142233	1.397660	0.000000	0.000000
373.780000	0.539564	-1.142224	1.397665	0.000000	0.000000
373.790000	0.539562	-1.142218	1.397670	0.000000	0.000000
373.800000	0.539560	-1.142213	1.397674	0.000000	0.000000
373.810000	0.539557	-1.142209	1.397678	0.000000	0.000000
373.820000	0.539556	-1.142203	1.397682	0.000000	0.000000
373.830000	0.539555	-1.142196	1.397686	0.000000	0.000000
373.840000	0.539553	-1.142188	1.397690	0.000000	0.000000
373.850000	0.539552	-1.142182	1.397694	0.000000	0.000000
373.860000	0.539553	-1.142181	1.397697	0.000000	0.000000
373.870000	0.539555	-1.142182	1.397700	0.000000	0.000000
373.880000	0.539557	-1.142183	1.397703	0.000000	0.000000
373.890000	0.539560	-1.142183	1.397706	0.000000	0.000000
373.900000	0.539561	-1.142180	1.397709	0.000000	0.000000
373.910000	0.539562	-1.142173	1.397712	0.000000	0.000000
373.920000	0.539560	-1.142162	1.397715	0.000000	0.000000
373.930000	0.539559	-1.142148	1.397717	0.000000	0.000000
373.940000	0.539557	-1.142135	1.397720	0.000000	0.000000
373.950000	0.539557	-1.142129	1.397723	0.000000	0.000000
373.960000	0.539560	-1.142130	1.397726	0.000000	0.000000
373.970000	0.539566	-1.142138	1.397728	0.000000	0.000000
373.980000	0.539572	-1.142149	1.397731	0.000000	0.000000
373.990000	0.539577	-1.142159	1.397734	0.000000	0.000000
374.000000	0.539582	-1.142166	1.397737	0.000000	0.000000
374.010000	0.539584	-1.142168	1.397740	0.000000	0.000000
374.020000	0.539586	-1.142163	1.397743	0.000000	0.000000
374.030000	0.539585	-1.142151	1.397746	0.000000	0.000000
374.040000	0.539582	-1.142135	1.397749	0.000000	0.000000
374.050000	0.539580	-1.142117	1.397752	0.000000	0.000000
374.060000	0.539579	-1.142101	1.397755	0.000000	0.000000
374.070000	0.539579	-1.142087	1.397759	0.000000	0.000000
374.080000	0.539581	-1.142078	1.397762	0.000000	0.000000
374.090000	0.539586	-1.142071	1.397765	0.000000	0.000000
374.100000	0.539590	-1.142065	1.397769	0.000000	0.000000
374.110000	0.539596	-1.142061	1.397772	0.000000	0.000000
374.120000	0.539601	-1.142055	1.397775	0.000000	0.000000
374.130000	0.539605	-1.142048	1.397779	0.000000	0.000000
374.140000	0.539608	-1.142038	1.397782	0.000000	0.000000
374.150000	0.539611	-1.142025	1.397785	0.000000	0.000000
374.160000	0.539613	-1.142011	1.397788	0.000000	0.000000
374.170000	0.539615	-1.141996	1.397792	0.000000	0.000000
374.180000	0.539619	-1.141983	1.397795	0.000000	0.000000
374.190000	0.539622	-1.141972	1.397798	0.000000	0.000000
374.200000	0.539627	-1.141963	1.397801	0.000000	0.000000
374.210000	0.539633	-1.141955	1.397804	0.000000	0.000000
374.220000	0.539639	-1.141946	1.397806	0.000000	0.000000
374.230000	0.539643	-1.141934	1.397809	0.000000	0.000000
374.240000	0.539647	-1.141918	1.397812	0.000000	0.000000
374.250000	0.539649	-1.141897	1.397815	0.000000	0.000000
374.260000	0.539652	-1.141876	1.397817	0.000000	0.000000
374.270000	0.539656	-1.141859	1.397820	0.000000	0.000000
374.280000	0.539663	-1.141848	1.397823	0.000000	0.000000
374.290000	0.539669	-1.141839	1.397825	0.000000	0.000000
374.300000	0.539677	-1.141830	1.397828	0.000000	0.000000
374.310000	0.539683	-1.141820	1.397831	0.000000	0.000000
374.320000	0.539688	-1.141805	1.397834	0.000000	0.000000
374.330000	0.539693	-1.141784	1.397837	0.000000	0.000000
374.340000	0.539696	-1.141758	1.397839	0.000000	0.000000
374.350000	0.539697	-1.141727	1.397842	0.000000	0.000000
374.360000	0.539697	-1.141693	1.397845	0.000000	0.000000
374.370000	0.539697	-1.141657	1.397848	0.000000	0.000000
374.380000	0.539696	-1.141620	1.397850	0.000000	0.000000
374.390000	0.539695	-1.141583	1.397853	0.000000	0.000000
374.400000	0.539694	-1.141546	1.397856	0.000000	0.000000
374.410000	0.539693	-1.141510	1.397858	0.000000	0.000000
374.420000	0.539693	-1.141477	1.397861	0.000000	0.000000
374.430000	0.539694	-1.141449	1.397863	0.000000	0.000000
374.440000	0.539697	-1.141426	1.397865	0.000000	0.000000
374.450000	0.539701	-1.141407	1.397867	0.000000	0.000000
374.460000	0.539706	-1.141392	1.397869	0.000000	0.000000
374.470000	0.539714	-1.141379	1.397870	0.000000	0.000000
374.480000	0.539722	-1.141370	1.397872	0.000000	0.000000
374.490000	0.539732	-1.141365	1.397873	0.000000	0.000000
374.500000	0.539742	-1.141362	1.397874	0.000000	0.000000
374.510000	0.539753	-1.141361	1.397875	0.000000	0.000000
374.520000	0.539764	-1.141359	1.397876	0.000000	0.000000
374.530000	0.539774	-1.141355	1.397876	0.000000	0.000000
374.540000	0.539782	-1.141346	1.397877	0.000000	0.000000
374.550000	0.539788	-1.141333	1.397877	0.000000	0.000000
374.560000	0.539793	-1.141319	1.397877	0.000000	0.000000
374.570000	0.539796	-1.141306	1.397877	0.000000	0.000000
374.580000	0.539798	-1.141290	1.397877	0.000000	0.000000
374.590000	0.539799	-1.141272	1.397877	0.000000	0.000000
374.600000	0.539800	-1.141253	1.397877	0.000000	0.000000
374.610000	0.539801	-1.141240	1.397877	0.000000	0.000000
374.620000	0.539805	-1.141235	1.397877	0.000000	0.000000
374.630000	0.539811	-1.141235	1.397877	0.000000	0.000000
374.640000	0.539817	-1.141239	1.397877	0.000000	0.000000
374.650000	0.539824	-1.141245	1.397877	0.000000	0.000000
374.660000	0.539830	-1.141249	1.397878	0.000000	0.000000
374.670000	0.539835	-1.141250	1.397878	0.000000	0.000000
374.680000	0.539839	-1.141245	1.397878	0.000000	0.000000
374.690000	0.539840	-1.141234	1.397878	0.000000	0.000000
374.700000	0.539840	-1.141217	1.397878	0.000000	0.000000
374.710000	0.539838	-1.141196	1.397879	0.000000	0.000000
374.720000	0.539836	-1.141172	1.397879	0.000000	0.000000
374.730000	0.539833	-1.141150	1.397879	0.000000	0.000000
374.740000	0.539833	-1.141131	1.397880	0.000000	0.000000
374.750000	0.539833	-1.141116	1.397880	0.000000	0.000000
374.760000	0.539836	-1.141105	1.397880	0.000000	0.000000
374.770000	0.539838	-1.141097	1.397880	0.000000	0.000000
374.780000	0.539841	-1.141089	1.397880	0.000000	0.000000
374.790000	0.539843	-1.141081	1.397881	0.000000	0.000000
374.800000	0.539845	-1.141071	1.397881	0.000000	0.000000
374.810000	0.539845	-1.141060	1.397881	0.000000	0.000000
374.820000	0.539846	-1.141047	1.397880	0.000000	0.000000
374.830000	0.539846	-1.141032	1.397880	0.000000	0.000000
374.840000	0.539846	-1.141017	1.397880	0.000000	0.000000
374.850000	0.539847	-1.141006	1.397880	0.000000	0.000000
374.860000	0.539850	-1.140998	1.397879	0.000000	0.000000
374.870000	0.539853	-1.140994	1.397879	0.000000	0.000000
374.880000	0.539858	-1.140994	1.397879	0.000000	0.000000
374.890000	0.539863	-1.140995	1.397878	0.000000	0.000000
374.900000	0.539868	-1.140998	1.397878	0.000000	0.000000
374.910000	0.539872	-1.141001	1.397877	0.000000	0.000000
374.920000	0.539877	-1.141002	1.397877	0.000000	0.000000
374.930000	0.539881	-1.141000	1.397877	0.000000	0.000000
374.940000	0.539885	-1.140995	1.397876	0.000000	0.000000
374.950000	0.539888	-1.140989	1.397876	0.000000	0.000000
374.960000	0.539892	-1.140983	1.397876	0.000000	0.000000
374.970000	0.539896	-1.140980	1.397876	0.000000	0.000000
374.980000	0.539901	-1.140977	1.397875	0.000000	0.000000
374.990000	0.539905	-1.140975	1.397875	0.000000	0.000000
375.000000	0.539909	-1.140972	1.397875	0.000000	0.000000
375.010000	0.539911	-1.140966	1.397875	0.000000	0.000000
375.020000	0.539913	-1.140960	1.397876	0.000000	0.000000
375.030000	0.539915	-1.140953	1.397876	0.000000	0.000000
375.040000	0.539917	-1.140946	1.397876	0.000000	0.000000
375.050000	0.539919	-1.140941	1.397876	0.000000	0.000000
375.060000	0.539922	-1.140938	1.397877	0.000000	0.000000
375.070000	0.539926	-1.140937	1.397877	0.000000	0.000000
375.080000	0.539930	-1.140937	1.397878	0.000000	0.000000
375.090000	0.539935	-1.140936	1.397878	0.000000	0.000000
375.100000	0.539938	-1.140933	1.397879	0.000000	0.000000
375.110000	0.539942	-1.140928	1.397880	0.000000	0.000000
375.120000	0.539946	-1.140921	1.397880	0.000000	0.000000
375.130000	0.539949	-1.140912	1.397881	0.000000	0.000000
375.140000	0.539952	-1.140905	1.397882	0.000000	0.000000
375.150000	0.539956	-1.140898	1.397883	0.000000	0.000000
375.160000	0.539960	-1.140893	1.397883	0.000000	0.000000
375.170000	0.539964	-1.140888	1.397884	0.000000	0.000000
375.180000	0.539967	-1.140883	1.397885	0.000000	0.000000
375.190000	0.539971	-1.140878	1.397886	0.000000	0.000000
375.200000	0.539975	-1.140874	1.397887	0.000000	0.000000
375.210000	0.539980	-1.140872	1.397887	0.000000	0.000000
375.220000	0.539987	-1.140871	1.397888	0.000000	0.000000
375.230000	0.539996	-1.140871	1.397889	0.000000	0.000000
375.240000	0.540004	-1.140873	1.397889	0.000000	0.000000
375.250000	0.540012	-1.140873	1.397890	0.000000	0.000000
375.260000	0.540019	-1.140869	1.397891	0.000000	0.000000
375.270000	0.540023	-1.140861	1.397891	0.000000	0.000000
375.280000	0.540026	-1.140846	1.397892	0.000000	0.000000
375.290000	0.540025	-1.140826	1.397892	0.000000	0.000000
375.300000	0.540024	-1.140806	1.397893	0.000000	0.000000
375.310000	0.540022	-1.140787	1.397893	0.000000	0.000000
375.320000	0.540021	-1.140773	1.397893	0.000000	0.000000
375.330000	0.540022	-1.140764	1.397894	0.000000	0.000000
375.340000	0.540026	-1.140762	1.397894	0.000000	0.000000
375.350000	0.540030	-1.140763	1.397895	0.000000	0.000000
375.360000	0.540036	-1.140766	1.397895	0.000000	0.000000
375.370000	0.540042	-1.140770	1.397896	0.000000	0.000000
375.380000	0.540048	-1.140773	1.397896	0.000000	0.000000
375.390000	0.540054	-1.140774	1.397897	0.000000	0.000000
375.400000	0.540061	-1.140771	1.397898	0.000000	0.000000
375.410000	0.540066	-1.140763	1.397898	0.000000	0.000000
375.420000	0.540071	-1.140750	1.397899	0.000000	0.000000
375.430000	0.540073	-1.140730	1.397899	0.000000	0.000000
375.440000	0.540073	-1.140707	1.397900	0.000000	0.000000
375.450000	0.540074	-1.140683	1.397900	0.000000	0.000000
375.460000	0.540075	-1.140661	1.397901	0.000000	0.000000
375.470000	0.540077	-1.140642	1.397901	0.000000	0.000000
375.480000	0.540081	-1.140627	1.397902	0.000000	0.000000
375.490000	0.540086	-1.140615	1.397902	0.000000	0.000000
375.500000	0.540091	-1.140608	1.397902	0.000000	0.000000
375.510000	0.540098	-1.140603	1.397902	0.000000	0.000000
375.520000	0.540105	-1.140602	1.397902	0.000000	0.000000
375.530000	0.540114	-1.140604	1.397902	0.000000	0.000000
375.540000	0.540124	-1.140606	1.397902	0.000000	0.000000
375.550000	0.540133	-1.140607	1.397901	0.000000	0.000000
375.560000	0.540142	-1.140605	1.397901	0.000000	0.000000
375.570000	0.540147	-1.140595	1.397900	0.000000	0.000000
375.580000	0.540150	-1.140578	1.397899	0.000000	0.000000
375.590000	0.540153	-1.140559	1.397898	0.000000	0.000000
375.600000	0.540157	-1.140543	1.397897	0.000000	0.000000
375.610000	0.540162	-1.140532	1.397896	0.000000	0.000000
375.620000	0.540167	-1.140526	1.397895	0.000000	0.000000
375.630000	0.540173	-1.140524	1.397894	0.000000	0.000000
375.640000	0.540180	-1.140524	1.397893	0.000000	0.000000
375.650000	0.540187	-1.140525	1.397892	0.000000	0.000000
375.660000	0.540193	-1.140525	1.397892	0.000000	0.000000
375.670000	0.540200	-1.140522	1.397891	0.000000	0.000000
375.680000	0.540205	-1.140516	1.397890	0.000000	0.000000
375.690000	0.540210	-1.140507	1.397889	0.000000	0.000000
375.700000	0.540214	-1.140495	1.397888	0.000000	0.000000
375.710000	0.540217	-1.140480	1.397887	0.000000	0.000000
375.720000	0.540220	-1.140464	1.397887	0.000000	0.000000
375.730000	0.540223	-1.140446	1.397886	0.000000	0.000000
375.740000	0.540226	-1.140429	1.397885	0.000000	0.000000
375.750000	0.540228	-1.140415	1.397885	0.000000	0.000000
375.760000	0.540230	-1.140405	1.397884	0.000000	0.000000
375.770000	0.540233	-1.140399	1.397883	0.000000	0.000000
375.780000	0.540237	-1.140394	1.397882	0.000000	0.000000
375.790000	0.540241	-1.140390	1.397882	0.000000	0.000000
375.800000	0.540244	-1.140387	1.397881	0.000000	0.000000
375.810000	0.540249	-1.140383	1.397880	0.000000	0.000000
375.820000	0.540253	-1.140379	1.397879	0.000000	0.000000
375.830000	0.540258	-1.140377	1.397878	0.000000	0.000000
375.840000	0.540265	-1.140378	1.397877	0.000000	0.000000
375.850000	0.540272	-1.140383	1.397875	0.000000	0.000000
375.860000	0.540279	-1.140390	1.397874	0.000000	0.000000
375.870000	0.540286	-1.140399	1.397872	0.000000	0.000000
375.880000	0.540291	-1.140408	1.397871	0.000000	0.000000
375.890000	0.540296	-1.140414	1.397869	0.000000	0.000000
375.900000	0.540299	-1.140419	1.397868	0.000000	0.000000
375.910000	0.540300	-1.140419	1.397866	0.000000	0.000000
375.920000	0.540300	-1.140417	1.397865	0.000000	0.000000
375.930000	0.540300	-1.140414	1.397864	0.000000	0.000000
375.940000	0.540301	-1.140412	1.397862	0.000000	0.000000
375.950000	0.540301	-1.140413	1.397861	0.000000	0.000000
375.960000	0.540302	-1.140414	1.397860	0.000000	0.000000
375.970000	0.540303	-1.140416	1.397858	0.000000	0.000000
375.980000	0.540303	-1.140417	1.397857	0.000000	0.000000
375.990000	0.540303	-1.140416	1.397856	0.000000	0.000000
376.000000	0.540300	-1.140413	1.397855	0.000000	0.000000
376.010000	0.540296	-1.140408	1.397854	0.000000	0.000000
376.020000	0.540292	-1.140403	1.397853	0.000000	0.000000
376.030000	0.540288	-1.140399	1.397852	0.000000	0.000000
376.040000	0.540285	-1.140398	1.397851	0.000000	0.000000
376.050000	0.540283	-1.140401	1.397850	0.000000	0.000000
376.060000	0.540281	-1.140406	1.397849	0.000000	0.000000
376.070000	0.540279	-1.140412	1.397848	0.000000	0.000000
376.080000	0.540277	-1.140420	1.397846	0.000000	0.000000
376.090000	0.540275	-1.140429	1.397845	0.000000	0.000000
376.100000	0.540273	-1.140438	1.397844	0.000000	0.000000
376.110000	0.540271	-1.140446	1.397843	0.000000	0.000000
376.120000	0.540269	-1.140452	1.397841	0.000000	0.000000
376.130000	0.540267	-1.140457	1.397840	0.000000	0.000000
376.140000	0.540264	-1.140462	1.397838	0.000000	0.000000
376.150000	0.540261	-1.140467	1.397837	0.000000	0.000000
376.160000	0.540259	-1.140472	1.397835	0.000000	0.000000
376.170000	0.540256	-1.140476	1.397834	0.000000	0.000000
376.180000	0.540253	-1.140480	1.397832	0.000000	0.000000
376.190000	0.540250	-1.140483	1.397831	0.000000	0.000000
376.200000	0.540247	-1.140487	1.397829	0.000000	0.000000
376.210000	0.540246	-1.140492	1.397828	0.000000	0.000000
376.220000	0.540244	-1.140498	1.397827	0.000000	0.000000
376.230000	0.540243	-1.140505	1.397826	0.000000	0.000000
376.240000	0.540242	-1.140511	1.397824	0.000000	0.000000
376.250000	0.540241	-1.140517	1.397823	0.000000	0.000000
376.260000	0.540239	-1.140522	1.397822	0.000000	0.000000
376.270000	0.540237	-1.140525	1.397822	0.000000	0.000000
376.280000	0.540236	-1.140526	1.397821	0.000000	0.000000
376.290000	0.540234	-1.140524	1.397820	0.000000	0.000000
376.300000	0.540231	-1.140522	1.397819	0.000000	0.000000
376.310000	0.540228	-1.140519	1.397818	0.000000	0.000000
376.320000	0.540224	-1.140518	1.397817	0.000000	0.000000
376.330000	0.540220	-1.140519	1.397816	0.000000	0.000000
376.340000	0.540218	-1.140524	1.397816	0.000000	0.000000
376.350000	0.540216	-1.140532	1.397815	0.000000	0.000000
376.360000	0.540215	-1.140542	1.397814	0.000000	0.000000
376.370000	0.540216	-1.140555	1.397813	0.000000	0.000000
376.380000	0.540218	-1.140567	1.397812	0.000000	0.000000
376.390000	0.540218	-1.140577	1.397811	0.000000	0.000000
376.400000	0.540217	-1.140584	1.397810	0.000000	0.000000
376.410000	0.540214	-1.140589	1.397809	0.000000	0.000000
376.420000	0.540210	-1.140591	1.397807	0.000000	0.000000
376.430000	0.540206	-1.140593	1.397806	0.000000	0.000000
376.440000	0.540202	-1.140596	1.397805	0.000000	0.000000
376.450000	0.540199	-1.140602	1.397804	0.000000	0.000000
376.460000	0.540198	-1.140612	1.397802	0.000000	0.000000
376.470000	0.540197	-1.140624	1.397801	0.000000	0.000000
376.480000	0.540195	-1.140633	1.397800	0.000000	0.000000
376.490000	0.540193	-1.140640	1.397799	0.000000	0.000000
376.500000	0.540190	-1.140645	1.397798	0.000000	0.000000
376.510000	0.540186	-1.140648	1.397797	0.000000	0.000000
376.520000	0.540182	-1.140650	1.397797	0.000000	0.000000
376.530000	0.540179	-1.140651	1.397796	0.000000	0.000000
376.540000	0.540175	-1.140652	1.397796	0.000000	0.000000
376.550000	0.540171	-1.140653	1.397795	0.000000	0.000000
376.560000	0.540166	-1.140654	1.397795	0.000000	0.000000
376.570000	0.540162	-1.140656	1.397795	0.000000	0.000000
376.580000	0.540157	-1.140657	1.397795	0.000000	0.000000
376.590000	0.540152	-1.140659	1.397795	0.000000	0.000000
376.600000	0.540147	-1.140661	1.397795	0.000000	0.000000
376.610000	0.540144	-1.140665	1.397796	0.000000	0.000000
376.620000	0.540141	-1.140669	1.397796	0.000000	0.000000
376.630000	0.540138	-1.140674	1.397796	0.000000	0.000000
376.640000	0.540134	-1.140679	1.397797	0.000000	0.000000
376.650000	0.540131	-1.140682	1.397797	0.000000	0.000000
376.660000	0.540126	-1.140686	1.397798	0.000000	0.000000
376.670000	0.540122	-1.140689	1.397798	0.000000	0.000000
376.680000	0.540118	-1.140693	1.397799	0.000000	0.000000
376.690000	0.540114	-1.140698	1.397800	0.000000	0.000000
376.700000	0.540110	-1.140703	1.397800	0.000000	0.000000
376.710000	0.540105	-1.140708	1.397801	0.000000	0.000000
376.720000	0.540100	-1.140712	1.397802	0.000000	0.000000
376.730000	0.540095	-1.140716	1.397803	0.000000	0.000000
376.740000	0.540090	-1.140718	1.397804	0.000000	0.000000
376.750000	0.540085	-1.140721	1.397805	0.000000	0.000000
376.760000	0.540081	-1.140723	1.397806	0.000000	0.000000
376.770000	0.540076	-1.140723	1.397807	0.000000	0.000000
376.780000	0.540071	-1.140722	1.397808	0.000000	0.000000
376.790000	0.540066	-1.140719	1.397809	0.000000	0.000000
376.800000	0.540060	-1.140714	1.397810	0.000000	0.000000
376.810000	0.540054	-1.140708	1.397811	0.000000	0.000000
376.820000	0.540048	-1.140703	1.397812	0.000000	0.000000
376.830000	0.540043	-1.140700	1.397813	0.000000	0.000000
376.840000	0.540038	-1.140699	1.397814	0.000000	0.000000
376.850000	0.540034	-1.140700	1.397815	0.000000	0.000000
376.860000	0.540032	-1.140703	1.397815	0.000000	0.000000
376.870000	0.540030	-1.140707	1.397816	0.000000	0.000000
376.880000	0.540028	-1.140711	1.397817	0.000000	0.000000
376.890000	0.540027	-1.140715	1.397818	0.000000	0.000000
376.900000	0.540026	-1.140717	1.397818	0.000000	0.000000
376.910000	0.540024	-1.140717	1.397819	0.000000	0.000000
376.920000	0.540021	-1.140712	1.397820	0.000000	0.000000
376.930000	0.540017	-1.140703	1.397820	0.000000	0.000000
376.940000	0.540013	-1.140691	1.397821	0.000000	0.000000
376.950000	0.540008	-1.140678	1.397822	0.000000	0.000000
376.960000	0.540004	-1.140666	1.397822	0.000000	0.000000
376.970000	0.540001	-1.140658	1.397823	0.000000	0.000000
376.980000	0.539999	-1.140654	1.397824	0.000000	0.000000
376.990000	0.539999	-1.140653	1.397824	0.000000	0.000000
377.000000	0.539999	-1.140655	1.397825	0.000000	0.000000
377.010000	0.540000	-1.140657	1.397826	0.000000	0.000000
377.020000	0.540000	-1.140659	1.397827	0.000000	0.000000
377.030000	0.539999	-1.140658	1.397828	0.000000	0.000000
377.040000	0.539997	-1.140654	1.397829	0.000000	0.000000
377.050000	0.539994	-1.140649	1.397830	0.000000	0.000000
377.060000	0.539990	-1.140642	1.397831	0.000000	0.000000
377.070000	0.539987	-1.140638	1.397832	0.000000	0.000000
377.080000	0.539984	-1.140635	1.397833	0.000000	0.000000
377.090000	0.539982	-1.140634	1.397833	0.000000	0.000000
377.100000	0.539981	-1.140635	1.397834	0.000000	0.000000
377.110000	0.539980	-1.140637	1.397835	0.000000	0.000000
377.120000	0.539979	-1.140640	1.397835	0.000000	0.000000
377.130000	0.539978	-1.140643	1.397835	0.000000	0.000000
377.140000	0.539978	-1.140648	1.397836	0.000000	0.000000
377.150000	0.539977	-1.140651	1.397836	0.000000	0.000000
377.160000	0.539975	-1.140651	1.397836	0.000000	0.000000
377.170000	0.539971	-1.140645	1.397836	0.000000	0.000000
377.180000	0.539967	-1.140637	1.397835	0.000000	0.000000
377.190000	0.539963	-1.140632	1.397835	0.000000	0.000000
377.200000	0.539960	-1.140631	1.397835	0.000000	0.000000
377.210000	0.539958	-1.140634	1.397835	0.000000	0.000000
377.220000	0.539956	-1.140639	1.397834	0.000000	0.000000
377.230000	0.539954	-1.140646	1.397834	0.000000	0.000000
377.240000	0.539952	-1.140652	1.397834	0.000000	0.000000
377.250000	0.539950	-1.140658	1.397833	0.000000	0.000000
377.260000	0.539948	-1.140663	1.397833	0.000000	0.000000
377.270000	0.539945	-1.140666	1.397833	0.000000	0.000000
377.280000	0.539941	-1.140667	1.397832	0.000000	0.000000
377.290000	0.539937	-1.140666	1.397832	0.000000	0.000000
377.300000	0.539933	-1.140663	1.397832	0.000000	0.000000
377.310000	0.539930	-1.140659	1.397831	0.000000	0.000000
377.320000	0.539926	-1.140658	1.397831	0.000000	0.000000
377.330000	0.539923	-1.140658	1.397830	0.000000	0.000000
377.340000	0.539922	-1.140661	1.397829	0.000000	0.000000
377.350000	0.539922	-1.140665	1.397828	0.000000	0.000000
377.360000	0.539922	-1.140670	1.397827	0.000000	0.000000
377.370000	0.539922	-1.140673	1.397826	0.000000	0.000000
377.380000	0.539923	-1.140677	1.397825	0.000000	0.000000
377.390000	0.539924	-1.140681	1.397824	0.000000	0.000000
377.400000	0.539925	-1.140686	1.397822	0.000000	0.000000
377.410000	0.539927	-1.140690	1.397821	0.000000	0.000000
377.420000	0.539929	-1.140692	1.397819	0.000000	0.000000
377.430000	0.539930	-1.140693	1.397818	0.000000	0.000000
377.440000	0.539930	-1.140693	1.397816	0.000000	0.000000
377.450000	0.539930	-1.140691	1.397815	0.000000	0.000000
377.460000	0.539928	-1.140689	1.397813	0.000000	0.000000
377.470000	0.539927	-1.140686	1.397812	0.000000	0.000000
377.480000	0.539926	-1.140683	1.397810	0.000000	0.000000
377.490000	0.539924	-1.140679	1.397809	0.000000	0.000000
377.500000	0.539923	-1.140675	1.397807	0.000000	0.000000
377.510000	0.539922	-1.140673	1.397806	0.000000	0.000000
377.520000	0.539921	-1.140671	1.397804	0.000000	0.000000
377.530000	0.539919	-1.140670	1.397803	0.000000	0.000000
377.540000	0.539917	-1.140670	1.397802	0.000000	0.000000
377.550000	0.539916	-1.140671	1.397800	0.000000	0.000000
377.560000	0.539915	-1.140672	1.397799	0.000000	0.000000
377.570000	0.539914	-1.140674	1.397797	0.000000	0.000000
377.580000	0.539913	-1.140675	1.397796	0.000000	0.000000
377.590000	0.539913	-1.140677	1.397794	0.000000	0.000000
377.600000	0.539912	-1.140679	1.397792	0.000000	0.000000
377.610000	0.539910	-1.140680	1.397791	0.000000	0.000000
377.620000	0.539908	-1.140682	1.397789	0.000000	0.000000
377.630000	0.539906	-1.140684	1.397787	0.000000	0.000000
377.640000	0.539905	-1.140688	1.397785	0.000000	0.000000
377.650000	0.539903	-1.140693	1.397783	0.000000	0.000000
377.660000	0.539900	-1.140700	1.397781	0.000000	0.000000
377.670000	0.539898	-1.140706	1.397779	0.000000	0.000000
377.680000	0.539895	-1.140712	1.397777	0.000000	0.000000
377.690000	0.539892	-1.140716	1.397775	0.000000	0.000000
377.700000	0.539888	-1.140719	1.397773	0.000000	0.000000
377.710000	0.539883	-1.140719	1.397771	0.000000	0.000000
377.720000	0.539879	-1.140718	1.397769	0.000000	0.000000
377.730000	0.539874	-1.140717	1.397768	0.000000	0.000000
377.740000	0.539870	-1.140718	1.397766	0.000000	0.000000
377.750000	0.539866	-1.140719	1.397764	0.000000	0.000000
377.760000	0.539861	-1.140719	1.397763	0.000000	0.000000
377.770000	0.539856	-1.140717	1.397761	0.000000	0.000000
377.780000	0.539851	-1.140716	1.397760	0.000000	0.000000
377.790000	0.539846	-1.140718	1.397758	0.000000	0.000000
377.800000	0.539842	-1.140721	1.397757	0.000000	0.000000
377.810000	0.539838	-1.140724	1.397756	0.000000	0.000000
377.820000	0.539833	-1.140725	1.397755	0.000000	0.000000
377.830000	0.539828	-1.140724	1.397754	0.000000	0.000000
377.840000	0.539822	-1.140720	1.397753	0.000000	0.000000
377.850000	0.539815	-1.140715	1.397752	0.000000	0.000000
377.860000	0.539809	-1.140710	1.397751	0.000000	0.000000
377.870000	0.539802	-1.140703	1.397750	0.000000	0.000000
377.880000	0.539795	-1.140696	1.397749	0.000000	0.000000
377.890000	0.539789	-1.140689	1.397749	0.000000	0.000000
377.900000	0.539783	-1.140682	1.397748	0.000000	0.000000
377.910000	0.539778	-1.140675	1.397747	0.000000	0.000000
377.920000	0.539774	-1.140669	1.397747	0.000000	0.000000
377.930000	0.539770	-1.140663	1.397746	0.000000	0.000000
377.940000	0.539766	-1.140656	1.397745	0.000000	0.000000
377.950000	0.539762	-1.140649	1.397744	0.000000	0.000000
377.960000	0.539758	-1.140643	1.397744	0.000000	0.000000
377.970000	0.539755	-1.140637	1.397743	0.000000	0.000000
377.980000	0.539751	-1.140632	1.397742	0.000000	0.000000
377.990000	0.539749	-1.140628	1.397741	0.000000	0.000000
378.000000	0.539748	-1.140625	1.397740	0.000000	0.000000
378.010000	0.539747	-1.140622	1.397739	0.000000	0.000000
378.020000	0.539747	-1.140619	1.397738	0.000000	0.000000
378.030000	0.539747	-1.140615	1.397737	0.000000	0.000000
378.040000	0.539747	-1.140611	1.397736	0.000000	0.000000
378.050000	0.539746	-1.140607	1.397735	0.000000	0.000000
378.060000	0.539746	-1.140604	1.397734	0.000000	0.000000
378.070000	0.539746	-1.140601	1.397733	0.000000	0.000000
378.080000	0.539747	-1.140597	1.397732	0.000000	0.000000
378.090000	0.539748	-1.140592	1.397731	0.000000	0.000000
378.100000	0.539750	-1.140589	1.397730	0.000000	0.000000
378.110000	0.539750	-1.140588	1.397729	0.000000	0.000000
378.120000	0.539751	-1.140587	1.397728	0.000000	0.000000
378.130000	0.539752	-1.140586	1.397727	0.000000	0.000000
378.140000	0.539752	-1.140584	1.397726	0.000000	0.000000
378.150000	0.539752	-1.140581	1.397726	0.000000	0.000000
378.160000	0.539750	-1.140575	1.397725	0.000000	0.000000
378.170000	0.539748	-1.140568	1.397724	0.000000	0.000000
378.180000	0.539746	-1.140560	1.397724	0.000000	0.000000
378.190000	0.539743	-1.140552	1.397723	0.000000	0.000000
378.200000	0.539740	-1.140543	1.397723	0.000000	0.000000
378.210000	0.539739	-1.140534	1.397722	0.000000	0.000000
378.220000	0.539738	-1.140525	1.397721	0.000000	0.000000
378.230000	0.539738	-1.140517	1.397721	0.000000	0.000000
378.240000	0.539739	-1.140511	1.397720	0.000000	0.000000
378.250000	0.539740	-1.140505	1.397720	0.000000	0.000000
378.260000	0.539741	-1.140500	1.397719	0.000000	0.000000
378.270000	0.539741	-1.140494	1.397718	0.000000	0.000000
378.280000	0.539741	-1.140487	1.397718	0.000000	0.000000
378.290000	0.539741	-1.140478	1.397717	0.000000	0.000000
378.300000	0.539739	-1.140464	1.397716	0.000000	0.000000
378.310000	0.539735	-1.140445	1.397716	0.000000	0.000000
378.320000	0.539731	-1.140426	1.397715	0.000000	0.000000
378.330000	0.539730	-1.140414	1.397715	0.000000	0.000000
378.340000	0.539730	-1.140409	1.397714	0.000000	0.000000
378.350000	0.539733	-1.140408	1.397714	0.000000	0.000000
378.360000	0.539735	-1.140409	1.397714	0.000000	0.000000
378.370000	0.539739	-1.140411	1.397714	0.000000	0.000000
378.380000	0.539740	-1.140413	1.397714	0.000000	0.000000
378.390000	0.539740	-1.140413	1.397714	0.000000	0.000000
378.400000	0.539740	-1.140410	1.397714	0.000000	0.000000
378.410000	0.539739	-1.140404	1.397714	0.000000	0.000000
378.420000	0.539736	-1.140395	1.397715	0.000000	0.000000
378.430000	0.539733	-1.140382	1.397715	0.000000	0.000000
378.440000	0.539728	-1.140369	1.397716	0.000000	0.000000
378.450000	0.539724	-1.140356	1.397717	0.000000	0.000000
378.460000	0.539721	-1.140346	1.397717	0.000000	0.000000
378.470000	0.539718	-1.140338	1.397718	0.000000	0.000000
378.480000	0.539716	-1.140333	1.397719	0.000000	0.000000
378.490000	0.539715	-1.140330	1.397720	0.000000	0.000000
378.500000	0.539714	-1.140327	1.397721	0.000000	0.000000
378.510000	0.539713	-1.140323	1.397721	0.000000	0.000000
378.520000	0.539710	-1.140318	1.397722	0.000000	0.000000
378.530000	0.539708	-1.140310	1.397723	0.000000	0.000000
378.540000	0.539705	-1.140302	1.397724	0.000000	0.000000
378.550000	0.539702	-1.140296	1.397724	0.000000	0.000000
378.560000	0.539701	-1.140293	1.397725	0.000000	0.000000
378.570000	0.539700	-1.140293	1.397726	0.000000	0.000000
378.580000	0.539701	-1.140295	1.397726	0.000000	0.000000
378.590000	0.539701	-1.140297	1.397727	0.000000	0.000000
378.600000	0.539700	-1.140298	1.397727	0.000000	0.000000
378.610000	0.539699	-1.140297	1.397727	0.000000	0.000000
378.620000	0.539697	-1.140295	1.397728	0.000000	0.000000
378.630000	0.539694	-1.140291	1.397728	0.000000	0.000000
378.640000	0.539692	-1.140288	1.397728	0.000000	0.000000
378.650000	0.539689	-1.140285	1.397728	0.000000	0.000000
378.660000	0.539687	-1.140282	1.397728	0.000000	0.000000
378.670000	0.539684	-1.140278	1.397728	0.000000	0.000000
378.680000	0.539681	-1.140275	1.397728	0.000000	0.000000
378.690000	0.539678	-1.140271	1.397727	0.000000	0.000000
378.700000	0.539675	-1.140267	1.397727	0.000000	0.000000
378.710000	0.539672	-1.140264	1.397727	0.000000	0.000000
378.720000	0.539671	-1.140263	1.397726	0.000000	0.000000
378.730000	0.539670	-1.140263	1.397726	0.000000	0.000000
378.740000	0.539670	-1.140266	1.397726	0.000000	0.000000
378.750000	0.539669	-1.140269	1.397725	0.000000	0.000000
378.760000	0.539670	-1.140275	1.397725	0.000000	0.000000
378.770000	0.539671	-1.140282	1.397724	0.000000	0.000000
378.780000	0.539673	-1.140289	1.397723	0.000000	0.000000
378.790000	0.539675	-1.140296	1.397723	0.000000	0.000000
378.800000	0.539677	-1.140300	1.397722	0.000000	0.000000
378.810000	0.539679	-1.140302	1.397721	0.000000	0.000000
378.820000	0.539681	-1.140300	1.397720	0.000000	0.000000
378.830000	0.539681	-1.140295	1.397719	0.000000	0.000000
378.840000	0.539680	-1.140288	1.397718	0.000000	0.000000
378.850000	0.539679	-1.140279	1.397717	0.000000	0.000000
378.860000	0.539678	-1.140273	1.397716	0.000000	0.000000
378.870000	0.539678	-1.140269	1.397715	0.000000	0.000000
378.880000	0.539678	-1.140266	1.397714	0.000000	0.000000
378.890000	0.539678	-1.140262	1.397713	0.000000	0.000000
378.900000	0.539677	-1.140259	1.397712	0.000000	0.000000
378.910000	0.539676	-1.140256	1.397711	0.000000	0.000000
378.920000	0.539675	-1.140254	1.397710	0.000000	0.000000
378.930000	0.539673	-1.140252	1.397709	0.000000	0.000000
378.940000	0.539672	-1.140252	1.397708	0.000000	0.000000
378.950000	0.539670	-1.140253	1.397707	0.000000	0.000000
378.960000	0.539669	-1.140256	1.397706	0.000000	0.000000
378.970000	0.539668	-1.140260	1.397705	0.000000	0.000000
378.980000	0.539667	-1.140263	1.397705	0.000000	0.000000
378.990000	0.539665	-1.140265	1.397704	0.000000	0.000000
379.000000	0.539661	-1.140266	1.397703	0.000000	0.000000
379.010000	0.539658	-1.140266	1.397702	0.000000	0.000000
379.020000	0.539655	-1.140264	1.397701	0.000000	0.000000
379.030000	0.539651	-1.140262	1.397701	0.000000	0.000000
379.040000	0.539647	-1.140261	1.397700	0.000000	0.000000
379.050000	0.539644	-1.140262	1.397699	0.000000	0.000000
379.060000	0.539642	-1.140264	1.397698	0.000000	0.000000
379.070000	0.539640	-1.140267	1.397697	0.000000	0.000000
379.080000	0.539638	-1.140271	1.397696	0.000000	0.000000
379.090000	0.539637	-1.140276	1.397696	0.000000	0.000000
379.100000	0.539637	-1.140282	1.397695	0.000000	0.000000
379.110000	0.539638	-1.140288	1.397694	0.000000	0.000000
379.120000	0.539638	-1.140294	1.397693	0.000000	0.000000
379.130000	0.539637	-1.140300	1.397692	0.000000	0.000000
379.140000	0.539635	-1.140304	1.397691	0.000000	0.000000
379.150000	0.539633	-1.140307	1.397690	0.000000	0.000000
379.160000	0.539630	-1.140308	1.397689	0.000000	0.000000
379.170000	0.539626	-1.140307	1.397688	0.000000	0.000000
379.180000	0.539621	-1.140306	1.397687	0.000000	0.000000
379.190000	0.539617	-1.140306	1.397686	0.000000	0.000000
379.200000	0.539613	-1.140306	1.397685	0.000000	0.000000
379.210000	0.539608	-1.140307	1.397683	0.000000	0.000000
379.220000	0.539604	-1.140309	1.397682	0.000000	0.000000
379.230000	0.539600	-1.140312	1.397681	0.000000	0.000000
379.240000	0.539596	-1.140316	1.397679	0.000000	0.000000
379.250000	0.539593	-1.140320	1.397677	0.000000	0.000000
379.260000	0.539591	-1.140325	1.397676	0.000000	0.000000
379.270000	0.539589	-1.140331	1.397674	0.000000	0.000000
379.280000	0.539586	-1.140337	1.397672	0.000000	0.000000
379.290000	0.539584	-1.140341	1.397670	0.000000	0.000000
379.300000	0.539580	-1.140344	1.397668	0.000000	0.000000
379.310000	0.539576	-1.140346	1.397666	0.000000	0.000000
379.320000	0.539573	-1.140347	1.397664	0.000000	0.000000
379.330000	0.539570	-1.140350	1.397662	0.000000	0.000000
379.340000	0.539567	-1.140352	1.397659	0.000000	0.000000
379.350000	0.539565	-1.140355	1.397657	0.000000	0.000000
379.360000	0.539562	-1.140359	1.397655	0.000000	0.000000
379.370000	0.539560	-1.140363	1.397652	0.000000	0.000000
379.380000	0.539558	-1.140367	1.397650	0.000000	0.000000
379.390000	0.539555	-1.140370	1.397648	0.000000	0.000000
379.400000	0.539551	-1.140372	1.397645	0.000000	0.000000
379.410000	0.539549	-1.140373	1.397643	0.000000	0.000000
379.420000	0.539545	-1.140373	1.397641	0.000000	0.000000
379.430000	0.539542	-1.140372	1.397638	0.000000	0.000000
379.440000	0.539538	-1.140371	1.397636	0.000000	0.000000
379.450000	0.539534	-1.140371	1.397633	0.000000	0.000000
379.460000	0.539530	-1.140371	1.397631	0.000000	0.000000
379.470000	0.539527	-1.140371	1.397629	0.000000	0.000000
379.480000	0.539524	-1.140371	1.397626	0.000000	0.000000
379.490000	0.539519	-1.140371	1.397624	0.000000	0.000000
379.500000	0.539514	-1.140371	1.397621	0.000000	0.000000
379.510000	0.539510	-1.140371	1.397618	0.000000	0.000000
379.520000	0.539507	-1.140372	1.397616	0.000000	0.000000
379.530000	0.539503	-1.140373	1.397613	0.000000	0.000000
379.540000	0.539502	-1.140376	1.397610	0.000000	0.000000
379.550000	0.539501	-1.140380	1.397607	0.000000	0.000000
379.560000	0.539501	-1.140386	1.397604	0.000000	0.000000
379.570000	0.539502	-1.140394	1.397600	0.000000	0.000000
379.580000	0.539504	-1.140404	1.397597	0.000000	0.000000
379.590000	0.539505	-1.140413	1.397593	0.000000	0.000000
379.600000	0.539507	-1.140420	1.397589	0.000000	0.000000
379.610000	0.539508	-1.140422	1.397585	0.000000	0.000000
379.620000	0.539507	-1.140416	1.397581	0.000000	0.000000
379.630000	0.539505	-1.140406	1.397577	0.000000	0.000000
379.640000	0.539504	-1.140398	1.397572	0.000000	0.000000
379.650000	0.539505	-1.140400	1.397568	0.000000	0.000000
379.660000	0.539509	-1.140409	1.397564	0.000000	0.000000
379.670000	0.539514	-1.140422	1.397559	0.000000	0.000000
379.680000	0.539520	-1.140437	1.397555	0.000000	0.000000
379.690000	0.539525	-1.140450	1.397551	0.000000	0.000000
379.700000	0.539528	-1.140459	1.397547	0.000000	0.000000
379.710000	0.539532	-1.140464	1.397543	0.000000	0.000000
379.720000	0.539535	-1.140462	1.397539	0.000000	0.000000
379.730000	0.539536	-1.140457	1.397535	0.000000	0.000000
379.740000	0.539537	-1.140452	1.397531	0.000000	0.000000
379.750000	0.539540	-1.140449	1.397527	0.000000	0.000000
379.760000	0.539543	-1.140449	1.397524	0.000000	0.000000
379.770000	0.539546	-1.140451	1.397520	0.000000	0.000000
379.780000	0.539549	-1.140452	1.397517	0.000000	0.000000
379.790000	0.539551	-1.140448	1.397514	0.000000	0.000000
379.800000	0.539552	-1.140440	1.397511	0.000000	0.000000
379.810000	0.539550	-1.140427	1.397508	0.000000	0.000000
379.820000	0.539548	-1.140414	1.397505	0.000000	0.000000
379.830000	0.539548	-1.140404	1.397502	0.000000	0.000000
379.840000	0.539549	-1.140397	1.397499	0.000000	0.000000
379.850000	0.539551	-1.140392	1.397497	0.000000	0.000000
379.860000	0.539553	-1.140389	1.397494	0.000000	0.000000
379.870000	0.539556	-1.140387	1.397492	0.000000	0.000000
379.880000	0.539558	-1.140386	1.397489	0.000000	0.000000
379.890000	0.539561	-1.140385	1.397487	0.000000	0.000000
379.900000	0.539565	-1.140387	1.397485	0.000000	0.000000
379.910000	0.539568	-1.140389	1.397482	0.000000	0.000000
379.920000	0.539574	-1.140391	1.397480	0.000000	0.000000
379.930000	0.539579	-1.140393	1.397478	0.000000	0.000000
379.940000	0.539584	-1.140394	1.397476	0.000000	0.000000
379.950000	0.539589	-1.140393	1.397474	0.000000	0.000000
379.960000	0.539593	-1.140389	1.397471	0.000000	0.000000
379.970000	0.539596	-1.140383	1.397469	0.000000	0.000000
379.980000	0.539598	-1.140376	1.397467	0.000000	0.000000
379.990000	0.539600	-1.140369	1.397465	0.000000	0.000000
380.000000	0.539603	-1.140365	1.397462	0.000000	0.000000
380.010000	0.539607	-1.140364	1.397460	0.000000	0.000000
380.020000	0.539611	-1.140366	1.397458	0.000000	0.000000
380.030000	0.539615	-1.140370	1.397456	0.000000	0.000000
380.040000	0.539620	-1.140376	1.397454	0.000000	0.000000
380.050000	0.539625	-1.140382	1.397452	0.000000	0.000000
380.060000	0.539629	-1.140387	1.397450	0.000000	0.000000
380.070000	0.539633	-1.140392	1.397449	0.000000	0.000000
380.080000	0.539638	-1.140400	1.397448	0.000000	0.000000
380.090000	0.539643	-1.140411	1.397446	0.000000	0.000000
380.100000	0.539648	-1.140421	1.397445	0.000000	0.000000
380.110000	0.539653	-1.140430	1.397445	0.000000	0.000000
380.120000	0.539656	-1.140434	1.397444	0.000000	0.000000
380.130000	0.539657	-1.140432	1.397443	0.000000	0.000000
380.140000	0.539657	-1.140424	1.397443	0.000000	0.000000
380.150000	0.539655	-1.140411	1.397442	0.000000	0.000000
380.160000	0.539653	-1.140398	1.397442	0.000000	0.000000
380.170000	0.539650	-1.140386	1.397442	0.000000	0.000000
380.180000	0.539648	-1.140378	1.397442	0.000000	0.000000
380.190000	0.539647	-1.140373	1.397442	0.000000	0.000000
380.200000	0.539647	-1.140369	1.397442	0.000000	0.000000
380.210000	0.539647	-1.140368	1.397443	0.000000	0.000000
380.220000	0.539649	-1.140368	1.397443	0.000000	0.000000
380.230000	0.539650	-1.140368	1.397443	0.000000	0.000000
380.240000	0.539652	-1.140370	1.397444	0.000000	0.000000
380.250000	0.539656	-1.140372	1.397444	0.000000	0.000000
380.260000	0.539659	-1.140372	1.397445	0.000000	0.000000
380.270000	0.539663	-1.140372	1.397445	0.000000	0.000000
380.280000	0.539666	-1.140369	1.397445	0.000000	0.000000
380.290000	0.539668	-1.140364	1.397446	0.000000	0.000000
380.300000	0.539670	-1.140357	1.397447	0.000000	0.000000
380.310000	0.539670	-1.140349	1.397447	0.000000	0.000000
380.320000	0.539670	-1.140341	1.397448	0.000000	0.000000
380.330000	0.539670	-1.140333	1.397449	0.000000	0.000000
380.340000	0.539669	-1.140328	1.397450	0.000000	0.000000
380.350000	0.539670	-1.140325	1.397451	0.000000	0.000000
380.360000	0.539671	-1.140324	1.397452	0.000000	0.000000
380.370000	0.539673	-1.140323	1.397454	0.000000	0.000000
380.380000	0.539675	-1.140320	1.397455	0.000000	0.000000
380.390000	0.539676	-1.140315	1.397457	0.000000	0.000000
380.400000	0.539678	-1.140309	1.397458	0.000000	0.000000
380.410000	0.539681	-1.140301	1.397460	0.000000	0.000000
380.420000	0.539682	-1.140292	1.397462	0.000000	0.000000
380.430000	0.539683	-1.140282	1.397464	0.000000	0.000000
380.440000	0.539685	-1.140274	1.397465	0.000000	0.000000
380.450000	0.539688	-1.140268	1.397467	0.000000	0.000000
380.460000	0.539691	-1.140264	1.397469	0.000000	0.000000
380.470000	0.539694	-1.140261	1.397471	0.000000	0.000000
380.480000	0.539697	-1.140260	1.397472	0.000000	0.000000
380.490000	0.539702	-1.140258	1.397474	0.000000	0.000000
380.500000	0.539707	-1.140258	1.397476	0.000000	0.000000
380.510000	0.539711	-1.140257	1.397478	0.000000	0.000000
380.520000	0.539715	-1.140256	1.397479	0.000000	0.000000
380.530000	0.539719	-1.140255	1.397481	0.000000	0.000000
380.540000	0.539723	-1.140253	1.397483	0.000000	0.000000
380.550000	0.539725	-1.140249	1.397485	0.000000	0.000000
380.560000	0.539727	-1.140244	1.397487	0.000000	0.000000
380.570000	0.539728	-1.140238	1.397489	0.000000	0.000000
380.580000	0.539728	-1.140231	1.397492	0.000000	0.000000
380.590000	0.539729	-1.140224	1.397494	0.000000	0.000000
380.600000	0.539730	-1.140219	1.397496	0.000000	0.000000
380.610000	0.539731	-1.140216	1.397499	0.000000	0.000000
380.620000	0.539733	-1.140213	1.397501	0.000000	0.000000
380.630000	0.539735	-1.140210	1.397504	0.000000	0.000000
380.640000	0.539736	-1.140206	1.397507	0.000000	0.000000
380.650000	0.539736	-1.140200	1.397510	0.000000	0.000000
380.660000	0.539736	-1.140191	1.397513	0.000000	0.000000
380.670000	0.539734	-1.140181	1.397516	0.000000	0.000000
380.680000	0.539732	-1.140168	1.397519	0.000000	0.000000
380.690000	0.539729	-1.140154	1.397522	0.000000	0.000000
380.700000	0.539725	-1.140139	1.397526	0.000000	0.000000
380.710000	0.539721	-1.140124	1.397529	0.000000	0.000000
380.720000	0.539717	-1.140109	1.397532	0.000000	0.000000
380.730000	0.539713	-1.140097	1.397536	0.000000	0.000000
380.740000	0.539711	-1.140087	1.397539	0.000000	0.000000
380.750000	0.539708	-1.140080	1.397543	0.000000	0.000000
380.760000	0.539708	-1.140076	1.397546	0.000000	0.000000
380.770000	0.539707	-1.140075	1.397549	0.000000	0.000000
380.780000	0.539708	-1.140076	1.397553	0.000000	0.000000
380.790000	0.539707	-1.140081	1.397556	0.000000	0.000000
380.800000	0.539708	-1.140087	1.397559	0.000000	0.000000
380.810000	0.539709	-1.140093	1.397562	0.000000	0.000000
380.820000	0.539709	-1.140096	1.397565	0.000000	0.000000
380.830000	0.539708	-1.140096	1.397568	0.000000	0.000000
380.840000	0.539705	-1.140091	1.397571	0.000000	0.000000
380.850000	0.539702	-1.140085	1.397574	0.000000	0.000000
380.860000	0.539699	-1.140081	1.397576	0.000000	0.000000
380.870000	0.539696	-1.140080	1.397579	0.000000	0.000000
380.880000	0.539694	-1.140080	1.397582	0.000000	0.000000
380.890000	0.539692	-1.140081	1.397585	0.000000	0.000000
380.900000	0.539690	-1.140084	1.397587	0.000000	0.000000
380.910000	0.539688	-1.140087	1.397590	0.000000	0.000000
380.920000	0.539687	-1.140090	1.397593	0.000000	0.000000
380.930000	0.539685	-1.140092	1.397596	0.000000	0.000000
380.940000	0.539684	-1.140094	1.397599	0.000000	0.000000
380.950000	0.539681	-1.140095	1.397602	0.000000	0.000000
380.960000	0.539680	-1.140095	1.397604	0.000000	0.000000
380.970000	0.539677	-1.140094	1.397607	0.000000	0.000000
380.980000	0.539675	-1.140092	1.397610	0.000000	0.000000
380.990000	0.539671	-1.140087	1.397614	0.000000	0.000000
381.000000	0.539666	-1.140079	1.397617	0.000000	0.000000
381.010000	0.539661	-1.140068	1.397620	0.000000	0.000000
381.020000	0.539656	-1.140056	1.397623	0.000000	0.000000
381.030000	0.539650	-1.140043	1.397625	0.000000	0.000000
381.040000	0.539646	-1.140030	1.397628	0.000000	0.000000
381.050000	0.539641	-1.140018	1.397631	0.000000	0.000000
381.060000	0.539636	-1.140007	1.397634	0.000000	0.000000
381.070000	0.539631	-1.139997	1.397637	0.000000	0.000000
381.080000	0.539626	-1.139988	1.397640	0.000000	0.000000
381.090000	0.539623	-1.139982	1.397642	0.000000	0.000000
381.100000	0.539620	-1.139979	1.397645	0.000000	0.000000
381.110000	0.539619	-1.139980	1.397647	0.000000	0.000000
381.120000	0.539617	-1.139983	1.397650	0.000000	0.000000
381.130000	0.539617	-1.139988	1.397652	0.000000	0.000000
381.140000	0.539616	-1.139993	1.397654	0.000000	0.000000
381.150000	0.539615	-1.139997	1.397657	0.000000	0.000000
381.160000	0.539613	-1.139998	1.397659	0.000000	0.000000
381.170000	0.539608	-1.139995	1.397661	0.000000	0.000000
381.180000	0.539603	-1.139988	1.397663	0.000000	0.000000
381.190000	0.539598	-1.139980	1.397665	0.000000	0.000000
381.200000	0.539593	-1.139973	1.397667	0.000000	0.000000
381.210000	0.539588	-1.139967	1.397669	0.000000	0.000000
381.220000	0.539583	-1.139960	1.397671	0.000000	0.000000
381.230000	0.539579	-1.139953	1.397672	0.000000	0.000000
381.240000	0.539576	-1.139946	1.397674	0.000000	0.000000
381.250000	0.539573	-1.139941	1.397676	0.000000	0.000000
381.260000	0.539571	-1.139937	1.397677	0.000000	0.000000
381.270000	0.539570	-1.139935	1.397679	0.000000	0.000000
381.280000	0.539568	-1.139934	1.397680	0.000000	0.000000
381.290000	0.539566	-1.139932	1.397682	0.000000	0.000000
381.300000	0.539565	-1.139929	1.397683	0.000000	0.000000
381.310000	0.539563	-1.139927	1.397684	0.000000	0.000000
381.320000	0.539561	-1.139924	1.397685	0.000000	0.000000
381.330000	0.539561	-1.139923	1.397686	0.000000	0.000000
381.340000	0.539560	-1.139923	1.397688	0.000000	0.000000
381.350000	0.539560	-1.139924	1.397689	0.000000	0.000000
381.360000	0.539560	-1.139925	1.397690	0.000000	0.000000
381.370000	0.539559	-1.139926	1.397691	0.000000	0.000000
381.380000	0.539556	-1.139925	1.397692	0.000000	0.000000
381.390000	0.539554	-1.139923	1.397693	0.000000	0.000000
381.400000	0.539550	-1.139921	1.397694	0.000000	0.000000
381.410000	0.539548	-1.139919	1.397695	0.000000	0.000000
381.420000	0.539546	-1.139919	1.397696	0.000000	0.000000
381.430000	0.539545	-1.139921	1.397697	0.000000	0.000000
381.440000	0.539545	-1.139925	1.397699	0.000000	0.000000
381.450000	0.539546	-1.139929	1.397700	0.000000	0.000000
381.460000	0.539547	-1.139935	1.397701	0.000000	0.000000
381.470000	0.539548	-1.139938	1.397703	0.000000	0.000000
381.480000	0.539548	-1.139940	1.397704	0.000000	0.000000
381.490000	0.539548	-1.139940	1.397706	0.000000	0.000000
381.500000	0.539547	-1.139939	1.397708	0.000000	0.000000
381.510000	0.539547	-1.139939	1.397709	0.000000	0.000000
381.520000	0.539547	-1.139939	1.397711	0.000000	0.000000
381.530000	0.539546	-1.139939	1.397713	0.000000	0.000000
381.540000	0.539545	-1.139939	1.397715	0.000000	0.000000
381.550000	0.539545	-1.139940	1.397717	0.000000	0.000000
381.560000	0.539544	-1.139941	1.397718	0.000000	0.000000
381.570000	0.539547	-1.139942	1.397720	0.000000	0.000000
381.580000	0.539550	-1.139943	1.397722	0.000000	0.000000
381.590000	0.539553	-1.139944	1.397724	0.000000	0.000000
381.600000	0.539556	-1.139944	1.397725	0.000000	0.000000
381.610000	0.539561	-1.139945	1.397727	0.000000	0.000000
381.620000	0.539565	-1.139947	1.397729	0.000000	0.000000
381.630000	0.539571	-1.139952	1.397730	0.000000	0.000000
381.640000	0.539576	-1.139957	1.397732	0.000000	0.000000
381.650000	0.539581	-1.139961	1.397734	0.000000	0.000000
381.660000	0.539585	-1.139964	1.397735	0.000000	0.000000
381.670000	0.539589	-1.139963	1.397737	0.000000	0.000000
381.680000	0.539592	-1.139961	1.397738	0.000000	0.000000
381.690000	0.539595	-1.139958	1.397740	0.000000	0.000000
381.700000	0.539597	-1.139955	1.397742	0.000000	0.000000
381.710000	0.539599	-1.139951	1.397743	0.000000	0.000000
381.720000	0.539599	-1.139948	1.397745	0.000000	0.000000
381.730000	0.539601	-1.139945	1.397747	0.000000	0.000000
381.740000	0.539603	-1.139941	1.397749	0.000000	0.000000
381.750000	0.539603	-1.139936	1.397751	0.000000	0.000000
381.760000	0.539602	-1.139929	1.397752	0.000000	0.000000
381.770000	0.539600	-1.139919	1.397754	0.000000	0.000000
381.780000	0.539598	-1.139910	1.397756	0.000000	0.000000
381.790000	0.539596	-1.139901	1.397758	0.000000	0.000000
381.800000	0.539594	-1.139895	1.397760	0.000000	0.000000
381.810000	0.539594	-1.139893	1.397762	0.000000	0.000000
381.820000	0.539594	-1.139892	1.397765	0.000000	0.000000
381.830000	0.539595	-1.139894	1.397767	0.000000	0.000000
381.840000	0.539595	-1.139896	1.397769	0.000000	0.000000
381.850000	0.539596	-1.139898	1.397771	0.000000	0.000000
381.860000	0.539598	-1.139900	1.397773	0.000000	0.000000
381.870000	0.539599	-1.139900	1.397775	0.000000	0.000000
381.880000	0.539599	-1.139900	1.397777	0.000000	0.000000
381.890000	0.539600	-1.139899	1.397779	0.000000	0.000000
381.900000	0.539600	-1.139897	1.397781	0.000000	0.000000
381.910000	0.539599	-1.139893	1.397783	0.000000	0.000000
381.920000	0.539597	-1.139886	1.397785	0.000000	0.000000
381.930000	0.539596	-1.139879	1.397787	0.000000	0.000000
381.940000	0.539596	-1.139875	1.397789	0.000000	0.000000
381.950000	0.539597	-1.139877	1.397791	0.000000	0.000000
381.960000	0.539600	-1.139882	1.397793	0.000000	0.000000
381.970000	0.539602	-1.139890	1.397795	0.000000	0.000000
381.980000	0.539605	-1.139897	1.397797	0.000000	0.000000
381.990000	0.539608	-1.139905	1.397799	0.000000	0.000000
382.000000	0.539611	-1.139911	1.397801	0.000000	0.000000
382.010000	0.539613	-1.139916	1.397803	0.000000	0.000000
382.020000	0.539614	-1.139919	1.397806	0.000000	0.000000
382.030000	0.539615	-1.139920	1.397808	0.000000	0.000000
382.040000	0.539615	-1.139919	1.397810	0.000000	0.000000
382.050000	0.539614	-1.139917	1.397813	0.000000	0.000000
382.060000	0.539613	-1.139912	1.397815	0.000000	0.000000
382.070000	0.539611	-1.139904	1.397817	0.000000	0.000000
382.080000	0.539608	-1.139894	1.397820	0.000000	0.000000
382.090000	0.539606	-1.139884	1.397822	0.000000	0.000000
382.100000	0.539604	-1.139876	1.397825	0.000000	0.000000
382.110000	0.539602	-1.139870	1.397828	0.000000	0.000000
382.120000	0.539600	-1.139865	1.397830	0.000000	0.000000
382.130000	0.539599	-1.139861	1.397833	0.000000	0.000000
382.140000	0.539598	-1.139857	1.397835	0.000000	0.000000
382.150000	0.539597	-1.139853	1.397838	0.000000	0.000000
382.160000	0.539596	-1.139851	1.397840	0.000000	0.000000
382.170000	0.539596	-1.139852	1.397843	0.000000	0.000000
382.180000	0.539596	-1.139856	1.397845	0.000000	0.000000
382.190000	0.539598	-1.139862	1.397848	0.000000	0.000000
382.200000	0.539600	-1.139869	1.397850	0.000000	0.000000
382.210000	0.539602	-1.139875	1.397853	0.000000	0.000000
382.220000	0.539604	-1.139880	1.397855	0.000000	0.000000
382.230000	0.539605	-1.139884	1.397857	0.000000	0.000000
382.240000	0.539606	-1.139890	1.397860	0.000000	0.000000
382.250000	0.539607	-1.139896	1.397862	0.000000	0.000000
382.260000	0.539607	-1.139902	1.397864	0.000000	0.000000
382.270000	0.539607	-1.139908	1.397867	0.000000	0.000000
382.280000	0.539606	-1.139914	1.397869	0.000000	0.000000
382.290000	0.539605	-1.139919	1.397872	0.000000	0.000000
382.300000	0.539604	-1.139926	1.397874	0.000000	0.000000
382.310000	0.539604	-1.139934	1.397877	0.000000	0.000000
382.320000	0.539603	-1.139943	1.397880	0.000000	0.000000
382.330000	0.539603	-1.139952	1.397883	0.000000	0.000000
382.340000	0.539601	-1.139961	1.397886	0.000000	0.000000
382.350000	0.539600	-1.139969	1.397889	0.000000	0.000000
382.360000	0.539598	-1.139976	1.397892	0.000000	0.000000
382.370000	0.539596	-1.139979	1.397896	0.000000	0.000000
382.380000	0.539594	-1.139980	1.397899	0.000000	0.000000
382.390000	0.539590	-1.139979	1.397903	0.000000	0.000000
382.400000	0.539586	-1.139975	1.397906	0.000000	0.000000
382.410000	0.539580	-1.139969	1.397910	0.000000	0.000000
382.420000	0.539574	-1.139963	1.397913	0.000000	0.000000
382.430000	0.539568	-1.139956	1.397917	0.000000	0.000000
382.440000	0.539563	-1.139952	1.397921	0.000000	0.000000
382.450000	0.539558	-1.139949	1.397924	0.000000	0.000000
382.460000	0.539554	-1.139949	1.397928	0.000000	0.000000
382.470000	0.539551	-1.139952	1.397931	0.000000	0.000000
382.480000	0.539548	-1.139958	1.397935	0.000000	0.000000
382.490000	0.539546	-1.139966	1.397938	0.000000	0.000000
382.500000	0.539546	-1.139975	1.397942	0.000000	0.000000
382.510000	0.539546	-1.139985	1.397945	0.000000	0.000000
382.520000	0.539545	-1.139994	1.397949	0.000000	0.000000
382.530000	0.539544	-1.140001	1.397952	0.000000	0.000000
382.540000	0.539541	-1.140004	1.397955	0.000000	0.000000
382.550000	0.539538	-1.140003	1.397958	0.000000	0.000000
382.560000	0.539534	-1.140000	1.397961	0.000000	0.000000
382.570000	0.539530	-1.139998	1.397963	0.000000	0.000000
382.580000	0.539528	-1.139998	1.397966	0.000000	0.000000
382.590000	0.539526	-1.140001	1.397969	0.000000	0.000000
382.600000	0.539526	-1.140007	1.397971	0.000000	0.000000
382.610000	0.539526	-1.140013	1.397973	0.000000	0.000000
382.620000	0.539525	-1.140021	1.397976	0.000000	0.000000
382.630000	0.539524	-1.140028	1.397978	0.000000	0.000000
382.640000	0.539522	-1.140035	1.397980	0.000000	0.000000
382.650000	0.539520	-1.140042	1.397983	0.000000	0.000000
382.660000	0.539518	-1.140049	1.397985	0.000000	0.000000
382.670000	0.539515	-1.140054	1.397987	0.000000	0.000000
382.680000	0.539513	-1.140059	1.397989	0.000000	0.000000
382.690000	0.539511	-1.140062	1.397991	0.000000	0.000000
382.700000	0.539507	-1.140066	1.397993	0.000000	0.000000
382.710000	0.539504	-1.140071	1.397996	0.000000	0.000000
382.720000	0.539501	-1.140077	1.397998	0.000000	0.000000
382.730000	0.539499	-1.140085	1.398000	0.000000	0.000000
382.740000	0.539496	-1.140094	1.398002	0.000000	0.000000
382.750000	0.539495	-1.140104	1.398003	0.000000	0.000000
382.760000	0.539493	-1.140113	1.398005	0.000000	0.000000
382.770000	0.539491	-1.140122	1.398007	0.000000	0.000000
382.780000	0.539488	-1.140130	1.398008	0.000000	0.000000
382.790000	0.539485	-1.140138	1.398010	0.000000	0.000000
382.800000	0.539482	-1.140146	1.398011	0.000000	0.000000
382.810000	0.539481	-1.140155	1.398012	0.000000	0.000000
382.820000	0.539480	-1.140166	1.398013	0.000000	0.000000
382.830000	0.539480	-1.140177	1.398014	0.000000	0.000000
382.840000	0.539481	-1.140188	1.398015	0.000000	0.000000
382.850000	0.539482	-1.140197	1.398016	0.000000	0.000000
382.860000	0.539482	-1.140205	1.398016	0.000000	0.000000
382.870000	0.539481	-1.140209	1.398017	0.000000	0.000000
382.880000	0.539480	-1.140212	1.398017	0.000000	0.000000
382.890000	0.539478	-1.140214	1.398018	0.000000	0.000000
382.900000	0.539477	-1.140219	1.398018	0.000000	0.000000
382.910000	0.539477	-1.140230	1.398018	0.000000	0.000000
382.920000	0.539478	-1.140243	1.398018	0.000000	0.000000
382.930000	0.539479	-1.140259	1.398019	0.000000	0.000000
382.940000	0.539481	-1.140276	1.398019	0.000000	0.000000
382.950000	0.539484	-1.140293	1.398019	0.000000	0.000000
382.960000	0.539486	-1.140309	1.398019	0.000000	0.000000
382.970000	0.539487	-1.140322	1.398019	0.000000	0.000000
382.980000	0.539486	-1.140330	1.398019	0.000000	0.000000
382.990000	0.539486	-1.140334	1.398019	0.000000	0.000000
383.000000	0.539485	-1.140336	1.398019	0.000000	0.000000
383.010000	0.539484	-1.140339	1.398019	0.000000	0.000000
383.020000	0.539482	-1.140342	1.398019	0.000000	0.000000
383.030000	0.539481	-1.140343	1.398019	0.000000	0.000000
383.040000	0.539478	-1.140341	1.398019	0.000000	0.000000
383.050000	0.539476	-1.140336	1.398019	0.000000	0.000000
383.060000	0.539472	-1.140331	1.398018	0.000000	0.000000
383.070000	0.539470	-1.140328	1.398018	0.000000	0.000000
383.080000	0.539469	-1.140329	1.398017	0.000000	0.000000
383.090000	0.539470	-1.140334	1.398017	0.000000	0.000000
383.100000	0.539472	-1.140340	1.398016	0.000000	0.000000
383.110000	0.539474	-1.140346	1.398016	0.000000	0.000000
383.120000	0.539476	-1.140353	1.398015	0.000000	0.000000
383.130000	0.539477	-1.140359	1.398014	0.000000	0.000000
383.140000	0.539477	-1.140365	1.398014	0.000000	0.000000
383.150000	0.539477	-1.140370	1.398013	0.000000	0.000000
383.160000	0.539477	-1.140374	1.398012	0.000000	0.000000
383.170000	0.539475	-1.140376	1.398011	0.000000	0.000000
383.180000	0.539473	-1.140378	1.398011	0.000000	0.000000
383.190000	0.539470	-1.140380	1.398010	0.000000	0.000000
383.200000	0.539468	-1.140386	1.398009	0.000000	0.000000
383.210000	0.539468	-1.140397	1.398007	0.000000	0.000000
383.220000	0.539468	-1.140411	1.398006	0.000000	0.000000
383.230000	0.539469	-1.140426	1.398005	0.000000	0.000000
383.240000	0.539469	-1.140439	1.398003	0.000000	0.000000
383.250000	0.539469	-1.140449	1.398002	0.000000	0.000000
383.260000	0.539469	-1.140454	1.398000	0.000000	0.000000
383.270000	0.539467	-1.140457	1.397998	0.000000	0.000000
383.280000	0.539466	-1.140459	1.397996	0.000000	0.000000
383.290000	0.539465	-1.140463	1.397995	0.000000	0.000000
383.300000	0.539466	-1.140470	1.397993	0.000000	0.000000
383.310000	0.539468	-1.140480	1.397991	0.000000	0.000000
383.320000	0.539471	-1.140492	1.397989	0.000000	0.000000
383.330000	0.539473	-1.140505	1.397987	0.000000	0.000000
383.340000	0.539475	-1.140516	1.397986	0.000000	0.000000
383.350000	0.539476	-1.140523	1.397984	0.000000	0.000000
383.360000	0.539476	-1.140527	1.397983	0.000000	0.000000
383.370000	0.539475	-1.140527	1.397981	0.000000	0.000000
383.380000	0.539475	-1.140527	1.397980	0.000000	0.000000
383.390000	0.539475	-1.140529	1.397979	0.000000	0.000000
383.400000	0.539475	-1.140533	1.397977	0.000000	0.000000
383.410000	0.539476	-1.140537	1.397976	0.000000	0.000000
383.420000	0.539477	-1.140539	1.397975	0.000000	0.000000
383.430000	0.539476	-1.140541	1.397974	0.000000	0.000000
383.440000	0.539475	-1.140539	1.397974	0.000000	0.000000
383.450000	0.539473	-1.140535	1.397973	0.000000	0.000000
383.460000	0.539471	-1.140528	1.397972	0.000000	0.000000
383.470000	0.539471	-1.140520	1.397971	0.000000	0.000000
383.480000	0.539472	-1.140515	1.397970	0.000000	0.000000
383.490000	0.539472	-1.140514	1.397970	0.000000	0.000000
383.500000	0.539472	-1.140515	1.397969	0.000000	0.000000
383.510000	0.539472	-1.140515	1.397968	0.000000	0.000000
383.520000	0.539473	-1.140514	1.397967	0.000000	0.000000
383.530000	0.539474	-1.140516	1.397966	0.000000	0.000000
383.540000	0.539476	-1.140522	1.397966	0.000000	0.000000
383.550000	0.539479	-1.140531	1.397965	0.000000	0.000000
383.560000	0.539482	-1.140541	1.397964	0.000000	0.000000
383.570000	0.539483	-1.140549	1.397963	0.000000	0.000000
383.580000	0.539484	-1.140554	1.397962	0.000000	0.000000
383.590000	0.539484	-1.140556	1.397961	0.000000	0.000000
383.600000	0.539483	-1.140556	1.397960	0.000000	0.000000
383.610000	0.539481	-1.140557	1.397959	0.000000	0.000000
383.620000	0.539480	-1.140557	1.397959	0.000000	0.000000
383.630000	0.539479	-1.140558	1.397958	0.000000	0.000000
383.640000	0.539479	-1.140558	1.397957	0.000000	0.000000
383.650000	0.539478	-1.140557	1.397956	0.000000	0.000000
383.660000	0.539477	-1.140556	1.397955	0.000000	0.000000
383.670000	0.539477	-1.140554	1.397955	0.000000	0.000000
383.680000	0.539477	-1.140552	1.397954	0.000000	0.000000
383.690000	0.539476	-1.140551	1.397953	0.000000	0.000000
383.700000	0.539476	-1.140551	1.397953	0.000000	0.000000
383.710000	0.539476	-1.140552	1.397952	0.000000	0.000000
383.720000	0.539477	-1.140555	1.397951	0.000000	0.000000
383.730000	0.539478	-1.140559	1.397951	0.000000	0.000000
383.740000	0.539481	-1.140563	1.397950	0.000000	0.000000
383.750000	0.539483	-1.140565	1.397950	0.000000	0.000000
383.760000	0.539484	-1.140560	1.397949	0.000000	0.000000
383.770000	0.539482	-1.140550	1.397948	0.000000	0.000000
383.780000	0.539481	-1.140543	1.397947	0.000000	0.000000
383.790000	0.539482	-1.140545	1.397947	0.000000	0.000000
383.800000	0.539484	-1.140550	1.397946	0.000000	0.000000
383.810000	0.539486	-1.140554	1.397945	0.000000	0.000000
383.820000	0.539486	-1.140554	1.397945	0.000000	0.000000
383.830000	0.539486	-1.140548	1.397944	0.000000	0.000000
383.840000	0.539484	-1.140538	1.397943	0.000000	0.000000
383.850000	0.539483	-1.140529	1.397942	0.000000	0.000000
383.860000	0.539482	-1.140523	1.397942	0.000000	0.000000
383.870000	0.539482	-1.140520	1.397941	0.000000	0.000000
383.880000	0.539482	-1.140521	1.397941	0.000000	0.000000
383.890000	0.539484	-1.140523	1.397940	0.000000	0.000000
383.900000	0.539486	-1.140525	1.397940	0.000000	0.000000
383.910000	0.539489	-1.140527	1.397940	0.000000	0.000000
383.920000	0.539491	-1.140528	1.397939	0.000000	0.000000
383.930000	0.539494	-1.140526	1.397939	0.000000	0.000000
383.940000	0.539494	-1.140523	1.397939	0.000000	0.000000
383.950000	0.539494	-1.140516	1.397938	0.000000	0.000000
383.960000	0.539494	-1.140507	1.397938	0.000000	0.000000
383.970000	0.539493	-1.140496	1.397938	0.000000	0.000000
383.980000	0.539493	-1.140483	1.397937	0.000000	0.000000
383.990000	0.539492	-1.140472	1.397937	0.000000	0.000000
384.000000	0.539492	-1.140462	1.397937	0.000000	0.000000
384.010000	0.539493	-1.140455	1.397936	0.000000	0.000000
384.020000	0.539494	-1.140448	1.397936	0.000000	0.000000
384.030000	0.539497	-1.140441	1.397935	0.000000	0.000000
384.040000	0.539498	-1.140433	1.397934	0.000000	0.000000
384.050000	0.539499	-1.140422	1.397933	0.000000	0.000000
384.060000	0.539498	-1.140409	1.397932	0.000000	0.000000
384.070000	0.539496	-1.140396	1.397931	0.000000	0.000000
384.080000	0.539496	-1.140387	1.397930	0.000000	0.000000
384.090000	0.539497	-1.140382	1.397929	0.000000	0.000000
384.100000	0.539498	-1.140380	1.397928	0.000000	0.000000
384.110000	0.539500	-1.140380	1.397927	0.000000	0.000000
384.120000	0.539501	-1.140380	1.397925	0.000000	0.000000
384.130000	0.539501	-1.140376	1.397924	0.000000	0.000000
384.140000	0.539500	-1.140371	1.397923	0.000000	0.000000
384.150000	0.539500	-1.140367	1.397921	0.000000	0.000000
384.160000	0.539501	-1.140367	1.397919	0.000000	0.000000
384.170000	0.539504	-1.140369	1.397918	0.000000	0.000000
384.180000	0.539506	-1.140372	1.397916	0.000000	0.000000
384.190000	0.539508	-1.140375	1.397915	0.000000	0.000000
384.200000	0.539509	-1.140376	1.397913	0.000000	0.000000
384.210000	0.539511	-1.140375	1.397911	0.000000	0.000000
384.220000	0.539512	-1.140370	1.397909	0.000000	0.000000
384.230000	0.539512	-1.140363	1.397907	0.000000	0.000000
384.240000	0.539511	-1.140356	1.397906	0.000000	0.000000
384.250000	0.539512	-1.140350	1.397904	0.000000	0.000000
384.260000	0.539512	-1.140344	1.397902	0.000000	0.000000
384.270000	0.539511	-1.140337	1.397900	0.000000	0.000000
384.280000	0.539509	-1.140327	1.397898	0.000000	0.000000
384.290000	0.539507	-1.140319	1.397895	0.000000	0.000000
384.300000	0.539507	-1.140319	1.397893	0.000000	0.000000
384.310000	0.539509	-1.140327	1.397891	0.000000	0.000000
384.320000	0.539512	-1.140337	1.397889	0.000000	0.000000
384.330000	0.539515	-1.140346	1.397887	0.000000	0.000000
384.340000	0.539516	-1.140352	1.397885	0.000000	0.000000
384.350000	0.539515	-1.140353	1.397883	0.000000	0.000000
384.360000	0.539514	-1.140349	1.397881	0.000000	0.000000
384.370000	0.539511	-1.140341	1.397879	0.000000	0.000000
384.380000	0.539508	-1.140333	1.397877	0.000000	0.000000
384.390000	0.539505	-1.140326	1.397875	0.000000	0.000000
384.400000	0.539504	-1.140321	1.397873	0.000000	0.000000
384.410000	0.539502	-1.140316	1.397871	0.000000	0.000000
384.420000	0.539501	-1.140310	1.397870	0.000000	0.000000
384.430000	0.539498	-1.140301	1.397868	0.000000	0.000000
384.440000	0.539495	-1.140292	1.397866	0.000000	0.000000
384.450000	0.539492	-1.140283	1.397864	0.000000	0.000000
384.460000	0.539489	-1.140276	1.397863	0.000000	0.000000
384.470000	0.539487	-1.140271	1.397861	0.000000	0.000000
384.480000	0.539484	-1.140266	1.397859	0.000000	0.000000
384.490000	0.539482	-1.140262	1.397857	0.000000	0.000000
384.500000	0.539480	-1.140258	1.397856	0.000000	0.000000
384.510000	0.539478	-1.140255	1.397854	0.000000	0.000000
384.520000	0.539477	-1.140252	1.397852	0.000000	0.000000
384.530000	0.539475	-1.140250	1.397850	0.000000	0.000000
384.540000	0.539472	-1.140248	1.397848	0.000000	0.000000
384.550000	0.539471	-1.140248	1.397845	0.000000	0.000000
384.560000	0.539470	-1.140251	1.397843	0.000000	0.000000
384.570000	0.539471	-1.140257	1.397840	0.000000	0.000000
384.580000	0.539471	-1.140265	1.397838	0.000000	0.000000
384.590000	0.539473	-1.140275	1.397835	0.000000	0.000000
384.600000	0.539473	-1.140285	1.397832	0.000000	0.000000
384.610000	0.539473	-1.140295	1.397829	0.000000	0.000000
384.620000	0.539473	-1.140302	1.397826	0.000000	0.000000
384.630000	0.539471	-1.140308	1.397824	0.000000	0.000000
384.640000	0.539470	-1.140311	1.397821	0.000000	0.000000
384.650000	0.539467	-1.140311	1.397818	0.000000	0.000000
384.660000	0.539463	-1.140309	1.397815	0.000000	0.000000
384.670000	0.539460	-1.140309	1.397812	0.000000	0.000000
384.680000	0.539458	-1.140310	1.397809	0.000000	0.000000
384.690000	0.539457	-1.140312	1.397807	0.000000	0.000000
384.700000	0.539456	-1.140317	1.397804	0.000000	0.000000
384.710000	0.539455	-1.140322	1.397802	0.000000	0.000000
384.720000	0.539453	-1.140329	1.397799	0.000000	0.000000
384.730000	0.539452	-1.140336	1.397797	0.000000	0.000000
384.740000	0.539450	-1.140343	1.397795	0.000000	0.000000
384.750000	0.539449	-1.140350	1.397793	0.000000	0.000000
384.760000	0.539446	-1.140356	1.397791	0.000000	0.000000
384.770000	0.539443	-1.140362	1.397789	0.000000	0.000000
384.780000	0.539439	-1.140367	1.397787	0.000000	0.000000
384.790000	0.539434	-1.140371	1.397785	0.000000	0.000000
384.800000	0.539429	-1.140375	1.397783	0.000000	0.000000
384.810000	0.539423	-1.140378	1.397781	0.000000	0.000000
384.820000	0.539418	-1.140380	1.397779	0.000000	0.000000
384.830000	0.539411	-1.140382	1.397776	0.000000	0.000000
384.840000	0.539404	-1.140383	1.397774	0.000000	0.000000
384.850000	0.539398	-1.140383	1.397772	0.000000	0.000000
384.860000	0.539391	-1.140385	1.397770	0.000000	0.000000
384.870000	0.539385	-1.140389	1.397768	0.000000	0.000000
384.880000	0.539378	-1.140395	1.397766	0.000000	0.000000
384.890000	0.539373	-1.140403	1.397764	0.000000	0.000000
384.900000	0.539368	-1.140412	1.397762	0.000000	0.000000
384.910000	0.539363	-1.140422	1.397760	0.000000	0.000000
384.920000	0.539358	-1.140431	1.397758	0.000000	0.000000
384.930000	0.539354	-1.140441	1.397755	0.000000	0.000000
384.940000	0.539349	-1.140451	1.397753	0.000000	0.000000
384.950000	0.539344	-1.140461	1.397751	0.000000	0.000000
384.960000	0.539340	-1.140472	1.397749	0.000000	0.000000
384.970000	0.539336	-1.140486	1.397746	0.000000	0.000000
384.980000	0.539333	-1.140500	1.397744	0.000000	0.000000
384.990000	0.539328	-1.140513	1.397741	0.000000	0.000000
385.000000	0.539323	-1.140526	1.397738	0.000000	0.000000
385.010000	0.539317	-1.140538	1.397736	0.000000	0.000000
385.020000	0.539312	-1.140551	1.397733	0.000000	0.000000
385.030000	0.539308	-1.140566	1.397730	0.000000	0.000000
385.040000	0.539302	-1.140582	1.397727	0.000000	0.000000
385.050000	0.539297	-1.140598	1.397725	0.000000	0.000000
385.060000	0.539292	-1.140613	1.397722	0.000000	0.000000
385.070000	0.539287	-1.140627	1.397719	0.000000	0.000000
385.080000	0.539281	-1.140639	1.397716	0.000000	0.000000
385.090000	0.539275	-1.140651	1.397713	0.000000	0.000000
385.100000	0.539269	-1.140661	1.397711	0.000000	0.000000
385.110000	0.539262	-1.140671	1.397708	0.000000	0.000000
385.120000	0.539255	-1.140681	1.397705	0.000000	0.000000
385.130000	0.539248	-1.140689	1.397703	0.000000	0.000000
385.140000	0.539241	-1.140697	1.397700	0.000000	0.000000
385.150000	0.539234	-1.140705	1.397698	0.000000	0.000000
385.160000	0.539228	-1.140714	1.397696	0.000000	0.000000
385.170000	0.539221	-1.140722	1.397693	0.000000	0.000000
385.180000	0.539214	-1.140731	1.397691	0.000000	0.000000
385.190000	0.539207	-1.140741	1.397689	0.000000	0.000000
385.200000	0.539201	-1.140753	1.397687	0.000000	0.000000
385.210000	0.539195	-1.140766	1.397684	0.000000	0.000000
385.220000	0.539189	-1.140781	1.397682	0.000000	0.000000
385.230000	0.539183	-1.140796	1.397680	0.000000	0.000000
385.240000	0.539178	-1.140812	1.397677	0.000000	0.000000
385.250000	0.539173	-1.140828	1.397675	0.000000	0.000000
385.260000	0.539168	-1.140843	1.397672	0.000000	0.000000
385.270000	0.539163	-1.140857	1.397670	0.000000	0.000000
385.280000	0.539158	-1.140870	1.397667	0.000000	0.000000
385.290000	0.539153	-1.140881	1.397664	0.000000	0.000000
385.300000	0.539147	-1.140892	1.397662	0.000000	0.000000
385.310000	0.539141	-1.140901	1.397659	0.000000	0.000000
385.320000	0.539136	-1.140910	1.397656	0.000000	0.000000
385.330000	0.539131	-1.140920	1.397653	0.000000	0.000000
385.340000	0.539126	-1.140930	1.397650	0.000000	0.000000
385.350000	0.539121	-1.140942	1.397647	0.000000	0.000000
385.360000	0.539116	-1.140953	1.397644	0.000000	0.000000
385.370000	0.539111	-1.140966	1.397641	0.000000	0.000000
385.380000	0.539107	-1.140978	1.397638	0.000000	0.000000
385.390000	0.539103	-1.140991	1.397635	0.000000	0.000000
385.400000	0.539098	-1.141003	1.397633	0.000000	0.000000
385.410000	0.539094	-1.141014	1.397630	0.000000	0.000000
385.420000	0.539089	-1.141024	1.397627	0.000000	0.000000
385.430000	0.539084	-1.141034	1.397624	0.000000	0.000000
385.440000	0.539079	-1.141044	1.397621	0.000000	0.000000
385.450000	0.539074	-1.141056	1.397619	0.000000	0.000000
385.460000	0.539069	-1.141068	1.397616	0.000000	0.000000
385.470000	0.539065	-1.141083	1.397613	0.000000	0.000000
385.480000	0.539060	-1.141098	1.397611	0.000000	0.000000
385.490000	0.539055	-1.141114	1.397608	0.000000	0.000000
385.500000	0.539049	-1.141130	1.397605	0.000000	0.000000
385.510000	0.539043	-1.141145	1.397602	0.000000	0.000000
385.520000	0.539038	-1.141160	1.397599	0.000000	0.000000
385.530000	0.539033	-1.141174	1.397596	0.000000	0.000000
385.540000	0.539028	-1.141188	1.397593	0.000000	0.000000
385.550000	0.539024	-1.141205	1.397590	0.000000	0.000000
385.560000	0.539020	-1.141224	1.397587	0.000000	0.000000
385.570000	0.539016	-1.141245	1.397584	0.000000	0.000000
385.580000	0.539013	-1.141268	1.397580	0.000000	0.000000
385.590000	0.539009	-1.141290	1.397577	0.000000	0.000000
385.600000	0.539006	-1.141311	1.397574	0.000000	0.000000
385.610000	0.539002	-1.141330	1.397570	0.000000	0.000000
385.620000	0.538997	-1.141349	1.397567	0.000000	0.000000
385.630000	0.538991	-1.141367	1.397563	0.000000	0.000000
385.640000	0.538986	-1.141386	1.397560	0.000000	0.000000
385.650000	0.538981	-1.141406	1.397556	0.000000	0.000000
385.660000	0.538977	-1.141428	1.397552	0.000000	0.000000
385.670000	0.538973	-1.141451	1.397548	0.000000	0.000000
385.680000	0.538969	-1.141474	1.397544	0.000000	0.000000
385.690000	0.538965	-1.141498	1.397540	0.000000	0.000000
385.700000	0.538961	-1.141523	1.397536	0.000000	0.000000
385.710000	0.538957	-1.141547	1.397532	0.000000	0.000000
385.720000	0.538953	-1.141570	1.397528	0.000000	0.000000
385.730000	0.538947	-1.141590	1.397524	0.000000	0.000000
385.740000	0.538941	-1.141608	1.397520	0.000000	0.000000
385.750000	0.538934	-1.141624	1.397515	0.000000	0.000000
385.760000	0.538928	-1.141639	1.397511	0.000000	0.000000
385.770000	0.538923	-1.141657	1.397507	0.000000	0.000000
385.780000	0.538921	-1.141679	1.397503	0.000000	0.000000
385.790000	0.538918	-1.141705	1.397499	0.000000	0.000000
385.800000	0.538916	-1.141732	1.397494	0.000000	0.000000
385.810000	0.538915	-1.141761	1.397490	0.000000	0.000000
385.820000	0.538913	-1.141789	1.397486	0.000000	0.000000
385.830000	0.538912	-1.141816	1.397482	0.000000	0.000000
385.840000	0.538911	-1.141841	1.397478	0.000000	0.000000
385.850000	0.538910	-1.141866	1.397474	0.000000	0.000000
385.860000	0.538908	-1.141887	1.397470	0.000000	0.000000
385.870000	0.538906	-1.141904	1.397466	0.000000	0.000000
385.880000	0.538903	-1.141918	1.397462	0.000000	0.000000
385.890000	0.538899	-1.141929	1.397458	0.000000	0.000000
385.900000	0.538895	-1.141941	1.397454	0.000000	0.000000
385.910000	0.538891	-1.141954	1.397450	0.000000	0.000000
385.920000	0.538887	-1.141969	1.397446	0.000000	0.000000
385.930000	0.538884	-1.141987	1.397443	0.000000	0.000000
385.940000	0.538881	-1.142006	1.397439	0.000000	0.000000
385.950000	0.538879	-1.142027	1.397435	0.000000	0.000000
385.960000	0.538878	-1.142050	1.397431	0.000000	0.000000
385.970000	0.538876	-1.142073	1.397427	0.000000	0.000000
385.980000	0.538876	-1.142098	1.397424	0.000000	0.000000
385.990000	0.538875	-1.142123	1.397420	0.000000	0.000000
386.000000	0.538874	-1.142147	1.397416	0.000000	0.000000
386.010000	0.538873	-1.142170	1.397413	0.000000	0.000000
386.020000	0.538871	-1.142192	1.397409	0.000000	0.000000
386.030000	0.538869	-1.142211	1.397405	0.000000	0.000000
386.040000	0.538866	-1.142228	1.397402	0.000000	0.000000
386.050000	0.538863	-1.142243	1.397398	0.000000	0.000000
386.060000	0.538859	-1.142256	1.397395	0.000000	0.000000
386.070000	0.538855	-1.142269	1.397391	0.000000	0.000000
386.080000	0.538852	-1.142282	1.397388	0.000000	0.000000
386.090000	0.538850	-1.142297	1.397385	0.000000	0.000000
386.100000	0.538847	-1.142313	1.397382	0.000000	0.000000
386.110000	0.538845	-1.142330	1.397379	0.000000	0.000000
386.120000	0.538842	-1.142346	1.397376	0.000000	0.000000
386.130000	0.538840	-1.142362	1.397373	0.000000	0.000000
386.140000	0.538839	-1.142378	1.397370	0.000000	0.000000
386.150000	0.538838	-1.142393	1.397368	0.000000	0.000000
386.160000	0.538838	-1.142408	1.397365	0.000000	0.000000
386.170000	0.538837	-1.142422	1.397363	0.000000	0.000000
386.180000	0.538836	-1.142434	1.397361	0.000000	0.000000
386.190000	0.538835	-1.142445	1.397359	0.000000	0.000000
386.200000	0.538834	-1.142452	1.397357	0.000000	0.000000
386.210000	0.538832	-1.142457	1.397355	0.000000	0.000000
386.220000	0.538829	-1.142459	1.397353	0.000000	0.000000
386.230000	0.538826	-1.142458	1.397351	0.000000	0.000000
386.240000	0.538822	-1.142457	1.397349	0.000000	0.000000
386.250000	0.538820	-1.142454	1.397347	0.000000	0.000000
386.260000	0.538816	-1.142453	1.397345	0.000000	0.000000
386.270000	0.538814	-1.142451	1.397344	0.000000	0.000000
386.280000	0.538811	-1.142450	1.397342	0.000000	0.000000
386.290000	0.538809	-1.142450	1.397340	0.000000	0.000000
386.300000	0.538808	-1.142452	1.397338	0.000000	0.000000
386.310000	0.538807	-1.142457	1.397337	0.000000	0.000000
386.320000	0.538808	-1.142465	1.397335	0.000000	0.000000
386.330000	0.538810	-1.142476	1.397333	0.000000	0.000000
386.340000	0.538812	-1.142491	1.397332	0.000000	0.000000
386.350000	0.538816	-1.142509	1.397330	0.000000	0.000000
386.360000	0.538820	-1.142527	1.397328	0.000000	0.000000
386.370000	0.538823	-1.142543	1.397326	0.000000	0.000000
386.380000	0.538825	-1.142557	1.397325	0.000000	0.000000
386.390000	0.538827	-1.142569	1.397323	0.000000	0.000000
386.400000	0.538828	-1.142577	1.397321	0.000000	0.000000
386.410000	0.538829	-1.142583	1.397320	0.000000	0.000000
386.420000	0.538829	-1.142587	1.397318	0.000000	0.000000
386.430000	0.538829	-1.142591	1.397316	0.000000	0.000000
386.440000	0.538831	-1.142598	1.397315	0.000000	0.000000
386.450000	0.538833	-1.142607	1.397314	0.000000	0.000000
386.460000	0.538835	-1.142616	1.397312	0.000000	0.000000
386.470000	0.538836	-1.142625	1.397311	0.000000	0.000000
386.480000	0.538836	-1.142633	1.397310	0.000000	0.000000
386.490000	0.538836	-1.142638	1.397309	0.000000	0.000000
386.500000	0.538835	-1.142640	1.397307	0.000000	0.000000
386.510000	0.538833	-1.142641	1.397306	0.000000	0.000000
386.520000	0.538831	-1.142640	1.397305	0.000000	0.000000
386.530000	0.538829	-1.142638	1.397304	0.000000	0.000000
386.540000	0.538827	-1.142636	1.397304	0.000000	0.000000
386.550000	0.538825	-1.142632	1.397303	0.000000	0.000000
386.560000	0.538822	-1.142628	1.397302	0.000000	0.000000
386.570000	0.538819	-1.142623	1.397301	0.000000	0.000000
386.580000	0.538816	-1.142617	1.397300	0.000000	0.000000
386.590000	0.538813	-1.142612	1.397299	0.000000	0.000000
386.600000	0.538811	-1.142607	1.397298	0.000000	0.000000
386.610000	0.538809	-1.142603	1.397297	0.000000	0.000000
386.620000	0.538807	-1.142599	1.397296	0.000000	0.000000
386.630000	0.538805	-1.142596	1.397295	0.000000	0.000000
386.640000	0.538803	-1.142594	1.397294	0.000000	0.000000
386.650000	0.538803	-1.142594	1.397292	0.000000	0.000000
386.660000	0.538803	-1.142595	1.397291	0.000000	0.000000
386.670000	0.538805	-1.142598	1.397290	0.000000	0.000000
386.680000	0.538807	-1.142602	1.397288	0.000000	0.000000
386.690000	0.538811	-1.142610	1.397286	0.000000	0.000000
386.700000	0.538815	-1.142619	1.397285	0.000000	0.000000
386.710000	0.538819	-1.142628	1.397283	0.000000	0.000000
386.720000	0.538822	-1.142636	1.397281	0.000000	0.000000
386.730000	0.538824	-1.142643	1.397279	0.000000	0.000000
386.740000	0.538827	-1.142649	1.397277	0.000000	0.000000
386.750000	0.538829	-1.142657	1.397275	0.000000	0.000000
386.760000	0.538833	-1.142667	1.397273	0.000000	0.000000
386.770000	0.538837	-1.142678	1.397271	0.000000	0.000000
386.780000	0.538841	-1.142687	1.397269	0.000000	0.000000
386.790000	0.538845	-1.142693	1.397268	0.000000	0.000000
386.800000	0.538848	-1.142698	1.397266	0.000000	0.000000
386.810000	0.538850	-1.142700	1.397264	0.000000	0.000000
386.820000	0.538852	-1.142701	1.397262	0.000000	0.000000
386.830000	0.538853	-1.142700	1.397261	0.000000	0.000000
386.840000	0.538854	-1.142698	1.397259	0.000000	0.000000
386.850000	0.538855	-1.142693	1.397258	0.000000	0.000000
386.860000	0.538855	-1.142685	1.397256	0.000000	0.000000
386.870000	0.538854	-1.142673	1.397254	0.000000	0.000000
386.880000	0.538852	-1.142659	1.397253	0.000000	0.000000
386.890000	0.538850	-1.142643	1.397251	0.000000	0.000000
386.900000	0.538847	-1.142627	1.397249	0.000000	0.000000
386.910000	0.538846	-1.142613	1.397248	0.000000	0.000000
386.920000	0.538845	-1.142601	1.397246	0.000000	0.000000
386.930000	0.538845	-1.142594	1.397244	0.000000	0.000000
386.940000	0.538847	-1.142591	1.397242	0.000000	0.000000
386.950000	0.538851	-1.142593	1.397240	0.000000	0.000000
386.960000	0.538855	-1.142600	1.397238	0.000000	0.000000
386.970000	0.538860	-1.142609	1.397236	0.000000	0.000000
386.980000	0.538866	-1.142618	1.397233	0.000000	0.000000
386.990000	0.538872	-1.142627	1.397231	0.000000	0.000000
387.000000	0.538876	-1.142633	1.397228	0.000000	0.000000
387.010000	0.538881	-1.142638	1.397226	0.000000	0.000000
387.020000	0.538886	-1.142644	1.397223	0.000000	0.000000
387.030000	0.538890	-1.142649	1.397220	0.000000	0.000000
387.040000	0.538894	-1.142653	1.397217	0.000000	0.000000
387.050000	0.538897	-1.142657	1.397214	0.000000	0.000000
387.060000	0.538900	-1.142660	1.397211	0.000000	0.000000
387.070000	0.538902	-1.142661	1.397208	0.000000	0.000000
387.080000	0.538904	-1.142660	1.397205	0.000000	0.000000
387.090000	0.538906	-1.142661	1.397202	0.000000	0.000000
387.100000	0.538908	-1.142666	1.397199	0.000000	0.000000
387.110000	0.538913	-1.142676	1.397197	0.000000	0.000000
387.120000	0.538919	-1.142690	1.397194	0.000000	0.000000
387.130000	0.538925	-1.142706	1.397191	0.000000	0.000000
387.140000	0.538930	-1.142721	1.397189	0.000000	0.000000
387.150000	0.538936	-1.142733	1.397186	0.000000	0.000000
387.160000	0.538941	-1.142744	1.397184	0.000000	0.000000
387.170000	0.538945	-1.142752	1.397181	0.000000	0.000000
387.180000	0.538948	-1.142757	1.397179	0.000000	0.000000
387.190000	0.538950	-1.142760	1.397176	0.000000	0.000000
387.200000	0.538953	-1.142759	1.397174	0.000000	0.000000
387.210000	0.538955	-1.142757	1.397171	0.000000	0.000000
387.220000	0.538957	-1.142753	1.397168	0.000000	0.000000
387.230000	0.538957	-1.142750	1.397166	0.000000	0.000000
387.240000	0.538957	-1.142745	1.397163	0.000000	0.000000
387.250000	0.538958	-1.142741	1.397161	0.000000	0.000000
387.260000	0.538958	-1.142738	1.397158	0.000000	0.000000
387.270000	0.538959	-1.142737	1.397155	0.000000	0.000000
387.280000	0.538960	-1.142739	1.397152	0.000000	0.000000
387.290000	0.538961	-1.142744	1.397149	0.000000	0.000000
387.300000	0.538962	-1.142749	1.397146	0.000000	0.000000
387.310000	0.538964	-1.142756	1.397143	0.000000	0.000000
387.320000	0.538966	-1.142764	1.397140	0.000000	0.000000
387.330000	0.538969	-1.142774	1.397137	0.000000	0.000000
387.340000	0.538973	-1.142786	1.397134	0.000000	0.000000
387.350000	0.538977	-1.142800	1.397130	0.000000	0.000000
387.360000	0.538981	-1.142813	1.397127	0.000000	0.000000
387.370000	0.538984	-1.142824	1.397124	0.000000	0.000000
387.380000	0.538985	-1.142828	1.397120	0.000000	0.000000
387.390000	0.538984	-1.142825	1.397117	0.000000	0.000000
387.400000	0.538983	-1.142820	1.397113	0.000000	0.000000
387.410000	0.538983	-1.142822	1.397110	0.000000	0.000000
387.420000	0.538985	-1.142831	1.397107	0.000000	0.000000
387.430000	0.538987	-1.142843	1.397104	0.000000	0.000000
387.440000	0.538990	-1.142858	1.397101	0.000000	0.000000
387.450000	0.538993	-1.142872	1.397098	0.000000	0.000000
387.460000	0.538996	-1.142886	1.397095	0.000000	0.000000
387.470000	0.538999	-1.142899	1.397092	0.000000	0.000000
387.480000	0.539001	-1.142910	1.397089	0.000000	0.000000
387.490000	0.539003	-1.142919	1.397086	0.000000	0.000000
387.500000	0.539004	-1.142926	1.397084	0.000000	0.000000
387.510000	0.539004	-1.142933	1.397081	0.000000	0.000000
387.520000	0.539004	-1.142938	1.397079	0.000000	0.000000
387.530000	0.539003	-1.142942	1.397076	0.000000	0.000000
387.540000	0.539003	-1.142945	1.397074	0.000000	0.000000
387.550000	0.539001	-1.142946	1.397072	0.000000	0.000000
387.560000	0.538999	-1.142944	1.397070	0.000000	0.000000
387.570000	0.538997	-1.142940	1.397068	0.000000	0.000000
387.580000	0.538995	-1.142934	1.397065	0.000000	0.000000
387.590000	0.538992	-1.142927	1.397063	0.000000	0.000000
387.600000	0.538990	-1.142920	1.397061	0.000000	0.000000
387.610000	0.538988	-1.142914	1.397059	0.000000	0.000000
387.620000	0.538985	-1.142907	1.397056	0.000000	0.000000
387.630000	0.538983	-1.142902	1.397054	0.000000	0.000000
387.640000	0.538980	-1.142897	1.397051	0.000000	0.000000
387.650000	0.538979	-1.142895	1.397049	0.000000	0.000000
387.660000	0.538978	-1.142894	1.397046	0.000000	0.000000
387.670000	0.538978	-1.142895	1.397043	0.000000	0.000000
387.680000	0.538980	-1.142898	1.397040	0.000000	0.000000
387.690000	0.538982	-1.142902	1.397037	0.000000	0.000000
387.700000	0.538985	-1.142906	1.397033	0.000000	0.000000
387.710000	0.538989	-1.142910	1.397030	0.000000	0.000000
387.720000	0.538992	-1.142914	1.397026	0.000000	0.000000
387.730000	0.538994	-1.142917	1.397022	0.000000	0.000000
387.740000	0.538996	-1.142920	1.397018	0.000000	0.000000
387.750000	0.538998	-1.142923	1.397014	0.000000	0.000000
387.760000	0.538999	-1.142925	1.397010	0.000000	0.000000
387.770000	0.539001	-1.142926	1.397006	0.000000	0.000000
387.780000	0.539001	-1.142924	1.397002	0.000000	0.000000
387.790000	0.539002	-1.142921	1.396998	0.000000	0.000000
387.800000	0.539003	-1.142920	1.396994	0.000000	0.000000
387.810000	0.539005	-1.142921	1.396990	0.000000	0.000000
387.820000	0.539008	-1.142925	1.396986	0.000000	0.000000
387.830000	0.539010	-1.142930	1.396982	0.000000	0.000000
387.840000	0.539014	-1.142937	1.396978	0.000000	0.000000
387.850000	0.539017	-1.142944	1.396975	0.000000	0.000000
387.860000	0.539020	-1.142949	1.396971	0.000000	0.000000
387.870000	0.539021	-1.142953	1.396968	0.000000	0.000000
387.880000	0.539021	-1.142954	1.396965	0.000000	0.000000
387.890000	0.539022	-1.142953	1.396961	0.000000	0.000000
387.900000	0.539022	-1.142951	1.396958	0.000000	0.000000
387.910000	0.539021	-1.142947	1.396955	0.000000	0.000000
387.920000	0.539021	-1.142942	1.396952	0.000000	0.000000
387.930000	0.539021	-1.142936	1.396949	0.000000	0.000000
387.940000	0.539021	-1.142930	1.396946	0.000000	0.000000
387.950000	0.539020	-1.142924	1.396943	0.000000	0.000000
387.960000	0.539021	-1.142920	1.396941	0.000000	0.000000
387.970000	0.539022	-1.142917	1.396938	0.000000	0.000000
387.980000	0.539023	-1.142916	1.396935	0.000000	0.000000
387.990000	0.539025	-1.142917	1.396932	0.000000	0.000000
388.000000	0.539028	-1.142920	1.396929	0.000000	0.000000
388.010000	0.539031	-1.142923	1.396925	0.000000	0.000000
388.020000	0.539034	-1.142925	1.396922	0.000000	0.000000
388.030000	0.539037	-1.142927	1.396919	0.000000	0.000000
388.040000	0.539038	-1.142924	1.396915	0.000000	0.000000
388.050000	0.539038	-1.142919	1.396912	0.000000	0.000000
388.060000	0.539037	-1.142912	1.396908	0.000000	0.000000
388.070000	0.539037	-1.142907	1.396905	0.000000	0.000000
388.080000	0.539037	-1.142905	1.396901	0.000000	0.000000
388.090000	0.539038	-1.142906	1.396897	0.000000	0.000000
388.100000	0.539039	-1.142910	1.396893	0.000000	0.000000
388.110000	0.539041	-1.142914	1.396890	0.000000	0.000000
388.120000	0.539042	-1.142915	1.396886	0.000000	0.000000
388.130000	0.539044	-1.142915	1.396882	0.000000	0.000000
388.140000	0.539046	-1.142912	1.396879	0.000000	0.000000
388.150000	0.539048	-1.142909	1.396875	0.000000	0.000000
388.160000	0.539051	-1.142905	1.396871	0.000000	0.000000
388.170000	0.539052	-1.142897	1.396867	0.000000	0.000000
388.180000	0.539051	-1.142887	1.396864	0.000000	0.000000
388.190000	0.539051	-1.142877	1.396860	0.000000	0.000000
388.200000	0.539050	-1.142868	1.396857	0.000000	0.000000
388.210000	0.539049	-1.142859	1.396854	0.000000	0.000000
388.220000	0.539050	-1.142850	1.396850	0.000000	0.000000
388.230000	0.539051	-1.142841	1.396847	0.000000	0.000000
388.240000	0.539053	-1.142832	1.396844	0.000000	0.000000
388.250000	0.539053	-1.142822	1.396841	0.000000	0.000000
388.260000	0.539054	-1.142812	1.396838	0.000000	0.000000
388.270000	0.539055	-1.142804	1.396835	0.000000	0.000000
388.280000	0.539057	-1.142800	1.396832	0.000000	0.000000
388.290000	0.539058	-1.142796	1.396829	0.000000	0.000000
388.300000	0.539059	-1.142791	1.396826	0.000000	0.000000
388.310000	0.539058	-1.142783	1.396823	0.000000	0.000000
388.320000	0.539057	-1.142773	1.396820	0.000000	0.000000
388.330000	0.539055	-1.142760	1.396817	0.000000	0.000000
388.340000	0.539053	-1.142746	1.396814	0.000000	0.000000
388.350000	0.539051	-1.142731	1.396811	0.000000	0.000000
388.360000	0.539051	-1.142717	1.396808	0.000000	0.000000
388.370000	0.539050	-1.142707	1.396805	0.000000	0.000000
388.380000	0.539051	-1.142702	1.396802	0.000000	0.000000
388.390000	0.539054	-1.142701	1.396799	0.000000	0.000000
388.400000	0.539057	-1.142703	1.396796	0.000000	0.000000
388.410000	0.539059	-1.142706	1.396793	0.000000	0.000000
388.420000	0.539060	-1.142708	1.396790	0.000000	0.000000
388.430000	0.539061	-1.142709	1.396787	0.000000	0.000000
388.440000	0.539061	-1.142708	1.396784	0.000000	0.000000
388.450000	0.539060	-1.142706	1.396781	0.000000	0.000000
388.460000	0.539060	-1.142705	1.396778	0.000000	0.000000
388.470000	0.539061	-1.142705	1.396775	0.000000	0.000000
388.480000	0.539060	-1.142706	1.396772	0.000000	0.000000
388.490000	0.539061	-1.142708	1.396769	0.000000	0.000000
388.500000	0.539061	-1.142711	1.396766	0.000000	0.000000
388.510000	0.539061	-1.142711	1.396763	0.000000	0.000000
388.520000	0.539060	-1.142709	1.396760	0.000000	0.000000
388.530000	0.539057	-1.142702	1.396757	0.000000	0.000000
388.540000	0.539054	-1.142691	1.396754	0.000000	0.000000
388.550000	0.539051	-1.142682	1.396751	0.000000	0.000000
388.560000	0.539049	-1.142674	1.396749	0.000000	0.000000
388.570000	0.539047	-1.142670	1.396746	0.000000	0.000000
388.580000	0.539046	-1.142668	1.396743	0.000000	0.000000
388.590000	0.539045	-1.142667	1.396740	0.000000	0.000000
388.600000	0.539045	-1.142667	1.396738	0.000000	0.000000
388.610000	0.539044	-1.142667	1.396735	0.000000	0.000000
388.620000	0.539043	-1.142667	1.396733	0.000000	0.000000
388.630000	0.539041	-1.142665	1.396730	0.000000	0.000000
388.640000	0.539038	-1.142661	1.396728	0.000000	0.000000
388.650000	0.539035	-1.142657	1.396725	0.000000	0.000000
388.660000	0.539033	-1.142654	1.396723	0.000000	0.000000
388.670000	0.539032	-1.142654	1.396721	0.000000	0.000000
388.680000	0.539033	-1.142656	1.396719	0.000000	0.000000
388.690000	0.539034	-1.142660	1.396716	0.000000	0.000000
388.700000	0.539034	-1.142666	1.396714	0.000000	0.000000
388.710000	0.539034	-1.142671	1.396713	0.000000	0.000000
388.720000	0.539034	-1.142676	1.396711	0.000000	0.000000
388.730000	0.539033	-1.142679	1.396709	0.000000	0.000000
388.740000	0.539032	-1.142682	1.396707	0.000000	0.000000
388.750000	0.539032	-1.142684	1.396706	0.000000	0.000000
388.760000	0.539031	-1.142686	1.396704	0.000000	0.000000
388.770000	0.539030	-1.142687	1.396703	0.000000	0.000000
388.780000	0.539030	-1.142688	1.396701	0.000000	0.000000
388.790000	0.539030	-1.142689	1.396700	0.000000	0.000000
388.800000	0.539030	-1.142690	1.396699	0.000000	0.000000
388.810000	0.539030	-1.142692	1.396698	0.000000	0.000000
388.820000	0.539031	-1.142693	1.396697	0.000000	0.000000
388.830000	0.539033	-1.142695	1.396696	0.000000	0.000000
388.840000	0.539035	-1.142696	1.396696	0.000000	0.000000
388.850000	0.539037	-1.142695	1.396695	0.000000	0.000000
388.860000	0.539037	-1.142692	1.396695	0.000000	0.000000
388.870000	0.539037	-1.142689	1.396694	0.000000	0.000000
388.880000	0.539037	-1.142686	1.396694	0.000000	0.000000
388.890000	0.539038	-1.142684	1.396694	0.000000	0.000000
388.900000	0.539039	-1.142682	1.396693	0.000000	0.000000
388.910000	0.539040	-1.142680	1.396693	0.000000	0.000000
388.920000	0.539042	-1.142677	1.396693	0.000000	0.000000
388.930000	0.539044	-1.142673	1.396693	0.000000	0.000000
388.940000	0.539046	-1.142669	1.396693	0.000000	0.000000
388.950000	0.539047	-1.142663	1.396693	0.000000	0.000000
388.960000	0.539048	-1.142656	1.396692	0.000000	0.000000
388.970000	0.539049	-1.142648	1.396692	0.000000	0.000000
388.980000	0.539048	-1.142639	1.396692	0.000000	0.000000
388.990000	0.539048	-1.142630	1.396692	0.000000	0.000000
389.000000	0.539048	-1.142622	1.396692	0.000000	0.000000
389.010000	0.539048	-1.142615	1.396692	0.000000	0.000000
389.020000	0.539048	-1.142609	1.396692	0.000000	0.000000
389.030000	0.539049	-1.142605	1.396693	0.000000	0.000000
389.040000	0.539051	-1.142602	1.396693	0.000000	0.000000
389.050000	0.539053	-1.142598	1.396693	0.000000	0.000000
389.060000	0.539055	-1.142592	1.396693	0.000000	0.000000
389.070000	0.539057	-1.142583	1.396693	0.000000	0.000000
389.080000	0.539057	-1.142569	1.396694	0.000000	0.000000
389.090000	0.539057	-1.142552	1.396694	0.000000	0.000000
389.100000	0.539058	-1.142537	1.396694	0.000000	0.000000
389.110000	0.539059	-1.142526	1.396695	0.000000	0.000000
389.120000	0.539061	-1.142518	1.396695	0.000000	0.000000
389.130000	0.539064	-1.142513	1.396696	0.000000	0.000000
389.140000	0.539068	-1.142509	1.396696	0.000000	0.000000
389.150000	0.539070	-1.142504	1.396697	0.000000	0.000000
389.160000	0.539072	-1.142498	1.396698	0.000000	0.000000
389.170000	0.539074	-1.142490	1.396698	0.000000	0.000000
389.180000	0.539075	-1.142482	1.396699	0.000000	0.000000
389.190000	0.539075	-1.142474	1.396700	0.000000	0.000000
389.200000	0.539075	-1.142467	1.396701	0.000000	0.000000
389.210000	0.539074	-1.142461	1.396702	0.000000	0.000000
389.220000	0.539074	-1.142457	1.396703	0.000000	0.000000
389.230000	0.539074	-1.142454	1.396705	0.000000	0.000000
389.240000	0.539075	-1.142453	1.396706	0.000000	0.000000
389.250000	0.539075	-1.142454	1.396708	0.000000	0.000000
389.260000	0.539076	-1.142454	1.396709	0.000000	0.000000
389.270000	0.539075	-1.142452	1.396711	0.000000	0.000000
389.280000	0.539072	-1.142448	1.396713	0.000000	0.000000
389.290000	0.539069	-1.142441	1.396715	0.000000	0.000000
389.300000	0.539065	-1.142431	1.396717	0.000000	0.000000
389.310000	0.539061	-1.142420	1.396720	0.000000	0.000000
389.320000	0.539055	-1.142406	1.396722	0.000000	0.000000
389.330000	0.539049	-1.142391	1.396725	0.000000	0.000000
389.340000	0.539043	-1.142375	1.396727	0.000000	0.000000
389.350000	0.539037	-1.142357	1.396730	0.000000	0.000000
389.360000	0.539031	-1.142339	1.396733	0.000000	0.000000
389.370000	0.539024	-1.142320	1.396736	0.000000	0.000000
389.380000	0.539019	-1.142302	1.396739	0.000000	0.000000
389.390000	0.539014	-1.142286	1.396742	0.000000	0.000000
389.400000	0.539010	-1.142270	1.396745	0.000000	0.000000
389.410000	0.539006	-1.142257	1.396748	0.000000	0.000000
389.420000	0.539003	-1.142245	1.396751	0.000000	0.000000
389.430000	0.539001	-1.142236	1.396754	0.000000	0.000000
389.440000	0.538999	-1.142228	1.396757	0.000000	0.000000
389.450000	0.538997	-1.142221	1.396760	0.000000	0.000000
389.460000	0.538995	-1.142214	1.396763	0.000000	0.000000
389.470000	0.538993	-1.142206	1.396765	0.000000	0.000000
389.480000	0.538990	-1.142199	1.396768	0.000000	0.000000
389.490000	0.538986	-1.142192	1.396771	0.000000	0.000000
389.500000	0.538983	-1.142186	1.396773	0.000000	0.000000
389.510000	0.538980	-1.142181	1.396776	0.000000	0.000000
389.520000	0.538978	-1.142177	1.396778	0.000000	0.000000
389.530000	0.538976	-1.142171	1.396780	0.000000	0.000000
389.540000	0.538973	-1.142162	1.396783	0.000000	0.000000
389.550000	0.538969	-1.142150	1.396785	0.000000	0.000000
389.560000	0.538964	-1.142136	1.396787	0.000000	0.000000
389.570000	0.538959	-1.142122	1.396789	0.000000	0.000000
389.580000	0.538955	-1.142109	1.396791	0.000000	0.000000
389.590000	0.538952	-1.142098	1.396794	0.000000	0.000000
389.600000	0.538951	-1.142087	1.396796	0.000000	0.000000
389.610000	0.538950	-1.142077	1.396798	0.000000	0.000000
389.620000	0.538948	-1.142067	1.396800	0.000000	0.000000
389.630000	0.538946	-1.142055	1.396802	0.000000	0.000000
389.640000	0.538944	-1.142043	1.396805	0.000000	0.000000
389.650000	0.538941	-1.142028	1.396807	0.000000	0.000000
389.660000	0.538938	-1.142012	1.396809	0.000000	0.000000
389.670000	0.538934	-1.141994	1.396811	0.000000	0.000000
389.680000	0.538929	-1.141975	1.396813	0.000000	0.000000
389.690000	0.538925	-1.141956	1.396815	0.000000	0.000000
389.700000	0.538921	-1.141936	1.396817	0.000000	0.000000
389.710000	0.538917	-1.141916	1.396819	0.000000	0.000000
389.720000	0.538913	-1.141896	1.396821	0.000000	0.000000
389.730000	0.538911	-1.141878	1.396823	0.000000	0.000000
389.740000	0.538908	-1.141862	1.396825	0.000000	0.000000
389.750000	0.538907	-1.141848	1.396827	0.000000	0.000000
389.760000	0.538906	-1.141834	1.396829	0.000000	0.000000
389.770000	0.538907	-1.141821	1.396830	0.000000	0.000000
389.780000	0.538907	-1.141809	1.396832	0.000000	0.000000
389.790000	0.538909	-1.141800	1.396833	0.000000	0.000000
389.800000	0.538911	-1.141793	1.396834	0.000000	0.000000
389.810000	0.538913	-1.141788	1.396836	0.000000	0.000000
389.820000	0.538915	-1.141785	1.396837	0.000000	0.000000
389.830000	0.538918	-1.141782	1.396838	0.000000	0.000000
389.840000	0.538919	-1.141780	1.396838	0.000000	0.000000
389.850000	0.538921	-1.141777	1.396839	0.000000	0.000000
389.860000	0.538921	-1.141773	1.396840	0.000000	0.000000
389.870000	0.538921	-1.141766	1.396840	0.000000	0.000000
389.880000	0.538919	-1.141756	1.396840	0.000000	0.000000
389.890000	0.538917	-1.141741	1.396840	0.000000	0.000000
389.900000	0.538914	-1.141723	1.396840	0.000000	0.000000
389.910000	0.538911	-1.141706	1.396840	0.000000	0.000000
389.920000	0.538910	-1.141693	1.396840	0.000000	0.000000
389.930000	0.538910	-1.141683	1.396839	0.000000	0.000000
389.940000	0.538909	-1.141673	1.396839	0.000000	0.000000
389.950000	0.538909	-1.141660	1.396838	0.000000	0.000000
389.960000	0.538908	-1.141646	1.396838	0.000000	0.000000
389.970000	0.538908	-1.141634	1.396837	0.000000	0.000000
389.980000	0.538908	-1.141625	1.396836	0.000000	0.000000
389.990000	0.538911	-1.141623	1.396836	0.000000	0.000000
390.000000	0.538916	-1.141625	1.396835	0.000000	0.000000
390.010000	0.538920	-1.141630	1.396834	0.000000	0.000000
390.020000	0.538925	-1.141635	1.396833	0.000000	0.000000
390.030000	0.538930	-1.141637	1.396832	0.000000	0.000000
390.040000	0.538932	-1.141636	1.396831	0.000000	0.000000
390.050000	0.538934	-1.141629	1.396830	0.000000	0.000000
390.060000	0.538933	-1.141615	1.396829	0.000000	0.000000
390.070000	0.538931	-1.141596	1.396829	0.000000	0.000000
390.080000	0.538928	-1.141573	1.396828	0.000000	0.000000
390.090000	0.538924	-1.141547	1.396827	0.000000	0.000000
390.100000	0.538921	-1.141520	1.396826	0.000000	0.000000
390.110000	0.538918	-1.141492	1.396825	0.000000	0.000000
390.120000	0.538915	-1.141467	1.396824	0.000000	0.000000
390.130000	0.538914	-1.141445	1.396822	0.000000	0.000000
390.140000	0.538915	-1.141426	1.396821	0.000000	0.000000
390.150000	0.538917	-1.141409	1.396820	0.000000	0.000000
390.160000	0.538919	-1.141393	1.396819	0.000000	0.000000
390.170000	0.538919	-1.141376	1.396818	0.000000	0.000000
390.180000	0.538920	-1.141356	1.396817	0.000000	0.000000
390.190000	0.538920	-1.141333	1.396815	0.000000	0.000000
390.200000	0.538919	-1.141310	1.396814	0.000000	0.000000
390.210000	0.538919	-1.141289	1.396812	0.000000	0.000000
390.220000	0.538921	-1.141274	1.396811	0.000000	0.000000
390.230000	0.538925	-1.141265	1.396809	0.000000	0.000000
390.240000	0.538929	-1.141260	1.396808	0.000000	0.000000
390.250000	0.538934	-1.141259	1.396806	0.000000	0.000000
390.260000	0.538940	-1.141260	1.396804	0.000000	0.000000
390.270000	0.538947	-1.141264	1.396802	0.000000	0.000000
390.280000	0.538954	-1.141269	1.396800	0.000000	0.000000
390.290000	0.538961	-1.141275	1.396798	0.000000	0.000000
390.300000	0.538968	-1.141280	1.396796	0.000000	0.000000
390.310000	0.538974	-1.141285	1.396793	0.000000	0.000000
390.320000	0.538980	-1.141287	1.396791	0.000000	0.000000
390.330000	0.538985	-1.141285	1.396788	0.000000	0.000000
390.340000	0.538988	-1.141278	1.396785	0.000000	0.000000
390.350000	0.538989	-1.141265	1.396782	0.000000	0.000000
390.360000	0.538990	-1.141252	1.396779	0.000000	0.000000
390.370000	0.538994	-1.141244	1.396776	0.000000	0.000000
390.380000	0.539000	-1.141244	1.396773	0.000000	0.000000
390.390000	0.539008	-1.141251	1.396771	0.000000	0.000000
390.400000	0.539017	-1.141261	1.396768	0.000000	0.000000
390.410000	0.539025	-1.141270	1.396765	0.000000	0.000000
390.420000	0.539033	-1.141275	1.396762	0.000000	0.000000
390.430000	0.539038	-1.141277	1.396759	0.000000	0.000000
390.440000	0.539042	-1.141275	1.396757	0.000000	0.000000
390.450000	0.539045	-1.141270	1.396754	0.000000	0.000000
390.460000	0.539046	-1.141260	1.396752	0.000000	0.000000
390.470000	0.539045	-1.141245	1.396749	0.000000	0.000000
390.480000	0.539045	-1.141228	1.396747	0.000000	0.000000
390.490000	0.539044	-1.141211	1.396745	0.000000	0.000000
390.500000	0.539045	-1.141199	1.396743	0.000000	0.000000
390.510000	0.539046	-1.141189	1.396740	0.000000	0.000000
390.520000	0.539048	-1.141183	1.396738	0.000000	0.000000
390.530000	0.539051	-1.141179	1.396736	0.000000	0.000000
390.540000	0.539054	-1.141176	1.396734	0.000000	0.000000
390.550000	0.539058	-1.141175	1.396732	0.000000	0.000000
390.560000	0.539062	-1.141175	1.396730	0.000000	0.000000
390.570000	0.539066	-1.141175	1.396727	0.000000	0.000000
390.580000	0.539069	-1.141174	1.396725	0.000000	0.000000
390.590000	0.539073	-1.141172	1.396722	0.000000	0.000000
390.600000	0.539075	-1.141169	1.396720	0.000000	0.000000
390.610000	0.539078	-1.141163	1.396717	0.000000	0.000000
390.620000	0.539081	-1.141155	1.396715	0.000000	0.000000
390.630000	0.539085	-1.141150	1.396712	0.000000	0.000000
390.640000	0.539088	-1.141146	1.396710	0.000000	0.000000
390.650000	0.539090	-1.141141	1.396707	0.000000	0.000000
390.660000	0.539091	-1.141137	1.396705	0.000000	0.000000
390.670000	0.539094	-1.141136	1.396703	0.000000	0.000000
390.680000	0.539096	-1.141136	1.396701	0.000000	0.000000
390.690000	0.539099	-1.141138	1.396699	0.000000	0.000000
390.700000	0.539102	-1.141141	1.396697	0.000000	0.000000
390.710000	0.539104	-1.141144	1.396695	0.000000	0.000000
390.720000	0.539105	-1.141147	1.396694	0.000000	0.000000
390.730000	0.539105	-1.141149	1.396692	0.000000	0.000000
390.740000	0.539106	-1.141149	1.396691	0.000000	0.000000
390.750000	0.539106	-1.141146	1.396690	0.000000	0.000000
390.760000	0.539105	-1.141141	1.396689	0.000000	0.000000
390.770000	0.539103	-1.141135	1.396688	0.000000	0.000000
390.780000	0.539101	-1.141129	1.396688	0.000000	0.000000
390.790000	0.539100	-1.141122	1.396687	0.000000	0.000000
390.800000	0.539099	-1.141115	1.396686	0.000000	0.000000
390.810000	0.539098	-1.141108	1.396686	0.000000	0.000000
390.820000	0.539096	-1.141099	1.396685	0.000000	0.000000
390.830000	0.539094	-1.141091	1.396685	0.000000	0.000000
390.840000	0.539093	-1.141084	1.396684	0.000000	0.000000
390.850000	0.539092	-1.141079	1.396683	0.000000	0.000000
390.860000	0.539092	-1.141076	1.396683	0.000000	0.000000
390.870000	0.539092	-1.141075	1.396682	0.000000	0.000000
390.880000	0.539093	-1.141076	1.396681	0.000000	0.000000
390.890000	0.539095	-1.141080	1.396680	0.000000	0.000000
390.900000	0.539097	-1.141085	1.396680	0.000000	0.000000
390.910000	0.539098	-1.141092	1.396679	0.000000	0.000000
390.920000	0.539100	-1.141100	1.396678	0.000000	0.000000
390.930000	0.539102	-1.141110	1.396677	0.000000	0.000000
390.940000	0.539103	-1.141121	1.396675	0.000000	0.000000
390.950000	0.539104	-1.141132	1.396674	0.000000	0.000000
390.960000	0.539105	-1.141142	1.396673	0.000000	0.000000
390.970000	0.539106	-1.141151	1.396672	0.000000	0.000000
390.980000	0.539105	-1.141156	1.396671	0.000000	0.000000
390.990000	0.539104	-1.141158	1.396670	0.000000	0.000000
391.000000	0.539102	-1.141155	1.396669	0.000000	0.000000
391.010000	0.539098	-1.141151	1.396667	0.000000	0.000000
391.020000	0.539096	-1.141147	1.396666	0.000000	0.000000
391.030000	0.539094	-1.141147	1.396665	0.000000	0.000000
391.040000	0.539093	-1.141151	1.396664	0.000000	0.000000
391.050000	0.539093	-1.141159	1.396663	0.000000	0.000000
391.060000	0.539094	-1.141169	1.396662	0.000000	0.000000
391.070000	0.539094	-1.141181	1.396661	0.000000	0.000000
391.080000	0.539095	-1.141194	1.396660	0.000000	0.000000
391.090000	0.539095	-1.141206	1.396659	0.000000	0.000000
391.100000	0.539096	-1.141218	1.396659	0.000000	0.000000
391.110000	0.539097	-1.141228	1.396658	0.000000	0.000000
391.120000	0.539097	-1.141237	1.396657	0.000000	0.000000
391.130000	0.539097	-1.141244	1.396656	0.000000	0.000000
391.140000	0.539098	-1.141249	1.396655	0.000000	0.000000
391.150000	0.539097	-1.141253	1.396655	0.000000	0.000000
391.160000	0.539096	-1.141255	1.396654	0.000000	0.000000
391.170000	0.539095	-1.141256	1.396654	0.000000	0.000000
391.180000	0.539092	-1.141255	1.396653	0.000000	0.000000
391.190000	0.539090	-1.141251	1.396653	0.000000	0.000000
391.200000	0.539088	-1.141246	1.396652	0.000000	0.000000
391.210000	0.539086	-1.141242	1.396652	0.000000	0.000000
391.220000	0.539084	-1.141239	1.396652	0.000000	0.000000
391.230000	0.539084	-1.141238	1.396652	0.000000	0.000000
391.240000	0.539085	-1.141237	1.396651	0.000000	0.000000
391.250000	0.539085	-1.141236	1.396651	0.000000	0.000000
391.260000	0.539085	-1.141235	1.396651	0.000000	0.000000
391.270000	0.539085	-1.141235	1.396651	0.000000	0.000000
391.280000	0.539084	-1.141234	1.396651	0.000000	0.000000
391.290000	0.539083	-1.141235	1.396652	0.000000	0.000000
391.300000	0.539082	-1.141236	1.396652	0.000000	0.000000
391.310000	0.539082	-1.141239	1.396652	0.000000	0.000000
391.320000	0.539082	-1.141242	1.396652	0.000000	0.000000
391.330000	0.539081	-1.141245	1.396652	0.000000	0.000000
391.340000	0.539080	-1.141248	1.396652	0.000000	0.000000
391.350000	0.539079	-1.141252	1.396652	0.000000	0.000000
391.360000	0.539078	-1.141257	1.396652	0.000000	0.000000
391.370000	0.539078	-1.141264	1.396652	0.000000	0.000000
391.380000	0.539078	-1.141272	1.396651	0.000000	0.000000
391.390000	0.539079	-1.141283	1.396651	0.000000	0.000000
391.400000	0.539080	-1.141296	1.396651	0.000000	0.000000
391.410000	0.539082	-1.141309	1.396651	0.000000	0.000000
391.420000	0.539083	-1.141322	1.396651	0.000000	0.000000
391.430000	0.539084	-1.141334	1.396651	0.000000	0.000000
391.440000	0.539084	-1.141345	1.396651	0.000000	0.000000
391.450000	0.539084	-1.141355	1.396651	0.000000	0.000000
391.460000	0.539084	-1.141365	1.396651	0.000000	0.000000
391.470000	0.539084	-1.141375	1.396651	0.000000	0.000000
391.480000	0.539084	-1.141385	1.396651	0.000000	0.000000
391.490000	0.539085	-1.141396	1.396651	0.000000	0.000000
391.500000	0.539085	-1.141406	1.396651	0.000000	0.000000
391.510000	0.539084	-1.141415	1.396651	0.000000	0.000000
391.520000	0.539084	-1.141426	1.396651	0.000000	0.000000
391.530000	0.539085	-1.141437	1.396652	0.000000	0.000000
391.540000	0.539086	-1.141449	1.396652	0.000000	0.000000
391.550000	0.539087	-1.141460	1.396652	0.000000	0.000000
391.560000	0.539087	-1.141470	1.396653	0.000000	0.000000
391.570000	0.539086	-1.141478	1.396653	0.000000	0.000000
391.580000	0.539085	-1.141483	1.396654	0.000000	0.000000
391.590000	0.539082	-1.141484	1.396654	0.000000	0.000000
391.600000	0.539079	-1.141484	1.396654	0.000000	0.000000
391.610000	0.539076	-1.141483	1.396655	0.000000	0.000000
391.620000	0.539074	-1.141484	1.396655	0.000000	0.000000
391.630000	0.539072	-1.141486	1.396656	0.000000	0.000000
391.640000	0.539071	-1.141491	1.396656	0.000000	0.000000
391.650000	0.539069	-1.141498	1.396656	0.000000	0.000000
391.660000	0.539068	-1.141506	1.396657	0.000000	0.000000
391.670000	0.539067	-1.141515	1.396657	0.000000	0.000000
391.680000	0.539066	-1.141523	1.396658	0.000000	0.000000
391.690000	0.539064	-1.141530	1.396658	0.000000	0.000000
391.700000	0.539061	-1.141534	1.396658	0.000000	0.000000
391.710000	0.539057	-1.141537	1.396659	0.000000	0.000000
391.720000	0.539053	-1.141537	1.396659	0.000000	0.000000
391.730000	0.539050	-1.141539	1.396660	0.000000	0.000000
391.740000	0.539047	-1.141542	1.396660	0.000000	0.000000
391.750000	0.539044	-1.141547	1.396660	0.000000	0.000000
391.760000	0.539042	-1.141554	1.396661	0.000000	0.000000
391.770000	0.539039	-1.141562	1.396661	0.000000	0.000000
391.780000	0.539037	-1.141570	1.396662	0.000000	0.000000
391.790000	0.539036	-1.141579	1.396662	0.000000	0.000000
391.800000	0.539034	-1.141589	1.396662	0.000000	0.000000
391.810000	0.539032	-1.141598	1.396663	0.000000	0.000000
391.820000	0.539029	-1.141605	1.396663	0.000000	0.000000
391.830000	0.539026	-1.141611	1.396663	0.000000	0.000000
391.840000	0.539022	-1.141613	1.396663	0.000000	0.000000
391.850000	0.539018	-1.141614	1.396663	0.000000	0.000000
391.860000	0.539013	-1.141613	1.396663	0.000000	0.000000
391.870000	0.539008	-1.141612	1.396663	0.000000	0.000000
391.880000	0.539003	-1.141611	1.396663	0.000000	0.000000
391.890000	0.538999	-1.141612	1.396663	0.000000	0.000000
391.900000	0.538996	-1.141615	1.396663	0.000000	0.000000
391.910000	0.538994	-1.141622	1.396662	0.000000	0.000000
391.920000	0.538993	-1.141630	1.396662	0.000000	0.000000
391.930000	0.538992	-1.141638	1.396661	0.000000	0.000000
391.940000	0.538990	-1.141645	1.396661	0.000000	0.000000
391.950000	0.538989	-1.141650	1.396660	0.000000	0.000000
391.960000	0.538986	-1.141652	1.396659	0.000000	0.000000
391.970000	0.538984	-1.141652	1.396658	0.000000	0.000000
391.980000	0.538980	-1.141651	1.396657	0.000000	0.000000
391.990000	0.538977	-1.141649	1.396656	0.000000	0.000000
392.000000	0.538974	-1.141646	1.396655	0.000000	0.000000
392.010000	0.538971	-1.141645	1.396654	0.000000	0.000000
392.020000	0.538968	-1.141645	1.396653	0.000000	0.000000
392.030000	0.538966	-1.141648	1.396652	0.000000	0.000000
392.040000	0.538965	-1.141654	1.396651	0.000000	0.000000
392.050000	0.538964	-1.141660	1.396649	0.000000	0.000000
392.060000	0.538963	-1.141668	1.396648	0.000000	0.000000
392.070000	0.538963	-1.141676	1.396647	0.000000	0.000000
392.080000	0.538964	-1.141682	1.396645	0.000000	0.000000
392.090000	0.538963	-1.141688	1.396644	0.000000	0.000000
392.100000	0.538962	-1.141691	1.396642	0.000000	0.000000
392.110000	0.538960	-1.141692	1.396640	0.000000	0.000000
392.120000	0.538958	-1.141692	1.396639	0.000000	0.000000
392.130000	0.538956	-1.141691	1.396636	0.000000	0.000000
392.140000	0.538953	-1.141690	1.396634	0.000000	0.000000
392.150000	0.538951	-1.141691	1.396632	0.000000	0.000000
392.160000	0.538950	-1.141695	1.396629	0.000000	0.000000
392.170000	0.538951	-1.141702	1.396627	0.000000	0.000000
392.180000	0.538951	-1.141711	1.396624	0.000000	0.000000
392.190000	0.538952	-1.141721	1.396621	0.000000	0.000000
392.200000	0.538954	-1.141731	1.396618	0.000000	0.000000
392.210000	0.538956	-1.141742	1.396615	0.000000	0.000000
392.220000	0.538957	-1.141753	1.396611	0.000000	0.000000
392.230000	0.538960	-1.141765	1.396608	0.000000	0.000000
392.240000	0.538963	-1.141777	1.396604	0.000000	0.000000
392.250000	0.538965	-1.141788	1.396600	0.000000	0.000000
392.260000	0.538967	-1.141800	1.396596	0.000000	0.000000
392.270000	0.538970	-1.141813	1.396593	0.000000	0.000000
392.280000	0.538971	-1.141826	1.396589	0.000000	0.000000
392.290000	0.538972	-1.141837	1.396585	0.000000	0.000000
392.300000	0.538972	-1.141847	1.396581	0.000000	0.000000
392.310000	0.538973	-1.141857	1.396577	0.000000	0.000000
392.320000	0.538974	-1.141868	1.396573	0.000000	0.000000
392.330000	0.538975	-1.141879	1.396570	0.000000	0.000000
392.340000	0.538976	-1.141891	1.396566	0.000000	0.000000
392.350000	0.538976	-1.141902	1.396562	0.000000	0.000000
392.360000	0.538975	-1.141912	1.396559	0.000000	0.000000
392.370000	0.538975	-1.141923	1.396555	0.000000	0.000000
392.380000	0.538975	-1.141932	1.396552	0.000000	0.000000
392.390000	0.538974	-1.141942	1.396548	0.000000	0.000000
392.400000	0.538972	-1.141950	1.396545	0.000000	0.000000
392.410000	0.538971	-1.141956	1.396541	0.000000	0.000000
392.420000	0.538969	-1.141961	1.396538	0.000000	0.000000
392.430000	0.538965	-1.141965	1.396535	0.000000	0.000000
392.440000	0.538962	-1.141967	1.396531	0.000000	0.000000
392.450000	0.538958	-1.141968	1.396528	0.000000	0.000000
392.460000	0.538954	-1.141969	1.396524	0.000000	0.000000
392.470000	0.538950	-1.141970	1.396521	0.000000	0.000000
392.480000	0.538947	-1.141971	1.396517	0.000000	0.000000
392.490000	0.538944	-1.141974	1.396514	0.000000	0.000000
392.500000	0.538943	-1.141980	1.396510	0.000000	0.000000
392.510000	0.538943	-1.141989	1.396506	0.000000	0.000000
392.520000	0.538943	-1.141999	1.396502	0.000000	0.000000
392.530000	0.538943	-1.142010	1.396498	0.000000	0.000000
392.540000	0.538943	-1.142019	1.396494	0.000000	0.000000
392.550000	0.538944	-1.142023	1.396490	0.000000	0.000000
392.560000	0.538945	-1.142024	1.396485	0.000000	0.000000
392.570000	0.538945	-1.142025	1.396481	0.000000	0.000000
392.580000	0.538946	-1.142028	1.396477	0.000000	0.000000
392.590000	0.538948	-1.142033	1.396472	0.000000	0.000000
392.600000	0.538949	-1.142040	1.396468	0.000000	0.000000
392.610000	0.538951	-1.142049	1.396463	0.000000	0.000000
392.620000	0.538954	-1.142058	1.396459	0.000000	0.000000
392.630000	0.538958	-1.142069	1.396454	0.000000	0.000000
392.640000	0.538962	-1.142082	1.396450	0.000000	0.000000
392.650000	0.538966	-1.142096	1.396445	0.000000	0.000000
392.660000	0.538971	-1.142109	1.396441	0.000000	0.000000
392.670000	0.538975	-1.142121	1.396437	0.000000	0.000000
392.680000	0.538977	-1.142132	1.396432	0.000000	0.000000
392.690000	0.538979	-1.142142	1.396428	0.000000	0.000000
392.700000	0.538981	-1.142153	1.396424	0.000000	0.000000
392.710000	0.538983	-1.142163	1.396420	0.000000	0.000000
392.720000	0.538984	-1.142172	1.396416	0.000000	0.000000
392.730000	0.538985	-1.142180	1.396412	0.000000	0.000000
392.740000	0.538985	-1.142187	1.396408	0.000000	0.000000
392.750000	0.538985	-1.142191	1.396404	0.000000	0.000000
392.760000	0.538986	-1.142194	1.396401	0.000000	0.000000
392.770000	0.538986	-1.142197	1.396397	0.000000	0.000000
392.780000	0.538988	-1.142202	1.396393	0.000000	0.000000
392.790000	0.538990	-1.142208	1.396390	0.000000	0.000000
392.800000	0.538992	-1.142214	1.396386	0.000000	0.000000
392.810000	0.538995	-1.142221	1.396383	0.000000	0.000000
392.820000	0.538996	-1.142226	1.396379	0.000000	0.000000
392.830000	0.538996	-1.142228	1.396376	0.000000	0.000000
392.840000	0.538996	-1.142230	1.396373	0.000000	0.000000
392.850000	0.538995	-1.142230	1.396370	0.000000	0.000000
392.860000	0.538994	-1.142228	1.396367	0.000000	0.000000
392.870000	0.538991	-1.142223	1.396364	0.000000	0.000000
392.880000	0.538988	-1.142217	1.396361	0.000000	0.000000
392.890000	0.538985	-1.142209	1.396358	0.000000	0.000000
392.900000	0.538982	-1.142202	1.396355	0.000000	0.000000
392.910000	0.538980	-1.142196	1.396352	0.000000	0.000000
392.920000	0.538978	-1.142192	1.396349	0.000000	0.000000
392.930000	0.538976	-1.142190	1.396347	0.000000	0.000000
392.940000	0.538974	-1.142191	1.396344	0.000000	0.000000
392.950000	0.538973	-1.142193	1.396342	0.000000	0.000000
392.960000	0.538971	-1.142196	1.396340	0.000000	0.000000
392.970000	0.538969	-1.142200	1.396337	0.000000	0.000000
392.980000	0.538967	-1.142203	1.396335	0.000000	0.000000
392.990000	0.538965	-1.142206	1.396333	0.000000	0.000000
393.000000	0.538962	-1.142207	1.396331	0.000000	0.000000
393.010000	0.538958	-1.142205	1.396329	0.000000	0.000000
393.020000	0.538953	-1.142202	1.396327	0.000000	0.000000
393.030000	0.538948	-1.142197	1.396325	0.000000	0.000000
393.040000	0.538943	-1.142193	1.396323	0.000000	0.000000
393.050000	0.538939	-1.142192	1.396321	0.000000	0.000000
393.060000	0.538935	-1.142195	1.396319	0.000000	0.000000
393.070000	0.538933	-1.142198	1.396317	0.000000	0.000000
393.080000	0.538930	-1.142202	1.396315	0.000000	0.000000
393.090000	0.538929	-1.142206	1.396313	0.000000	0.000000
393.100000	0.538927	-1.142210	1.396311	0.000000	0.000000
393.110000	0.538924	-1.142213	1.396309	0.000000	0.000000
393.120000	0.538921	-1.142214	1.396307	0.000000	0.000000
393.130000	0.538919	-1.142213	1.396305	0.000000	0.000000
393.140000	0.538914	-1.142209	1.396303	0.000000	0.000000
393.150000	0.538909	-1.142203	1.396301	0.000000	0.000000
393.160000	0.538905	-1.142199	1.396300	0.000000	0.000000
393.170000	0.538901	-1.142197	1.396298	0.000000	0.000000
393.180000	0.538898	-1.142195	1.396296	0.000000	0.000000
393.190000	0.538895	-1.142192	1.396294	0.000000	0.000000
393.200000	0.538891	-1.142187	1.396293	0.000000	0.000000
393.210000	0.538886	-1.142180	1.396291	0.000000	0.000000
393.220000	0.538882	-1.142174	1.396290	0.000000	0.000000
393.230000	0.538878	-1.142169	1.396288	0.000000	0.000000
393.240000	0.538875	-1.142165	1.396287	0.000000	0.000000
393.250000	0.538873	-1.142162	1.396285	0.000000	0.000000
393.260000	0.538870	-1.142159	1.396284	0.000000	0.000000
393.270000	0.538868	-1.142155	1.396283	0.000000	0.000000
393.280000	0.538867	-1.142150	1.396281	0.000000	0.000000
393.290000	0.538865	-1.142142	1.396280	0.000000	0.000000
393.300000	0.538864	-1.142133	1.396278	0.000000	0.000000
393.310000	0.538863	-1.142124	1.396277	0.000000	0.000000
393.320000	0.538864	-1.142118	1.396276	0.000000	0.000000
393.330000	0.538866	-1.142115	1.396274	0.000000	0.000000
393.340000	0.538868	-1.142115	1.396272	0.000000	0.000000
393.350000	0.538871	-1.142118	1.396271	0.000000	0.000000
393.360000	0.538875	-1.142123	1.396269	0.000000	0.000000
393.370000	0.538879	-1.142129	1.396267	0.000000	0.000000
393.380000	0.538882	-1.142133	1.396265	0.000000	0.000000
393.390000	0.538885	-1.142135	1.396263	0.000000	0.000000
393.400000	0.538888	-1.142138	1.396261	0.000000	0.000000
393.410000	0.538892	-1.142143	1.396259	0.000000	0.000000
393.420000	0.538897	-1.142150	1.396257	0.000000	0.000000
393.430000	0.538903	-1.142159	1.396254	0.000000	0.000000
393.440000	0.538907	-1.142168	1.396252	0.000000	0.000000
393.450000	0.538912	-1.142178	1.396250	0.000000	0.000000
393.460000	0.538916	-1.142189	1.396248	0.000000	0.000000
393.470000	0.538920	-1.142199	1.396246	0.000000	0.000000
393.480000	0.538923	-1.142208	1.396244	0.000000	0.000000
393.490000	0.538927	-1.142215	1.396242	0.000000	0.000000
393.500000	0.538928	-1.142218	1.396240	0.000000	0.000000
393.510000	0.538927	-1.142217	1.396237	0.000000	0.000000
393.520000	0.538927	-1.142212	1.396235	0.000000	0.000000
393.530000	0.538924	-1.142205	1.396233	0.000000	0.000000
393.540000	0.538921	-1.142196	1.396232	0.000000	0.000000
393.550000	0.538918	-1.142185	1.396230	0.000000	0.000000
393.560000	0.538914	-1.142177	1.396228	0.000000	0.000000
393.570000	0.538912	-1.142171	1.396226	0.000000	0.000000
393.580000	0.538911	-1.142168	1.396224	0.000000	0.000000
393.590000	0.538910	-1.142170	1.396222	0.000000	0.000000
393.600000	0.538910	-1.142175	1.396220	0.000000	0.000000
393.610000	0.538911	-1.142183	1.396218	0.000000	0.000000
393.620000	0.538914	-1.142195	1.396216	0.000000	0.000000
393.630000	0.538917	-1.142209	1.396214	0.000000	0.000000
393.640000	0.538920	-1.142224	1.396212	0.000000	0.000000
393.650000	0.538924	-1.142239	1.396209	0.000000	0.000000
393.660000	0.538927	-1.142251	1.396207	0.000000	0.000000
393.670000	0.538929	-1.142257	1.396204	0.000000	0.000000
393.680000	0.538929	-1.142257	1.396202	0.000000	0.000000
393.690000	0.538928	-1.142254	1.396199	0.000000	0.000000
393.700000	0.538928	-1.142253	1.396197	0.000000	0.000000
393.710000	0.538928	-1.142258	1.396194	0.000000	0.000000
393.720000	0.538932	-1.142269	1.396192	0.000000	0.000000
393.730000	0.538937	-1.142285	1.396189	0.000000	0.000000
393.740000	0.538942	-1.142303	1.396186	0.000000	0.000000
393.750000	0.538948	-1.142321	1.396184	0.000000	0.000000
393.760000	0.538952	-1.142337	1.396182	0.000000	0.000000
393.770000	0.538956	-1.142350	1.396179	0.000000	0.000000
393.780000	0.538958	-1.142357	1.396177	0.000000	0.000000
393.790000	0.538958	-1.142361	1.396175	0.000000	0.000000
393.800000	0.538958	-1.142361	1.396173	0.000000	0.000000
393.810000	0.538957	-1.142359	1.396171	0.000000	0.000000
393.820000	0.538954	-1.142357	1.396169	0.000000	0.000000
393.830000	0.538951	-1.142352	1.396167	0.000000	0.000000
393.840000	0.538947	-1.142344	1.396166	0.000000	0.000000
393.850000	0.538943	-1.142333	1.396164	0.000000	0.000000
393.860000	0.538939	-1.142321	1.396163	0.000000	0.000000
393.870000	0.538935	-1.142309	1.396161	0.000000	0.000000
393.880000	0.538932	-1.142298	1.396160	0.000000	0.000000
393.890000	0.538928	-1.142289	1.396159	0.000000	0.000000
393.900000	0.538926	-1.142283	1.396157	0.000000	0.000000
393.910000	0.538924	-1.142278	1.396156	0.000000	0.000000
393.920000	0.538924	-1.142276	1.396154	0.000000	0.000000
393.930000	0.538924	-1.142276	1.396153	0.000000	0.000000
393.940000	0.538924	-1.142276	1.396151	0.000000	0.000000
393.950000	0.538923	-1.142274	1.396149	0.000000	0.000000
393.960000	0.538922	-1.142272	1.396148	0.000000	0.000000
393.970000	0.538920	-1.142268	1.396146	0.000000	0.000000
393.980000	0.538918	-1.142264	1.396144	0.000000	0.000000
393.990000	0.538917	-1.142261	1.396141	0.000000	0.000000
394.000000	0.538916	-1.142261	1.396139	0.000000	0.000000
394.010000	0.538918	-1.142263	1.396137	0.000000	0.000000
394.020000	0.538922	-1.142265	1.396135	0.000000	0.000000
394.030000	0.538926	-1.142268	1.396132	0.000000	0.000000
394.040000	0.538929	-1.142271	1.396130	0.000000	0.000000
394.050000	0.538931	-1.142274	1.396127	0.000000	0.000000
394.060000	0.538933	-1.142276	1.396125	0.000000	0.000000
394.070000	0.538935	-1.142277	1.396123	0.000000	0.000000
394.080000	0.538936	-1.142277	1.396120	0.000000	0.000000
394.090000	0.538937	-1.142278	1.396118	0.000000	0.000000
394.100000	0.538940	-1.142280	1.396116	0.000000	0.000000
394.110000	0.538943	-1.142285	1.396113	0.000000	0.000000
394.120000	0.538947	-1.142292	1.396111	0.000000	0.000000
394.130000	0.538950	-1.142300	1.396109	0.000000	0.000000
394.140000	0.538954	-1.142306	1.396107	0.000000	0.000000
394.150000	0.538955	-1.142310	1.396105	0.000000	0.000000
394.160000	0.538957	-1.142312	1.396103	0.000000	0.000000
394.170000	0.538958	-1.142310	1.396101	0.000000	0.000000
394.180000	0.538958	-1.142306	1.396099	0.000000	0.000000
394.190000	0.538957	-1.142298	1.396097	0.000000	0.000000
394.200000	0.538956	-1.142290	1.396095	0.000000	0.000000
394.210000	0.538955	-1.142281	1.396093	0.000000	0.000000
394.220000	0.538954	-1.142273	1.396090	0.000000	0.000000
394.230000	0.538952	-1.142266	1.396088	0.000000	0.000000
394.240000	0.538951	-1.142262	1.396086	0.000000	0.000000
394.250000	0.538951	-1.142259	1.396084	0.000000	0.000000
394.260000	0.538950	-1.142259	1.396081	0.000000	0.000000
394.270000	0.538949	-1.142260	1.396079	0.000000	0.000000
394.280000	0.538949	-1.142261	1.396076	0.000000	0.000000
394.290000	0.538949	-1.142262	1.396073	0.000000	0.000000
394.300000	0.538949	-1.142265	1.396070	0.000000	0.000000
394.310000	0.538950	-1.142269	1.396067	0.000000	0.000000
394.320000	0.538951	-1.142275	1.396064	0.000000	0.000000
394.330000	0.538952	-1.142282	1.396061	0.000000	0.000000
394.340000	0.538952	-1.142288	1.396058	0.000000	0.000000
394.350000	0.538952	-1.142291	1.396055	0.000000	0.000000
394.360000	0.538950	-1.142292	1.396051	0.000000	0.000000
394.370000	0.538948	-1.142291	1.396048	0.000000	0.000000
394.380000	0.538945	-1.142286	1.396044	0.000000	0.000000
394.390000	0.538942	-1.142278	1.396041	0.000000	0.000000
394.400000	0.538938	-1.142269	1.396038	0.000000	0.000000
394.410000	0.538936	-1.142263	1.396034	0.000000	0.000000
394.420000	0.538934	-1.142259	1.396031	0.000000	0.000000
394.430000	0.538934	-1.142257	1.396028	0.000000	0.000000
394.440000	0.538934	-1.142256	1.396025	0.000000	0.000000
394.450000	0.538934	-1.142256	1.396022	0.000000	0.000000
394.460000	0.538935	-1.142257	1.396020	0.000000	0.000000
394.470000	0.538937	-1.142258	1.396017	0.000000	0.000000
394.480000	0.538939	-1.142260	1.396015	0.000000	0.000000
394.490000	0.538940	-1.142261	1.396012	0.000000	0.000000
394.500000	0.538941	-1.142262	1.396010	0.000000	0.000000
394.510000	0.538940	-1.142263	1.396008	0.000000	0.000000
394.520000	0.538941	-1.142264	1.396006	0.000000	0.000000
394.530000	0.538941	-1.142266	1.396004	0.000000	0.000000
394.540000	0.538941	-1.142268	1.396002	0.000000	0.000000
394.550000	0.538940	-1.142272	1.396001	0.000000	0.000000
394.560000	0.538940	-1.142275	1.395999	0.000000	0.000000
394.570000	0.538940	-1.142279	1.395997	0.000000	0.000000
394.580000	0.538939	-1.142282	1.395996	0.000000	0.000000
394.590000	0.538939	-1.142285	1.395995	0.000000	0.000000
394.600000	0.538939	-1.142288	1.395993	0.000000	0.000000
394.610000	0.538941	-1.142291	1.395992	0.000000	0.000000
394.620000	0.538941	-1.142294	1.395991	0.000000	0.000000
394.630000	0.538942	-1.142296	1.395990	0.000000	0.000000
394.640000	0.538941	-1.142296	1.395989	0.000000	0.000000
394.650000	0.538940	-1.142294	1.395988	0.000000	0.000000
394.660000	0.538938	-1.142291	1.395987	0.000000	0.000000
394.670000	0.538936	-1.142286	1.395986	0.000000	0.000000
394.680000	0.538934	-1.142281	1.395985	0.000000	0.000000
394.690000	0.538932	-1.142277	1.395984	0.000000	0.000000
394.700000	0.538931	-1.142276	1.395984	0.000000	0.000000
394.710000	0.538930	-1.142275	1.395983	0.000000	0.000000
394.720000	0.538928	-1.142273	1.395982	0.000000	0.000000
394.730000	0.538925	-1.142271	1.395982	0.000000	0.000000
394.740000	0.538922	-1.142271	1.395981	0.000000	0.000000
394.750000	0.538919	-1.142271	1.395981	0.000000	0.000000
394.760000	0.538918	-1.142273	1.395980	0.000000	0.000000
394.770000	0.538915	-1.142275	1.395980	0.000000	0.000000
394.780000	0.538912	-1.142276	1.395980	0.000000	0.000000
394.790000	0.538909	-1.142276	1.395980	0.000000	0.000000
394.800000	0.538905	-1.142275	1.395979	0.000000	0.000000
394.810000	0.538899	-1.142273	1.395979	0.000000	0.000000
394.820000	0.538894	-1.142270	1.395980	0.000000	0.000000
394.830000	0.538889	-1.142267	1.395980	0.000000	0.000000
394.840000	0.538883	-1.142264	1.395980	0.000000	0.000000
394.850000	0.538877	-1.142261	1.395980	0.000000	0.000000
394.860000	0.538872	-1.142259	1.395981	0.000000	0.000000
394.870000	0.538867	-1.142258	1.395981	0.000000	0.000000
394.880000	0.538863	-1.142258	1.395981	0.000000	0.000000
394.890000	0.538858	-1.142260	1.395982	0.000000	0.000000
394.900000	0.538854	-1.142263	1.395982	0.000000	0.000000
394.910000	0.538850	-1.142266	1.395982	0.000000	0.000000
394.920000	0.538845	-1.142269	1.395983	0.000000	0.000000
394.930000	0.538840	-1.142272	1.395983	0.000000	0.000000
394.940000	0.538836	-1.142275	1.395984	0.000000	0.000000
394.950000	0.538832	-1.142276	1.395984	0.000000	0.000000
394.960000	0.538828	-1.142277	1.395984	0.000000	0.000000
394.970000	0.538823	-1.142275	1.395984	0.000000	0.000000
394.980000	0.538818	-1.142272	1.395985	0.000000	0.000000
394.990000	0.538812	-1.142268	1.395985	0.000000	0.000000
395.000000	0.538807	-1.142265	1.395985	0.000000	0.000000
395.010000	0.538803	-1.142263	1.395985	0.000000	0.000000
395.020000	0.538800	-1.142264	1.395985	0.000000	0.000000
395.030000	0.538798	-1.142268	1.395986	0.000000	0.000000
395.040000	0.538797	-1.142273	1.395986	0.000000	0.000000
395.050000	0.538797	-1.142281	1.395986	0.000000	0.000000
395.060000	0.538797	-1.142288	1.395986	0.000000	0.000000
395.070000	0.538796	-1.142293	1.395986	0.000000	0.000000
395.080000	0.538795	-1.142296	1.395987	0.000000	0.000000
395.090000	0.538792	-1.142297	1.395987	0.000000	0.000000
395.100000	0.538788	-1.142295	1.395987	0.000000	0.000000
395.110000	0.538784	-1.142291	1.395987	0.000000	0.000000
395.120000	0.538781	-1.142286	1.395988	0.000000	0.000000
395.130000	0.538777	-1.142281	1.395988	0.000000	0.000000
395.140000	0.538772	-1.142275	1.395988	0.000000	0.000000
395.150000	0.538767	-1.142267	1.395989	0.000000	0.000000
395.160000	0.538762	-1.142257	1.395989	0.000000	0.000000
395.170000	0.538756	-1.142247	1.395990	0.000000	0.000000
395.180000	0.538750	-1.142237	1.395990	0.000000	0.000000
395.190000	0.538744	-1.142228	1.395990	0.000000	0.000000
395.200000	0.538740	-1.142221	1.395990	0.000000	0.000000
395.210000	0.538737	-1.142218	1.395990	0.000000	0.000000
395.220000	0.538734	-1.142218	1.395990	0.000000	0.000000
395.230000	0.538732	-1.142220	1.395990	0.000000	0.000000
395.240000	0.538730	-1.142225	1.395990	0.000000	0.000000
395.250000	0.538729	-1.142232	1.395990	0.000000	0.000000
395.260000	0.538729	-1.142239	1.395990	0.000000	0.000000
395.270000	0.538729	-1.142244	1.395989	0.000000	0.000000
395.280000	0.538728	-1.142247	1.395988	0.000000	0.000000
395.290000	0.538726	-1.142245	1.395988	0.000000	0.000000
395.300000	0.538723	-1.142240	1.395987	0.000000	0.000000
395.310000	0.538721	-1.142237	1.395986	0.000000	0.000000
395.320000	0.538721	-1.142238	1.395984	0.000000	0.000000
395.330000	0.538721	-1.142241	1.395983	0.000000	0.000000
395.340000	0.538722	-1.142245	1.395982	0.000000	0.000000
395.350000	0.538723	-1.142251	1.395980	0.000000	0.000000
395.360000	0.538725	-1.142259	1.395978	0.000000	0.000000
395.370000	0.538727	-1.142265	1.395977	0.000000	0.000000
395.380000	0.538729	-1.142268	1.395975	0.000000	0.000000
395.390000	0.538729	-1.142266	1.395973	0.000000	0.000000
395.400000	0.538727	-1.142262	1.395971	0.000000	0.000000
395.410000	0.538725	-1.142257	1.395969	0.000000	0.000000
395.420000	0.538722	-1.142254	1.395967	0.000000	0.000000
395.430000	0.538720	-1.142254	1.395965	0.000000	0.000000
395.440000	0.538720	-1.142256	1.395962	0.000000	0.000000
395.450000	0.538719	-1.142262	1.395960	0.000000	0.000000
395.460000	0.538721	-1.142270	1.395958	0.000000	0.000000
395.470000	0.538723	-1.142279	1.395956	0.000000	0.000000
395.480000	0.538726	-1.142290	1.395955	0.000000	0.000000
395.490000	0.538730	-1.142300	1.395953	0.000000	0.000000
395.500000	0.538733	-1.142308	1.395951	0.000000	0.000000
395.510000	0.538735	-1.142314	1.395950	0.000000	0.000000
395.520000	0.538737	-1.142317	1.395948	0.000000	0.000000
395.530000	0.538739	-1.142319	1.395947	0.000000	0.000000
395.540000	0.538742	-1.142318	1.395945	0.000000	0.000000
395.550000	0.538743	-1.142313	1.395944	0.000000	0.000000
395.560000	0.538743	-1.142303	1.395943	0.000000	0.000000
395.570000	0.538741	-1.142293	1.395942	0.000000	0.000000
395.580000	0.538740	-1.142283	1.395942	0.000000	0.000000
395.590000	0.538741	-1.142277	1.395941	0.000000	0.000000
395.600000	0.538741	-1.142272	1.395940	0.000000	0.000000
395.610000	0.538742	-1.142269	1.395940	0.000000	0.000000
395.620000	0.538742	-1.142266	1.395940	0.000000	0.000000
395.630000	0.538743	-1.142263	1.395939	0.000000	0.000000
395.640000	0.538742	-1.142259	1.395939	0.000000	0.000000
395.650000	0.538742	-1.142255	1.395939	0.000000	0.000000
395.660000	0.538741	-1.142250	1.395939	0.000000	0.000000
395.670000	0.538740	-1.142245	1.395939	0.000000	0.000000
395.680000	0.538739	-1.142239	1.395939	0.000000	0.000000
395.690000	0.538737	-1.142231	1.395939	0.000000	0.000000
395.700000	0.538736	-1.142223	1.395939	0.000000	0.000000
395.710000	0.538733	-1.142212	1.395939	0.000000	0.000000
395.720000	0.538729	-1.142200	1.395939	0.000000	0.000000
395.730000	0.538725	-1.142187	1.395939	0.000000	0.000000
395.740000	0.538721	-1.142174	1.395939	0.000000	0.000000
395.750000	0.538717	-1.142161	1.395939	0.000000	0.000000
395.760000	0.538714	-1.142149	1.395939	0.000000	0.000000
395.770000	0.538712	-1.142140	1.395939	0.000000	0.000000
395.780000	0.538710	-1.142133	1.395938	0.000000	0.000000
395.790000	0.538710	-1.142128	1.395938	0.000000	0.000000
395.800000	0.538708	-1.142123	1.395938	0.000000	0.000000
395.810000	0.538708	-1.142117	1.395938	0.000000	0.000000
395.820000	0.538708	-1.142112	1.395937	0.000000	0.000000
395.830000	0.538708	-1.142108	1.395937	0.000000	0.000000
395.840000	0.538709	-1.142103	1.395936	0.000000	0.000000
395.850000	0.538707	-1.142093	1.395936	0.000000	0.000000
395.860000	0.538704	-1.142078	1.395935	0.000000	0.000000
395.870000	0.538701	-1.142064	1.395935	0.000000	0.000000
395.880000	0.538701	-1.142056	1.395934	0.000000	0.000000
395.890000	0.538701	-1.142051	1.395934	0.000000	0.000000
395.900000	0.538702	-1.142047	1.395933	0.000000	0.000000
395.910000	0.538703	-1.142042	1.395933	0.000000	0.000000
395.920000	0.538704	-1.142035	1.395932	0.000000	0.000000
395.930000	0.538703	-1.142027	1.395932	0.000000	0.000000
395.940000	0.538703	-1.142018	1.395931	0.000000	0.000000
395.950000	0.538703	-1.142009	1.395931	0.000000	0.000000
395.960000	0.538703	-1.141999	1.395930	0.000000	0.000000
395.970000	0.538702	-1.141989	1.395929	0.000000	0.000000
395.980000	0.538701	-1.141979	1.395929	0.000000	0.000000
395.990000	0.538701	-1.141969	1.395928	0.000000	0.000000
396.000000	0.538700	-1.141958	1.395927	0.000000	0.000000
396.010000	0.538700	-1.141946	1.395926	0.000000	0.000000
396.020000	0.538699	-1.141932	1.395925	0.000000	0.000000
396.030000	0.538697	-1.141916	1.395923	0.000000	0.000000
396.040000	0.538695	-1.141898	1.395922	0.000000	0.000000
396.050000	0.538694	-1.141881	1.395920	0.000000	0.000000
396.060000	0.538695	-1.141872	1.395919	0.000000	0.000000
396.070000	0.538699	-1.141869	1.395917	0.000000	0.000000
396.080000	0.538703	-1.141871	1.395915	0.000000	0.000000
396.090000	0.538707	-1.141875	1.395913	0.000000	0.000000
396.100000	0.538709	-1.141877	1.395910	0.000000	0.000000
396.110000	0.538710	-1.141876	1.395908	0.000000	0.000000
396.120000	0.538711	-1.141871	1.395905	0.000000	0.000000
396.130000	0.538710	-1.141864	1.395902	0.000000	0.000000
396.140000	0.538708	-1.141856	1.395899	0.000000	0.000000
396.150000	0.538706	-1.141849	1.395896	0.000000	0.000000
396.160000	0.538706	-1.141843	1.395893	0.000000	0.000000
396.170000	0.538705	-1.141841	1.395890	0.000000	0.000000
396.180000	0.538707	-1.141843	1.395886	0.000000	0.000000
396.190000	0.538711	-1.141851	1.395883	0.000000	0.000000
396.200000	0.538715	-1.141862	1.395880	0.000000	0.000000
396.210000	0.538721	-1.141875	1.395877	0.000000	0.000000
396.220000	0.538726	-1.141887	1.395874	0.000000	0.000000
396.230000	0.538729	-1.141898	1.395871	0.000000	0.000000
396.240000	0.538733	-1.141905	1.395868	0.000000	0.000000
396.250000	0.538736	-1.141908	1.395865	0.000000	0.000000
396.260000	0.538737	-1.141908	1.395862	0.000000	0.000000
396.270000	0.538738	-1.141907	1.395859	0.000000	0.000000
396.280000	0.538737	-1.141904	1.395857	0.000000	0.000000
396.290000	0.538735	-1.141901	1.395854	0.000000	0.000000
396.300000	0.538733	-1.141899	1.395852	0.000000	0.000000
396.310000	0.538731	-1.141900	1.395850	0.000000	0.000000
396.320000	0.538730	-1.141902	1.395847	0.000000	0.000000
396.330000	0.538731	-1.141907	1.395845	0.000000	0.000000
396.340000	0.538732	-1.141914	1.395843	0.000000	0.000000
396.350000	0.538734	-1.141921	1.395842	0.000000	0.000000
396.360000	0.538736	-1.141928	1.395840	0.000000	0.000000
396.370000	0.538737	-1.141934	1.395838	0.000000	0.000000
396.380000	0.538737	-1.141939	1.395836	0.000000	0.000000
396.390000	0.538736	-1.141944	1.395835	0.000000	0.000000
396.400000	0.538735	-1.141948	1.395833	0.000000	0.000000
396.410000	0.538733	-1.141950	1.395832	0.000000	0.000000
396.420000	0.538731	-1.141951	1.395831	0.000000	0.000000
396.430000	0.538728	-1.141951	1.395829	0.000000	0.000000
396.440000	0.538724	-1.141950	1.395828	0.000000	0.000000
396.450000	0.538721	-1.141951	1.395827	0.000000	0.000000
396.460000	0.538719	-1.141952	1.395826	0.000000	0.000000
396.470000	0.538717	-1.141954	1.395824	0.000000	0.000000
396.480000	0.538714	-1.141957	1.395823	0.000000	0.000000
396.490000	0.538711	-1.141961	1.395822	0.000000	0.000000
396.500000	0.538709	-1.141967	1.395821	0.000000	0.000000
396.510000	0.538708	-1.141973	1.395820	0.000000	0.000000
396.520000	0.538706	-1.141981	1.395819	0.000000	0.000000
396.530000	0.538705	-1.141990	1.395819	0.000000	0.000000
396.540000	0.538703	-1.141999	1.395818	0.000000	0.000000
396.550000	0.538701	-1.142008	1.395817	0.000000	0.000000
396.560000	0.538699	-1.142015	1.395816	0.000000	0.000000
396.570000	0.538697	-1.142021	1.395815	0.000000	0.000000
396.580000	0.538694	-1.142027	1.395815	0.000000	0.000000
396.590000	0.538691	-1.142031	1.395814	0.000000	0.000000
396.600000	0.538687	-1.142035	1.395813	0.000000	0.000000
396.610000	0.538684	-1.142038	1.395812	0.000000	0.000000
396.620000	0.538681	-1.142041	1.395812	0.000000	0.000000
396.630000	0.538677	-1.142044	1.395811	0.000000	0.000000
396.640000	0.538673	-1.142048	1.395810	0.000000	0.000000
396.650000	0.538669	-1.142053	1.395810	0.000000	0.000000
396.660000	0.538665	-1.142058	1.395809	0.000000	0.000000
396.670000	0.538662	-1.142065	1.395809	0.000000	0.000000
396.680000	0.538659	-1.142073	1.395808	0.000000	0.000000
396.690000	0.538658	-1.142082	1.395808	0.000000	0.000000
396.700000	0.538657	-1.142093	1.395807	0.000000	0.000000
396.710000	0.538657	-1.142103	1.395807	0.000000	0.000000
396.720000	0.538659	-1.142113	1.395807	0.000000	0.000000
396.730000	0.538660	-1.142121	1.395806	0.000000	0.000000
396.740000	0.538660	-1.142127	1.395806	0.000000	0.000000
396.750000	0.538659	-1.142132	1.395806	0.000000	0.000000
396.760000	0.538658	-1.142134	1.395806	0.000000	0.000000
396.770000	0.538657	-1.142135	1.395806	0.000000	0.000000
396.780000	0.538655	-1.142134	1.395806	0.000000	0.000000
396.790000	0.538654	-1.142131	1.395806	0.000000	0.000000
396.800000	0.538652	-1.142127	1.395806	0.000000	0.000000
396.810000	0.538649	-1.142121	1.395806	0.000000	0.000000
396.820000	0.538647	-1.142115	1.395806	0.000000	0.000000
396.830000	0.538645	-1.142111	1.395806	0.000000	0.000000
396.840000	0.538645	-1.142108	1.395807	0.000000	0.000000
396.850000	0.538645	-1.142108	1.395807	0.000000	0.000000
396.860000	0.538645	-1.142107	1.395807	0.000000	0.000000
396.870000	0.538644	-1.142106	1.395807	0.000000	0.000000
396.880000	0.538644	-1.142106	1.395807	0.000000	0.000000
396.890000	0.538645	-1.142108	1.395807	0.000000	0.000000
396.900000	0.538647	-1.142111	1.395807	0.000000	0.000000
396.910000	0.538648	-1.142115	1.395807	0.000000	0.000000
396.920000	0.538649	-1.142119	1.395807	0.000000	0.000000
396.930000	0.538651	-1.142120	1.395806	0.000000	0.000000
396.940000	0.538651	-1.142118	1.395806	0.000000	0.000000
396.950000	0.538649	-1.142111	1.395806	0.000000	0.000000
396.960000	0.538647	-1.142102	1.395806	0.000000	0.000000
396.970000	0.538645	-1.142096	1.395806	0.000000	0.000000
396.980000	0.538646	-1.142093	1.395806	0.000000	0.000000
396.990000	0.538646	-1.142093	1.395805	0.000000	0.000000
397.000000	0.538647	-1.142096	1.395805	0.000000	0.000000
397.010000	0.538649	-1.142101	1.395805	0.000000	0.000000
397.020000	0.538652	-1.142107	1.395805	0.000000	0.000000
397.030000	0.538656	-1.142110	1.395805	0.000000	0.000000
397.040000	0.538657	-1.142111	1.395805	0.000000	0.000000
397.050000	0.538656	-1.142111	1.395805	0.000000	0.000000
397.060000	0.538656	-1.142111	1.395805	0.000000	0.000000
397.070000	0.538656	-1.142114	1.395805	0.000000	0.000000
397.080000	0.538657	-1.142121	1.395805	0.000000	0.000000
397.090000	0.538657	-1.142129	1.395805	0.000000	0.000000
397.100000	0.538658	-1.142139	1.395805	0.000000	0.000000
397.110000	0.538658	-1.142148	1.395805	0.000000	0.000000
397.120000	0.538658	-1.142157	1.395805	0.000000	0.000000
397.130000	0.538657	-1.142165	1.395806	0.000000	0.000000
397.140000	0.538656	-1.142172	1.395806	0.000000	0.000000
397.150000	0.538654	-1.142178	1.395806	0.000000	0.000000
397.160000	0.538652	-1.142183	1.395807	0.000000	0.000000
397.170000	0.538649	-1.142187	1.395807	0.000000	0.000000
397.180000	0.538645	-1.142190	1.395807	0.000000	0.000000
397.190000	0.538641	-1.142193	1.395807	0.000000	0.000000
397.200000	0.538638	-1.142197	1.395808	0.000000	0.000000
397.210000	0.538635	-1.142203	1.395808	0.000000	0.000000
397.220000	0.538633	-1.142211	1.395808	0.000000	0.000000
397.230000	0.538633	-1.142221	1.395808	0.000000	0.000000
397.240000	0.538632	-1.142231	1.395808	0.000000	0.000000
397.250000	0.538630	-1.142240	1.395808	0.000000	0.000000
397.260000	0.538629	-1.142246	1.395808	0.000000	0.000000
397.270000	0.538626	-1.142248	1.395808	0.000000	0.000000
397.280000	0.538622	-1.142246	1.395808	0.000000	0.000000
397.290000	0.538617	-1.142241	1.395808	0.000000	0.000000
397.300000	0.538612	-1.142237	1.395808	0.000000	0.000000
397.310000	0.538608	-1.142235	1.395809	0.000000	0.000000
397.320000	0.538605	-1.142234	1.395809	0.000000	0.000000
397.330000	0.538602	-1.142235	1.395809	0.000000	0.000000
397.340000	0.538598	-1.142236	1.395809	0.000000	0.000000
397.350000	0.538596	-1.142237	1.395809	0.000000	0.000000
397.360000	0.538593	-1.142237	1.395809	0.000000	0.000000
397.370000	0.538590	-1.142238	1.395809	0.000000	0.000000
397.380000	0.538588	-1.142239	1.395809	0.000000	0.000000
397.390000	0.538586	-1.142242	1.395809	0.000000	0.000000
397.400000	0.538584	-1.142246	1.395809	0.000000	0.000000
397.410000	0.538583	-1.142249	1.395809	0.000000	0.000000
397.420000	0.538581	-1.142253	1.395809	0.000000	0.000000
397.430000	0.538579	-1.142256	1.395809	0.000000	0.000000
397.440000	0.538577	-1.142258	1.395809	0.000000	0.000000
397.450000	0.538576	-1.142259	1.395808	0.000000	0.000000
397.460000	0.538573	-1.142261	1.395808	0.000000	0.000000
397.470000	0.538571	-1.142262	1.395807	0.000000	0.000000
397.480000	0.538569	-1.142264	1.395807	0.000000	0.000000
397.490000	0.538567	-1.142266	1.395806	0.000000	0.000000
397.500000	0.538566	-1.142269	1.395805	0.000000	0.000000
397.510000	0.538564	-1.142273	1.395804	0.000000	0.000000
397.520000	0.538563	-1.142276	1.395802	0.000000	0.000000
397.530000	0.538561	-1.142280	1.395801	0.000000	0.000000
397.540000	0.538560	-1.142282	1.395799	0.000000	0.000000
397.550000	0.538557	-1.142285	1.395797	0.000000	0.000000
397.560000	0.538555	-1.142289	1.395796	0.000000	0.000000
397.570000	0.538553	-1.142293	1.395794	0.000000	0.000000
397.580000	0.538552	-1.142297	1.395792	0.000000	0.000000
397.590000	0.538549	-1.142299	1.395790	0.000000	0.000000
397.600000	0.538545	-1.142301	1.395787	0.000000	0.000000
397.610000	0.538543	-1.142306	1.395785	0.000000	0.000000
397.620000	0.538541	-1.142314	1.395783	0.000000	0.000000
397.630000	0.538539	-1.142323	1.395781	0.000000	0.000000
397.640000	0.538537	-1.142331	1.395779	0.000000	0.000000
397.650000	0.538537	-1.142339	1.395776	0.000000	0.000000
397.660000	0.538536	-1.142344	1.395774	0.000000	0.000000
397.670000	0.538535	-1.142346	1.395772	0.000000	0.000000
397.680000	0.538533	-1.142345	1.395770	0.000000	0.000000
397.690000	0.538531	-1.142343	1.395768	0.000000	0.000000
397.700000	0.538531	-1.142344	1.395766	0.000000	0.000000
397.710000	0.538532	-1.142345	1.395764	0.000000	0.000000
397.720000	0.538533	-1.142348	1.395762	0.000000	0.000000
397.730000	0.538533	-1.142351	1.395760	0.000000	0.000000
397.740000	0.538533	-1.142353	1.395758	0.000000	0.000000
397.750000	0.538535	-1.142354	1.395756	0.000000	0.000000
397.760000	0.538535	-1.142354	1.395755	0.000000	0.000000
397.770000	0.538535	-1.142352	1.395753	0.000000	0.000000
397.780000	0.538535	-1.142348	1.395751	0.000000	0.000000
397.790000	0.538535	-1.142342	1.395750	0.000000	0.000000
397.800000	0.538534	-1.142335	1.395748	0.000000	0.000000
397.810000	0.538533	-1.142326	1.395747	0.000000	0.000000
397.820000	0.538532	-1.142317	1.395745	0.000000	0.000000
397.830000	0.538532	-1.142306	1.395743	0.000000	0.000000
397.840000	0.538530	-1.142294	1.395742	0.000000	0.000000
397.850000	0.538527	-1.142282	1.395740	0.000000	0.000000
397.860000	0.538524	-1.142270	1.395738	0.000000	0.000000
397.870000	0.538521	-1.142259	1.395736	0.000000	0.000000
397.880000	0.538521	-1.142253	1.395735	0.000000	0.000000
397.890000	0.538522	-1.142253	1.395733	0.000000	0.000000
397.900000	0.538524	-1.142256	1.395731	0.000000	0.000000
397.910000	0.538527	-1.142263	1.395729	0.000000	0.000000
397.920000	0.538531	-1.142271	1.395726	0.000000	0.000000
397.930000	0.538535	-1.142279	1.395724	0.000000	0.000000
397.940000	0.538538	-1.142285	1.395722	0.000000	0.000000
397.950000	0.538541	-1.142289	1.395720	0.000000	0.000000
397.960000	0.538542	-1.142289	1.395717	0.000000	0.000000
397.970000	0.538543	-1.142287	1.395715	0.000000	0.000000
397.980000	0.538544	-1.142284	1.395712	0.000000	0.000000
397.990000	0.538544	-1.142278	1.395709	0.000000	0.000000
398.000000	0.538544	-1.142270	1.395707	0.000000	0.000000
398.010000	0.538543	-1.142260	1.395704	0.000000	0.000000
398.020000	0.538542	-1.142248	1.395701	0.000000	0.000000
398.030000	0.538540	-1.142235	1.395699	0.000000	0.000000
398.040000	0.538539	-1.142223	1.395696	0.000000	0.000000
398.050000	0.538539	-1.142213	1.395694	0.000000	0.000000
398.060000	0.538539	-1.142205	1.395691	0.000000	0.000000
398.070000	0.538541	-1.142200	1.395689	0.000000	0.000000
398.080000	0.538544	-1.142199	1.395687	0.000000	0.000000
398.090000	0.538546	-1.142200	1.395685	0.000000	0.000000
398.100000	0.538550	-1.142201	1.395683	0.000000	0.000000
398.110000	0.538551	-1.142201	1.395681	0.000000	0.000000
398.120000	0.538552	-1.142200	1.395679	0.000000	0.000000
398.130000	0.538554	-1.142196	1.395677	0.000000	0.000000
398.140000	0.538554	-1.142189	1.395675	0.000000	0.000000
398.150000	0.538553	-1.142180	1.395674	0.000000	0.000000
398.160000	0.538552	-1.142167	1.395672	0.000000	0.000000
398.170000	0.538549	-1.142151	1.395670	0.000000	0.000000
398.180000	0.538547	-1.142136	1.395668	0.000000	0.000000
398.190000	0.538545	-1.142123	1.395666	0.000000	0.000000
398.200000	0.538544	-1.142111	1.395664	0.000000	0.000000
398.210000	0.538543	-1.142100	1.395663	0.000000	0.000000
398.220000	0.538542	-1.142090	1.395661	0.000000	0.000000
398.230000	0.538541	-1.142079	1.395659	0.000000	0.000000
398.240000	0.538539	-1.142066	1.395657	0.000000	0.000000
398.250000	0.538538	-1.142054	1.395654	0.000000	0.000000
398.260000	0.538537	-1.142043	1.395652	0.000000	0.000000
398.270000	0.538538	-1.142037	1.395650	0.000000	0.000000
398.280000	0.538539	-1.142034	1.395647	0.000000	0.000000
398.290000	0.538542	-1.142034	1.395645	0.000000	0.000000
398.300000	0.538543	-1.142036	1.395642	0.000000	0.000000
398.310000	0.538545	-1.142038	1.395640	0.000000	0.000000
398.320000	0.538548	-1.142039	1.395637	0.000000	0.000000
398.330000	0.538550	-1.142037	1.395634	0.000000	0.000000
398.340000	0.538551	-1.142032	1.395631	0.000000	0.000000
398.350000	0.538551	-1.142024	1.395628	0.000000	0.000000
398.360000	0.538550	-1.142012	1.395624	0.000000	0.000000
398.370000	0.538549	-1.142001	1.395621	0.000000	0.000000
398.380000	0.538548	-1.141991	1.395618	0.000000	0.000000
398.390000	0.538548	-1.141985	1.395614	0.000000	0.000000
398.400000	0.538550	-1.141981	1.395611	0.000000	0.000000
398.410000	0.538553	-1.141980	1.395607	0.000000	0.000000
398.420000	0.538556	-1.141981	1.395603	0.000000	0.000000
398.430000	0.538559	-1.141983	1.395600	0.000000	0.000000
398.440000	0.538562	-1.141982	1.395596	0.000000	0.000000
398.450000	0.538564	-1.141977	1.395592	0.000000	0.000000
398.460000	0.538563	-1.141965	1.395588	0.000000	0.000000
398.470000	0.538562	-1.141952	1.395584	0.000000	0.000000
398.480000	0.538560	-1.141941	1.395581	0.000000	0.000000
398.490000	0.538561	-1.141931	1.395577	0.000000	0.000000
398.500000	0.538561	-1.141923	1.395573	0.000000	0.000000
398.510000	0.538562	-1.141916	1.395569	0.000000	0.000000
398.520000	0.538563	-1.141910	1.395564	0.000000	0.000000
398.530000	0.538563	-1.141904	1.395560	0.000000	0.000000
398.540000	0.538563	-1.141898	1.395556	0.000000	0.000000
398.550000	0.538565	-1.141895	1.395552	0.000000	0.000000
398.560000	0.538567	-1.141896	1.395547	0.000000	0.000000
398.570000	0.538570	-1.141899	1.395543	0.000000	0.000000
398.580000	0.538572	-1.141900	1.395538	0.000000	0.000000
398.590000	0.538572	-1.141898	1.395534	0.000000	0.000000
398.600000	0.538572	-1.141892	1.395529	0.000000	0.000000
398.610000	0.538573	-1.141883	1.395524	0.000000	0.000000
398.620000	0.538573	-1.141874	1.395519	0.000000	0.000000
398.630000	0.538573	-1.141865	1.395514	0.000000	0.000000
398.640000	0.538573	-1.141856	1.395509	0.000000	0.000000
398.650000	0.538574	-1.141848	1.395504	0.000000	0.000000
398.660000	0.538576	-1.141841	1.395499	0.000000	0.000000
398.670000	0.538577	-1.141836	1.395494	0.000000	0.000000
398.680000	0.538580	-1.141831	1.395489	0.000000	0.000000
398.690000	0.538582	-1.141827	1.395484	0.000000	0.000000
398.700000	0.538584	-1.141823	1.395479	0.000000	0.000000
398.710000	0.538585	-1.141819	1.395474	0.000000	0.000000
398.720000	0.538586	-1.141815	1.395469	0.000000	0.000000
398.730000	0.538587	-1.141809	1.395464	0.000000	0.000000
398.740000	0.538587	-1.141801	1.395460	0.000000	0.000000
398.750000	0.538586	-1.141789	1.395455	0.000000	0.000000
398.760000	0.538584	-1.141775	1.395450	0.000000	0.000000
398.770000	0.538583	-1.141762	1.395445	0.000000	0.000000
398.780000	0.538584	-1.141751	1.395441	0.000000	0.000000
398.790000	0.538585	-1.141743	1.395436	0.000000	0.000000
398.800000	0.538586	-1.141737	1.395432	0.000000	0.000000
398.810000	0.538587	-1.141733	1.395427	0.000000	0.000000
398.820000	0.538588	-1.141730	1.395423	0.000000	0.000000
398.830000	0.538590	-1.141727	1.395419	0.000000	0.000000
398.840000	0.538591	-1.141726	1.395415	0.000000	0.000000
398.850000	0.538592	-1.141725	1.395410	0.000000	0.000000
398.860000	0.538594	-1.141725	1.395406	0.000000	0.000000
398.870000	0.538597	-1.141726	1.395402	0.000000	0.000000
398.880000	0.538599	-1.141728	1.395398	0.000000	0.000000
398.890000	0.538601	-1.141729	1.395394	0.000000	0.000000
398.900000	0.538603	-1.141728	1.395390	0.000000	0.000000
398.910000	0.538603	-1.141725	1.395386	0.000000	0.000000
398.920000	0.538603	-1.141721	1.395382	0.000000	0.000000
398.930000	0.538602	-1.141714	1.395378	0.000000	0.000000
398.940000	0.538600	-1.141706	1.395374	0.000000	0.000000
398.950000	0.538598	-1.141699	1.395369	0.000000	0.000000
398.960000	0.538596	-1.141692	1.395365	0.000000	0.000000
398.970000	0.538595	-1.141686	1.395361	0.000000	0.000000
398.980000	0.538595	-1.141681	1.395357	0.000000	0.000000
398.990000	0.538594	-1.141677	1.395352	0.000000	0.000000
399.000000	0.538593	-1.141675	1.395348	0.000000	0.000000
399.010000	0.538592	-1.141673	1.395343	0.000000	0.000000
399.020000	0.538592	-1.141673	1.395339	0.000000	0.000000
399.030000	0.538593	-1.141675	1.395334	0.000000	0.000000
399.040000	0.538595	-1.141680	1.395329	0.000000	0.000000
399.050000	0.538597	-1.141687	1.395324	0.000000	0.000000
399.060000	0.538600	-1.141695	1.395319	0.000000	0.000000
399.070000	0.538602	-1.141702	1.395314	0.000000	0.000000
399.080000	0.538604	-1.141708	1.395309	0.000000	0.000000
399.090000	0.538605	-1.141709	1.395304	0.000000	0.000000
399.100000	0.538605	-1.141707	1.395299	0.000000	0.000000
399.110000	0.538605	-1.141702	1.395293	0.000000	0.000000
399.120000	0.538604	-1.141698	1.395288	0.000000	0.000000
399.130000	0.538605	-1.141695	1.395283	0.000000	0.000000
399.140000	0.538604	-1.141693	1.395277	0.000000	0.000000
399.150000	0.538605	-1.141693	1.395272	0.000000	0.000000
399.160000	0.538606	-1.141692	1.395266	0.000000	0.000000
399.170000	0.538605	-1.141690	1.395261	0.000000	0.000000
399.180000	0.538607	-1.141691	1.395256	0.000000	0.000000
399.190000	0.538609	-1.141698	1.395250	0.000000	0.000000
399.200000	0.538613	-1.141709	1.395245	0.000000	0.000000
399.210000	0.538616	-1.141721	1.395240	0.000000	0.000000
399.220000	0.538621	-1.141732	1.395235	0.000000	0.000000
399.230000	0.538625	-1.141739	1.395229	0.000000	0.000000
399.240000	0.538627	-1.141740	1.395224	0.000000	0.000000
399.250000	0.538629	-1.141737	1.395219	0.000000	0.000000
399.260000	0.538631	-1.141734	1.395214	0.000000	0.000000
399.270000	0.538633	-1.141732	1.395209	0.000000	0.000000
399.280000	0.538635	-1.141729	1.395205	0.000000	0.000000
399.290000	0.538637	-1.141727	1.395200	0.000000	0.000000
399.300000	0.538638	-1.141724	1.395195	0.000000	0.000000
399.310000	0.538639	-1.141723	1.395190	0.000000	0.000000
399.320000	0.538641	-1.141723	1.395186	0.000000	0.000000
399.330000	0.538645	-1.141724	1.395181	0.000000	0.000000
399.340000	0.538648	-1.141726	1.395176	0.000000	0.000000
399.350000	0.538652	-1.141726	1.395172	0.000000	0.000000
399.360000	0.538653	-1.141721	1.395167	0.000000	0.000000
399.370000	0.538654	-1.141712	1.395163	0.000000	0.000000
399.380000	0.538653	-1.141701	1.395158	0.000000	0.000000
399.390000	0.538655	-1.141695	1.395154	0.000000	0.000000
399.400000	0.538658	-1.141693	1.395149	0.000000	0.000000
399.410000	0.538663	-1.141692	1.395145	0.000000	0.000000
399.420000	0.538667	-1.141691	1.395140	0.000000	0.000000
399.430000	0.538671	-1.141687	1.395136	0.000000	0.000000
399.440000	0.538674	-1.141682	1.395131	0.000000	0.000000
399.450000	0.538676	-1.141679	1.395127	0.000000	0.000000
399.460000	0.538679	-1.141677	1.395123	0.000000	0.000000
399.470000	0.538682	-1.141674	1.395118	0.000000	0.000000
399.480000	0.538683	-1.141668	1.395114	0.000000	0.000000
399.490000	0.538683	-1.141660	1.395110	0.000000	0.000000
399.500000	0.538683	-1.141654	1.395107	0.000000	0.000000
399.510000	0.538682	-1.141651	1.395103	0.000000	0.000000
399.520000	0.538682	-1.141650	1.395100	0.000000	0.000000
399.530000	0.538681	-1.141649	1.395096	0.000000	0.000000
399.540000	0.538682	-1.141650	1.395093	0.000000	0.000000
399.550000	0.538683	-1.141652	1.395090	0.000000	0.000000
399.560000	0.538685	-1.141657	1.395086	0.000000	0.000000
399.570000	0.538689	-1.141663	1.395083	0.000000	0.000000
399.580000	0.538693	-1.141671	1.395081	0.000000	0.000000
399.590000	0.538697	-1.141679	1.395078	0.000000	0.000000
399.600000	0.538700	-1.141685	1.395075	0.000000	0.000000
399.610000	0.538703	-1.141689	1.395072	0.000000	0.000000
399.620000	0.538704	-1.141689	1.395069	0.000000	0.000000
399.630000	0.538703	-1.141686	1.395067	0.000000	0.000000
399.640000	0.538702	-1.141680	1.395064	0.000000	0.000000
399.650000	0.538701	-1.141676	1.395061	0.000000	0.000000
399.660000	0.538701	-1.141676	1.395059	0.000000	0.000000
399.670000	0.538702	-1.141679	1.395057	0.000000	0.000000
399.680000	0.538704	-1.141683	1.395054	0.000000	0.000000
399.690000	0.538705	-1.141687	1.395052	0.000000	0.000000
399.700000	0.538706	-1.141691	1.395050	0.000000	0.000000
399.710000	0.538707	-1.141695	1.395048	0.000000	0.000000
399.720000	0.538710	-1.141700	1.395047	0.000000	0.000000
399.730000	0.538713	-1.141705	1.395045	0.000000	0.000000
399.740000	0.538717	-1.141712	1.395044	0.000000	0.000000
399.750000	0.538720	-1.141718	1.395043	0.000000	0.000000
399.760000	0.538723	-1.141722	1.395042	0.000000	0.000000
399.770000	0.538725	-1.141723	1.395041	0.000000	0.000000
399.780000	0.538726	-1.141719	1.395040	0.000000	0.000000
399.790000	0.538726	-1.141712	1.395039	0.000000	0.000000
399.800000	0.538726	-1.141702	1.395039	0.000000	0.000000
399.810000	0.538726	-1.141693	1.395039	0.000000	0.000000
399.820000	0.538726	-1.141685	1.395038	0.000000	0.000000
399.830000	0.538727	-1.141677	1.395038	0.000000	0.000000
399.840000	0.538728	-1.141671	1.395038	0.000000	0.000000
399.850000	0.538729	-1.141665	1.395038	0.000000	0.000000
399.860000	0.538731	-1.141659	1.395038	0.000000	0.000000
399.870000	0.538733	-1.141652	1.395038	0.000000	0.000000
399.880000	0.538736	-1.141646	1.395039	0.000000	0.000000
399.890000	0.538738	-1.141641	1.395039	0.000000	0.000000
399.900000	0.538740	-1.141637	1.395039	0.000000	0.000000
399.910000	0.538742	-1.141633	1.395039	0.000000	0.000000
399.920000	0.538745	-1.141630	1.395039	0.000000	0.000000
399.930000	0.538747	-1.141627	1.395040	0.000000	0.000000
399.940000	0.538748	-1.141623	1.395040	0.000000	0.000000
399.950000	0.538749	-1.141620	1.395040	0.000000	0.000000
399.960000	0.538750	-1.141616	1.395040	0.000000	0.000000
399.970000	0.538751	-1.141613	1.395040	0.000000	0.000000
399.980000	0.538753	-1.141611	1.395040	0.000000	0.000000
399.990000	0.538755	-1.141610	1.395040	0.000000	0.000000
