t	Ecin	Epot	Rg	buf4	buf5
10000.000000	0.497782	0.508980	0.795912	0.654752	-0.001275
10001.000000	0.497788	0.509000	0.795934	0.654791	-0.001317
10002.000000	0.497802	0.509012	0.795924	0.654776	-0.001338
10003.000000	0.497797	0.509042	0.795914	0.654760	-0.001341
10004.000000	0.497828	0.509073	0.795925	0.654777	-0.001313
10005.000000	0.497827	0.509042	0.795918	0.654765	-0.001331
10006.000000	0.497819	0.509021	0.795921	0.654768	-0.001368
10007.000000	0.497824	0.509027	0.795925	0.654771	-0.001379
10008.000000	0.497828	0.509002	0.795922	0.654765	-0.001338
10009.000000	0.497822	0.509016	0.795929	0.654775	-0.001277
10010.000000	0.497807	0.509006	0.795940	0.654793	-0.001232
10011.000000	0.497806	0.509007	0.795943	0.654797	-0.001228
10012.000000	0.497815	0.509034	0.795945	0.654798	-0.001270
10013.000000	0.497825	0.509050	0.795934	0.654780	-0.001295
10014.000000	0.497836	0.509046	0.795932	0.654776	-0.001321
10015.000000	0.497836	0.509054	0.795951	0.654808	-0.001346
10016.000000	0.497833	0.509019	0.795945	0.654797	-0.001375
10017.000000	0.497824	0.509013	0.795954	0.654810	-0.001423
10018.000000	0.497842	0.509040	0.795978	0.654853	-0.001458
10019.000000	0.497890	0.509080	0.795963	0.654831	-0.001452
10020.000000	0.497908	0.509120	0.795950	0.654810	-0.001419
10021.000000	0.497897	0.509154	0.795927	0.654776	-0.001400
10022.000000	0.497888	0.509158	0.795912	0.654753	-0.001405
10023.000000	0.497884	0.509152	0.795917	0.654760	-0.001435
10024.000000	0.497873	0.509150	0.795919	0.654762	-0.001478
10025.000000	0.497884	0.509167	0.795911	0.654748	-0.001502
10026.000000	0.497888	0.509198	0.795891	0.654718	-0.001490
10027.000000	0.497885	0.509176	0.795876	0.654695	-0.001462
10028.000000	0.497872	0.509161	0.795861	0.654671	-0.001457
10029.000000	0.497867	0.509151	0.795862	0.654671	-0.001488
10030.000000	0.497847	0.509126	0.795866	0.654677	-0.001525
10031.000000	0.497825	0.509122	0.795864	0.654670	-0.001534
10032.000000	0.497807	0.509131	0.795873	0.654684	-0.001524
10033.000000	0.497791	0.509135	0.795883	0.654699	-0.001513
10034.000000	0.497797	0.509130	0.795869	0.654677	-0.001523
10035.000000	0.497830	0.509115	0.795881	0.654698	-0.001575
10036.000000	0.497851	0.509107	0.795869	0.654678	-0.001608
10037.000000	0.497848	0.509088	0.795862	0.654665	-0.001653
10038.000000	0.497836	0.509086	0.795856	0.654654	-0.001694
10039.000000	0.497818	0.509063	0.795860	0.654658	-0.001743
10040.000000	0.497806	0.509038	0.795858	0.654654	-0.001776
10041.000000	0.497799	0.509026	0.795862	0.654659	-0.001810
10042.000000	0.497793	0.509020	0.795858	0.654650	-0.001821
10043.000000	0.497784	0.509001	0.795839	0.654622	-0.001814
10044.000000	0.497786	0.508977	0.795841	0.654625	-0.001865
10045.000000	0.497774	0.508980	0.795863	0.654664	-0.001940
10046.000000	0.497788	0.508997	0.795860	0.654658	-0.001938
10047.000000	0.497799	0.509000	0.795861	0.654657	-0.001906
10048.000000	0.497800	0.508990	0.795851	0.654640	-0.001875
10049.000000	0.497814	0.508972	0.795834	0.654615	-0.001884
10050.000000	0.497822	0.508985	0.795819	0.654591	-0.001923
10051.000000	0.497827	0.508974	0.795798	0.654561	-0.001934
10052.000000	0.497842	0.508960	0.795789	0.654546	-0.001918
10053.000000	0.497846	0.508984	0.795805	0.654574	-0.001888
10054.000000	0.497841	0.508975	0.795799	0.654563	-0.001888
10055.000000	0.497844	0.508969	0.795786	0.654541	-0.001910
10056.000000	0.497855	0.508963	0.795778	0.654527	-0.001898
10057.000000	0.497854	0.508952	0.795790	0.654547	-0.001851
10058.000000	0.497835	0.508923	0.795811	0.654582	-0.001820
10059.000000	0.497866	0.508922	0.795812	0.654583	-0.001841
10060.000000	0.497857	0.508908	0.795819	0.654592	-0.001901
10061.000000	0.497829	0.508887	0.795812	0.654579	-0.001946
10062.000000	0.497829	0.508870	0.795830	0.654611	-0.002016
10063.000000	0.497842	0.508853	0.795816	0.654592	-0.002043
10064.000000	0.497847	0.508876	0.795808	0.654577	-0.002049
10065.000000	0.497840	0.508858	0.795798	0.654561	-0.002022
10066.000000	0.497854	0.508844	0.795780	0.654534	-0.001996
10067.000000	0.497849	0.508832	0.795769	0.654515	-0.002007
10068.000000	0.497832	0.508807	0.795769	0.654514	-0.002030
10069.000000	0.497826	0.508783	0.795761	0.654500	-0.002012
10070.000000	0.497820	0.508754	0.795783	0.654539	-0.001945
10071.000000	0.497799	0.508739	0.795797	0.654561	-0.001883
10072.000000	0.497783	0.508731	0.795775	0.654529	-0.001870
10073.000000	0.497786	0.508704	0.795756	0.654500	-0.001871
10074.000000	0.497791	0.508708	0.795755	0.654498	-0.001827
10075.000000	0.497779	0.508706	0.795766	0.654515	-0.001766
10076.000000	0.497759	0.508688	0.795788	0.654551	-0.001684
10077.000000	0.497742	0.508678	0.795816	0.654603	-0.001613
10078.000000	0.497754	0.508716	0.795848	0.654663	-0.001541
10079.000000	0.497746	0.508719	0.795865	0.654690	-0.001514
10080.000000	0.497727	0.508720	0.795886	0.654727	-0.001470
10081.000000	0.497727	0.508689	0.795890	0.654731	-0.001419
10082.000000	0.497724	0.508673	0.795893	0.654733	-0.001399
10083.000000	0.497720	0.508650	0.795899	0.654741	-0.001433
10084.000000	0.497718	0.508634	0.795918	0.654774	-0.001507
10085.000000	0.497727	0.508646	0.795931	0.654795	-0.001566
10086.000000	0.497749	0.508660	0.795951	0.654830	-0.001619
10087.000000	0.497778	0.508647	0.795945	0.654819	-0.001613
10088.000000	0.497790	0.508634	0.795967	0.654857	-0.001579
10089.000000	0.497794	0.508620	0.795968	0.654857	-0.001578
10090.000000	0.497811	0.508641	0.795958	0.654841	-0.001584
10091.000000	0.497805	0.508656	0.795938	0.654811	-0.001595
10092.000000	0.497795	0.508657	0.795936	0.654805	-0.001586
10093.000000	0.497790	0.508658	0.795929	0.654793	-0.001613
10094.000000	0.497804	0.508701	0.795917	0.654774	-0.001647
10095.000000	0.497814	0.508700	0.795923	0.654781	-0.001630
10096.000000	0.497844	0.508724	0.795917	0.654771	-0.001618
10097.000000	0.497834	0.508736	0.795905	0.654750	-0.001621
10098.000000	0.497833	0.508772	0.795909	0.654755	-0.001617
10099.000000	0.497846	0.508802	0.795909	0.654754	-0.001625
10100.000000	0.497841	0.508783	0.795914	0.654761	-0.001636
10101.000000	0.497843	0.508755	0.795903	0.654742	-0.001666
10102.000000	0.497820	0.508739	0.795893	0.654726	-0.001675
10103.000000	0.497802	0.508717	0.795889	0.654717	-0.001651
10104.000000	0.497811	0.508724	0.795889	0.654715	-0.001655
10105.000000	0.497829	0.508729	0.795872	0.654690	-0.001680
10106.000000	0.497811	0.508699	0.795857	0.654666	-0.001674
10107.000000	0.497798	0.508680	0.795838	0.654638	-0.001691
10108.000000	0.497797	0.508664	0.795810	0.654598	-0.001709
10109.000000	0.497810	0.508685	0.795785	0.654563	-0.001731
10110.000000	0.497813	0.508707	0.795768	0.654538	-0.001737
10111.000000	0.497814	0.508683	0.795756	0.654518	-0.001720
10112.000000	0.497835	0.508664	0.795758	0.654520	-0.001723
10113.000000	0.497841	0.508676	0.795756	0.654515	-0.001767
10114.000000	0.497843	0.508719	0.795756	0.654513	-0.001811
10115.000000	0.497838	0.508733	0.795771	0.654538	-0.001835
10116.000000	0.497829	0.508724	0.795784	0.654559	-0.001861
10117.000000	0.497814	0.508725	0.795775	0.654543	-0.001884
10118.000000	0.497808	0.508724	0.795764	0.654525	-0.001877
10119.000000	0.497826	0.508725	0.795764	0.654525	-0.001829
10120.000000	0.497828	0.508714	0.795774	0.654540	-0.001786
10121.000000	0.497841	0.508725	0.795779	0.654545	-0.001823
10122.000000	0.497851	0.508776	0.795791	0.654565	-0.001868
10123.000000	0.497853	0.508792	0.795787	0.654557	-0.001903
10124.000000	0.497851	0.508798	0.795776	0.654539	-0.001938
10125.000000	0.497855	0.508785	0.795777	0.654539	-0.001922
10126.000000	0.497875	0.508782	0.795795	0.654568	-0.001865
10127.000000	0.497895	0.508780	0.795793	0.654565	-0.001822
10128.000000	0.497890	0.508771	0.795786	0.654552	-0.001806
10129.000000	0.497871	0.508750	0.795777	0.654537	-0.001789
10130.000000	0.497862	0.508748	0.795776	0.654532	-0.001785
10131.000000	0.497863	0.508750	0.795769	0.654521	-0.001818
10132.000000	0.497869	0.508737	0.795786	0.654548	-0.001859
10133.000000	0.497859	0.508727	0.795798	0.654568	-0.001880
10134.000000	0.497860	0.508709	0.795797	0.654564	-0.001870
10135.000000	0.497846	0.508693	0.795794	0.654557	-0.001847
10136.000000	0.497830	0.508660	0.795808	0.654581	-0.001821
10137.000000	0.497829	0.508666	0.795809	0.654581	-0.001837
10138.000000	0.497821	0.508671	0.795795	0.654558	-0.001855
10139.000000	0.497815	0.508672	0.795789	0.654547	-0.001879
10140.000000	0.497807	0.508689	0.795801	0.654567	-0.001933
10141.000000	0.497813	0.508729	0.795826	0.654610	-0.002005
10142.000000	0.497811	0.508738	0.795827	0.654610	-0.002037
10143.000000	0.497814	0.508730	0.795844	0.654640	-0.002058
10144.000000	0.497810	0.508728	0.795859	0.654664	-0.002067
10145.000000	0.497807	0.508736	0.795880	0.654700	-0.002102
10146.000000	0.497810	0.508723	0.795899	0.654733	-0.002122
10147.000000	0.497802	0.508707	0.795888	0.654716	-0.002128
10148.000000	0.497831	0.508689	0.795874	0.654693	-0.002138
10149.000000	0.497851	0.508713	0.795878	0.654699	-0.002168
10150.000000	0.497880	0.508751	0.795892	0.654722	-0.002205
10151.000000	0.497920	0.508761	0.795893	0.654723	-0.002178
10152.000000	0.497944	0.508806	0.795917	0.654765	-0.002134
10153.000000	0.497924	0.508796	0.795924	0.654775	-0.002092
10154.000000	0.497921	0.508815	0.795935	0.654791	-0.002032
10155.000000	0.497941	0.508806	0.795926	0.654778	-0.002054
10156.000000	0.497929	0.508789	0.795935	0.654792	-0.002113
10157.000000	0.497931	0.508790	0.795929	0.654780	-0.002131
10158.000000	0.497919	0.508784	0.795935	0.654787	-0.002140
10159.000000	0.497909	0.508753	0.795947	0.654806	-0.002140
10160.000000	0.497899	0.508767	0.795949	0.654808	-0.002135
10161.000000	0.497902	0.508767	0.795949	0.654806	-0.002141
10162.000000	0.497902	0.508754	0.795939	0.654791	-0.002157
10163.000000	0.497886	0.508721	0.795933	0.654780	-0.002192
10164.000000	0.497867	0.508692	0.795937	0.654785	-0.002229
10165.000000	0.497870	0.508673	0.795919	0.654757	-0.002241
10166.000000	0.497896	0.508694	0.795932	0.654779	-0.002227
10167.000000	0.497929	0.508680	0.795926	0.654769	-0.002230
10168.000000	0.497946	0.508679	0.795935	0.654782	-0.002235
10169.000000	0.497953	0.508654	0.795927	0.654768	-0.002216
10170.000000	0.497946	0.508626	0.795936	0.654783	-0.002167
10171.000000	0.497933	0.508611	0.795949	0.654802	-0.002158
10172.000000	0.497942	0.508659	0.795935	0.654781	-0.002135
10173.000000	0.497943	0.508700	0.795929	0.654771	-0.002103
10174.000000	0.497946	0.508758	0.795920	0.654755	-0.002091
10175.000000	0.497956	0.508783	0.795931	0.654772	-0.002048
10176.000000	0.497960	0.508782	0.795946	0.654798	-0.001988
10177.000000	0.497963	0.508805	0.795940	0.654787	-0.001971
10178.000000	0.497977	0.508813	0.795937	0.654780	-0.001959
10179.000000	0.497985	0.508823	0.795930	0.654768	-0.001948
10180.000000	0.498005	0.508812	0.795940	0.654785	-0.001893
10181.000000	0.498026	0.508810	0.795942	0.654788	-0.001851
10182.000000	0.498026	0.508792	0.795947	0.654795	-0.001877
10183.000000	0.498009	0.508760	0.795951	0.654799	-0.001903
10184.000000	0.497988	0.508723	0.795958	0.654810	-0.001938
10185.000000	0.497976	0.508719	0.795960	0.654811	-0.001956
10186.000000	0.497965	0.508729	0.795956	0.654803	-0.001994
10187.000000	0.497960	0.508764	0.795961	0.654809	-0.002034
10188.000000	0.497960	0.508819	0.795972	0.654826	-0.002049
10189.000000	0.497958	0.508847	0.796003	0.654884	-0.002057
10190.000000	0.497964	0.508841	0.795994	0.654871	-0.002056
10191.000000	0.497969	0.508853	0.795982	0.654852	-0.002042
10192.000000	0.497968	0.508831	0.795973	0.654836	-0.002033
10193.000000	0.497950	0.508827	0.795952	0.654806	-0.002023
10194.000000	0.497930	0.508805	0.795944	0.654792	-0.002003
10195.000000	0.497916	0.508779	0.795940	0.654784	-0.001964
10196.000000	0.497911	0.508786	0.795925	0.654760	-0.001929
10197.000000	0.497925	0.508845	0.795925	0.654759	-0.001903
10198.000000	0.497915	0.508868	0.795924	0.654757	-0.001909
10199.000000	0.497904	0.508850	0.795917	0.654745	-0.001941
10200.000000	0.497890	0.508841	0.795903	0.654723	-0.001952
10201.000000	0.497872	0.508819	0.795888	0.654699	-0.001939
10202.000000	0.497862	0.508799	0.795883	0.654690	-0.001942
10203.000000	0.497848	0.508796	0.795885	0.654691	-0.001926
10204.000000	0.497852	0.508789	0.795911	0.654736	-0.001927
10205.000000	0.497869	0.508773	0.795924	0.654761	-0.001967
10206.000000	0.497902	0.508773	0.795923	0.654760	-0.001936
10207.000000	0.497917	0.508778	0.795916	0.654748	-0.001908
10208.000000	0.497922	0.508776	0.795903	0.654728	-0.001920
10209.000000	0.497909	0.508755	0.795919	0.654754	-0.001990
10210.000000	0.497898	0.508768	0.795928	0.654766	-0.002053
10211.000000	0.497917	0.508833	0.795923	0.654757	-0.002087
10212.000000	0.497899	0.508831	0.795924	0.654758	-0.002131
10213.000000	0.497889	0.508817	0.795940	0.654784	-0.002169
10214.000000	0.497881	0.508818	0.795957	0.654812	-0.002187
10215.000000	0.497907	0.508850	0.795945	0.654793	-0.002172
10216.000000	0.497913	0.508866	0.795926	0.654765	-0.002184
10217.000000	0.497911	0.508838	0.795928	0.654766	-0.002238
10218.000000	0.497901	0.508812	0.795912	0.654742	-0.002242
10219.000000	0.497899	0.508812	0.795910	0.654737	-0.002233
10220.000000	0.497889	0.508783	0.795928	0.654767	-0.002275
10221.000000	0.497879	0.508749	0.795939	0.654785	-0.002325
10222.000000	0.497875	0.508722	0.795937	0.654780	-0.002312
10223.000000	0.497874	0.508727	0.795958	0.654817	-0.002269
10224.000000	0.497863	0.508726	0.795976	0.654846	-0.002269
10225.000000	0.497853	0.508724	0.795995	0.654878	-0.002319
10226.000000	0.497852	0.508723	0.795982	0.654859	-0.002322
10227.000000	0.497843	0.508722	0.795983	0.654859	-0.002295
10228.000000	0.497869	0.508758	0.795972	0.654840	-0.002287
10229.000000	0.497914	0.508836	0.795970	0.654835	-0.002309
10230.000000	0.497918	0.508844	0.795962	0.654823	-0.002335
10231.000000	0.497903	0.508815	0.795950	0.654803	-0.002339
10232.000000	0.497889	0.508794	0.795928	0.654772	-0.002325
10233.000000	0.497875	0.508805	0.795926	0.654768	-0.002293
10234.000000	0.497861	0.508803	0.795940	0.654790	-0.002246
10235.000000	0.497867	0.508825	0.795961	0.654825	-0.002183
10236.000000	0.497876	0.508844	0.795951	0.654809	-0.002176
10237.000000	0.497880	0.508882	0.795935	0.654785	-0.002201
10238.000000	0.497892	0.508907	0.795926	0.654769	-0.002223
10239.000000	0.497889	0.508927	0.795923	0.654764	-0.002240
10240.000000	0.497901	0.508928	0.795914	0.654749	-0.002234
10241.000000	0.497898	0.508931	0.795905	0.654734	-0.002216
10242.000000	0.497919	0.508937	0.795892	0.654713	-0.002191
10243.000000	0.497929	0.508944	0.795895	0.654716	-0.002201
10244.000000	0.497932	0.508947	0.795910	0.654740	-0.002196
10245.000000	0.497940	0.508935	0.795895	0.654718	-0.002183
10246.000000	0.497960	0.508939	0.795896	0.654718	-0.002209
10247.000000	0.497977	0.508956	0.795882	0.654697	-0.002222
10248.000000	0.497980	0.508977	0.795877	0.654686	-0.002195
10249.000000	0.498010	0.509031	0.795873	0.654679	-0.002191
10250.000000	0.498063	0.509065	0.795881	0.654691	-0.002213
10251.000000	0.498080	0.509093	0.795870	0.654673	-0.002199
10252.000000	0.498072	0.509080	0.795872	0.654673	-0.002197
10253.000000	0.498081	0.509079	0.795881	0.654688	-0.002240
10254.000000	0.498066	0.509076	0.795888	0.654697	-0.002292
10255.000000	0.498049	0.509059	0.795889	0.654696	-0.002351
10256.000000	0.498046	0.509039	0.795882	0.654684	-0.002362
10257.000000	0.498046	0.509040	0.795883	0.654684	-0.002331
10258.000000	0.498057	0.509037	0.795878	0.654674	-0.002331
10259.000000	0.498106	0.509095	0.795863	0.654650	-0.002346
10260.000000	0.498114	0.509135	0.795853	0.654635	-0.002313
10261.000000	0.498104	0.509137	0.795831	0.654603	-0.002305
10262.000000	0.498114	0.509140	0.795843	0.654622	-0.002359
10263.000000	0.498108	0.509152	0.795854	0.654639	-0.002397
10264.000000	0.498115	0.509133	0.795871	0.654668	-0.002434
10265.000000	0.498102	0.509093	0.795868	0.654662	-0.002431
10266.000000	0.498071	0.509068	0.795876	0.654673	-0.002388
10267.000000	0.498077	0.509062	0.795867	0.654657	-0.002374
10268.000000	0.498084	0.509033	0.795853	0.654636	-0.002391
10269.000000	0.498086	0.509023	0.795850	0.654630	-0.002420
10270.000000	0.498073	0.509020	0.795825	0.654595	-0.002414
10271.000000	0.498076	0.509039	0.795812	0.654574	-0.002403
10272.000000	0.498054	0.509030	0.795818	0.654583	-0.002380
10273.000000	0.498044	0.509054	0.795837	0.654616	-0.002316
10274.000000	0.498028	0.509053	0.795853	0.654642	-0.002246
10275.000000	0.498027	0.509036	0.795861	0.654654	-0.002188
10276.000000	0.498013	0.508997	0.795888	0.654703	-0.002133
10277.000000	0.497999	0.508962	0.795889	0.654704	-0.002102
10278.000000	0.498022	0.508941	0.795876	0.654683	-0.002096
10279.000000	0.498045	0.508963	0.795871	0.654674	-0.002122
10280.000000	0.498074	0.508961	0.795868	0.654668	-0.002140
10281.000000	0.498069	0.508929	0.795851	0.654642	-0.002129
10282.000000	0.498070	0.508917	0.795847	0.654635	-0.002125
10283.000000	0.498099	0.508916	0.795848	0.654635	-0.002147
10284.000000	0.498108	0.508903	0.795831	0.654610	-0.002160
10285.000000	0.498132	0.508936	0.795823	0.654597	-0.002146
10286.000000	0.498140	0.508948	0.795825	0.654599	-0.002105
10287.000000	0.498163	0.508956	0.795830	0.654605	-0.002087
10288.000000	0.498173	0.508982	0.795806	0.654572	-0.002097
10289.000000	0.498177	0.509023	0.795789	0.654546	-0.002108
10290.000000	0.498169	0.509015	0.795782	0.654535	-0.002070
10291.000000	0.498149	0.508991	0.795795	0.654554	-0.002016
10292.000000	0.498162	0.508998	0.795795	0.654554	-0.001975
10293.000000	0.498160	0.509019	0.795790	0.654544	-0.001980
10294.000000	0.498143	0.509021	0.795787	0.654538	-0.002015
10295.000000	0.498132	0.509013	0.795792	0.654545	-0.002058
10296.000000	0.498140	0.508998	0.795794	0.654547	-0.002062
10297.000000	0.498158	0.509000	0.795793	0.654542	-0.002044
10298.000000	0.498178	0.508998	0.795788	0.654534	-0.002063
10299.000000	0.498171	0.509008	0.795793	0.654539	-0.002090
10300.000000	0.498178	0.509023	0.795818	0.654585	-0.002090
10301.000000	0.498191	0.509010	0.795812	0.654574	-0.002064
10302.000000	0.498190	0.508987	0.795790	0.654542	-0.002052
10303.000000	0.498201	0.509004	0.795778	0.654524	-0.002072
10304.000000	0.498207	0.508995	0.795773	0.654514	-0.002116
10305.000000	0.498215	0.508971	0.795760	0.654495	-0.002100
10306.000000	0.498233	0.508991	0.795769	0.654507	-0.002048
10307.000000	0.498246	0.509033	0.795764	0.654499	-0.002027
10308.000000	0.498241	0.509097	0.795771	0.654508	-0.001983
10309.000000	0.498249	0.509142	0.795779	0.654520	-0.001958
10310.000000	0.498225	0.509122	0.795774	0.654511	-0.001954
10311.000000	0.498199	0.509101	0.795757	0.654484	-0.001964
10312.000000	0.498198	0.509078	0.795753	0.654478	-0.002000
10313.000000	0.498192	0.509053	0.795768	0.654504	-0.002030
10314.000000	0.498192	0.509046	0.795769	0.654502	-0.002062
10315.000000	0.498233	0.509124	0.795798	0.654557	-0.002123
10316.000000	0.498239	0.509173	0.795821	0.654597	-0.002194
10317.000000	0.498246	0.509202	0.795844	0.654638	-0.002263
10318.000000	0.498250	0.509248	0.795849	0.654645	-0.002265
10319.000000	0.498259	0.509256	0.795849	0.654642	-0.002220
10320.000000	0.498281	0.509253	0.795838	0.654625	-0.002200
10321.000000	0.498270	0.509231	0.795843	0.654630	-0.002221
10322.000000	0.498280	0.509227	0.795866	0.654671	-0.002235
10323.000000	0.498271	0.509214	0.795890	0.654714	-0.002254
10324.000000	0.498274	0.509211	0.795885	0.654705	-0.002258
10325.000000	0.498282	0.509258	0.795864	0.654674	-0.002277
10326.000000	0.498287	0.509292	0.795864	0.654673	-0.002325
10327.000000	0.498293	0.509339	0.795879	0.654698	-0.002393
10328.000000	0.498313	0.509354	0.795890	0.654716	-0.002449
10329.000000	0.498366	0.509360	0.795890	0.654715	-0.002436
10330.000000	0.498367	0.509371	0.795883	0.654702	-0.002404
10331.000000	0.498363	0.509360	0.795886	0.654705	-0.002394
10332.000000	0.498368	0.509354	0.795882	0.654698	-0.002413
10333.000000	0.498383	0.509336	0.795906	0.654738	-0.002423
10334.000000	0.498394	0.509317	0.795913	0.654749	-0.002409
10335.000000	0.498380	0.509297	0.795927	0.654770	-0.002382
10336.000000	0.498368	0.509270	0.795940	0.654791	-0.002375
10337.000000	0.498374	0.509245	0.795965	0.654838	-0.002370
10338.000000	0.498375	0.509217	0.795977	0.654856	-0.002414
10339.000000	0.498388	0.509216	0.795967	0.654839	-0.002446
10340.000000	0.498390	0.509192	0.795981	0.654861	-0.002450
10341.000000	0.498387	0.509184	0.795980	0.654859	-0.002415
10342.000000	0.498378	0.509181	0.795988	0.654871	-0.002374
10343.000000	0.498369	0.509195	0.796013	0.654916	-0.002317
10344.000000	0.498351	0.509176	0.796032	0.654949	-0.002267
10345.000000	0.498345	0.509175	0.796018	0.654926	-0.002249
10346.000000	0.498319	0.509145	0.795996	0.654895	-0.002237
10347.000000	0.498322	0.509124	0.795984	0.654875	-0.002231
10348.000000	0.498321	0.509127	0.795961	0.654842	-0.002231
10349.000000	0.498328	0.509207	0.795950	0.654824	-0.002209
10350.000000	0.498320	0.509223	0.795942	0.654810	-0.002184
10351.000000	0.498318	0.509200	0.795928	0.654788	-0.002170
10352.000000	0.498311	0.509179	0.795926	0.654783	-0.002155
10353.000000	0.498317	0.509182	0.795947	0.654819	-0.002101
10354.000000	0.498323	0.509175	0.795941	0.654811	-0.002061
10355.000000	0.498316	0.509185	0.795920	0.654779	-0.002053
10356.000000	0.498304	0.509172	0.795922	0.654781	-0.002032
10357.000000	0.498298	0.509184	0.795941	0.654814	-0.002027
10358.000000	0.498291	0.509171	0.795931	0.654797	-0.002010
10359.000000	0.498277	0.509148	0.795944	0.654819	-0.001943
10360.000000	0.498274	0.509150	0.795967	0.654861	-0.001866
10361.000000	0.498307	0.509171	0.795981	0.654883	-0.001827
10362.000000	0.498314	0.509166	0.795987	0.654892	-0.001804
10363.000000	0.498310	0.509173	0.796003	0.654919	-0.001748
10364.000000	0.498301	0.509212	0.795994	0.654903	-0.001723
10365.000000	0.498295	0.509223	0.795974	0.654874	-0.001719
10366.000000	0.498285	0.509220	0.795956	0.654847	-0.001722
10367.000000	0.498285	0.509205	0.795939	0.654821	-0.001687
10368.000000	0.498294	0.509205	0.795918	0.654791	-0.001694
10369.000000	0.498318	0.509259	0.795926	0.654805	-0.001742
10370.000000	0.498328	0.509298	0.795943	0.654832	-0.001755
10371.000000	0.498338	0.509324	0.795931	0.654813	-0.001740
10372.000000	0.498334	0.509329	0.795907	0.654779	-0.001732
10373.000000	0.498324	0.509313	0.795898	0.654765	-0.001768
10374.000000	0.498310	0.509285	0.795888	0.654747	-0.001788
10375.000000	0.498309	0.509291	0.795904	0.654777	-0.001801
10376.000000	0.498308	0.509304	0.795928	0.654819	-0.001781
10377.000000	0.498312	0.509296	0.795946	0.654848	-0.001732
10378.000000	0.498336	0.509298	0.795948	0.654851	-0.001699
10379.000000	0.498334	0.509292	0.795945	0.654845	-0.001717
10380.000000	0.498319	0.509289	0.795953	0.654856	-0.001773
10381.000000	0.498298	0.509261	0.795975	0.654894	-0.001833
10382.000000	0.498308	0.509260	0.795983	0.654907	-0.001839
10383.000000	0.498324	0.509253	0.795986	0.654910	-0.001874
10384.000000	0.498343	0.509282	0.795977	0.654896	-0.001917
10385.000000	0.498343	0.509291	0.795957	0.654867	-0.001936
10386.000000	0.498327	0.509264	0.795965	0.654878	-0.001969
10387.000000	0.498315	0.509233	0.795968	0.654881	-0.001991
10388.000000	0.498291	0.509211	0.795977	0.654894	-0.001970
10389.000000	0.498292	0.509204	0.795980	0.654897	-0.001927
10390.000000	0.498285	0.509190	0.795997	0.654925	-0.001892
10391.000000	0.498266	0.509159	0.796007	0.654940	-0.001918
10392.000000	0.498241	0.509141	0.796021	0.654963	-0.001953
10393.000000	0.498226	0.509136	0.796036	0.654986	-0.001974
10394.000000	0.498229	0.509149	0.796049	0.655008	-0.001970
10395.000000	0.498240	0.509161	0.796062	0.655028	-0.001945
10396.000000	0.498257	0.509191	0.796047	0.655006	-0.001936
10397.000000	0.498261	0.509210	0.796043	0.654998	-0.001952
10398.000000	0.498258	0.509219	0.796033	0.654982	-0.001952
10399.000000	0.498266	0.509192	0.796030	0.654976	-0.001942
10400.000000	0.498266	0.509184	0.796036	0.654985	-0.001945
10401.000000	0.498268	0.509201	0.796035	0.654981	-0.001972
10402.000000	0.498257	0.509188	0.796025	0.654964	-0.001988
10403.000000	0.498249	0.509220	0.796006	0.654935	-0.001989
10404.000000	0.498279	0.509222	0.795990	0.654911	-0.002021
10405.000000	0.498288	0.509217	0.796014	0.654953	-0.002089
10406.000000	0.498290	0.509190	0.796022	0.654966	-0.002149
10407.000000	0.498283	0.509170	0.796003	0.654938	-0.002138
10408.000000	0.498267	0.509163	0.795983	0.654908	-0.002111
10409.000000	0.498251	0.509159	0.795967	0.654884	-0.002079
10410.000000	0.498240	0.509175	0.795988	0.654919	-0.002018
10411.000000	0.498261	0.509206	0.795979	0.654906	-0.001985
10412.000000	0.498264	0.509213	0.795983	0.654913	-0.002027
10413.000000	0.498255	0.509211	0.796003	0.654949	-0.002096
10414.000000	0.498256	0.509214	0.795990	0.654928	-0.002111
10415.000000	0.498308	0.509236	0.795994	0.654932	-0.002091
10416.000000	0.498329	0.509237	0.795980	0.654912	-0.002073
10417.000000	0.498312	0.509207	0.795974	0.654902	-0.002073
10418.000000	0.498299	0.509213	0.795977	0.654905	-0.002062
10419.000000	0.498295	0.509205	0.795999	0.654944	-0.002085
10420.000000	0.498287	0.509184	0.796018	0.654975	-0.002122
10421.000000	0.498293	0.509196	0.796027	0.654988	-0.002125
10422.000000	0.498302	0.509227	0.796013	0.654966	-0.002118
10423.000000	0.498320	0.509328	0.796026	0.654988	-0.002091
10424.000000	0.498332	0.509339	0.796042	0.655015	-0.002077
10425.000000	0.498337	0.509333	0.796064	0.655053	-0.002045
10426.000000	0.498337	0.509327	0.796084	0.655088	-0.001969
10427.000000	0.498334	0.509330	0.796099	0.655113	-0.001915
10428.000000	0.498335	0.509332	0.796103	0.655118	-0.001870
10429.000000	0.498315	0.509340	0.796091	0.655098	-0.001841
10430.000000	0.498313	0.509344	0.796095	0.655103	-0.001798
10431.000000	0.498299	0.509343	0.796082	0.655083	-0.001756
10432.000000	0.498306	0.509413	0.796065	0.655057	-0.001734
10433.000000	0.498301	0.509448	0.796055	0.655041	-0.001743
10434.000000	0.498291	0.509473	0.796070	0.655064	-0.001759
10435.000000	0.498266	0.509446	0.796085	0.655090	-0.001767
10436.000000	0.498250	0.509435	0.796102	0.655117	-0.001764
10437.000000	0.498236	0.509413	0.796114	0.655136	-0.001793
10438.000000	0.498241	0.509383	0.796118	0.655140	-0.001843
10439.000000	0.498264	0.509367	0.796108	0.655124	-0.001840
10440.000000	0.498254	0.509349	0.796119	0.655142	-0.001808
10441.000000	0.498261	0.509338	0.796127	0.655156	-0.001764
10442.000000	0.498267	0.509339	0.796108	0.655128	-0.001750
10443.000000	0.498257	0.509336	0.796095	0.655108	-0.001766
10444.000000	0.498260	0.509340	0.796094	0.655104	-0.001758
10445.000000	0.498276	0.509355	0.796087	0.655092	-0.001736
10446.000000	0.498265	0.509347	0.796107	0.655126	-0.001712
10447.000000	0.498253	0.509338	0.796114	0.655136	-0.001679
10448.000000	0.498257	0.509323	0.796130	0.655162	-0.001610
10449.000000	0.498276	0.509297	0.796144	0.655184	-0.001548
10450.000000	0.498274	0.509278	0.796156	0.655204	-0.001507
10451.000000	0.498290	0.509278	0.796159	0.655207	-0.001468
10452.000000	0.498292	0.509320	0.796158	0.655204	-0.001501
10453.000000	0.498304	0.509350	0.796151	0.655191	-0.001511
10454.000000	0.498289	0.509339	0.796129	0.655160	-0.001514
10455.000000	0.498301	0.509335	0.796124	0.655152	-0.001507
10456.000000	0.498304	0.509339	0.796121	0.655148	-0.001471
10457.000000	0.498304	0.509317	0.796103	0.655122	-0.001485
10458.000000	0.498296	0.509305	0.796120	0.655149	-0.001528
10459.000000	0.498290	0.509300	0.796128	0.655162	-0.001567
10460.000000	0.498303	0.509327	0.796118	0.655146	-0.001571
10461.000000	0.498315	0.509355	0.796123	0.655152	-0.001535
10462.000000	0.498318	0.509353	0.796146	0.655193	-0.001502
10463.000000	0.498311	0.509336	0.796166	0.655228	-0.001509
10464.000000	0.498317	0.509335	0.796167	0.655228	-0.001522
10465.000000	0.498320	0.509313	0.796162	0.655220	-0.001511
10466.000000	0.498321	0.509299	0.796167	0.655227	-0.001516
10467.000000	0.498322	0.509282	0.796146	0.655196	-0.001541
10468.000000	0.498314	0.509296	0.796124	0.655165	-0.001524
10469.000000	0.498308	0.509308	0.796121	0.655157	-0.001518
10470.000000	0.498311	0.509335	0.796115	0.655147	-0.001510
10471.000000	0.498316	0.509336	0.796116	0.655147	-0.001504
10472.000000	0.498312	0.509316	0.796120	0.655151	-0.001472
10473.000000	0.498299	0.509317	0.796119	0.655148	-0.001424
10474.000000	0.498285	0.509318	0.796114	0.655137	-0.001383
10475.000000	0.498297	0.509359	0.796106	0.655124	-0.001352
10476.000000	0.498335	0.509407	0.796102	0.655116	-0.001395
10477.000000	0.498383	0.509471	0.796100	0.655114	-0.001435
10478.000000	0.498401	0.509494	0.796101	0.655114	-0.001400
10479.000000	0.498402	0.509520	0.796116	0.655138	-0.001329
10480.000000	0.498401	0.509527	0.796128	0.655157	-0.001274
10481.000000	0.498406	0.509551	0.796108	0.655129	-0.001259
10482.000000	0.498409	0.509553	0.796095	0.655107	-0.001260
10483.000000	0.498408	0.509557	0.796092	0.655101	-0.001292
10484.000000	0.498422	0.509566	0.796103	0.655119	-0.001288
10485.000000	0.498421	0.509551	0.796102	0.655116	-0.001243
10486.000000	0.498411	0.509531	0.796119	0.655146	-0.001186
10487.000000	0.498406	0.509542	0.796113	0.655135	-0.001148
10488.000000	0.498383	0.509512	0.796119	0.655143	-0.001105
10489.000000	0.498353	0.509481	0.796130	0.655160	-0.001054
10490.000000	0.498350	0.509462	0.796146	0.655188	-0.000981
10491.000000	0.498349	0.509452	0.796142	0.655180	-0.000964
10492.000000	0.498344	0.509440	0.796127	0.655157	-0.000956
10493.000000	0.498360	0.509443	0.796119	0.655143	-0.000969
10494.000000	0.498363	0.509443	0.796111	0.655129	-0.000985
10495.000000	0.498361	0.509434	0.796097	0.655107	-0.000994
10496.000000	0.498365	0.509412	0.796108	0.655124	-0.001010
10497.000000	0.498359	0.509413	0.796098	0.655107	-0.001021
10498.000000	0.498391	0.509457	0.796095	0.655101	-0.000992
10499.000000	0.498411	0.509531	0.796079	0.655077	-0.000984
10500.000000	0.498415	0.509565	0.796058	0.655047	-0.001010
10501.000000	0.498417	0.509594	0.796051	0.655034	-0.001016
10502.000000	0.498413	0.509606	0.796061	0.655049	-0.001016
10503.000000	0.498406	0.509648	0.796055	0.655038	-0.001014
10504.000000	0.498407	0.509656	0.796049	0.655027	-0.000993
10505.000000	0.498405	0.509647	0.796055	0.655036	-0.000965
10506.000000	0.498389	0.509649	0.796036	0.655008	-0.000959
10507.000000	0.498385	0.509631	0.796033	0.655001	-0.000953
10508.000000	0.498375	0.509613	0.796033	0.655001	-0.000981
10509.000000	0.498363	0.509610	0.796057	0.655042	-0.001056
10510.000000	0.498342	0.509609	0.796061	0.655047	-0.001106
10511.000000	0.498318	0.509593	0.796050	0.655029	-0.001136
10512.000000	0.498309	0.509593	0.796035	0.655006	-0.001154
10513.000000	0.498316	0.509577	0.796014	0.654976	-0.001159
10514.000000	0.498317	0.509597	0.796002	0.654956	-0.001134
10515.000000	0.498321	0.509603	0.795987	0.654934	-0.001102
10516.000000	0.498322	0.509581	0.795985	0.654929	-0.001093
10517.000000	0.498296	0.509545	0.796000	0.654953	-0.001111
10518.000000	0.498288	0.509550	0.796017	0.654983	-0.001155
10519.000000	0.498273	0.509542	0.796014	0.654977	-0.001179
10520.000000	0.498270	0.509581	0.796014	0.654975	-0.001175
10521.000000	0.498272	0.509649	0.796016	0.654977	-0.001177
10522.000000	0.498279	0.509685	0.796010	0.654965	-0.001165
10523.000000	0.498293	0.509687	0.796000	0.654948	-0.001131
10524.000000	0.498296	0.509667	0.796004	0.654954	-0.001145
10525.000000	0.498301	0.509645	0.796002	0.654949	-0.001181
10526.000000	0.498318	0.509651	0.795998	0.654941	-0.001157
10527.000000	0.498326	0.509649	0.795991	0.654929	-0.001125
10528.000000	0.498330	0.509637	0.795981	0.654912	-0.001099
10529.000000	0.498312	0.509629	0.795968	0.654891	-0.001083
10530.000000	0.498302	0.509601	0.795965	0.654885	-0.001096
10531.000000	0.498285	0.509582	0.795989	0.654927	-0.001151
10532.000000	0.498274	0.509565	0.795989	0.654928	-0.001186
10533.000000	0.498304	0.509569	0.795986	0.654920	-0.001197
10534.000000	0.498339	0.509600	0.795992	0.654929	-0.001153
10535.000000	0.498338	0.509595	0.795990	0.654925	-0.001120
10536.000000	0.498321	0.509585	0.795992	0.654926	-0.001155
10537.000000	0.498314	0.509642	0.796009	0.654955	-0.001217
10538.000000	0.498317	0.509669	0.796026	0.654985	-0.001276
10539.000000	0.498316	0.509679	0.796013	0.654964	-0.001300
10540.000000	0.498298	0.509670	0.795997	0.654940	-0.001333
10541.000000	0.498295	0.509654	0.796000	0.654942	-0.001354
10542.000000	0.498292	0.509638	0.796005	0.654948	-0.001331
10543.000000	0.498289	0.509621	0.796022	0.654977	-0.001288
10544.000000	0.498279	0.509649	0.796036	0.654999	-0.001260
10545.000000	0.498292	0.509674	0.796035	0.654997	-0.001243
10546.000000	0.498312	0.509683	0.796041	0.655006	-0.001266
10547.000000	0.498330	0.509681	0.796038	0.654998	-0.001295
10548.000000	0.498335	0.509671	0.796058	0.655034	-0.001332
10549.000000	0.498333	0.509684	0.796042	0.655009	-0.001334
10550.000000	0.498356	0.509698	0.796053	0.655028	-0.001348
10551.000000	0.498388	0.509747	0.796054	0.655033	-0.001367
10552.000000	0.498392	0.509765	0.796055	0.655035	-0.001322
10553.000000	0.498399	0.509820	0.796070	0.655061	-0.001257
10554.000000	0.498421	0.509864	0.796054	0.655037	-0.001239
10555.000000	0.498426	0.509892	0.796048	0.655026	-0.001248
10556.000000	0.498422	0.509903	0.796047	0.655023	-0.001255
10557.000000	0.498424	0.509928	0.796059	0.655042	-0.001251
10558.000000	0.498423	0.509932	0.796080	0.655080	-0.001216
10559.000000	0.498420	0.509926	0.796063	0.655054	-0.001224
10560.000000	0.498432	0.509936	0.796063	0.655053	-0.001234
10561.000000	0.498432	0.509954	0.796063	0.655050	-0.001234
10562.000000	0.498425	0.509965	0.796043	0.655021	-0.001228
10563.000000	0.498429	0.509968	0.796026	0.654995	-0.001216
10564.000000	0.498451	0.509992	0.796039	0.655018	-0.001189
10565.000000	0.498470	0.510019	0.796041	0.655020	-0.001201
10566.000000	0.498488	0.510064	0.796025	0.654995	-0.001206
10567.000000	0.498490	0.510089	0.796023	0.654991	-0.001164
10568.000000	0.498519	0.510118	0.796034	0.655009	-0.001161
10569.000000	0.498510	0.510128	0.796012	0.654977	-0.001170
10570.000000	0.498503	0.510113	0.795990	0.654945	-0.001183
10571.000000	0.498496	0.510097	0.795967	0.654912	-0.001177
10572.000000	0.498488	0.510093	0.795945	0.654880	-0.001181
10573.000000	0.498480	0.510098	0.795933	0.654861	-0.001187
10574.000000	0.498483	0.510117	0.795926	0.654849	-0.001174
10575.000000	0.498490	0.510102	0.795934	0.654859	-0.001188
10576.000000	0.498481	0.510086	0.795953	0.654892	-0.001245
10577.000000	0.498461	0.510052	0.795973	0.654926	-0.001312
10578.000000	0.498449	0.510038	0.795984	0.654944	-0.001364
10579.000000	0.498445	0.510033	0.795996	0.654963	-0.001393
10580.000000	0.498450	0.510033	0.796014	0.654993	-0.001354
10581.000000	0.498442	0.510075	0.796023	0.655007	-0.001301
10582.000000	0.498434	0.510078	0.796016	0.654996	-0.001272
10583.000000	0.498426	0.510053	0.796008	0.654981	-0.001283
10584.000000	0.498425	0.510072	0.796011	0.654985	-0.001315
10585.000000	0.498440	0.510127	0.795995	0.654960	-0.001314
10586.000000	0.498464	0.510178	0.796002	0.654972	-0.001288
10587.000000	0.498490	0.510200	0.796022	0.655006	-0.001219
10588.000000	0.498503	0.510188	0.796027	0.655014	-0.001163
10589.000000	0.498498	0.510167	0.796015	0.654995	-0.001148
10590.000000	0.498475	0.510136	0.796007	0.654981	-0.001164
10591.000000	0.498456	0.510109	0.795996	0.654962	-0.001156
10592.000000	0.498452	0.510117	0.795995	0.654960	-0.001126
10593.000000	0.498466	0.510184	0.796011	0.654986	-0.001088
10594.000000	0.498501	0.510274	0.796024	0.655008	-0.001056
10595.000000	0.498516	0.510304	0.796028	0.655012	-0.001056
10596.000000	0.498508	0.510312	0.796036	0.655025	-0.001083
10597.000000	0.498524	0.510301	0.796053	0.655053	-0.001093
10598.000000	0.498516	0.510271	0.796046	0.655041	-0.001097
10599.000000	0.498517	0.510266	0.796043	0.655034	-0.001115
10600.000000	0.498513	0.510244	0.796044	0.655034	-0.001164
10601.000000	0.498512	0.510209	0.796058	0.655057	-0.001161
10602.000000	0.498497	0.510186	0.796073	0.655081	-0.001109
10603.000000	0.498490	0.510194	0.796094	0.655117	-0.001049
10604.000000	0.498506	0.510247	0.796109	0.655141	-0.001032
10605.000000	0.498496	0.510245	0.796125	0.655168	-0.001065
10606.000000	0.498475	0.510213	0.796140	0.655193	-0.001114
10607.000000	0.498466	0.510200	0.796142	0.655195	-0.001143
10608.000000	0.498473	0.510177	0.796133	0.655179	-0.001145
10609.000000	0.498461	0.510158	0.796141	0.655190	-0.001131
10610.000000	0.498496	0.510202	0.796140	0.655187	-0.001138
10611.000000	0.498534	0.510233	0.796134	0.655176	-0.001151
10612.000000	0.498525	0.510213	0.796132	0.655172	-0.001174
10613.000000	0.498519	0.510234	0.796138	0.655179	-0.001224
10614.000000	0.498511	0.510232	0.796132	0.655169	-0.001232
10615.000000	0.498525	0.510267	0.796121	0.655151	-0.001254
10616.000000	0.498522	0.510233	0.796103	0.655124	-0.001229
10617.000000	0.498498	0.510219	0.796103	0.655122	-0.001183
10618.000000	0.498498	0.510226	0.796097	0.655112	-0.001150
10619.000000	0.498492	0.510224	0.796089	0.655098	-0.001148
10620.000000	0.498511	0.510263	0.796075	0.655076	-0.001131
10621.000000	0.498498	0.510274	0.796064	0.655057	-0.001113
10622.000000	0.498490	0.510278	0.796056	0.655044	-0.001092
10623.000000	0.498483	0.510280	0.796050	0.655032	-0.001093
10624.000000	0.498467	0.510250	0.796049	0.655029	-0.001097
10625.000000	0.498446	0.510228	0.796031	0.655003	-0.001093
10626.000000	0.498429	0.510204	0.796018	0.654981	-0.001087
10627.000000	0.498435	0.510194	0.796020	0.654984	-0.001097
10628.000000	0.498428	0.510180	0.796026	0.654992	-0.001109
10629.000000	0.498418	0.510179	0.796030	0.654996	-0.001152
10630.000000	0.498410	0.510182	0.796033	0.654999	-0.001199
10631.000000	0.498394	0.510173	0.796013	0.654971	-0.001208
10632.000000	0.498419	0.510195	0.796025	0.654991	-0.001190
10633.000000	0.498432	0.510202	0.796031	0.654999	-0.001191
10634.000000	0.498427	0.510181	0.796037	0.655007	-0.001241
10635.000000	0.498428	0.510151	0.796022	0.654985	-0.001275
10636.000000	0.498427	0.510149	0.796009	0.654964	-0.001257
10637.000000	0.498413	0.510169	0.796006	0.654957	-0.001211
10638.000000	0.498414	0.510159	0.795997	0.654942	-0.001171
10639.000000	0.498409	0.510152	0.795980	0.654916	-0.001184
10640.000000	0.498386	0.510132	0.795981	0.654917	-0.001222
10641.000000	0.498393	0.510158	0.795976	0.654906	-0.001253
10642.000000	0.498396	0.510157	0.795961	0.654884	-0.001281
10643.000000	0.498393	0.510155	0.795949	0.654865	-0.001283
10644.000000	0.498389	0.510148	0.795964	0.654888	-0.001221
10645.000000	0.498386	0.510170	0.795954	0.654873	-0.001176
10646.000000	0.498366	0.510146	0.795939	0.654850	-0.001142
10647.000000	0.498355	0.510130	0.795943	0.654855	-0.001083
10648.000000	0.498361	0.510131	0.795945	0.654856	-0.001040
10649.000000	0.498364	0.510155	0.795930	0.654833	-0.001033
10650.000000	0.498375	0.510194	0.795933	0.654838	-0.001071
10651.000000	0.498386	0.510221	0.795931	0.654833	-0.001100
10652.000000	0.498400	0.510262	0.795942	0.654850	-0.001091
10653.000000	0.498438	0.510244	0.795954	0.654870	-0.001087
10654.000000	0.498474	0.510223	0.795962	0.654881	-0.001060
10655.000000	0.498492	0.510211	0.795957	0.654871	-0.001038
10656.000000	0.498488	0.510183	0.795952	0.654862	-0.001012
10657.000000	0.498489	0.510169	0.795953	0.654860	-0.001022
10658.000000	0.498486	0.510143	0.795960	0.654872	-0.001075
10659.000000	0.498465	0.510108	0.795985	0.654916	-0.001150
10660.000000	0.498448	0.510084	0.795994	0.654930	-0.001172
10661.000000	0.498436	0.510076	0.796006	0.654950	-0.001136
10662.000000	0.498424	0.510058	0.796017	0.654968	-0.001084
10663.000000	0.498430	0.510038	0.796007	0.654951	-0.001117
10664.000000	0.498445	0.510026	0.796017	0.654968	-0.001164
10665.000000	0.498466	0.510073	0.796006	0.654950	-0.001167
10666.000000	0.498486	0.510063	0.796016	0.654965	-0.001183
10667.000000	0.498491	0.510054	0.796021	0.654972	-0.001150
10668.000000	0.498516	0.510084	0.796023	0.654973	-0.001120
10669.000000	0.498520	0.510093	0.796045	0.655012	-0.001118
10670.000000	0.498532	0.510105	0.796044	0.655012	-0.001107
10671.000000	0.498556	0.510087	0.796046	0.655017	-0.001143
10672.000000	0.498547	0.510094	0.796061	0.655043	-0.001191
10673.000000	0.498536	0.510092	0.796055	0.655033	-0.001218
10674.000000	0.498539	0.510118	0.796060	0.655039	-0.001182
10675.000000	0.498532	0.510108	0.796060	0.655037	-0.001139
10676.000000	0.498529	0.510086	0.796064	0.655043	-0.001117
10677.000000	0.498523	0.510078	0.796083	0.655075	-0.001117
10678.000000	0.498518	0.510072	0.796101	0.655105	-0.001131
10679.000000	0.498517	0.510072	0.796093	0.655093	-0.001152
10680.000000	0.498508	0.510046	0.796078	0.655068	-0.001146
10681.000000	0.498486	0.510023	0.796080	0.655070	-0.001174
10682.000000	0.498466	0.510010	0.796084	0.655075	-0.001214
10683.000000	0.498442	0.509996	0.796094	0.655090	-0.001254
10684.000000	0.498417	0.509959	0.796097	0.655093	-0.001307
10685.000000	0.498418	0.509934	0.796093	0.655085	-0.001341
10686.000000	0.498404	0.509918	0.796090	0.655079	-0.001375
10687.000000	0.498412	0.509929	0.796092	0.655081	-0.001402
10688.000000	0.498403	0.509909	0.796080	0.655061	-0.001393
10689.000000	0.498408	0.509915	0.796096	0.655090	-0.001356
10690.000000	0.498443	0.509920	0.796092	0.655085	-0.001368
10691.000000	0.498475	0.509942	0.796095	0.655087	-0.001418
10692.000000	0.498468	0.509942	0.796092	0.655081	-0.001461
10693.000000	0.498480	0.509968	0.796079	0.655061	-0.001460
10694.000000	0.498484	0.509975	0.796056	0.655027	-0.001464
10695.000000	0.498488	0.509953	0.796041	0.655004	-0.001483
10696.000000	0.498490	0.509945	0.796022	0.654976	-0.001483
10697.000000	0.498493	0.509982	0.796018	0.654968	-0.001472
10698.000000	0.498504	0.510008	0.796038	0.655003	-0.001425
10699.000000	0.498505	0.509994	0.796057	0.655036	-0.001351
10700.000000	0.498533	0.509999	0.796056	0.655033	-0.001328
10701.000000	0.498550	0.510003	0.796074	0.655064	-0.001378
10702.000000	0.498564	0.510020	0.796087	0.655084	-0.001437
10703.000000	0.498562	0.510039	0.796086	0.655085	-0.001495
10704.000000	0.498559	0.510014	0.796074	0.655065	-0.001499
10705.000000	0.498548	0.509985	0.796071	0.655059	-0.001479
10706.000000	0.498542	0.509991	0.796074	0.655063	-0.001466
10707.000000	0.498534	0.510002	0.796100	0.655110	-0.001487
10708.000000	0.498505	0.509974	0.796126	0.655156	-0.001544
10709.000000	0.498492	0.509943	0.796125	0.655154	-0.001580
10710.000000	0.498470	0.509930	0.796110	0.655131	-0.001566
10711.000000	0.498453	0.509913	0.796104	0.655121	-0.001535
10712.000000	0.498443	0.509928	0.796094	0.655103	-0.001518
10713.000000	0.498444	0.509943	0.796090	0.655096	-0.001492
10714.000000	0.498447	0.509949	0.796082	0.655082	-0.001488
10715.000000	0.498438	0.509930	0.796065	0.655056	-0.001476
10716.000000	0.498440	0.509904	0.796050	0.655033	-0.001477
10717.000000	0.498435	0.509877	0.796041	0.655018	-0.001472
10718.000000	0.498450	0.509857	0.796040	0.655014	-0.001435
10719.000000	0.498479	0.509837	0.796033	0.655002	-0.001427
10720.000000	0.498462	0.509800	0.796041	0.655013	-0.001472
10721.000000	0.498438	0.509782	0.796057	0.655040	-0.001532
10722.000000	0.498415	0.509774	0.796056	0.655037	-0.001551
10723.000000	0.498413	0.509773	0.796057	0.655037	-0.001568
10724.000000	0.498411	0.509770	0.796059	0.655038	-0.001572
10725.000000	0.498408	0.509778	0.796061	0.655040	-0.001594
10726.000000	0.498415	0.509826	0.796061	0.655038	-0.001623
10727.000000	0.498407	0.509821	0.796047	0.655016	-0.001652
10728.000000	0.498396	0.509836	0.796046	0.655012	-0.001675
10729.000000	0.498388	0.509859	0.796042	0.655004	-0.001677
10730.000000	0.498391	0.509904	0.796049	0.655015	-0.001699
10731.000000	0.498401	0.509920	0.796065	0.655042	-0.001760
10732.000000	0.498417	0.509977	0.796078	0.655063	-0.001814
10733.000000	0.498420	0.510036	0.796094	0.655090	-0.001807
10734.000000	0.498412	0.510051	0.796092	0.655088	-0.001797
10735.000000	0.498402	0.510022	0.796077	0.655064	-0.001797
10736.000000	0.498388	0.510006	0.796068	0.655048	-0.001783
10737.000000	0.498415	0.510019	0.796078	0.655066	-0.001755
10738.000000	0.498422	0.510017	0.796072	0.655054	-0.001725
10739.000000	0.498400	0.509992	0.796069	0.655048	-0.001702
10740.000000	0.498381	0.509976	0.796090	0.655085	-0.001687
10741.000000	0.498396	0.509953	0.796106	0.655111	-0.001729
10742.000000	0.498409	0.509932	0.796099	0.655099	-0.001755
10743.000000	0.498419	0.509965	0.796100	0.655098	-0.001728
10744.000000	0.498407	0.509969	0.796091	0.655084	-0.001706
10745.000000	0.498393	0.509961	0.796099	0.655096	-0.001665
10746.000000	0.498424	0.509948	0.796124	0.655141	-0.001606
10747.000000	0.498431	0.509940	0.796132	0.655154	-0.001599
10748.000000	0.498440	0.509959	0.796138	0.655165	-0.001643
10749.000000	0.498431	0.509961	0.796152	0.655189	-0.001685
10750.000000	0.498424	0.509945	0.796159	0.655197	-0.001678
10751.000000	0.498404	0.509913	0.796171	0.655217	-0.001630
10752.000000	0.498415	0.509898	0.796184	0.655238	-0.001574
10753.000000	0.498425	0.509916	0.796179	0.655229	-0.001570
10754.000000	0.498425	0.509924	0.796175	0.655222	-0.001590
10755.000000	0.498410	0.509912	0.796176	0.655221	-0.001631
10756.000000	0.498409	0.509904	0.796155	0.655191	-0.001649
10757.000000	0.498407	0.509921	0.796152	0.655184	-0.001621
10758.000000	0.498417	0.509929	0.796144	0.655171	-0.001582
10759.000000	0.498414	0.509919	0.796128	0.655147	-0.001592
10760.000000	0.498396	0.509896	0.796106	0.655115	-0.001600
10761.000000	0.498396	0.509887	0.796095	0.655097	-0.001609
10762.000000	0.498392	0.509876	0.796091	0.655089	-0.001626
10763.000000	0.498406	0.509895	0.796082	0.655075	-0.001663
10764.000000	0.498413	0.509898	0.796077	0.655065	-0.001685
10765.000000	0.498397	0.509901	0.796073	0.655057	-0.001699
10766.000000	0.498380	0.509907	0.796066	0.655045	-0.001717
10767.000000	0.498385	0.509905	0.796049	0.655019	-0.001721
10768.000000	0.498393	0.509928	0.796052	0.655022	-0.001693
10769.000000	0.498413	0.509963	0.796050	0.655017	-0.001673
10770.000000	0.498415	0.509970	0.796030	0.654988	-0.001672
10771.000000	0.498406	0.509953	0.796021	0.654972	-0.001649
10772.000000	0.498402	0.509949	0.796013	0.654959	-0.001626
10773.000000	0.498397	0.509956	0.796022	0.654972	-0.001591
10774.000000	0.498382	0.509939	0.796025	0.654977	-0.001569
10775.000000	0.498379	0.509931	0.796014	0.654958	-0.001593
10776.000000	0.498361	0.509930	0.796016	0.654960	-0.001648
10777.000000	0.498354	0.509930	0.796010	0.654949	-0.001666
10778.000000	0.498358	0.509966	0.796000	0.654932	-0.001679
10779.000000	0.498371	0.510001	0.796004	0.654937	-0.001699
10780.000000	0.498383	0.510005	0.796020	0.654965	-0.001654
10781.000000	0.498383	0.510003	0.796032	0.654983	-0.001609
10782.000000	0.498371	0.509995	0.796047	0.655007	-0.001592
10783.000000	0.498358	0.509980	0.796067	0.655041	-0.001549
10784.000000	0.498357	0.509982	0.796069	0.655044	-0.001542
10785.000000	0.498338	0.509973	0.796066	0.655037	-0.001510
10786.000000	0.498310	0.509956	0.796058	0.655024	-0.001473
10787.000000	0.498289	0.509939	0.796054	0.655017	-0.001438
10788.000000	0.498291	0.509947	0.796059	0.655024	-0.001398
10789.000000	0.498300	0.509964	0.796045	0.655001	-0.001379
10790.000000	0.498303	0.509994	0.796036	0.654985	-0.001414
10791.000000	0.498291	0.509985	0.796021	0.654963	-0.001441
10792.000000	0.498292	0.509976	0.796015	0.654952	-0.001483
10793.000000	0.498300	0.509986	0.796026	0.654970	-0.001531
10794.000000	0.498326	0.510031	0.796033	0.654980	-0.001546
10795.000000	0.498317	0.510036	0.796037	0.654985	-0.001538
10796.000000	0.498313	0.510025	0.796036	0.654981	-0.001562
10797.000000	0.498318	0.510040	0.796052	0.655008	-0.001630
10798.000000	0.498343	0.510060	0.796041	0.654991	-0.001644
10799.000000	0.498351	0.510092	0.796046	0.654997	-0.001607
10800.000000	0.498367	0.510130	0.796057	0.655014	-0.001585
10801.000000	0.498372	0.510121	0.796049	0.655001	-0.001570
10802.000000	0.498384	0.510124	0.796048	0.654999	-0.001534
10803.000000	0.498390	0.510108	0.796043	0.654988	-0.001517
10804.000000	0.498404	0.510112	0.796040	0.654982	-0.001524
10805.000000	0.498411	0.510129	0.796041	0.654983	-0.001514
10806.000000	0.498421	0.510136	0.796040	0.654978	-0.001507
10807.000000	0.498432	0.510141	0.796042	0.654980	-0.001536
10808.000000	0.498430	0.510146	0.796043	0.654980	-0.001558
10809.000000	0.498432	0.510140	0.796044	0.654982	-0.001521
10810.000000	0.498435	0.510139	0.796049	0.654989	-0.001466
10811.000000	0.498441	0.510123	0.796047	0.654985	-0.001476
10812.000000	0.498452	0.510125	0.796064	0.655013	-0.001476
10813.000000	0.498474	0.510126	0.796079	0.655038	-0.001413
10814.000000	0.498461	0.510128	0.796097	0.655069	-0.001353
10815.000000	0.498466	0.510111	0.796107	0.655084	-0.001336
10816.000000	0.498454	0.510087	0.796116	0.655098	-0.001329
10817.000000	0.498449	0.510069	0.796136	0.655133	-0.001269
10818.000000	0.498455	0.510070	0.796131	0.655124	-0.001223
10819.000000	0.498486	0.510109	0.796135	0.655129	-0.001236
10820.000000	0.498484	0.510094	0.796122	0.655109	-0.001269
10821.000000	0.498479	0.510095	0.796119	0.655104	-0.001255
10822.000000	0.498478	0.510110	0.796120	0.655104	-0.001216
10823.000000	0.498461	0.510116	0.796104	0.655080	-0.001198
10824.000000	0.498451	0.510104	0.796085	0.655053	-0.001165
10825.000000	0.498452	0.510108	0.796080	0.655044	-0.001137
10826.000000	0.498459	0.510137	0.796061	0.655016	-0.001150
10827.000000	0.498467	0.510174	0.796051	0.654999	-0.001140
10828.000000	0.498465	0.510149	0.796052	0.654999	-0.001092
10829.000000	0.498464	0.510132	0.796075	0.655039	-0.001020
10830.000000	0.498493	0.510140	0.796092	0.655068	-0.001001
10831.000000	0.498508	0.510139	0.796089	0.655061	-0.001025
10832.000000	0.498526	0.510159	0.796084	0.655053	-0.001016
10833.000000	0.498537	0.510177	0.796080	0.655044	-0.000987
10834.000000	0.498524	0.510161	0.796101	0.655081	-0.000934
10835.000000	0.498525	0.510133	0.796097	0.655074	-0.000899
10836.000000	0.498517	0.510104	0.796094	0.655068	-0.000861
10837.000000	0.498525	0.510091	0.796091	0.655061	-0.000841
10838.000000	0.498538	0.510085	0.796097	0.655069	-0.000881
10839.000000	0.498543	0.510075	0.796091	0.655058	-0.000884
10840.000000	0.498527	0.510055	0.796092	0.655059	-0.000850
10841.000000	0.498524	0.510028	0.796109	0.655087	-0.000784
10842.000000	0.498531	0.510028	0.796120	0.655104	-0.000737
10843.000000	0.498512	0.510002	0.796132	0.655124	-0.000719
10844.000000	0.498501	0.509998	0.796144	0.655144	-0.000693
10845.000000	0.498494	0.509975	0.796147	0.655147	-0.000688
10846.000000	0.498474	0.509957	0.796140	0.655134	-0.000697
10847.000000	0.498465	0.509977	0.796144	0.655138	-0.000732
10848.000000	0.498472	0.509979	0.796156	0.655158	-0.000792
10849.000000	0.498478	0.509955	0.796164	0.655169	-0.000823
10850.000000	0.498475	0.509936	0.796178	0.655192	-0.000815
10851.000000	0.498473	0.509936	0.796169	0.655177	-0.000819
10852.000000	0.498476	0.509934	0.796177	0.655191	-0.000821
10853.000000	0.498479	0.509918	0.796188	0.655211	-0.000800
10854.000000	0.498480	0.509895	0.796175	0.655191	-0.000800
10855.000000	0.498494	0.509907	0.796172	0.655184	-0.000796
10856.000000	0.498478	0.509894	0.796182	0.655199	-0.000786
10857.000000	0.498456	0.509874	0.796188	0.655208	-0.000779
10858.000000	0.498451	0.509852	0.796206	0.655238	-0.000822
10859.000000	0.498442	0.509862	0.796225	0.655269	-0.000894
10860.000000	0.498439	0.509868	0.796225	0.655268	-0.000939
10861.000000	0.498450	0.509883	0.796209	0.655243	-0.000934
10862.000000	0.498446	0.509904	0.796204	0.655234	-0.000927
10863.000000	0.498466	0.509907	0.796211	0.655244	-0.000959
10864.000000	0.498477	0.509892	0.796219	0.655256	-0.000964
10865.000000	0.498476	0.509879	0.796217	0.655252	-0.000931
10866.000000	0.498468	0.509893	0.796197	0.655222	-0.000941
10867.000000	0.498469	0.509899	0.796199	0.655226	-0.000985
10868.000000	0.498479	0.509881	0.796220	0.655262	-0.001045
10869.000000	0.498512	0.509891	0.796227	0.655272	-0.001017
10870.000000	0.498508	0.509898	0.796235	0.655285	-0.000953
10871.000000	0.498501	0.509894	0.796230	0.655275	-0.000920
10872.000000	0.498498	0.509896	0.796222	0.655262	-0.000942
10873.000000	0.498493	0.509886	0.796234	0.655281	-0.000983
10874.000000	0.498508	0.509877	0.796258	0.655323	-0.000975
10875.000000	0.498507	0.509879	0.796275	0.655353	-0.000931
10876.000000	0.498513	0.509856	0.796272	0.655346	-0.000903
10877.000000	0.498511	0.509853	0.796262	0.655330	-0.000898
10878.000000	0.498517	0.509917	0.796253	0.655314	-0.000862
10879.000000	0.498513	0.509972	0.796251	0.655310	-0.000812
10880.000000	0.498514	0.509991	0.796246	0.655301	-0.000768
10881.000000	0.498523	0.509988	0.796253	0.655313	-0.000796
10882.000000	0.498512	0.509984	0.796272	0.655345	-0.000847
10883.000000	0.498521	0.509964	0.796262	0.655330	-0.000867
10884.000000	0.498533	0.509944	0.796242	0.655300	-0.000858
10885.000000	0.498526	0.509922	0.796249	0.655311	-0.000848
10886.000000	0.498506	0.509893	0.796258	0.655324	-0.000842
10887.000000	0.498511	0.509897	0.796276	0.655355	-0.000889
10888.000000	0.498543	0.509891	0.796268	0.655342	-0.000932
10889.000000	0.498541	0.509879	0.796260	0.655328	-0.000935
10890.000000	0.498522	0.509878	0.796242	0.655301	-0.000918
10891.000000	0.498510	0.509865	0.796232	0.655284	-0.000878
10892.000000	0.498518	0.509865	0.796229	0.655278	-0.000832
10893.000000	0.498530	0.509871	0.796242	0.655299	-0.000808
10894.000000	0.498554	0.509874	0.796254	0.655320	-0.000829
10895.000000	0.498579	0.509849	0.796255	0.655319	-0.000867
10896.000000	0.498599	0.509813	0.796264	0.655333	-0.000921
10897.000000	0.498604	0.509790	0.796270	0.655341	-0.000966
10898.000000	0.498591	0.509796	0.796283	0.655362	-0.000977
10899.000000	0.498584	0.509789	0.796305	0.655399	-0.000945
10900.000000	0.498581	0.509783	0.796306	0.655401	-0.000916
10901.000000	0.498579	0.509793	0.796298	0.655387	-0.000892
10902.000000	0.498573	0.509799	0.796294	0.655380	-0.000884
10903.000000	0.498570	0.509784	0.796291	0.655373	-0.000907
10904.000000	0.498575	0.509782	0.796275	0.655349	-0.000897
10905.000000	0.498556	0.509754	0.796261	0.655326	-0.000867
10906.000000	0.498558	0.509740	0.796256	0.655318	-0.000878
10907.000000	0.498551	0.509715	0.796268	0.655338	-0.000894
10908.000000	0.498529	0.509682	0.796254	0.655315	-0.000904
10909.000000	0.498540	0.509695	0.796237	0.655290	-0.000884
10910.000000	0.498547	0.509700	0.796232	0.655280	-0.000852
10911.000000	0.498565	0.509720	0.796241	0.655295	-0.000815
10912.000000	0.498556	0.509701	0.796262	0.655331	-0.000805
10913.000000	0.498552	0.509699	0.796252	0.655314	-0.000810
10914.000000	0.498577	0.509715	0.796239	0.655294	-0.000819
10915.000000	0.498617	0.509749	0.796248	0.655310	-0.000866
10916.000000	0.498618	0.509730	0.796256	0.655322	-0.000887
10917.000000	0.498611	0.509722	0.796254	0.655317	-0.000858
10918.000000	0.498613	0.509711	0.796257	0.655320	-0.000844
10919.000000	0.498618	0.509685	0.796258	0.655319	-0.000873
10920.000000	0.498618	0.509686	0.796254	0.655313	-0.000879
10921.000000	0.498637	0.509704	0.796240	0.655291	-0.000879
10922.000000	0.498648	0.509739	0.796251	0.655309	-0.000864
10923.000000	0.498622	0.509729	0.796260	0.655322	-0.000819
10924.000000	0.498623	0.509724	0.796267	0.655332	-0.000798
10925.000000	0.498631	0.509706	0.796267	0.655331	-0.000762
10926.000000	0.498640	0.509694	0.796279	0.655350	-0.000740
10927.000000	0.498646	0.509662	0.796283	0.655355	-0.000790
10928.000000	0.498644	0.509635	0.796279	0.655346	-0.000804
10929.000000	0.498627	0.509616	0.796280	0.655346	-0.000789
10930.000000	0.498617	0.509580	0.796284	0.655352	-0.000747
10931.000000	0.498625	0.509567	0.796289	0.655357	-0.000722
10932.000000	0.498643	0.509541	0.796279	0.655341	-0.000679
10933.000000	0.498651	0.509566	0.796264	0.655318	-0.000671
10934.000000	0.498670	0.509597	0.796257	0.655309	-0.000694
10935.000000	0.498707	0.509652	0.796262	0.655318	-0.000723
10936.000000	0.498723	0.509644	0.796256	0.655308	-0.000683
10937.000000	0.498706	0.509628	0.796249	0.655295	-0.000653
10938.000000	0.498701	0.509625	0.796236	0.655275	-0.000636
10939.000000	0.498687	0.509624	0.796218	0.655248	-0.000630
10940.000000	0.498684	0.509629	0.796209	0.655234	-0.000610
10941.000000	0.498698	0.509621	0.796219	0.655249	-0.000612
10942.000000	0.498744	0.509611	0.796209	0.655234	-0.000649
10943.000000	0.498769	0.509615	0.796227	0.655265	-0.000713
10944.000000	0.498792	0.509632	0.796222	0.655255	-0.000744
10945.000000	0.498777	0.509630	0.796217	0.655245	-0.000769
10946.000000	0.498781	0.509680	0.796211	0.655234	-0.000787
10947.000000	0.498787	0.509694	0.796219	0.655249	-0.000842
10948.000000	0.498779	0.509666	0.796235	0.655274	-0.000910
10949.000000	0.498762	0.509644	0.796257	0.655314	-0.000968
10950.000000	0.498753	0.509644	0.796278	0.655351	-0.001032
10951.000000	0.498750	0.509668	0.796290	0.655372	-0.001083
10952.000000	0.498750	0.509673	0.796277	0.655351	-0.001090
10953.000000	0.498774	0.509739	0.796269	0.655337	-0.001068
10954.000000	0.498792	0.509775	0.796253	0.655313	-0.001069
10955.000000	0.498793	0.509838	0.796254	0.655312	-0.001088
10956.000000	0.498786	0.509844	0.796246	0.655299	-0.001096
10957.000000	0.498791	0.509887	0.796235	0.655281	-0.001104
10958.000000	0.498819	0.509943	0.796216	0.655253	-0.001124
10959.000000	0.498832	0.510002	0.796212	0.655246	-0.001165
10960.000000	0.498821	0.509993	0.796197	0.655222	-0.001193
10961.000000	0.498808	0.509978	0.796193	0.655214	-0.001229
10962.000000	0.498823	0.509998	0.796189	0.655206	-0.001259
10963.000000	0.498840	0.510035	0.796190	0.655208	-0.001214
10964.000000	0.498853	0.510048	0.796204	0.655232	-0.001147
10965.000000	0.498875	0.510068	0.796186	0.655204	-0.001127
10966.000000	0.498911	0.510069	0.796182	0.655197	-0.001170
10967.000000	0.498932	0.510083	0.796185	0.655200	-0.001197
10968.000000	0.498934	0.510070	0.796176	0.655185	-0.001164
10969.000000	0.498924	0.510051	0.796175	0.655181	-0.001124
10970.000000	0.498913	0.510033	0.796178	0.655186	-0.001111
10971.000000	0.498913	0.510022	0.796181	0.655189	-0.001135
10972.000000	0.498910	0.510011	0.796191	0.655205	-0.001182
10973.000000	0.498898	0.509983	0.796174	0.655180	-0.001217
10974.000000	0.498901	0.509975	0.796156	0.655153	-0.001222
10975.000000	0.498898	0.509965	0.796147	0.655138	-0.001226
10976.000000	0.498883	0.509946	0.796137	0.655122	-0.001258
10977.000000	0.498882	0.509942	0.796117	0.655093	-0.001257
10978.000000	0.498877	0.509923	0.796113	0.655085	-0.001248
10979.000000	0.498872	0.509935	0.796115	0.655088	-0.001256
10980.000000	0.498861	0.509939	0.796106	0.655073	-0.001228
10981.000000	0.498879	0.509972	0.796119	0.655095	-0.001185
10982.000000	0.498885	0.510018	0.796120	0.655096	-0.001154
10983.000000	0.498865	0.510013	0.796099	0.655065	-0.001155
10984.000000	0.498850	0.509998	0.796076	0.655033	-0.001172
10985.000000	0.498857	0.509982	0.796077	0.655034	-0.001224
10986.000000	0.498851	0.509958	0.796086	0.655047	-0.001286
10987.000000	0.498847	0.509941	0.796092	0.655055	-0.001330
10988.000000	0.498843	0.509925	0.796108	0.655082	-0.001352
10989.000000	0.498829	0.509925	0.796123	0.655107	-0.001356
10990.000000	0.498818	0.509926	0.796116	0.655095	-0.001348
10991.000000	0.498813	0.509946	0.796110	0.655084	-0.001342
10992.000000	0.498794	0.509927	0.796113	0.655087	-0.001336
10993.000000	0.498784	0.509905	0.796132	0.655120	-0.001299
10994.000000	0.498770	0.509892	0.796153	0.655158	-0.001263
10995.000000	0.498753	0.509874	0.796159	0.655165	-0.001219
10996.000000	0.498745	0.509852	0.796141	0.655139	-0.001204
10997.000000	0.498737	0.509860	0.796128	0.655119	-0.001220
10998.000000	0.498721	0.509853	0.796116	0.655100	-0.001222
10999.000000	0.498699	0.509837	0.796106	0.655083	-0.001242
11000.000000	0.498688	0.509826	0.796085	0.655053	-0.001255
11001.000000	0.498690	0.509817	0.796083	0.655047	-0.001268
11002.000000	0.498687	0.509839	0.796073	0.655031	-0.001297
11003.000000	0.498671	0.509825	0.796054	0.655003	-0.001304
11004.000000	0.498678	0.509852	0.796037	0.654977	-0.001308
11005.000000	0.498714	0.509891	0.796059	0.655018	-0.001292
11006.000000	0.498736	0.509893	0.796064	0.655024	-0.001257
11007.000000	0.498727	0.509879	0.796063	0.655022	-0.001206
11008.000000	0.498715	0.509850	0.796070	0.655032	-0.001142
11009.000000	0.498715	0.509827	0.796081	0.655048	-0.001094
11010.000000	0.498724	0.509835	0.796075	0.655038	-0.001100
11011.000000	0.498720	0.509875	0.796056	0.655009	-0.001105
11012.000000	0.498727	0.509940	0.796047	0.654995	-0.001112
11013.000000	0.498731	0.509965	0.796030	0.654969	-0.001124
11014.000000	0.498730	0.509983	0.796025	0.654961	-0.001146
11015.000000	0.498734	0.509996	0.796026	0.654961	-0.001169
11016.000000	0.498759	0.510016	0.796031	0.654971	-0.001175
11017.000000	0.498750	0.510041	0.796038	0.654981	-0.001173
11018.000000	0.498734	0.510023	0.796046	0.654993	-0.001168
11019.000000	0.498735	0.510018	0.796034	0.654975	-0.001193
11020.000000	0.498731	0.510008	0.796021	0.654955	-0.001198
11021.000000	0.498734	0.509986	0.796011	0.654938	-0.001198
11022.000000	0.498738	0.509981	0.796008	0.654932	-0.001237
11023.000000	0.498755	0.509982	0.795991	0.654905	-0.001238
11024.000000	0.498762	0.509989	0.795990	0.654903	-0.001239
11025.000000	0.498800	0.509997	0.795986	0.654897	-0.001222
11026.000000	0.498831	0.510061	0.796001	0.654923	-0.001170
11027.000000	0.498844	0.510114	0.796017	0.654951	-0.001125
11028.000000	0.498844	0.510117	0.796047	0.655006	-0.001118
11029.000000	0.498834	0.510138	0.796057	0.655022	-0.001141
11030.000000	0.498820	0.510137	0.796062	0.655028	-0.001182
11031.000000	0.498830	0.510144	0.796058	0.655021	-0.001223
11032.000000	0.498844	0.510147	0.796039	0.654993	-0.001216
11033.000000	0.498847	0.510136	0.796033	0.654983	-0.001181
11034.000000	0.498859	0.510138	0.796038	0.654989	-0.001123
11035.000000	0.498853	0.510116	0.796034	0.654981	-0.001104
11036.000000	0.498846	0.510121	0.796043	0.654995	-0.001123
11037.000000	0.498883	0.510191	0.796040	0.654989	-0.001143
11038.000000	0.498900	0.510234	0.796048	0.655001	-0.001176
11039.000000	0.498896	0.510235	0.796047	0.654999	-0.001189
11040.000000	0.498897	0.510276	0.796025	0.654968	-0.001184
11041.000000	0.498914	0.510370	0.796007	0.654940	-0.001183
11042.000000	0.498931	0.510471	0.795995	0.654921	-0.001194
11043.000000	0.498961	0.510574	0.795996	0.654921	-0.001226
11044.000000	0.498966	0.510578	0.795974	0.654891	-0.001234
11045.000000	0.498972	0.510564	0.795969	0.654881	-0.001247
11046.000000	0.498967	0.510558	0.795969	0.654879	-0.001267
11047.000000	0.498965	0.510563	0.795969	0.654878	-0.001291
11048.000000	0.498989	0.510590	0.795981	0.654897	-0.001316
11049.000000	0.499008	0.510590	0.795964	0.654871	-0.001321
11050.000000	0.499000	0.510584	0.795964	0.654871	-0.001298
11051.000000	0.498994	0.510563	0.795972	0.654882	-0.001305
11052.000000	0.498992	0.510538	0.795987	0.654906	-0.001330
11053.000000	0.498993	0.510520	0.795994	0.654917	-0.001330
11054.000000	0.499002	0.510523	0.796011	0.654945	-0.001331
11055.000000	0.498999	0.510520	0.796032	0.654983	-0.001309
11056.000000	0.498990	0.510518	0.796034	0.654985	-0.001280
11057.000000	0.498993	0.510539	0.796034	0.654984	-0.001237
11058.000000	0.498972	0.510518	0.796051	0.655012	-0.001187
11059.000000	0.498954	0.510501	0.796052	0.655012	-0.001149
11060.000000	0.498933	0.510472	0.796039	0.654992	-0.001126
11061.000000	0.498913	0.510462	0.796022	0.654967	-0.001141
11062.000000	0.498901	0.510444	0.796019	0.654959	-0.001153
11063.000000	0.498890	0.510452	0.796017	0.654955	-0.001130
11064.000000	0.498893	0.510455	0.796019	0.654957	-0.001119
11065.000000	0.498890	0.510467	0.796026	0.654967	-0.001115
11066.000000	0.498870	0.510445	0.796021	0.654957	-0.001135
11067.000000	0.498860	0.510441	0.796012	0.654941	-0.001159
11068.000000	0.498847	0.510430	0.796000	0.654922	-0.001187
11069.000000	0.498834	0.510408	0.796004	0.654927	-0.001197
11070.000000	0.498818	0.510384	0.796005	0.654928	-0.001200
11071.000000	0.498823	0.510383	0.795989	0.654904	-0.001203
11072.000000	0.498829	0.510401	0.795988	0.654900	-0.001176
11073.000000	0.498827	0.510396	0.795988	0.654898	-0.001148
11074.000000	0.498820	0.510396	0.795991	0.654901	-0.001109
11075.000000	0.498804	0.510370	0.795997	0.654909	-0.001066
11076.000000	0.498794	0.510354	0.796012	0.654935	-0.001018
11077.000000	0.498784	0.510337	0.796027	0.654959	-0.000983
11078.000000	0.498773	0.510314	0.796023	0.654951	-0.000965
11079.000000	0.498773	0.510322	0.796013	0.654935	-0.000962
11080.000000	0.498766	0.510348	0.796001	0.654916	-0.000973
11081.000000	0.498757	0.510354	0.796015	0.654938	-0.001008
11082.000000	0.498746	0.510333	0.796025	0.654954	-0.001052
11083.000000	0.498719	0.510305	0.796032	0.654963	-0.001092
11084.000000	0.498699	0.510276	0.796039	0.654973	-0.001115
11085.000000	0.498692	0.510243	0.796047	0.654985	-0.001149
11086.000000	0.498678	0.510229	0.796042	0.654976	-0.001129
11087.000000	0.498676	0.510227	0.796041	0.654973	-0.001084
11088.000000	0.498665	0.510228	0.796039	0.654969	-0.001043
11089.000000	0.498649	0.510215	0.796032	0.654957	-0.001018
11090.000000	0.498640	0.510201	0.796020	0.654938	-0.001019
11091.000000	0.498637	0.510248	0.796021	0.654937	-0.001057
11092.000000	0.498645	0.510315	0.796025	0.654943	-0.001074
11093.000000	0.498659	0.510342	0.796022	0.654937	-0.001058
11094.000000	0.498665	0.510339	0.796017	0.654927	-0.001045
11095.000000	0.498653	0.510339	0.796006	0.654909	-0.001018
11096.000000	0.498638	0.510336	0.795996	0.654893	-0.001003
11097.000000	0.498633	0.510333	0.795998	0.654896	-0.001033
11098.000000	0.498634	0.510331	0.796007	0.654910	-0.001065
11099.000000	0.498633	0.510307	0.796004	0.654904	-0.001057
11100.000000	0.498631	0.510297	0.796028	0.654947	-0.001029
11101.000000	0.498629	0.510268	0.796018	0.654931	-0.001034
11102.000000	0.498633	0.510250	0.796031	0.654953	-0.001076
11103.000000	0.498640	0.510241	0.796038	0.654962	-0.001123
11104.000000	0.498660	0.510256	0.796033	0.654954	-0.001156
11105.000000	0.498647	0.510246	0.796043	0.654969	-0.001217
11106.000000	0.498645	0.510244	0.796053	0.654983	-0.001269
11107.000000	0.498656	0.510232	0.796041	0.654965	-0.001266
11108.000000	0.498694	0.510269	0.796058	0.654994	-0.001268
11109.000000	0.498719	0.510279	0.796055	0.654988	-0.001287
11110.000000	0.498731	0.510359	0.796069	0.655011	-0.001276
11111.000000	0.498745	0.510389	0.796068	0.655008	-0.001265
11112.000000	0.498748	0.510413	0.796082	0.655030	-0.001294
11113.000000	0.498741	0.510398	0.796102	0.655064	-0.001298
11114.000000	0.498753	0.510417	0.796114	0.655087	-0.001279
11115.000000	0.498787	0.510456	0.796104	0.655072	-0.001312
11116.000000	0.498823	0.510470	0.796101	0.655065	-0.001317
11117.000000	0.498842	0.510478	0.796099	0.655061	-0.001268
11118.000000	0.498838	0.510493	0.796084	0.655038	-0.001255
11119.000000	0.498813	0.510465	0.796069	0.655014	-0.001267
11120.000000	0.498791	0.510440	0.796052	0.654988	-0.001281
11121.000000	0.498778	0.510418	0.796035	0.654963	-0.001274
11122.000000	0.498798	0.510440	0.796047	0.654984	-0.001240
11123.000000	0.498817	0.510469	0.796053	0.654992	-0.001219
11124.000000	0.498822	0.510469	0.796050	0.654986	-0.001251
11125.000000	0.498817	0.510457	0.796044	0.654975	-0.001266
11126.000000	0.498812	0.510457	0.796028	0.654951	-0.001254
11127.000000	0.498832	0.510482	0.796031	0.654955	-0.001236
11128.000000	0.498829	0.510488	0.796007	0.654922	-0.001216
11129.000000	0.498824	0.510482	0.795992	0.654898	-0.001216
11130.000000	0.498812	0.510463	0.795992	0.654898	-0.001244
11131.000000	0.498788	0.510436	0.796006	0.654921	-0.001240
11132.000000	0.498770	0.510426	0.796010	0.654924	-0.001199
11133.000000	0.498760	0.510421	0.796000	0.654909	-0.001173
11134.000000	0.498763	0.510448	0.796002	0.654913	-0.001190
11135.000000	0.498780	0.510501	0.796024	0.654950	-0.001235
11136.000000	0.498785	0.510532	0.796036	0.654969	-0.001268
11137.000000	0.498802	0.510532	0.796027	0.654954	-0.001264
11138.000000	0.498803	0.510522	0.796018	0.654939	-0.001240
11139.000000	0.498789	0.510548	0.796021	0.654942	-0.001229
11140.000000	0.498789	0.510573	0.796030	0.654956	-0.001241
11141.000000	0.498792	0.510589	0.796034	0.654962	-0.001274
11142.000000	0.498805	0.510605	0.796040	0.654970	-0.001319
11143.000000	0.498804	0.510585	0.796033	0.654957	-0.001336
11144.000000	0.498831	0.510576	0.796028	0.654949	-0.001313
11145.000000	0.498818	0.510574	0.796044	0.654975	-0.001277
11146.000000	0.498826	0.510565	0.796057	0.654996	-0.001239
11147.000000	0.498846	0.510604	0.796076	0.655031	-0.001223
11148.000000	0.498861	0.510632	0.796094	0.655060	-0.001243
11149.000000	0.498867	0.510643	0.796116	0.655101	-0.001273
11150.000000	0.498860	0.510624	0.796127	0.655118	-0.001292
11151.000000	0.498859	0.510605	0.796133	0.655125	-0.001272
11152.000000	0.498886	0.510618	0.796155	0.655165	-0.001231
11153.000000	0.498879	0.510639	0.796168	0.655185	-0.001199
11154.000000	0.498882	0.510663	0.796173	0.655194	-0.001178
11155.000000	0.498889	0.510696	0.796155	0.655167	-0.001148
11156.000000	0.498908	0.510758	0.796146	0.655152	-0.001115
11157.000000	0.498906	0.510788	0.796146	0.655151	-0.001087
11158.000000	0.498896	0.510828	0.796162	0.655178	-0.001072
11159.000000	0.498890	0.510862	0.796162	0.655176	-0.001067
11160.000000	0.498884	0.510863	0.796161	0.655173	-0.001069
11161.000000	0.498878	0.510867	0.796162	0.655173	-0.001053
11162.000000	0.498868	0.510883	0.796163	0.655173	-0.001081
11163.000000	0.498848	0.510850	0.796152	0.655155	-0.001111
11164.000000	0.498822	0.510824	0.796137	0.655132	-0.001129
11165.000000	0.498802	0.510804	0.796128	0.655118	-0.001136
11166.000000	0.498793	0.510781	0.796120	0.655103	-0.001149
11167.000000	0.498797	0.510776	0.796139	0.655136	-0.001198
11168.000000	0.498779	0.510746	0.796145	0.655146	-0.001212
11169.000000	0.498765	0.510732	0.796132	0.655124	-0.001233
11170.000000	0.498765	0.510728	0.796135	0.655130	-0.001280
11171.000000	0.498759	0.510753	0.796134	0.655126	-0.001297
11172.000000	0.498754	0.510772	0.796128	0.655116	-0.001329
11173.000000	0.498758	0.510754	0.796138	0.655132	-0.001357
11174.000000	0.498746	0.510738	0.796150	0.655149	-0.001366
11175.000000	0.498745	0.510716	0.796137	0.655129	-0.001362
11176.000000	0.498727	0.510701	0.796123	0.655107	-0.001366
11177.000000	0.498724	0.510742	0.796117	0.655096	-0.001385
11178.000000	0.498721	0.510753	0.796115	0.655092	-0.001380
11179.000000	0.498727	0.510732	0.796126	0.655110	-0.001321
11180.000000	0.498730	0.510707	0.796138	0.655130	-0.001280
11181.000000	0.498734	0.510701	0.796134	0.655123	-0.001297
11182.000000	0.498737	0.510691	0.796130	0.655115	-0.001334
11183.000000	0.498733	0.510706	0.796118	0.655095	-0.001336
11184.000000	0.498752	0.510762	0.796125	0.655107	-0.001319
11185.000000	0.498780	0.510851	0.796134	0.655120	-0.001337
11186.000000	0.498792	0.510872	0.796120	0.655099	-0.001332
11187.000000	0.498790	0.510904	0.796136	0.655127	-0.001263
11188.000000	0.498780	0.510923	0.796146	0.655142	-0.001215
11189.000000	0.498770	0.510897	0.796137	0.655127	-0.001220
11190.000000	0.498756	0.510880	0.796142	0.655133	-0.001253
11191.000000	0.498734	0.510869	0.796139	0.655127	-0.001274
11192.000000	0.498717	0.510864	0.796127	0.655108	-0.001287
11193.000000	0.498696	0.510829	0.796121	0.655097	-0.001315
11194.000000	0.498690	0.510854	0.796141	0.655132	-0.001386
11195.000000	0.498700	0.510890	0.796141	0.655132	-0.001437
11196.000000	0.498710	0.510902	0.796151	0.655147	-0.001446
11197.000000	0.498715	0.510884	0.796140	0.655129	-0.001435
11198.000000	0.498701	0.510859	0.796127	0.655109	-0.001429
11199.000000	0.498711	0.510843	0.796121	0.655100	-0.001427
11200.000000	0.498708	0.510856	0.796126	0.655106	-0.001387
11201.000000	0.498716	0.510902	0.796141	0.655132	-0.001369
11202.000000	0.498713	0.510911	0.796139	0.655128	-0.001388
11203.000000	0.498718	0.510954	0.796140	0.655127	-0.001429
11204.000000	0.498702	0.510943	0.796151	0.655146	-0.001437
11205.000000	0.498695	0.510928	0.796161	0.655162	-0.001411
11206.000000	0.498694	0.510934	0.796156	0.655152	-0.001394
11207.000000	0.498676	0.510942	0.796137	0.655124	-0.001392
11208.000000	0.498662	0.510925	0.796124	0.655104	-0.001412
11209.000000	0.498645	0.510901	0.796126	0.655105	-0.001427
11210.000000	0.498642	0.510876	0.796141	0.655129	-0.001416
11211.000000	0.498621	0.510847	0.796138	0.655123	-0.001416
11212.000000	0.498619	0.510847	0.796133	0.655114	-0.001430
11213.000000	0.498616	0.510848	0.796132	0.655111	-0.001433
11214.000000	0.498608	0.510821	0.796122	0.655094	-0.001426
11215.000000	0.498625	0.510804	0.796121	0.655090	-0.001430
11216.000000	0.498614	0.510780	0.796137	0.655117	-0.001440
11217.000000	0.498601	0.510749	0.796139	0.655120	-0.001437
11218.000000	0.498597	0.510733	0.796132	0.655107	-0.001407
11219.000000	0.498596	0.510743	0.796148	0.655135	-0.001353
11220.000000	0.498581	0.510732	0.796144	0.655127	-0.001316
11221.000000	0.498590	0.510752	0.796160	0.655155	-0.001274
11222.000000	0.498602	0.510783	0.796158	0.655151	-0.001249
11223.000000	0.498597	0.510785	0.796139	0.655122	-0.001226
11224.000000	0.498601	0.510805	0.796147	0.655138	-0.001237
11225.000000	0.498616	0.510793	0.796154	0.655150	-0.001273
11226.000000	0.498635	0.510800	0.796176	0.655189	-0.001308
11227.000000	0.498649	0.510795	0.796189	0.655209	-0.001266
11228.000000	0.498679	0.510797	0.796210	0.655247	-0.001231
11229.000000	0.498722	0.510806	0.796226	0.655276	-0.001272
11230.000000	0.498721	0.510791	0.796235	0.655289	-0.001310
11231.000000	0.498695	0.510765	0.796229	0.655278	-0.001323
11232.000000	0.498701	0.510764	0.796235	0.655288	-0.001376
11233.000000	0.498703	0.510768	0.796253	0.655319	-0.001444
11234.000000	0.498725	0.510772	0.796261	0.655329	-0.001466
11235.000000	0.498724	0.510758	0.796274	0.655352	-0.001442
11236.000000	0.498719	0.510741	0.796271	0.655345	-0.001414
11237.000000	0.498726	0.510740	0.796279	0.655358	-0.001377
11238.000000	0.498708	0.510734	0.796291	0.655377	-0.001335
11239.000000	0.498699	0.510726	0.796291	0.655375	-0.001312
11240.000000	0.498699	0.510718	0.796275	0.655351	-0.001331
11241.000000	0.498724	0.510735	0.796286	0.655369	-0.001366
11242.000000	0.498728	0.510758	0.796285	0.655367	-0.001385
11243.000000	0.498714	0.510753	0.796289	0.655373	-0.001390
11244.000000	0.498705	0.510726	0.796287	0.655369	-0.001371
11245.000000	0.498686	0.510708	0.796277	0.655352	-0.001342
11246.000000	0.498671	0.510684	0.796268	0.655338	-0.001341
11247.000000	0.498656	0.510662	0.796267	0.655335	-0.001342
11248.000000	0.498656	0.510668	0.796257	0.655319	-0.001325
11249.000000	0.498663	0.510662	0.796276	0.655351	-0.001268
11250.000000	0.498656	0.510669	0.796266	0.655335	-0.001242
11251.000000	0.498648	0.510687	0.796246	0.655306	-0.001233
11252.000000	0.498638	0.510693	0.796226	0.655277	-0.001217
11253.000000	0.498637	0.510659	0.796232	0.655287	-0.001158
11254.000000	0.498635	0.510645	0.796249	0.655315	-0.001098
11255.000000	0.498637	0.510649	0.796240	0.655299	-0.001080
11256.000000	0.498628	0.510655	0.796242	0.655301	-0.001101
11257.000000	0.498636	0.510659	0.796266	0.655345	-0.001090
11258.000000	0.498625	0.510646	0.796259	0.655334	-0.001060
11259.000000	0.498639	0.510674	0.796274	0.655359	-0.001004
11260.000000	0.498647	0.510685	0.796280	0.655368	-0.000960
11261.000000	0.498640	0.510671	0.796280	0.655364	-0.000961
11262.000000	0.498654	0.510689	0.796294	0.655388	-0.000986
11263.000000	0.498645	0.510689	0.796300	0.655398	-0.001014
11264.000000	0.498630	0.510686	0.796322	0.655436	-0.001078
11265.000000	0.498628	0.510707	0.796336	0.655458	-0.001127
11266.000000	0.498634	0.510727	0.796327	0.655444	-0.001142
11267.000000	0.498639	0.510725	0.796319	0.655431	-0.001110
11268.000000	0.498618	0.510710	0.796301	0.655404	-0.001096
11269.000000	0.498612	0.510697	0.796285	0.655380	-0.001117
11270.000000	0.498624	0.510738	0.796295	0.655395	-0.001162
11271.000000	0.498647	0.510787	0.796308	0.655418	-0.001170
11272.000000	0.498665	0.510793	0.796291	0.655393	-0.001152
11273.000000	0.498651	0.510806	0.796273	0.655366	-0.001163
11274.000000	0.498645	0.510803	0.796265	0.655353	-0.001204
11275.000000	0.498639	0.510792	0.796282	0.655382	-0.001261
11276.000000	0.498632	0.510778	0.796289	0.655391	-0.001292
11277.000000	0.498615	0.510759	0.796271	0.655365	-0.001291
11278.000000	0.498600	0.510746	0.796257	0.655343	-0.001318
11279.000000	0.498589	0.510738	0.796268	0.655361	-0.001374
11280.000000	0.498593	0.510740	0.796282	0.655384	-0.001403
11281.000000	0.498584	0.510729	0.796287	0.655390	-0.001407
11282.000000	0.498571	0.510738	0.796284	0.655384	-0.001391
11283.000000	0.498576	0.510723	0.796270	0.655363	-0.001399
11284.000000	0.498576	0.510699	0.796276	0.655372	-0.001419
11285.000000	0.498575	0.510706	0.796276	0.655370	-0.001413
11286.000000	0.498582	0.510737	0.796282	0.655377	-0.001431
11287.000000	0.498578	0.510761	0.796294	0.655396	-0.001455
11288.000000	0.498576	0.510762	0.796315	0.655434	-0.001436
11289.000000	0.498562	0.510757	0.796305	0.655419	-0.001418
11290.000000	0.498550	0.510754	0.796290	0.655396	-0.001424
11291.000000	0.498574	0.510772	0.796283	0.655384	-0.001437
11292.000000	0.498610	0.510782	0.796287	0.655391	-0.001428
11293.000000	0.498623	0.510768	0.796294	0.655403	-0.001462
11294.000000	0.498624	0.510756	0.796295	0.655404	-0.001482
11295.000000	0.498626	0.510731	0.796280	0.655382	-0.001478
11296.000000	0.498626	0.510717	0.796288	0.655396	-0.001536
11297.000000	0.498646	0.510729	0.796282	0.655386	-0.001562
11298.000000	0.498653	0.510753	0.796269	0.655365	-0.001549
11299.000000	0.498639	0.510753	0.796266	0.655358	-0.001529
11300.000000	0.498630	0.510730	0.796276	0.655375	-0.001521
11301.000000	0.498629	0.510718	0.796283	0.655384	-0.001499
11302.000000	0.498622	0.510720	0.796284	0.655385	-0.001455
11303.000000	0.498613	0.510741	0.796304	0.655419	-0.001387
11304.000000	0.498608	0.510753	0.796305	0.655419	-0.001345
11305.000000	0.498617	0.510774	0.796296	0.655403	-0.001363
11306.000000	0.498624	0.510754	0.796280	0.655380	-0.001381
11307.000000	0.498639	0.510747	0.796268	0.655360	-0.001387
11308.000000	0.498644	0.510728	0.796254	0.655339	-0.001385
11309.000000	0.498655	0.510708	0.796244	0.655323	-0.001395
11310.000000	0.498653	0.510695	0.796227	0.655297	-0.001395
11311.000000	0.498657	0.510674	0.796220	0.655284	-0.001368
11312.000000	0.498651	0.510666	0.796238	0.655316	-0.001354
11313.000000	0.498636	0.510675	0.796239	0.655316	-0.001344
11314.000000	0.498628	0.510702	0.796235	0.655307	-0.001331
11315.000000	0.498648	0.510703	0.796216	0.655280	-0.001306
11316.000000	0.498677	0.510767	0.796205	0.655263	-0.001298
11317.000000	0.498670	0.510798	0.796214	0.655277	-0.001293
11318.000000	0.498671	0.510810	0.796220	0.655285	-0.001279
11319.000000	0.498664	0.510814	0.796211	0.655270	-0.001257
11320.000000	0.498658	0.510802	0.796198	0.655249	-0.001267
11321.000000	0.498646	0.510799	0.796200	0.655250	-0.001299
11322.000000	0.498635	0.510799	0.796204	0.655256	-0.001316
11323.000000	0.498660	0.510806	0.796216	0.655276	-0.001328
11324.000000	0.498661	0.510802	0.796225	0.655292	-0.001303
11325.000000	0.498647	0.510789	0.796233	0.655303	-0.001272
11326.000000	0.498644	0.510798	0.796237	0.655309	-0.001292
11327.000000	0.498655	0.510793	0.796258	0.655346	-0.001338
11328.000000	0.498660	0.510787	0.796255	0.655339	-0.001334
11329.000000	0.498653	0.510785	0.796251	0.655331	-0.001312
11330.000000	0.498644	0.510763	0.796237	0.655309	-0.001319
11331.000000	0.498649	0.510748	0.796222	0.655286	-0.001338
11332.000000	0.498656	0.510733	0.796209	0.655265	-0.001327
11333.000000	0.498659	0.510721	0.796204	0.655256	-0.001359
11334.000000	0.498677	0.510743	0.796194	0.655240	-0.001376
11335.000000	0.498672	0.510750	0.796193	0.655237	-0.001414
11336.000000	0.498673	0.510743	0.796181	0.655218	-0.001438
11337.000000	0.498671	0.510719	0.796164	0.655194	-0.001423
11338.000000	0.498657	0.510704	0.796176	0.655213	-0.001411
11339.000000	0.498645	0.510702	0.796191	0.655238	-0.001431
11340.000000	0.498640	0.510702	0.796213	0.655275	-0.001477
11341.000000	0.498630	0.510724	0.796213	0.655274	-0.001518
11342.000000	0.498617	0.510741	0.796200	0.655254	-0.001555
11343.000000	0.498615	0.510760	0.796207	0.655265	-0.001576
11344.000000	0.498622	0.510764	0.796214	0.655275	-0.001582
11345.000000	0.498616	0.510757	0.796205	0.655260	-0.001592
11346.000000	0.498617	0.510785	0.796201	0.655252	-0.001625
11347.000000	0.498601	0.510764	0.796197	0.655244	-0.001659
11348.000000	0.498587	0.510750	0.796202	0.655250	-0.001681
11349.000000	0.498591	0.510763	0.796208	0.655259	-0.001670
11350.000000	0.498595	0.510758	0.796205	0.655252	-0.001668
11351.000000	0.498599	0.510763	0.796194	0.655235	-0.001673
11352.000000	0.498595	0.510744	0.796176	0.655208	-0.001660
11353.000000	0.498589	0.510717	0.796175	0.655204	-0.001646
11354.000000	0.498599	0.510706	0.796187	0.655225	-0.001666
11355.000000	0.498593	0.510682	0.796204	0.655252	-0.001710
11356.000000	0.498577	0.510657	0.796222	0.655283	-0.001727
11357.000000	0.498572	0.510654	0.796231	0.655297	-0.001713
11358.000000	0.498584	0.510668	0.796229	0.655292	-0.001705
11359.000000	0.498572	0.510654	0.796245	0.655319	-0.001735
11360.000000	0.498553	0.510626	0.796263	0.655349	-0.001786
11361.000000	0.498535	0.510595	0.796258	0.655341	-0.001834
11362.000000	0.498514	0.510569	0.796269	0.655360	-0.001894
11363.000000	0.498494	0.510558	0.796297	0.655412	-0.001975
11364.000000	0.498501	0.510538	0.796321	0.655454	-0.002035
11365.000000	0.498505	0.510536	0.796334	0.655477	-0.002034
11366.000000	0.498507	0.510562	0.796341	0.655485	-0.001990
11367.000000	0.498520	0.510604	0.796331	0.655469	-0.001968
11368.000000	0.498537	0.510608	0.796326	0.655461	-0.001992
11369.000000	0.498548	0.510627	0.796341	0.655485	-0.002042
11370.000000	0.498548	0.510616	0.796336	0.655477	-0.002055
11371.000000	0.498540	0.510589	0.796327	0.655461	-0.002047
11372.000000	0.498542	0.510555	0.796319	0.655447	-0.002057
11373.000000	0.498534	0.510527	0.796326	0.655458	-0.002093
11374.000000	0.498540	0.510526	0.796348	0.655497	-0.002127
11375.000000	0.498568	0.510540	0.796355	0.655507	-0.002111
11376.000000	0.498570	0.510534	0.796351	0.655499	-0.002137
11377.000000	0.498547	0.510518	0.796356	0.655505	-0.002188
11378.000000	0.498531	0.510510	0.796370	0.655529	-0.002241
11379.000000	0.498533	0.510520	0.796388	0.655559	-0.002286
11380.000000	0.498554	0.510536	0.796384	0.655552	-0.002295
11381.000000	0.498544	0.510523	0.796392	0.655564	-0.002307
11382.000000	0.498541	0.510506	0.796396	0.655569	-0.002308
11383.000000	0.498539	0.510502	0.796384	0.655549	-0.002284
11384.000000	0.498534	0.510546	0.796367	0.655524	-0.002287
11385.000000	0.498542	0.510581	0.796357	0.655508	-0.002305
11386.000000	0.498552	0.510612	0.796351	0.655499	-0.002285
11387.000000	0.498548	0.510617	0.796349	0.655494	-0.002278
11388.000000	0.498569	0.510618	0.796351	0.655496	-0.002290
11389.000000	0.498555	0.510602	0.796343	0.655483	-0.002304
11390.000000	0.498545	0.510594	0.796341	0.655478	-0.002340
11391.000000	0.498533	0.510572	0.796350	0.655492	-0.002385
11392.000000	0.498538	0.510576	0.796362	0.655514	-0.002423
11393.000000	0.498529	0.510557	0.796348	0.655492	-0.002443
11394.000000	0.498515	0.510553	0.796346	0.655487	-0.002420
11395.000000	0.498499	0.510554	0.796365	0.655520	-0.002373
11396.000000	0.498493	0.510545	0.796382	0.655549	-0.002329
11397.000000	0.498498	0.510549	0.796376	0.655538	-0.002319
11398.000000	0.498486	0.510538	0.796373	0.655532	-0.002324
11399.000000	0.498485	0.510515	0.796374	0.655531	-0.002337
11400.000000	0.498496	0.510503	0.796369	0.655523	-0.002332
11401.000000	0.498502	0.510518	0.796363	0.655512	-0.002309
11402.000000	0.498508	0.510561	0.796358	0.655502	-0.002284
11403.000000	0.498538	0.510573	0.796357	0.655498	-0.002253
11404.000000	0.498560	0.510595	0.796354	0.655493	-0.002237
11405.000000	0.498558	0.510618	0.796347	0.655481	-0.002240
11406.000000	0.498575	0.510634	0.796331	0.655456	-0.002233
11407.000000	0.498616	0.510647	0.796316	0.655435	-0.002254
11408.000000	0.498627	0.510655	0.796340	0.655478	-0.002300
11409.000000	0.498634	0.510665	0.796346	0.655486	-0.002305
11410.000000	0.498640	0.510705	0.796340	0.655475	-0.002316
11411.000000	0.498666	0.510700	0.796358	0.655506	-0.002360
11412.000000	0.498657	0.510676	0.796366	0.655519	-0.002397
11413.000000	0.498647	0.510662	0.796359	0.655507	-0.002399
11414.000000	0.498626	0.510634	0.796336	0.655475	-0.002389
11415.000000	0.498618	0.510603	0.796330	0.655464	-0.002400
11416.000000	0.498618	0.510595	0.796321	0.655450	-0.002401
11417.000000	0.498604	0.510593	0.796311	0.655432	-0.002413
11418.000000	0.498603	0.510605	0.796298	0.655413	-0.002422
11419.000000	0.498619	0.510649	0.796294	0.655404	-0.002401
11420.000000	0.498621	0.510697	0.796289	0.655394	-0.002375
11421.000000	0.498620	0.510696	0.796281	0.655381	-0.002385
11422.000000	0.498626	0.510697	0.796283	0.655383	-0.002428
11423.000000	0.498613	0.510683	0.796298	0.655408	-0.002493
11424.000000	0.498628	0.510658	0.796289	0.655392	-0.002519
11425.000000	0.498633	0.510657	0.796284	0.655384	-0.002503
11426.000000	0.498634	0.510649	0.796267	0.655358	-0.002496
11427.000000	0.498627	0.510680	0.796254	0.655338	-0.002480
11428.000000	0.498624	0.510707	0.796241	0.655317	-0.002463
11429.000000	0.498643	0.510751	0.796237	0.655311	-0.002435
11430.000000	0.498648	0.510775	0.796231	0.655300	-0.002423
11431.000000	0.498643	0.510760	0.796217	0.655279	-0.002443
11432.000000	0.498645	0.510775	0.796231	0.655302	-0.002494
11433.000000	0.498649	0.510824	0.796231	0.655303	-0.002544
11434.000000	0.498638	0.510844	0.796214	0.655277	-0.002554
11435.000000	0.498636	0.510855	0.796196	0.655250	-0.002543
11436.000000	0.498640	0.510882	0.796198	0.655252	-0.002529
11437.000000	0.498644	0.510901	0.796207	0.655265	-0.002528
11438.000000	0.498628	0.510899	0.796222	0.655292	-0.002524
11439.000000	0.498629	0.510896	0.796231	0.655305	-0.002518
11440.000000	0.498653	0.510886	0.796239	0.655318	-0.002506
11441.000000	0.498654	0.510889	0.796220	0.655290	-0.002497
11442.000000	0.498662	0.510912	0.796202	0.655264	-0.002470
11443.000000	0.498679	0.510975	0.796204	0.655265	-0.002434
11444.000000	0.498711	0.511098	0.796222	0.655296	-0.002420
11445.000000	0.498732	0.511174	0.796227	0.655304	-0.002443
11446.000000	0.498736	0.511199	0.796238	0.655321	-0.002454
11447.000000	0.498723	0.511193	0.796254	0.655347	-0.002428
11448.000000	0.498711	0.511179	0.796259	0.655354	-0.002398
11449.000000	0.498702	0.511162	0.796246	0.655333	-0.002386
11450.000000	0.498710	0.511145	0.796254	0.655345	-0.002377
11451.000000	0.498713	0.511123	0.796246	0.655332	-0.002362
11452.000000	0.498719	0.511122	0.796239	0.655320	-0.002377
11453.000000	0.498715	0.511095	0.796220	0.655292	-0.002375
11454.000000	0.498713	0.511080	0.796225	0.655299	-0.002361
11455.000000	0.498703	0.511123	0.796245	0.655335	-0.002382
11456.000000	0.498703	0.511139	0.796253	0.655347	-0.002424
11457.000000	0.498711	0.511174	0.796263	0.655362	-0.002479
11458.000000	0.498735	0.511213	0.796274	0.655379	-0.002485
11459.000000	0.498744	0.511214	0.796277	0.655382	-0.002465
11460.000000	0.498740	0.511207	0.796291	0.655406	-0.002412
11461.000000	0.498748	0.511193	0.796301	0.655422	-0.002392
11462.000000	0.498763	0.511201	0.796310	0.655434	-0.002401
11463.000000	0.498800	0.511220	0.796318	0.655448	-0.002452
11464.000000	0.498815	0.511225	0.796310	0.655434	-0.002463
11465.000000	0.498819	0.511233	0.796309	0.655431	-0.002428
11466.000000	0.498812	0.511213	0.796305	0.655424	-0.002447
11467.000000	0.498808	0.511205	0.796321	0.655450	-0.002496
11468.000000	0.498810	0.511208	0.796337	0.655478	-0.002531
11469.000000	0.498801	0.511202	0.796337	0.655475	-0.002538
11470.000000	0.498788	0.511178	0.796335	0.655472	-0.002553
11471.000000	0.498783	0.511167	0.796323	0.655453	-0.002556
11472.000000	0.498779	0.511176	0.796338	0.655478	-0.002499
11473.000000	0.498779	0.511200	0.796348	0.655493	-0.002451
11474.000000	0.498793	0.511226	0.796358	0.655510	-0.002417
11475.000000	0.498797	0.511227	0.796366	0.655522	-0.002440
11476.000000	0.498804	0.511209	0.796372	0.655531	-0.002488
11477.000000	0.498803	0.511187	0.796375	0.655533	-0.002495
11478.000000	0.498790	0.511188	0.796368	0.655520	-0.002468
11479.000000	0.498782	0.511184	0.796365	0.655515	-0.002444
11480.000000	0.498793	0.511161	0.796357	0.655502	-0.002459
11481.000000	0.498814	0.511171	0.796378	0.655540	-0.002485
11482.000000	0.498824	0.511171	0.796378	0.655537	-0.002468
11483.000000	0.498820	0.511178	0.796359	0.655511	-0.002473
11484.000000	0.498821	0.511170	0.796362	0.655515	-0.002499
11485.000000	0.498821	0.511156	0.796362	0.655516	-0.002534
11486.000000	0.498815	0.511140	0.796347	0.655494	-0.002541
11487.000000	0.498806	0.511119	0.796353	0.655502	-0.002529
11488.000000	0.498804	0.511111	0.796358	0.655509	-0.002574
11489.000000	0.498790	0.511102	0.796375	0.655537	-0.002644
11490.000000	0.498780	0.511078	0.796400	0.655581	-0.002693
11491.000000	0.498784	0.511053	0.796394	0.655571	-0.002698
11492.000000	0.498785	0.511041	0.796382	0.655552	-0.002672
11493.000000	0.498805	0.511035	0.796381	0.655549	-0.002633
11494.000000	0.498829	0.511046	0.796375	0.655539	-0.002605
11495.000000	0.498841	0.511042	0.796367	0.655524	-0.002605
11496.000000	0.498868	0.511035	0.796374	0.655536	-0.002643
11497.000000	0.498861	0.511029	0.796390	0.655563	-0.002678
11498.000000	0.498858	0.511002	0.796397	0.655572	-0.002649
11499.000000	0.498864	0.510988	0.796394	0.655567	-0.002629
11500.000000	0.498855	0.510964	0.796382	0.655548	-0.002632
11501.000000	0.498837	0.510945	0.796382	0.655547	-0.002618
11502.000000	0.498839	0.510943	0.796391	0.655560	-0.002613
11503.000000	0.498849	0.510968	0.796399	0.655571	-0.002657
11504.000000	0.498850	0.510968	0.796398	0.655569	-0.002689
11505.000000	0.498841	0.510985	0.796398	0.655566	-0.002677
11506.000000	0.498829	0.510976	0.796396	0.655563	-0.002662
11507.000000	0.498826	0.510982	0.796412	0.655590	-0.002628
11508.000000	0.498825	0.510989	0.796413	0.655590	-0.002587
11509.000000	0.498842	0.511005	0.796408	0.655580	-0.002600
11510.000000	0.498837	0.511002	0.796421	0.655601	-0.002657
11511.000000	0.498841	0.511002	0.796443	0.655640	-0.002690
11512.000000	0.498854	0.510995	0.796453	0.655657	-0.002651
11513.000000	0.498870	0.510987	0.796445	0.655642	-0.002635
11514.000000	0.498862	0.510964	0.796452	0.655652	-0.002639
11515.000000	0.498843	0.510941	0.796442	0.655637	-0.002642
11516.000000	0.498844	0.510946	0.796439	0.655632	-0.002651
11517.000000	0.498833	0.510936	0.796447	0.655644	-0.002662
11518.000000	0.498833	0.510942	0.796462	0.655668	-0.002718
11519.000000	0.498838	0.510935	0.796461	0.655665	-0.002758
11520.000000	0.498826	0.510918	0.796445	0.655642	-0.002762
11521.000000	0.498803	0.510897	0.796440	0.655632	-0.002740
11522.000000	0.498793	0.510892	0.796426	0.655611	-0.002726
11523.000000	0.498786	0.510911	0.796431	0.655619	-0.002734
11524.000000	0.498804	0.510911	0.796436	0.655626	-0.002725
11525.000000	0.498806	0.510905	0.796433	0.655620	-0.002686
11526.000000	0.498816	0.510906	0.796434	0.655619	-0.002639
11527.000000	0.498832	0.510926	0.796447	0.655641	-0.002616
11528.000000	0.498848	0.510933	0.796442	0.655633	-0.002619
11529.000000	0.498851	0.510920	0.796442	0.655630	-0.002597
11530.000000	0.498836	0.510920	0.796456	0.655654	-0.002576
11531.000000	0.498837	0.510925	0.796460	0.655659	-0.002554
11532.000000	0.498846	0.510925	0.796440	0.655631	-0.002563
11533.000000	0.498869	0.510907	0.796431	0.655615	-0.002578
11534.000000	0.498851	0.510880	0.796423	0.655601	-0.002558
11535.000000	0.498829	0.510855	0.796420	0.655594	-0.002535
11536.000000	0.498846	0.510912	0.796419	0.655592	-0.002504
11537.000000	0.498858	0.510946	0.796407	0.655573	-0.002478
11538.000000	0.498864	0.510958	0.796409	0.655575	-0.002509
11539.000000	0.498854	0.510959	0.796425	0.655602	-0.002576
11540.000000	0.498857	0.510953	0.796440	0.655626	-0.002632
11541.000000	0.498861	0.510964	0.796441	0.655626	-0.002646
11542.000000	0.498859	0.510943	0.796433	0.655613	-0.002653
11543.000000	0.498866	0.510936	0.796424	0.655599	-0.002645
11544.000000	0.498876	0.510930	0.796406	0.655571	-0.002639
11545.000000	0.498888	0.510931	0.796396	0.655555	-0.002650
11546.000000	0.498882	0.510903	0.796397	0.655557	-0.002655
11547.000000	0.498877	0.510880	0.796412	0.655582	-0.002637
11548.000000	0.498856	0.510853	0.796412	0.655580	-0.002607
11549.000000	0.498834	0.510827	0.796414	0.655582	-0.002571
11550.000000	0.498828	0.510823	0.796413	0.655578	-0.002532
11551.000000	0.498826	0.510825	0.796426	0.655599	-0.002487
11552.000000	0.498816	0.510858	0.796451	0.655645	-0.002439
11553.000000	0.498817	0.510852	0.796451	0.655644	-0.002417
11554.000000	0.498831	0.510842	0.796440	0.655627	-0.002432
11555.000000	0.498838	0.510828	0.796445	0.655633	-0.002420
11556.000000	0.498841	0.510805	0.796444	0.655630	-0.002421
11557.000000	0.498839	0.510774	0.796447	0.655634	-0.002459
11558.000000	0.498848	0.510781	0.796461	0.655656	-0.002519
11559.000000	0.498826	0.510760	0.796456	0.655647	-0.002546
11560.000000	0.498796	0.510729	0.796458	0.655648	-0.002571
11561.000000	0.498779	0.510707	0.796447	0.655631	-0.002588
11562.000000	0.498774	0.510716	0.796436	0.655614	-0.002567
11563.000000	0.498765	0.510721	0.796428	0.655599	-0.002539
11564.000000	0.498758	0.510712	0.796419	0.655584	-0.002541
11565.000000	0.498756	0.510711	0.796412	0.655572	-0.002560
11566.000000	0.498750	0.510726	0.796406	0.655561	-0.002587
11567.000000	0.498759	0.510752	0.796388	0.655535	-0.002596
11568.000000	0.498748	0.510752	0.796381	0.655524	-0.002566
11569.000000	0.498745	0.510758	0.796386	0.655529	-0.002544
11570.000000	0.498738	0.510793	0.796384	0.655525	-0.002516
11571.000000	0.498731	0.510783	0.796383	0.655523	-0.002470
11572.000000	0.498728	0.510780	0.796364	0.655495	-0.002457
11573.000000	0.498742	0.510790	0.796375	0.655513	-0.002455
11574.000000	0.498754	0.510852	0.796374	0.655511	-0.002429
11575.000000	0.498763	0.510894	0.796359	0.655488	-0.002420
11576.000000	0.498763	0.510912	0.796355	0.655481	-0.002392
11577.000000	0.498765	0.510935	0.796364	0.655494	-0.002332
11578.000000	0.498766	0.510934	0.796382	0.655526	-0.002265
11579.000000	0.498764	0.510916	0.796380	0.655521	-0.002251
11580.000000	0.498773	0.510956	0.796396	0.655548	-0.002277
11581.000000	0.498774	0.511003	0.796389	0.655536	-0.002301
11582.000000	0.498777	0.510995	0.796391	0.655537	-0.002292
11583.000000	0.498766	0.510982	0.796393	0.655540	-0.002246
11584.000000	0.498749	0.510956	0.796381	0.655520	-0.002213
11585.000000	0.498724	0.510939	0.796369	0.655502	-0.002207
11586.000000	0.498708	0.510928	0.796368	0.655498	-0.002215
11587.000000	0.498693	0.510911	0.796368	0.655496	-0.002206
11588.000000	0.498697	0.510900	0.796367	0.655493	-0.002206
11589.000000	0.498681	0.510878	0.796381	0.655516	-0.002192
11590.000000	0.498688	0.510874	0.796386	0.655524	-0.002174
11591.000000	0.498698	0.510852	0.796381	0.655514	-0.002185
11592.000000	0.498691	0.510827	0.796365	0.655490	-0.002185
11593.000000	0.498679	0.510807	0.796370	0.655497	-0.002167
11594.000000	0.498666	0.510792	0.796375	0.655504	-0.002125
11595.000000	0.498654	0.510771	0.796374	0.655500	-0.002084
11596.000000	0.498660	0.510758	0.796372	0.655496	-0.002049
11597.000000	0.498671	0.510775	0.796357	0.655472	-0.002059
11598.000000	0.498692	0.510784	0.796349	0.655461	-0.002055
11599.000000	0.498698	0.510756	0.796358	0.655475	-0.002015
11600.000000	0.498687	0.510727	0.796373	0.655499	-0.001974
11601.000000	0.498690	0.510729	0.796366	0.655487	-0.001961
11602.000000	0.498700	0.510742	0.796348	0.655461	-0.001948
11603.000000	0.498721	0.510738	0.796351	0.655465	-0.001960
11604.000000	0.498735	0.510758	0.796370	0.655498	-0.001949
11605.000000	0.498727	0.510734	0.796361	0.655483	-0.001915
11606.000000	0.498715	0.510710	0.796348	0.655464	-0.001913
11607.000000	0.498699	0.510706	0.796358	0.655480	-0.001919
11608.000000	0.498702	0.510708	0.796364	0.655488	-0.001905
11609.000000	0.498723	0.510698	0.796368	0.655495	-0.001873
11610.000000	0.498692	0.510672	0.796365	0.655488	-0.001851
11611.000000	0.498686	0.510666	0.796351	0.655467	-0.001852
11612.000000	0.498684	0.510681	0.796332	0.655438	-0.001861
11613.000000	0.498693	0.510697	0.796319	0.655418	-0.001850
11614.000000	0.498689	0.510708	0.796308	0.655401	-0.001855
11615.000000	0.498681	0.510687	0.796302	0.655392	-0.001861
11616.000000	0.498682	0.510684	0.796310	0.655404	-0.001880
11617.000000	0.498683	0.510708	0.796321	0.655423	-0.001939
11618.000000	0.498721	0.510680	0.796317	0.655417	-0.001956
11619.000000	0.498728	0.510680	0.796322	0.655426	-0.001916
11620.000000	0.498712	0.510663	0.796312	0.655410	-0.001932
11621.000000	0.498708	0.510666	0.796312	0.655407	-0.001952
11622.000000	0.498694	0.510665	0.796323	0.655424	-0.001969
11623.000000	0.498677	0.510669	0.796325	0.655426	-0.001992
11624.000000	0.498671	0.510687	0.796334	0.655440	-0.002040
11625.000000	0.498680	0.510706	0.796350	0.655467	-0.002074
11626.000000	0.498685	0.510731	0.796374	0.655511	-0.002032
11627.000000	0.498669	0.510713	0.796389	0.655534	-0.001967
11628.000000	0.498664	0.510689	0.796386	0.655529	-0.001940
11629.000000	0.498674	0.510680	0.796376	0.655512	-0.001951
11630.000000	0.498662	0.510682	0.796356	0.655484	-0.001937
11631.000000	0.498654	0.510697	0.796353	0.655477	-0.001933
11632.000000	0.498636	0.510694	0.796352	0.655474	-0.001926
11633.000000	0.498622	0.510680	0.796352	0.655473	-0.001929
11634.000000	0.498619	0.510677	0.796359	0.655483	-0.001970
11635.000000	0.498618	0.510657	0.796364	0.655490	-0.002015
11636.000000	0.498610	0.510663	0.796367	0.655493	-0.002040
11637.000000	0.498620	0.510683	0.796363	0.655486	-0.002030
11638.000000	0.498623	0.510683	0.796348	0.655463	-0.002005
11639.000000	0.498614	0.510672	0.796341	0.655452	-0.002026
11640.000000	0.498610	0.510671	0.796346	0.655458	-0.002078
11641.000000	0.498606	0.510673	0.796350	0.655463	-0.002123
11642.000000	0.498598	0.510665	0.796352	0.655464	-0.002161
11643.000000	0.498599	0.510645	0.796359	0.655473	-0.002188
11644.000000	0.498591	0.510625	0.796368	0.655488	-0.002174
11645.000000	0.498584	0.510604	0.796363	0.655478	-0.002138
11646.000000	0.498582	0.510639	0.796367	0.655484	-0.002094
11647.000000	0.498592	0.510685	0.796377	0.655499	-0.002055
11648.000000	0.498596	0.510690	0.796368	0.655485	-0.002065
11649.000000	0.498602	0.510701	0.796359	0.655469	-0.002081
11650.000000	0.498593	0.510715	0.796350	0.655454	-0.002109
11651.000000	0.498586	0.510728	0.796352	0.655456	-0.002147
11652.000000	0.498580	0.510722	0.796347	0.655446	-0.002172
11653.000000	0.498591	0.510738	0.796336	0.655428	-0.002174
11654.000000	0.498591	0.510745	0.796342	0.655437	-0.002162
11655.000000	0.498570	0.510726	0.796364	0.655477	-0.002149
11656.000000	0.498563	0.510722	0.796382	0.655508	-0.002150
11657.000000	0.498557	0.510749	0.796380	0.655504	-0.002153
11658.000000	0.498567	0.510769	0.796377	0.655498	-0.002143
11659.000000	0.498578	0.510772	0.796372	0.655489	-0.002109
11660.000000	0.498582	0.510752	0.796369	0.655483	-0.002093
11661.000000	0.498569	0.510737	0.796383	0.655507	-0.002073
11662.000000	0.498553	0.510717	0.796385	0.655507	-0.002042
11663.000000	0.498540	0.510709	0.796379	0.655497	-0.002018
11664.000000	0.498523	0.510699	0.796380	0.655497	-0.001991
11665.000000	0.498516	0.510685	0.796375	0.655488	-0.001994
11666.000000	0.498514	0.510668	0.796376	0.655488	-0.002014
11667.000000	0.498510	0.510658	0.796390	0.655514	-0.001995
11668.000000	0.498520	0.510651	0.796393	0.655517	-0.001982
11669.000000	0.498513	0.510655	0.796388	0.655508	-0.001989
11670.000000	0.498511	0.510654	0.796378	0.655492	-0.001991
11671.000000	0.498511	0.510663	0.796375	0.655486	-0.002035
11672.000000	0.498526	0.510669	0.796369	0.655474	-0.002059
11673.000000	0.498532	0.510670	0.796359	0.655458	-0.002068
11674.000000	0.498532	0.510647	0.796367	0.655471	-0.002121
11675.000000	0.498519	0.510629	0.796381	0.655494	-0.002176
11676.000000	0.498510	0.510609	0.796397	0.655520	-0.002173
11677.000000	0.498512	0.510593	0.796414	0.655550	-0.002139
11678.000000	0.498507	0.510593	0.796408	0.655539	-0.002140
11679.000000	0.498502	0.510611	0.796398	0.655522	-0.002158
11680.000000	0.498495	0.510606	0.796387	0.655505	-0.002157
11681.000000	0.498487	0.510580	0.796383	0.655498	-0.002127
11682.000000	0.498502	0.510589	0.796392	0.655512	-0.002151
11683.000000	0.498505	0.510601	0.796401	0.655526	-0.002188
11684.000000	0.498510	0.510593	0.796409	0.655539	-0.002163
11685.000000	0.498531	0.510580	0.796425	0.655564	-0.002105
11686.000000	0.498524	0.510557	0.796428	0.655568	-0.002102
11687.000000	0.498520	0.510556	0.796440	0.655588	-0.002142
11688.000000	0.498512	0.510562	0.796430	0.655571	-0.002155
11689.000000	0.498497	0.510546	0.796430	0.655571	-0.002172
11690.000000	0.498492	0.510526	0.796437	0.655582	-0.002200
11691.000000	0.498493	0.510512	0.796444	0.655593	-0.002252
11692.000000	0.498506	0.510509	0.796460	0.655622	-0.002312
11693.000000	0.498516	0.510499	0.796444	0.655598	-0.002288
11694.000000	0.498505	0.510482	0.796441	0.655592	-0.002258
11695.000000	0.498500	0.510463	0.796433	0.655578	-0.002254
11696.000000	0.498515	0.510468	0.796435	0.655579	-0.002211
11697.000000	0.498512	0.510461	0.796448	0.655601	-0.002175
11698.000000	0.498500	0.510459	0.796470	0.655641	-0.002153
11699.000000	0.498487	0.510452	0.796477	0.655651	-0.002123
11700.000000	0.498477	0.510424	0.796468	0.655638	-0.002143
11701.000000	0.498471	0.510398	0.796471	0.655641	-0.002174
11702.000000	0.498478	0.510406	0.796489	0.655671	-0.002193
11703.000000	0.498486	0.510406	0.796511	0.655711	-0.002174
11704.000000	0.498505	0.510414	0.796525	0.655734	-0.002121
11705.000000	0.498518	0.510426	0.796550	0.655779	-0.002121
11706.000000	0.498539	0.510450	0.796557	0.655792	-0.002152
11707.000000	0.498541	0.510440	0.796552	0.655783	-0.002183
11708.000000	0.498569	0.510452	0.796558	0.655792	-0.002229
11709.000000	0.498573	0.510445	0.796550	0.655779	-0.002233
11710.000000	0.498572	0.510481	0.796538	0.655760	-0.002247
11711.000000	0.498574	0.510518	0.796522	0.655735	-0.002254
11712.000000	0.498557	0.510508	0.796517	0.655726	-0.002233
11713.000000	0.498548	0.510519	0.796504	0.655706	-0.002220
11714.000000	0.498550	0.510553	0.796499	0.655697	-0.002199
11715.000000	0.498558	0.510567	0.796507	0.655709	-0.002149
11716.000000	0.498553	0.510550	0.796522	0.655735	-0.002095
11717.000000	0.498557	0.510546	0.796538	0.655760	-0.002109
11718.000000	0.498564	0.510530	0.796555	0.655789	-0.002170
11719.000000	0.498563	0.510516	0.796568	0.655811	-0.002189
11720.000000	0.498552	0.510509	0.796567	0.655808	-0.002158
11721.000000	0.498555	0.510512	0.796585	0.655840	-0.002109
11722.000000	0.498553	0.510510	0.796581	0.655832	-0.002102
11723.000000	0.498555	0.510519	0.796576	0.655823	-0.002127
11724.000000	0.498539	0.510510	0.796563	0.655802	-0.002136
11725.000000	0.498541	0.510485	0.796549	0.655781	-0.002134
11726.000000	0.498516	0.510452	0.796547	0.655776	-0.002136
11727.000000	0.498502	0.510421	0.796543	0.655768	-0.002167
11728.000000	0.498494	0.510406	0.796542	0.655765	-0.002209
11729.000000	0.498486	0.510390	0.796538	0.655758	-0.002244
11730.000000	0.498496	0.510372	0.796520	0.655731	-0.002243
11731.000000	0.498484	0.510341	0.796516	0.655723	-0.002211
11732.000000	0.498480	0.510327	0.796509	0.655711	-0.002189
11733.000000	0.498476	0.510305	0.796489	0.655682	-0.002199
11734.000000	0.498456	0.510277	0.796484	0.655673	-0.002216
11735.000000	0.498482	0.510270	0.796503	0.655708	-0.002259
11736.000000	0.498504	0.510256	0.796525	0.655746	-0.002280
11737.000000	0.498504	0.510247	0.796539	0.655769	-0.002238
11738.000000	0.498510	0.510221	0.796530	0.655755	-0.002218
11739.000000	0.498529	0.510215	0.796524	0.655744	-0.002242
11740.000000	0.498529	0.510216	0.796528	0.655749	-0.002242
11741.000000	0.498522	0.510218	0.796536	0.655762	-0.002254
11742.000000	0.498506	0.510199	0.796549	0.655782	-0.002297
11743.000000	0.498496	0.510185	0.796553	0.655786	-0.002338
11744.000000	0.498507	0.510184	0.796547	0.655776	-0.002363
11745.000000	0.498491	0.510156	0.796550	0.655779	-0.002341
11746.000000	0.498488	0.510143	0.796565	0.655805	-0.002287
11747.000000	0.498473	0.510132	0.796553	0.655787	-0.002259
11748.000000	0.498466	0.510114	0.796533	0.655758	-0.002256
11749.000000	0.498451	0.510092	0.796524	0.655743	-0.002270
11750.000000	0.498444	0.510069	0.796516	0.655729	-0.002303
11751.000000	0.498426	0.510058	0.796524	0.655741	-0.002351
11752.000000	0.498399	0.510037	0.796536	0.655760	-0.002402
11753.000000	0.498393	0.510021	0.796534	0.655755	-0.002437
11754.000000	0.498405	0.510064	0.796524	0.655740	-0.002445
11755.000000	0.498413	0.510119	0.796518	0.655729	-0.002409
11756.000000	0.498409	0.510138	0.796527	0.655742	-0.002383
11757.000000	0.498411	0.510120	0.796539	0.655762	-0.002332
11758.000000	0.498406	0.510125	0.796559	0.655798	-0.002287
11759.000000	0.498417	0.510167	0.796573	0.655821	-0.002261
11760.000000	0.498429	0.510187	0.796580	0.655832	-0.002284
11761.000000	0.498439	0.510212	0.796585	0.655838	-0.002312
11762.000000	0.498448	0.510242	0.796582	0.655832	-0.002326
11763.000000	0.498451	0.510237	0.796570	0.655813	-0.002310
11764.000000	0.498458	0.510229	0.796562	0.655799	-0.002302
11765.000000	0.498490	0.510263	0.796558	0.655792	-0.002281
11766.000000	0.498505	0.510286	0.796568	0.655809	-0.002234
11767.000000	0.498504	0.510273	0.796587	0.655842	-0.002174
11768.000000	0.498502	0.510273	0.796606	0.655875	-0.002138
11769.000000	0.498495	0.510282	0.796617	0.655893	-0.002140
11770.000000	0.498485	0.510277	0.796623	0.655899	-0.002142
11771.000000	0.498487	0.510259	0.796616	0.655887	-0.002134
11772.000000	0.498477	0.510257	0.796606	0.655871	-0.002130
11773.000000	0.498469	0.510252	0.796586	0.655843	-0.002138
11774.000000	0.498484	0.510268	0.796577	0.655828	-0.002176
11775.000000	0.498488	0.510251	0.796577	0.655827	-0.002214
11776.000000	0.498472	0.510234	0.796583	0.655834	-0.002239
11777.000000	0.498496	0.510275	0.796579	0.655827	-0.002270
11778.000000	0.498512	0.510329	0.796592	0.655848	-0.002321
11779.000000	0.498520	0.510354	0.796589	0.655842	-0.002337
11780.000000	0.498509	0.510340	0.796572	0.655817	-0.002339
11781.000000	0.498502	0.510334	0.796568	0.655809	-0.002359
11782.000000	0.498489	0.510325	0.796556	0.655791	-0.002359
11783.000000	0.498492	0.510306	0.796542	0.655769	-0.002354
11784.000000	0.498495	0.510291	0.796525	0.655743	-0.002350
11785.000000	0.498494	0.510268	0.796505	0.655715	-0.002363
11786.000000	0.498494	0.510292	0.796502	0.655710	-0.002397
11787.000000	0.498505	0.510314	0.796523	0.655746	-0.002432
11788.000000	0.498510	0.510297	0.796516	0.655734	-0.002416
11789.000000	0.498487	0.510285	0.796505	0.655716	-0.002395
11790.000000	0.498476	0.510278	0.796513	0.655729	-0.002346
11791.000000	0.498456	0.510271	0.796532	0.655763	-0.002289
11792.000000	0.498444	0.510276	0.796528	0.655755	-0.002250
11793.000000	0.498464	0.510309	0.796534	0.655764	-0.002225
11794.000000	0.498479	0.510328	0.796555	0.655803	-0.002196
11795.000000	0.498476	0.510344	0.796547	0.655789	-0.002216
11796.000000	0.498475	0.510334	0.796533	0.655768	-0.002242
11797.000000	0.498482	0.510321	0.796526	0.655755	-0.002241
11798.000000	0.498497	0.510319	0.796540	0.655781	-0.002234
11799.000000	0.498490	0.510298	0.796527	0.655761	-0.002243
11800.000000	0.498479	0.510278	0.796532	0.655766	-0.002262
11801.000000	0.498475	0.510257	0.796527	0.655758	-0.002288
11802.000000	0.498476	0.510245	0.796521	0.655747	-0.002315
11803.000000	0.498491	0.510231	0.796509	0.655728	-0.002297
11804.000000	0.498498	0.510220	0.796513	0.655733	-0.002249
11805.000000	0.498505	0.510215	0.796507	0.655723	-0.002228
11806.000000	0.498495	0.510206	0.796488	0.655695	-0.002234
11807.000000	0.498482	0.510198	0.796485	0.655689	-0.002269
11808.000000	0.498475	0.510184	0.796491	0.655697	-0.002317
11809.000000	0.498466	0.510177	0.796516	0.655742	-0.002368
11810.000000	0.498460	0.510187	0.796526	0.655759	-0.002398
11811.000000	0.498467	0.510174	0.796514	0.655741	-0.002401
11812.000000	0.498472	0.510178	0.796520	0.655749	-0.002369
11813.000000	0.498468	0.510175	0.796511	0.655734	-0.002372
11814.000000	0.498464	0.510160	0.796499	0.655715	-0.002377
11815.000000	0.498464	0.510161	0.796485	0.655693	-0.002362
11816.000000	0.498484	0.510164	0.796492	0.655705	-0.002364
11817.000000	0.498480	0.510171	0.796492	0.655702	-0.002369
11818.000000	0.498455	0.510149	0.796492	0.655701	-0.002395
11819.000000	0.498469	0.510158	0.796500	0.655713	-0.002405
11820.000000	0.498490	0.510161	0.796502	0.655717	-0.002386
11821.000000	0.498499	0.510141	0.796494	0.655703	-0.002410
11822.000000	0.498509	0.510146	0.796512	0.655734	-0.002446
11823.000000	0.498530	0.510140	0.796499	0.655714	-0.002444
11824.000000	0.498522	0.510141	0.796485	0.655693	-0.002421
11825.000000	0.498516	0.510132	0.796482	0.655686	-0.002420
11826.000000	0.498500	0.510127	0.796489	0.655697	-0.002415
11827.000000	0.498479	0.510110	0.796499	0.655712	-0.002391
11828.000000	0.498462	0.510087	0.796501	0.655714	-0.002350
11829.000000	0.498480	0.510103	0.796516	0.655739	-0.002315
11830.000000	0.498473	0.510098	0.796527	0.655757	-0.002328
11831.000000	0.498495	0.510119	0.796538	0.655774	-0.002365
11832.000000	0.498500	0.510104	0.796541	0.655778	-0.002406
11833.000000	0.498492	0.510098	0.796544	0.655781	-0.002418
11834.000000	0.498477	0.510092	0.796536	0.655768	-0.002418
11835.000000	0.498493	0.510122	0.796526	0.655751	-0.002413
11836.000000	0.498506	0.510190	0.796505	0.655722	-0.002437
11837.000000	0.498501	0.510193	0.796503	0.655717	-0.002476
11838.000000	0.498502	0.510187	0.796494	0.655702	-0.002509
11839.000000	0.498502	0.510174	0.796492	0.655698	-0.002518
11840.000000	0.498518	0.510147	0.796481	0.655681	-0.002527
11841.000000	0.498509	0.510126	0.796480	0.655678	-0.002538
11842.000000	0.498498	0.510112	0.796471	0.655663	-0.002552
11843.000000	0.498519	0.510095	0.796463	0.655651	-0.002528
11844.000000	0.498527	0.510085	0.796451	0.655632	-0.002523
11845.000000	0.498534	0.510078	0.796457	0.655642	-0.002531
11846.000000	0.498564	0.510082	0.796459	0.655645	-0.002549
11847.000000	0.498559	0.510078	0.796452	0.655632	-0.002534
11848.000000	0.498568	0.510098	0.796457	0.655640	-0.002562
11849.000000	0.498564	0.510136	0.796475	0.655674	-0.002628
11850.000000	0.498575	0.510177	0.796488	0.655695	-0.002679
11851.000000	0.498571	0.510199	0.796480	0.655681	-0.002664
11852.000000	0.498561	0.510185	0.796474	0.655670	-0.002621
11853.000000	0.498567	0.510205	0.796477	0.655675	-0.002581
11854.000000	0.498577	0.510227	0.796467	0.655659	-0.002593
11855.000000	0.498596	0.510248	0.796458	0.655644	-0.002609
11856.000000	0.498623	0.510231	0.796455	0.655638	-0.002580
11857.000000	0.498635	0.510257	0.796465	0.655655	-0.002533
11858.000000	0.498655	0.510282	0.796462	0.655648	-0.002518
11859.000000	0.498671	0.510292	0.796462	0.655648	-0.002530
11860.000000	0.498673	0.510312	0.796446	0.655623	-0.002531
11861.000000	0.498668	0.510297	0.796440	0.655614	-0.002562
11862.000000	0.498662	0.510282	0.796461	0.655649	-0.002619
11863.000000	0.498656	0.510274	0.796476	0.655676	-0.002644
11864.000000	0.498643	0.510253	0.796483	0.655686	-0.002660
11865.000000	0.498629	0.510242	0.796496	0.655707	-0.002671
11866.000000	0.498615	0.510214	0.796495	0.655704	-0.002656
11867.000000	0.498611	0.510189	0.796484	0.655686	-0.002647
11868.000000	0.498618	0.510169	0.796471	0.655666	-0.002657
11869.000000	0.498618	0.510152	0.796465	0.655655	-0.002668
11870.000000	0.498624	0.510154	0.796460	0.655647	-0.002673
11871.000000	0.498625	0.510144	0.796458	0.655642	-0.002671
11872.000000	0.498600	0.510120	0.796454	0.655634	-0.002674
11873.000000	0.498588	0.510118	0.796438	0.655611	-0.002664
11874.000000	0.498565	0.510100	0.796418	0.655581	-0.002651
11875.000000	0.498566	0.510092	0.796403	0.655558	-0.002646
11876.000000	0.498560	0.510078	0.796402	0.655556	-0.002661
11877.000000	0.498561	0.510076	0.796406	0.655560	-0.002677
11878.000000	0.498583	0.510089	0.796403	0.655555	-0.002655
11879.000000	0.498585	0.510082	0.796387	0.655530	-0.002654
11880.000000	0.498591	0.510086	0.796372	0.655508	-0.002661
11881.000000	0.498602	0.510090	0.796362	0.655491	-0.002650
11882.000000	0.498607	0.510078	0.796356	0.655480	-0.002619
11883.000000	0.498599	0.510082	0.796360	0.655485	-0.002569
11884.000000	0.498583	0.510073	0.796363	0.655489	-0.002528
11885.000000	0.498573	0.510087	0.796349	0.655467	-0.002504
11886.000000	0.498561	0.510089	0.796341	0.655455	-0.002487
11887.000000	0.498551	0.510084	0.796338	0.655448	-0.002483
11888.000000	0.498538	0.510067	0.796352	0.655472	-0.002489
11889.000000	0.498533	0.510048	0.796373	0.655509	-0.002463
11890.000000	0.498520	0.510031	0.796387	0.655532	-0.002413
11891.000000	0.498517	0.510013	0.796395	0.655543	-0.002372
11892.000000	0.498525	0.509991	0.796383	0.655525	-0.002365
11893.000000	0.498524	0.509989	0.796395	0.655545	-0.002398
11894.000000	0.498513	0.509960	0.796393	0.655539	-0.002428
11895.000000	0.498512	0.509952	0.796388	0.655530	-0.002424
11896.000000	0.498503	0.509936	0.796386	0.655525	-0.002389
11897.000000	0.498506	0.509924	0.796383	0.655520	-0.002369
11898.000000	0.498511	0.509913	0.796393	0.655536	-0.002388
11899.000000	0.498516	0.509897	0.796413	0.655570	-0.002425
11900.000000	0.498544	0.509886	0.796408	0.655561	-0.002460
11901.000000	0.498542	0.509875	0.796426	0.655593	-0.002474
11902.000000	0.498539	0.509875	0.796449	0.655634	-0.002493
11903.000000	0.498545	0.509888	0.796450	0.655635	-0.002500
11904.000000	0.498535	0.509898	0.796436	0.655614	-0.002509
11905.000000	0.498535	0.509877	0.796448	0.655632	-0.002525
11906.000000	0.498528	0.509850	0.796467	0.655666	-0.002580
11907.000000	0.498515	0.509832	0.796485	0.655697	-0.002646
11908.000000	0.498501	0.509838	0.796495	0.655711	-0.002696
11909.000000	0.498475	0.509820	0.796498	0.655715	-0.002722
11910.000000	0.498456	0.509789	0.796514	0.655742	-0.002753
11911.000000	0.498437	0.509761	0.796510	0.655735	-0.002771
11912.000000	0.498424	0.509736	0.796491	0.655707	-0.002759
11913.000000	0.498408	0.509721	0.796478	0.655688	-0.002754
11914.000000	0.498396	0.509713	0.796491	0.655708	-0.002745
11915.000000	0.498404	0.509711	0.796489	0.655705	-0.002749
11916.000000	0.498413	0.509704	0.796489	0.655704	-0.002734
11917.000000	0.498409	0.509690	0.796500	0.655722	-0.002718
11918.000000	0.498416	0.509674	0.796494	0.655711	-0.002701
11919.000000	0.498404	0.509655	0.796490	0.655703	-0.002701
11920.000000	0.498393	0.509633	0.796494	0.655708	-0.002708
11921.000000	0.498376	0.509606	0.796494	0.655707	-0.002734
11922.000000	0.498363	0.509586	0.796493	0.655703	-0.002759
11923.000000	0.498352	0.509562	0.796505	0.655724	-0.002794
11924.000000	0.498362	0.509552	0.796525	0.655759	-0.002813
11925.000000	0.498362	0.509558	0.796514	0.655741	-0.002821
11926.000000	0.498375	0.509606	0.796503	0.655724	-0.002846
11927.000000	0.498372	0.509618	0.796482	0.655694	-0.002850
11928.000000	0.498380	0.509604	0.796473	0.655678	-0.002853
11929.000000	0.498394	0.509592	0.796471	0.655674	-0.002878
11930.000000	0.498428	0.509623	0.796475	0.655680	-0.002914
11931.000000	0.498430	0.509658	0.796465	0.655663	-0.002921
11932.000000	0.498435	0.509664	0.796465	0.655663	-0.002898
11933.000000	0.498422	0.509640	0.796465	0.655662	-0.002862
11934.000000	0.498423	0.509624	0.796468	0.655665	-0.002830
11935.000000	0.498448	0.509619	0.796486	0.655696	-0.002820
11936.000000	0.498453	0.509597	0.796489	0.655700	-0.002852
11937.000000	0.498439	0.509568	0.796489	0.655698	-0.002884
11938.000000	0.498429	0.509546	0.796497	0.655710	-0.002875
11939.000000	0.498421	0.509522	0.796481	0.655686	-0.002879
11940.000000	0.498406	0.509513	0.796470	0.655668	-0.002890
11941.000000	0.498388	0.509504	0.796465	0.655658	-0.002886
11942.000000	0.498393	0.509521	0.796469	0.655664	-0.002890
11943.000000	0.498403	0.509522	0.796471	0.655667	-0.002878
11944.000000	0.498396	0.509516	0.796468	0.655660	-0.002851
11945.000000	0.498393	0.509494	0.796484	0.655688	-0.002812
11946.000000	0.498381	0.509495	0.796504	0.655723	-0.002816
11947.000000	0.498395	0.509487	0.796500	0.655717	-0.002826
11948.000000	0.498409	0.509468	0.796484	0.655693	-0.002843
11949.000000	0.498408	0.509438	0.796493	0.655707	-0.002872
11950.000000	0.498411	0.509425	0.796499	0.655716	-0.002895
11951.000000	0.498426	0.509416	0.796488	0.655699	-0.002885
11952.000000	0.498440	0.509418	0.796487	0.655696	-0.002878
11953.000000	0.498456	0.509422	0.796481	0.655686	-0.002845
11954.000000	0.498463	0.509431	0.796497	0.655714	-0.002806
11955.000000	0.498502	0.509501	0.796485	0.655696	-0.002808
11956.000000	0.498538	0.509608	0.796483	0.655692	-0.002829
11957.000000	0.498554	0.509672	0.796467	0.655668	-0.002851
11958.000000	0.498558	0.509693	0.796459	0.655655	-0.002875
11959.000000	0.498550	0.509705	0.796462	0.655658	-0.002858
11960.000000	0.498547	0.509720	0.796446	0.655635	-0.002852
11961.000000	0.498548	0.509718	0.796441	0.655627	-0.002882
11962.000000	0.498536	0.509699	0.796445	0.655631	-0.002931
11963.000000	0.498524	0.509684	0.796444	0.655629	-0.002970
11964.000000	0.498524	0.509681	0.796458	0.655650	-0.003015
11965.000000	0.498531	0.509685	0.796464	0.655660	-0.003051
11966.000000	0.498519	0.509667	0.796462	0.655655	-0.003071
11967.000000	0.498515	0.509668	0.796469	0.655665	-0.003036
11968.000000	0.498518	0.509659	0.796487	0.655696	-0.002978
11969.000000	0.498512	0.509659	0.796490	0.655700	-0.002971
11970.000000	0.498500	0.509654	0.796489	0.655697	-0.002985
11971.000000	0.498497	0.509644	0.796471	0.655671	-0.002986
11972.000000	0.498493	0.509648	0.796457	0.655650	-0.002960
11973.000000	0.498477	0.509639	0.796456	0.655646	-0.002944
11974.000000	0.498463	0.509607	0.796446	0.655629	-0.002938
11975.000000	0.498461	0.509585	0.796457	0.655648	-0.002968
11976.000000	0.498446	0.509552	0.796469	0.655667	-0.003008
11977.000000	0.498448	0.509550	0.796464	0.655657	-0.003047
11978.000000	0.498430	0.509534	0.796453	0.655640	-0.003054
11979.000000	0.498417	0.509523	0.796433	0.655611	-0.003043
11980.000000	0.498430	0.509539	0.796423	0.655595	-0.003022
11981.000000	0.498440	0.509591	0.796421	0.655590	-0.002996
11982.000000	0.498430	0.509589	0.796410	0.655573	-0.002985
11983.000000	0.498438	0.509595	0.796399	0.655554	-0.002981
11984.000000	0.498441	0.509607	0.796379	0.655526	-0.002989
11985.000000	0.498432	0.509611	0.796366	0.655506	-0.003003
11986.000000	0.498421	0.509619	0.796361	0.655497	-0.003028
11987.000000	0.498414	0.509625	0.796372	0.655514	-0.003084
11988.000000	0.498407	0.509641	0.796386	0.655539	-0.003143
11989.000000	0.498394	0.509622	0.796381	0.655529	-0.003155
11990.000000	0.498374	0.509596	0.796371	0.655514	-0.003170
11991.000000	0.498360	0.509577	0.796375	0.655518	-0.003180
11992.000000	0.498356	0.509571	0.796378	0.655521	-0.003176
11993.000000	0.498355	0.509591	0.796378	0.655520	-0.003141
11994.000000	0.498347	0.509601	0.796399	0.655557	-0.003066
11995.000000	0.498335	0.509598	0.796413	0.655581	-0.003003
11996.000000	0.498343	0.509603	0.796412	0.655578	-0.002989
11997.000000	0.498345	0.509608	0.796405	0.655565	-0.003006
11998.000000	0.498348	0.509602	0.796405	0.655564	-0.003002
11999.000000	0.498346	0.509598	0.796421	0.655591	-0.002977
12000.000000	0.498349	0.509608	0.796442	0.655627	-0.003002
12001.000000	0.498349	0.509609	0.796452	0.655644	-0.003042
12002.000000	0.498358	0.509604	0.796454	0.655646	-0.003054
12003.000000	0.498364	0.509617	0.796462	0.655659	-0.003041
12004.000000	0.498358	0.509632	0.796480	0.655688	-0.003041
12005.000000	0.498380	0.509701	0.796496	0.655716	-0.003031
12006.000000	0.498402	0.509750	0.796502	0.655726	-0.002998
12007.000000	0.498400	0.509770	0.796500	0.655721	-0.002962
12008.000000	0.498399	0.509762	0.796496	0.655712	-0.002977
12009.000000	0.498394	0.509801	0.796514	0.655744	-0.003017
12010.000000	0.498382	0.509792	0.796526	0.655765	-0.003061
12011.000000	0.498378	0.509765	0.796513	0.655745	-0.003075
12012.000000	0.498379	0.509748	0.796526	0.655766	-0.003037
12013.000000	0.498365	0.509751	0.796537	0.655784	-0.002985
12014.000000	0.498358	0.509759	0.796555	0.655815	-0.002948
12015.000000	0.498365	0.509774	0.796550	0.655807	-0.002934
12016.000000	0.498378	0.509788	0.796545	0.655798	-0.002946
12017.000000	0.498396	0.509837	0.796553	0.655809	-0.002946
12018.000000	0.498392	0.509862	0.796550	0.655803	-0.002955
12019.000000	0.498394	0.509871	0.796553	0.655807	-0.002936
12020.000000	0.498389	0.509877	0.796567	0.655830	-0.002906
12021.000000	0.498381	0.509901	0.796579	0.655849	-0.002863
12022.000000	0.498388	0.509901	0.796569	0.655834	-0.002849
12023.000000	0.498386	0.509912	0.796564	0.655826	-0.002882
12024.000000	0.498386	0.509937	0.796575	0.655843	-0.002905
12025.000000	0.498395	0.509977	0.796582	0.655854	-0.002889
12026.000000	0.498395	0.509970	0.796584	0.655855	-0.002841
12027.000000	0.498421	0.509987	0.796597	0.655876	-0.002794
12028.000000	0.498431	0.510021	0.796597	0.655875	-0.002777
12029.000000	0.498431	0.510024	0.796601	0.655881	-0.002818
12030.000000	0.498432	0.510023	0.796601	0.655880	-0.002853
12031.000000	0.498435	0.510022	0.796606	0.655888	-0.002863
12032.000000	0.498420	0.509999	0.796594	0.655869	-0.002875
12033.000000	0.498415	0.509994	0.796603	0.655883	-0.002920
12034.000000	0.498426	0.509973	0.796618	0.655907	-0.002965
12035.000000	0.498443	0.509978	0.796642	0.655951	-0.002938
12036.000000	0.498462	0.510031	0.796642	0.655950	-0.002908
12037.000000	0.498462	0.510060	0.796628	0.655928	-0.002891
12038.000000	0.498451	0.510062	0.796616	0.655910	-0.002858
12039.000000	0.498452	0.510056	0.796606	0.655894	-0.002844
12040.000000	0.498441	0.510054	0.796600	0.655883	-0.002829
12041.000000	0.498441	0.510079	0.796590	0.655868	-0.002811
12042.000000	0.498428	0.510091	0.796583	0.655855	-0.002809
12043.000000	0.498431	0.510092	0.796584	0.655856	-0.002829
12044.000000	0.498454	0.510079	0.796591	0.655867	-0.002814
12045.000000	0.498450	0.510069	0.796582	0.655852	-0.002808
12046.000000	0.498457	0.510080	0.796579	0.655846	-0.002829
12047.000000	0.498460	0.510089	0.796582	0.655850	-0.002871
12048.000000	0.498447	0.510068	0.796592	0.655864	-0.002926
12049.000000	0.498442	0.510046	0.796588	0.655858	-0.002957
12050.000000	0.498432	0.510046	0.796582	0.655846	-0.002945
12051.000000	0.498414	0.510027	0.796583	0.655847	-0.002915
12052.000000	0.498409	0.510013	0.796583	0.655845	-0.002878
12053.000000	0.498398	0.509997	0.796593	0.655862	-0.002834
12054.000000	0.498381	0.509976	0.796604	0.655880	-0.002782
12055.000000	0.498380	0.509957	0.796600	0.655872	-0.002770
12056.000000	0.498380	0.509939	0.796597	0.655866	-0.002794
12057.000000	0.498364	0.509913	0.796585	0.655848	-0.002808
12058.000000	0.498361	0.509930	0.796575	0.655831	-0.002805
12059.000000	0.498372	0.509939	0.796572	0.655827	-0.002795
12060.000000	0.498378	0.509949	0.796563	0.655813	-0.002812
12061.000000	0.498386	0.509949	0.796566	0.655815	-0.002846
12062.000000	0.498390	0.509950	0.796559	0.655803	-0.002857
12063.000000	0.498396	0.509929	0.796553	0.655793	-0.002854
12064.000000	0.498391	0.509900	0.796542	0.655776	-0.002832
12065.000000	0.498387	0.509900	0.796552	0.655791	-0.002776
12066.000000	0.498389	0.509911	0.796566	0.655813	-0.002721
12067.000000	0.498386	0.509920	0.796586	0.655850	-0.002710
12068.000000	0.498382	0.509906	0.796594	0.655862	-0.002726
12069.000000	0.498388	0.509880	0.796586	0.655849	-0.002726
12070.000000	0.498392	0.509852	0.796581	0.655839	-0.002692
12071.000000	0.498396	0.509836	0.796589	0.655852	-0.002666
12072.000000	0.498385	0.509812	0.796607	0.655882	-0.002659
12073.000000	0.498374	0.509809	0.796615	0.655894	-0.002655
12074.000000	0.498377	0.509807	0.796604	0.655878	-0.002660
12075.000000	0.498361	0.509779	0.796599	0.655868	-0.002690
12076.000000	0.498366	0.509787	0.796593	0.655858	-0.002710
12077.000000	0.498370	0.509842	0.796600	0.655867	-0.002713
12078.000000	0.498380	0.509884	0.796597	0.655861	-0.002705
12079.000000	0.498373	0.509891	0.796609	0.655882	-0.002655
12080.000000	0.498366	0.509875	0.796618	0.655896	-0.002623
12081.000000	0.498377	0.509857	0.796623	0.655903	-0.002626
12082.000000	0.498365	0.509833	0.796639	0.655929	-0.002627
12083.000000	0.498365	0.509836	0.796658	0.655964	-0.002621
12084.000000	0.498358	0.509825	0.796647	0.655946	-0.002625
12085.000000	0.498367	0.509825	0.796636	0.655928	-0.002615
12086.000000	0.498371	0.509812	0.796637	0.655928	-0.002572
12087.000000	0.498370	0.509804	0.796635	0.655925	-0.002552
12088.000000	0.498352	0.509786	0.796635	0.655923	-0.002550
12089.000000	0.498338	0.509774	0.796644	0.655937	-0.002551
12090.000000	0.498337	0.509758	0.796642	0.655933	-0.002569
12091.000000	0.498344	0.509741	0.796629	0.655913	-0.002575
12092.000000	0.498332	0.509715	0.796632	0.655916	-0.002560
12093.000000	0.498328	0.509690	0.796632	0.655914	-0.002545
12094.000000	0.498328	0.509662	0.796632	0.655913	-0.002545
12095.000000	0.498335	0.509655	0.796641	0.655927	-0.002513
12096.000000	0.498330	0.509644	0.796651	0.655945	-0.002494
12097.000000	0.498320	0.509641	0.796640	0.655928	-0.002490
12098.000000	0.498317	0.509646	0.796637	0.655921	-0.002503
12099.000000	0.498309	0.509662	0.796661	0.655965	-0.002577
12100.000000	0.498327	0.509689	0.796666	0.655973	-0.002632
12101.000000	0.498350	0.509736	0.796653	0.655952	-0.002641
12102.000000	0.498362	0.509755	0.796661	0.655966	-0.002621
12103.000000	0.498352	0.509757	0.796659	0.655961	-0.002598
12104.000000	0.498358	0.509771	0.796662	0.655964	-0.002554
12105.000000	0.498360	0.509738	0.796666	0.655969	-0.002507
12106.000000	0.498378	0.509713	0.796658	0.655956	-0.002506
12107.000000	0.498388	0.509687	0.796665	0.655967	-0.002545
12108.000000	0.498398	0.509720	0.796668	0.655971	-0.002571
12109.000000	0.498437	0.509761	0.796667	0.655969	-0.002554
12110.000000	0.498448	0.509776	0.796670	0.655972	-0.002524
12111.000000	0.498443	0.509772	0.796672	0.655974	-0.002492
12112.000000	0.498461	0.509780	0.796684	0.655994	-0.002521
12113.000000	0.498472	0.509828	0.796694	0.656010	-0.002570
12114.000000	0.498470	0.509856	0.796686	0.655997	-0.002595
12115.000000	0.498461	0.509871	0.796674	0.655979	-0.002607
12116.000000	0.498459	0.509875	0.796666	0.655964	-0.002630
12117.000000	0.498467	0.509871	0.796680	0.655989	-0.002682
12118.000000	0.498496	0.509859	0.796678	0.655985	-0.002661
12119.000000	0.498499	0.509847	0.796695	0.656013	-0.002600
12120.000000	0.498503	0.509847	0.796706	0.656031	-0.002585
12121.000000	0.498537	0.509866	0.796717	0.656050	-0.002602
12122.000000	0.498574	0.509912	0.796715	0.656044	-0.002642
12123.000000	0.498598	0.509964	0.796708	0.656033	-0.002656
12124.000000	0.498597	0.509976	0.796714	0.656042	-0.002642
12125.000000	0.498587	0.509955	0.796722	0.656054	-0.002623
12126.000000	0.498579	0.509922	0.796705	0.656029	-0.002630
12127.000000	0.498568	0.509903	0.796692	0.656008	-0.002636
12128.000000	0.498556	0.509895	0.796686	0.655997	-0.002641
12129.000000	0.498550	0.509868	0.796676	0.655981	-0.002621
12130.000000	0.498547	0.509867	0.796657	0.655954	-0.002618
12131.000000	0.498544	0.509895	0.796652	0.655946	-0.002631
12132.000000	0.498543	0.509915	0.796661	0.655960	-0.002642
12133.000000	0.498553	0.509939	0.796654	0.655948	-0.002630
12134.000000	0.498568	0.509930	0.796646	0.655935	-0.002635
12135.000000	0.498575	0.509928	0.796649	0.655940	-0.002640
12136.000000	0.498590	0.509919	0.796653	0.655944	-0.002619
12137.000000	0.498599	0.509904	0.796647	0.655934	-0.002618
12138.000000	0.498591	0.509909	0.796644	0.655928	-0.002637
12139.000000	0.498595	0.509903	0.796641	0.655922	-0.002672
12140.000000	0.498582	0.509896	0.796650	0.655934	-0.002723
12141.000000	0.498597	0.509909	0.796655	0.655941	-0.002755
12142.000000	0.498590	0.509892	0.796646	0.655927	-0.002747
12143.000000	0.498583	0.509908	0.796642	0.655919	-0.002751
12144.000000	0.498581	0.509919	0.796650	0.655931	-0.002771
12145.000000	0.498574	0.509923	0.796659	0.655944	-0.002784
12146.000000	0.498582	0.509933	0.796669	0.655960	-0.002803
12147.000000	0.498575	0.509927	0.796665	0.655953	-0.002819
12148.000000	0.498570	0.509913	0.796676	0.655971	-0.002806
12149.000000	0.498583	0.509938	0.796669	0.655959	-0.002807
12150.000000	0.498574	0.509937	0.796673	0.655963	-0.002833
12151.000000	0.498566	0.509914	0.796674	0.655963	-0.002837
12152.000000	0.498566	0.509889	0.796689	0.655989	-0.002847
12153.000000	0.498553	0.509864	0.796688	0.655986	-0.002877
12154.000000	0.498536	0.509852	0.796699	0.656004	-0.002914
12155.000000	0.498537	0.509830	0.796709	0.656019	-0.002929
12156.000000	0.498531	0.509827	0.796694	0.655997	-0.002929
12157.000000	0.498524	0.509862	0.796683	0.655979	-0.002935
12158.000000	0.498545	0.509878	0.796668	0.655956	-0.002960
12159.000000	0.498546	0.509858	0.796659	0.655941	-0.002958
12160.000000	0.498550	0.509831	0.796659	0.655940	-0.002930
12161.000000	0.498564	0.509842	0.796650	0.655924	-0.002913
12162.000000	0.498565	0.509835	0.796640	0.655908	-0.002892
12163.000000	0.498557	0.509843	0.796629	0.655890	-0.002877
12164.000000	0.498553	0.509874	0.796619	0.655874	-0.002869
12165.000000	0.498559	0.509914	0.796610	0.655859	-0.002872
12166.000000	0.498559	0.509918	0.796609	0.655856	-0.002877
12167.000000	0.498556	0.509921	0.796621	0.655875	-0.002845
12168.000000	0.498564	0.509963	0.796626	0.655884	-0.002812
12169.000000	0.498567	0.509977	0.796623	0.655876	-0.002798
12170.000000	0.498584	0.509963	0.796616	0.655866	-0.002773
12171.000000	0.498582	0.509934	0.796618	0.655867	-0.002758
12172.000000	0.498590	0.509924	0.796611	0.655855	-0.002772
12173.000000	0.498594	0.509938	0.796612	0.655855	-0.002777
12174.000000	0.498600	0.509958	0.796622	0.655871	-0.002773
12175.000000	0.498599	0.509973	0.796622	0.655869	-0.002782
12176.000000	0.498603	0.509995	0.796620	0.655865	-0.002818
12177.000000	0.498615	0.510015	0.796615	0.655855	-0.002828
12178.000000	0.498617	0.510054	0.796612	0.655850	-0.002813
12179.000000	0.498615	0.510080	0.796628	0.655877	-0.002773
12180.000000	0.498606	0.510098	0.796642	0.655900	-0.002733
12181.000000	0.498607	0.510072	0.796630	0.655882	-0.002706
12182.000000	0.498619	0.510054	0.796615	0.655858	-0.002717
12183.000000	0.498640	0.510054	0.796601	0.655837	-0.002724
12184.000000	0.498646	0.510050	0.796606	0.655843	-0.002741
12185.000000	0.498648	0.510046	0.796613	0.655853	-0.002716
12186.000000	0.498634	0.510027	0.796631	0.655886	-0.002650
12187.000000	0.498644	0.510066	0.796648	0.655915	-0.002593
12188.000000	0.498639	0.510069	0.796647	0.655911	-0.002571
12189.000000	0.498631	0.510059	0.796635	0.655893	-0.002565
12190.000000	0.498615	0.510058	0.796629	0.655883	-0.002584
12191.000000	0.498626	0.510090	0.796619	0.655866	-0.002605
12192.000000	0.498650	0.510131	0.796626	0.655877	-0.002573
12193.000000	0.498670	0.510199	0.796624	0.655873	-0.002569
12194.000000	0.498678	0.510266	0.796623	0.655869	-0.002557
12195.000000	0.498716	0.510269	0.796610	0.655851	-0.002544
12196.000000	0.498726	0.510243	0.796603	0.655838	-0.002564
12197.000000	0.498726	0.510235	0.796605	0.655840	-0.002536
12198.000000	0.498725	0.510247	0.796616	0.655858	-0.002495
12199.000000	0.498752	0.510265	0.796608	0.655845	-0.002485
12200.000000	0.498760	0.510283	0.796616	0.655857	-0.002522
12201.000000	0.498760	0.510339	0.796625	0.655872	-0.002570
12202.000000	0.498761	0.510362	0.796644	0.655904	-0.002615
12203.000000	0.498752	0.510372	0.796644	0.655903	-0.002624
12204.000000	0.498745	0.510352	0.796646	0.655904	-0.002594
12205.000000	0.498742	0.510342	0.796637	0.655889	-0.002578
12206.000000	0.498764	0.510323	0.796646	0.655904	-0.002619
12207.000000	0.498778	0.510324	0.796661	0.655929	-0.002681
12208.000000	0.498769	0.510320	0.796674	0.655950	-0.002713
12209.000000	0.498756	0.510307	0.796671	0.655945	-0.002711
12210.000000	0.498767	0.510315	0.796673	0.655946	-0.002696
12211.000000	0.498799	0.510318	0.796668	0.655941	-0.002722
12212.000000	0.498794	0.510310	0.796686	0.655972	-0.002730
12213.000000	0.498780	0.510301	0.796689	0.655976	-0.002709
12214.000000	0.498773	0.510294	0.796688	0.655971	-0.002719
12215.000000	0.498774	0.510272	0.796694	0.655981	-0.002718
12216.000000	0.498759	0.510251	0.796708	0.656004	-0.002717
12217.000000	0.498747	0.510238	0.796707	0.656001	-0.002717
12218.000000	0.498741	0.510225	0.796700	0.655990	-0.002730
12219.000000	0.498731	0.510203	0.796707	0.656001	-0.002731
12220.000000	0.498726	0.510176	0.796712	0.656009	-0.002723
12221.000000	0.498737	0.510145	0.796706	0.655998	-0.002715
12222.000000	0.498749	0.510159	0.796713	0.656009	-0.002713
12223.000000	0.498756	0.510193	0.796707	0.655998	-0.002708
12224.000000	0.498747	0.510204	0.796700	0.655987	-0.002713
12225.000000	0.498731	0.510184	0.796694	0.655975	-0.002714
12226.000000	0.498733	0.510170	0.796696	0.655978	-0.002726
12227.000000	0.498733	0.510147	0.796684	0.655959	-0.002721
12228.000000	0.498721	0.510144	0.796695	0.655976	-0.002677
12229.000000	0.498719	0.510131	0.796708	0.655998	-0.002681
12230.000000	0.498711	0.510125	0.796706	0.655993	-0.002689
12231.000000	0.498711	0.510140	0.796695	0.655976	-0.002684
12232.000000	0.498703	0.510138	0.796679	0.655952	-0.002683
12233.000000	0.498705	0.510121	0.796673	0.655941	-0.002694
12234.000000	0.498694	0.510109	0.796686	0.655964	-0.002730
12235.000000	0.498689	0.510134	0.796697	0.655980	-0.002765
12236.000000	0.498679	0.510149	0.796697	0.655979	-0.002799
12237.000000	0.498680	0.510142	0.796693	0.655971	-0.002812
12238.000000	0.498686	0.510148	0.796707	0.655995	-0.002791
12239.000000	0.498704	0.510170	0.796706	0.655994	-0.002796
12240.000000	0.498714	0.510201	0.796692	0.655973	-0.002792
12241.000000	0.498728	0.510216	0.796691	0.655970	-0.002793
12242.000000	0.498733	0.510237	0.796700	0.655984	-0.002800
12243.000000	0.498734	0.510262	0.796690	0.655968	-0.002807
12244.000000	0.498735	0.510293	0.796679	0.655951	-0.002804
12245.000000	0.498727	0.510313	0.796679	0.655949	-0.002779
12246.000000	0.498739	0.510338	0.796686	0.655961	-0.002737
12247.000000	0.498741	0.510385	0.796673	0.655942	-0.002746
12248.000000	0.498729	0.510380	0.796687	0.655965	-0.002781
12249.000000	0.498731	0.510372	0.796686	0.655965	-0.002812
12250.000000	0.498741	0.510397	0.796677	0.655950	-0.002820
12251.000000	0.498733	0.510402	0.796657	0.655921	-0.002800
12252.000000	0.498749	0.510420	0.796642	0.655899	-0.002814
12253.000000	0.498745	0.510414	0.796646	0.655904	-0.002859
12254.000000	0.498743	0.510427	0.796643	0.655898	-0.002872
12255.000000	0.498733	0.510443	0.796625	0.655872	-0.002885
12256.000000	0.498718	0.510435	0.796616	0.655856	-0.002915
12257.000000	0.498716	0.510439	0.796619	0.655861	-0.002946
12258.000000	0.498704	0.510455	0.796615	0.655854	-0.002930
12259.000000	0.498687	0.510453	0.796618	0.655857	-0.002899
12260.000000	0.498681	0.510431	0.796629	0.655873	-0.002878
12261.000000	0.498678	0.510421	0.796626	0.655869	-0.002878
12262.000000	0.498661	0.510421	0.796610	0.655845	-0.002886
12263.000000	0.498649	0.510411	0.796601	0.655830	-0.002888
12264.000000	0.498652	0.510411	0.796582	0.655803	-0.002900
12265.000000	0.498661	0.510423	0.796574	0.655789	-0.002910
12266.000000	0.498658	0.510407	0.796575	0.655790	-0.002876
12267.000000	0.498671	0.510412	0.796592	0.655819	-0.002825
12268.000000	0.498676	0.510417	0.796590	0.655816	-0.002806
12269.000000	0.498671	0.510429	0.796586	0.655807	-0.002800
12270.000000	0.498678	0.510454	0.796577	0.655792	-0.002766
12271.000000	0.498687	0.510449	0.796565	0.655774	-0.002740
12272.000000	0.498682	0.510445	0.796553	0.655755	-0.002729
12273.000000	0.498694	0.510492	0.796543	0.655738	-0.002755
12274.000000	0.498716	0.510545	0.796537	0.655727	-0.002752
12275.000000	0.498753	0.510602	0.796533	0.655719	-0.002726
12276.000000	0.498765	0.510634	0.796537	0.655725	-0.002708
12277.000000	0.498760	0.510642	0.796548	0.655741	-0.002728
12278.000000	0.498766	0.510635	0.796541	0.655731	-0.002728
12279.000000	0.498766	0.510621	0.796529	0.655712	-0.002722
12280.000000	0.498758	0.510597	0.796538	0.655725	-0.002737
12281.000000	0.498741	0.510576	0.796545	0.655736	-0.002764
12282.000000	0.498729	0.510577	0.796540	0.655726	-0.002778
12283.000000	0.498740	0.510625	0.796520	0.655698	-0.002787
12284.000000	0.498748	0.510661	0.796517	0.655693	-0.002762
12285.000000	0.498738	0.510667	0.796528	0.655712	-0.002729
12286.000000	0.498725	0.510651	0.796527	0.655708	-0.002720
12287.000000	0.498711	0.510623	0.796513	0.655686	-0.002711
12288.000000	0.498711	0.510627	0.796503	0.655671	-0.002728
12289.000000	0.498733	0.510635	0.796521	0.655701	-0.002782
12290.000000	0.498720	0.510625	0.796516	0.655692	-0.002786
12291.000000	0.498706	0.510617	0.796504	0.655673	-0.002786
12292.000000	0.498693	0.510617	0.796500	0.655666	-0.002799
12293.000000	0.498713	0.510601	0.796495	0.655657	-0.002796
12294.000000	0.498707	0.510586	0.796490	0.655648	-0.002824
12295.000000	0.498706	0.510587	0.796503	0.655672	-0.002851
12296.000000	0.498696	0.510604	0.796513	0.655687	-0.002854
12297.000000	0.498692	0.510615	0.796530	0.655717	-0.002835
12298.000000	0.498685	0.510613	0.796542	0.655737	-0.002796
12299.000000	0.498690	0.510625	0.796540	0.655733	-0.002769
12300.000000	0.498694	0.510682	0.796556	0.655760	-0.002745
12301.000000	0.498687	0.510691	0.796550	0.655749	-0.002737
12302.000000	0.498672	0.510685	0.796536	0.655728	-0.002746
12303.000000	0.498663	0.510667	0.796535	0.655725	-0.002779
12304.000000	0.498672	0.510715	0.796543	0.655737	-0.002789
12305.000000	0.498679	0.510759	0.796534	0.655723	-0.002786
12306.000000	0.498683	0.510785	0.796527	0.655710	-0.002776
12307.000000	0.498710	0.510826	0.796532	0.655717	-0.002802
12308.000000	0.498725	0.510845	0.796521	0.655699	-0.002825
12309.000000	0.498749	0.510874	0.796513	0.655686	-0.002857
12310.000000	0.498763	0.510904	0.796508	0.655677	-0.002874
12311.000000	0.498761	0.510906	0.796491	0.655652	-0.002866
12312.000000	0.498755	0.510879	0.796480	0.655635	-0.002835
12313.000000	0.498745	0.510850	0.796469	0.655617	-0.002842
12314.000000	0.498746	0.510855	0.796480	0.655635	-0.002902
12315.000000	0.498738	0.510842	0.796500	0.655671	-0.002968
12316.000000	0.498734	0.510850	0.796499	0.655668	-0.002979
12317.000000	0.498716	0.510827	0.796497	0.655663	-0.002992
12318.000000	0.498707	0.510812	0.796510	0.655684	-0.003033
12319.000000	0.498714	0.510832	0.796521	0.655702	-0.003073
12320.000000	0.498711	0.510827	0.796508	0.655682	-0.003063
12321.000000	0.498702	0.510834	0.796513	0.655691	-0.003013
12322.000000	0.498688	0.510818	0.796531	0.655721	-0.002971
12323.000000	0.498683	0.510824	0.796543	0.655741	-0.002948
12324.000000	0.498687	0.510828	0.796541	0.655736	-0.002949
12325.000000	0.498684	0.510810	0.796527	0.655714	-0.002949
12326.000000	0.498692	0.510807	0.796523	0.655707	-0.002957
12327.000000	0.498717	0.510809	0.796523	0.655706	-0.002934
12328.000000	0.498708	0.510793	0.796528	0.655713	-0.002915
12329.000000	0.498694	0.510768	0.796532	0.655717	-0.002904
12330.000000	0.498690	0.510744	0.796542	0.655733	-0.002893
12331.000000	0.498675	0.510719	0.796537	0.655724	-0.002902
12332.000000	0.498686	0.510709	0.796526	0.655706	-0.002931
12333.000000	0.498684	0.510726	0.796534	0.655719	-0.002941
12334.000000	0.498680	0.510708	0.796529	0.655712	-0.002954
12335.000000	0.498666	0.510686	0.796510	0.655685	-0.002937
12336.000000	0.498670	0.510676	0.796500	0.655669	-0.002904
12337.000000	0.498678	0.510694	0.796509	0.655684	-0.002856
12338.000000	0.498696	0.510690	0.796515	0.655692	-0.002834
12339.000000	0.498711	0.510694	0.796511	0.655684	-0.002839
12340.000000	0.498716	0.510694	0.796496	0.655661	-0.002854
12341.000000	0.498727	0.510737	0.796496	0.655660	-0.002828
12342.000000	0.498726	0.510751	0.796494	0.655656	-0.002787
12343.000000	0.498736	0.510755	0.796488	0.655645	-0.002750
12344.000000	0.498743	0.510756	0.796475	0.655625	-0.002730
12345.000000	0.498727	0.510751	0.796471	0.655616	-0.002750
12346.000000	0.498732	0.510763	0.796485	0.655641	-0.002798
12347.000000	0.498744	0.510761	0.796479	0.655631	-0.002805
12348.000000	0.498734	0.510752	0.796478	0.655627	-0.002779
12349.000000	0.498733	0.510779	0.796472	0.655617	-0.002774
12350.000000	0.498733	0.510790	0.796469	0.655611	-0.002806
12351.000000	0.498724	0.510791	0.796462	0.655599	-0.002840
12352.000000	0.498721	0.510782	0.796444	0.655573	-0.002843
12353.000000	0.498735	0.510797	0.796456	0.655592	-0.002858
12354.000000	0.498734	0.510788	0.796460	0.655598	-0.002880
12355.000000	0.498738	0.510787	0.796456	0.655591	-0.002886
12356.000000	0.498728	0.510815	0.796444	0.655573	-0.002859
12357.000000	0.498720	0.510814	0.796452	0.655584	-0.002812
12358.000000	0.498710	0.510815	0.796458	0.655594	-0.002758
12359.000000	0.498703	0.510807	0.796452	0.655584	-0.002761
12360.000000	0.498697	0.510792	0.796457	0.655591	-0.002812
12361.000000	0.498701	0.510796	0.796462	0.655598	-0.002861
12362.000000	0.498696	0.510782	0.796455	0.655585	-0.002871
12363.000000	0.498694	0.510778	0.796455	0.655584	-0.002832
12364.000000	0.498696	0.510780	0.796456	0.655586	-0.002799
12365.000000	0.498704	0.510784	0.796445	0.655569	-0.002816
12366.000000	0.498709	0.510788	0.796466	0.655607	-0.002870
12367.000000	0.498722	0.510780	0.796455	0.655590	-0.002883
12368.000000	0.498732	0.510773	0.796454	0.655588	-0.002907
12369.000000	0.498724	0.510759	0.796442	0.655569	-0.002909
12370.000000	0.498721	0.510754	0.796435	0.655556	-0.002885
12371.000000	0.498728	0.510759	0.796429	0.655546	-0.002882
12372.000000	0.498740	0.510799	0.796443	0.655570	-0.002942
12373.000000	0.498756	0.510823	0.796447	0.655578	-0.002985
12374.000000	0.498754	0.510821	0.796430	0.655552	-0.002970
12375.000000	0.498754	0.510807	0.796426	0.655545	-0.002928
12376.000000	0.498760	0.510793	0.796426	0.655543	-0.002925
12377.000000	0.498759	0.510772	0.796444	0.655574	-0.002950
12378.000000	0.498757	0.510743	0.796460	0.655602	-0.003003
12379.000000	0.498752	0.510733	0.796481	0.655640	-0.003065
12380.000000	0.498746	0.510720	0.796497	0.655666	-0.003082
12381.000000	0.498734	0.510712	0.796493	0.655660	-0.003079
12382.000000	0.498712	0.510703	0.796477	0.655635	-0.003071
12383.000000	0.498716	0.510701	0.796477	0.655634	-0.003040
12384.000000	0.498724	0.510730	0.796487	0.655650	-0.003035
12385.000000	0.498717	0.510720	0.796501	0.655673	-0.003076
12386.000000	0.498703	0.510694	0.796514	0.655697	-0.003125
12387.000000	0.498713	0.510676	0.796503	0.655679	-0.003127
12388.000000	0.498728	0.510669	0.796500	0.655673	-0.003105
12389.000000	0.498720	0.510647	0.796515	0.655699	-0.003096
12390.000000	0.498719	0.510651	0.796517	0.655701	-0.003093
12391.000000	0.498730	0.510663	0.796521	0.655706	-0.003108
12392.000000	0.498713	0.510645	0.796526	0.655713	-0.003105
12393.000000	0.498704	0.510629	0.796542	0.655741	-0.003067
12394.000000	0.498696	0.510612	0.796545	0.655745	-0.003036
12395.000000	0.498698	0.510609	0.796524	0.655716	-0.003022
12396.000000	0.498694	0.510597	0.796515	0.655702	-0.003032
12397.000000	0.498690	0.510584	0.796514	0.655698	-0.003055
12398.000000	0.498687	0.510561	0.796518	0.655703	-0.003074
12399.000000	0.498694	0.510587	0.796515	0.655697	-0.003054
12400.000000	0.498692	0.510609	0.796514	0.655695	-0.003017
12401.000000	0.498699	0.510661	0.796532	0.655726	-0.002950
12402.000000	0.498716	0.510664	0.796554	0.655767	-0.002907
12403.000000	0.498726	0.510655	0.796571	0.655795	-0.002898
12404.000000	0.498729	0.510634	0.796577	0.655804	-0.002909
12405.000000	0.498711	0.510619	0.796579	0.655806	-0.002927
12406.000000	0.498715	0.510603	0.796568	0.655788	-0.002945
12407.000000	0.498709	0.510590	0.796551	0.655763	-0.002949
12408.000000	0.498697	0.510582	0.796539	0.655745	-0.002967
12409.000000	0.498696	0.510584	0.796541	0.655747	-0.002998
12410.000000	0.498694	0.510568	0.796549	0.655759	-0.003035
12411.000000	0.498688	0.510547	0.796548	0.655756	-0.003022
12412.000000	0.498679	0.510518	0.796564	0.655783	-0.002983
12413.000000	0.498677	0.510496	0.796566	0.655785	-0.002968
12414.000000	0.498684	0.510484	0.796562	0.655777	-0.002992
12415.000000	0.498682	0.510522	0.796567	0.655784	-0.002997
12416.000000	0.498690	0.510539	0.796586	0.655817	-0.002979
12417.000000	0.498710	0.510581	0.796592	0.655826	-0.002930
12418.000000	0.498725	0.510585	0.796589	0.655820	-0.002899
12419.000000	0.498737	0.510578	0.796588	0.655817	-0.002910
12420.000000	0.498738	0.510602	0.796610	0.655858	-0.002965
12421.000000	0.498762	0.510645	0.796625	0.655883	-0.003014
12422.000000	0.498764	0.510632	0.796629	0.655888	-0.003003
12423.000000	0.498755	0.510620	0.796634	0.655895	-0.002979
12424.000000	0.498746	0.510612	0.796637	0.655899	-0.002947
12425.000000	0.498740	0.510604	0.796637	0.655897	-0.002926
12426.000000	0.498729	0.510584	0.796653	0.655924	-0.002903
12427.000000	0.498728	0.510589	0.796670	0.655954	-0.002900
12428.000000	0.498723	0.510568	0.796668	0.655950	-0.002909
12429.000000	0.498716	0.510551	0.796665	0.655942	-0.002928
12430.000000	0.498700	0.510535	0.796671	0.655952	-0.002962
12431.000000	0.498697	0.510551	0.796670	0.655948	-0.002988
12432.000000	0.498688	0.510568	0.796651	0.655921	-0.002999
12433.000000	0.498685	0.510578	0.796645	0.655911	-0.002975
12434.000000	0.498681	0.510607	0.796636	0.655896	-0.002968
12435.000000	0.498664	0.510584	0.796630	0.655886	-0.002955
12436.000000	0.498654	0.510562	0.796630	0.655884	-0.002922
12437.000000	0.498633	0.510539	0.796621	0.655868	-0.002907
12438.000000	0.498636	0.510533	0.796617	0.655861	-0.002913
12439.000000	0.498679	0.510554	0.796613	0.655853	-0.002920
12440.000000	0.498704	0.510556	0.796617	0.655860	-0.002968
12441.000000	0.498701	0.510538	0.796629	0.655880	-0.003011
12442.000000	0.498695	0.510516	0.796629	0.655879	-0.003048
12443.000000	0.498711	0.510514	0.796633	0.655884	-0.003077
12444.000000	0.498710	0.510500	0.796634	0.655885	-0.003094
12445.000000	0.498711	0.510484	0.796639	0.655892	-0.003095
12446.000000	0.498725	0.510475	0.796627	0.655873	-0.003084
12447.000000	0.498753	0.510475	0.796643	0.655901	-0.003064
12448.000000	0.498773	0.510489	0.796650	0.655912	-0.003033
12449.000000	0.498783	0.510504	0.796645	0.655904	-0.003021
12450.000000	0.498801	0.510530	0.796647	0.655906	-0.003029
12451.000000	0.498831	0.510592	0.796661	0.655928	-0.003060
12452.000000	0.498868	0.510639	0.796673	0.655948	-0.003099
12453.000000	0.498885	0.510635	0.796677	0.655953	-0.003125
12454.000000	0.498894	0.510666	0.796684	0.655964	-0.003091
12455.000000	0.498893	0.510697	0.796695	0.655982	-0.003043
12456.000000	0.498889	0.510730	0.796698	0.655985	-0.003010
12457.000000	0.498888	0.510773	0.796712	0.656008	-0.002993
12458.000000	0.498899	0.510772	0.796708	0.656002	-0.003000
12459.000000	0.498902	0.510757	0.796701	0.655990	-0.003019
12460.000000	0.498884	0.510746	0.796702	0.655990	-0.003008
12461.000000	0.498876	0.510739	0.796703	0.655990	-0.003014
12462.000000	0.498881	0.510743	0.796698	0.655980	-0.003020
12463.000000	0.498873	0.510741	0.796701	0.655984	-0.003048
12464.000000	0.498876	0.510747	0.796711	0.656001	-0.003073
12465.000000	0.498868	0.510742	0.796727	0.656028	-0.003068
12466.000000	0.498876	0.510756	0.796743	0.656055	-0.003028
12467.000000	0.498898	0.510782	0.796766	0.656097	-0.003018
12468.000000	0.498897	0.510768	0.796771	0.656104	-0.003038
12469.000000	0.498888	0.510790	0.796757	0.656082	-0.003046
12470.000000	0.498894	0.510804	0.796743	0.656062	-0.003066
12471.000000	0.498889	0.510803	0.796735	0.656048	-0.003085
12472.000000	0.498876	0.510801	0.796740	0.656055	-0.003107
12473.000000	0.498865	0.510787	0.796753	0.656077	-0.003153
12474.000000	0.498866	0.510763	0.796758	0.656083	-0.003196
12475.000000	0.498851	0.510740	0.796754	0.656076	-0.003208
12476.000000	0.498857	0.510744	0.796747	0.656063	-0.003201
12477.000000	0.498846	0.510753	0.796735	0.656045	-0.003196
12478.000000	0.498857	0.510785	0.796734	0.656041	-0.003165
12479.000000	0.498855	0.510805	0.796742	0.656054	-0.003110
12480.000000	0.498846	0.510835	0.796755	0.656076	-0.003055
12481.000000	0.498839	0.510862	0.796770	0.656099	-0.003003
12482.000000	0.498848	0.510883	0.796773	0.656103	-0.002957
12483.000000	0.498852	0.510889	0.796756	0.656078	-0.002960
12484.000000	0.498855	0.510919	0.796754	0.656074	-0.002985
12485.000000	0.498857	0.510917	0.796753	0.656071	-0.002976
12486.000000	0.498869	0.510918	0.796747	0.656060	-0.002936
12487.000000	0.498877	0.510945	0.796746	0.656057	-0.002928
12488.000000	0.498873	0.510960	0.796749	0.656060	-0.002918
12489.000000	0.498864	0.510957	0.796745	0.656052	-0.002915
12490.000000	0.498855	0.510964	0.796738	0.656040	-0.002921
12491.000000	0.498871	0.511008	0.796729	0.656025	-0.002941
12492.000000	0.498871	0.511042	0.796723	0.656016	-0.002968
12493.000000	0.498870	0.511052	0.796713	0.656000	-0.002954
12494.000000	0.498861	0.511070	0.796693	0.655972	-0.002928
12495.000000	0.498851	0.511069	0.796675	0.655946	-0.002914
12496.000000	0.498836	0.511054	0.796665	0.655929	-0.002913
12497.000000	0.498836	0.511094	0.796656	0.655914	-0.002936
12498.000000	0.498831	0.511109	0.796662	0.655923	-0.002983
12499.000000	0.498815	0.511112	0.796675	0.655944	-0.003035
12500.000000	0.498805	0.511120	0.796671	0.655937	-0.003064
12501.000000	0.498802	0.511131	0.796669	0.655932	-0.003077
12502.000000	0.498829	0.511151	0.796653	0.655908	-0.003086
12503.000000	0.498820	0.511133	0.796651	0.655904	-0.003111
12504.000000	0.498809	0.511102	0.796649	0.655900	-0.003110
12505.000000	0.498814	0.511080	0.796657	0.655912	-0.003060
12506.000000	0.498817	0.511050	0.796665	0.655924	-0.003032
12507.000000	0.498813	0.511020	0.796664	0.655922	-0.003026
12508.000000	0.498799	0.510989	0.796658	0.655911	-0.003016
12509.000000	0.498794	0.510968	0.796643	0.655889	-0.003032
12510.000000	0.498786	0.510951	0.796645	0.655891	-0.003056
12511.000000	0.498793	0.510959	0.796629	0.655867	-0.003058
12512.000000	0.498808	0.510961	0.796626	0.655862	-0.003055
12513.000000	0.498840	0.510981	0.796645	0.655896	-0.003049
12514.000000	0.498835	0.510968	0.796652	0.655907	-0.003008
12515.000000	0.498828	0.510954	0.796655	0.655909	-0.002966
12516.000000	0.498816	0.510957	0.796646	0.655895	-0.002947
12517.000000	0.498810	0.510936	0.796637	0.655879	-0.002962
12518.000000	0.498814	0.510927	0.796653	0.655909	-0.002960
12519.000000	0.498824	0.510914	0.796652	0.655907	-0.002936
12520.000000	0.498817	0.510910	0.796642	0.655890	-0.002921
12521.000000	0.498811	0.510899	0.796644	0.655891	-0.002932
12522.000000	0.498810	0.510885	0.796653	0.655906	-0.002933
12523.000000	0.498800	0.510884	0.796656	0.655909	-0.002902
12524.000000	0.498810	0.510911	0.796660	0.655914	-0.002855
12525.000000	0.498832	0.510916	0.796658	0.655910	-0.002849
12526.000000	0.498855	0.510946	0.796660	0.655910	-0.002887
12527.000000	0.498892	0.510960	0.796676	0.655938	-0.002902
12528.000000	0.498893	0.510959	0.796673	0.655933	-0.002893
12529.000000	0.498898	0.510965	0.796685	0.655951	-0.002854
12530.000000	0.498889	0.510951	0.796695	0.655968	-0.002824
12531.000000	0.498881	0.510939	0.796698	0.655971	-0.002827
12532.000000	0.498897	0.510935	0.796699	0.655973	-0.002834
12533.000000	0.498902	0.510923	0.796705	0.655981	-0.002856
12534.000000	0.498898	0.510928	0.796701	0.655976	-0.002843
12535.000000	0.498901	0.510934	0.796689	0.655957	-0.002810
12536.000000	0.498888	0.510972	0.796684	0.655948	-0.002774
12537.000000	0.498886	0.510982	0.796681	0.655941	-0.002752
12538.000000	0.498893	0.511009	0.796675	0.655931	-0.002729
12539.000000	0.498885	0.511024	0.796663	0.655912	-0.002701
12540.000000	0.498894	0.511066	0.796651	0.655893	-0.002708
12541.000000	0.498907	0.511061	0.796643	0.655881	-0.002729
12542.000000	0.498920	0.511057	0.796642	0.655878	-0.002731
12543.000000	0.498922	0.511045	0.796626	0.655854	-0.002735
12544.000000	0.498900	0.511023	0.796620	0.655842	-0.002759
12545.000000	0.498900	0.511003	0.796616	0.655836	-0.002776
12546.000000	0.498898	0.510995	0.796633	0.655865	-0.002823
12547.000000	0.498914	0.510985	0.796636	0.655870	-0.002860
12548.000000	0.498942	0.511018	0.796631	0.655862	-0.002840
12549.000000	0.498960	0.511051	0.796633	0.655863	-0.002813
12550.000000	0.498967	0.511045	0.796639	0.655873	-0.002836
12551.000000	0.498959	0.511024	0.796653	0.655895	-0.002896
12552.000000	0.498953	0.511003	0.796664	0.655912	-0.002954
12553.000000	0.498947	0.511003	0.796672	0.655926	-0.003001
12554.000000	0.498946	0.511017	0.796681	0.655940	-0.003032
12555.000000	0.498968	0.511039	0.796692	0.655956	-0.003047
12556.000000	0.498971	0.511033	0.796702	0.655973	-0.003034
12557.000000	0.498960	0.511009	0.796711	0.655986	-0.003001
12558.000000	0.498949	0.510982	0.796710	0.655984	-0.002976
12559.000000	0.498936	0.510955	0.796712	0.655985	-0.002987
12560.000000	0.498926	0.510939	0.796723	0.656002	-0.003020
12561.000000	0.498924	0.510930	0.796715	0.655989	-0.003003
12562.000000	0.498919	0.510940	0.796717	0.655992	-0.002968
12563.000000	0.498923	0.510916	0.796713	0.655983	-0.002943
12564.000000	0.498942	0.510915	0.796712	0.655981	-0.002932
12565.000000	0.498958	0.510920	0.796719	0.655991	-0.002967
12566.000000	0.498943	0.510897	0.796716	0.655985	-0.002953
12567.000000	0.498933	0.510881	0.796720	0.655990	-0.002906
12568.000000	0.498936	0.510880	0.796730	0.656006	-0.002853
12569.000000	0.498926	0.510863	0.796744	0.656029	-0.002811
12570.000000	0.498920	0.510858	0.796747	0.656032	-0.002827
12571.000000	0.498920	0.510872	0.796744	0.656026	-0.002832
12572.000000	0.498921	0.510874	0.796751	0.656037	-0.002814
12573.000000	0.498907	0.510866	0.796754	0.656040	-0.002823
12574.000000	0.498907	0.510879	0.796769	0.656065	-0.002855
12575.000000	0.498913	0.510901	0.796783	0.656090	-0.002899
12576.000000	0.498919	0.510880	0.796777	0.656080	-0.002927
12577.000000	0.498919	0.510867	0.796783	0.656089	-0.002907
12578.000000	0.498912	0.510850	0.796787	0.656096	-0.002871
12579.000000	0.498898	0.510835	0.796776	0.656078	-0.002857
12580.000000	0.498878	0.510812	0.796765	0.656062	-0.002871
12581.000000	0.498862	0.510788	0.796751	0.656040	-0.002880
12582.000000	0.498879	0.510786	0.796740	0.656022	-0.002870
12583.000000	0.498894	0.510800	0.796744	0.656027	-0.002855
12584.000000	0.498913	0.510803	0.796735	0.656013	-0.002844
12585.000000	0.498929	0.510800	0.796724	0.655996	-0.002835
12586.000000	0.498945	0.510805	0.796716	0.655984	-0.002836
12587.000000	0.498950	0.510821	0.796717	0.655984	-0.002832
12588.000000	0.498940	0.510829	0.796715	0.655979	-0.002810
12589.000000	0.498940	0.510815	0.796726	0.655998	-0.002793
12590.000000	0.498936	0.510800	0.796747	0.656034	-0.002752
12591.000000	0.498953	0.510838	0.796759	0.656055	-0.002719
12592.000000	0.498959	0.510854	0.796764	0.656063	-0.002720
12593.000000	0.498967	0.510835	0.796780	0.656090	-0.002743
12594.000000	0.498986	0.510853	0.796788	0.656103	-0.002733
12595.000000	0.498980	0.510849	0.796801	0.656124	-0.002719
12596.000000	0.498975	0.510855	0.796808	0.656135	-0.002727
12597.000000	0.498970	0.510863	0.796809	0.656137	-0.002765
12598.000000	0.498967	0.510858	0.796804	0.656126	-0.002791
12599.000000	0.498986	0.510895	0.796811	0.656137	-0.002763
12600.000000	0.498998	0.510911	0.796829	0.656168	-0.002698
12601.000000	0.498998	0.510922	0.796840	0.656186	-0.002655
12602.000000	0.498992	0.510911	0.796831	0.656171	-0.002647
12603.000000	0.498982	0.510893	0.796814	0.656147	-0.002643
12604.000000	0.498970	0.510883	0.796806	0.656133	-0.002665
12605.000000	0.498973	0.510871	0.796802	0.656125	-0.002697
12606.000000	0.498962	0.510875	0.796786	0.656102	-0.002714
12607.000000	0.498973	0.510888	0.796776	0.656087	-0.002738
12608.000000	0.498991	0.510943	0.796777	0.656088	-0.002776
12609.000000	0.498987	0.510972	0.796767	0.656070	-0.002803
12610.000000	0.499004	0.510979	0.796759	0.656057	-0.002820
12611.000000	0.499000	0.510980	0.796766	0.656068	-0.002807
12612.000000	0.499018	0.510977	0.796774	0.656081	-0.002769
12613.000000	0.499004	0.510952	0.796764	0.656064	-0.002740
12614.000000	0.498994	0.510937	0.796748	0.656041	-0.002737
12615.000000	0.498994	0.510925	0.796746	0.656036	-0.002709
12616.000000	0.498982	0.510915	0.796742	0.656029	-0.002675
12617.000000	0.498972	0.510903	0.796739	0.656023	-0.002647
12618.000000	0.498962	0.510878	0.796736	0.656015	-0.002614
12619.000000	0.498967	0.510886	0.796742	0.656025	-0.002573
12620.000000	0.498971	0.510877	0.796734	0.656012	-0.002546
12621.000000	0.498977	0.510865	0.796714	0.655984	-0.002543
12622.000000	0.498989	0.510852	0.796706	0.655971	-0.002531
12623.000000	0.499001	0.510861	0.796696	0.655953	-0.002510
12624.000000	0.498991	0.510847	0.796688	0.655941	-0.002480
12625.000000	0.498988	0.510852	0.796683	0.655931	-0.002450
12626.000000	0.498996	0.510891	0.796698	0.655957	-0.002419
12627.000000	0.499010	0.510886	0.796701	0.655961	-0.002423
12628.000000	0.499017	0.510894	0.796705	0.655967	-0.002462
12629.000000	0.499012	0.510879	0.796696	0.655953	-0.002472
12630.000000	0.499015	0.510861	0.796693	0.655947	-0.002494
12631.000000	0.499025	0.510848	0.796708	0.655971	-0.002539
12632.000000	0.499025	0.510852	0.796705	0.655966	-0.002573
12633.000000	0.499014	0.510836	0.796722	0.655995	-0.002630
12634.000000	0.498997	0.510811	0.796737	0.656020	-0.002689
12635.000000	0.498989	0.510793	0.796740	0.656024	-0.002707
12636.000000	0.498993	0.510776	0.796748	0.656037	-0.002693
12637.000000	0.498997	0.510764	0.796760	0.656055	-0.002640
12638.000000	0.498998	0.510762	0.796754	0.656046	-0.002605
12639.000000	0.498993	0.510770	0.796746	0.656032	-0.002592
12640.000000	0.499002	0.510786	0.796761	0.656060	-0.002557
12641.000000	0.499011	0.510803	0.796769	0.656072	-0.002533
12642.000000	0.499002	0.510820	0.796767	0.656067	-0.002539
12643.000000	0.498989	0.510815	0.796759	0.656055	-0.002544
12644.000000	0.498980	0.510803	0.796751	0.656042	-0.002547
12645.000000	0.498962	0.510797	0.796766	0.656067	-0.002569
12646.000000	0.498970	0.510787	0.796769	0.656070	-0.002573
12647.000000	0.498960	0.510776	0.796761	0.656056	-0.002570
12648.000000	0.498962	0.510799	0.796753	0.656043	-0.002549
12649.000000	0.498954	0.510812	0.796731	0.656013	-0.002529
12650.000000	0.498944	0.510829	0.796712	0.655986	-0.002509
12651.000000	0.498945	0.510825	0.796696	0.655961	-0.002510
12652.000000	0.498936	0.510846	0.796687	0.655946	-0.002525
12653.000000	0.498934	0.510850	0.796687	0.655945	-0.002549
12654.000000	0.498941	0.510841	0.796672	0.655923	-0.002570
12655.000000	0.498939	0.510840	0.796657	0.655901	-0.002553
12656.000000	0.498950	0.510888	0.796638	0.655872	-0.002550
12657.000000	0.498955	0.510914	0.796635	0.655868	-0.002574
12658.000000	0.498962	0.510926	0.796656	0.655906	-0.002597
12659.000000	0.498955	0.510925	0.796649	0.655895	-0.002582
12660.000000	0.498955	0.510937	0.796640	0.655880	-0.002584
12661.000000	0.498962	0.510945	0.796642	0.655882	-0.002601
12662.000000	0.498954	0.510927	0.796661	0.655916	-0.002602
12663.000000	0.498959	0.510915	0.796652	0.655903	-0.002587
12664.000000	0.498953	0.510920	0.796656	0.655908	-0.002548
12665.000000	0.498952	0.510922	0.796654	0.655903	-0.002507
12666.000000	0.498926	0.510903	0.796643	0.655885	-0.002486
12667.000000	0.498918	0.510902	0.796647	0.655892	-0.002463
12668.000000	0.498928	0.510889	0.796652	0.655898	-0.002425
12669.000000	0.498991	0.510899	0.796647	0.655889	-0.002422
12670.000000	0.499030	0.510908	0.796647	0.655890	-0.002443
12671.000000	0.499060	0.510889	0.796636	0.655872	-0.002449
12672.000000	0.499042	0.510866	0.796638	0.655874	-0.002432
12673.000000	0.499029	0.510868	0.796631	0.655863	-0.002413
12674.000000	0.499024	0.510881	0.796619	0.655843	-0.002415
12675.000000	0.499019	0.510916	0.796610	0.655829	-0.002408
12676.000000	0.499017	0.510953	0.796610	0.655828	-0.002376
12677.000000	0.499012	0.510987	0.796613	0.655831	-0.002360
12678.000000	0.499032	0.511009	0.796605	0.655818	-0.002345
12679.000000	0.499048	0.511018	0.796609	0.655823	-0.002339
12680.000000	0.499060	0.511001	0.796606	0.655818	-0.002334
12681.000000	0.499058	0.510988	0.796599	0.655806	-0.002327
12682.000000	0.499056	0.510992	0.796580	0.655779	-0.002308
12683.000000	0.499056	0.510991	0.796575	0.655770	-0.002289
12684.000000	0.499048	0.510980	0.796580	0.655776	-0.002276
12685.000000	0.499030	0.510949	0.796575	0.655767	-0.002277
12686.000000	0.499012	0.510920	0.796556	0.655741	-0.002288
12687.000000	0.499002	0.510918	0.796552	0.655733	-0.002276
12688.000000	0.498992	0.510906	0.796547	0.655723	-0.002285
12689.000000	0.498996	0.510902	0.796534	0.655704	-0.002297
12690.000000	0.498994	0.510885	0.796521	0.655684	-0.002282
12691.000000	0.498996	0.510900	0.796510	0.655666	-0.002294
12692.000000	0.498983	0.510887	0.796502	0.655653	-0.002317
12693.000000	0.498963	0.510858	0.796487	0.655630	-0.002328
12694.000000	0.498957	0.510833	0.796471	0.655607	-0.002321
12695.000000	0.498949	0.510829	0.796460	0.655589	-0.002304
12696.000000	0.498947	0.510819	0.796444	0.655566	-0.002288
12697.000000	0.498958	0.510808	0.796441	0.655559	-0.002256
12698.000000	0.498970	0.510792	0.796429	0.655541	-0.002265
12699.000000	0.498969	0.510782	0.796426	0.655534	-0.002294
12700.000000	0.498972	0.510785	0.796442	0.655561	-0.002356
12701.000000	0.498986	0.510805	0.796454	0.655581	-0.002382
12702.000000	0.499009	0.510828	0.796454	0.655580	-0.002365
12703.000000	0.498997	0.510816	0.796451	0.655574	-0.002338
12704.000000	0.498994	0.510799	0.796458	0.655586	-0.002285
12705.000000	0.498997	0.510799	0.796471	0.655607	-0.002227
12706.000000	0.499000	0.510797	0.796459	0.655588	-0.002218
12707.000000	0.499006	0.510793	0.796448	0.655570	-0.002228
12708.000000	0.498998	0.510789	0.796438	0.655554	-0.002218
12709.000000	0.498998	0.510779	0.796430	0.655541	-0.002205
12710.000000	0.498992	0.510768	0.796414	0.655517	-0.002183
12711.000000	0.498989	0.510771	0.796420	0.655526	-0.002177
12712.000000	0.498993	0.510787	0.796434	0.655550	-0.002142
12713.000000	0.498990	0.510773	0.796450	0.655577	-0.002129
12714.000000	0.498975	0.510763	0.796466	0.655605	-0.002128
12715.000000	0.498971	0.510760	0.796470	0.655611	-0.002118
12716.000000	0.498987	0.510811	0.796486	0.655639	-0.002098
12717.000000	0.499016	0.510836	0.796479	0.655630	-0.002095
12718.000000	0.499014	0.510844	0.796464	0.655608	-0.002092
12719.000000	0.499022	0.510854	0.796479	0.655634	-0.002063
12720.000000	0.499031	0.510885	0.796473	0.655624	-0.002042
12721.000000	0.499024	0.510904	0.796467	0.655614	-0.002070
12722.000000	0.499015	0.510914	0.796455	0.655595	-0.002096
12723.000000	0.498999	0.510911	0.796442	0.655575	-0.002111
12724.000000	0.499001	0.510919	0.796439	0.655569	-0.002120
12725.000000	0.499010	0.510914	0.796435	0.655562	-0.002149
12726.000000	0.499012	0.510917	0.796433	0.655558	-0.002168
12727.000000	0.498998	0.510893	0.796445	0.655578	-0.002208
12728.000000	0.498987	0.510879	0.796458	0.655599	-0.002232
12729.000000	0.498987	0.510888	0.796459	0.655601	-0.002245
12730.000000	0.498986	0.510896	0.796445	0.655579	-0.002255
12731.000000	0.499007	0.510935	0.796435	0.655562	-0.002273
12732.000000	0.499020	0.510968	0.796418	0.655537	-0.002283
12733.000000	0.499016	0.510979	0.796400	0.655511	-0.002294
12734.000000	0.499016	0.510982	0.796383	0.655486	-0.002297
12735.000000	0.499011	0.510981	0.796385	0.655489	-0.002343
12736.000000	0.499003	0.510982	0.796402	0.655518	-0.002407
12737.000000	0.498991	0.510994	0.796420	0.655551	-0.002476
12738.000000	0.498980	0.510984	0.796444	0.655593	-0.002548
12739.000000	0.498975	0.510968	0.796458	0.655618	-0.002591
12740.000000	0.498972	0.510970	0.796471	0.655639	-0.002600
12741.000000	0.498972	0.510990	0.796472	0.655640	-0.002602
12742.000000	0.498969	0.511015	0.796468	0.655633	-0.002583
12743.000000	0.498979	0.511063	0.796485	0.655662	-0.002563
12744.000000	0.498990	0.511076	0.796490	0.655669	-0.002591
12745.000000	0.498982	0.511084	0.796510	0.655704	-0.002646
12746.000000	0.498992	0.511086	0.796526	0.655732	-0.002671
12747.000000	0.498992	0.511080	0.796531	0.655738	-0.002642
12748.000000	0.498988	0.511073	0.796530	0.655735	-0.002606
12749.000000	0.498981	0.511065	0.796515	0.655713	-0.002598
12750.000000	0.498977	0.511070	0.796503	0.655693	-0.002592
12751.000000	0.498990	0.511110	0.796497	0.655684	-0.002583
12752.000000	0.498994	0.511155	0.796494	0.655677	-0.002571
12753.000000	0.498990	0.511155	0.796492	0.655674	-0.002600
12754.000000	0.498989	0.511143	0.796515	0.655715	-0.002671
12755.000000	0.499022	0.511172	0.796534	0.655749	-0.002716
12756.000000	0.499053	0.511211	0.796537	0.655752	-0.002686
12757.000000	0.499071	0.511282	0.796547	0.655770	-0.002643
12758.000000	0.499072	0.511287	0.796542	0.655761	-0.002646
12759.000000	0.499078	0.511294	0.796558	0.655790	-0.002669
12760.000000	0.499080	0.511307	0.796565	0.655801	-0.002670
12761.000000	0.499083	0.511326	0.796567	0.655803	-0.002663
12762.000000	0.499081	0.511384	0.796586	0.655837	-0.002643
12763.000000	0.499089	0.511418	0.796592	0.655845	-0.002615
12764.000000	0.499102	0.511422	0.796608	0.655872	-0.002601
12765.000000	0.499127	0.511434	0.796621	0.655895	-0.002627
12766.000000	0.499125	0.511424	0.796616	0.655887	-0.002624
12767.000000	0.499107	0.511410	0.796610	0.655876	-0.002598
12768.000000	0.499092	0.511398	0.796602	0.655862	-0.002587
12769.000000	0.499083	0.511384	0.796582	0.655834	-0.002598
12770.000000	0.499074	0.511360	0.796570	0.655815	-0.002611
12771.000000	0.499077	0.511376	0.796563	0.655803	-0.002624
12772.000000	0.499095	0.511403	0.796557	0.655793	-0.002639
12773.000000	0.499110	0.511438	0.796562	0.655799	-0.002634
12774.000000	0.499104	0.511459	0.796560	0.655795	-0.002608
12775.000000	0.499111	0.511490	0.796556	0.655787	-0.002588
12776.000000	0.499127	0.511530	0.796554	0.655783	-0.002569
12777.000000	0.499137	0.511555	0.796560	0.655792	-0.002550
12778.000000	0.499153	0.511558	0.796566	0.655801	-0.002527
12779.000000	0.499144	0.511555	0.796572	0.655809	-0.002522
12780.000000	0.499139	0.511544	0.796580	0.655822	-0.002564
12781.000000	0.499126	0.511540	0.796576	0.655814	-0.002604
12782.000000	0.499119	0.511531	0.796575	0.655812	-0.002626
12783.000000	0.499117	0.511516	0.796574	0.655808	-0.002645
12784.000000	0.499147	0.511539	0.796558	0.655785	-0.002641
12785.000000	0.499148	0.511556	0.796548	0.655769	-0.002661
12786.000000	0.499167	0.511571	0.796543	0.655759	-0.002687
12787.000000	0.499187	0.511583	0.796546	0.655765	-0.002701
12788.000000	0.499186	0.511597	0.796553	0.655775	-0.002705
12789.000000	0.499192	0.511606	0.796561	0.655787	-0.002667
12790.000000	0.499181	0.511588	0.796550	0.655771	-0.002639
12791.000000	0.499180	0.511577	0.796544	0.655760	-0.002629
12792.000000	0.499171	0.511575	0.796545	0.655761	-0.002599
12793.000000	0.499178	0.511563	0.796552	0.655770	-0.002594
12794.000000	0.499176	0.511561	0.796559	0.655781	-0.002625
12795.000000	0.499165	0.511574	0.796560	0.655782	-0.002666
12796.000000	0.499159	0.511562	0.796574	0.655805	-0.002729
12797.000000	0.499152	0.511562	0.796591	0.655835	-0.002792
12798.000000	0.499161	0.511571	0.796605	0.655858	-0.002834
12799.000000	0.499180	0.511562	0.796623	0.655888	-0.002805
12800.000000	0.499183	0.511549	0.796636	0.655910	-0.002744
12801.000000	0.499183	0.511531	0.796631	0.655901	-0.002709
12802.000000	0.499179	0.511507	0.796627	0.655896	-0.002710
12803.000000	0.499166	0.511490	0.796634	0.655907	-0.002724
12804.000000	0.499157	0.511478	0.796632	0.655902	-0.002709
12805.000000	0.499148	0.511456	0.796632	0.655902	-0.002683
12806.000000	0.499146	0.511444	0.796618	0.655880	-0.002663
12807.000000	0.499145	0.511447	0.796614	0.655873	-0.002656
12808.000000	0.499173	0.511480	0.796620	0.655881	-0.002647
12809.000000	0.499194	0.511469	0.796614	0.655871	-0.002633
12810.000000	0.499212	0.511483	0.796609	0.655862	-0.002653
12811.000000	0.499209	0.511475	0.796613	0.655867	-0.002702
12812.000000	0.499230	0.511459	0.796615	0.655870	-0.002698
12813.000000	0.499215	0.511439	0.796630	0.655895	-0.002657
12814.000000	0.499204	0.511432	0.796637	0.655905	-0.002637
12815.000000	0.499228	0.511445	0.796636	0.655901	-0.002649
12816.000000	0.499245	0.511453	0.796631	0.655893	-0.002683
12817.000000	0.499255	0.511447	0.796627	0.655885	-0.002671
12818.000000	0.499250	0.511447	0.796606	0.655856	-0.002664
12819.000000	0.499254	0.511445	0.796590	0.655832	-0.002672
12820.000000	0.499266	0.511433	0.796575	0.655810	-0.002669
12821.000000	0.499261	0.511427	0.796555	0.655781	-0.002662
12822.000000	0.499263	0.511432	0.796541	0.655761	-0.002644
12823.000000	0.499279	0.511444	0.796528	0.655741	-0.002639
12824.000000	0.499258	0.511426	0.796520	0.655727	-0.002656
12825.000000	0.499250	0.511419	0.796504	0.655703	-0.002655
12826.000000	0.499251	0.511426	0.796495	0.655689	-0.002654
12827.000000	0.499250	0.511416	0.796495	0.655687	-0.002655
12828.000000	0.499246	0.511417	0.796497	0.655689	-0.002663
12829.000000	0.499247	0.511423	0.796493	0.655682	-0.002640
12830.000000	0.499250	0.511413	0.796492	0.655678	-0.002608
12831.000000	0.499256	0.511407	0.796487	0.655669	-0.002600
12832.000000	0.499269	0.511405	0.796497	0.655686	-0.002556
12833.000000	0.499257	0.511386	0.796510	0.655708	-0.002511
12834.000000	0.499248	0.511376	0.796525	0.655733	-0.002483
12835.000000	0.499264	0.511400	0.796519	0.655722	-0.002480
12836.000000	0.499297	0.511415	0.796510	0.655709	-0.002466
12837.000000	0.499309	0.511424	0.796507	0.655703	-0.002465
12838.000000	0.499327	0.511414	0.796511	0.655708	-0.002457
12839.000000	0.499332	0.511395	0.796507	0.655699	-0.002459
12840.000000	0.499340	0.511407	0.796511	0.655704	-0.002439
12841.000000	0.499356	0.511427	0.796509	0.655700	-0.002446
12842.000000	0.499345	0.511401	0.796499	0.655684	-0.002477
12843.000000	0.499331	0.511390	0.796500	0.655684	-0.002484
12844.000000	0.499323	0.511383	0.796504	0.655688	-0.002508
12845.000000	0.499308	0.511392	0.796502	0.655685	-0.002524
12846.000000	0.499311	0.511420	0.796488	0.655663	-0.002514
12847.000000	0.499313	0.511428	0.796478	0.655647	-0.002508
12848.000000	0.499316	0.511456	0.796475	0.655642	-0.002500
12849.000000	0.499333	0.511512	0.796486	0.655660	-0.002478
12850.000000	0.499335	0.511557	0.796497	0.655677	-0.002462
12851.000000	0.499349	0.511556	0.796512	0.655702	-0.002421
12852.000000	0.499358	0.511548	0.796501	0.655687	-0.002414
12853.000000	0.499364	0.511538	0.796489	0.655668	-0.002418
12854.000000	0.499356	0.511526	0.796492	0.655671	-0.002425
12855.000000	0.499358	0.511516	0.796495	0.655676	-0.002440
12856.000000	0.499346	0.511499	0.796486	0.655661	-0.002438
12857.000000	0.499354	0.511484	0.796468	0.655635	-0.002436
12858.000000	0.499341	0.511472	0.796453	0.655611	-0.002445
12859.000000	0.499327	0.511447	0.796447	0.655601	-0.002453
12860.000000	0.499313	0.511420	0.796433	0.655579	-0.002457
12861.000000	0.499331	0.511440	0.796441	0.655593	-0.002469
12862.000000	0.499316	0.511431	0.796454	0.655615	-0.002454
12863.000000	0.499317	0.511420	0.796461	0.655627	-0.002424
12864.000000	0.499325	0.511410	0.796452	0.655613	-0.002416
12865.000000	0.499320	0.511405	0.796448	0.655604	-0.002383
12866.000000	0.499325	0.511402	0.796454	0.655613	-0.002354
12867.000000	0.499323	0.511375	0.796452	0.655608	-0.002360
12868.000000	0.499316	0.511355	0.796441	0.655591	-0.002371
12869.000000	0.499307	0.511357	0.796430	0.655573	-0.002378
12870.000000	0.499308	0.511333	0.796416	0.655552	-0.002373
12871.000000	0.499313	0.511327	0.796417	0.655551	-0.002334
12872.000000	0.499332	0.511322	0.796416	0.655550	-0.002302
12873.000000	0.499325	0.511312	0.796409	0.655537	-0.002306
12874.000000	0.499322	0.511309	0.796413	0.655543	-0.002307
12875.000000	0.499321	0.511306	0.796430	0.655572	-0.002346
12876.000000	0.499315	0.511295	0.796446	0.655600	-0.002408
12877.000000	0.499316	0.511285	0.796453	0.655609	-0.002445
12878.000000	0.499311	0.511270	0.796460	0.655621	-0.002449
12879.000000	0.499303	0.511269	0.796465	0.655628	-0.002426
12880.000000	0.499317	0.511296	0.796465	0.655627	-0.002412
12881.000000	0.499319	0.511315	0.796478	0.655648	-0.002385
12882.000000	0.499317	0.511310	0.796475	0.655642	-0.002382
12883.000000	0.499321	0.511315	0.796468	0.655631	-0.002408
12884.000000	0.499324	0.511324	0.796463	0.655621	-0.002428
12885.000000	0.499315	0.511338	0.796443	0.655593	-0.002445
12886.000000	0.499315	0.511352	0.796434	0.655579	-0.002446
12887.000000	0.499316	0.511365	0.796446	0.655598	-0.002464
12888.000000	0.499321	0.511365	0.796448	0.655601	-0.002481
12889.000000	0.499333	0.511361	0.796457	0.655614	-0.002443
12890.000000	0.499325	0.511359	0.796449	0.655601	-0.002434
12891.000000	0.499324	0.511381	0.796456	0.655611	-0.002442
12892.000000	0.499317	0.511368	0.796461	0.655619	-0.002459
12893.000000	0.499314	0.511363	0.796465	0.655624	-0.002480
12894.000000	0.499329	0.511360	0.796464	0.655621	-0.002492
12895.000000	0.499354	0.511362	0.796464	0.655620	-0.002476
12896.000000	0.499355	0.511341	0.796463	0.655618	-0.002456
12897.000000	0.499351	0.511331	0.796461	0.655615	-0.002453
12898.000000	0.499342	0.511305	0.796452	0.655600	-0.002476
12899.000000	0.499346	0.511282	0.796449	0.655593	-0.002462
12900.000000	0.499343	0.511283	0.796446	0.655587	-0.002419
12901.000000	0.499342	0.511294	0.796442	0.655580	-0.002394
12902.000000	0.499336	0.511287	0.796432	0.655564	-0.002398
12903.000000	0.499321	0.511300	0.796426	0.655553	-0.002400
12904.000000	0.499320	0.511336	0.796412	0.655531	-0.002398
12905.000000	0.499319	0.511359	0.796419	0.655542	-0.002381
12906.000000	0.499306	0.511337	0.796430	0.655561	-0.002358
12907.000000	0.499293	0.511319	0.796426	0.655553	-0.002339
12908.000000	0.499290	0.511337	0.796419	0.655542	-0.002348
12909.000000	0.499292	0.511372	0.796419	0.655539	-0.002374
12910.000000	0.499289	0.511407	0.796412	0.655528	-0.002402
12911.000000	0.499302	0.511402	0.796411	0.655526	-0.002388
12912.000000	0.499297	0.511398	0.796424	0.655548	-0.002351
12913.000000	0.499290	0.511379	0.796417	0.655536	-0.002336
12914.000000	0.499273	0.511359	0.796397	0.655508	-0.002339
12915.000000	0.499268	0.511356	0.796393	0.655502	-0.002361
12916.000000	0.499277	0.511362	0.796399	0.655511	-0.002401
12917.000000	0.499292	0.511390	0.796395	0.655505	-0.002406
12918.000000	0.499294	0.511422	0.796409	0.655528	-0.002433
12919.000000	0.499317	0.511438	0.796413	0.655535	-0.002468
12920.000000	0.499304	0.511437	0.796405	0.655522	-0.002479
12921.000000	0.499313	0.511446	0.796418	0.655545	-0.002449
12922.000000	0.499345	0.511506	0.796415	0.655540	-0.002448
12923.000000	0.499399	0.511523	0.796416	0.655542	-0.002457
12924.000000	0.499405	0.511508	0.796415	0.655538	-0.002428
12925.000000	0.499403	0.511497	0.796407	0.655525	-0.002425
12926.000000	0.499402	0.511499	0.796399	0.655510	-0.002442
12927.000000	0.499429	0.511505	0.796390	0.655497	-0.002466
12928.000000	0.499442	0.511521	0.796379	0.655481	-0.002462
12929.000000	0.499444	0.511521	0.796365	0.655459	-0.002456
12930.000000	0.499438	0.511505	0.796358	0.655447	-0.002470
12931.000000	0.499433	0.511484	0.796363	0.655455	-0.002502
12932.000000	0.499418	0.511468	0.796358	0.655446	-0.002538
12933.000000	0.499412	0.511475	0.796355	0.655439	-0.002568
12934.000000	0.499425	0.511478	0.796343	0.655421	-0.002549
12935.000000	0.499436	0.511473	0.796340	0.655415	-0.002523
12936.000000	0.499431	0.511463	0.796341	0.655416	-0.002538
12937.000000	0.499427	0.511453	0.796346	0.655422	-0.002561
12938.000000	0.499418	0.511432	0.796338	0.655409	-0.002549
12939.000000	0.499405	0.511422	0.796341	0.655413	-0.002516
12940.000000	0.499406	0.511442	0.796343	0.655414	-0.002480
12941.000000	0.499402	0.511467	0.796338	0.655405	-0.002469
12942.000000	0.499401	0.511473	0.796341	0.655409	-0.002455
12943.000000	0.499393	0.511457	0.796333	0.655397	-0.002441
12944.000000	0.499388	0.511457	0.796329	0.655388	-0.002419
12945.000000	0.499407	0.511453	0.796339	0.655406	-0.002453
12946.000000	0.499425	0.511460	0.796340	0.655407	-0.002487
12947.000000	0.499433	0.511476	0.796327	0.655387	-0.002470
12948.000000	0.499426	0.511468	0.796333	0.655396	-0.002445
12949.000000	0.499423	0.511463	0.796317	0.655372	-0.002437
12950.000000	0.499418	0.511452	0.796312	0.655363	-0.002456
12951.000000	0.499418	0.511458	0.796323	0.655381	-0.002509
12952.000000	0.499431	0.511452	0.796329	0.655392	-0.002549
12953.000000	0.499450	0.511459	0.796322	0.655381	-0.002513
12954.000000	0.499455	0.511471	0.796338	0.655409	-0.002469
12955.000000	0.499462	0.511467	0.796350	0.655430	-0.002460
12956.000000	0.499477	0.511494	0.796359	0.655446	-0.002511
12957.000000	0.499492	0.511524	0.796359	0.655446	-0.002550
12958.000000	0.499482	0.511529	0.796367	0.655457	-0.002557
12959.000000	0.499503	0.511537	0.796370	0.655462	-0.002564
12960.000000	0.499556	0.511541	0.796369	0.655459	-0.002591
12961.000000	0.499571	0.511521	0.796376	0.655469	-0.002642
12962.000000	0.499571	0.511525	0.796367	0.655455	-0.002634
12963.000000	0.499564	0.511530	0.796366	0.655452	-0.002613
12964.000000	0.499571	0.511569	0.796363	0.655446	-0.002590
12965.000000	0.499589	0.511581	0.796372	0.655460	-0.002572
12966.000000	0.499600	0.511585	0.796368	0.655452	-0.002600
12967.000000	0.499604	0.511576	0.796375	0.655464	-0.002654
12968.000000	0.499622	0.511589	0.796382	0.655474	-0.002667
12969.000000	0.499626	0.511605	0.796400	0.655506	-0.002676
12970.000000	0.499631	0.511619	0.796401	0.655506	-0.002686
12971.000000	0.499648	0.511619	0.796394	0.655494	-0.002703
12972.000000	0.499639	0.511628	0.796393	0.655491	-0.002703
12973.000000	0.499629	0.511607	0.796393	0.655490	-0.002686
12974.000000	0.499621	0.511605	0.796390	0.655484	-0.002665
12975.000000	0.499616	0.511608	0.796377	0.655464	-0.002652
12976.000000	0.499596	0.511594	0.796362	0.655441	-0.002641
12977.000000	0.499590	0.511584	0.796356	0.655431	-0.002610
12978.000000	0.499613	0.511596	0.796368	0.655451	-0.002610
12979.000000	0.499616	0.511588	0.796369	0.655453	-0.002615
12980.000000	0.499607	0.511573	0.796355	0.655433	-0.002614
12981.000000	0.499604	0.511572	0.796349	0.655423	-0.002606
12982.000000	0.499601	0.511568	0.796338	0.655406	-0.002598
12983.000000	0.499590	0.511539	0.796330	0.655392	-0.002582
12984.000000	0.499579	0.511513	0.796324	0.655381	-0.002563
12985.000000	0.499585	0.511498	0.796308	0.655357	-0.002558
12986.000000	0.499593	0.511487	0.796301	0.655345	-0.002569
12987.000000	0.499603	0.511481	0.796313	0.655366	-0.002582
12988.000000	0.499602	0.511492	0.796313	0.655365	-0.002563
12989.000000	0.499611	0.511509	0.796307	0.655355	-0.002530
12990.000000	0.499616	0.511489	0.796290	0.655330	-0.002537
12991.000000	0.499626	0.511524	0.796285	0.655321	-0.002553
12992.000000	0.499633	0.511546	0.796270	0.655299	-0.002556
12993.000000	0.499621	0.511530	0.796259	0.655281	-0.002569
12994.000000	0.499623	0.511521	0.796249	0.655265	-0.002541
12995.000000	0.499631	0.511512	0.796255	0.655273	-0.002516
12996.000000	0.499634	0.511498	0.796251	0.655266	-0.002529
12997.000000	0.499638	0.511494	0.796236	0.655244	-0.002539
12998.000000	0.499624	0.511497	0.796222	0.655223	-0.002546
12999.000000	0.499621	0.511500	0.796217	0.655214	-0.002563
13000.000000	0.499638	0.511535	0.796224	0.655224	-0.002574
13001.000000	0.499656	0.511548	0.796224	0.655223	-0.002535
13002.000000	0.499661	0.511582	0.796223	0.655220	-0.002514
13003.000000	0.499649	0.511600	0.796212	0.655203	-0.002507
13004.000000	0.499651	0.511610	0.796192	0.655175	-0.002489
13005.000000	0.499643	0.511604	0.796171	0.655146	-0.002477
13006.000000	0.499631	0.511605	0.796151	0.655118	-0.002468
13007.000000	0.499619	0.511620	0.796146	0.655109	-0.002446
13008.000000	0.499617	0.511655	0.796147	0.655109	-0.002410
13009.000000	0.499629	0.511683	0.796163	0.655137	-0.002370
13010.000000	0.499626	0.511692	0.796171	0.655149	-0.002361
13011.000000	0.499617	0.511686	0.796159	0.655131	-0.002374
13012.000000	0.499600	0.511673	0.796148	0.655113	-0.002390
13013.000000	0.499595	0.511669	0.796135	0.655094	-0.002391
13014.000000	0.499605	0.511668	0.796124	0.655076	-0.002397
13015.000000	0.499605	0.511675	0.796118	0.655066	-0.002417
13016.000000	0.499604	0.511676	0.796105	0.655046	-0.002418
13017.000000	0.499610	0.511710	0.796116	0.655064	-0.002401
13018.000000	0.499642	0.511777	0.796113	0.655060	-0.002387
13019.000000	0.499653	0.511823	0.796110	0.655053	-0.002361
13020.000000	0.499662	0.511850	0.796118	0.655066	-0.002315
13021.000000	0.499662	0.511850	0.796128	0.655081	-0.002303
13022.000000	0.499648	0.511850	0.796141	0.655103	-0.002334
13023.000000	0.499634	0.511839	0.796156	0.655129	-0.002374
13024.000000	0.499630	0.511831	0.796160	0.655133	-0.002385
13025.000000	0.499642	0.511847	0.796156	0.655127	-0.002348
13026.000000	0.499630	0.511839	0.796175	0.655160	-0.002280
13027.000000	0.499621	0.511824	0.796187	0.655179	-0.002226
13028.000000	0.499618	0.511838	0.796197	0.655196	-0.002214
13029.000000	0.499622	0.511844	0.796217	0.655231	-0.002212
13030.000000	0.499633	0.511825	0.796206	0.655215	-0.002206
13031.000000	0.499629	0.511805	0.796198	0.655202	-0.002226
13032.000000	0.499621	0.511780	0.796192	0.655192	-0.002230
13033.000000	0.499614	0.511759	0.796190	0.655187	-0.002223
13034.000000	0.499619	0.511742	0.796205	0.655214	-0.002255
13035.000000	0.499600	0.511717	0.796217	0.655233	-0.002311
13036.000000	0.499599	0.511706	0.796232	0.655259	-0.002365
13037.000000	0.499594	0.511701	0.796224	0.655245	-0.002372
13038.000000	0.499585	0.511688	0.796211	0.655226	-0.002343
13039.000000	0.499566	0.511676	0.796207	0.655218	-0.002312
13040.000000	0.499572	0.511673	0.796227	0.655255	-0.002248
13041.000000	0.499566	0.511654	0.796225	0.655250	-0.002230
13042.000000	0.499563	0.511662	0.796233	0.655263	-0.002237
13043.000000	0.499564	0.511665	0.796239	0.655273	-0.002263
13044.000000	0.499569	0.511656	0.796237	0.655268	-0.002286
13045.000000	0.499557	0.511641	0.796234	0.655262	-0.002313
13046.000000	0.499558	0.511629	0.796226	0.655248	-0.002330
13047.000000	0.499561	0.511617	0.796238	0.655269	-0.002341
13048.000000	0.499554	0.511620	0.796244	0.655279	-0.002349
13049.000000	0.499551	0.511660	0.796242	0.655274	-0.002376
13050.000000	0.499549	0.511670	0.796238	0.655267	-0.002391
13051.000000	0.499534	0.511653	0.796243	0.655273	-0.002395
13052.000000	0.499541	0.511638	0.796244	0.655275	-0.002400
13053.000000	0.499541	0.511644	0.796246	0.655277	-0.002445
13054.000000	0.499553	0.511686	0.796245	0.655274	-0.002471
13055.000000	0.499573	0.511712	0.796246	0.655275	-0.002456
13056.000000	0.499587	0.511735	0.796231	0.655252	-0.002449
13057.000000	0.499626	0.511743	0.796233	0.655259	-0.002483
13058.000000	0.499641	0.511739	0.796241	0.655272	-0.002479
13059.000000	0.499647	0.511750	0.796251	0.655289	-0.002432
13060.000000	0.499642	0.511746	0.796262	0.655306	-0.002407
13061.000000	0.499645	0.511728	0.796263	0.655305	-0.002429
13062.000000	0.499648	0.511705	0.796259	0.655299	-0.002451
13063.000000	0.499637	0.511678	0.796258	0.655295	-0.002436
13064.000000	0.499621	0.511656	0.796250	0.655282	-0.002414
13065.000000	0.499609	0.511656	0.796240	0.655266	-0.002408
13066.000000	0.499609	0.511653	0.796238	0.655261	-0.002374
13067.000000	0.499619	0.511678	0.796242	0.655267	-0.002344
13068.000000	0.499650	0.511715	0.796239	0.655262	-0.002362
13069.000000	0.499666	0.511770	0.796239	0.655262	-0.002386
13070.000000	0.499678	0.511799	0.796238	0.655259	-0.002370
13071.000000	0.499697	0.511862	0.796254	0.655287	-0.002339
13072.000000	0.499701	0.511858	0.796268	0.655309	-0.002296
13073.000000	0.499694	0.511853	0.796285	0.655339	-0.002258
13074.000000	0.499687	0.511834	0.796301	0.655366	-0.002251
13075.000000	0.499683	0.511821	0.796311	0.655383	-0.002271
13076.000000	0.499678	0.511838	0.796308	0.655376	-0.002283
13077.000000	0.499704	0.511882	0.796306	0.655373	-0.002310
13078.000000	0.499710	0.511900	0.796315	0.655386	-0.002322
13079.000000	0.499716	0.511903	0.796316	0.655387	-0.002293
13080.000000	0.499727	0.511895	0.796313	0.655381	-0.002276
13081.000000	0.499730	0.511889	0.796313	0.655379	-0.002289
13082.000000	0.499728	0.511869	0.796307	0.655368	-0.002292
13083.000000	0.499729	0.511855	0.796298	0.655355	-0.002281
13084.000000	0.499747	0.511843	0.796295	0.655348	-0.002316
13085.000000	0.499736	0.511829	0.796291	0.655341	-0.002345
13086.000000	0.499732	0.511815	0.796299	0.655352	-0.002385
13087.000000	0.499731	0.511797	0.796310	0.655371	-0.002374
13088.000000	0.499725	0.511776	0.796318	0.655384	-0.002379
13089.000000	0.499745	0.511777	0.796308	0.655368	-0.002376
13090.000000	0.499754	0.511782	0.796317	0.655383	-0.002375
13091.000000	0.499752	0.511789	0.796308	0.655369	-0.002374
13092.000000	0.499742	0.511782	0.796294	0.655347	-0.002366
13093.000000	0.499740	0.511769	0.796281	0.655328	-0.002380
13094.000000	0.499726	0.511750	0.796268	0.655308	-0.002382
13095.000000	0.499722	0.511761	0.796274	0.655316	-0.002348
13096.000000	0.499729	0.511749	0.796265	0.655303	-0.002323
13097.000000	0.499723	0.511727	0.796275	0.655319	-0.002321
13098.000000	0.499712	0.511711	0.796295	0.655357	-0.002290
13099.000000	0.499701	0.511683	0.796297	0.655359	-0.002242
13100.000000	0.499700	0.511664	0.796299	0.655361	-0.002218
13101.000000	0.499709	0.511669	0.796307	0.655374	-0.002234
13102.000000	0.499722	0.511679	0.796299	0.655359	-0.002234
13103.000000	0.499728	0.511694	0.796291	0.655347	-0.002221
13104.000000	0.499729	0.511692	0.796285	0.655337	-0.002231
13105.000000	0.499731	0.511694	0.796285	0.655336	-0.002247
13106.000000	0.499723	0.511672	0.796278	0.655324	-0.002266
13107.000000	0.499725	0.511650	0.796274	0.655316	-0.002280
13108.000000	0.499711	0.511645	0.796287	0.655336	-0.002285
13109.000000	0.499711	0.511623	0.796298	0.655357	-0.002275
13110.000000	0.499713	0.511611	0.796285	0.655338	-0.002270
13111.000000	0.499710	0.511603	0.796296	0.655355	-0.002302
13112.000000	0.499705	0.511591	0.796315	0.655388	-0.002322
13113.000000	0.499697	0.511599	0.796308	0.655376	-0.002310
13114.000000	0.499713	0.511631	0.796313	0.655385	-0.002281
13115.000000	0.499719	0.511648	0.796320	0.655394	-0.002290
13116.000000	0.499728	0.511683	0.796324	0.655400	-0.002329
13117.000000	0.499731	0.511693	0.796316	0.655387	-0.002347
13118.000000	0.499723	0.511707	0.796304	0.655368	-0.002330
13119.000000	0.499712	0.511701	0.796300	0.655360	-0.002307
13120.000000	0.499707	0.511684	0.796291	0.655346	-0.002295
13121.000000	0.499702	0.511668	0.796280	0.655329	-0.002314
13122.000000	0.499709	0.511657	0.796272	0.655315	-0.002330
13123.000000	0.499705	0.511658	0.796272	0.655313	-0.002318
13124.000000	0.499693	0.511644	0.796288	0.655341	-0.002271
13125.000000	0.499677	0.511620	0.796304	0.655369	-0.002242
13126.000000	0.499658	0.511593	0.796309	0.655376	-0.002236
13127.000000	0.499660	0.511588	0.796307	0.655371	-0.002215
13128.000000	0.499672	0.511641	0.796326	0.655406	-0.002152
13129.000000	0.499708	0.511686	0.796321	0.655399	-0.002140
13130.000000	0.499716	0.511694	0.796317	0.655392	-0.002148
13131.000000	0.499733	0.511695	0.796309	0.655379	-0.002151
13132.000000	0.499749	0.511698	0.796316	0.655388	-0.002195
13133.000000	0.499757	0.511698	0.796310	0.655378	-0.002228
13134.000000	0.499780	0.511731	0.796308	0.655374	-0.002225
13135.000000	0.499795	0.511774	0.796299	0.655359	-0.002214
13136.000000	0.499777	0.511763	0.796300	0.655360	-0.002256
13137.000000	0.499771	0.511742	0.796300	0.655358	-0.002302
13138.000000	0.499768	0.511731	0.796297	0.655352	-0.002333
13139.000000	0.499759	0.511725	0.796296	0.655349	-0.002333
13140.000000	0.499749	0.511739	0.796291	0.655340	-0.002303
13141.000000	0.499740	0.511741	0.796288	0.655334	-0.002285
13142.000000	0.499725	0.511730	0.796290	0.655336	-0.002293
13143.000000	0.499729	0.511741	0.796301	0.655354	-0.002308
13144.000000	0.499721	0.511732	0.796318	0.655382	-0.002335
13145.000000	0.499708	0.511714	0.796325	0.655394	-0.002364
13146.000000	0.499708	0.511713	0.796338	0.655414	-0.002407
13147.000000	0.499700	0.511715	0.796347	0.655429	-0.002430
13148.000000	0.499694	0.511709	0.796346	0.655427	-0.002428
13149.000000	0.499683	0.511688	0.796346	0.655425	-0.002418
13150.000000	0.499675	0.511671	0.796335	0.655408	-0.002411
13151.000000	0.499672	0.511673	0.796329	0.655398	-0.002384
13152.000000	0.499664	0.511648	0.796318	0.655380	-0.002387
13153.000000	0.499652	0.511638	0.796311	0.655367	-0.002422
13154.000000	0.499644	0.511629	0.796294	0.655343	-0.002444
13155.000000	0.499642	0.511620	0.796277	0.655319	-0.002431
13156.000000	0.499666	0.511611	0.796279	0.655320	-0.002424
13157.000000	0.499668	0.511604	0.796281	0.655323	-0.002409
13158.000000	0.499667	0.511593	0.796277	0.655315	-0.002387
13159.000000	0.499669	0.511583	0.796289	0.655334	-0.002354
13160.000000	0.499666	0.511570	0.796282	0.655325	-0.002325
13161.000000	0.499649	0.511547	0.796266	0.655301	-0.002318
13162.000000	0.499644	0.511550	0.796269	0.655304	-0.002298
13163.000000	0.499638	0.511573	0.796287	0.655337	-0.002275
13164.000000	0.499624	0.511567	0.796304	0.655366	-0.002243
13165.000000	0.499604	0.511546	0.796301	0.655359	-0.002235
13166.000000	0.499582	0.511524	0.796297	0.655352	-0.002237
13167.000000	0.499567	0.511499	0.796280	0.655328	-0.002251
13168.000000	0.499564	0.511491	0.796270	0.655311	-0.002257
13169.000000	0.499579	0.511507	0.796269	0.655308	-0.002262
13170.000000	0.499596	0.511551	0.796264	0.655299	-0.002295
13171.000000	0.499614	0.511618	0.796268	0.655306	-0.002340
13172.000000	0.499623	0.511627	0.796256	0.655286	-0.002361
13173.000000	0.499630	0.511622	0.796268	0.655309	-0.002380
13174.000000	0.499635	0.511635	0.796274	0.655316	-0.002382
13175.000000	0.499625	0.511664	0.796282	0.655330	-0.002411
13176.000000	0.499605	0.511650	0.796292	0.655345	-0.002462
13177.000000	0.499592	0.511631	0.796308	0.655372	-0.002517
13178.000000	0.499577	0.511617	0.796314	0.655380	-0.002556
13179.000000	0.499568	0.511609	0.796318	0.655385	-0.002580
13180.000000	0.499576	0.511608	0.796331	0.655408	-0.002567
13181.000000	0.499589	0.511595	0.796332	0.655408	-0.002564
13182.000000	0.499583	0.511577	0.796345	0.655429	-0.002591
13183.000000	0.499572	0.511565	0.796363	0.655460	-0.002619
13184.000000	0.499569	0.511544	0.796365	0.655463	-0.002636
13185.000000	0.499561	0.511528	0.796363	0.655458	-0.002645
13186.000000	0.499572	0.511527	0.796366	0.655462	-0.002645
13187.000000	0.499589	0.511517	0.796365	0.655459	-0.002609
13188.000000	0.499606	0.511515	0.796379	0.655483	-0.002553
13189.000000	0.499606	0.511503	0.796384	0.655490	-0.002523
13190.000000	0.499600	0.511491	0.796367	0.655466	-0.002524
13191.000000	0.499592	0.511486	0.796363	0.655458	-0.002534
13192.000000	0.499602	0.511497	0.796353	0.655443	-0.002544
13193.000000	0.499598	0.511501	0.796347	0.655432	-0.002534
13194.000000	0.499587	0.511510	0.796336	0.655415	-0.002535
13195.000000	0.499582	0.511514	0.796342	0.655424	-0.002559
13196.000000	0.499572	0.511525	0.796356	0.655448	-0.002583
13197.000000	0.499572	0.511516	0.796353	0.655442	-0.002579
13198.000000	0.499575	0.511508	0.796348	0.655435	-0.002559
13199.000000	0.499577	0.511494	0.796336	0.655415	-0.002547
13200.000000	0.499573	0.511477	0.796339	0.655419	-0.002540
13201.000000	0.499563	0.511469	0.796337	0.655414	-0.002522
13202.000000	0.499553	0.511470	0.796335	0.655411	-0.002495
13203.000000	0.499544	0.511468	0.796339	0.655416	-0.002462
13204.000000	0.499535	0.511462	0.796353	0.655439	-0.002442
13205.000000	0.499537	0.511447	0.796361	0.655452	-0.002436
13206.000000	0.499535	0.511422	0.796362	0.655452	-0.002447
13207.000000	0.499529	0.511413	0.796380	0.655482	-0.002420
13208.000000	0.499514	0.511413	0.796403	0.655526	-0.002373
13209.000000	0.499524	0.511411	0.796409	0.655534	-0.002333
13210.000000	0.499538	0.511439	0.796423	0.655559	-0.002317
13211.000000	0.499571	0.511473	0.796417	0.655549	-0.002305
13212.000000	0.499600	0.511530	0.796412	0.655542	-0.002332
13213.000000	0.499610	0.511557	0.796417	0.655549	-0.002370
13214.000000	0.499603	0.511542	0.796411	0.655537	-0.002391
13215.000000	0.499588	0.511532	0.796415	0.655543	-0.002414
13216.000000	0.499572	0.511501	0.796419	0.655549	-0.002419
13217.000000	0.499560	0.511507	0.796410	0.655534	-0.002405
13218.000000	0.499572	0.511585	0.796406	0.655527	-0.002397
13219.000000	0.499584	0.511622	0.796396	0.655511	-0.002391
13220.000000	0.499586	0.511609	0.796380	0.655487	-0.002395
13221.000000	0.499583	0.511617	0.796368	0.655469	-0.002410
13222.000000	0.499579	0.511618	0.796352	0.655445	-0.002432
13223.000000	0.499563	0.511613	0.796351	0.655443	-0.002445
13224.000000	0.499549	0.511601	0.796364	0.655464	-0.002448
13225.000000	0.499554	0.511642	0.796378	0.655490	-0.002448
13226.000000	0.499551	0.511674	0.796374	0.655482	-0.002467
13227.000000	0.499545	0.511663	0.796387	0.655504	-0.002511
13228.000000	0.499543	0.511643	0.796387	0.655502	-0.002529
13229.000000	0.499529	0.511625	0.796384	0.655496	-0.002529
13230.000000	0.499537	0.511629	0.796382	0.655492	-0.002540
13231.000000	0.499529	0.511629	0.796395	0.655514	-0.002539
13232.000000	0.499520	0.511643	0.796410	0.655540	-0.002521
13233.000000	0.499520	0.511633	0.796405	0.655531	-0.002504
13234.000000	0.499527	0.511620	0.796407	0.655534	-0.002477
13235.000000	0.499519	0.511616	0.796421	0.655558	-0.002429
13236.000000	0.499518	0.511625	0.796419	0.655552	-0.002401
13237.000000	0.499520	0.511633	0.796410	0.655538	-0.002397
13238.000000	0.499512	0.511625	0.796396	0.655516	-0.002396
13239.000000	0.499521	0.511613	0.796388	0.655503	-0.002379
13240.000000	0.499521	0.511609	0.796402	0.655529	-0.002319
13241.000000	0.499521	0.511605	0.796422	0.655564	-0.002283
13242.000000	0.499514	0.511607	0.796437	0.655589	-0.002301
13243.000000	0.499511	0.511611	0.796432	0.655581	-0.002320
13244.000000	0.499518	0.511616	0.796419	0.655561	-0.002314
13245.000000	0.499505	0.511621	0.796419	0.655560	-0.002285
13246.000000	0.499503	0.511616	0.796436	0.655589	-0.002239
13247.000000	0.499517	0.511610	0.796448	0.655608	-0.002198
13248.000000	0.499526	0.511606	0.796441	0.655597	-0.002185
13249.000000	0.499520	0.511600	0.796426	0.655574	-0.002170
13250.000000	0.499520	0.511585	0.796423	0.655568	-0.002145
13251.000000	0.499530	0.511589	0.796423	0.655567	-0.002137
13252.000000	0.499536	0.511592	0.796421	0.655563	-0.002127
13253.000000	0.499532	0.511594	0.796416	0.655554	-0.002126
13254.000000	0.499519	0.511576	0.796429	0.655576	-0.002130
13255.000000	0.499508	0.511565	0.796432	0.655578	-0.002147
13256.000000	0.499509	0.511553	0.796421	0.655561	-0.002147
13257.000000	0.499500	0.511551	0.796413	0.655548	-0.002132
13258.000000	0.499489	0.511552	0.796405	0.655536	-0.002140
13259.000000	0.499489	0.511544	0.796406	0.655536	-0.002132
13260.000000	0.499500	0.511533	0.796397	0.655522	-0.002115
13261.000000	0.499505	0.511530	0.796387	0.655506	-0.002115
13262.000000	0.499511	0.511532	0.796371	0.655482	-0.002123
13263.000000	0.499526	0.511568	0.796354	0.655457	-0.002119
13264.000000	0.499536	0.511564	0.796352	0.655455	-0.002132
13265.000000	0.499540	0.511560	0.796366	0.655478	-0.002085
13266.000000	0.499539	0.511567	0.796354	0.655460	-0.002057
13267.000000	0.499531	0.511548	0.796345	0.655445	-0.002061
13268.000000	0.499552	0.511545	0.796359	0.655470	-0.002117
13269.000000	0.499559	0.511543	0.796361	0.655472	-0.002150
13270.000000	0.499562	0.511551	0.796379	0.655502	-0.002148
13271.000000	0.499578	0.511590	0.796392	0.655526	-0.002119
13272.000000	0.499586	0.511607	0.796384	0.655513	-0.002103
13273.000000	0.499573	0.511600	0.796372	0.655493	-0.002094
13274.000000	0.499558	0.511581	0.796372	0.655493	-0.002082
13275.000000	0.499545	0.511574	0.796382	0.655509	-0.002060
13276.000000	0.499535	0.511566	0.796398	0.655536	-0.002070
13277.000000	0.499529	0.511546	0.796410	0.655558	-0.002114
13278.000000	0.499522	0.511521	0.796399	0.655540	-0.002125
13279.000000	0.499510	0.511504	0.796382	0.655515	-0.002119
13280.000000	0.499509	0.511507	0.796371	0.655498	-0.002140
13281.000000	0.499516	0.511530	0.796373	0.655500	-0.002177
13282.000000	0.499515	0.511549	0.796370	0.655494	-0.002206
13283.000000	0.499524	0.511542	0.796360	0.655478	-0.002207
13284.000000	0.499515	0.511527	0.796361	0.655479	-0.002214
13285.000000	0.499515	0.511528	0.796360	0.655476	-0.002222
13286.000000	0.499514	0.511537	0.796349	0.655458	-0.002216
13287.000000	0.499507	0.511532	0.796340	0.655443	-0.002215
13288.000000	0.499514	0.511519	0.796328	0.655425	-0.002204
13289.000000	0.499509	0.511510	0.796336	0.655437	-0.002159
13290.000000	0.499504	0.511523	0.796342	0.655446	-0.002117
13291.000000	0.499511	0.511515	0.796337	0.655437	-0.002113
13292.000000	0.499505	0.511503	0.796354	0.655467	-0.002173
13293.000000	0.499491	0.511475	0.796365	0.655486	-0.002222
13294.000000	0.499501	0.511460	0.796363	0.655482	-0.002241
13295.000000	0.499506	0.511437	0.796370	0.655491	-0.002288
13296.000000	0.499503	0.511414	0.796366	0.655485	-0.002315
13297.000000	0.499497	0.511389	0.796369	0.655487	-0.002355
13298.000000	0.499483	0.511364	0.796371	0.655490	-0.002401
13299.000000	0.499476	0.511352	0.796387	0.655517	-0.002452
13300.000000	0.499505	0.511348	0.796389	0.655520	-0.002453
13301.000000	0.499526	0.511351	0.796387	0.655515	-0.002429
13302.000000	0.499521	0.511342	0.796380	0.655503	-0.002435
13303.000000	0.499508	0.511332	0.796382	0.655505	-0.002460
13304.000000	0.499507	0.511351	0.796376	0.655494	-0.002473
13305.000000	0.499512	0.511345	0.796367	0.655481	-0.002477
13306.000000	0.499514	0.511325	0.796373	0.655489	-0.002502
13307.000000	0.499513	0.511322	0.796381	0.655502	-0.002537
13308.000000	0.499504	0.511307	0.796388	0.655510	-0.002569
13309.000000	0.499493	0.511283	0.796394	0.655519	-0.002614
13310.000000	0.499481	0.511263	0.796397	0.655522	-0.002656
13311.000000	0.499471	0.511246	0.796407	0.655539	-0.002695
13312.000000	0.499466	0.511258	0.796432	0.655586	-0.002722
13313.000000	0.499490	0.511326	0.796449	0.655615	-0.002706
13314.000000	0.499508	0.511351	0.796451	0.655617	-0.002682
13315.000000	0.499514	0.511367	0.796469	0.655649	-0.002704
13316.000000	0.499527	0.511391	0.796465	0.655642	-0.002726
13317.000000	0.499540	0.511414	0.796447	0.655616	-0.002735
13318.000000	0.499548	0.511422	0.796439	0.655604	-0.002724
13319.000000	0.499548	0.511440	0.796441	0.655606	-0.002707
13320.000000	0.499549	0.511423	0.796430	0.655590	-0.002684
13321.000000	0.499552	0.511432	0.796422	0.655577	-0.002659
13322.000000	0.499556	0.511431	0.796413	0.655562	-0.002652
13323.000000	0.499550	0.511428	0.796404	0.655548	-0.002672
13324.000000	0.499539	0.511419	0.796408	0.655553	-0.002695
13325.000000	0.499530	0.511412	0.796408	0.655550	-0.002709
13326.000000	0.499523	0.511414	0.796411	0.655555	-0.002747
13327.000000	0.499517	0.511421	0.796412	0.655555	-0.002788
13328.000000	0.499530	0.511457	0.796409	0.655548	-0.002821
13329.000000	0.499545	0.511471	0.796401	0.655536	-0.002818
13330.000000	0.499559	0.511474	0.796410	0.655552	-0.002795
13331.000000	0.499584	0.511453	0.796420	0.655568	-0.002790
13332.000000	0.499578	0.511460	0.796407	0.655549	-0.002800
13333.000000	0.499563	0.511445	0.796393	0.655527	-0.002802
13334.000000	0.499557	0.511421	0.796385	0.655514	-0.002803
13335.000000	0.499554	0.511414	0.796380	0.655505	-0.002793
13336.000000	0.499552	0.511411	0.796391	0.655523	-0.002754
13337.000000	0.499551	0.511456	0.796412	0.655561	-0.002726
13338.000000	0.499544	0.511484	0.796422	0.655577	-0.002715
13339.000000	0.499540	0.511492	0.796439	0.655607	-0.002716
13340.000000	0.499535	0.511479	0.796437	0.655603	-0.002735
13341.000000	0.499527	0.511493	0.796423	0.655582	-0.002736
13342.000000	0.499520	0.511496	0.796422	0.655580	-0.002712
13343.000000	0.499531	0.511496	0.796428	0.655588	-0.002731
13344.000000	0.499528	0.511485	0.796437	0.655604	-0.002778
13345.000000	0.499524	0.511471	0.796434	0.655598	-0.002783
13346.000000	0.499516	0.511447	0.796429	0.655588	-0.002758
13347.000000	0.499515	0.511428	0.796440	0.655606	-0.002774
13348.000000	0.499502	0.511417	0.796456	0.655634	-0.002805
13349.000000	0.499505	0.511430	0.796462	0.655643	-0.002817
13350.000000	0.499521	0.511418	0.796450	0.655625	-0.002834
13351.000000	0.499514	0.511392	0.796452	0.655627	-0.002822
13352.000000	0.499517	0.511397	0.796462	0.655642	-0.002801
13353.000000	0.499513	0.511395	0.796460	0.655639	-0.002808
13354.000000	0.499514	0.511380	0.796450	0.655622	-0.002827
13355.000000	0.499513	0.511394	0.796436	0.655600	-0.002828
13356.000000	0.499501	0.511396	0.796424	0.655583	-0.002818
13357.000000	0.499510	0.511425	0.796409	0.655560	-0.002802
13358.000000	0.499507	0.511444	0.796399	0.655544	-0.002827
13359.000000	0.499508	0.511470	0.796393	0.655533	-0.002863
13360.000000	0.499511	0.511484	0.796391	0.655529	-0.002889
13361.000000	0.499506	0.511464	0.796392	0.655530	-0.002883
13362.000000	0.499517	0.511449	0.796392	0.655528	-0.002869
13363.000000	0.499503	0.511430	0.796399	0.655537	-0.002858
13364.000000	0.499491	0.511411	0.796403	0.655544	-0.002836
13365.000000	0.499491	0.511421	0.796396	0.655531	-0.002821
13366.000000	0.499507	0.511437	0.796394	0.655528	-0.002801
13367.000000	0.499501	0.511441	0.796399	0.655535	-0.002801
13368.000000	0.499499	0.511447	0.796389	0.655519	-0.002812
13369.000000	0.499534	0.511449	0.796394	0.655525	-0.002859
13370.000000	0.499541	0.511432	0.796393	0.655523	-0.002888
13371.000000	0.499537	0.511434	0.796402	0.655537	-0.002897
13372.000000	0.499539	0.511438	0.796417	0.655562	-0.002855
13373.000000	0.499524	0.511450	0.796420	0.655567	-0.002806
13374.000000	0.499534	0.511438	0.796408	0.655548	-0.002790
13375.000000	0.499545	0.511455	0.796416	0.655562	-0.002800
13376.000000	0.499532	0.511442	0.796429	0.655583	-0.002833
13377.000000	0.499523	0.511431	0.796427	0.655578	-0.002861
13378.000000	0.499520	0.511425	0.796411	0.655554	-0.002855
13379.000000	0.499523	0.511417	0.796419	0.655569	-0.002804
13380.000000	0.499522	0.511408	0.796436	0.655599	-0.002745
13381.000000	0.499523	0.511391	0.796452	0.655627	-0.002721
13382.000000	0.499519	0.511387	0.796472	0.655663	-0.002726
13383.000000	0.499550	0.511394	0.796485	0.655685	-0.002776
13384.000000	0.499580	0.511410	0.796492	0.655697	-0.002809
13385.000000	0.499596	0.511443	0.796501	0.655712	-0.002759
13386.000000	0.499601	0.511471	0.796509	0.655724	-0.002718
13387.000000	0.499616	0.511503	0.796518	0.655738	-0.002710
13388.000000	0.499635	0.511542	0.796529	0.655756	-0.002748
13389.000000	0.499638	0.511548	0.796536	0.655767	-0.002788
13390.000000	0.499637	0.511562	0.796525	0.655750	-0.002792
13391.000000	0.499626	0.511563	0.796520	0.655741	-0.002805
13392.000000	0.499614	0.511541	0.796531	0.655758	-0.002836
13393.000000	0.499606	0.511525	0.796548	0.655788	-0.002890
13394.000000	0.499612	0.511515	0.796549	0.655789	-0.002928
13395.000000	0.499607	0.511494	0.796544	0.655780	-0.002938
13396.000000	0.499593	0.511481	0.796555	0.655798	-0.002969
13397.000000	0.499593	0.511474	0.796568	0.655820	-0.003012
13398.000000	0.499604	0.511471	0.796565	0.655813	-0.003003
13399.000000	0.499616	0.511497	0.796570	0.655823	-0.003004
13400.000000	0.499619	0.511510	0.796574	0.655828	-0.003051
13401.000000	0.499623	0.511526	0.796582	0.655842	-0.003095
13402.000000	0.499631	0.511552	0.796570	0.655823	-0.003106
13403.000000	0.499643	0.511590	0.796569	0.655821	-0.003091
13404.000000	0.499677	0.511620	0.796574	0.655828	-0.003044
13405.000000	0.499683	0.511614	0.796565	0.655814	-0.003032
13406.000000	0.499687	0.511632	0.796561	0.655806	-0.003016
13407.000000	0.499694	0.511651	0.796568	0.655816	-0.002992
13408.000000	0.499691	0.511654	0.796570	0.655819	-0.002977
13409.000000	0.499689	0.511654	0.796573	0.655824	-0.002959
13410.000000	0.499681	0.511635	0.796579	0.655833	-0.002958
13411.000000	0.499672	0.511625	0.796574	0.655824	-0.002954
13412.000000	0.499673	0.511603	0.796568	0.655814	-0.002953
13413.000000	0.499693	0.511599	0.796578	0.655829	-0.002988
13414.000000	0.499694	0.511604	0.796594	0.655857	-0.003042
13415.000000	0.499686	0.511591	0.796614	0.655893	-0.003108
13416.000000	0.499684	0.511596	0.796632	0.655925	-0.003151
13417.000000	0.499676	0.511588	0.796647	0.655952	-0.003151
13418.000000	0.499678	0.511564	0.796651	0.655956	-0.003116
13419.000000	0.499670	0.511561	0.796656	0.655963	-0.003084
13420.000000	0.499665	0.511565	0.796662	0.655972	-0.003062
13421.000000	0.499675	0.511608	0.796671	0.655987	-0.003064
13422.000000	0.499692	0.511603	0.796671	0.655985	-0.003068
13423.000000	0.499692	0.511589	0.796675	0.655990	-0.003039
13424.000000	0.499700	0.511586	0.796681	0.655998	-0.003034
13425.000000	0.499696	0.511584	0.796671	0.655982	-0.003054
13426.000000	0.499705	0.511600	0.796675	0.655988	-0.003060
13427.000000	0.499723	0.511602	0.796675	0.655988	-0.003053
13428.000000	0.499723	0.511618	0.796657	0.655962	-0.003046
13429.000000	0.499709	0.511600	0.796651	0.655952	-0.003038
13430.000000	0.499708	0.511587	0.796654	0.655957	-0.003067
13431.000000	0.499703	0.511576	0.796665	0.655974	-0.003100
13432.000000	0.499707	0.511553	0.796663	0.655969	-0.003098
13433.000000	0.499704	0.511547	0.796674	0.655988	-0.003047
13434.000000	0.499701	0.511543	0.796689	0.656014	-0.002986
13435.000000	0.499701	0.511543	0.796706	0.656042	-0.002929
13436.000000	0.499696	0.511536	0.796723	0.656073	-0.002885
13437.000000	0.499718	0.511532	0.796735	0.656092	-0.002834
13438.000000	0.499724	0.511538	0.796740	0.656100	-0.002804
13439.000000	0.499727	0.511557	0.796741	0.656101	-0.002774
13440.000000	0.499732	0.511575	0.796754	0.656121	-0.002756
13441.000000	0.499740	0.511615	0.796771	0.656151	-0.002787
13442.000000	0.499736	0.511604	0.796769	0.656148	-0.002815
13443.000000	0.499723	0.511611	0.796760	0.656133	-0.002822
13444.000000	0.499707	0.511593	0.796748	0.656113	-0.002823
13445.000000	0.499691	0.511571	0.796730	0.656088	-0.002812
13446.000000	0.499675	0.511562	0.796723	0.656076	-0.002803
13447.000000	0.499685	0.511550	0.796729	0.656086	-0.002775
13448.000000	0.499698	0.511554	0.796745	0.656113	-0.002719
13449.000000	0.499687	0.511548	0.796744	0.656110	-0.002702
13450.000000	0.499682	0.511552	0.796732	0.656092	-0.002714
13451.000000	0.499672	0.511556	0.796714	0.656066	-0.002725
13452.000000	0.499663	0.511559	0.796708	0.656056	-0.002743
13453.000000	0.499655	0.511553	0.796710	0.656059	-0.002767
13454.000000	0.499662	0.511576	0.796703	0.656047	-0.002773
13455.000000	0.499648	0.511579	0.796692	0.656029	-0.002777
13456.000000	0.499639	0.511578	0.796687	0.656019	-0.002787
13457.000000	0.499644	0.511588	0.796697	0.656037	-0.002801
13458.000000	0.499650	0.511621	0.796705	0.656049	-0.002828
13459.000000	0.499652	0.511647	0.796695	0.656034	-0.002840
13460.000000	0.499643	0.511650	0.796690	0.656024	-0.002842
13461.000000	0.499639	0.511649	0.796680	0.656009	-0.002855
13462.000000	0.499631	0.511634	0.796672	0.655995	-0.002839
13463.000000	0.499627	0.511640	0.796665	0.655984	-0.002822
13464.000000	0.499625	0.511643	0.796665	0.655982	-0.002839
13465.000000	0.499637	0.511668	0.796678	0.656003	-0.002873
13466.000000	0.499655	0.511672	0.796684	0.656012	-0.002886
13467.000000	0.499661	0.511668	0.796680	0.656005	-0.002899
13468.000000	0.499673	0.511679	0.796690	0.656021	-0.002925
13469.000000	0.499678	0.511696	0.796710	0.656056	-0.002930
13470.000000	0.499677	0.511688	0.796715	0.656064	-0.002918
13471.000000	0.499673	0.511688	0.796713	0.656060	-0.002910
13472.000000	0.499669	0.511671	0.796721	0.656072	-0.002897
13473.000000	0.499669	0.511649	0.796716	0.656063	-0.002921
13474.000000	0.499672	0.511644	0.796710	0.656053	-0.002923
13475.000000	0.499663	0.511634	0.796706	0.656045	-0.002896
13476.000000	0.499662	0.511622	0.796703	0.656038	-0.002866
13477.000000	0.499660	0.511605	0.796719	0.656067	-0.002866
13478.000000	0.499668	0.511588	0.796717	0.656064	-0.002871
13479.000000	0.499664	0.511574	0.796709	0.656051	-0.002847
13480.000000	0.499675	0.511562	0.796703	0.656041	-0.002823
13481.000000	0.499691	0.511570	0.796705	0.656043	-0.002827
13482.000000	0.499694	0.511578	0.796708	0.656046	-0.002846
13483.000000	0.499677	0.511558	0.796713	0.656054	-0.002886
13484.000000	0.499671	0.511538	0.796714	0.656055	-0.002929
13485.000000	0.499667	0.511527	0.796705	0.656040	-0.002926
13486.000000	0.499663	0.511519	0.796716	0.656059	-0.002894
13487.000000	0.499668	0.511517	0.796736	0.656093	-0.002906
13488.000000	0.499666	0.511524	0.796753	0.656123	-0.002964
13489.000000	0.499691	0.511548	0.796760	0.656135	-0.003017
13490.000000	0.499718	0.511584	0.796754	0.656126	-0.003014
13491.000000	0.499761	0.511607	0.796759	0.656133	-0.002974
13492.000000	0.499774	0.511612	0.796775	0.656160	-0.002985
13493.000000	0.499778	0.511601	0.796778	0.656166	-0.003008
13494.000000	0.499771	0.511610	0.796768	0.656150	-0.003018
13495.000000	0.499762	0.511612	0.796763	0.656140	-0.003043
13496.000000	0.499752	0.511593	0.796761	0.656136	-0.003085
13497.000000	0.499754	0.511582	0.796758	0.656130	-0.003103
13498.000000	0.499741	0.511572	0.796767	0.656145	-0.003083
13499.000000	0.499729	0.511551	0.796766	0.656141	-0.003082
13500.000000	0.499719	0.511525	0.796773	0.656152	-0.003101
13501.000000	0.499732	0.511505	0.796770	0.656147	-0.003106
13502.000000	0.499722	0.511485	0.796778	0.656160	-0.003052
13503.000000	0.499718	0.511474	0.796795	0.656191	-0.002989
13504.000000	0.499712	0.511465	0.796813	0.656223	-0.002935
13505.000000	0.499701	0.511442	0.796806	0.656210	-0.002930
13506.000000	0.499701	0.511428	0.796816	0.656228	-0.002960
13507.000000	0.499710	0.511439	0.796820	0.656235	-0.002998
13508.000000	0.499720	0.511454	0.796809	0.656218	-0.003000
13509.000000	0.499710	0.511445	0.796814	0.656225	-0.002961
13510.000000	0.499713	0.511419	0.796805	0.656210	-0.002945
13511.000000	0.499724	0.511429	0.796798	0.656199	-0.002967
13512.000000	0.499722	0.511431	0.796799	0.656200	-0.003000
13513.000000	0.499730	0.511426	0.796785	0.656179	-0.003000
13514.000000	0.499736	0.511437	0.796777	0.656166	-0.002976
13515.000000	0.499748	0.511444	0.796766	0.656149	-0.002992
13516.000000	0.499754	0.511431	0.796773	0.656160	-0.003036
13517.000000	0.499762	0.511431	0.796771	0.656155	-0.003071
13518.000000	0.499749	0.511430	0.796757	0.656134	-0.003070
13519.000000	0.499753	0.511412	0.796753	0.656126	-0.003063
13520.000000	0.499769	0.511394	0.796753	0.656126	-0.003068
13521.000000	0.499769	0.511384	0.796760	0.656135	-0.003118
13522.000000	0.499762	0.511368	0.796774	0.656160	-0.003159
13523.000000	0.499750	0.511351	0.796787	0.656181	-0.003162
13524.000000	0.499762	0.511336	0.796785	0.656179	-0.003142
13525.000000	0.499764	0.511313	0.796768	0.656154	-0.003126
13526.000000	0.499754	0.511294	0.796754	0.656134	-0.003132
13527.000000	0.499749	0.511272	0.796759	0.656140	-0.003133
13528.000000	0.499750	0.511252	0.796761	0.656143	-0.003123
13529.000000	0.499765	0.511249	0.796748	0.656122	-0.003108
13530.000000	0.499757	0.511238	0.796738	0.656107	-0.003110
13531.000000	0.499741	0.511225	0.796727	0.656089	-0.003121
13532.000000	0.499729	0.511203	0.796731	0.656095	-0.003108
13533.000000	0.499717	0.511184	0.796718	0.656075	-0.003103
13534.000000	0.499704	0.511172	0.796705	0.656055	-0.003097
13535.000000	0.499691	0.511164	0.796709	0.656060	-0.003098
13536.000000	0.499679	0.511150	0.796719	0.656078	-0.003097
13537.000000	0.499680	0.511130	0.796715	0.656070	-0.003095
13538.000000	0.499688	0.511142	0.796716	0.656070	-0.003093
13539.000000	0.499684	0.511152	0.796706	0.656053	-0.003095
13540.000000	0.499684	0.511140	0.796698	0.656042	-0.003115
13541.000000	0.499673	0.511125	0.796707	0.656057	-0.003111
13542.000000	0.499654	0.511108	0.796706	0.656053	-0.003118
13543.000000	0.499647	0.511098	0.796703	0.656047	-0.003129
13544.000000	0.499652	0.511094	0.796705	0.656048	-0.003129
13545.000000	0.499655	0.511103	0.796708	0.656053	-0.003128
13546.000000	0.499659	0.511123	0.796718	0.656068	-0.003091
13547.000000	0.499674	0.511187	0.796733	0.656095	-0.003039
13548.000000	0.499693	0.511264	0.796730	0.656090	-0.003023
13549.000000	0.499719	0.511331	0.796733	0.656093	-0.003016
13550.000000	0.499741	0.511344	0.796729	0.656085	-0.003033
13551.000000	0.499736	0.511341	0.796737	0.656098	-0.003045
13552.000000	0.499727	0.511315	0.796731	0.656087	-0.003070
13553.000000	0.499740	0.511303	0.796720	0.656070	-0.003095
13554.000000	0.499750	0.511302	0.796712	0.656057	-0.003102
13555.000000	0.499761	0.511333	0.796698	0.656036	-0.003082
13556.000000	0.499749	0.511351	0.796691	0.656024	-0.003058
13557.000000	0.499747	0.511344	0.796683	0.656011	-0.003036
13558.000000	0.499765	0.511361	0.796687	0.656016	-0.003059
13559.000000	0.499762	0.511368	0.796687	0.656014	-0.003063
13560.000000	0.499755	0.511363	0.796684	0.656008	-0.003063
13561.000000	0.499760	0.511363	0.796676	0.655994	-0.003048
13562.000000	0.499770	0.511355	0.796682	0.656004	-0.003007
13563.000000	0.499757	0.511340	0.796690	0.656015	-0.002982
13564.000000	0.499749	0.511331	0.796687	0.656011	-0.002982
13565.000000	0.499728	0.511331	0.796679	0.655996	-0.002999
13566.000000	0.499722	0.511324	0.796681	0.656000	-0.002986
13567.000000	0.499720	0.511305	0.796677	0.655993	-0.002966
13568.000000	0.499711	0.511287	0.796665	0.655974	-0.002935
13569.000000	0.499706	0.511279	0.796671	0.655984	-0.002897
13570.000000	0.499702	0.511272	0.796688	0.656013	-0.002887
13571.000000	0.499701	0.511292	0.796693	0.656020	-0.002886
13572.000000	0.499700	0.511315	0.796701	0.656033	-0.002890
13573.000000	0.499688	0.511307	0.796704	0.656036	-0.002886
13574.000000	0.499685	0.511298	0.796693	0.656019	-0.002872
13575.000000	0.499692	0.511282	0.796682	0.656002	-0.002857
13576.000000	0.499677	0.511263	0.796696	0.656027	-0.002824
13577.000000	0.499664	0.511240	0.796696	0.656026	-0.002802
13578.000000	0.499649	0.511215	0.796680	0.656002	-0.002800
13579.000000	0.499647	0.511219	0.796673	0.655990	-0.002812
13580.000000	0.499648	0.511239	0.796667	0.655981	-0.002812
13581.000000	0.499642	0.511240	0.796680	0.656001	-0.002782
13582.000000	0.499633	0.511245	0.796683	0.656006	-0.002753
13583.000000	0.499622	0.511222	0.796672	0.655989	-0.002747
13584.000000	0.499615	0.511211	0.796675	0.655992	-0.002740
13585.000000	0.499613	0.511188	0.796675	0.655991	-0.002739
13586.000000	0.499610	0.511181	0.796672	0.655985	-0.002730
13587.000000	0.499603	0.511165	0.796680	0.655997	-0.002716
13588.000000	0.499598	0.511149	0.796685	0.656004	-0.002688
13589.000000	0.499591	0.511137	0.796684	0.656002	-0.002668
13590.000000	0.499579	0.511113	0.796673	0.655984	-0.002682
13591.000000	0.499577	0.511109	0.796660	0.655965	-0.002703
13592.000000	0.499561	0.511094	0.796652	0.655951	-0.002724
13593.000000	0.499555	0.511101	0.796648	0.655944	-0.002728
13594.000000	0.499542	0.511100	0.796639	0.655929	-0.002728
13595.000000	0.499527	0.511079	0.796650	0.655947	-0.002740
13596.000000	0.499525	0.511083	0.796650	0.655948	-0.002764
13597.000000	0.499519	0.511089	0.796640	0.655931	-0.002778
13598.000000	0.499501	0.511070	0.796645	0.655937	-0.002763
13599.000000	0.499517	0.511070	0.796646	0.655937	-0.002736
13600.000000	0.499537	0.511051	0.796644	0.655934	-0.002764
13601.000000	0.499525	0.511030	0.796655	0.655950	-0.002814
13602.000000	0.499535	0.511060	0.796652	0.655945	-0.002830
13603.000000	0.499549	0.511092	0.796650	0.655941	-0.002832
13604.000000	0.499578	0.511108	0.796639	0.655923	-0.002817
13605.000000	0.499598	0.511103	0.796638	0.655920	-0.002834
13606.000000	0.499609	0.511095	0.796657	0.655954	-0.002892
13607.000000	0.499629	0.511096	0.796648	0.655941	-0.002903
13608.000000	0.499644	0.511105	0.796657	0.655955	-0.002887
13609.000000	0.499636	0.511081	0.796653	0.655948	-0.002892
13610.000000	0.499620	0.511075	0.796649	0.655940	-0.002895
13611.000000	0.499612	0.511097	0.796658	0.655955	-0.002900
13612.000000	0.499617	0.511106	0.796649	0.655940	-0.002892
13613.000000	0.499615	0.511100	0.796646	0.655935	-0.002854
13614.000000	0.499612	0.511096	0.796640	0.655925	-0.002836
13615.000000	0.499623	0.511105	0.796641	0.655928	-0.002851
13616.000000	0.499643	0.511138	0.796646	0.655936	-0.002862
13617.000000	0.499645	0.511165	0.796647	0.655937	-0.002839
13618.000000	0.499661	0.511166	0.796647	0.655937	-0.002808
13619.000000	0.499649	0.511144	0.796640	0.655924	-0.002811
13620.000000	0.499648	0.511134	0.796648	0.655937	-0.002834
13621.000000	0.499639	0.511116	0.796635	0.655917	-0.002847
13622.000000	0.499627	0.511107	0.796618	0.655893	-0.002842
13623.000000	0.499621	0.511123	0.796605	0.655873	-0.002833
13624.000000	0.499612	0.511123	0.796600	0.655863	-0.002809
13625.000000	0.499640	0.511165	0.796585	0.655841	-0.002807
13626.000000	0.499666	0.511180	0.796583	0.655837	-0.002815
13627.000000	0.499681	0.511202	0.796580	0.655830	-0.002817
13628.000000	0.499677	0.511211	0.796580	0.655829	-0.002845
13629.000000	0.499683	0.511193	0.796583	0.655833	-0.002877
13630.000000	0.499685	0.511183	0.796592	0.655847	-0.002850
13631.000000	0.499672	0.511173	0.796605	0.655869	-0.002804
13632.000000	0.499684	0.511185	0.796617	0.655890	-0.002759
13633.000000	0.499682	0.511190	0.796625	0.655901	-0.002723
13634.000000	0.499670	0.511183	0.796624	0.655899	-0.002689
13635.000000	0.499664	0.511168	0.796622	0.655895	-0.002649
13636.000000	0.499656	0.511155	0.796621	0.655892	-0.002612
13637.000000	0.499665	0.511145	0.796606	0.655870	-0.002589
13638.000000	0.499657	0.511129	0.796593	0.655849	-0.002594
13639.000000	0.499650	0.511119	0.796591	0.655845	-0.002602
13640.000000	0.499642	0.511119	0.796601	0.655861	-0.002581
13641.000000	0.499632	0.511132	0.796615	0.655885	-0.002562
13642.000000	0.499627	0.511161	0.796612	0.655880	-0.002539
13643.000000	0.499618	0.511172	0.796602	0.655864	-0.002512
13644.000000	0.499617	0.511186	0.796598	0.655855	-0.002477
13645.000000	0.499621	0.511174	0.796589	0.655841	-0.002469
13646.000000	0.499646	0.511197	0.796579	0.655825	-0.002473
13647.000000	0.499638	0.511191	0.796575	0.655817	-0.002455
13648.000000	0.499629	0.511172	0.796568	0.655805	-0.002432
13649.000000	0.499636	0.511168	0.796567	0.655803	-0.002403
13650.000000	0.499648	0.511194	0.796577	0.655818	-0.002382
13651.000000	0.499640	0.511192	0.796574	0.655812	-0.002371
13652.000000	0.499642	0.511209	0.796566	0.655799	-0.002386
13653.000000	0.499636	0.511211	0.796555	0.655782	-0.002397
13654.000000	0.499634	0.511235	0.796559	0.655788	-0.002417
13655.000000	0.499622	0.511250	0.796556	0.655781	-0.002432
13656.000000	0.499623	0.511279	0.796543	0.655762	-0.002448
13657.000000	0.499632	0.511322	0.796558	0.655788	-0.002481
13658.000000	0.499629	0.511325	0.796566	0.655801	-0.002511
13659.000000	0.499626	0.511308	0.796561	0.655791	-0.002546
13660.000000	0.499613	0.511296	0.796552	0.655776	-0.002566
13661.000000	0.499600	0.511287	0.796552	0.655775	-0.002588
13662.000000	0.499602	0.511286	0.796560	0.655789	-0.002624
13663.000000	0.499605	0.511294	0.796545	0.655766	-0.002632
13664.000000	0.499613	0.511292	0.796529	0.655743	-0.002621
13665.000000	0.499618	0.511321	0.796521	0.655730	-0.002638
13666.000000	0.499622	0.511336	0.796507	0.655709	-0.002637
13667.000000	0.499626	0.511338	0.796514	0.655721	-0.002664
13668.000000	0.499630	0.511329	0.796527	0.655744	-0.002673
13669.000000	0.499658	0.511336	0.796513	0.655723	-0.002665
13670.000000	0.499686	0.511321	0.796494	0.655696	-0.002652
13671.000000	0.499710	0.511304	0.796488	0.655687	-0.002634
13672.000000	0.499716	0.511300	0.796491	0.655690	-0.002625
13673.000000	0.499714	0.511310	0.796504	0.655712	-0.002641
13674.000000	0.499708	0.511305	0.796505	0.655713	-0.002677
13675.000000	0.499704	0.511306	0.796519	0.655735	-0.002728
13676.000000	0.499694	0.511299	0.796519	0.655735	-0.002746
13677.000000	0.499702	0.511294	0.796506	0.655715	-0.002750
13678.000000	0.499699	0.511273	0.796491	0.655693	-0.002762
13679.000000	0.499689	0.511253	0.796488	0.655688	-0.002742
13680.000000	0.499672	0.511228	0.796500	0.655707	-0.002698
13681.000000	0.499663	0.511210	0.796503	0.655710	-0.002674
13682.000000	0.499649	0.511204	0.796500	0.655705	-0.002666
13683.000000	0.499665	0.511257	0.796491	0.655690	-0.002660
13684.000000	0.499667	0.511261	0.796499	0.655702	-0.002661
13685.000000	0.499677	0.511290	0.796516	0.655732	-0.002648
13686.000000	0.499662	0.511281	0.796530	0.655757	-0.002644
13687.000000	0.499673	0.511278	0.796526	0.655750	-0.002631
13688.000000	0.499692	0.511284	0.796524	0.655745	-0.002606
13689.000000	0.499689	0.511280	0.796518	0.655734	-0.002600
13690.000000	0.499686	0.511259	0.796505	0.655715	-0.002597
13691.000000	0.499687	0.511254	0.796517	0.655735	-0.002603
13692.000000	0.499689	0.511242	0.796538	0.655773	-0.002599
13693.000000	0.499680	0.511236	0.796547	0.655788	-0.002577
13694.000000	0.499691	0.511251	0.796551	0.655793	-0.002540
13695.000000	0.499699	0.511285	0.796555	0.655798	-0.002513
13696.000000	0.499696	0.511271	0.796545	0.655783	-0.002497
13697.000000	0.499685	0.511260	0.796527	0.655757	-0.002488
13698.000000	0.499681	0.511261	0.796525	0.655752	-0.002499
13699.000000	0.499682	0.511269	0.796531	0.655760	-0.002538
13700.000000	0.499694	0.511300	0.796546	0.655787	-0.002599
13701.000000	0.499684	0.511291	0.796562	0.655813	-0.002653
13702.000000	0.499678	0.511278	0.796575	0.655837	-0.002669
13703.000000	0.499659	0.511260	0.796576	0.655836	-0.002659
13704.000000	0.499655	0.511265	0.796563	0.655816	-0.002666
13705.000000	0.499660	0.511270	0.796555	0.655805	-0.002673
13706.000000	0.499665	0.511278	0.796541	0.655783	-0.002674
13707.000000	0.499686	0.511297	0.796555	0.655807	-0.002670
13708.000000	0.499729	0.511307	0.796551	0.655801	-0.002675
13709.000000	0.499731	0.511308	0.796557	0.655809	-0.002688
13710.000000	0.499728	0.511300	0.796554	0.655803	-0.002706
13711.000000	0.499710	0.511288	0.796550	0.655795	-0.002726
13712.000000	0.499705	0.511284	0.796542	0.655782	-0.002723
13713.000000	0.499693	0.511274	0.796539	0.655776	-0.002713
13714.000000	0.499690	0.511273	0.796545	0.655785	-0.002690
13715.000000	0.499693	0.511288	0.796555	0.655800	-0.002670
13716.000000	0.499717	0.511312	0.796572	0.655830	-0.002653
13717.000000	0.499731	0.511328	0.796584	0.655851	-0.002646
13718.000000	0.499747	0.511383	0.796584	0.655849	-0.002654
13719.000000	0.499758	0.511430	0.796571	0.655829	-0.002654
13720.000000	0.499765	0.511475	0.796561	0.655814	-0.002650
13721.000000	0.499764	0.511486	0.796557	0.655806	-0.002622
13722.000000	0.499767	0.511479	0.796561	0.655811	-0.002603
13723.000000	0.499790	0.511495	0.796558	0.655806	-0.002620
13724.000000	0.499793	0.511483	0.796555	0.655799	-0.002600
13725.000000	0.499777	0.511463	0.796564	0.655813	-0.002567
13726.000000	0.499771	0.511454	0.796557	0.655802	-0.002547
13727.000000	0.499775	0.511443	0.796542	0.655780	-0.002566
13728.000000	0.499763	0.511429	0.796540	0.655777	-0.002577
13729.000000	0.499745	0.511419	0.796548	0.655788	-0.002563
13730.000000	0.499738	0.511408	0.796560	0.655807	-0.002546
13731.000000	0.499739	0.511396	0.796561	0.655809	-0.002546
13732.000000	0.499737	0.511390	0.796566	0.655815	-0.002549
13733.000000	0.499745	0.511389	0.796572	0.655824	-0.002569
13734.000000	0.499750	0.511399	0.796567	0.655815	-0.002589
13735.000000	0.499742	0.511393	0.796565	0.655811	-0.002610
13736.000000	0.499724	0.511370	0.796573	0.655823	-0.002608
13737.000000	0.499706	0.511355	0.796583	0.655839	-0.002599
13738.000000	0.499698	0.511366	0.796586	0.655842	-0.002577
13739.000000	0.499696	0.511377	0.796581	0.655835	-0.002560
13740.000000	0.499695	0.511366	0.796570	0.655817	-0.002557
13741.000000	0.499688	0.511347	0.796573	0.655822	-0.002567
13742.000000	0.499678	0.511332	0.796560	0.655801	-0.002554
13743.000000	0.499662	0.511322	0.796542	0.655776	-0.002544
13744.000000	0.499648	0.511312	0.796524	0.655750	-0.002540
13745.000000	0.499648	0.511289	0.796521	0.655745	-0.002556
13746.000000	0.499640	0.511265	0.796519	0.655740	-0.002567
13747.000000	0.499629	0.511243	0.796511	0.655727	-0.002570
13748.000000	0.499625	0.511237	0.796501	0.655710	-0.002588
13749.000000	0.499626	0.511242	0.796497	0.655704	-0.002602
13750.000000	0.499615	0.511229	0.796502	0.655710	-0.002584
13751.000000	0.499599	0.511213	0.796509	0.655722	-0.002544
13752.000000	0.499598	0.511197	0.796517	0.655734	-0.002506
13753.000000	0.499610	0.511215	0.796517	0.655733	-0.002526
13754.000000	0.499629	0.511244	0.796526	0.655749	-0.002570
13755.000000	0.499624	0.511257	0.796520	0.655738	-0.002555
13756.000000	0.499606	0.511238	0.796518	0.655734	-0.002533
13757.000000	0.499591	0.511233	0.796516	0.655729	-0.002520
13758.000000	0.499604	0.511235	0.796511	0.655720	-0.002539
13759.000000	0.499603	0.511237	0.796512	0.655721	-0.002532
13760.000000	0.499605	0.511242	0.796508	0.655714	-0.002533
13761.000000	0.499610	0.511270	0.796501	0.655702	-0.002549
13762.000000	0.499591	0.511269	0.796506	0.655708	-0.002562
13763.000000	0.499575	0.511258	0.796520	0.655733	-0.002572
13764.000000	0.499560	0.511249	0.796522	0.655735	-0.002549
13765.000000	0.499553	0.511241	0.796527	0.655741	-0.002514
13766.000000	0.499539	0.511231	0.796518	0.655727	-0.002490
13767.000000	0.499538	0.511247	0.796508	0.655710	-0.002472
13768.000000	0.499586	0.511281	0.796517	0.655726	-0.002488
13769.000000	0.499585	0.511283	0.796523	0.655735	-0.002513
13770.000000	0.499580	0.511285	0.796525	0.655737	-0.002501
13771.000000	0.499573	0.511277	0.796540	0.655762	-0.002471
13772.000000	0.499591	0.511277	0.796541	0.655763	-0.002480
13773.000000	0.499608	0.511287	0.796554	0.655785	-0.002513
13774.000000	0.499627	0.511271	0.796556	0.655787	-0.002503
13775.000000	0.499635	0.511262	0.796553	0.655781	-0.002479
13776.000000	0.499627	0.511266	0.796553	0.655779	-0.002440
13777.000000	0.499627	0.511275	0.796555	0.655781	-0.002398
13778.000000	0.499620	0.511270	0.796552	0.655775	-0.002372
13779.000000	0.499632	0.511258	0.796558	0.655785	-0.002384
13780.000000	0.499618	0.511253	0.796567	0.655799	-0.002399
13781.000000	0.499597	0.511238	0.796580	0.655821	-0.002397
13782.000000	0.499587	0.511241	0.796591	0.655839	-0.002387
13783.000000	0.499602	0.511266	0.796580	0.655821	-0.002385
13784.000000	0.499616	0.511290	0.796585	0.655831	-0.002430
13785.000000	0.499633	0.511340	0.796586	0.655834	-0.002475
13786.000000	0.499646	0.511391	0.796571	0.655811	-0.002477
13787.000000	0.499651	0.511421	0.796556	0.655789	-0.002460
13788.000000	0.499673	0.511439	0.796558	0.655791	-0.002429
13789.000000	0.499680	0.511427	0.796557	0.655789	-0.002415
13790.000000	0.499702	0.511408	0.796560	0.655794	-0.002457
13791.000000	0.499701	0.511390	0.796561	0.655793	-0.002494
13792.000000	0.499682	0.511378	0.796573	0.655813	-0.002516
13793.000000	0.499686	0.511372	0.796583	0.655829	-0.002553
13794.000000	0.499680	0.511356	0.796582	0.655827	-0.002591
13795.000000	0.499686	0.511361	0.796581	0.655824	-0.002625
13796.000000	0.499679	0.511349	0.796572	0.655809	-0.002645
13797.000000	0.499664	0.511342	0.796564	0.655796	-0.002670
13798.000000	0.499650	0.511345	0.796561	0.655790	-0.002683
13799.000000	0.499654	0.511346	0.796550	0.655772	-0.002673
13800.000000	0.499649	0.511330	0.796549	0.655770	-0.002686
13801.000000	0.499648	0.511330	0.796568	0.655804	-0.002742
13802.000000	0.499647	0.511321	0.796574	0.655812	-0.002782
13803.000000	0.499632	0.511298	0.796574	0.655811	-0.002817
13804.000000	0.499623	0.511291	0.796584	0.655827	-0.002824
13805.000000	0.499614	0.511287	0.796603	0.655861	-0.002813
13806.000000	0.499618	0.511290	0.796605	0.655864	-0.002785
13807.000000	0.499634	0.511291	0.796612	0.655874	-0.002787
13808.000000	0.499636	0.511308	0.796616	0.655879	-0.002827
13809.000000	0.499636	0.511321	0.796625	0.655893	-0.002876
13810.000000	0.499634	0.511311	0.796638	0.655914	-0.002918
13811.000000	0.499615	0.511297	0.796640	0.655916	-0.002922
13812.000000	0.499610	0.511294	0.796640	0.655915	-0.002931
13813.000000	0.499603	0.511293	0.796643	0.655918	-0.002975
13814.000000	0.499612	0.511330	0.796655	0.655938	-0.003026
13815.000000	0.499611	0.511349	0.796653	0.655933	-0.003054
13816.000000	0.499618	0.511338	0.796652	0.655932	-0.003074
13817.000000	0.499640	0.511344	0.796666	0.655955	-0.003105
13818.000000	0.499657	0.511349	0.796677	0.655975	-0.003111
13819.000000	0.499660	0.511368	0.796696	0.656008	-0.003065
13820.000000	0.499661	0.511356	0.796705	0.656022	-0.003022
13821.000000	0.499682	0.511386	0.796722	0.656052	-0.003033
13822.000000	0.499680	0.511408	0.796732	0.656069	-0.003051
13823.000000	0.499684	0.511446	0.796732	0.656068	-0.003054
13824.000000	0.499690	0.511465	0.796723	0.656053	-0.003057
13825.000000	0.499689	0.511475	0.796735	0.656073	-0.003042
13826.000000	0.499684	0.511501	0.796728	0.656063	-0.003032
13827.000000	0.499682	0.511503	0.796716	0.656044	-0.003021
13828.000000	0.499676	0.511503	0.796716	0.656043	-0.002987
13829.000000	0.499668	0.511495	0.796721	0.656049	-0.002963
13830.000000	0.499654	0.511471	0.796723	0.656051	-0.002969
13831.000000	0.499644	0.511464	0.796714	0.656036	-0.002968
13832.000000	0.499661	0.511485	0.796700	0.656015	-0.002966
13833.000000	0.499677	0.511543	0.796688	0.655998	-0.002980
13834.000000	0.499701	0.511562	0.796684	0.655991	-0.003000
13835.000000	0.499703	0.511566	0.796683	0.655987	-0.002995
13836.000000	0.499704	0.511555	0.796693	0.656003	-0.002957
13837.000000	0.499696	0.511529	0.796686	0.655993	-0.002936
13838.000000	0.499685	0.511520	0.796667	0.655966	-0.002951
13839.000000	0.499662	0.511495	0.796657	0.655951	-0.002976
13840.000000	0.499664	0.511477	0.796649	0.655937	-0.002987
13841.000000	0.499662	0.511490	0.796641	0.655924	-0.003003
13842.000000	0.499655	0.511479	0.796635	0.655913	-0.003030
13843.000000	0.499642	0.511459	0.796635	0.655912	-0.003051
13844.000000	0.499628	0.511445	0.796641	0.655920	-0.003048
13845.000000	0.499624	0.511453	0.796640	0.655918	-0.003026
13846.000000	0.499615	0.511452	0.796634	0.655908	-0.003001
13847.000000	0.499611	0.511448	0.796641	0.655919	-0.002964
13848.000000	0.499607	0.511437	0.796661	0.655954	-0.002912
13849.000000	0.499617	0.511450	0.796681	0.655990	-0.002875
13850.000000	0.499618	0.511436	0.796688	0.656001	-0.002881
13851.000000	0.499637	0.511425	0.796706	0.656034	-0.002896
13852.000000	0.499626	0.511414	0.796696	0.656018	-0.002895
13853.000000	0.499610	0.511396	0.796696	0.656016	-0.002874
13854.000000	0.499621	0.511373	0.796698	0.656018	-0.002869
13855.000000	0.499632	0.511362	0.796696	0.656014	-0.002892
13856.000000	0.499630	0.511350	0.796703	0.656025	-0.002900
13857.000000	0.499632	0.511333	0.796704	0.656024	-0.002883
13858.000000	0.499632	0.511325	0.796704	0.656024	-0.002866
13859.000000	0.499625	0.511319	0.796711	0.656035	-0.002857
13860.000000	0.499621	0.511298	0.796717	0.656043	-0.002848
13861.000000	0.499633	0.511311	0.796718	0.656043	-0.002855
13862.000000	0.499647	0.511314	0.796725	0.656054	-0.002849
13863.000000	0.499658	0.511297	0.796713	0.656035	-0.002829
13864.000000	0.499652	0.511278	0.796709	0.656028	-0.002827
13865.000000	0.499656	0.511266	0.796700	0.656014	-0.002817
13866.000000	0.499661	0.511254	0.796688	0.655996	-0.002819
13867.000000	0.499675	0.511264	0.796704	0.656025	-0.002874
13868.000000	0.499669	0.511262	0.796715	0.656043	-0.002901
13869.000000	0.499659	0.511255	0.796731	0.656071	-0.002918
13870.000000	0.499656	0.511241	0.796744	0.656092	-0.002927
13871.000000	0.499650	0.511226	0.796741	0.656086	-0.002906
13872.000000	0.499636	0.511226	0.796743	0.656087	-0.002875
13873.000000	0.499620	0.511225	0.796744	0.656088	-0.002841
13874.000000	0.499616	0.511221	0.796729	0.656066	-0.002821
13875.000000	0.499605	0.511196	0.796712	0.656042	-0.002812
13876.000000	0.499619	0.511205	0.796719	0.656052	-0.002801
13877.000000	0.499613	0.511217	0.796720	0.656053	-0.002768
13878.000000	0.499613	0.511207	0.796731	0.656070	-0.002718
13879.000000	0.499615	0.511213	0.796733	0.656072	-0.002695
13880.000000	0.499604	0.511190	0.796729	0.656065	-0.002692
13881.000000	0.499590	0.511187	0.796713	0.656042	-0.002710
13882.000000	0.499596	0.511202	0.796729	0.656071	-0.002732
13883.000000	0.499596	0.511194	0.796729	0.656071	-0.002739
13884.000000	0.499592	0.511192	0.796716	0.656052	-0.002723
13885.000000	0.499597	0.511182	0.796722	0.656060	-0.002684
13886.000000	0.499586	0.511166	0.796729	0.656071	-0.002642
13887.000000	0.499575	0.511150	0.796724	0.656062	-0.002620
13888.000000	0.499563	0.511135	0.796734	0.656079	-0.002623
13889.000000	0.499555	0.511163	0.796738	0.656083	-0.002620
13890.000000	0.499558	0.511156	0.796737	0.656082	-0.002615
13891.000000	0.499556	0.511138	0.796736	0.656079	-0.002596
13892.000000	0.499548	0.511129	0.796727	0.656064	-0.002594
13893.000000	0.499530	0.511122	0.796717	0.656047	-0.002617
13894.000000	0.499542	0.511138	0.796716	0.656046	-0.002627
13895.000000	0.499533	0.511117	0.796707	0.656030	-0.002605
13896.000000	0.499526	0.511097	0.796699	0.656017	-0.002587
13897.000000	0.499525	0.511086	0.796686	0.655997	-0.002590
13898.000000	0.499519	0.511087	0.796667	0.655971	-0.002605
13899.000000	0.499516	0.511086	0.796664	0.655965	-0.002643
13900.000000	0.499518	0.511094	0.796670	0.655972	-0.002662
13901.000000	0.499521	0.511094	0.796687	0.656003	-0.002621
13902.000000	0.499525	0.511077	0.796691	0.656009	-0.002580
13903.000000	0.499533	0.511060	0.796707	0.656036	-0.002571
13904.000000	0.499528	0.511044	0.796702	0.656027	-0.002590
13905.000000	0.499512	0.511018	0.796712	0.656043	-0.002619
13906.000000	0.499502	0.510992	0.796714	0.656046	-0.002639
13907.000000	0.499496	0.510968	0.796700	0.656025	-0.002636
13908.000000	0.499500	0.510954	0.796690	0.656010	-0.002647
13909.000000	0.499492	0.510949	0.796701	0.656027	-0.002660
13910.000000	0.499491	0.510959	0.796709	0.656040	-0.002641
13911.000000	0.499495	0.510992	0.796726	0.656069	-0.002608
13912.000000	0.499505	0.511018	0.796730	0.656074	-0.002603
13913.000000	0.499504	0.511014	0.796724	0.656065	-0.002622
13914.000000	0.499516	0.511009	0.796711	0.656044	-0.002628
13915.000000	0.499522	0.511011	0.796718	0.656057	-0.002634
13916.000000	0.499507	0.510995	0.796727	0.656070	-0.002621
13917.000000	0.499495	0.510977	0.796724	0.656064	-0.002611
13918.000000	0.499489	0.510968	0.796724	0.656063	-0.002648
13919.000000	0.499476	0.510945	0.796727	0.656066	-0.002684
13920.000000	0.499465	0.510925	0.796721	0.656056	-0.002693
13921.000000	0.499473	0.510908	0.796719	0.656051	-0.002676
13922.000000	0.499473	0.510894	0.796739	0.656087	-0.002690
13923.000000	0.499473	0.510882	0.796743	0.656093	-0.002675
13924.000000	0.499464	0.510863	0.796754	0.656112	-0.002624
13925.000000	0.499452	0.510846	0.796760	0.656120	-0.002588
13926.000000	0.499447	0.510850	0.796774	0.656144	-0.002565
13927.000000	0.499435	0.510849	0.796771	0.656140	-0.002544
13928.000000	0.499433	0.510857	0.796771	0.656138	-0.002513
13929.000000	0.499427	0.510839	0.796772	0.656138	-0.002474
13930.000000	0.499425	0.510814	0.796771	0.656135	-0.002443
13931.000000	0.499438	0.510801	0.796781	0.656152	-0.002397
13932.000000	0.499445	0.510802	0.796778	0.656145	-0.002371
13933.000000	0.499458	0.510853	0.796789	0.656164	-0.002332
13934.000000	0.499471	0.510881	0.796787	0.656161	-0.002321
13935.000000	0.499478	0.510908	0.796770	0.656136	-0.002320
13936.000000	0.499477	0.510918	0.796758	0.656118	-0.002327
13937.000000	0.499492	0.510934	0.796761	0.656122	-0.002297
13938.000000	0.499531	0.510957	0.796758	0.656116	-0.002308
13939.000000	0.499541	0.511022	0.796765	0.656127	-0.002352
13940.000000	0.499546	0.511082	0.796764	0.656124	-0.002380
13941.000000	0.499557	0.511125	0.796759	0.656116	-0.002378
13942.000000	0.499560	0.511124	0.796772	0.656138	-0.002350
13943.000000	0.499546	0.511111	0.796772	0.656137	-0.002333
13944.000000	0.499546	0.511145	0.796767	0.656127	-0.002329
13945.000000	0.499567	0.511180	0.796754	0.656108	-0.002322
13946.000000	0.499582	0.511210	0.796757	0.656111	-0.002298
13947.000000	0.499592	0.511251	0.796773	0.656140	-0.002292
13948.000000	0.499596	0.511283	0.796784	0.656158	-0.002316
13949.000000	0.499602	0.511294	0.796777	0.656146	-0.002305
13950.000000	0.499605	0.511292	0.796779	0.656147	-0.002268
13951.000000	0.499601	0.511284	0.796779	0.656146	-0.002241
13952.000000	0.499611	0.511312	0.796797	0.656178	-0.002253
13953.000000	0.499610	0.511329	0.796788	0.656164	-0.002260
13954.000000	0.499610	0.511341	0.796775	0.656145	-0.002256
13955.000000	0.499598	0.511328	0.796767	0.656132	-0.002243
13956.000000	0.499602	0.511325	0.796753	0.656111	-0.002258
13957.000000	0.499604	0.511336	0.796749	0.656104	-0.002280
13958.000000	0.499626	0.511370	0.796756	0.656117	-0.002304
13959.000000	0.499620	0.511350	0.796753	0.656112	-0.002324
13960.000000	0.499607	0.511335	0.796743	0.656096	-0.002306
13961.000000	0.499601	0.511327	0.796758	0.656122	-0.002252
13962.000000	0.499592	0.511310	0.796770	0.656144	-0.002201
13963.000000	0.499613	0.511302	0.796772	0.656145	-0.002170
13964.000000	0.499621	0.511312	0.796777	0.656151	-0.002161
13965.000000	0.499628	0.511324	0.796794	0.656181	-0.002199
13966.000000	0.499622	0.511307	0.796810	0.656209	-0.002249
13967.000000	0.499608	0.511309	0.796811	0.656209	-0.002280
13968.000000	0.499594	0.511314	0.796818	0.656220	-0.002295
13969.000000	0.499585	0.511307	0.796830	0.656241	-0.002277
13970.000000	0.499567	0.511285	0.796838	0.656253	-0.002264
13971.000000	0.499570	0.511276	0.796832	0.656243	-0.002257
13972.000000	0.499586	0.511274	0.796840	0.656258	-0.002254
13973.000000	0.499596	0.511258	0.796838	0.656256	-0.002258
13974.000000	0.499606	0.511249	0.796831	0.656244	-0.002271
13975.000000	0.499599	0.511233	0.796820	0.656227	-0.002255
13976.000000	0.499596	0.511243	0.796816	0.656219	-0.002239
13977.000000	0.499593	0.511240	0.796804	0.656201	-0.002232
13978.000000	0.499585	0.511224	0.796790	0.656179	-0.002240
13979.000000	0.499573	0.511198	0.796781	0.656166	-0.002250
13980.000000	0.499561	0.511200	0.796778	0.656159	-0.002249
13981.000000	0.499563	0.511208	0.796787	0.656173	-0.002271
13982.000000	0.499558	0.511202	0.796791	0.656179	-0.002288
13983.000000	0.499555	0.511207	0.796795	0.656184	-0.002277
13984.000000	0.499558	0.511238	0.796781	0.656164	-0.002281
13985.000000	0.499553	0.511257	0.796773	0.656152	-0.002312
13986.000000	0.499555	0.511260	0.796783	0.656168	-0.002351
13987.000000	0.499552	0.511245	0.796781	0.656163	-0.002358
13988.000000	0.499553	0.511231	0.796775	0.656152	-0.002336
13989.000000	0.499537	0.511209	0.796777	0.656154	-0.002327
13990.000000	0.499527	0.511187	0.796786	0.656169	-0.002348
13991.000000	0.499508	0.511187	0.796790	0.656174	-0.002387
13992.000000	0.499494	0.511180	0.796790	0.656173	-0.002427
13993.000000	0.499486	0.511159	0.796801	0.656191	-0.002473
13994.000000	0.499490	0.511139	0.796815	0.656214	-0.002516
13995.000000	0.499489	0.511130	0.796815	0.656213	-0.002524
13996.000000	0.499483	0.511119	0.796817	0.656215	-0.002525
13997.000000	0.499476	0.511109	0.796817	0.656213	-0.002549
13998.000000	0.499472	0.511122	0.796817	0.656212	-0.002577
13999.000000	0.499453	0.511102	0.796809	0.656199	-0.002586
14000.000000	0.499441	0.511080	0.796814	0.656206	-0.002581
14001.000000	0.499446	0.511065	0.796830	0.656235	-0.002580
14002.000000	0.499443	0.511040	0.796818	0.656218	-0.002596
14003.000000	0.499431	0.511011	0.796816	0.656214	-0.002595
14004.000000	0.499420	0.510993	0.796828	0.656235	-0.002574
14005.000000	0.499408	0.510975	0.796822	0.656224	-0.002559
14006.000000	0.499402	0.510963	0.796803	0.656198	-0.002558
14007.000000	0.499414	0.510954	0.796785	0.656173	-0.002578
14008.000000	0.499437	0.510967	0.796796	0.656192	-0.002533
14009.000000	0.499441	0.510959	0.796819	0.656235	-0.002465
14010.000000	0.499439	0.510976	0.796841	0.656274	-0.002413
14011.000000	0.499438	0.510979	0.796851	0.656291	-0.002393
14012.000000	0.499441	0.511006	0.796855	0.656296	-0.002393
14013.000000	0.499443	0.511010	0.796844	0.656280	-0.002375
14014.000000	0.499454	0.511008	0.796843	0.656276	-0.002341
14015.000000	0.499458	0.510987	0.796849	0.656285	-0.002324
14016.000000	0.499444	0.510968	0.796855	0.656295	-0.002340
14017.000000	0.499456	0.510960	0.796867	0.656313	-0.002381
14018.000000	0.499461	0.510946	0.796868	0.656315	-0.002395
14019.000000	0.499471	0.510947	0.796870	0.656317	-0.002379
14020.000000	0.499468	0.510927	0.796855	0.656295	-0.002365
14021.000000	0.499459	0.510926	0.796850	0.656286	-0.002396
14022.000000	0.499475	0.510916	0.796849	0.656283	-0.002407
14023.000000	0.499485	0.510903	0.796843	0.656272	-0.002391
14024.000000	0.499484	0.510886	0.796827	0.656249	-0.002394
14025.000000	0.499504	0.510871	0.796813	0.656228	-0.002401
14026.000000	0.499505	0.510858	0.796808	0.656219	-0.002406
14027.000000	0.499514	0.510858	0.796801	0.656208	-0.002405
14028.000000	0.499512	0.510843	0.796812	0.656225	-0.002397
14029.000000	0.499504	0.510819	0.796830	0.656257	-0.002427
14030.000000	0.499497	0.510809	0.796838	0.656269	-0.002463
14031.000000	0.499490	0.510819	0.796844	0.656278	-0.002498
14032.000000	0.499483	0.510812	0.796846	0.656280	-0.002514
14033.000000	0.499473	0.510800	0.796841	0.656272	-0.002508
14034.000000	0.499455	0.510781	0.796846	0.656279	-0.002505
14035.000000	0.499450	0.510762	0.796861	0.656304	-0.002490
14036.000000	0.499444	0.510752	0.796872	0.656323	-0.002466
14037.000000	0.499445	0.510760	0.796867	0.656314	-0.002445
14038.000000	0.499455	0.510758	0.796878	0.656332	-0.002439
14039.000000	0.499450	0.510761	0.796876	0.656328	-0.002454
14040.000000	0.499453	0.510764	0.796872	0.656321	-0.002476
14041.000000	0.499450	0.510765	0.796869	0.656315	-0.002505
14042.000000	0.499441	0.510750	0.796868	0.656312	-0.002516
14043.000000	0.499438	0.510750	0.796886	0.656343	-0.002515
14044.000000	0.499432	0.510737	0.796886	0.656344	-0.002514
14045.000000	0.499436	0.510733	0.796884	0.656339	-0.002517
14046.000000	0.499431	0.510720	0.796897	0.656360	-0.002514
14047.000000	0.499424	0.510719	0.796895	0.656356	-0.002500
14048.000000	0.499424	0.510730	0.796882	0.656337	-0.002500
14049.000000	0.499426	0.510731	0.796885	0.656341	-0.002522
14050.000000	0.499426	0.510743	0.796906	0.656380	-0.002518
14051.000000	0.499423	0.510729	0.796902	0.656372	-0.002514
14052.000000	0.499417	0.510710	0.796900	0.656369	-0.002520
14053.000000	0.499410	0.510694	0.796903	0.656372	-0.002499
14054.000000	0.499402	0.510680	0.796910	0.656382	-0.002451
14055.000000	0.499386	0.510667	0.796918	0.656394	-0.002397
14056.000000	0.499386	0.510661	0.796928	0.656411	-0.002356
14057.000000	0.499380	0.510653	0.796941	0.656433	-0.002351
14058.000000	0.499375	0.510649	0.796951	0.656448	-0.002370
14059.000000	0.499376	0.510637	0.796961	0.656464	-0.002415
14060.000000	0.499390	0.510621	0.796962	0.656465	-0.002421
14061.000000	0.499389	0.510613	0.796980	0.656498	-0.002381
14062.000000	0.499385	0.510615	0.796975	0.656488	-0.002358
14063.000000	0.499375	0.510625	0.796972	0.656483	-0.002349
14064.000000	0.499360	0.510623	0.796974	0.656485	-0.002367
14065.000000	0.499355	0.510618	0.796975	0.656484	-0.002392
14066.000000	0.499362	0.510609	0.796983	0.656497	-0.002385
14067.000000	0.499365	0.510601	0.796981	0.656492	-0.002370
14068.000000	0.499361	0.510575	0.796973	0.656479	-0.002338
14069.000000	0.499374	0.510574	0.796989	0.656507	-0.002289
14070.000000	0.499372	0.510564	0.797001	0.656527	-0.002265
14071.000000	0.499367	0.510574	0.797010	0.656542	-0.002266
14072.000000	0.499368	0.510588	0.797002	0.656530	-0.002265
14073.000000	0.499377	0.510647	0.797015	0.656550	-0.002243
14074.000000	0.499394	0.510675	0.797030	0.656577	-0.002196
14075.000000	0.499405	0.510693	0.797050	0.656613	-0.002167
14076.000000	0.499410	0.510699	0.797044	0.656603	-0.002171
14077.000000	0.499425	0.510692	0.797040	0.656597	-0.002196
14078.000000	0.499444	0.510696	0.797041	0.656598	-0.002226
14079.000000	0.499433	0.510693	0.797034	0.656585	-0.002209
14080.000000	0.499429	0.510695	0.797033	0.656583	-0.002214
14081.000000	0.499417	0.510705	0.797047	0.656606	-0.002256
14082.000000	0.499411	0.510696	0.797061	0.656631	-0.002294
14083.000000	0.499402	0.510684	0.797067	0.656639	-0.002323
14084.000000	0.499392	0.510672	0.797072	0.656646	-0.002353
14085.000000	0.499395	0.510673	0.797071	0.656643	-0.002380
14086.000000	0.499384	0.510659	0.797068	0.656637	-0.002400
14087.000000	0.499375	0.510659	0.797066	0.656633	-0.002399
14088.000000	0.499375	0.510672	0.797064	0.656628	-0.002378
14089.000000	0.499374	0.510667	0.797052	0.656609	-0.002352
14090.000000	0.499376	0.510654	0.797052	0.656609	-0.002321
14091.000000	0.499385	0.510640	0.797059	0.656620	-0.002276
14092.000000	0.499383	0.510612	0.797053	0.656610	-0.002276
14093.000000	0.499374	0.510592	0.797064	0.656627	-0.002323
14094.000000	0.499370	0.510584	0.797074	0.656643	-0.002352
14095.000000	0.499369	0.510599	0.797079	0.656650	-0.002347
14096.000000	0.499358	0.510585	0.797079	0.656649	-0.002327
14097.000000	0.499356	0.510593	0.797071	0.656635	-0.002324
14098.000000	0.499345	0.510586	0.797062	0.656621	-0.002340
14099.000000	0.499334	0.510577	0.797044	0.656596	-0.002350
14100.000000	0.499338	0.510566	0.797034	0.656580	-0.002333
14101.000000	0.499332	0.510555	0.797021	0.656560	-0.002321
14102.000000	0.499326	0.510547	0.797012	0.656546	-0.002318
14103.000000	0.499315	0.510530	0.797003	0.656532	-0.002305
14104.000000	0.499306	0.510510	0.796994	0.656518	-0.002301
14105.000000	0.499293	0.510481	0.796986	0.656503	-0.002301
14106.000000	0.499275	0.510457	0.796980	0.656494	-0.002297
14107.000000	0.499261	0.510435	0.796988	0.656505	-0.002288
14108.000000	0.499248	0.510411	0.797005	0.656536	-0.002295
14109.000000	0.499246	0.510399	0.797018	0.656558	-0.002321
14110.000000	0.499269	0.510387	0.797025	0.656569	-0.002363
14111.000000	0.499264	0.510369	0.797017	0.656556	-0.002382
14112.000000	0.499251	0.510340	0.797022	0.656562	-0.002360
14113.000000	0.499247	0.510345	0.797027	0.656570	-0.002317
14114.000000	0.499248	0.510364	0.797040	0.656592	-0.002267
14115.000000	0.499258	0.510407	0.797051	0.656610	-0.002257
14116.000000	0.499271	0.510434	0.797054	0.656615	-0.002270
14117.000000	0.499268	0.510465	0.797045	0.656601	-0.002272
14118.000000	0.499252	0.510454	0.797045	0.656599	-0.002261
14119.000000	0.499246	0.510444	0.797048	0.656602	-0.002252
14120.000000	0.499252	0.510437	0.797041	0.656590	-0.002244
14121.000000	0.499261	0.510443	0.797033	0.656578	-0.002226
14122.000000	0.499267	0.510445	0.797024	0.656564	-0.002224
14123.000000	0.499280	0.510457	0.797018	0.656554	-0.002216
14124.000000	0.499277	0.510453	0.797004	0.656533	-0.002209
14125.000000	0.499269	0.510457	0.796996	0.656520	-0.002222
14126.000000	0.499261	0.510443	0.796986	0.656504	-0.002228
14127.000000	0.499277	0.510467	0.796970	0.656480	-0.002222
14128.000000	0.499315	0.510525	0.796980	0.656497	-0.002214
14129.000000	0.499330	0.510591	0.796982	0.656500	-0.002219
14130.000000	0.499318	0.510587	0.796982	0.656499	-0.002211
14131.000000	0.499299	0.510559	0.796984	0.656501	-0.002208
14132.000000	0.499283	0.510536	0.796982	0.656497	-0.002226
14133.000000	0.499276	0.510529	0.796994	0.656517	-0.002263
14134.000000	0.499279	0.510528	0.796996	0.656518	-0.002281
14135.000000	0.499277	0.510515	0.796999	0.656523	-0.002263
14136.000000	0.499263	0.510497	0.797012	0.656546	-0.002207
14137.000000	0.499248	0.510477	0.797008	0.656538	-0.002185
14138.000000	0.499240	0.510479	0.796997	0.656520	-0.002179
14139.000000	0.499238	0.510473	0.796990	0.656509	-0.002209
14140.000000	0.499238	0.510468	0.796992	0.656510	-0.002235
14141.000000	0.499237	0.510465	0.796988	0.656504	-0.002259
14142.000000	0.499233	0.510454	0.796990	0.656505	-0.002286
14143.000000	0.499234	0.510452	0.796978	0.656487	-0.002303
14144.000000	0.499228	0.510434	0.796977	0.656484	-0.002302
14145.000000	0.499213	0.510416	0.796982	0.656493	-0.002281
14146.000000	0.499208	0.510415	0.796966	0.656469	-0.002263
14147.000000	0.499208	0.510422	0.796961	0.656460	-0.002271
14148.000000	0.499208	0.510411	0.796964	0.656464	-0.002284
14149.000000	0.499226	0.510414	0.796965	0.656465	-0.002276
14150.000000	0.499227	0.510403	0.796971	0.656473	-0.002235
14151.000000	0.499214	0.510392	0.796976	0.656479	-0.002192
14152.000000	0.499224	0.510413	0.796988	0.656500	-0.002148
14153.000000	0.499224	0.510414	0.796989	0.656504	-0.002113
14154.000000	0.499227	0.510426	0.796977	0.656484	-0.002105
14155.000000	0.499222	0.510415	0.796973	0.656478	-0.002113
14156.000000	0.499212	0.510408	0.796959	0.656457	-0.002107
14157.000000	0.499220	0.510413	0.796951	0.656443	-0.002099
14158.000000	0.499222	0.510392	0.796951	0.656441	-0.002111
14159.000000	0.499210	0.510373	0.796951	0.656441	-0.002141
14160.000000	0.499207	0.510388	0.796946	0.656432	-0.002156
14161.000000	0.499222	0.510385	0.796949	0.656436	-0.002166
14162.000000	0.499217	0.510366	0.796956	0.656447	-0.002162
14163.000000	0.499219	0.510404	0.796948	0.656434	-0.002169
14164.000000	0.499214	0.510428	0.796948	0.656432	-0.002179
14165.000000	0.499207	0.510456	0.796945	0.656427	-0.002173
14166.000000	0.499208	0.510501	0.796936	0.656411	-0.002157
14167.000000	0.499221	0.510510	0.796931	0.656403	-0.002164
14168.000000	0.499213	0.510515	0.796938	0.656413	-0.002203
14169.000000	0.499205	0.510511	0.796942	0.656419	-0.002244
14170.000000	0.499203	0.510500	0.796943	0.656420	-0.002281
14171.000000	0.499209	0.510493	0.796936	0.656407	-0.002306
14172.000000	0.499205	0.510497	0.796932	0.656400	-0.002314
14173.000000	0.499211	0.510521	0.796941	0.656414	-0.002321
14174.000000	0.499212	0.510533	0.796946	0.656422	-0.002355
14175.000000	0.499208	0.510523	0.796943	0.656416	-0.002387
14176.000000	0.499209	0.510508	0.796938	0.656406	-0.002387
14177.000000	0.499199	0.510502	0.796945	0.656418	-0.002363
14178.000000	0.499205	0.510495	0.796943	0.656413	-0.002337
14179.000000	0.499207	0.510494	0.796938	0.656405	-0.002329
14180.000000	0.499207	0.510513	0.796924	0.656383	-0.002335
14181.000000	0.499214	0.510551	0.796918	0.656373	-0.002359
14182.000000	0.499211	0.510561	0.796905	0.656353	-0.002377
14183.000000	0.499208	0.510562	0.796889	0.656330	-0.002377
14184.000000	0.499217	0.510558	0.796884	0.656323	-0.002386
14185.000000	0.499202	0.510539	0.796904	0.656359	-0.002415
14186.000000	0.499186	0.510519	0.796914	0.656374	-0.002436
14187.000000	0.499178	0.510519	0.796903	0.656358	-0.002455
14188.000000	0.499177	0.510544	0.796890	0.656339	-0.002462
14189.000000	0.499179	0.510569	0.796885	0.656330	-0.002457
14190.000000	0.499171	0.510569	0.796884	0.656327	-0.002432
14191.000000	0.499171	0.510566	0.796898	0.656352	-0.002393
14192.000000	0.499168	0.510562	0.796898	0.656351	-0.002381
14193.000000	0.499170	0.510599	0.796894	0.656343	-0.002381
14194.000000	0.499174	0.510616	0.796882	0.656325	-0.002384
14195.000000	0.499158	0.510599	0.796877	0.656316	-0.002371
14196.000000	0.499146	0.510585	0.796865	0.656297	-0.002365
14197.000000	0.499149	0.510588	0.796858	0.656286	-0.002373
14198.000000	0.499159	0.510601	0.796847	0.656269	-0.002371
14199.000000	0.499152	0.510622	0.796852	0.656277	-0.002404
14200.000000	0.499151	0.510646	0.796862	0.656293	-0.002456
14201.000000	0.499149	0.510655	0.796854	0.656280	-0.002480
14202.000000	0.499147	0.510661	0.796843	0.656263	-0.002496
14203.000000	0.499163	0.510656	0.796837	0.656252	-0.002502
14204.000000	0.499164	0.510651	0.796835	0.656248	-0.002483
14205.000000	0.499156	0.510646	0.796834	0.656245	-0.002457
14206.000000	0.499146	0.510631	0.796832	0.656241	-0.002451
14207.000000	0.499138	0.510608	0.796827	0.656232	-0.002462
14208.000000	0.499138	0.510592	0.796814	0.656212	-0.002474
14209.000000	0.499137	0.510582	0.796812	0.656208	-0.002485
14210.000000	0.499135	0.510577	0.796815	0.656211	-0.002483
14211.000000	0.499126	0.510555	0.796813	0.656207	-0.002506
14212.000000	0.499107	0.510538	0.796810	0.656200	-0.002537
14213.000000	0.499097	0.510530	0.796803	0.656188	-0.002555
14214.000000	0.499086	0.510512	0.796787	0.656166	-0.002553
14215.000000	0.499075	0.510505	0.796770	0.656141	-0.002550
14216.000000	0.499076	0.510514	0.796760	0.656125	-0.002565
14217.000000	0.499070	0.510507	0.796759	0.656122	-0.002590
14218.000000	0.499083	0.510489	0.796771	0.656143	-0.002593
14219.000000	0.499089	0.510466	0.796774	0.656146	-0.002611
14220.000000	0.499086	0.510452	0.796785	0.656164	-0.002635
14221.000000	0.499072	0.510439	0.796790	0.656171	-0.002625
14222.000000	0.499061	0.510430	0.796791	0.656171	-0.002611
14223.000000	0.499063	0.510419	0.796787	0.656164	-0.002619
14224.000000	0.499064	0.510403	0.796793	0.656172	-0.002651
14225.000000	0.499050	0.510388	0.796782	0.656155	-0.002652
14226.000000	0.499048	0.510392	0.796770	0.656137	-0.002655
14227.000000	0.499047	0.510387	0.796765	0.656127	-0.002668
14228.000000	0.499058	0.510375	0.796754	0.656111	-0.002652
14229.000000	0.499051	0.510354	0.796748	0.656101	-0.002643
14230.000000	0.499058	0.510350	0.796740	0.656088	-0.002644
14231.000000	0.499060	0.510350	0.796749	0.656101	-0.002624
14232.000000	0.499057	0.510347	0.796752	0.656105	-0.002604
14233.000000	0.499050	0.510327	0.796759	0.656116	-0.002575
14234.000000	0.499052	0.510338	0.796757	0.656111	-0.002574
14235.000000	0.499045	0.510344	0.796761	0.656117	-0.002607
14236.000000	0.499027	0.510327	0.796762	0.656118	-0.002641
14237.000000	0.499016	0.510304	0.796755	0.656106	-0.002660
14238.000000	0.499003	0.510282	0.796755	0.656104	-0.002676
14239.000000	0.499003	0.510262	0.796756	0.656105	-0.002661
14240.000000	0.499024	0.510259	0.796756	0.656103	-0.002691
14241.000000	0.499032	0.510237	0.796757	0.656104	-0.002717
14242.000000	0.499024	0.510222	0.796757	0.656103	-0.002713
14243.000000	0.499016	0.510230	0.796763	0.656111	-0.002674
14244.000000	0.499042	0.510246	0.796786	0.656154	-0.002627
14245.000000	0.499067	0.510258	0.796808	0.656196	-0.002650
14246.000000	0.499062	0.510241	0.796811	0.656200	-0.002695
14247.000000	0.499053	0.510250	0.796808	0.656194	-0.002723
14248.000000	0.499072	0.510276	0.796819	0.656213	-0.002688
14249.000000	0.499091	0.510297	0.796831	0.656233	-0.002667
14250.000000	0.499094	0.510284	0.796825	0.656223	-0.002676
14251.000000	0.499120	0.510292	0.796817	0.656210	-0.002680
14252.000000	0.499121	0.510292	0.796818	0.656212	-0.002717
14253.000000	0.499124	0.510292	0.796825	0.656221	-0.002765
14254.000000	0.499123	0.510277	0.796827	0.656223	-0.002798
14255.000000	0.499124	0.510286	0.796828	0.656223	-0.002800
14256.000000	0.499132	0.510329	0.796838	0.656239	-0.002762
14257.000000	0.499128	0.510345	0.796844	0.656249	-0.002720
14258.000000	0.499122	0.510353	0.796838	0.656239	-0.002714
14259.000000	0.499144	0.510372	0.796851	0.656264	-0.002766
14260.000000	0.499172	0.510396	0.796863	0.656282	-0.002793
14261.000000	0.499193	0.510397	0.796868	0.656292	-0.002787
14262.000000	0.499209	0.510392	0.796865	0.656286	-0.002781
14263.000000	0.499201	0.510383	0.796859	0.656276	-0.002785
14264.000000	0.499206	0.510388	0.796846	0.656256	-0.002797
14265.000000	0.499210	0.510399	0.796847	0.656258	-0.002788
14266.000000	0.499221	0.510414	0.796838	0.656244	-0.002783
14267.000000	0.499215	0.510424	0.796838	0.656242	-0.002761
14268.000000	0.499210	0.510454	0.796846	0.656254	-0.002735
14269.000000	0.499204	0.510466	0.796855	0.656268	-0.002703
14270.000000	0.499194	0.510457	0.796852	0.656263	-0.002698
14271.000000	0.499185	0.510439	0.796846	0.656253	-0.002693
14272.000000	0.499181	0.510422	0.796848	0.656255	-0.002692
14273.000000	0.499175	0.510408	0.796848	0.656253	-0.002689
14274.000000	0.499165	0.510395	0.796842	0.656242	-0.002688
14275.000000	0.499160	0.510388	0.796834	0.656230	-0.002693
14276.000000	0.499154	0.510366	0.796843	0.656244	-0.002675
14277.000000	0.499147	0.510352	0.796846	0.656249	-0.002660
14278.000000	0.499156	0.510355	0.796851	0.656257	-0.002677
14279.000000	0.499153	0.510343	0.796864	0.656279	-0.002685
14280.000000	0.499141	0.510333	0.796857	0.656268	-0.002686
14281.000000	0.499130	0.510336	0.796866	0.656281	-0.002680
14282.000000	0.499127	0.510315	0.796878	0.656303	-0.002645
14283.000000	0.499145	0.510310	0.796888	0.656317	-0.002609
14284.000000	0.499140	0.510315	0.796891	0.656322	-0.002617
14285.000000	0.499136	0.510301	0.796892	0.656322	-0.002652
14286.000000	0.499145	0.510297	0.796888	0.656314	-0.002660
14287.000000	0.499147	0.510285	0.796880	0.656301	-0.002642
14288.000000	0.499142	0.510272	0.796876	0.656294	-0.002617
14289.000000	0.499144	0.510259	0.796862	0.656273	-0.002609
14290.000000	0.499137	0.510248	0.796844	0.656248	-0.002606
14291.000000	0.499124	0.510235	0.796826	0.656223	-0.002597
14292.000000	0.499113	0.510242	0.796814	0.656204	-0.002584
14293.000000	0.499104	0.510229	0.796810	0.656195	-0.002570
14294.000000	0.499104	0.510228	0.796815	0.656204	-0.002558
14295.000000	0.499098	0.510238	0.796837	0.656243	-0.002548
14296.000000	0.499105	0.510243	0.796828	0.656231	-0.002536
14297.000000	0.499101	0.510231	0.796822	0.656220	-0.002544
14298.000000	0.499089	0.510219	0.796820	0.656215	-0.002534
14299.000000	0.499076	0.510212	0.796813	0.656204	-0.002529
14300.000000	0.499060	0.510193	0.796810	0.656197	-0.002524
14301.000000	0.499062	0.510186	0.796821	0.656216	-0.002540
14302.000000	0.499090	0.510206	0.796810	0.656199	-0.002527
14303.000000	0.499087	0.510212	0.796806	0.656192	-0.002515
14304.000000	0.499091	0.510220	0.796801	0.656183	-0.002500
14305.000000	0.499086	0.510221	0.796817	0.656211	-0.002442
14306.000000	0.499089	0.510234	0.796835	0.656243	-0.002384
14307.000000	0.499106	0.510265	0.796822	0.656224	-0.002366
14308.000000	0.499114	0.510269	0.796819	0.656218	-0.002384
14309.000000	0.499109	0.510266	0.796823	0.656224	-0.002412
14310.000000	0.499103	0.510284	0.796820	0.656218	-0.002432
14311.000000	0.499092	0.510273	0.796823	0.656221	-0.002467
14312.000000	0.499098	0.510270	0.796817	0.656212	-0.002481
14313.000000	0.499095	0.510256	0.796811	0.656201	-0.002478
14314.000000	0.499086	0.510264	0.796810	0.656199	-0.002499
14315.000000	0.499092	0.510263	0.796805	0.656190	-0.002479
14316.000000	0.499098	0.510252	0.796806	0.656190	-0.002440
14317.000000	0.499101	0.510261	0.796808	0.656191	-0.002441
14318.000000	0.499099	0.510290	0.796810	0.656194	-0.002469
14319.000000	0.499109	0.510298	0.796809	0.656191	-0.002502
14320.000000	0.499109	0.510295	0.796810	0.656192	-0.002534
14321.000000	0.499113	0.510332	0.796807	0.656185	-0.002559
14322.000000	0.499132	0.510378	0.796792	0.656164	-0.002574
14323.000000	0.499163	0.510446	0.796789	0.656158	-0.002566
14324.000000	0.499184	0.510475	0.796796	0.656169	-0.002519
14325.000000	0.499183	0.510505	0.796812	0.656197	-0.002470
14326.000000	0.499175	0.510503	0.796813	0.656197	-0.002446
14327.000000	0.499167	0.510506	0.796806	0.656185	-0.002441
14328.000000	0.499156	0.510486	0.796804	0.656181	-0.002457
14329.000000	0.499177	0.510503	0.796800	0.656175	-0.002480
14330.000000	0.499177	0.510506	0.796792	0.656162	-0.002471
14331.000000	0.499195	0.510506	0.796789	0.656155	-0.002460
14332.000000	0.499208	0.510510	0.796786	0.656149	-0.002474
14333.000000	0.499197	0.510487	0.796774	0.656132	-0.002492
14334.000000	0.499189	0.510471	0.796761	0.656112	-0.002500
14335.000000	0.499176	0.510458	0.796748	0.656092	-0.002516
14336.000000	0.499169	0.510456	0.796752	0.656098	-0.002543
14337.000000	0.499178	0.510485	0.796761	0.656114	-0.002577
14338.000000	0.499172	0.510488	0.796761	0.656113	-0.002582
14339.000000	0.499165	0.510489	0.796747	0.656092	-0.002571
14340.000000	0.499165	0.510488	0.796740	0.656080	-0.002575
14341.000000	0.499180	0.510507	0.796741	0.656082	-0.002587
14342.000000	0.499192	0.510510	0.796737	0.656078	-0.002597
14343.000000	0.499187	0.510510	0.796723	0.656058	-0.002583
14344.000000	0.499184	0.510494	0.796711	0.656040	-0.002573
14345.000000	0.499175	0.510483	0.796711	0.656038	-0.002573
14346.000000	0.499167	0.510490	0.796721	0.656056	-0.002560
14347.000000	0.499176	0.510500	0.796720	0.656052	-0.002568
14348.000000	0.499170	0.510483	0.796726	0.656061	-0.002593
14349.000000	0.499158	0.510473	0.796728	0.656064	-0.002604
14350.000000	0.499173	0.510482	0.796728	0.656064	-0.002571
14351.000000	0.499207	0.510512	0.796734	0.656073	-0.002562
14352.000000	0.499217	0.510524	0.796739	0.656081	-0.002592
14353.000000	0.499211	0.510533	0.796754	0.656106	-0.002632
14354.000000	0.499195	0.510528	0.796761	0.656117	-0.002657
14355.000000	0.499186	0.510527	0.796768	0.656128	-0.002663
14356.000000	0.499177	0.510537	0.796776	0.656141	-0.002651
14357.000000	0.499179	0.510537	0.796786	0.656156	-0.002615
14358.000000	0.499177	0.510527	0.796793	0.656167	-0.002575
14359.000000	0.499176	0.510514	0.796787	0.656158	-0.002567
14360.000000	0.499157	0.510493	0.796801	0.656180	-0.002595
14361.000000	0.499149	0.510473	0.796815	0.656204	-0.002634
14362.000000	0.499149	0.510453	0.796821	0.656214	-0.002643
14363.000000	0.499137	0.510434	0.796840	0.656247	-0.002628
14364.000000	0.499138	0.510412	0.796850	0.656264	-0.002610
14365.000000	0.499135	0.510391	0.796847	0.656259	-0.002637
14366.000000	0.499128	0.510389	0.796853	0.656267	-0.002675
14367.000000	0.499121	0.510374	0.796855	0.656268	-0.002692
14368.000000	0.499128	0.510379	0.796871	0.656298	-0.002721
14369.000000	0.499138	0.510394	0.796876	0.656304	-0.002738
14370.000000	0.499152	0.510424	0.796868	0.656292	-0.002732
14371.000000	0.499161	0.510432	0.796868	0.656290	-0.002717
14372.000000	0.499149	0.510442	0.796858	0.656275	-0.002716
14373.000000	0.499145	0.510439	0.796850	0.656261	-0.002718
14374.000000	0.499163	0.510470	0.796844	0.656251	-0.002733
14375.000000	0.499171	0.510520	0.796833	0.656234	-0.002748
14376.000000	0.499165	0.510508	0.796823	0.656218	-0.002757
14377.000000	0.499146	0.510486	0.796819	0.656211	-0.002767
14378.000000	0.499126	0.510484	0.796818	0.656208	-0.002785
14379.000000	0.499113	0.510466	0.796824	0.656216	-0.002789
14380.000000	0.499113	0.510445	0.796839	0.656242	-0.002779
14381.000000	0.499105	0.510441	0.796847	0.656256	-0.002769
14382.000000	0.499105	0.510440	0.796851	0.656261	-0.002736
14383.000000	0.499113	0.510464	0.796836	0.656239	-0.002715
14384.000000	0.499113	0.510463	0.796824	0.656221	-0.002720
14385.000000	0.499111	0.510455	0.796818	0.656211	-0.002730
14386.000000	0.499096	0.510428	0.796813	0.656201	-0.002731
14387.000000	0.499088	0.510403	0.796803	0.656186	-0.002716
14388.000000	0.499096	0.510386	0.796792	0.656169	-0.002713
14389.000000	0.499081	0.510376	0.796787	0.656159	-0.002734
14390.000000	0.499084	0.510363	0.796783	0.656152	-0.002740
14391.000000	0.499083	0.510366	0.796802	0.656188	-0.002715
14392.000000	0.499086	0.510350	0.796809	0.656198	-0.002693
14393.000000	0.499083	0.510350	0.796828	0.656232	-0.002692
14394.000000	0.499096	0.510359	0.796826	0.656230	-0.002713
14395.000000	0.499097	0.510352	0.796825	0.656228	-0.002703
14396.000000	0.499086	0.510350	0.796844	0.656261	-0.002683
14397.000000	0.499067	0.510333	0.796858	0.656285	-0.002667
14398.000000	0.499060	0.510319	0.796859	0.656285	-0.002671
14399.000000	0.499049	0.510334	0.796844	0.656263	-0.002674
14400.000000	0.499045	0.510349	0.796838	0.656253	-0.002682
14401.000000	0.499034	0.510331	0.796821	0.656230	-0.002686
14402.000000	0.499029	0.510318	0.796810	0.656212	-0.002698
14403.000000	0.499025	0.510304	0.796804	0.656203	-0.002682
14404.000000	0.499019	0.510295	0.796798	0.656192	-0.002673
14405.000000	0.499008	0.510275	0.796786	0.656175	-0.002695
14406.000000	0.498994	0.510267	0.796784	0.656170	-0.002722
14407.000000	0.498995	0.510262	0.796787	0.656174	-0.002757
14408.000000	0.499011	0.510249	0.796791	0.656179	-0.002762
14409.000000	0.499011	0.510250	0.796793	0.656183	-0.002726
14410.000000	0.499002	0.510242	0.796804	0.656200	-0.002677
14411.000000	0.498990	0.510241	0.796812	0.656212	-0.002626
14412.000000	0.498985	0.510234	0.796824	0.656233	-0.002579
14413.000000	0.498989	0.510222	0.796824	0.656232	-0.002574
14414.000000	0.499009	0.510239	0.796816	0.656218	-0.002590
14415.000000	0.499009	0.510250	0.796802	0.656198	-0.002585
14416.000000	0.499008	0.510235	0.796801	0.656195	-0.002615
14417.000000	0.499010	0.510221	0.796818	0.656226	-0.002675
14418.000000	0.498994	0.510209	0.796820	0.656227	-0.002708
14419.000000	0.498974	0.510193	0.796832	0.656248	-0.002749
14420.000000	0.498976	0.510196	0.796831	0.656246	-0.002775
14421.000000	0.498976	0.510198	0.796830	0.656242	-0.002764
14422.000000	0.498965	0.510198	0.796848	0.656276	-0.002733
14423.000000	0.498958	0.510216	0.796856	0.656289	-0.002698
14424.000000	0.498964	0.510256	0.796858	0.656290	-0.002686
14425.000000	0.498980	0.510267	0.796870	0.656311	-0.002727
14426.000000	0.498977	0.510253	0.796875	0.656320	-0.002767
14427.000000	0.498969	0.510248	0.796868	0.656308	-0.002768
14428.000000	0.498960	0.510247	0.796856	0.656289	-0.002765
14429.000000	0.498951	0.510226	0.796865	0.656305	-0.002767
14430.000000	0.498939	0.510211	0.796885	0.656341	-0.002756
14431.000000	0.498935	0.510197	0.796900	0.656368	-0.002709
14432.000000	0.498927	0.510177	0.796896	0.656360	-0.002688
14433.000000	0.498930	0.510167	0.796894	0.656355	-0.002697
14434.000000	0.498924	0.510142	0.796890	0.656348	-0.002719
14435.000000	0.498912	0.510126	0.796906	0.656376	-0.002744
14436.000000	0.498900	0.510122	0.796914	0.656387	-0.002764
14437.000000	0.498890	0.510132	0.796916	0.656390	-0.002779
14438.000000	0.498884	0.510142	0.796903	0.656370	-0.002785
14439.000000	0.498881	0.510149	0.796900	0.656365	-0.002763
14440.000000	0.498876	0.510146	0.796908	0.656377	-0.002730
14441.000000	0.498866	0.510151	0.796910	0.656378	-0.002713
14442.000000	0.498868	0.510149	0.796919	0.656393	-0.002698
14443.000000	0.498868	0.510132	0.796935	0.656420	-0.002680
14444.000000	0.498864	0.510129	0.796945	0.656437	-0.002660
14445.000000	0.498853	0.510128	0.796952	0.656448	-0.002635
14446.000000	0.498844	0.510111	0.796962	0.656465	-0.002597
14447.000000	0.498844	0.510130	0.796952	0.656449	-0.002594
14448.000000	0.498855	0.510111	0.796942	0.656434	-0.002587
14449.000000	0.498878	0.510113	0.796949	0.656444	-0.002564
14450.000000	0.498882	0.510122	0.796946	0.656439	-0.002543
14451.000000	0.498868	0.510113	0.796936	0.656423	-0.002535
14452.000000	0.498857	0.510102	0.796940	0.656429	-0.002501
14453.000000	0.498870	0.510111	0.796940	0.656430	-0.002473
14454.000000	0.498880	0.510123	0.796934	0.656418	-0.002461
14455.000000	0.498887	0.510114	0.796934	0.656419	-0.002493
14456.000000	0.498876	0.510109	0.796948	0.656444	-0.002551
14457.000000	0.498873	0.510083	0.796943	0.656435	-0.002573
14458.000000	0.498869	0.510063	0.796926	0.656410	-0.002564
14459.000000	0.498857	0.510054	0.796915	0.656394	-0.002557
14460.000000	0.498846	0.510032	0.796914	0.656391	-0.002551
14461.000000	0.498833	0.510008	0.796923	0.656405	-0.002544
14462.000000	0.498827	0.509988	0.796935	0.656424	-0.002512
14463.000000	0.498822	0.509972	0.796935	0.656424	-0.002476
14464.000000	0.498817	0.509972	0.796941	0.656433	-0.002475
14465.000000	0.498804	0.509962	0.796961	0.656470	-0.002501
14466.000000	0.498808	0.509960	0.796967	0.656479	-0.002522
14467.000000	0.498796	0.509936	0.796978	0.656497	-0.002484
14468.000000	0.498791	0.509941	0.796995	0.656528	-0.002439
14469.000000	0.498788	0.509943	0.796992	0.656522	-0.002431
14470.000000	0.498792	0.509941	0.796986	0.656511	-0.002442
14471.000000	0.498807	0.509986	0.796993	0.656524	-0.002421
14472.000000	0.498800	0.509988	0.796988	0.656514	-0.002413
14473.000000	0.498794	0.509968	0.796974	0.656493	-0.002403
14474.000000	0.498790	0.509950	0.796973	0.656490	-0.002375
14475.000000	0.498787	0.509934	0.796963	0.656474	-0.002377
14476.000000	0.498795	0.509917	0.796956	0.656462	-0.002394
14477.000000	0.498789	0.509897	0.796947	0.656447	-0.002406
14478.000000	0.498780	0.509882	0.796940	0.656436	-0.002417
14479.000000	0.498782	0.509887	0.796933	0.656424	-0.002428
14480.000000	0.498773	0.509876	0.796926	0.656412	-0.002437
14481.000000	0.498767	0.509878	0.796925	0.656409	-0.002455
14482.000000	0.498777	0.509916	0.796928	0.656413	-0.002452
14483.000000	0.498796	0.509921	0.796937	0.656427	-0.002445
14484.000000	0.498807	0.509922	0.796955	0.656459	-0.002432
14485.000000	0.498828	0.509940	0.796950	0.656452	-0.002424
14486.000000	0.498822	0.509933	0.796945	0.656443	-0.002416
14487.000000	0.498814	0.509923	0.796955	0.656459	-0.002385
14488.000000	0.498807	0.509904	0.796968	0.656482	-0.002362
14489.000000	0.498800	0.509888	0.796968	0.656481	-0.002368
14490.000000	0.498795	0.509905	0.796973	0.656489	-0.002405
14491.000000	0.498788	0.509889	0.796978	0.656495	-0.002448
14492.000000	0.498782	0.509867	0.796989	0.656513	-0.002485
14493.000000	0.498775	0.509847	0.796989	0.656512	-0.002493
14494.000000	0.498772	0.509839	0.796975	0.656491	-0.002505
14495.000000	0.498765	0.509823	0.796962	0.656472	-0.002505
14496.000000	0.498774	0.509824	0.796958	0.656465	-0.002478
14497.000000	0.498794	0.509848	0.796964	0.656473	-0.002481
14498.000000	0.498808	0.509853	0.796951	0.656454	-0.002476
14499.000000	0.498815	0.509849	0.796954	0.656458	-0.002455
14500.000000	0.498796	0.509841	0.796959	0.656466	-0.002435
14501.000000	0.498801	0.509855	0.796947	0.656448	-0.002423
14502.000000	0.498815	0.509878	0.796939	0.656436	-0.002428
14503.000000	0.498812	0.509879	0.796956	0.656465	-0.002462
14504.000000	0.498814	0.509865	0.796966	0.656482	-0.002465
14505.000000	0.498809	0.509848	0.796977	0.656499	-0.002430
14506.000000	0.498797	0.509843	0.796984	0.656510	-0.002384
14507.000000	0.498796	0.509851	0.796994	0.656526	-0.002340
14508.000000	0.498785	0.509839	0.796992	0.656522	-0.002319
14509.000000	0.498773	0.509817	0.796996	0.656528	-0.002293
14510.000000	0.498767	0.509794	0.796994	0.656523	-0.002258
14511.000000	0.498771	0.509799	0.796985	0.656508	-0.002259
14512.000000	0.498772	0.509802	0.796997	0.656529	-0.002304
14513.000000	0.498786	0.509834	0.797003	0.656539	-0.002326
14514.000000	0.498806	0.509887	0.796996	0.656528	-0.002318
14515.000000	0.498822	0.509916	0.796995	0.656524	-0.002306
14516.000000	0.498835	0.509955	0.797003	0.656537	-0.002276
14517.000000	0.498831	0.509945	0.796997	0.656526	-0.002271
14518.000000	0.498838	0.509930	0.797005	0.656541	-0.002312
14519.000000	0.498840	0.509923	0.797011	0.656553	-0.002357
14520.000000	0.498846	0.509929	0.797003	0.656539	-0.002357
14521.000000	0.498861	0.509945	0.796993	0.656524	-0.002336
14522.000000	0.498872	0.509965	0.796981	0.656506	-0.002335
14523.000000	0.498868	0.509994	0.796969	0.656487	-0.002327
14524.000000	0.498860	0.509990	0.796959	0.656471	-0.002319
14525.000000	0.498881	0.509976	0.796956	0.656466	-0.002318
14526.000000	0.498912	0.509968	0.796962	0.656475	-0.002313
14527.000000	0.498909	0.509958	0.796967	0.656481	-0.002273
14528.000000	0.498908	0.509974	0.796963	0.656473	-0.002246
14529.000000	0.498906	0.509975	0.796951	0.656455	-0.002242
14530.000000	0.498905	0.509974	0.796943	0.656441	-0.002231
14531.000000	0.498901	0.509999	0.796936	0.656431	-0.002211
14532.000000	0.498896	0.510007	0.796932	0.656423	-0.002187
14533.000000	0.498896	0.510003	0.796934	0.656426	-0.002190
14534.000000	0.498908	0.510020	0.796925	0.656412	-0.002197
14535.000000	0.498905	0.510026	0.796911	0.656391	-0.002197
14536.000000	0.498905	0.510028	0.796919	0.656404	-0.002161
14537.000000	0.498889	0.510000	0.796919	0.656403	-0.002141
14538.000000	0.498869	0.509975	0.796920	0.656403	-0.002128
14539.000000	0.498856	0.509961	0.796922	0.656405	-0.002102
14540.000000	0.498849	0.509960	0.796922	0.656404	-0.002090
14541.000000	0.498870	0.509976	0.796934	0.656423	-0.002109
14542.000000	0.498873	0.509959	0.796934	0.656422	-0.002115
14543.000000	0.498867	0.509962	0.796937	0.656426	-0.002097
14544.000000	0.498866	0.509957	0.796941	0.656430	-0.002079
14545.000000	0.498859	0.509950	0.796934	0.656418	-0.002085
14546.000000	0.498847	0.509956	0.796927	0.656406	-0.002108
14547.000000	0.498843	0.509964	0.796933	0.656416	-0.002151
14548.000000	0.498859	0.509952	0.796925	0.656402	-0.002160
14549.000000	0.498878	0.509951	0.796931	0.656412	-0.002125
14550.000000	0.498891	0.509985	0.796931	0.656413	-0.002090
14551.000000	0.498901	0.510023	0.796920	0.656396	-0.002075
14552.000000	0.498905	0.510035	0.796919	0.656394	-0.002057
14553.000000	0.498906	0.510034	0.796932	0.656418	-0.002070
14554.000000	0.498896	0.510028	0.796936	0.656425	-0.002088
14555.000000	0.498890	0.510018	0.796947	0.656444	-0.002090
14556.000000	0.498900	0.510023	0.796937	0.656428	-0.002089
14557.000000	0.498914	0.510025	0.796946	0.656445	-0.002100
14558.000000	0.498921	0.510022	0.796967	0.656483	-0.002143
14559.000000	0.498922	0.510042	0.796975	0.656496	-0.002187
14560.000000	0.498909	0.510040	0.796976	0.656496	-0.002202
14561.000000	0.498899	0.510050	0.796992	0.656524	-0.002215
14562.000000	0.498900	0.510043	0.796983	0.656511	-0.002234
14563.000000	0.498891	0.510023	0.796976	0.656498	-0.002239
14564.000000	0.498883	0.510004	0.796990	0.656523	-0.002227
14565.000000	0.498882	0.509991	0.796993	0.656526	-0.002201
14566.000000	0.498896	0.510008	0.796987	0.656517	-0.002189
14567.000000	0.498904	0.510015	0.796978	0.656502	-0.002192
14568.000000	0.498908	0.510007	0.796979	0.656502	-0.002200
14569.000000	0.498889	0.509986	0.796965	0.656482	-0.002194
14570.000000	0.498875	0.509977	0.796958	0.656471	-0.002172
14571.000000	0.498877	0.509966	0.796955	0.656463	-0.002147
14572.000000	0.498876	0.509949	0.796961	0.656473	-0.002112
14573.000000	0.498883	0.509936	0.796963	0.656474	-0.002106
14574.000000	0.498886	0.509932	0.796969	0.656483	-0.002133
14575.000000	0.498889	0.509945	0.796977	0.656497	-0.002166
14576.000000	0.498881	0.509937	0.796974	0.656491	-0.002177
14577.000000	0.498877	0.509915	0.796975	0.656491	-0.002212
14578.000000	0.498883	0.509922	0.796984	0.656505	-0.002252
14579.000000	0.498884	0.509922	0.796988	0.656510	-0.002267
14580.000000	0.498889	0.509924	0.796989	0.656510	-0.002273
14581.000000	0.498887	0.509927	0.796992	0.656515	-0.002235
14582.000000	0.498873	0.509927	0.796996	0.656521	-0.002191
14583.000000	0.498866	0.509907	0.796994	0.656515	-0.002163
14584.000000	0.498849	0.509894	0.797007	0.656538	-0.002112
14585.000000	0.498847	0.509876	0.797012	0.656546	-0.002072
14586.000000	0.498858	0.509862	0.797019	0.656559	-0.002024
14587.000000	0.498847	0.509844	0.797017	0.656555	-0.001996
14588.000000	0.498842	0.509838	0.797001	0.656532	-0.002006
14589.000000	0.498834	0.509827	0.797010	0.656547	-0.002034
14590.000000	0.498821	0.509826	0.797023	0.656569	-0.002072
14591.000000	0.498810	0.509806	0.797023	0.656568	-0.002099
14592.000000	0.498817	0.509789	0.797008	0.656546	-0.002112
14593.000000	0.498815	0.509767	0.796995	0.656526	-0.002132
14594.000000	0.498815	0.509781	0.797003	0.656540	-0.002145
14595.000000	0.498813	0.509813	0.796997	0.656529	-0.002152
14596.000000	0.498813	0.509838	0.796995	0.656525	-0.002134
14597.000000	0.498803	0.509830	0.797001	0.656534	-0.002091
14598.000000	0.498801	0.509837	0.796999	0.656530	-0.002063
14599.000000	0.498807	0.509856	0.797004	0.656536	-0.002039
14600.000000	0.498809	0.509850	0.797005	0.656537	-0.002018
14601.000000	0.498809	0.509832	0.797004	0.656534	-0.001993
14602.000000	0.498805	0.509805	0.796997	0.656523	-0.001996
14603.000000	0.498815	0.509805	0.797000	0.656528	-0.001993
14604.000000	0.498805	0.509792	0.796986	0.656506	-0.001996
14605.000000	0.498796	0.509775	0.796982	0.656500	-0.002016
14606.000000	0.498785	0.509769	0.796972	0.656484	-0.002022
14607.000000	0.498773	0.509755	0.796960	0.656465	-0.002021
14608.000000	0.498774	0.509736	0.796956	0.656459	-0.002028
14609.000000	0.498771	0.509722	0.796942	0.656438	-0.002024
14610.000000	0.498769	0.509745	0.796937	0.656429	-0.002003
14611.000000	0.498775	0.509765	0.796936	0.656426	-0.001979
14612.000000	0.498790	0.509798	0.796922	0.656406	-0.002000
14613.000000	0.498777	0.509782	0.796917	0.656397	-0.002011
14614.000000	0.498771	0.509773	0.796924	0.656408	-0.002014
14615.000000	0.498758	0.509764	0.796937	0.656431	-0.002023
14616.000000	0.498778	0.509748	0.796940	0.656434	-0.002009
14617.000000	0.498784	0.509743	0.796955	0.656461	-0.001971
14618.000000	0.498779	0.509731	0.796951	0.656454	-0.001973
14619.000000	0.498784	0.509732	0.796940	0.656437	-0.001987
14620.000000	0.498786	0.509731	0.796939	0.656433	-0.001975
14621.000000	0.498782	0.509710	0.796923	0.656410	-0.001963
14622.000000	0.498792	0.509698	0.796915	0.656398	-0.001963
14623.000000	0.498786	0.509688	0.796902	0.656377	-0.001962
14624.000000	0.498798	0.509727	0.796894	0.656365	-0.001937
14625.000000	0.498804	0.509738	0.796884	0.656348	-0.001945
14626.000000	0.498797	0.509745	0.796875	0.656335	-0.001961
14627.000000	0.498797	0.509750	0.796861	0.656314	-0.001960
14628.000000	0.498794	0.509752	0.796853	0.656301	-0.001954
14629.000000	0.498790	0.509776	0.796851	0.656297	-0.001952
14630.000000	0.498789	0.509786	0.796866	0.656323	-0.001963
14631.000000	0.498785	0.509768	0.796871	0.656332	-0.001968
14632.000000	0.498772	0.509745	0.796861	0.656316	-0.001952
14633.000000	0.498765	0.509726	0.796851	0.656300	-0.001927
14634.000000	0.498751	0.509725	0.796857	0.656309	-0.001882
14635.000000	0.498750	0.509719	0.796846	0.656293	-0.001863
14636.000000	0.498747	0.509735	0.796848	0.656296	-0.001882
14637.000000	0.498754	0.509740	0.796857	0.656310	-0.001903
14638.000000	0.498752	0.509736	0.796856	0.656307	-0.001906
14639.000000	0.498738	0.509723	0.796845	0.656289	-0.001903
14640.000000	0.498745	0.509712	0.796838	0.656277	-0.001896
14641.000000	0.498751	0.509704	0.796833	0.656270	-0.001876
14642.000000	0.498766	0.509706	0.796848	0.656296	-0.001830
14643.000000	0.498763	0.509699	0.796849	0.656297	-0.001810
14644.000000	0.498762	0.509709	0.796841	0.656283	-0.001813
14645.000000	0.498767	0.509711	0.796832	0.656269	-0.001798
14646.000000	0.498773	0.509699	0.796836	0.656275	-0.001765
14647.000000	0.498762	0.509686	0.796840	0.656279	-0.001743
14648.000000	0.498764	0.509680	0.796835	0.656270	-0.001729
14649.000000	0.498770	0.509694	0.796844	0.656284	-0.001728
14650.000000	0.498758	0.509691	0.796852	0.656298	-0.001741
14651.000000	0.498746	0.509675	0.796848	0.656291	-0.001745
14652.000000	0.498744	0.509655	0.796841	0.656278	-0.001725
14653.000000	0.498745	0.509649	0.796839	0.656273	-0.001697
14654.000000	0.498747	0.509649	0.796850	0.656292	-0.001674
14655.000000	0.498751	0.509638	0.796854	0.656298	-0.001684
14656.000000	0.498746	0.509613	0.796839	0.656276	-0.001688
14657.000000	0.498752	0.509603	0.796842	0.656280	-0.001673
14658.000000	0.498750	0.509637	0.796855	0.656303	-0.001660
14659.000000	0.498751	0.509649	0.796856	0.656304	-0.001657
14660.000000	0.498742	0.509635	0.796863	0.656315	-0.001657
14661.000000	0.498731	0.509614	0.796871	0.656327	-0.001674
14662.000000	0.498727	0.509612	0.796860	0.656310	-0.001680
14663.000000	0.498730	0.509613	0.796854	0.656301	-0.001682
14664.000000	0.498727	0.509613	0.796868	0.656324	-0.001713
14665.000000	0.498723	0.509599	0.796871	0.656329	-0.001744
14666.000000	0.498728	0.509593	0.796884	0.656351	-0.001763
14667.000000	0.498722	0.509590	0.796880	0.656344	-0.001770
14668.000000	0.498720	0.509582	0.796880	0.656341	-0.001771
14669.000000	0.498721	0.509562	0.796877	0.656336	-0.001783
14670.000000	0.498712	0.509544	0.796875	0.656331	-0.001767
14671.000000	0.498707	0.509544	0.796878	0.656335	-0.001754
14672.000000	0.498717	0.509539	0.796865	0.656315	-0.001755
14673.000000	0.498723	0.509549	0.796866	0.656316	-0.001778
14674.000000	0.498721	0.509531	0.796856	0.656300	-0.001771
14675.000000	0.498705	0.509518	0.796860	0.656305	-0.001743
14676.000000	0.498710	0.509519	0.796866	0.656315	-0.001697
14677.000000	0.498722	0.509540	0.796877	0.656333	-0.001663
14678.000000	0.498737	0.509553	0.796870	0.656322	-0.001670
14679.000000	0.498739	0.509557	0.796864	0.656311	-0.001681
14680.000000	0.498736	0.509547	0.796864	0.656311	-0.001699
14681.000000	0.498733	0.509529	0.796869	0.656318	-0.001710
14682.000000	0.498718	0.509507	0.796863	0.656308	-0.001699
14683.000000	0.498723	0.509516	0.796865	0.656311	-0.001685
14684.000000	0.498731	0.509509	0.796861	0.656303	-0.001688
14685.000000	0.498721	0.509500	0.796859	0.656299	-0.001697
14686.000000	0.498720	0.509487	0.796865	0.656307	-0.001700
14687.000000	0.498728	0.509475	0.796874	0.656321	-0.001725
14688.000000	0.498735	0.509493	0.796878	0.656327	-0.001726
14689.000000	0.498732	0.509483	0.796880	0.656329	-0.001707
14690.000000	0.498735	0.509469	0.796875	0.656319	-0.001711
14691.000000	0.498731	0.509454	0.796875	0.656318	-0.001741
14692.000000	0.498726	0.509444	0.796867	0.656306	-0.001752
14693.000000	0.498715	0.509431	0.796872	0.656312	-0.001772
14694.000000	0.498716	0.509420	0.796882	0.656331	-0.001781
14695.000000	0.498711	0.509408	0.796883	0.656331	-0.001814
14696.000000	0.498711	0.509401	0.796881	0.656326	-0.001835
14697.000000	0.498709	0.509396	0.796893	0.656346	-0.001875
14698.000000	0.498716	0.509401	0.796906	0.656368	-0.001926
14699.000000	0.498717	0.509392	0.796899	0.656356	-0.001922
14700.000000	0.498708	0.509375	0.796894	0.656347	-0.001903
14701.000000	0.498710	0.509360	0.796884	0.656332	-0.001909
14702.000000	0.498715	0.509359	0.796875	0.656318	-0.001916
14703.000000	0.498732	0.509383	0.796873	0.656315	-0.001916
14704.000000	0.498729	0.509368	0.796864	0.656299	-0.001907
14705.000000	0.498718	0.509356	0.796865	0.656300	-0.001902
14706.000000	0.498715	0.509359	0.796857	0.656287	-0.001906
14707.000000	0.498706	0.509356	0.796856	0.656284	-0.001913
14708.000000	0.498695	0.509351	0.796865	0.656299	-0.001939
14709.000000	0.498689	0.509350	0.796859	0.656288	-0.001937
14710.000000	0.498679	0.509347	0.796848	0.656272	-0.001942
14711.000000	0.498675	0.509345	0.796849	0.656272	-0.001979
14712.000000	0.498668	0.509336	0.796851	0.656275	-0.002011
14713.000000	0.498687	0.509329	0.796848	0.656269	-0.002032
14714.000000	0.498694	0.509347	0.796858	0.656285	-0.002053
14715.000000	0.498688	0.509348	0.796876	0.656318	-0.002049
14716.000000	0.498679	0.509329	0.796883	0.656328	-0.002046
14717.000000	0.498680	0.509320	0.796871	0.656311	-0.002062
14718.000000	0.498676	0.509309	0.796865	0.656300	-0.002095
14719.000000	0.498671	0.509293	0.796856	0.656286	-0.002110
14720.000000	0.498667	0.509287	0.796866	0.656302	-0.002099
14721.000000	0.498669	0.509270	0.796874	0.656315	-0.002085
14722.000000	0.498673	0.509270	0.796865	0.656301	-0.002072
14723.000000	0.498660	0.509258	0.796858	0.656289	-0.002059
14724.000000	0.498654	0.509236	0.796849	0.656275	-0.002050
14725.000000	0.498645	0.509227	0.796846	0.656269	-0.002073
14726.000000	0.498631	0.509213	0.796857	0.656289	-0.002111
14727.000000	0.498624	0.509205	0.796856	0.656285	-0.002134
14728.000000	0.498611	0.509197	0.796861	0.656292	-0.002120
14729.000000	0.498614	0.509198	0.796868	0.656304	-0.002104
14730.000000	0.498613	0.509190	0.796865	0.656299	-0.002134
14731.000000	0.498605	0.509177	0.796883	0.656331	-0.002189
14732.000000	0.498600	0.509157	0.796875	0.656319	-0.002214
14733.000000	0.498603	0.509156	0.796859	0.656295	-0.002218
14734.000000	0.498607	0.509146	0.796856	0.656291	-0.002211
14735.000000	0.498613	0.509140	0.796867	0.656308	-0.002175
14736.000000	0.498606	0.509141	0.796864	0.656303	-0.002144
14737.000000	0.498597	0.509135	0.796859	0.656294	-0.002115
14738.000000	0.498584	0.509115	0.796865	0.656302	-0.002077
14739.000000	0.498583	0.509103	0.796870	0.656311	-0.002036
14740.000000	0.498575	0.509105	0.796875	0.656317	-0.002013
14741.000000	0.498576	0.509108	0.796871	0.656310	-0.002012
14742.000000	0.498564	0.509099	0.796886	0.656335	-0.002030
14743.000000	0.498554	0.509088	0.796898	0.656356	-0.002047
14744.000000	0.498548	0.509071	0.796904	0.656366	-0.002061
14745.000000	0.498536	0.509051	0.796921	0.656394	-0.002089
14746.000000	0.498523	0.509037	0.796936	0.656420	-0.002129
14747.000000	0.498512	0.509015	0.796942	0.656429	-0.002162
14748.000000	0.498504	0.509018	0.796939	0.656424	-0.002166
14749.000000	0.498505	0.509010	0.796940	0.656425	-0.002136
14750.000000	0.498512	0.509012	0.796955	0.656453	-0.002094
14751.000000	0.498518	0.509051	0.796960	0.656460	-0.002078
14752.000000	0.498506	0.509053	0.796957	0.656453	-0.002083
14753.000000	0.498498	0.509054	0.796961	0.656459	-0.002102
14754.000000	0.498489	0.509047	0.796969	0.656471	-0.002109
14755.000000	0.498480	0.509046	0.796979	0.656488	-0.002078
14756.000000	0.498479	0.509041	0.796978	0.656485	-0.002066
14757.000000	0.498474	0.509031	0.796973	0.656477	-0.002087
14758.000000	0.498467	0.509015	0.796989	0.656505	-0.002132
14759.000000	0.498451	0.508992	0.797000	0.656523	-0.002137
14760.000000	0.498440	0.508967	0.797000	0.656521	-0.002137
14761.000000	0.498439	0.508957	0.796997	0.656516	-0.002144
14762.000000	0.498437	0.508948	0.796981	0.656493	-0.002156
14763.000000	0.498432	0.508929	0.796971	0.656477	-0.002157
14764.000000	0.498425	0.508914	0.796973	0.656480	-0.002125
14765.000000	0.498419	0.508902	0.796982	0.656495	-0.002076
14766.000000	0.498424	0.508893	0.796980	0.656490	-0.002066
14767.000000	0.498415	0.508873	0.796983	0.656494	-0.002078
14768.000000	0.498410	0.508858	0.796976	0.656481	-0.002092
14769.000000	0.498400	0.508844	0.796972	0.656475	-0.002102
14770.000000	0.498395	0.508846	0.796983	0.656493	-0.002111
14771.000000	0.498413	0.508861	0.796991	0.656507	-0.002142
14772.000000	0.498412	0.508872	0.796984	0.656495	-0.002146
14773.000000	0.498397	0.508850	0.796978	0.656485	-0.002144
14774.000000	0.498388	0.508840	0.796973	0.656476	-0.002135
14775.000000	0.498388	0.508855	0.796968	0.656468	-0.002119
14776.000000	0.498383	0.508873	0.796971	0.656472	-0.002085
14777.000000	0.498376	0.508884	0.796988	0.656501	-0.002041
14778.000000	0.498370	0.508905	0.796994	0.656510	-0.002021
14779.000000	0.498376	0.508932	0.796984	0.656495	-0.002024
14780.000000	0.498373	0.508951	0.796974	0.656480	-0.002033
14781.000000	0.498369	0.508955	0.796964	0.656464	-0.002060
14782.000000	0.498369	0.508957	0.796958	0.656453	-0.002046
14783.000000	0.498377	0.509005	0.796952	0.656443	-0.002028
14784.000000	0.498386	0.509033	0.796953	0.656443	-0.001991
14785.000000	0.498378	0.509020	0.796965	0.656464	-0.001950
14786.000000	0.498376	0.509004	0.796962	0.656459	-0.001933
14787.000000	0.498375	0.509004	0.796969	0.656470	-0.001966
14788.000000	0.498364	0.509000	0.796981	0.656489	-0.002006
14789.000000	0.498360	0.508994	0.796988	0.656500	-0.002031
14790.000000	0.498355	0.509000	0.796986	0.656496	-0.002029
14791.000000	0.498344	0.508993	0.796977	0.656481	-0.002002
14792.000000	0.498343	0.508997	0.796980	0.656486	-0.001995
14793.000000	0.498346	0.509020	0.796979	0.656483	-0.002030
14794.000000	0.498349	0.509016	0.796983	0.656488	-0.002047
14795.000000	0.498339	0.509006	0.797001	0.656521	-0.002020
14796.000000	0.498333	0.508987	0.797006	0.656527	-0.001988
14797.000000	0.498327	0.508960	0.797002	0.656521	-0.001962
14798.000000	0.498313	0.508940	0.797015	0.656542	-0.001914
14799.000000	0.498301	0.508930	0.797018	0.656545	-0.001887
14800.000000	0.498290	0.508926	0.797006	0.656528	-0.001873
14801.000000	0.498291	0.508914	0.796995	0.656511	-0.001848
14802.000000	0.498311	0.508918	0.796998	0.656515	-0.001816
14803.000000	0.498326	0.508924	0.797005	0.656524	-0.001800
14804.000000	0.498318	0.508937	0.797003	0.656521	-0.001807
14805.000000	0.498326	0.508970	0.796995	0.656507	-0.001812
14806.000000	0.498328	0.508973	0.796990	0.656500	-0.001815
14807.000000	0.498338	0.508960	0.797002	0.656520	-0.001842
14808.000000	0.498330	0.508952	0.797015	0.656543	-0.001853
14809.000000	0.498323	0.508956	0.797019	0.656549	-0.001861
14810.000000	0.498329	0.508943	0.797022	0.656554	-0.001852
14811.000000	0.498336	0.508947	0.797032	0.656571	-0.001853
14812.000000	0.498333	0.508933	0.797042	0.656587	-0.001880
14813.000000	0.498330	0.508915	0.797041	0.656584	-0.001904
14814.000000	0.498334	0.508895	0.797049	0.656598	-0.001900
14815.000000	0.498344	0.508872	0.797059	0.656614	-0.001918
14816.000000	0.498348	0.508860	0.797063	0.656619	-0.001932
14817.000000	0.498349	0.508859	0.797073	0.656636	-0.001931
14818.000000	0.498355	0.508845	0.797078	0.656643	-0.001926
14819.000000	0.498354	0.508860	0.797081	0.656646	-0.001960
14820.000000	0.498347	0.508866	0.797085	0.656652	-0.001989
14821.000000	0.498335	0.508844	0.797077	0.656639	-0.001996
14822.000000	0.498330	0.508834	0.797070	0.656628	-0.001995
14823.000000	0.498321	0.508822	0.797072	0.656630	-0.002009
14824.000000	0.498304	0.508806	0.797069	0.656624	-0.002032
14825.000000	0.498307	0.508789	0.797064	0.656615	-0.002049
14826.000000	0.498300	0.508791	0.797069	0.656623	-0.002060
14827.000000	0.498282	0.508767	0.797083	0.656646	-0.002082
14828.000000	0.498288	0.508753	0.797085	0.656648	-0.002087
14829.000000	0.498278	0.508738	0.797097	0.656668	-0.002093
14830.000000	0.498258	0.508722	0.797110	0.656691	-0.002070
14831.000000	0.498242	0.508707	0.797127	0.656720	-0.002025
14832.000000	0.498238	0.508695	0.797131	0.656726	-0.002004
14833.000000	0.498236	0.508699	0.797121	0.656710	-0.002009
14834.000000	0.498231	0.508693	0.797111	0.656695	-0.002007
14835.000000	0.498241	0.508685	0.797112	0.656695	-0.002025
14836.000000	0.498230	0.508680	0.797110	0.656691	-0.002052
14837.000000	0.498227	0.508673	0.797107	0.656685	-0.002053
14838.000000	0.498228	0.508665	0.797102	0.656676	-0.002036
14839.000000	0.498225	0.508666	0.797093	0.656661	-0.002029
14840.000000	0.498238	0.508709	0.797104	0.656681	-0.002016
14841.000000	0.498239	0.508712	0.797104	0.656678	-0.002024
14842.000000	0.498232	0.508720	0.797106	0.656680	-0.002054
14843.000000	0.498241	0.508718	0.797103	0.656674	-0.002061
14844.000000	0.498248	0.508728	0.797115	0.656694	-0.002018
14845.000000	0.498241	0.508723	0.797110	0.656687	-0.001987
14846.000000	0.498253	0.508717	0.797100	0.656672	-0.001991
14847.000000	0.498260	0.508745	0.797099	0.656668	-0.001997
14848.000000	0.498268	0.508761	0.797100	0.656669	-0.001970
14849.000000	0.498268	0.508763	0.797102	0.656671	-0.001935
14850.000000	0.498268	0.508775	0.797097	0.656663	-0.001909
14851.000000	0.498258	0.508757	0.797098	0.656662	-0.001881
14852.000000	0.498256	0.508738	0.797093	0.656654	-0.001864
14853.000000	0.498246	0.508726	0.797102	0.656668	-0.001837
14854.000000	0.498237	0.508732	0.797112	0.656685	-0.001811
14855.000000	0.498228	0.508725	0.797105	0.656672	-0.001797
14856.000000	0.498214	0.508718	0.797100	0.656664	-0.001767
14857.000000	0.498205	0.508702	0.797099	0.656661	-0.001739
14858.000000	0.498211	0.508697	0.797099	0.656660	-0.001724
14859.000000	0.498225	0.508711	0.797090	0.656646	-0.001745
14860.000000	0.498234	0.508725	0.797104	0.656670	-0.001793
14861.000000	0.498228	0.508720	0.797103	0.656667	-0.001799
14862.000000	0.498221	0.508722	0.797095	0.656654	-0.001799
14863.000000	0.498226	0.508748	0.797084	0.656637	-0.001803
14864.000000	0.498230	0.508770	0.797088	0.656643	-0.001785
14865.000000	0.498220	0.508768	0.797090	0.656645	-0.001760
14866.000000	0.498220	0.508772	0.797080	0.656629	-0.001754
14867.000000	0.498229	0.508776	0.797073	0.656618	-0.001759
14868.000000	0.498224	0.508764	0.797076	0.656621	-0.001778
14869.000000	0.498217	0.508743	0.797078	0.656624	-0.001796
14870.000000	0.498217	0.508730	0.797070	0.656610	-0.001797
14871.000000	0.498230	0.508744	0.797060	0.656594	-0.001791
14872.000000	0.498229	0.508769	0.797056	0.656587	-0.001781
14873.000000	0.498231	0.508775	0.797067	0.656606	-0.001790
14874.000000	0.498218	0.508770	0.797082	0.656632	-0.001806
14875.000000	0.498205	0.508759	0.797086	0.656637	-0.001806
14876.000000	0.498192	0.508753	0.797092	0.656645	-0.001794
14877.000000	0.498188	0.508755	0.797098	0.656655	-0.001792
14878.000000	0.498196	0.508771	0.797104	0.656663	-0.001813
14879.000000	0.498207	0.508793	0.797104	0.656663	-0.001821
14880.000000	0.498211	0.508790	0.797092	0.656644	-0.001822
14881.000000	0.498204	0.508796	0.797081	0.656627	-0.001820
14882.000000	0.498196	0.508803	0.797072	0.656613	-0.001822
14883.000000	0.498192	0.508834	0.797075	0.656617	-0.001821
14884.000000	0.498181	0.508819	0.797077	0.656618	-0.001831
14885.000000	0.498180	0.508803	0.797065	0.656601	-0.001828
14886.000000	0.498159	0.508779	0.797066	0.656601	-0.001800
14887.000000	0.498143	0.508763	0.797077	0.656619	-0.001753
14888.000000	0.498141	0.508765	0.797091	0.656643	-0.001717
14889.000000	0.498150	0.508770	0.797095	0.656649	-0.001708
14890.000000	0.498148	0.508770	0.797092	0.656643	-0.001725
14891.000000	0.498139	0.508768	0.797092	0.656642	-0.001746
14892.000000	0.498122	0.508755	0.797105	0.656663	-0.001778
14893.000000	0.498120	0.508746	0.797113	0.656677	-0.001810
14894.000000	0.498115	0.508754	0.797126	0.656698	-0.001827
14895.000000	0.498124	0.508789	0.797133	0.656708	-0.001808
14896.000000	0.498129	0.508808	0.797137	0.656715	-0.001773
14897.000000	0.498123	0.508809	0.797143	0.656724	-0.001742
14898.000000	0.498116	0.508799	0.797131	0.656706	-0.001734
14899.000000	0.498113	0.508789	0.797127	0.656697	-0.001766
14900.000000	0.498101	0.508773	0.797123	0.656691	-0.001801
14901.000000	0.498090	0.508769	0.797132	0.656704	-0.001829
14902.000000	0.498084	0.508744	0.797123	0.656691	-0.001834
14903.000000	0.498077	0.508725	0.797123	0.656690	-0.001834
14904.000000	0.498071	0.508715	0.797138	0.656717	-0.001859
14905.000000	0.498076	0.508706	0.797150	0.656736	-0.001898
14906.000000	0.498066	0.508715	0.797150	0.656735	-0.001934
14907.000000	0.498066	0.508728	0.797147	0.656730	-0.001959
14908.000000	0.498075	0.508743	0.797137	0.656714	-0.001962
14909.000000	0.498068	0.508719	0.797139	0.656715	-0.001955
14910.000000	0.498071	0.508719	0.797148	0.656730	-0.001944
14911.000000	0.498085	0.508728	0.797155	0.656742	-0.001928
14912.000000	0.498096	0.508738	0.797143	0.656724	-0.001916
14913.000000	0.498094	0.508740	0.797144	0.656724	-0.001911
14914.000000	0.498091	0.508729	0.797149	0.656732	-0.001927
14915.000000	0.498083	0.508711	0.797158	0.656745	-0.001944
14916.000000	0.498077	0.508702	0.797175	0.656775	-0.001926
14917.000000	0.498078	0.508729	0.797182	0.656788	-0.001896
14918.000000	0.498070	0.508723	0.797181	0.656784	-0.001870
14919.000000	0.498058	0.508702	0.797177	0.656777	-0.001867
14920.000000	0.498048	0.508688	0.797175	0.656772	-0.001856
14921.000000	0.498037	0.508687	0.797166	0.656758	-0.001871
14922.000000	0.498039	0.508681	0.797165	0.656755	-0.001897
14923.000000	0.498035	0.508689	0.797168	0.656758	-0.001914
14924.000000	0.498029	0.508674	0.797163	0.656750	-0.001908
14925.000000	0.498024	0.508668	0.797154	0.656736	-0.001896
14926.000000	0.498018	0.508664	0.797146	0.656723	-0.001878
14927.000000	0.498013	0.508665	0.797153	0.656734	-0.001867
14928.000000	0.498014	0.508653	0.797167	0.656758	-0.001865
14929.000000	0.498009	0.508641	0.797180	0.656779	-0.001872
14930.000000	0.498004	0.508634	0.797166	0.656759	-0.001883
14931.000000	0.497998	0.508662	0.797157	0.656745	-0.001900
14932.000000	0.497991	0.508682	0.797158	0.656744	-0.001933
14933.000000	0.497999	0.508673	0.797154	0.656737	-0.001935
14934.000000	0.498000	0.508649	0.797163	0.656752	-0.001888
14935.000000	0.498003	0.508649	0.797155	0.656740	-0.001865
14936.000000	0.498006	0.508651	0.797153	0.656734	-0.001861
14937.000000	0.497997	0.508645	0.797154	0.656736	-0.001853
14938.000000	0.497998	0.508641	0.797156	0.656737	-0.001846
14939.000000	0.497995	0.508651	0.797146	0.656721	-0.001862
14940.000000	0.497995	0.508665	0.797136	0.656707	-0.001863
14941.000000	0.498013	0.508671	0.797133	0.656702	-0.001848
14942.000000	0.498020	0.508667	0.797142	0.656715	-0.001847
14943.000000	0.498009	0.508646	0.797151	0.656730	-0.001856
14944.000000	0.498008	0.508638	0.797156	0.656736	-0.001875
14945.000000	0.498006	0.508631	0.797159	0.656741	-0.001891
14946.000000	0.497995	0.508610	0.797158	0.656738	-0.001904
14947.000000	0.497984	0.508590	0.797173	0.656764	-0.001929
14948.000000	0.497974	0.508584	0.797190	0.656794	-0.001959
14949.000000	0.497970	0.508576	0.797200	0.656809	-0.002004
14950.000000	0.497954	0.508562	0.797206	0.656818	-0.002044
14951.000000	0.497951	0.508561	0.797222	0.656847	-0.002074
14952.000000	0.497950	0.508545	0.797227	0.656854	-0.002058
14953.000000	0.497962	0.508559	0.797233	0.656863	-0.002028
14954.000000	0.497969	0.508554	0.797235	0.656866	-0.002043
14955.000000	0.497980	0.508556	0.797235	0.656865	-0.002063
14956.000000	0.497987	0.508561	0.797233	0.656860	-0.002060
14957.000000	0.497982	0.508548	0.797242	0.656874	-0.002054
14958.000000	0.497987	0.508550	0.797252	0.656891	-0.002029
14959.000000	0.497989	0.508571	0.797245	0.656879	-0.002017
14960.000000	0.497991	0.508581	0.797241	0.656871	-0.002035
14961.000000	0.498005	0.508596	0.797243	0.656873	-0.002046
14962.000000	0.498005	0.508601	0.797249	0.656882	-0.002047
14963.000000	0.498009	0.508598	0.797237	0.656865	-0.002064
14964.000000	0.498006	0.508580	0.797233	0.656857	-0.002063
14965.000000	0.498005	0.508563	0.797239	0.656866	-0.002055
14966.000000	0.498021	0.508580	0.797248	0.656881	-0.002022
14967.000000	0.498018	0.508571	0.797251	0.656885	-0.002008
14968.000000	0.498002	0.508564	0.797263	0.656904	-0.002014
14969.000000	0.497999	0.508565	0.797268	0.656912	-0.002011
14970.000000	0.497998	0.508563	0.797262	0.656901	-0.001988
14971.000000	0.497993	0.508549	0.797267	0.656910	-0.001963
14972.000000	0.497993	0.508566	0.797281	0.656933	-0.001942
14973.000000	0.498013	0.508565	0.797286	0.656941	-0.001938
14974.000000	0.498012	0.508545	0.797302	0.656969	-0.001961
14975.000000	0.497993	0.508520	0.797308	0.656978	-0.001988
14976.000000	0.497980	0.508507	0.797295	0.656959	-0.001993
14977.000000	0.497971	0.508505	0.797296	0.656960	-0.001956
14978.000000	0.497971	0.508507	0.797302	0.656968	-0.001914
14979.000000	0.497977	0.508519	0.797303	0.656969	-0.001883
14980.000000	0.497991	0.508529	0.797318	0.656995	-0.001890
14981.000000	0.497986	0.508504	0.797325	0.657006	-0.001903
14982.000000	0.497978	0.508487	0.797330	0.657014	-0.001915
14983.000000	0.497980	0.508474	0.797337	0.657025	-0.001930
14984.000000	0.497988	0.508479	0.797343	0.657033	-0.001969
14985.000000	0.497995	0.508518	0.797347	0.657040	-0.001994
14986.000000	0.498024	0.508557	0.797335	0.657021	-0.001985
14987.000000	0.498025	0.508556	0.797329	0.657011	-0.001982
14988.000000	0.498030	0.508560	0.797325	0.657004	-0.001969
14989.000000	0.498058	0.508608	0.797326	0.657005	-0.001960
14990.000000	0.498082	0.508683	0.797341	0.657032	-0.002007
14991.000000	0.498098	0.508726	0.797349	0.657044	-0.002055
14992.000000	0.498099	0.508735	0.797363	0.657069	-0.002101
14993.000000	0.498096	0.508760	0.797370	0.657079	-0.002137
14994.000000	0.498102	0.508765	0.797361	0.657066	-0.002140
14995.000000	0.498102	0.508750	0.797363	0.657068	-0.002108
14996.000000	0.498096	0.508743	0.797353	0.657053	-0.002105
14997.000000	0.498092	0.508740	0.797341	0.657034	-0.002112
14998.000000	0.498095	0.508774	0.797331	0.657019	-0.002099
14999.000000	0.498100	0.508825	0.797316	0.656997	-0.002086
