t	Ecin	Epot	Rg	buf4	buf5
30000.000000	0.499557	0.510115	0.797372	0.657120	-0.000138
30001.000000	0.499546	0.510103	0.797371	0.657117	-0.000124
30002.000000	0.499536	0.510092	0.797372	0.657119	-0.000112
30003.000000	0.499530	0.510087	0.797370	0.657114	-0.000110
30004.000000	0.499526	0.510082	0.797364	0.657106	-0.000108
30005.000000	0.499527	0.510079	0.797365	0.657107	-0.000098
30006.000000	0.499523	0.510073	0.797368	0.657111	-0.000088
30007.000000	0.499528	0.510084	0.797363	0.657104	-0.000090
30008.000000	0.499528	0.510093	0.797366	0.657108	-0.000084
30009.000000	0.499533	0.510106	0.797374	0.657122	-0.000074
30010.000000	0.499528	0.510107	0.797374	0.657121	-0.000073
30011.000000	0.499524	0.510100	0.797374	0.657120	-0.000076
30012.000000	0.499529	0.510106	0.797378	0.657126	-0.000079
30013.000000	0.499532	0.510105	0.797375	0.657122	-0.000076
30014.000000	0.499525	0.510099	0.797373	0.657118	-0.000068
30015.000000	0.499536	0.510106	0.797370	0.657113	-0.000066
30016.000000	0.499543	0.510104	0.797373	0.657118	-0.000075
30017.000000	0.499545	0.510104	0.797378	0.657125	-0.000080
30018.000000	0.499553	0.510109	0.797385	0.657138	-0.000088
30019.000000	0.499552	0.510104	0.797379	0.657129	-0.000100
30020.000000	0.499555	0.510100	0.797375	0.657123	-0.000101
30021.000000	0.499552	0.510098	0.797377	0.657126	-0.000095
30022.000000	0.499548	0.510093	0.797374	0.657120	-0.000096
30023.000000	0.499544	0.510089	0.797371	0.657116	-0.000103
30024.000000	0.499538	0.510084	0.797368	0.657111	-0.000098
30025.000000	0.499539	0.510092	0.797372	0.657117	-0.000102
30026.000000	0.499535	0.510092	0.797375	0.657121	-0.000108
30027.000000	0.499538	0.510099	0.797382	0.657133	-0.000104
30028.000000	0.499551	0.510119	0.797389	0.657145	-0.000101
30029.000000	0.499562	0.510143	0.797392	0.657151	-0.000096
30030.000000	0.499565	0.510181	0.797388	0.657144	-0.000085
30031.000000	0.499564	0.510185	0.797379	0.657132	-0.000078
30032.000000	0.499563	0.510189	0.797375	0.657125	-0.000084
30033.000000	0.499558	0.510187	0.797371	0.657119	-0.000095
30034.000000	0.499555	0.510178	0.797378	0.657130	-0.000120
30035.000000	0.499549	0.510168	0.797381	0.657135	-0.000141
30036.000000	0.499548	0.510172	0.797388	0.657146	-0.000153
30037.000000	0.499549	0.510169	0.797386	0.657143	-0.000161
30038.000000	0.499545	0.510163	0.797381	0.657135	-0.000162
30039.000000	0.499543	0.510164	0.797378	0.657130	-0.000154
30040.000000	0.499546	0.510181	0.797372	0.657121	-0.000149
30041.000000	0.499555	0.510184	0.797375	0.657125	-0.000130
30042.000000	0.499566	0.510199	0.797375	0.657124	-0.000115
30043.000000	0.499566	0.510200	0.797374	0.657124	-0.000126
30044.000000	0.499561	0.510194	0.797382	0.657137	-0.000149
30045.000000	0.499553	0.510190	0.797384	0.657140	-0.000162
30046.000000	0.499549	0.510186	0.797381	0.657135	-0.000164
30047.000000	0.499553	0.510192	0.797374	0.657124	-0.000166
30048.000000	0.499548	0.510189	0.797370	0.657119	-0.000176
30049.000000	0.499544	0.510179	0.797369	0.657116	-0.000189
30050.000000	0.499544	0.510183	0.797365	0.657110	-0.000181
30051.000000	0.499546	0.510202	0.797365	0.657109	-0.000165
30052.000000	0.499549	0.510212	0.797358	0.657099	-0.000158
30053.000000	0.499556	0.510218	0.797358	0.657098	-0.000168
30054.000000	0.499564	0.510219	0.797354	0.657092	-0.000169
30055.000000	0.499562	0.510213	0.797359	0.657101	-0.000169
30056.000000	0.499559	0.510212	0.797364	0.657108	-0.000163
30057.000000	0.499562	0.510206	0.797358	0.657100	-0.000156
30058.000000	0.499552	0.510201	0.797359	0.657100	-0.000165
30059.000000	0.499547	0.510192	0.797362	0.657105	-0.000176
30060.000000	0.499540	0.510190	0.797358	0.657099	-0.000179
30061.000000	0.499541	0.510187	0.797355	0.657094	-0.000184
30062.000000	0.499539	0.510180	0.797358	0.657098	-0.000190
30063.000000	0.499536	0.510176	0.797359	0.657099	-0.000203
30064.000000	0.499541	0.510179	0.797363	0.657105	-0.000214
30065.000000	0.499549	0.510183	0.797360	0.657100	-0.000211
30066.000000	0.499557	0.510183	0.797352	0.657089	-0.000216
30067.000000	0.499560	0.510185	0.797356	0.657096	-0.000233
30068.000000	0.499557	0.510192	0.797364	0.657108	-0.000241
30069.000000	0.499554	0.510191	0.797358	0.657100	-0.000235
30070.000000	0.499558	0.510213	0.797352	0.657091	-0.000225
30071.000000	0.499558	0.510221	0.797349	0.657085	-0.000224
30072.000000	0.499558	0.510221	0.797355	0.657096	-0.000232
30073.000000	0.499556	0.510218	0.797361	0.657107	-0.000234
30074.000000	0.499558	0.510221	0.797366	0.657114	-0.000234
30075.000000	0.499558	0.510220	0.797364	0.657112	-0.000239
30076.000000	0.499558	0.510215	0.797360	0.657105	-0.000236
30077.000000	0.499567	0.510221	0.797363	0.657111	-0.000233
30078.000000	0.499566	0.510235	0.797362	0.657107	-0.000236
30079.000000	0.499563	0.510247	0.797356	0.657099	-0.000238
30080.000000	0.499563	0.510249	0.797350	0.657090	-0.000230
30081.000000	0.499566	0.510262	0.797351	0.657090	-0.000220
30082.000000	0.499568	0.510273	0.797349	0.657087	-0.000216
30083.000000	0.499567	0.510274	0.797345	0.657080	-0.000220
30084.000000	0.499565	0.510269	0.797342	0.657076	-0.000232
30085.000000	0.499564	0.510269	0.797351	0.657091	-0.000251
30086.000000	0.499565	0.510271	0.797356	0.657099	-0.000260
30087.000000	0.499565	0.510272	0.797360	0.657106	-0.000248
30088.000000	0.499567	0.510286	0.797352	0.657095	-0.000250
30089.000000	0.499564	0.510288	0.797345	0.657085	-0.000251
30090.000000	0.499563	0.510294	0.797338	0.657074	-0.000249
30091.000000	0.499563	0.510306	0.797333	0.657066	-0.000244
30092.000000	0.499568	0.510312	0.797329	0.657061	-0.000233
30093.000000	0.499573	0.510310	0.797327	0.657056	-0.000236
30094.000000	0.499578	0.510314	0.797331	0.657063	-0.000259
30095.000000	0.499581	0.510308	0.797335	0.657068	-0.000274
30096.000000	0.499590	0.510312	0.797338	0.657073	-0.000277
30097.000000	0.499596	0.510317	0.797335	0.657068	-0.000285
30098.000000	0.499590	0.510312	0.797334	0.657065	-0.000288
30099.000000	0.499590	0.510310	0.797331	0.657061	-0.000297
30100.000000	0.499587	0.510312	0.797328	0.657056	-0.000310
30101.000000	0.499590	0.510305	0.797324	0.657050	-0.000308
30102.000000	0.499587	0.510302	0.797331	0.657062	-0.000296
30103.000000	0.499583	0.510299	0.797335	0.657068	-0.000297
30104.000000	0.499582	0.510297	0.797337	0.657070	-0.000310
30105.000000	0.499584	0.510293	0.797340	0.657076	-0.000321
30106.000000	0.499585	0.510301	0.797339	0.657073	-0.000317
30107.000000	0.499593	0.510332	0.797339	0.657073	-0.000317
30108.000000	0.499595	0.510346	0.797334	0.657065	-0.000321
30109.000000	0.499590	0.510349	0.797334	0.657064	-0.000320
30110.000000	0.499586	0.510339	0.797339	0.657072	-0.000325
30111.000000	0.499582	0.510336	0.797337	0.657069	-0.000329
30112.000000	0.499580	0.510326	0.797335	0.657066	-0.000337
30113.000000	0.499579	0.510327	0.797344	0.657081	-0.000340
30114.000000	0.499578	0.510333	0.797350	0.657092	-0.000333
30115.000000	0.499581	0.510338	0.797353	0.657095	-0.000322
30116.000000	0.499588	0.510351	0.797356	0.657100	-0.000315
30117.000000	0.499607	0.510387	0.797362	0.657110	-0.000316
30118.000000	0.499618	0.510411	0.797365	0.657115	-0.000322
30119.000000	0.499628	0.510434	0.797360	0.657108	-0.000323
30120.000000	0.499633	0.510443	0.797354	0.657099	-0.000315
30121.000000	0.499636	0.510444	0.797351	0.657093	-0.000308
30122.000000	0.499634	0.510439	0.797352	0.657094	-0.000309
30123.000000	0.499633	0.510432	0.797356	0.657100	-0.000316
30124.000000	0.499628	0.510431	0.797359	0.657105	-0.000317
30125.000000	0.499625	0.510427	0.797359	0.657105	-0.000306
30126.000000	0.499625	0.510423	0.797359	0.657104	-0.000300
30127.000000	0.499620	0.510425	0.797358	0.657102	-0.000297
30128.000000	0.499615	0.510420	0.797353	0.657094	-0.000284
30129.000000	0.499612	0.510411	0.797355	0.657098	-0.000269
30130.000000	0.499606	0.510407	0.797364	0.657113	-0.000252
30131.000000	0.499600	0.510406	0.797363	0.657112	-0.000243
30132.000000	0.499600	0.510408	0.797361	0.657107	-0.000251
30133.000000	0.499605	0.510414	0.797356	0.657100	-0.000257
30134.000000	0.499604	0.510411	0.797356	0.657099	-0.000245
30135.000000	0.499600	0.510410	0.797364	0.657114	-0.000228
30136.000000	0.499600	0.510412	0.797363	0.657112	-0.000215
30137.000000	0.499600	0.510416	0.797365	0.657115	-0.000212
30138.000000	0.499596	0.510423	0.797364	0.657112	-0.000220
30139.000000	0.499592	0.510423	0.797359	0.657105	-0.000224
30140.000000	0.499593	0.510424	0.797364	0.657112	-0.000212
30141.000000	0.499588	0.510423	0.797369	0.657120	-0.000195
30142.000000	0.499587	0.510421	0.797374	0.657128	-0.000177
30143.000000	0.499581	0.510420	0.797382	0.657142	-0.000171
30144.000000	0.499575	0.510418	0.797387	0.657151	-0.000164
30145.000000	0.499573	0.510416	0.797388	0.657153	-0.000160
30146.000000	0.499577	0.510418	0.797385	0.657147	-0.000147
30147.000000	0.499579	0.510413	0.797386	0.657149	-0.000131
30148.000000	0.499575	0.510403	0.797385	0.657146	-0.000136
30149.000000	0.499571	0.510398	0.797390	0.657156	-0.000133
30150.000000	0.499570	0.510395	0.797390	0.657155	-0.000139
30151.000000	0.499580	0.510401	0.797392	0.657158	-0.000150
30152.000000	0.499593	0.510405	0.797399	0.657169	-0.000161
30153.000000	0.499596	0.510397	0.797399	0.657169	-0.000164
30154.000000	0.499593	0.510385	0.797400	0.657170	-0.000153
30155.000000	0.499591	0.510377	0.797398	0.657167	-0.000143
30156.000000	0.499585	0.510364	0.797394	0.657159	-0.000130
30157.000000	0.499578	0.510354	0.797395	0.657160	-0.000111
30158.000000	0.499578	0.510350	0.797403	0.657176	-0.000085
30159.000000	0.499572	0.510349	0.797407	0.657181	-0.000067
30160.000000	0.499569	0.510336	0.797407	0.657180	-0.000057
30161.000000	0.499562	0.510327	0.797404	0.657176	-0.000053
30162.000000	0.499560	0.510324	0.797400	0.657169	-0.000055
30163.000000	0.499556	0.510315	0.797401	0.657170	-0.000071
30164.000000	0.499560	0.510326	0.797402	0.657171	-0.000086
30165.000000	0.499572	0.510327	0.797403	0.657172	-0.000097
30166.000000	0.499583	0.510336	0.797406	0.657177	-0.000118
30167.000000	0.499591	0.510348	0.797405	0.657175	-0.000130
30168.000000	0.499601	0.510346	0.797409	0.657182	-0.000151
30169.000000	0.499599	0.510341	0.797411	0.657185	-0.000143
30170.000000	0.499598	0.510333	0.797410	0.657182	-0.000136
30171.000000	0.499599	0.510327	0.797411	0.657183	-0.000146
30172.000000	0.499605	0.510328	0.797410	0.657181	-0.000157
30173.000000	0.499609	0.510324	0.797415	0.657190	-0.000141
30174.000000	0.499608	0.510316	0.797418	0.657194	-0.000124
30175.000000	0.499607	0.510309	0.797416	0.657191	-0.000116
30176.000000	0.499605	0.510304	0.797417	0.657192	-0.000114
30177.000000	0.499604	0.510297	0.797415	0.657188	-0.000120
30178.000000	0.499598	0.510288	0.797408	0.657179	-0.000125
30179.000000	0.499587	0.510277	0.797405	0.657173	-0.000137
30180.000000	0.499578	0.510265	0.797402	0.657167	-0.000139
30181.000000	0.499573	0.510255	0.797397	0.657160	-0.000137
30182.000000	0.499583	0.510259	0.797400	0.657164	-0.000135
30183.000000	0.499592	0.510301	0.797402	0.657167	-0.000137
30184.000000	0.499601	0.510328	0.797402	0.657167	-0.000148
30185.000000	0.499604	0.510329	0.797403	0.657169	-0.000162
30186.000000	0.499607	0.510331	0.797408	0.657176	-0.000163
30187.000000	0.499611	0.510325	0.797413	0.657185	-0.000161
30188.000000	0.499611	0.510326	0.797414	0.657185	-0.000168
30189.000000	0.499612	0.510326	0.797411	0.657181	-0.000179
30190.000000	0.499613	0.510326	0.797408	0.657175	-0.000187
30191.000000	0.499609	0.510322	0.797405	0.657171	-0.000183
30192.000000	0.499610	0.510327	0.797404	0.657169	-0.000175
30193.000000	0.499609	0.510333	0.797402	0.657166	-0.000174
30194.000000	0.499601	0.510327	0.797409	0.657178	-0.000177
30195.000000	0.499614	0.510332	0.797410	0.657180	-0.000164
30196.000000	0.499613	0.510331	0.797415	0.657187	-0.000152
30197.000000	0.499613	0.510336	0.797415	0.657187	-0.000156
30198.000000	0.499617	0.510332	0.797411	0.657181	-0.000155
30199.000000	0.499623	0.510336	0.797415	0.657187	-0.000136
30200.000000	0.499634	0.510339	0.797409	0.657178	-0.000140
30201.000000	0.499636	0.510338	0.797410	0.657179	-0.000143
30202.000000	0.499629	0.510329	0.797407	0.657173	-0.000142
30203.000000	0.499626	0.510324	0.797399	0.657162	-0.000140
30204.000000	0.499626	0.510321	0.797397	0.657159	-0.000148
30205.000000	0.499628	0.510323	0.797404	0.657171	-0.000170
30206.000000	0.499635	0.510329	0.797404	0.657170	-0.000179
30207.000000	0.499642	0.510339	0.797411	0.657182	-0.000197
30208.000000	0.499655	0.510339	0.797412	0.657183	-0.000212
30209.000000	0.499658	0.510347	0.797415	0.657187	-0.000212
30210.000000	0.499665	0.510349	0.797410	0.657180	-0.000217
30211.000000	0.499669	0.510356	0.797413	0.657184	-0.000222
30212.000000	0.499672	0.510364	0.797415	0.657187	-0.000229
30213.000000	0.499673	0.510370	0.797407	0.657176	-0.000234
30214.000000	0.499670	0.510376	0.797401	0.657166	-0.000234
30215.000000	0.499670	0.510385	0.797401	0.657166	-0.000233
30216.000000	0.499676	0.510422	0.797404	0.657170	-0.000228
30217.000000	0.499684	0.510440	0.797405	0.657173	-0.000232
30218.000000	0.499696	0.510441	0.797400	0.657165	-0.000238
30219.000000	0.499693	0.510432	0.797399	0.657163	-0.000248
30220.000000	0.499695	0.510425	0.797400	0.657163	-0.000249
30221.000000	0.499693	0.510423	0.797401	0.657164	-0.000256
30222.000000	0.499690	0.510427	0.797399	0.657161	-0.000256
30223.000000	0.499689	0.510420	0.797392	0.657151	-0.000256
30224.000000	0.499689	0.510425	0.797389	0.657145	-0.000255
30225.000000	0.499690	0.510433	0.797393	0.657152	-0.000261
30226.000000	0.499687	0.510438	0.797398	0.657159	-0.000278
30227.000000	0.499693	0.510431	0.797401	0.657163	-0.000295
30228.000000	0.499693	0.510426	0.797397	0.657158	-0.000302
30229.000000	0.499699	0.510436	0.797398	0.657159	-0.000287
30230.000000	0.499703	0.510433	0.797399	0.657161	-0.000273
30231.000000	0.499704	0.510441	0.797402	0.657165	-0.000254
30232.000000	0.499708	0.510467	0.797402	0.657164	-0.000238
30233.000000	0.499706	0.510478	0.797406	0.657172	-0.000217
30234.000000	0.499700	0.510474	0.797414	0.657186	-0.000196
30235.000000	0.499696	0.510469	0.797416	0.657188	-0.000192
30236.000000	0.499695	0.510468	0.797418	0.657190	-0.000203
30237.000000	0.499696	0.510479	0.797419	0.657192	-0.000220
30238.000000	0.499706	0.510488	0.797416	0.657187	-0.000229
30239.000000	0.499704	0.510483	0.797409	0.657177	-0.000233
30240.000000	0.499698	0.510478	0.797411	0.657179	-0.000226
30241.000000	0.499702	0.510484	0.797410	0.657177	-0.000218
30242.000000	0.499697	0.510476	0.797407	0.657172	-0.000226
30243.000000	0.499691	0.510468	0.797404	0.657166	-0.000228
30244.000000	0.499688	0.510470	0.797401	0.657162	-0.000218
30245.000000	0.499686	0.510475	0.797399	0.657157	-0.000202
30246.000000	0.499687	0.510482	0.797391	0.657146	-0.000201
30247.000000	0.499685	0.510479	0.797387	0.657140	-0.000208
30248.000000	0.499684	0.510473	0.797390	0.657144	-0.000213
30249.000000	0.499688	0.510472	0.797394	0.657150	-0.000225
30250.000000	0.499702	0.510473	0.797400	0.657160	-0.000248
30251.000000	0.499698	0.510465	0.797395	0.657152	-0.000251
30252.000000	0.499699	0.510469	0.797388	0.657142	-0.000252
30253.000000	0.499697	0.510464	0.797385	0.657137	-0.000255
30254.000000	0.499695	0.510458	0.797383	0.657133	-0.000248
30255.000000	0.499703	0.510453	0.797382	0.657132	-0.000246
30256.000000	0.499702	0.510450	0.797376	0.657123	-0.000247
30257.000000	0.499695	0.510441	0.797376	0.657122	-0.000248
30258.000000	0.499689	0.510436	0.797384	0.657137	-0.000247
30259.000000	0.499693	0.510446	0.797390	0.657146	-0.000237
30260.000000	0.499697	0.510443	0.797391	0.657147	-0.000228
30261.000000	0.499707	0.510441	0.797386	0.657139	-0.000232
30262.000000	0.499710	0.510448	0.797378	0.657128	-0.000226
30263.000000	0.499717	0.510459	0.797376	0.657125	-0.000227
30264.000000	0.499714	0.510470	0.797379	0.657129	-0.000241
30265.000000	0.499713	0.510469	0.797386	0.657141	-0.000260
30266.000000	0.499718	0.510460	0.797393	0.657153	-0.000270
30267.000000	0.499718	0.510463	0.797397	0.657159	-0.000269
30268.000000	0.499714	0.510467	0.797396	0.657156	-0.000265
30269.000000	0.499710	0.510474	0.797395	0.657155	-0.000255
30270.000000	0.499714	0.510474	0.797404	0.657170	-0.000234
30271.000000	0.499709	0.510470	0.797409	0.657179	-0.000217
30272.000000	0.499703	0.510460	0.797404	0.657172	-0.000211
30273.000000	0.499701	0.510454	0.797407	0.657176	-0.000212
30274.000000	0.499708	0.510463	0.797407	0.657177	-0.000214
30275.000000	0.499704	0.510462	0.797404	0.657171	-0.000214
30276.000000	0.499704	0.510467	0.797403	0.657170	-0.000221
30277.000000	0.499702	0.510468	0.797406	0.657174	-0.000242
30278.000000	0.499698	0.510468	0.797411	0.657182	-0.000266
30279.000000	0.499704	0.510469	0.797406	0.657173	-0.000273
30280.000000	0.499708	0.510499	0.797401	0.657166	-0.000271
30281.000000	0.499714	0.510510	0.797403	0.657169	-0.000252
30282.000000	0.499716	0.510531	0.797410	0.657182	-0.000232
30283.000000	0.499723	0.510543	0.797411	0.657183	-0.000226
30284.000000	0.499726	0.510555	0.797418	0.657195	-0.000252
30285.000000	0.499724	0.510549	0.797423	0.657203	-0.000270
30286.000000	0.499727	0.510550	0.797421	0.657201	-0.000273
30287.000000	0.499730	0.510558	0.797420	0.657198	-0.000280
30288.000000	0.499733	0.510573	0.797415	0.657190	-0.000286
30289.000000	0.499735	0.510571	0.797408	0.657180	-0.000296
30290.000000	0.499751	0.510586	0.797412	0.657186	-0.000314
30291.000000	0.499758	0.510599	0.797409	0.657181	-0.000321
30292.000000	0.499754	0.510604	0.797402	0.657172	-0.000312
30293.000000	0.499749	0.510612	0.797398	0.657164	-0.000301
30294.000000	0.499746	0.510618	0.797401	0.657169	-0.000291
30295.000000	0.499747	0.510622	0.797407	0.657180	-0.000287
30296.000000	0.499749	0.510620	0.797403	0.657174	-0.000286
30297.000000	0.499754	0.510616	0.797402	0.657171	-0.000288
30298.000000	0.499757	0.510614	0.797405	0.657176	-0.000281
30299.000000	0.499751	0.510608	0.797409	0.657182	-0.000265
30300.000000	0.499747	0.510608	0.797409	0.657182	-0.000247
30301.000000	0.499756	0.510616	0.797412	0.657186	-0.000231
30302.000000	0.499767	0.510623	0.797409	0.657181	-0.000231
30303.000000	0.499771	0.510630	0.797408	0.657179	-0.000239
30304.000000	0.499768	0.510634	0.797409	0.657180	-0.000240
30305.000000	0.499767	0.510626	0.797407	0.657176	-0.000232
30306.000000	0.499776	0.510621	0.797406	0.657175	-0.000223
30307.000000	0.499777	0.510620	0.797414	0.657189	-0.000216
30308.000000	0.499771	0.510608	0.797414	0.657188	-0.000217
30309.000000	0.499771	0.510614	0.797410	0.657181	-0.000214
30310.000000	0.499773	0.510613	0.797405	0.657175	-0.000211
30311.000000	0.499776	0.510615	0.797401	0.657167	-0.000215
30312.000000	0.499768	0.510608	0.797401	0.657168	-0.000217
30313.000000	0.499769	0.510602	0.797409	0.657180	-0.000203
30314.000000	0.499769	0.510608	0.797407	0.657178	-0.000194
30315.000000	0.499769	0.510608	0.797404	0.657173	-0.000202
30316.000000	0.499768	0.510605	0.797403	0.657171	-0.000207
30317.000000	0.499769	0.510605	0.797401	0.657168	-0.000214
30318.000000	0.499768	0.510608	0.797402	0.657168	-0.000224
30319.000000	0.499760	0.510605	0.797400	0.657164	-0.000234
30320.000000	0.499761	0.510595	0.797395	0.657157	-0.000234
30321.000000	0.499775	0.510603	0.797399	0.657163	-0.000232
30322.000000	0.499790	0.510623	0.797397	0.657159	-0.000220
30323.000000	0.499798	0.510627	0.797404	0.657171	-0.000198
30324.000000	0.499798	0.510617	0.797408	0.657179	-0.000193
30325.000000	0.499790	0.510608	0.797411	0.657182	-0.000203
30326.000000	0.499797	0.510611	0.797417	0.657192	-0.000217
30327.000000	0.499799	0.510608	0.797413	0.657186	-0.000219
30328.000000	0.499796	0.510606	0.797408	0.657179	-0.000211
30329.000000	0.499799	0.510600	0.797404	0.657172	-0.000206
30330.000000	0.499800	0.510603	0.797397	0.657162	-0.000208
30331.000000	0.499807	0.510605	0.797395	0.657158	-0.000200
30332.000000	0.499803	0.510596	0.797389	0.657149	-0.000204
30333.000000	0.499801	0.510592	0.797392	0.657153	-0.000217
30334.000000	0.499800	0.510588	0.797392	0.657153	-0.000224
30335.000000	0.499797	0.510582	0.797389	0.657148	-0.000230
30336.000000	0.499791	0.510573	0.797392	0.657152	-0.000250
30337.000000	0.499800	0.510567	0.797397	0.657160	-0.000271
30338.000000	0.499804	0.510556	0.797399	0.657162	-0.000264
30339.000000	0.499800	0.510551	0.797400	0.657164	-0.000255
30340.000000	0.499795	0.510543	0.797396	0.657158	-0.000249
30341.000000	0.499794	0.510533	0.797389	0.657147	-0.000243
30342.000000	0.499790	0.510529	0.797383	0.657138	-0.000241
30343.000000	0.499785	0.510533	0.797376	0.657128	-0.000243
30344.000000	0.499794	0.510547	0.797376	0.657128	-0.000232
30345.000000	0.499793	0.510562	0.797380	0.657134	-0.000210
30346.000000	0.499791	0.510567	0.797383	0.657138	-0.000187
30347.000000	0.499795	0.510573	0.797381	0.657134	-0.000176
30348.000000	0.499794	0.510574	0.797378	0.657129	-0.000168
30349.000000	0.499787	0.510567	0.797370	0.657118	-0.000162
30350.000000	0.499782	0.510560	0.797365	0.657110	-0.000167
30351.000000	0.499777	0.510556	0.797361	0.657104	-0.000171
30352.000000	0.499789	0.510578	0.797355	0.657094	-0.000170
30353.000000	0.499800	0.510606	0.797355	0.657094	-0.000187
30354.000000	0.499801	0.510622	0.797352	0.657088	-0.000194
30355.000000	0.499807	0.510624	0.797345	0.657078	-0.000188
30356.000000	0.499805	0.510636	0.797346	0.657079	-0.000166
30357.000000	0.499807	0.510640	0.797346	0.657079	-0.000149
30358.000000	0.499809	0.510638	0.797342	0.657074	-0.000152
30359.000000	0.499808	0.510635	0.797348	0.657083	-0.000158
30360.000000	0.499807	0.510626	0.797351	0.657088	-0.000160
30361.000000	0.499804	0.510617	0.797352	0.657088	-0.000162
30362.000000	0.499800	0.510608	0.797357	0.657097	-0.000170
30363.000000	0.499798	0.510595	0.797358	0.657098	-0.000185
30364.000000	0.499794	0.510593	0.797359	0.657098	-0.000196
30365.000000	0.499802	0.510590	0.797356	0.657094	-0.000193
30366.000000	0.499805	0.510599	0.797353	0.657088	-0.000185
30367.000000	0.499811	0.510608	0.797348	0.657080	-0.000185
30368.000000	0.499812	0.510618	0.797350	0.657084	-0.000196
30369.000000	0.499815	0.510629	0.797353	0.657088	-0.000204
30370.000000	0.499818	0.510646	0.797351	0.657085	-0.000199
30371.000000	0.499817	0.510655	0.797351	0.657084	-0.000200
30372.000000	0.499818	0.510646	0.797350	0.657082	-0.000209
30373.000000	0.499821	0.510649	0.797354	0.657089	-0.000222
30374.000000	0.499828	0.510666	0.797355	0.657090	-0.000239
30375.000000	0.499839	0.510695	0.797348	0.657079	-0.000237
30376.000000	0.499836	0.510698	0.797342	0.657070	-0.000233
30377.000000	0.499830	0.510699	0.797335	0.657060	-0.000234
30378.000000	0.499833	0.510693	0.797332	0.657056	-0.000235
30379.000000	0.499833	0.510691	0.797335	0.657061	-0.000225
30380.000000	0.499828	0.510684	0.797339	0.657067	-0.000201
30381.000000	0.499830	0.510681	0.797341	0.657069	-0.000189
30382.000000	0.499827	0.510674	0.797342	0.657070	-0.000198
30383.000000	0.499828	0.510669	0.797347	0.657079	-0.000222
30384.000000	0.499827	0.510660	0.797346	0.657076	-0.000235
30385.000000	0.499834	0.510655	0.797338	0.657065	-0.000232
30386.000000	0.499828	0.510645	0.797334	0.657059	-0.000232
30387.000000	0.499821	0.510643	0.797337	0.657064	-0.000242
30388.000000	0.499820	0.510639	0.797339	0.657066	-0.000257
30389.000000	0.499819	0.510639	0.797334	0.657058	-0.000260
30390.000000	0.499813	0.510630	0.797335	0.657060	-0.000250
30391.000000	0.499807	0.510619	0.797340	0.657068	-0.000239
30392.000000	0.499801	0.510607	0.797347	0.657079	-0.000230
30393.000000	0.499807	0.510598	0.797345	0.657075	-0.000220
30394.000000	0.499804	0.510591	0.797347	0.657080	-0.000228
30395.000000	0.499801	0.510591	0.797349	0.657082	-0.000238
30396.000000	0.499794	0.510594	0.797348	0.657080	-0.000237
30397.000000	0.499791	0.510587	0.797346	0.657077	-0.000241
30398.000000	0.499792	0.510591	0.797350	0.657083	-0.000242
30399.000000	0.499796	0.510591	0.797357	0.657094	-0.000219
30400.000000	0.499800	0.510592	0.797366	0.657110	-0.000198
30401.000000	0.499805	0.510586	0.797366	0.657111	-0.000185
30402.000000	0.499800	0.510586	0.797372	0.657120	-0.000167
30403.000000	0.499799	0.510589	0.797374	0.657123	-0.000158
30404.000000	0.499798	0.510585	0.797372	0.657119	-0.000153
30405.000000	0.499796	0.510583	0.797366	0.657110	-0.000145
30406.000000	0.499801	0.510585	0.797360	0.657101	-0.000138
30407.000000	0.499796	0.510581	0.797366	0.657111	-0.000142
30408.000000	0.499795	0.510579	0.797375	0.657127	-0.000134
30409.000000	0.499800	0.510576	0.797374	0.657127	-0.000122
30410.000000	0.499799	0.510566	0.797367	0.657116	-0.000124
30411.000000	0.499799	0.510566	0.797371	0.657122	-0.000128
30412.000000	0.499790	0.510555	0.797376	0.657130	-0.000124
30413.000000	0.499786	0.510549	0.797377	0.657132	-0.000118
30414.000000	0.499784	0.510548	0.797371	0.657122	-0.000119
30415.000000	0.499793	0.510551	0.797368	0.657117	-0.000121
30416.000000	0.499803	0.510560	0.797373	0.657126	-0.000109
30417.000000	0.499804	0.510559	0.797374	0.657128	-0.000106
30418.000000	0.499800	0.510552	0.797369	0.657120	-0.000098
30419.000000	0.499796	0.510544	0.797365	0.657114	-0.000090
30420.000000	0.499799	0.510539	0.797368	0.657118	-0.000092
30421.000000	0.499803	0.510541	0.797366	0.657114	-0.000094
30422.000000	0.499798	0.510536	0.797367	0.657116	-0.000103
30423.000000	0.499798	0.510531	0.797362	0.657108	-0.000110
30424.000000	0.499801	0.510529	0.797362	0.657108	-0.000102
30425.000000	0.499800	0.510529	0.797360	0.657104	-0.000091
30426.000000	0.499803	0.510531	0.797354	0.657094	-0.000093
30427.000000	0.499808	0.510524	0.797349	0.657087	-0.000092
30428.000000	0.499810	0.510520	0.797352	0.657091	-0.000083
30429.000000	0.499809	0.510524	0.797348	0.657084	-0.000081
30430.000000	0.499807	0.510527	0.797341	0.657074	-0.000084
30431.000000	0.499810	0.510528	0.797334	0.657064	-0.000083
30432.000000	0.499802	0.510519	0.797327	0.657054	-0.000084
30433.000000	0.499798	0.510514	0.797325	0.657050	-0.000072
30434.000000	0.499793	0.510514	0.797332	0.657062	-0.000047
30435.000000	0.499797	0.510504	0.797332	0.657062	-0.000043
30436.000000	0.499803	0.510498	0.797337	0.657070	-0.000058
30437.000000	0.499805	0.510486	0.797334	0.657065	-0.000070
30438.000000	0.499820	0.510495	0.797340	0.657075	-0.000080
30439.000000	0.499830	0.510507	0.797345	0.657083	-0.000085
30440.000000	0.499832	0.510513	0.797348	0.657089	-0.000086
30441.000000	0.499827	0.510504	0.797346	0.657085	-0.000094
30442.000000	0.499825	0.510498	0.797344	0.657082	-0.000085
30443.000000	0.499822	0.510491	0.797347	0.657086	-0.000063
30444.000000	0.499817	0.510496	0.797350	0.657090	-0.000047
30445.000000	0.499814	0.510500	0.797348	0.657087	-0.000037
30446.000000	0.499808	0.510502	0.797344	0.657080	-0.000031
30447.000000	0.499805	0.510508	0.797342	0.657077	-0.000020
30448.000000	0.499801	0.510505	0.797337	0.657069	-0.000011
30449.000000	0.499799	0.510499	0.797335	0.657065	-0.000000
30450.000000	0.499800	0.510507	0.797336	0.657066	0.000008
30451.000000	0.499799	0.510518	0.797335	0.657064	-0.000007
30452.000000	0.499793	0.510527	0.797331	0.657058	-0.000019
30453.000000	0.499789	0.510530	0.797332	0.657058	-0.000025
30454.000000	0.499786	0.510532	0.797340	0.657074	-0.000033
30455.000000	0.499790	0.510536	0.797346	0.657084	-0.000049
30456.000000	0.499790	0.510543	0.797344	0.657080	-0.000052
30457.000000	0.499791	0.510546	0.797338	0.657071	-0.000049
30458.000000	0.499795	0.510560	0.797335	0.657066	-0.000048
30459.000000	0.499792	0.510561	0.797333	0.657062	-0.000054
30460.000000	0.499793	0.510555	0.797329	0.657055	-0.000054
30461.000000	0.499796	0.510558	0.797330	0.657057	-0.000040
30462.000000	0.499804	0.510570	0.797336	0.657066	-0.000017
30463.000000	0.499811	0.510584	0.797341	0.657076	0.000007
30464.000000	0.499815	0.510588	0.797339	0.657072	0.000011
30465.000000	0.499812	0.510588	0.797336	0.657067	-0.000002
30466.000000	0.499814	0.510603	0.797335	0.657065	-0.000017
30467.000000	0.499817	0.510621	0.797329	0.657057	-0.000015
30468.000000	0.499816	0.510637	0.797333	0.657062	-0.000000
30469.000000	0.499814	0.510634	0.797339	0.657072	0.000020
30470.000000	0.499812	0.510631	0.797337	0.657069	0.000031
30471.000000	0.499808	0.510628	0.797338	0.657071	0.000042
30472.000000	0.499808	0.510618	0.797344	0.657080	0.000055
30473.000000	0.499798	0.510609	0.797349	0.657088	0.000065
30474.000000	0.499799	0.510610	0.797356	0.657101	0.000087
30475.000000	0.499800	0.510599	0.797361	0.657107	0.000100
30476.000000	0.499804	0.510597	0.797367	0.657118	0.000092
30477.000000	0.499802	0.510597	0.797370	0.657122	0.000076
30478.000000	0.499801	0.510592	0.797371	0.657124	0.000058
30479.000000	0.499799	0.510587	0.797368	0.657119	0.000053
30480.000000	0.499799	0.510590	0.797362	0.657110	0.000054
30481.000000	0.499809	0.510612	0.797368	0.657120	0.000054
30482.000000	0.499818	0.510625	0.797370	0.657124	0.000046
30483.000000	0.499815	0.510623	0.797375	0.657131	0.000036
30484.000000	0.499823	0.510628	0.797381	0.657142	0.000044
30485.000000	0.499826	0.510620	0.797377	0.657135	0.000054
30486.000000	0.499827	0.510611	0.797375	0.657133	0.000057
30487.000000	0.499825	0.510610	0.797384	0.657147	0.000052
30488.000000	0.499826	0.510606	0.797386	0.657151	0.000040
30489.000000	0.499829	0.510595	0.797389	0.657156	0.000041
30490.000000	0.499820	0.510585	0.797398	0.657172	0.000051
30491.000000	0.499814	0.510579	0.797399	0.657174	0.000061
30492.000000	0.499811	0.510569	0.797391	0.657163	0.000055
30493.000000	0.499807	0.510569	0.797385	0.657153	0.000045
30494.000000	0.499809	0.510576	0.797385	0.657153	0.000033
30495.000000	0.499811	0.510593	0.797378	0.657142	0.000025
30496.000000	0.499810	0.510598	0.797372	0.657134	0.000015
30497.000000	0.499804	0.510593	0.797371	0.657131	0.000002
30498.000000	0.499813	0.510593	0.797370	0.657129	0.000003
30499.000000	0.499808	0.510586	0.797363	0.657119	0.000007
30500.000000	0.499804	0.510584	0.797358	0.657110	0.000003
30501.000000	0.499801	0.510575	0.797350	0.657100	0.000006
30502.000000	0.499795	0.510567	0.797349	0.657098	-0.000009
30503.000000	0.499791	0.510560	0.797354	0.657105	-0.000033
30504.000000	0.499789	0.510559	0.797358	0.657113	-0.000053
30505.000000	0.499787	0.510556	0.797360	0.657114	-0.000071
30506.000000	0.499787	0.510558	0.797368	0.657128	-0.000098
30507.000000	0.499786	0.510560	0.797370	0.657132	-0.000119
30508.000000	0.499786	0.510568	0.797371	0.657132	-0.000127
30509.000000	0.499786	0.510567	0.797373	0.657135	-0.000124
30510.000000	0.499790	0.510564	0.797372	0.657133	-0.000119
30511.000000	0.499787	0.510564	0.797366	0.657125	-0.000122
30512.000000	0.499781	0.510561	0.797372	0.657133	-0.000114
30513.000000	0.499783	0.510563	0.797376	0.657140	-0.000096
30514.000000	0.499781	0.510557	0.797385	0.657156	-0.000084
30515.000000	0.499774	0.510560	0.797389	0.657163	-0.000082
30516.000000	0.499775	0.510567	0.797392	0.657168	-0.000096
30517.000000	0.499779	0.510570	0.797399	0.657180	-0.000117
30518.000000	0.499775	0.510565	0.797393	0.657171	-0.000124
30519.000000	0.499777	0.510574	0.797389	0.657164	-0.000133
30520.000000	0.499786	0.510575	0.797384	0.657157	-0.000135
30521.000000	0.499801	0.510595	0.797381	0.657152	-0.000123
30522.000000	0.499812	0.510617	0.797377	0.657145	-0.000122
30523.000000	0.499814	0.510627	0.797375	0.657141	-0.000131
30524.000000	0.499810	0.510633	0.797373	0.657138	-0.000132
30525.000000	0.499811	0.510636	0.797373	0.657136	-0.000121
30526.000000	0.499807	0.510627	0.797371	0.657133	-0.000113
30527.000000	0.499805	0.510619	0.797369	0.657129	-0.000114
30528.000000	0.499801	0.510613	0.797366	0.657124	-0.000115
30529.000000	0.499800	0.510619	0.797365	0.657122	-0.000114
30530.000000	0.499803	0.510633	0.797365	0.657122	-0.000114
30531.000000	0.499801	0.510625	0.797365	0.657120	-0.000106
30532.000000	0.499802	0.510622	0.797360	0.657113	-0.000099
30533.000000	0.499806	0.510628	0.797362	0.657115	-0.000083
30534.000000	0.499808	0.510629	0.797363	0.657117	-0.000076
30535.000000	0.499804	0.510639	0.797364	0.657118	-0.000086
30536.000000	0.499806	0.510641	0.797367	0.657122	-0.000102
30537.000000	0.499804	0.510638	0.797362	0.657114	-0.000107
30538.000000	0.499806	0.510643	0.797363	0.657116	-0.000110
30539.000000	0.499817	0.510657	0.797364	0.657116	-0.000112
30540.000000	0.499822	0.510666	0.797357	0.657106	-0.000111
30541.000000	0.499830	0.510677	0.797354	0.657102	-0.000114
30542.000000	0.499828	0.510681	0.797355	0.657102	-0.000126
30543.000000	0.499824	0.510683	0.797359	0.657108	-0.000147
30544.000000	0.499820	0.510679	0.797367	0.657123	-0.000174
30545.000000	0.499815	0.510673	0.797374	0.657136	-0.000194
30546.000000	0.499811	0.510669	0.797371	0.657131	-0.000203
30547.000000	0.499809	0.510659	0.797373	0.657134	-0.000195
30548.000000	0.499802	0.510657	0.797376	0.657139	-0.000178
30549.000000	0.499797	0.510657	0.797371	0.657131	-0.000167
30550.000000	0.499796	0.510650	0.797367	0.657124	-0.000155
30551.000000	0.499796	0.510641	0.797367	0.657125	-0.000148
30552.000000	0.499802	0.510639	0.797371	0.657130	-0.000163
30553.000000	0.499795	0.510636	0.797378	0.657143	-0.000181
30554.000000	0.499798	0.510645	0.797384	0.657153	-0.000202
30555.000000	0.499795	0.510643	0.797391	0.657165	-0.000227
30556.000000	0.499786	0.510636	0.797394	0.657169	-0.000249
30557.000000	0.499788	0.510635	0.797402	0.657184	-0.000266
30558.000000	0.499786	0.510638	0.797411	0.657200	-0.000270
30559.000000	0.499793	0.510645	0.797414	0.657205	-0.000273
30560.000000	0.499792	0.510648	0.797420	0.657215	-0.000276
30561.000000	0.499791	0.510651	0.797419	0.657213	-0.000281
30562.000000	0.499789	0.510649	0.797425	0.657223	-0.000302
30563.000000	0.499799	0.510664	0.797426	0.657224	-0.000308
30564.000000	0.499792	0.510659	0.797432	0.657234	-0.000296
30565.000000	0.499789	0.510652	0.797440	0.657247	-0.000291
30566.000000	0.499785	0.510647	0.797449	0.657264	-0.000300
30567.000000	0.499789	0.510648	0.797455	0.657275	-0.000320
30568.000000	0.499793	0.510654	0.797449	0.657266	-0.000320
30569.000000	0.499797	0.510658	0.797444	0.657257	-0.000318
30570.000000	0.499792	0.510649	0.797437	0.657247	-0.000313
30571.000000	0.499790	0.510653	0.797441	0.657253	-0.000300
30572.000000	0.499789	0.510663	0.797446	0.657264	-0.000296
30573.000000	0.499792	0.510666	0.797446	0.657262	-0.000310
30574.000000	0.499790	0.510667	0.797448	0.657264	-0.000329
30575.000000	0.499793	0.510666	0.797442	0.657256	-0.000325
30576.000000	0.499788	0.510663	0.797439	0.657251	-0.000321
30577.000000	0.499786	0.510658	0.797440	0.657252	-0.000325
30578.000000	0.499783	0.510651	0.797448	0.657265	-0.000328
30579.000000	0.499784	0.510644	0.797447	0.657263	-0.000323
30580.000000	0.499789	0.510647	0.797444	0.657258	-0.000324
30581.000000	0.499794	0.510645	0.797441	0.657254	-0.000330
30582.000000	0.499796	0.510652	0.797446	0.657261	-0.000324
30583.000000	0.499795	0.510651	0.797455	0.657278	-0.000302
30584.000000	0.499798	0.510648	0.797462	0.657289	-0.000293
30585.000000	0.499796	0.510650	0.797466	0.657297	-0.000299
30586.000000	0.499789	0.510648	0.797467	0.657297	-0.000302
30587.000000	0.499794	0.510647	0.797468	0.657298	-0.000315
30588.000000	0.499796	0.510641	0.797469	0.657299	-0.000332
30589.000000	0.499796	0.510630	0.797466	0.657294	-0.000339
30590.000000	0.499809	0.510630	0.797466	0.657294	-0.000332
30591.000000	0.499810	0.510631	0.797465	0.657291	-0.000318
30592.000000	0.499808	0.510621	0.797474	0.657307	-0.000313
30593.000000	0.499806	0.510611	0.797477	0.657312	-0.000321
30594.000000	0.499809	0.510611	0.797478	0.657314	-0.000319
30595.000000	0.499823	0.510626	0.797476	0.657310	-0.000313
30596.000000	0.499837	0.510634	0.797476	0.657310	-0.000326
30597.000000	0.499843	0.510635	0.797473	0.657305	-0.000334
30598.000000	0.499840	0.510630	0.797466	0.657295	-0.000330
30599.000000	0.499843	0.510621	0.797464	0.657292	-0.000341
30600.000000	0.499848	0.510618	0.797464	0.657290	-0.000353
30601.000000	0.499847	0.510613	0.797463	0.657289	-0.000344
30602.000000	0.499847	0.510611	0.797466	0.657294	-0.000345
30603.000000	0.499845	0.510604	0.797466	0.657292	-0.000356
30604.000000	0.499842	0.510594	0.797464	0.657289	-0.000359
30605.000000	0.499843	0.510585	0.797457	0.657280	-0.000358
30606.000000	0.499847	0.510587	0.797458	0.657281	-0.000364
30607.000000	0.499851	0.510585	0.797465	0.657292	-0.000377
30608.000000	0.499851	0.510582	0.797472	0.657303	-0.000383
30609.000000	0.499856	0.510584	0.797475	0.657309	-0.000376
30610.000000	0.499865	0.510589	0.797475	0.657308	-0.000364
30611.000000	0.499871	0.510588	0.797474	0.657307	-0.000349
30612.000000	0.499870	0.510585	0.797472	0.657303	-0.000339
30613.000000	0.499866	0.510575	0.797473	0.657303	-0.000331
30614.000000	0.499863	0.510568	0.797469	0.657297	-0.000337
30615.000000	0.499864	0.510568	0.797473	0.657304	-0.000351
30616.000000	0.499859	0.510559	0.797476	0.657309	-0.000365
30617.000000	0.499851	0.510549	0.797475	0.657306	-0.000358
30618.000000	0.499849	0.510562	0.797474	0.657305	-0.000351
30619.000000	0.499853	0.510573	0.797467	0.657295	-0.000348
30620.000000	0.499854	0.510589	0.797466	0.657293	-0.000358
30621.000000	0.499852	0.510609	0.797464	0.657289	-0.000364
30622.000000	0.499851	0.510615	0.797464	0.657288	-0.000370
30623.000000	0.499846	0.510616	0.797462	0.657284	-0.000379
30624.000000	0.499853	0.510615	0.797458	0.657278	-0.000387
30625.000000	0.499856	0.510607	0.797450	0.657267	-0.000384
30626.000000	0.499858	0.510611	0.797443	0.657256	-0.000389
30627.000000	0.499857	0.510614	0.797440	0.657251	-0.000406
30628.000000	0.499859	0.510613	0.797444	0.657257	-0.000426
30629.000000	0.499857	0.510609	0.797437	0.657247	-0.000429
30630.000000	0.499850	0.510604	0.797436	0.657244	-0.000432
30631.000000	0.499851	0.510619	0.797434	0.657242	-0.000438
30632.000000	0.499853	0.510621	0.797429	0.657234	-0.000429
30633.000000	0.499852	0.510628	0.797432	0.657239	-0.000421
30634.000000	0.499857	0.510641	0.797431	0.657236	-0.000419
30635.000000	0.499857	0.510649	0.797430	0.657234	-0.000427
30636.000000	0.499868	0.510658	0.797430	0.657233	-0.000442
30637.000000	0.499877	0.510682	0.797423	0.657223	-0.000438
30638.000000	0.499883	0.510695	0.797417	0.657214	-0.000440
30639.000000	0.499890	0.510703	0.797425	0.657228	-0.000442
30640.000000	0.499896	0.510725	0.797425	0.657229	-0.000442
30641.000000	0.499904	0.510748	0.797418	0.657218	-0.000444
30642.000000	0.499910	0.510764	0.797416	0.657215	-0.000438
30643.000000	0.499911	0.510776	0.797421	0.657224	-0.000414
30644.000000	0.499913	0.510782	0.797421	0.657224	-0.000401
30645.000000	0.499925	0.510781	0.797424	0.657227	-0.000396
30646.000000	0.499929	0.510778	0.797420	0.657221	-0.000396
30647.000000	0.499926	0.510782	0.797414	0.657212	-0.000398
30648.000000	0.499918	0.510772	0.797415	0.657213	-0.000403
30649.000000	0.499917	0.510763	0.797422	0.657225	-0.000417
30650.000000	0.499916	0.510757	0.797426	0.657232	-0.000440
30651.000000	0.499920	0.510762	0.797420	0.657223	-0.000447
30652.000000	0.499929	0.510773	0.797425	0.657232	-0.000428
30653.000000	0.499933	0.510780	0.797426	0.657233	-0.000434
30654.000000	0.499939	0.510788	0.797431	0.657242	-0.000454
30655.000000	0.499944	0.510793	0.797435	0.657248	-0.000462
30656.000000	0.499946	0.510790	0.797434	0.657246	-0.000447
30657.000000	0.499943	0.510791	0.797430	0.657240	-0.000435
30658.000000	0.499935	0.510784	0.797425	0.657232	-0.000427
30659.000000	0.499928	0.510777	0.797417	0.657221	-0.000425
30660.000000	0.499931	0.510777	0.797416	0.657217	-0.000416
30661.000000	0.499929	0.510773	0.797420	0.657224	-0.000416
30662.000000	0.499925	0.510760	0.797429	0.657240	-0.000436
30663.000000	0.499925	0.510756	0.797431	0.657243	-0.000451
30664.000000	0.499924	0.510751	0.797423	0.657232	-0.000458
30665.000000	0.499925	0.510742	0.797419	0.657226	-0.000459
30666.000000	0.499933	0.510746	0.797419	0.657225	-0.000467
30667.000000	0.499935	0.510757	0.797418	0.657223	-0.000476
30668.000000	0.499939	0.510780	0.797410	0.657212	-0.000473
30669.000000	0.499939	0.510782	0.797408	0.657208	-0.000472
30670.000000	0.499937	0.510777	0.797409	0.657209	-0.000474
30671.000000	0.499956	0.510781	0.797417	0.657224	-0.000475
30672.000000	0.499972	0.510783	0.797411	0.657215	-0.000478
30673.000000	0.499983	0.510784	0.797409	0.657212	-0.000463
30674.000000	0.499979	0.510778	0.797409	0.657210	-0.000446
30675.000000	0.499979	0.510768	0.797410	0.657212	-0.000442
30676.000000	0.499975	0.510766	0.797412	0.657214	-0.000443
30677.000000	0.499976	0.510761	0.797411	0.657213	-0.000447
30678.000000	0.499974	0.510750	0.797408	0.657207	-0.000450
30679.000000	0.499970	0.510753	0.797410	0.657211	-0.000457
30680.000000	0.499971	0.510761	0.797415	0.657219	-0.000466
30681.000000	0.499970	0.510759	0.797417	0.657221	-0.000465
30682.000000	0.499968	0.510761	0.797423	0.657230	-0.000448
30683.000000	0.499961	0.510753	0.797429	0.657241	-0.000423
30684.000000	0.499958	0.510752	0.797438	0.657258	-0.000401
30685.000000	0.499954	0.510750	0.797440	0.657259	-0.000392
30686.000000	0.499953	0.510738	0.797433	0.657250	-0.000385
30687.000000	0.499955	0.510746	0.797440	0.657262	-0.000391
30688.000000	0.499963	0.510752	0.797441	0.657263	-0.000400
30689.000000	0.499959	0.510748	0.797438	0.657258	-0.000402
30690.000000	0.499957	0.510746	0.797436	0.657255	-0.000409
30691.000000	0.499951	0.510737	0.797441	0.657263	-0.000432
30692.000000	0.499950	0.510741	0.797445	0.657270	-0.000454
30693.000000	0.499948	0.510742	0.797438	0.657259	-0.000457
30694.000000	0.499943	0.510742	0.797431	0.657249	-0.000457
30695.000000	0.499943	0.510741	0.797430	0.657247	-0.000467
30696.000000	0.499944	0.510748	0.797428	0.657243	-0.000469
30697.000000	0.499949	0.510767	0.797425	0.657239	-0.000455
30698.000000	0.499952	0.510789	0.797424	0.657236	-0.000441
30699.000000	0.499951	0.510785	0.797422	0.657232	-0.000449
30700.000000	0.499952	0.510790	0.797418	0.657226	-0.000459
30701.000000	0.499953	0.510783	0.797412	0.657217	-0.000459
30702.000000	0.499948	0.510771	0.797414	0.657220	-0.000439
30703.000000	0.499946	0.510765	0.797415	0.657221	-0.000428
30704.000000	0.499943	0.510754	0.797414	0.657218	-0.000433
30705.000000	0.499939	0.510741	0.797409	0.657211	-0.000440
30706.000000	0.499931	0.510732	0.797405	0.657204	-0.000454
30707.000000	0.499929	0.510724	0.797397	0.657193	-0.000458
30708.000000	0.499920	0.510711	0.797395	0.657190	-0.000449
30709.000000	0.499916	0.510702	0.797398	0.657193	-0.000438
30710.000000	0.499912	0.510699	0.797397	0.657190	-0.000424
30711.000000	0.499911	0.510711	0.797397	0.657190	-0.000407
30712.000000	0.499909	0.510706	0.797396	0.657188	-0.000392
30713.000000	0.499911	0.510702	0.797393	0.657182	-0.000390
30714.000000	0.499908	0.510695	0.797390	0.657177	-0.000388
30715.000000	0.499901	0.510686	0.797383	0.657167	-0.000392
30716.000000	0.499898	0.510685	0.797378	0.657159	-0.000392
30717.000000	0.499909	0.510697	0.797377	0.657157	-0.000394
30718.000000	0.499911	0.510708	0.797379	0.657160	-0.000401
30719.000000	0.499911	0.510710	0.797376	0.657156	-0.000401
30720.000000	0.499911	0.510715	0.797369	0.657145	-0.000402
30721.000000	0.499911	0.510716	0.797367	0.657141	-0.000410
30722.000000	0.499912	0.510720	0.797368	0.657142	-0.000423
30723.000000	0.499908	0.510715	0.797371	0.657146	-0.000432
30724.000000	0.499907	0.510713	0.797370	0.657144	-0.000435
30725.000000	0.499907	0.510709	0.797372	0.657147	-0.000427
30726.000000	0.499904	0.510704	0.797376	0.657154	-0.000418
30727.000000	0.499905	0.510706	0.797379	0.657157	-0.000431
30728.000000	0.499905	0.510706	0.797388	0.657174	-0.000461
30729.000000	0.499902	0.510703	0.797387	0.657172	-0.000475
30730.000000	0.499909	0.510702	0.797382	0.657164	-0.000474
30731.000000	0.499916	0.510716	0.797383	0.657166	-0.000461
30732.000000	0.499919	0.510736	0.797384	0.657167	-0.000455
30733.000000	0.499926	0.510745	0.797382	0.657163	-0.000464
30734.000000	0.499924	0.510748	0.797380	0.657159	-0.000469
30735.000000	0.499919	0.510744	0.797385	0.657168	-0.000481
30736.000000	0.499914	0.510735	0.797391	0.657179	-0.000501
30737.000000	0.499925	0.510736	0.797395	0.657185	-0.000519
30738.000000	0.499933	0.510733	0.797403	0.657198	-0.000516
30739.000000	0.499934	0.510724	0.797406	0.657204	-0.000497
30740.000000	0.499932	0.510720	0.797405	0.657202	-0.000483
30741.000000	0.499934	0.510719	0.797412	0.657212	-0.000499
30742.000000	0.499930	0.510710	0.797410	0.657210	-0.000511
30743.000000	0.499922	0.510700	0.797414	0.657216	-0.000528
30744.000000	0.499917	0.510694	0.797411	0.657212	-0.000536
30745.000000	0.499912	0.510689	0.797406	0.657203	-0.000537
30746.000000	0.499909	0.510684	0.797404	0.657199	-0.000538
30747.000000	0.499904	0.510684	0.797406	0.657202	-0.000536
30748.000000	0.499897	0.510677	0.797405	0.657200	-0.000529
30749.000000	0.499897	0.510673	0.797404	0.657198	-0.000515
30750.000000	0.499895	0.510668	0.797402	0.657194	-0.000503
30751.000000	0.499889	0.510665	0.797400	0.657190	-0.000493
30752.000000	0.499889	0.510672	0.797398	0.657188	-0.000478
30753.000000	0.499885	0.510669	0.797396	0.657183	-0.000463
30754.000000	0.499879	0.510665	0.797388	0.657172	-0.000459
30755.000000	0.499879	0.510662	0.797388	0.657172	-0.000457
30756.000000	0.499872	0.510652	0.797391	0.657177	-0.000448
30757.000000	0.499869	0.510645	0.797395	0.657183	-0.000432
30758.000000	0.499869	0.510640	0.797401	0.657194	-0.000419
30759.000000	0.499873	0.510635	0.797397	0.657188	-0.000420
30760.000000	0.499867	0.510632	0.797396	0.657185	-0.000421
30761.000000	0.499862	0.510623	0.797398	0.657188	-0.000405
30762.000000	0.499859	0.510621	0.797404	0.657198	-0.000394
30763.000000	0.499858	0.510624	0.797410	0.657208	-0.000387
30764.000000	0.499856	0.510637	0.797413	0.657213	-0.000374
30765.000000	0.499860	0.510647	0.797409	0.657207	-0.000366
30766.000000	0.499860	0.510657	0.797408	0.657205	-0.000373
30767.000000	0.499861	0.510662	0.797411	0.657210	-0.000385
30768.000000	0.499860	0.510660	0.797415	0.657215	-0.000400
30769.000000	0.499860	0.510660	0.797413	0.657212	-0.000396
30770.000000	0.499855	0.510652	0.797412	0.657209	-0.000388
30771.000000	0.499855	0.510648	0.797416	0.657215	-0.000382
30772.000000	0.499864	0.510636	0.797419	0.657220	-0.000371
30773.000000	0.499859	0.510629	0.797419	0.657219	-0.000355
30774.000000	0.499857	0.510619	0.797422	0.657224	-0.000338
30775.000000	0.499861	0.510621	0.797425	0.657228	-0.000324
30776.000000	0.499864	0.510627	0.797421	0.657222	-0.000317
30777.000000	0.499864	0.510633	0.797424	0.657227	-0.000307
30778.000000	0.499875	0.510634	0.797425	0.657228	-0.000308
30779.000000	0.499883	0.510659	0.797422	0.657223	-0.000311
30780.000000	0.499887	0.510697	0.797423	0.657224	-0.000315
30781.000000	0.499889	0.510714	0.797426	0.657228	-0.000325
30782.000000	0.499892	0.510722	0.797426	0.657228	-0.000343
30783.000000	0.499894	0.510719	0.797425	0.657226	-0.000355
30784.000000	0.499889	0.510710	0.797419	0.657217	-0.000364
30785.000000	0.499888	0.510705	0.797416	0.657212	-0.000366
30786.000000	0.499901	0.510712	0.797414	0.657209	-0.000357
30787.000000	0.499903	0.510726	0.797417	0.657212	-0.000349
30788.000000	0.499903	0.510737	0.797418	0.657214	-0.000349
30789.000000	0.499905	0.510749	0.797417	0.657211	-0.000350
30790.000000	0.499904	0.510752	0.797417	0.657211	-0.000345
30791.000000	0.499905	0.510758	0.797416	0.657209	-0.000330
30792.000000	0.499905	0.510754	0.797414	0.657205	-0.000321
30793.000000	0.499902	0.510745	0.797408	0.657197	-0.000319
30794.000000	0.499901	0.510744	0.797402	0.657187	-0.000312
30795.000000	0.499902	0.510736	0.797394	0.657176	-0.000317
30796.000000	0.499901	0.510737	0.797392	0.657171	-0.000320
30797.000000	0.499896	0.510740	0.797393	0.657173	-0.000334
30798.000000	0.499891	0.510734	0.797392	0.657171	-0.000347
30799.000000	0.499887	0.510726	0.797387	0.657163	-0.000350
30800.000000	0.499889	0.510727	0.797382	0.657156	-0.000353
30801.000000	0.499887	0.510738	0.797378	0.657148	-0.000356
30802.000000	0.499889	0.510747	0.797374	0.657143	-0.000363
30803.000000	0.499893	0.510761	0.797371	0.657137	-0.000369
30804.000000	0.499896	0.510764	0.797364	0.657127	-0.000366
30805.000000	0.499891	0.510765	0.797364	0.657126	-0.000349
30806.000000	0.499886	0.510762	0.797365	0.657128	-0.000336
30807.000000	0.499880	0.510757	0.797360	0.657120	-0.000329
30808.000000	0.499882	0.510762	0.797352	0.657108	-0.000326
30809.000000	0.499879	0.510752	0.797348	0.657102	-0.000330
30810.000000	0.499885	0.510753	0.797352	0.657108	-0.000347
30811.000000	0.499877	0.510755	0.797359	0.657120	-0.000374
30812.000000	0.499877	0.510750	0.797365	0.657131	-0.000400
30813.000000	0.499871	0.510740	0.797365	0.657129	-0.000413
30814.000000	0.499870	0.510737	0.797367	0.657133	-0.000407
30815.000000	0.499878	0.510744	0.797365	0.657129	-0.000398
30816.000000	0.499884	0.510749	0.797361	0.657122	-0.000392
30817.000000	0.499901	0.510761	0.797356	0.657114	-0.000397
30818.000000	0.499905	0.510760	0.797355	0.657112	-0.000413
30819.000000	0.499901	0.510754	0.797358	0.657117	-0.000432
30820.000000	0.499897	0.510761	0.797353	0.657109	-0.000441
30821.000000	0.499901	0.510773	0.797351	0.657106	-0.000441
30822.000000	0.499915	0.510772	0.797351	0.657106	-0.000425
30823.000000	0.499913	0.510767	0.797345	0.657097	-0.000427
30824.000000	0.499911	0.510763	0.797343	0.657093	-0.000438
30825.000000	0.499911	0.510770	0.797344	0.657094	-0.000454
30826.000000	0.499912	0.510777	0.797343	0.657092	-0.000464
30827.000000	0.499911	0.510778	0.797346	0.657095	-0.000454
30828.000000	0.499913	0.510788	0.797350	0.657103	-0.000451
30829.000000	0.499915	0.510790	0.797352	0.657106	-0.000452
30830.000000	0.499923	0.510795	0.797355	0.657110	-0.000440
30831.000000	0.499921	0.510799	0.797349	0.657101	-0.000435
30832.000000	0.499922	0.510802	0.797345	0.657095	-0.000442
30833.000000	0.499919	0.510799	0.797342	0.657091	-0.000451
30834.000000	0.499916	0.510810	0.797340	0.657086	-0.000455
30835.000000	0.499926	0.510816	0.797338	0.657083	-0.000453
30836.000000	0.499928	0.510810	0.797336	0.657079	-0.000454
30837.000000	0.499933	0.510802	0.797335	0.657077	-0.000460
30838.000000	0.499929	0.510797	0.797338	0.657082	-0.000451
30839.000000	0.499923	0.510793	0.797341	0.657086	-0.000435
30840.000000	0.499919	0.510792	0.797341	0.657085	-0.000423
30841.000000	0.499926	0.510798	0.797344	0.657090	-0.000421
30842.000000	0.499931	0.510789	0.797348	0.657098	-0.000433
30843.000000	0.499934	0.510778	0.797347	0.657095	-0.000435
30844.000000	0.499929	0.510770	0.797349	0.657098	-0.000439
30845.000000	0.499940	0.510782	0.797356	0.657109	-0.000457
30846.000000	0.499945	0.510781	0.797350	0.657101	-0.000456
30847.000000	0.499946	0.510781	0.797352	0.657105	-0.000458
30848.000000	0.499950	0.510776	0.797352	0.657106	-0.000463
30849.000000	0.499950	0.510778	0.797352	0.657105	-0.000450
30850.000000	0.499952	0.510778	0.797352	0.657105	-0.000444
30851.000000	0.499948	0.510778	0.797352	0.657105	-0.000456
30852.000000	0.499948	0.510784	0.797356	0.657111	-0.000476
30853.000000	0.499955	0.510778	0.797355	0.657108	-0.000481
30854.000000	0.499959	0.510777	0.797353	0.657105	-0.000467
30855.000000	0.499955	0.510777	0.797354	0.657106	-0.000447
30856.000000	0.499951	0.510773	0.797357	0.657109	-0.000427
30857.000000	0.499952	0.510778	0.797362	0.657117	-0.000406
30858.000000	0.499946	0.510777	0.797363	0.657120	-0.000396
30859.000000	0.499951	0.510774	0.797360	0.657115	-0.000395
30860.000000	0.499950	0.510768	0.797355	0.657107	-0.000395
30861.000000	0.499944	0.510761	0.797357	0.657110	-0.000376
30862.000000	0.499949	0.510764	0.797359	0.657113	-0.000356
30863.000000	0.499956	0.510779	0.797358	0.657111	-0.000363
30864.000000	0.499962	0.510784	0.797355	0.657107	-0.000376
30865.000000	0.499963	0.510778	0.797357	0.657108	-0.000390
30866.000000	0.499966	0.510779	0.797357	0.657109	-0.000410
30867.000000	0.499964	0.510783	0.797351	0.657099	-0.000415
30868.000000	0.499964	0.510776	0.797351	0.657099	-0.000404
30869.000000	0.499958	0.510771	0.797354	0.657103	-0.000396
30870.000000	0.499960	0.510766	0.797359	0.657112	-0.000391
30871.000000	0.499961	0.510759	0.797361	0.657115	-0.000383
30872.000000	0.499960	0.510752	0.797363	0.657118	-0.000379
30873.000000	0.499957	0.510749	0.797368	0.657126	-0.000375
30874.000000	0.499949	0.510745	0.797366	0.657122	-0.000367
30875.000000	0.499950	0.510744	0.797365	0.657120	-0.000365
30876.000000	0.499949	0.510740	0.797365	0.657119	-0.000371
30877.000000	0.499948	0.510735	0.797359	0.657110	-0.000368
30878.000000	0.499950	0.510734	0.797359	0.657110	-0.000358
30879.000000	0.499954	0.510745	0.797366	0.657123	-0.000348
30880.000000	0.499956	0.510736	0.797364	0.657119	-0.000352
30881.000000	0.499950	0.510728	0.797364	0.657118	-0.000365
30882.000000	0.499943	0.510722	0.797364	0.657118	-0.000382
30883.000000	0.499944	0.510720	0.797367	0.657123	-0.000403
30884.000000	0.499948	0.510720	0.797371	0.657128	-0.000415
30885.000000	0.499946	0.510711	0.797367	0.657122	-0.000411
30886.000000	0.499940	0.510707	0.797369	0.657125	-0.000406
30887.000000	0.499938	0.510698	0.797372	0.657129	-0.000408
30888.000000	0.499934	0.510686	0.797381	0.657145	-0.000412
30889.000000	0.499936	0.510683	0.797382	0.657147	-0.000409
30890.000000	0.499947	0.510701	0.797383	0.657147	-0.000420
30891.000000	0.499950	0.510706	0.797387	0.657153	-0.000416
30892.000000	0.499946	0.510702	0.797394	0.657166	-0.000394
30893.000000	0.499942	0.510692	0.797392	0.657163	-0.000378
30894.000000	0.499935	0.510685	0.797388	0.657156	-0.000371
30895.000000	0.499937	0.510692	0.797382	0.657147	-0.000368
30896.000000	0.499937	0.510691	0.797380	0.657144	-0.000354
30897.000000	0.499934	0.510685	0.797388	0.657158	-0.000334
30898.000000	0.499937	0.510685	0.797393	0.657166	-0.000330
30899.000000	0.499929	0.510677	0.797390	0.657161	-0.000339
30900.000000	0.499928	0.510671	0.797385	0.657154	-0.000351
30901.000000	0.499925	0.510665	0.797377	0.657142	-0.000353
30902.000000	0.499917	0.510657	0.797371	0.657133	-0.000343
30903.000000	0.499919	0.510655	0.797366	0.657125	-0.000346
30904.000000	0.499914	0.510657	0.797371	0.657134	-0.000366
30905.000000	0.499913	0.510663	0.797370	0.657131	-0.000378
30906.000000	0.499914	0.510659	0.797367	0.657126	-0.000392
30907.000000	0.499912	0.510653	0.797364	0.657122	-0.000394
30908.000000	0.499908	0.510656	0.797367	0.657126	-0.000392
30909.000000	0.499915	0.510662	0.797367	0.657125	-0.000405
30910.000000	0.499917	0.510660	0.797368	0.657126	-0.000418
30911.000000	0.499914	0.510651	0.797368	0.657126	-0.000428
30912.000000	0.499911	0.510639	0.797369	0.657126	-0.000443
30913.000000	0.499910	0.510638	0.797372	0.657131	-0.000463
30914.000000	0.499913	0.510650	0.797371	0.657129	-0.000471
30915.000000	0.499908	0.510646	0.797371	0.657128	-0.000468
30916.000000	0.499906	0.510643	0.797373	0.657132	-0.000453
30917.000000	0.499900	0.510635	0.797378	0.657140	-0.000434
30918.000000	0.499904	0.510623	0.797378	0.657140	-0.000420
30919.000000	0.499903	0.510620	0.797375	0.657134	-0.000424
30920.000000	0.499895	0.510618	0.797372	0.657129	-0.000421
30921.000000	0.499890	0.510616	0.797369	0.657124	-0.000415
30922.000000	0.499888	0.510612	0.797369	0.657123	-0.000398
30923.000000	0.499887	0.510609	0.797367	0.657119	-0.000390
30924.000000	0.499890	0.510603	0.797368	0.657120	-0.000380
30925.000000	0.499889	0.510597	0.797367	0.657118	-0.000372
30926.000000	0.499891	0.510598	0.797363	0.657111	-0.000370
30927.000000	0.499894	0.510596	0.797359	0.657106	-0.000362
30928.000000	0.499888	0.510585	0.797358	0.657104	-0.000373
30929.000000	0.499888	0.510579	0.797358	0.657103	-0.000378
30930.000000	0.499884	0.510579	0.797350	0.657092	-0.000379
30931.000000	0.499879	0.510576	0.797345	0.657084	-0.000376
30932.000000	0.499874	0.510571	0.797347	0.657086	-0.000372
30933.000000	0.499870	0.510560	0.797351	0.657092	-0.000370
30934.000000	0.499865	0.510560	0.797355	0.657100	-0.000381
30935.000000	0.499864	0.510550	0.797356	0.657100	-0.000397
30936.000000	0.499864	0.510549	0.797355	0.657097	-0.000394
30937.000000	0.499864	0.510569	0.797362	0.657111	-0.000377
30938.000000	0.499874	0.510590	0.797369	0.657122	-0.000359
30939.000000	0.499879	0.510593	0.797367	0.657119	-0.000355
30940.000000	0.499887	0.510599	0.797366	0.657117	-0.000354
30941.000000	0.499894	0.510611	0.797368	0.657118	-0.000343
30942.000000	0.499905	0.510626	0.797364	0.657113	-0.000340
30943.000000	0.499908	0.510644	0.797366	0.657115	-0.000332
30944.000000	0.499919	0.510642	0.797363	0.657111	-0.000338
30945.000000	0.499925	0.510645	0.797366	0.657116	-0.000360
30946.000000	0.499921	0.510638	0.797365	0.657114	-0.000358
30947.000000	0.499916	0.510635	0.797364	0.657111	-0.000350
30948.000000	0.499917	0.510633	0.797361	0.657106	-0.000351
30949.000000	0.499914	0.510641	0.797358	0.657102	-0.000364
30950.000000	0.499907	0.510634	0.797360	0.657104	-0.000379
30951.000000	0.499902	0.510629	0.797366	0.657115	-0.000397
30952.000000	0.499893	0.510618	0.797371	0.657123	-0.000403
30953.000000	0.499888	0.510621	0.797372	0.657122	-0.000404
30954.000000	0.499900	0.510641	0.797369	0.657118	-0.000400
30955.000000	0.499904	0.510654	0.797369	0.657117	-0.000402
30956.000000	0.499909	0.510675	0.797376	0.657129	-0.000410
30957.000000	0.499909	0.510680	0.797371	0.657122	-0.000412
30958.000000	0.499904	0.510673	0.797368	0.657117	-0.000416
30959.000000	0.499900	0.510671	0.797368	0.657117	-0.000419
30960.000000	0.499898	0.510673	0.797369	0.657118	-0.000416
30961.000000	0.499900	0.510676	0.797372	0.657121	-0.000400
30962.000000	0.499906	0.510695	0.797381	0.657137	-0.000381
30963.000000	0.499913	0.510704	0.797384	0.657142	-0.000365
30964.000000	0.499918	0.510707	0.797393	0.657158	-0.000353
30965.000000	0.499916	0.510699	0.797399	0.657169	-0.000344
30966.000000	0.499909	0.510691	0.797398	0.657168	-0.000332
30967.000000	0.499911	0.510692	0.797392	0.657158	-0.000324
30968.000000	0.499915	0.510703	0.797393	0.657161	-0.000335
30969.000000	0.499925	0.510709	0.797400	0.657173	-0.000343
30970.000000	0.499924	0.510698	0.797398	0.657169	-0.000330
30971.000000	0.499924	0.510692	0.797402	0.657175	-0.000320
30972.000000	0.499918	0.510683	0.797405	0.657181	-0.000311
30973.000000	0.499917	0.510673	0.797408	0.657185	-0.000298
30974.000000	0.499923	0.510668	0.797410	0.657188	-0.000283
30975.000000	0.499925	0.510668	0.797410	0.657187	-0.000282
30976.000000	0.499932	0.510670	0.797411	0.657187	-0.000291
30977.000000	0.499936	0.510682	0.797413	0.657190	-0.000309
30978.000000	0.499933	0.510686	0.797411	0.657187	-0.000318
30979.000000	0.499929	0.510683	0.797415	0.657193	-0.000333
30980.000000	0.499932	0.510681	0.797419	0.657199	-0.000335
30981.000000	0.499929	0.510677	0.797422	0.657205	-0.000321
30982.000000	0.499923	0.510673	0.797421	0.657202	-0.000309
30983.000000	0.499919	0.510668	0.797419	0.657199	-0.000303
30984.000000	0.499917	0.510666	0.797421	0.657201	-0.000296
30985.000000	0.499919	0.510677	0.797426	0.657210	-0.000284
30986.000000	0.499918	0.510676	0.797431	0.657219	-0.000286
30987.000000	0.499922	0.510670	0.797428	0.657212	-0.000286
30988.000000	0.499922	0.510667	0.797430	0.657215	-0.000269
30989.000000	0.499920	0.510666	0.797431	0.657216	-0.000256
30990.000000	0.499923	0.510666	0.797427	0.657210	-0.000258
30991.000000	0.499919	0.510664	0.797431	0.657216	-0.000282
30992.000000	0.499913	0.510657	0.797438	0.657228	-0.000306
30993.000000	0.499908	0.510645	0.797444	0.657239	-0.000318
30994.000000	0.499917	0.510638	0.797446	0.657242	-0.000307
30995.000000	0.499925	0.510644	0.797447	0.657244	-0.000301
30996.000000	0.499934	0.510657	0.797456	0.657259	-0.000316
30997.000000	0.499938	0.510670	0.797459	0.657263	-0.000334
30998.000000	0.499942	0.510686	0.797457	0.657259	-0.000342
30999.000000	0.499945	0.510696	0.797455	0.657257	-0.000346
31000.000000	0.499954	0.510720	0.797460	0.657265	-0.000360
31001.000000	0.499948	0.510721	0.797461	0.657266	-0.000373
31002.000000	0.499950	0.510738	0.797456	0.657259	-0.000376
31003.000000	0.499947	0.510736	0.797455	0.657256	-0.000360
31004.000000	0.499947	0.510737	0.797458	0.657261	-0.000342
31005.000000	0.499941	0.510731	0.797455	0.657256	-0.000333
31006.000000	0.499943	0.510735	0.797453	0.657253	-0.000325
31007.000000	0.499934	0.510730	0.797450	0.657248	-0.000324
31008.000000	0.499926	0.510723	0.797447	0.657243	-0.000326
31009.000000	0.499923	0.510719	0.797446	0.657241	-0.000326
31010.000000	0.499929	0.510720	0.797449	0.657245	-0.000332
31011.000000	0.499930	0.510710	0.797445	0.657238	-0.000343
31012.000000	0.499923	0.510701	0.797443	0.657235	-0.000346
31013.000000	0.499916	0.510691	0.797444	0.657235	-0.000338
31014.000000	0.499914	0.510685	0.797441	0.657230	-0.000343
31015.000000	0.499920	0.510689	0.797443	0.657234	-0.000354
31016.000000	0.499922	0.510700	0.797444	0.657234	-0.000359
31017.000000	0.499927	0.510707	0.797449	0.657242	-0.000348
31018.000000	0.499931	0.510705	0.797446	0.657238	-0.000335
31019.000000	0.499932	0.510705	0.797438	0.657227	-0.000336
31020.000000	0.499934	0.510718	0.797436	0.657223	-0.000347
31021.000000	0.499944	0.510716	0.797436	0.657222	-0.000351
31022.000000	0.499948	0.510713	0.797432	0.657215	-0.000342
31023.000000	0.499941	0.510710	0.797426	0.657206	-0.000341
31024.000000	0.499941	0.510711	0.797420	0.657197	-0.000337
31025.000000	0.499944	0.510719	0.797423	0.657201	-0.000335
31026.000000	0.499946	0.510714	0.797419	0.657196	-0.000336
31027.000000	0.499959	0.510726	0.797416	0.657191	-0.000344
31028.000000	0.499965	0.510732	0.797411	0.657183	-0.000351
31029.000000	0.499969	0.510745	0.797409	0.657180	-0.000360
31030.000000	0.499980	0.510759	0.797403	0.657171	-0.000355
31031.000000	0.499989	0.510781	0.797409	0.657182	-0.000337
31032.000000	0.499995	0.510796	0.797407	0.657178	-0.000339
31033.000000	0.499989	0.510791	0.797401	0.657169	-0.000340
31034.000000	0.499985	0.510783	0.797397	0.657162	-0.000338
31035.000000	0.499980	0.510779	0.797401	0.657169	-0.000328
31036.000000	0.499982	0.510780	0.797406	0.657176	-0.000315
31037.000000	0.499988	0.510794	0.797409	0.657180	-0.000298
31038.000000	0.499988	0.510809	0.797409	0.657181	-0.000286
31039.000000	0.499990	0.510806	0.797410	0.657182	-0.000266
31040.000000	0.499986	0.510794	0.797411	0.657183	-0.000249
31041.000000	0.499983	0.510786	0.797414	0.657187	-0.000233
31042.000000	0.499989	0.510790	0.797417	0.657191	-0.000214
31043.000000	0.499988	0.510785	0.797412	0.657184	-0.000204
31044.000000	0.499989	0.510777	0.797405	0.657174	-0.000205
31045.000000	0.499996	0.510790	0.797407	0.657176	-0.000223
31046.000000	0.499994	0.510803	0.797407	0.657176	-0.000239
31047.000000	0.499998	0.510800	0.797399	0.657165	-0.000247
31048.000000	0.499993	0.510799	0.797392	0.657154	-0.000248
31049.000000	0.499984	0.510790	0.797387	0.657146	-0.000252
31050.000000	0.499978	0.510778	0.797383	0.657140	-0.000267
31051.000000	0.499973	0.510768	0.797386	0.657144	-0.000280
31052.000000	0.499974	0.510760	0.797387	0.657145	-0.000281
31053.000000	0.499972	0.510752	0.797383	0.657139	-0.000271
31054.000000	0.499976	0.510749	0.797384	0.657141	-0.000275
31055.000000	0.499977	0.510761	0.797389	0.657149	-0.000289
31056.000000	0.499972	0.510758	0.797392	0.657154	-0.000298
31057.000000	0.499970	0.510771	0.797390	0.657149	-0.000303
31058.000000	0.499966	0.510776	0.797386	0.657143	-0.000310
31059.000000	0.499963	0.510766	0.797385	0.657140	-0.000320
31060.000000	0.499955	0.510756	0.797390	0.657149	-0.000323
31061.000000	0.499959	0.510755	0.797395	0.657157	-0.000323
31062.000000	0.499961	0.510763	0.797390	0.657150	-0.000320
31063.000000	0.499978	0.510769	0.797391	0.657151	-0.000313
31064.000000	0.499984	0.510783	0.797396	0.657160	-0.000318
31065.000000	0.499987	0.510795	0.797403	0.657172	-0.000319
31066.000000	0.499988	0.510789	0.797405	0.657175	-0.000314
31067.000000	0.499985	0.510787	0.797405	0.657175	-0.000298
31068.000000	0.499980	0.510784	0.797405	0.657175	-0.000278
31069.000000	0.499976	0.510788	0.797402	0.657169	-0.000264
31070.000000	0.499971	0.510787	0.797401	0.657166	-0.000259
31071.000000	0.499966	0.510780	0.797399	0.657163	-0.000253
31072.000000	0.499958	0.510769	0.797394	0.657155	-0.000253
31073.000000	0.499954	0.510760	0.797389	0.657147	-0.000246
31074.000000	0.499959	0.510768	0.797389	0.657147	-0.000236
31075.000000	0.499967	0.510791	0.797391	0.657150	-0.000229
31076.000000	0.499972	0.510797	0.797392	0.657151	-0.000212
31077.000000	0.499968	0.510792	0.797397	0.657159	-0.000189
31078.000000	0.499967	0.510792	0.797395	0.657156	-0.000181
31079.000000	0.499966	0.510798	0.797395	0.657154	-0.000184
31080.000000	0.499969	0.510800	0.797397	0.657158	-0.000192
31081.000000	0.499971	0.510796	0.797395	0.657154	-0.000181
31082.000000	0.499966	0.510787	0.797395	0.657153	-0.000168
31083.000000	0.499961	0.510780	0.797397	0.657156	-0.000155
31084.000000	0.499959	0.510777	0.797399	0.657159	-0.000139
31085.000000	0.499959	0.510783	0.797403	0.657165	-0.000127
31086.000000	0.499957	0.510781	0.797401	0.657162	-0.000123
31087.000000	0.499952	0.510771	0.797395	0.657153	-0.000119
31088.000000	0.499943	0.510758	0.797392	0.657148	-0.000111
31089.000000	0.499939	0.510752	0.797387	0.657140	-0.000112
31090.000000	0.499937	0.510754	0.797386	0.657138	-0.000117
31091.000000	0.499938	0.510756	0.797386	0.657137	-0.000114
31092.000000	0.499943	0.510765	0.797393	0.657150	-0.000105
31093.000000	0.499945	0.510763	0.797390	0.657144	-0.000097
31094.000000	0.499950	0.510762	0.797387	0.657139	-0.000102
31095.000000	0.499957	0.510769	0.797385	0.657136	-0.000101
31096.000000	0.499956	0.510770	0.797390	0.657145	-0.000091
31097.000000	0.499955	0.510767	0.797393	0.657149	-0.000085
31098.000000	0.499951	0.510760	0.797400	0.657160	-0.000079
31099.000000	0.499945	0.510752	0.797405	0.657168	-0.000068
31100.000000	0.499938	0.510742	0.797408	0.657173	-0.000062
31101.000000	0.499936	0.510740	0.797411	0.657178	-0.000051
31102.000000	0.499937	0.510749	0.797407	0.657170	-0.000045
31103.000000	0.499938	0.510752	0.797410	0.657176	-0.000032
31104.000000	0.499936	0.510758	0.797416	0.657185	-0.000022
31105.000000	0.499941	0.510763	0.797421	0.657195	-0.000021
31106.000000	0.499945	0.510769	0.797425	0.657200	-0.000040
31107.000000	0.499948	0.510784	0.797425	0.657201	-0.000054
31108.000000	0.499947	0.510787	0.797425	0.657200	-0.000055
31109.000000	0.499954	0.510786	0.797427	0.657203	-0.000051
31110.000000	0.499951	0.510783	0.797424	0.657197	-0.000044
31111.000000	0.499950	0.510780	0.797424	0.657197	-0.000049
31112.000000	0.499946	0.510772	0.797425	0.657198	-0.000062
31113.000000	0.499947	0.510768	0.797427	0.657200	-0.000073
31114.000000	0.499949	0.510770	0.797424	0.657195	-0.000082
31115.000000	0.499946	0.510761	0.797424	0.657196	-0.000099
31116.000000	0.499947	0.510757	0.797422	0.657191	-0.000111
31117.000000	0.499945	0.510754	0.797418	0.657186	-0.000106
31118.000000	0.499941	0.510747	0.797419	0.657186	-0.000091
31119.000000	0.499941	0.510746	0.797423	0.657192	-0.000072
31120.000000	0.499946	0.510740	0.797426	0.657196	-0.000054
31121.000000	0.499952	0.510737	0.797428	0.657199	-0.000042
31122.000000	0.499965	0.510737	0.797427	0.657197	-0.000032
31123.000000	0.499962	0.510723	0.797424	0.657193	-0.000031
31124.000000	0.499958	0.510718	0.797426	0.657194	-0.000039
31125.000000	0.499962	0.510723	0.797429	0.657200	-0.000044
31126.000000	0.499964	0.510723	0.797421	0.657189	-0.000053
31127.000000	0.499966	0.510727	0.797419	0.657185	-0.000056
31128.000000	0.499970	0.510721	0.797418	0.657184	-0.000057
31129.000000	0.499972	0.510715	0.797415	0.657179	-0.000057
31130.000000	0.499978	0.510703	0.797419	0.657184	-0.000049
31131.000000	0.499979	0.510697	0.797422	0.657189	-0.000045
31132.000000	0.499974	0.510688	0.797417	0.657182	-0.000035
31133.000000	0.499972	0.510682	0.797419	0.657184	-0.000017
31134.000000	0.499976	0.510679	0.797426	0.657196	0.000004
31135.000000	0.499979	0.510672	0.797425	0.657194	0.000008
31136.000000	0.499971	0.510662	0.797430	0.657202	-0.000009
31137.000000	0.499967	0.510658	0.797436	0.657214	-0.000035
31138.000000	0.499963	0.510649	0.797437	0.657214	-0.000047
31139.000000	0.499965	0.510647	0.797441	0.657220	-0.000041
31140.000000	0.499961	0.510636	0.797443	0.657223	-0.000032
31141.000000	0.499957	0.510628	0.797437	0.657215	-0.000025
31142.000000	0.499951	0.510627	0.797440	0.657218	-0.000013
31143.000000	0.499950	0.510624	0.797448	0.657233	0.000011
31144.000000	0.499949	0.510617	0.797453	0.657240	0.000033
31145.000000	0.499949	0.510615	0.797459	0.657252	0.000039
31146.000000	0.499954	0.510622	0.797460	0.657252	0.000033
31147.000000	0.499952	0.510622	0.797453	0.657242	0.000033
31148.000000	0.499948	0.510615	0.797450	0.657237	0.000041
31149.000000	0.499952	0.510616	0.797452	0.657241	0.000049
31150.000000	0.499952	0.510611	0.797449	0.657236	0.000043
31151.000000	0.499946	0.510601	0.797448	0.657233	0.000029
31152.000000	0.499939	0.510595	0.797443	0.657225	0.000018
31153.000000	0.499936	0.510586	0.797440	0.657221	0.000024
31154.000000	0.499936	0.510580	0.797449	0.657237	0.000046
31155.000000	0.499937	0.510582	0.797449	0.657237	0.000055
31156.000000	0.499938	0.510588	0.797446	0.657232	0.000050
31157.000000	0.499938	0.510585	0.797446	0.657230	0.000042
31158.000000	0.499934	0.510578	0.797443	0.657225	0.000048
31159.000000	0.499935	0.510574	0.797450	0.657237	0.000069
31160.000000	0.499930	0.510572	0.797450	0.657238	0.000087
31161.000000	0.499926	0.510579	0.797447	0.657232	0.000102
31162.000000	0.499924	0.510575	0.797447	0.657232	0.000118
31163.000000	0.499926	0.510575	0.797456	0.657247	0.000133
31164.000000	0.499930	0.510569	0.797456	0.657248	0.000136
31165.000000	0.499921	0.510557	0.797450	0.657238	0.000132
31166.000000	0.499913	0.510544	0.797445	0.657231	0.000126
31167.000000	0.499907	0.510537	0.797444	0.657230	0.000120
31168.000000	0.499902	0.510530	0.797450	0.657239	0.000108
31169.000000	0.499894	0.510521	0.797448	0.657236	0.000101
31170.000000	0.499891	0.510518	0.797443	0.657228	0.000094
31171.000000	0.499891	0.510523	0.797437	0.657218	0.000090
31172.000000	0.499889	0.510531	0.797434	0.657214	0.000087
31173.000000	0.499893	0.510533	0.797433	0.657212	0.000083
31174.000000	0.499889	0.510535	0.797428	0.657204	0.000091
31175.000000	0.499889	0.510540	0.797428	0.657203	0.000101
31176.000000	0.499892	0.510543	0.797426	0.657200	0.000095
31177.000000	0.499886	0.510541	0.797422	0.657193	0.000081
31178.000000	0.499884	0.510536	0.797418	0.657187	0.000073
31179.000000	0.499883	0.510528	0.797419	0.657188	0.000071
31180.000000	0.499878	0.510521	0.797425	0.657197	0.000079
31181.000000	0.499879	0.510519	0.797426	0.657200	0.000078
31182.000000	0.499877	0.510523	0.797423	0.657194	0.000071
31183.000000	0.499872	0.510520	0.797418	0.657187	0.000078
31184.000000	0.499871	0.510517	0.797417	0.657184	0.000088
31185.000000	0.499870	0.510511	0.797422	0.657192	0.000102
31186.000000	0.499865	0.510506	0.797421	0.657191	0.000118
31187.000000	0.499863	0.510497	0.797420	0.657188	0.000132
31188.000000	0.499857	0.510495	0.797417	0.657182	0.000141
31189.000000	0.499862	0.510501	0.797413	0.657176	0.000144
31190.000000	0.499861	0.510496	0.797411	0.657172	0.000135
31191.000000	0.499861	0.510488	0.797414	0.657178	0.000114
31192.000000	0.499859	0.510485	0.797415	0.657179	0.000099
31193.000000	0.499855	0.510486	0.797418	0.657184	0.000086
31194.000000	0.499847	0.510482	0.797426	0.657198	0.000072
31195.000000	0.499845	0.510481	0.797427	0.657199	0.000058
31196.000000	0.499842	0.510475	0.797425	0.657194	0.000057
31197.000000	0.499839	0.510463	0.797427	0.657198	0.000053
31198.000000	0.499831	0.510453	0.797432	0.657207	0.000056
31199.000000	0.499834	0.510460	0.797432	0.657205	0.000063
31200.000000	0.499831	0.510457	0.797440	0.657219	0.000075
31201.000000	0.499822	0.510445	0.797444	0.657226	0.000087
31202.000000	0.499814	0.510439	0.797447	0.657230	0.000094
31203.000000	0.499816	0.510457	0.797450	0.657236	0.000098
31204.000000	0.499819	0.510473	0.797460	0.657254	0.000095
31205.000000	0.499818	0.510480	0.797459	0.657252	0.000094
31206.000000	0.499821	0.510495	0.797463	0.657257	0.000112
31207.000000	0.499820	0.510487	0.797467	0.657265	0.000134
31208.000000	0.499814	0.510486	0.797463	0.657258	0.000142
31209.000000	0.499812	0.510486	0.797459	0.657251	0.000142
31210.000000	0.499806	0.510486	0.797459	0.657250	0.000146
31211.000000	0.499803	0.510486	0.797463	0.657257	0.000165
31212.000000	0.499799	0.510486	0.797466	0.657262	0.000186
31213.000000	0.499800	0.510495	0.797466	0.657262	0.000200
31214.000000	0.499797	0.510485	0.797462	0.657256	0.000208
31215.000000	0.499791	0.510476	0.797465	0.657260	0.000206
31216.000000	0.499784	0.510471	0.797473	0.657275	0.000200
31217.000000	0.499779	0.510466	0.797477	0.657281	0.000200
31218.000000	0.499773	0.510457	0.797481	0.657286	0.000200
31219.000000	0.499774	0.510453	0.797480	0.657285	0.000214
31220.000000	0.499765	0.510448	0.797483	0.657290	0.000231
31221.000000	0.499756	0.510440	0.797492	0.657306	0.000244
31222.000000	0.499754	0.510435	0.797490	0.657303	0.000253
31223.000000	0.499753	0.510433	0.797489	0.657301	0.000243
31224.000000	0.499760	0.510440	0.797495	0.657311	0.000226
31225.000000	0.499765	0.510433	0.797495	0.657310	0.000215
31226.000000	0.499765	0.510426	0.797499	0.657316	0.000212
31227.000000	0.499770	0.510431	0.797500	0.657320	0.000215
31228.000000	0.499774	0.510434	0.797494	0.657311	0.000211
31229.000000	0.499782	0.510440	0.797499	0.657319	0.000210
31230.000000	0.499790	0.510443	0.797505	0.657330	0.000229
31231.000000	0.499800	0.510450	0.797510	0.657338	0.000246
31232.000000	0.499807	0.510452	0.797512	0.657340	0.000237
31233.000000	0.499805	0.510443	0.797514	0.657344	0.000221
31234.000000	0.499803	0.510442	0.797509	0.657336	0.000217
31235.000000	0.499799	0.510435	0.797505	0.657329	0.000219
31236.000000	0.499797	0.510425	0.797502	0.657324	0.000222
31237.000000	0.499803	0.510420	0.797501	0.657322	0.000226
31238.000000	0.499810	0.510422	0.797500	0.657319	0.000215
31239.000000	0.499812	0.510417	0.797503	0.657325	0.000201
31240.000000	0.499816	0.510409	0.797503	0.657323	0.000201
31241.000000	0.499812	0.510400	0.797508	0.657332	0.000194
31242.000000	0.499806	0.510390	0.797512	0.657338	0.000178
31243.000000	0.499806	0.510396	0.797518	0.657347	0.000166
31244.000000	0.499801	0.510390	0.797524	0.657358	0.000164
31245.000000	0.499799	0.510380	0.797526	0.657360	0.000168
31246.000000	0.499796	0.510373	0.797532	0.657372	0.000192
31247.000000	0.499799	0.510381	0.797540	0.657386	0.000219
31248.000000	0.499820	0.510397	0.797547	0.657399	0.000211
31249.000000	0.499832	0.510400	0.797554	0.657411	0.000187
31250.000000	0.499830	0.510395	0.797562	0.657425	0.000182
31251.000000	0.499851	0.510402	0.797565	0.657430	0.000195
31252.000000	0.499854	0.510398	0.797566	0.657431	0.000192
31253.000000	0.499850	0.510391	0.797570	0.657437	0.000181
31254.000000	0.499847	0.510393	0.797575	0.657446	0.000170
31255.000000	0.499845	0.510404	0.797579	0.657451	0.000162
31256.000000	0.499848	0.510408	0.797577	0.657448	0.000170
31257.000000	0.499846	0.510403	0.797576	0.657445	0.000182
31258.000000	0.499847	0.510397	0.797568	0.657434	0.000177
31259.000000	0.499847	0.510390	0.797561	0.657424	0.000175
31260.000000	0.499850	0.510395	0.797554	0.657414	0.000180
31261.000000	0.499849	0.510397	0.797548	0.657405	0.000183
31262.000000	0.499851	0.510389	0.797545	0.657400	0.000183
31263.000000	0.499853	0.510384	0.797547	0.657401	0.000191
31264.000000	0.499850	0.510379	0.797547	0.657401	0.000204
31265.000000	0.499846	0.510369	0.797553	0.657411	0.000210
31266.000000	0.499836	0.510361	0.797560	0.657424	0.000209
31267.000000	0.499837	0.510370	0.797563	0.657428	0.000209
31268.000000	0.499832	0.510373	0.797561	0.657425	0.000207
31269.000000	0.499829	0.510377	0.797560	0.657423	0.000195
31270.000000	0.499831	0.510372	0.797559	0.657421	0.000180
31271.000000	0.499835	0.510383	0.797559	0.657420	0.000176
31272.000000	0.499832	0.510395	0.797560	0.657421	0.000182
31273.000000	0.499828	0.510401	0.797559	0.657419	0.000193
31274.000000	0.499825	0.510395	0.797553	0.657410	0.000191
31275.000000	0.499816	0.510385	0.797549	0.657404	0.000182
31276.000000	0.499813	0.510375	0.797552	0.657409	0.000160
31277.000000	0.499821	0.510382	0.797552	0.657408	0.000148
31278.000000	0.499826	0.510390	0.797547	0.657400	0.000152
31279.000000	0.499828	0.510408	0.797552	0.657409	0.000164
31280.000000	0.499833	0.510437	0.797553	0.657411	0.000175
31281.000000	0.499836	0.510451	0.797550	0.657406	0.000176
31282.000000	0.499841	0.510459	0.797554	0.657412	0.000164
31283.000000	0.499854	0.510477	0.797554	0.657411	0.000160
31284.000000	0.499861	0.510487	0.797560	0.657422	0.000165
31285.000000	0.499864	0.510505	0.797565	0.657431	0.000178
31286.000000	0.499864	0.510510	0.797562	0.657426	0.000185
31287.000000	0.499870	0.510540	0.797565	0.657430	0.000193
31288.000000	0.499879	0.510565	0.797563	0.657427	0.000197
31289.000000	0.499884	0.510588	0.797567	0.657432	0.000216
31290.000000	0.499893	0.510601	0.797565	0.657428	0.000219
31291.000000	0.499898	0.510608	0.797561	0.657423	0.000209
31292.000000	0.499902	0.510611	0.797568	0.657434	0.000208
31293.000000	0.499901	0.510622	0.797574	0.657445	0.000205
31294.000000	0.499901	0.510624	0.797575	0.657445	0.000202
31295.000000	0.499897	0.510617	0.797574	0.657443	0.000190
31296.000000	0.499897	0.510611	0.797579	0.657452	0.000171
31297.000000	0.499897	0.510615	0.797574	0.657444	0.000172
31298.000000	0.499900	0.510626	0.797572	0.657441	0.000179
31299.000000	0.499900	0.510626	0.797572	0.657440	0.000198
31300.000000	0.499896	0.510622	0.797566	0.657431	0.000196
31301.000000	0.499896	0.510624	0.797560	0.657422	0.000194
31302.000000	0.499897	0.510627	0.797556	0.657416	0.000189
31303.000000	0.499899	0.510627	0.797560	0.657422	0.000191
31304.000000	0.499897	0.510622	0.797559	0.657420	0.000205
31305.000000	0.499889	0.510620	0.797561	0.657421	0.000223
31306.000000	0.499889	0.510624	0.797558	0.657417	0.000234
31307.000000	0.499885	0.510621	0.797557	0.657415	0.000235
31308.000000	0.499879	0.510613	0.797565	0.657428	0.000219
31309.000000	0.499871	0.510614	0.797571	0.657440	0.000200
31310.000000	0.499869	0.510611	0.797577	0.657449	0.000181
31311.000000	0.499869	0.510608	0.797575	0.657447	0.000170
31312.000000	0.499872	0.510606	0.797573	0.657443	0.000183
31313.000000	0.499876	0.510624	0.797577	0.657450	0.000205
31314.000000	0.499880	0.510635	0.797574	0.657445	0.000216
31315.000000	0.499882	0.510630	0.797569	0.657437	0.000220
31316.000000	0.499881	0.510633	0.797566	0.657431	0.000221
31317.000000	0.499877	0.510639	0.797565	0.657430	0.000212
31318.000000	0.499876	0.510645	0.797560	0.657423	0.000207
31319.000000	0.499879	0.510661	0.797558	0.657419	0.000222
31320.000000	0.499877	0.510663	0.797560	0.657421	0.000237
31321.000000	0.499877	0.510675	0.797557	0.657417	0.000247
31322.000000	0.499877	0.510676	0.797552	0.657408	0.000252
31323.000000	0.499878	0.510672	0.797548	0.657402	0.000265
31324.000000	0.499873	0.510664	0.797548	0.657402	0.000269
31325.000000	0.499871	0.510658	0.797547	0.657400	0.000259
31326.000000	0.499871	0.510653	0.797554	0.657412	0.000242
31327.000000	0.499865	0.510643	0.797554	0.657411	0.000234
31328.000000	0.499870	0.510643	0.797554	0.657411	0.000241
31329.000000	0.499882	0.510680	0.797550	0.657405	0.000255
31330.000000	0.499892	0.510706	0.797547	0.657399	0.000263
31331.000000	0.499903	0.510732	0.797545	0.657395	0.000262
31332.000000	0.499905	0.510734	0.797550	0.657404	0.000273
31333.000000	0.499906	0.510747	0.797556	0.657414	0.000287
31334.000000	0.499906	0.510754	0.797563	0.657426	0.000292
31335.000000	0.499911	0.510761	0.797572	0.657442	0.000278
31336.000000	0.499915	0.510773	0.797572	0.657442	0.000272
31337.000000	0.499916	0.510784	0.797565	0.657432	0.000277
31338.000000	0.499927	0.510798	0.797564	0.657431	0.000285
31339.000000	0.499935	0.510801	0.797561	0.657425	0.000287
31340.000000	0.499944	0.510804	0.797564	0.657429	0.000293
31341.000000	0.499955	0.510802	0.797563	0.657427	0.000302
31342.000000	0.499956	0.510807	0.797561	0.657424	0.000302
31343.000000	0.499962	0.510814	0.797566	0.657432	0.000282
31344.000000	0.499960	0.510817	0.797564	0.657429	0.000266
31345.000000	0.499963	0.510820	0.797567	0.657434	0.000257
31346.000000	0.499961	0.510820	0.797569	0.657436	0.000262
31347.000000	0.499956	0.510812	0.797571	0.657438	0.000271
31348.000000	0.499952	0.510803	0.797572	0.657440	0.000282
31349.000000	0.499945	0.510798	0.797573	0.657442	0.000290
31350.000000	0.499941	0.510797	0.797570	0.657437	0.000292
31351.000000	0.499939	0.510797	0.797563	0.657426	0.000288
31352.000000	0.499934	0.510796	0.797561	0.657422	0.000295
31353.000000	0.499932	0.510792	0.797560	0.657420	0.000299
31354.000000	0.499928	0.510784	0.797557	0.657415	0.000300
31355.000000	0.499932	0.510772	0.797552	0.657407	0.000303
31356.000000	0.499931	0.510769	0.797548	0.657401	0.000311
31357.000000	0.499936	0.510760	0.797547	0.657398	0.000319
31358.000000	0.499936	0.510753	0.797544	0.657393	0.000327
31359.000000	0.499940	0.510756	0.797542	0.657390	0.000320
31360.000000	0.499946	0.510764	0.797549	0.657401	0.000296
31361.000000	0.499942	0.510760	0.797546	0.657397	0.000284
31362.000000	0.499946	0.510769	0.797545	0.657395	0.000286
31363.000000	0.499947	0.510770	0.797548	0.657399	0.000288
31364.000000	0.499949	0.510774	0.797553	0.657408	0.000267
31365.000000	0.499950	0.510776	0.797560	0.657420	0.000246
31366.000000	0.499956	0.510779	0.797561	0.657422	0.000239
31367.000000	0.499952	0.510774	0.797556	0.657413	0.000243
31368.000000	0.499952	0.510773	0.797552	0.657407	0.000252
31369.000000	0.499954	0.510779	0.797558	0.657418	0.000276
31370.000000	0.499962	0.510789	0.797558	0.657417	0.000286
31371.000000	0.499965	0.510795	0.797554	0.657411	0.000284
31372.000000	0.499976	0.510797	0.797552	0.657407	0.000285
31373.000000	0.499985	0.510803	0.797561	0.657424	0.000281
31374.000000	0.499985	0.510803	0.797563	0.657426	0.000272
31375.000000	0.499985	0.510793	0.797556	0.657416	0.000262
31376.000000	0.499981	0.510794	0.797550	0.657407	0.000257
31377.000000	0.499974	0.510784	0.797548	0.657403	0.000254
31378.000000	0.499969	0.510785	0.797544	0.657396	0.000252
31379.000000	0.499978	0.510805	0.797537	0.657386	0.000250
31380.000000	0.499999	0.510848	0.797532	0.657379	0.000238
31381.000000	0.500003	0.510874	0.797528	0.657373	0.000228
31382.000000	0.500006	0.510883	0.797531	0.657377	0.000215
31383.000000	0.500005	0.510893	0.797532	0.657378	0.000205
31384.000000	0.500013	0.510910	0.797526	0.657369	0.000205
31385.000000	0.500022	0.510920	0.797524	0.657365	0.000200
31386.000000	0.500026	0.510932	0.797518	0.657356	0.000193
31387.000000	0.500028	0.510943	0.797518	0.657356	0.000205
31388.000000	0.500033	0.510949	0.797518	0.657356	0.000216
31389.000000	0.500034	0.510942	0.797513	0.657348	0.000227
31390.000000	0.500034	0.510938	0.797514	0.657350	0.000238
31391.000000	0.500041	0.510931	0.797511	0.657344	0.000238
31392.000000	0.500041	0.510919	0.797513	0.657347	0.000235
31393.000000	0.500034	0.510912	0.797518	0.657355	0.000233
31394.000000	0.500029	0.510913	0.797522	0.657362	0.000226
31395.000000	0.500026	0.510915	0.797528	0.657372	0.000205
31396.000000	0.500025	0.510913	0.797531	0.657377	0.000186
31397.000000	0.500018	0.510904	0.797525	0.657367	0.000182
31398.000000	0.500020	0.510897	0.797523	0.657364	0.000172
31399.000000	0.500040	0.510895	0.797524	0.657366	0.000160
31400.000000	0.500044	0.510905	0.797529	0.657375	0.000168
31401.000000	0.500045	0.510909	0.797525	0.657368	0.000167
31402.000000	0.500045	0.510908	0.797523	0.657364	0.000158
31403.000000	0.500042	0.510904	0.797525	0.657367	0.000138
31404.000000	0.500038	0.510903	0.797527	0.657371	0.000122
31405.000000	0.500034	0.510899	0.797532	0.657378	0.000100
31406.000000	0.500036	0.510895	0.797537	0.657386	0.000084
31407.000000	0.500033	0.510895	0.797541	0.657392	0.000073
31408.000000	0.500028	0.510895	0.797542	0.657394	0.000059
31409.000000	0.500020	0.510887	0.797545	0.657397	0.000046
31410.000000	0.500027	0.510881	0.797541	0.657391	0.000052
31411.000000	0.500032	0.510872	0.797539	0.657387	0.000062
31412.000000	0.500028	0.510867	0.797536	0.657382	0.000057
31413.000000	0.500022	0.510861	0.797529	0.657372	0.000057
31414.000000	0.500018	0.510854	0.797524	0.657364	0.000055
31415.000000	0.500017	0.510858	0.797519	0.657357	0.000054
31416.000000	0.500016	0.510858	0.797515	0.657350	0.000062
31417.000000	0.500019	0.510858	0.797511	0.657344	0.000056
31418.000000	0.500015	0.510859	0.797504	0.657334	0.000053
31419.000000	0.500016	0.510858	0.797501	0.657328	0.000057
31420.000000	0.500017	0.510856	0.797503	0.657332	0.000057
31421.000000	0.500023	0.510866	0.797500	0.657327	0.000057
31422.000000	0.500020	0.510870	0.797498	0.657323	0.000056
31423.000000	0.500021	0.510871	0.797501	0.657327	0.000055
31424.000000	0.500016	0.510865	0.797500	0.657325	0.000056
31425.000000	0.500015	0.510862	0.797498	0.657322	0.000062
31426.000000	0.500013	0.510853	0.797498	0.657321	0.000070
31427.000000	0.500015	0.510856	0.797506	0.657334	0.000085
31428.000000	0.500018	0.510858	0.797504	0.657331	0.000094
31429.000000	0.500013	0.510862	0.797505	0.657332	0.000096
31430.000000	0.500011	0.510866	0.797509	0.657339	0.000105
31431.000000	0.500020	0.510873	0.797513	0.657345	0.000124
31432.000000	0.500024	0.510873	0.797520	0.657357	0.000142
31433.000000	0.500028	0.510869	0.797522	0.657360	0.000156
31434.000000	0.500029	0.510864	0.797523	0.657360	0.000167
31435.000000	0.500027	0.510867	0.797525	0.657364	0.000177
31436.000000	0.500025	0.510856	0.797530	0.657372	0.000193
31437.000000	0.500023	0.510850	0.797535	0.657380	0.000205
31438.000000	0.500022	0.510845	0.797530	0.657372	0.000202
31439.000000	0.500030	0.510850	0.797532	0.657376	0.000183
31440.000000	0.500035	0.510847	0.797536	0.657383	0.000163
31441.000000	0.500041	0.510839	0.797537	0.657383	0.000158
31442.000000	0.500032	0.510826	0.797539	0.657387	0.000149
31443.000000	0.500036	0.510816	0.797541	0.657390	0.000143
31444.000000	0.500034	0.510818	0.797536	0.657381	0.000149
31445.000000	0.500036	0.510825	0.797528	0.657370	0.000152
31446.000000	0.500039	0.510826	0.797530	0.657372	0.000169
31447.000000	0.500033	0.510822	0.797536	0.657383	0.000193
31448.000000	0.500026	0.510816	0.797537	0.657383	0.000207
31449.000000	0.500026	0.510809	0.797540	0.657388	0.000224
31450.000000	0.500020	0.510798	0.797544	0.657396	0.000248
31451.000000	0.500014	0.510790	0.797548	0.657402	0.000271
31452.000000	0.500009	0.510785	0.797546	0.657398	0.000286
31453.000000	0.500005	0.510784	0.797545	0.657396	0.000302
31454.000000	0.500007	0.510780	0.797544	0.657394	0.000302
31455.000000	0.500003	0.510774	0.797547	0.657398	0.000305
31456.000000	0.500000	0.510775	0.797545	0.657395	0.000313
31457.000000	0.500007	0.510779	0.797542	0.657390	0.000311
31458.000000	0.500021	0.510791	0.797549	0.657403	0.000323
31459.000000	0.500028	0.510786	0.797546	0.657398	0.000333
31460.000000	0.500031	0.510778	0.797544	0.657394	0.000331
31461.000000	0.500031	0.510777	0.797550	0.657404	0.000331
31462.000000	0.500029	0.510783	0.797553	0.657410	0.000346
31463.000000	0.500030	0.510802	0.797554	0.657410	0.000357
31464.000000	0.500030	0.510817	0.797553	0.657408	0.000361
31465.000000	0.500025	0.510820	0.797549	0.657401	0.000353
31466.000000	0.500023	0.510813	0.797544	0.657394	0.000342
31467.000000	0.500042	0.510814	0.797540	0.657387	0.000337
31468.000000	0.500041	0.510817	0.797536	0.657381	0.000343
31469.000000	0.500049	0.510823	0.797540	0.657387	0.000352
31470.000000	0.500045	0.510818	0.797548	0.657402	0.000358
31471.000000	0.500048	0.510809	0.797553	0.657410	0.000344
31472.000000	0.500042	0.510799	0.797559	0.657421	0.000336
31473.000000	0.500036	0.510790	0.797568	0.657437	0.000340
31474.000000	0.500041	0.510783	0.797570	0.657439	0.000346
31475.000000	0.500043	0.510782	0.797564	0.657430	0.000352
31476.000000	0.500045	0.510787	0.797559	0.657423	0.000356
31477.000000	0.500041	0.510779	0.797555	0.657416	0.000363
31478.000000	0.500037	0.510772	0.797553	0.657412	0.000365
31479.000000	0.500034	0.510770	0.797551	0.657409	0.000360
31480.000000	0.500031	0.510771	0.797550	0.657407	0.000348
31481.000000	0.500031	0.510779	0.797555	0.657415	0.000332
31482.000000	0.500039	0.510797	0.797551	0.657408	0.000326
31483.000000	0.500041	0.510798	0.797545	0.657399	0.000324
31484.000000	0.500037	0.510795	0.797541	0.657393	0.000313
31485.000000	0.500032	0.510797	0.797534	0.657382	0.000310
31486.000000	0.500031	0.510796	0.797531	0.657377	0.000311
31487.000000	0.500026	0.510786	0.797528	0.657372	0.000316
31488.000000	0.500025	0.510785	0.797529	0.657374	0.000311
31489.000000	0.500030	0.510784	0.797532	0.657378	0.000296
31490.000000	0.500028	0.510778	0.797537	0.657386	0.000277
31491.000000	0.500023	0.510772	0.797540	0.657391	0.000272
31492.000000	0.500021	0.510769	0.797540	0.657391	0.000270
31493.000000	0.500019	0.510760	0.797535	0.657383	0.000261
31494.000000	0.500021	0.510758	0.797533	0.657379	0.000266
31495.000000	0.500020	0.510754	0.797537	0.657385	0.000287
31496.000000	0.500020	0.510745	0.797543	0.657396	0.000311
31497.000000	0.500022	0.510748	0.797547	0.657403	0.000319
31498.000000	0.500024	0.510751	0.797546	0.657400	0.000315
31499.000000	0.500021	0.510752	0.797544	0.657397	0.000311
31500.000000	0.500020	0.510750	0.797548	0.657402	0.000309
31501.000000	0.500018	0.510741	0.797551	0.657408	0.000301
31502.000000	0.500016	0.510736	0.797549	0.657405	0.000296
31503.000000	0.500013	0.510731	0.797551	0.657406	0.000284
31504.000000	0.500011	0.510721	0.797551	0.657406	0.000284
31505.000000	0.500008	0.510711	0.797552	0.657408	0.000299
31506.000000	0.500009	0.510717	0.797547	0.657400	0.000312
31507.000000	0.500008	0.510726	0.797543	0.657394	0.000322
31508.000000	0.500007	0.510732	0.797544	0.657393	0.000335
31509.000000	0.500006	0.510729	0.797544	0.657394	0.000350
31510.000000	0.499998	0.510725	0.797547	0.657398	0.000363
31511.000000	0.499998	0.510725	0.797548	0.657398	0.000365
31512.000000	0.500005	0.510746	0.797553	0.657408	0.000369
31513.000000	0.500007	0.510757	0.797551	0.657404	0.000378
31514.000000	0.500008	0.510770	0.797545	0.657395	0.000372
31515.000000	0.500008	0.510774	0.797543	0.657391	0.000368
31516.000000	0.500016	0.510784	0.797549	0.657401	0.000375
31517.000000	0.500014	0.510792	0.797551	0.657404	0.000379
31518.000000	0.500011	0.510795	0.797552	0.657406	0.000375
31519.000000	0.500006	0.510785	0.797552	0.657405	0.000371
31520.000000	0.500003	0.510779	0.797546	0.657396	0.000376
31521.000000	0.500002	0.510774	0.797541	0.657387	0.000380
31522.000000	0.500007	0.510785	0.797536	0.657380	0.000381
31523.000000	0.500010	0.510794	0.797531	0.657372	0.000380
31524.000000	0.500012	0.510796	0.797533	0.657375	0.000371
31525.000000	0.500008	0.510794	0.797532	0.657373	0.000363
31526.000000	0.500003	0.510788	0.797531	0.657371	0.000358
31527.000000	0.499999	0.510781	0.797535	0.657378	0.000357
31528.000000	0.499999	0.510769	0.797533	0.657374	0.000364
31529.000000	0.499997	0.510760	0.797535	0.657377	0.000367
31530.000000	0.499992	0.510758	0.797537	0.657378	0.000372
31531.000000	0.500000	0.510769	0.797539	0.657381	0.000377
31532.000000	0.499999	0.510776	0.797539	0.657381	0.000372
31533.000000	0.500000	0.510776	0.797540	0.657382	0.000371
31534.000000	0.499997	0.510781	0.797541	0.657383	0.000366
31535.000000	0.499992	0.510777	0.797544	0.657388	0.000358
31536.000000	0.499989	0.510769	0.797547	0.657392	0.000348
31537.000000	0.499990	0.510762	0.797545	0.657389	0.000334
31538.000000	0.499990	0.510756	0.797544	0.657387	0.000324
31539.000000	0.499992	0.510757	0.797539	0.657380	0.000318
31540.000000	0.499991	0.510755	0.797533	0.657370	0.000310
31541.000000	0.499992	0.510753	0.797530	0.657365	0.000299
31542.000000	0.499990	0.510748	0.797529	0.657363	0.000292
31543.000000	0.499987	0.510742	0.797524	0.657355	0.000289
31544.000000	0.499984	0.510739	0.797523	0.657353	0.000282
31545.000000	0.499980	0.510737	0.797520	0.657348	0.000278
31546.000000	0.499984	0.510745	0.797513	0.657338	0.000276
31547.000000	0.499988	0.510753	0.797509	0.657331	0.000275
31548.000000	0.499986	0.510758	0.797504	0.657323	0.000273
31549.000000	0.499985	0.510756	0.797499	0.657316	0.000276
31550.000000	0.499981	0.510755	0.797504	0.657324	0.000279
31551.000000	0.499975	0.510746	0.797509	0.657332	0.000282
31552.000000	0.499966	0.510734	0.797511	0.657335	0.000281
31553.000000	0.499961	0.510725	0.797516	0.657343	0.000271
31554.000000	0.499960	0.510741	0.797519	0.657348	0.000267
31555.000000	0.499959	0.510755	0.797515	0.657341	0.000273
31556.000000	0.499960	0.510758	0.797516	0.657342	0.000283
31557.000000	0.499961	0.510757	0.797525	0.657360	0.000303
31558.000000	0.499963	0.510752	0.797530	0.657367	0.000322
31559.000000	0.499957	0.510747	0.797534	0.657374	0.000334
31560.000000	0.499958	0.510740	0.797538	0.657380	0.000346
31561.000000	0.499958	0.510741	0.797538	0.657379	0.000364
31562.000000	0.499955	0.510742	0.797543	0.657388	0.000388
31563.000000	0.499956	0.510749	0.797551	0.657403	0.000407
31564.000000	0.499960	0.510749	0.797555	0.657408	0.000426
31565.000000	0.499960	0.510748	0.797550	0.657401	0.000426
31566.000000	0.499957	0.510745	0.797546	0.657394	0.000432
31567.000000	0.499955	0.510738	0.797543	0.657389	0.000442
31568.000000	0.499955	0.510738	0.797540	0.657384	0.000440
31569.000000	0.499950	0.510733	0.797537	0.657379	0.000438
31570.000000	0.499951	0.510734	0.797544	0.657393	0.000444
31571.000000	0.499952	0.510729	0.797544	0.657391	0.000442
31572.000000	0.499947	0.510725	0.797546	0.657394	0.000442
31573.000000	0.499954	0.510720	0.797553	0.657406	0.000425
31574.000000	0.499955	0.510707	0.797554	0.657406	0.000418
31575.000000	0.499949	0.510696	0.797557	0.657411	0.000425
31576.000000	0.499946	0.510690	0.797563	0.657421	0.000438
31577.000000	0.499946	0.510687	0.797570	0.657433	0.000438
31578.000000	0.499943	0.510690	0.797575	0.657442	0.000441
31579.000000	0.499944	0.510687	0.797572	0.657438	0.000444
31580.000000	0.499943	0.510687	0.797570	0.657433	0.000442
31581.000000	0.499943	0.510698	0.797574	0.657440	0.000449
31582.000000	0.499937	0.510701	0.797578	0.657447	0.000461
31583.000000	0.499932	0.510690	0.797581	0.657451	0.000467
31584.000000	0.499924	0.510682	0.797589	0.657465	0.000474
31585.000000	0.499921	0.510679	0.797591	0.657468	0.000483
31586.000000	0.499916	0.510674	0.797588	0.657463	0.000490
31587.000000	0.499926	0.510682	0.797591	0.657468	0.000478
31588.000000	0.499930	0.510685	0.797590	0.657466	0.000474
31589.000000	0.499928	0.510693	0.797589	0.657464	0.000487
31590.000000	0.499925	0.510697	0.797590	0.657465	0.000492
31591.000000	0.499922	0.510698	0.797591	0.657466	0.000488
31592.000000	0.499921	0.510696	0.797592	0.657467	0.000496
31593.000000	0.499921	0.510692	0.797595	0.657471	0.000511
31594.000000	0.499917	0.510688	0.797597	0.657474	0.000529
31595.000000	0.499915	0.510691	0.797598	0.657476	0.000548
31596.000000	0.499913	0.510690	0.797596	0.657472	0.000551
31597.000000	0.499914	0.510701	0.797594	0.657468	0.000543
31598.000000	0.499920	0.510712	0.797594	0.657468	0.000537
31599.000000	0.499924	0.510718	0.797594	0.657467	0.000534
31600.000000	0.499918	0.510713	0.797587	0.657457	0.000535
31601.000000	0.499918	0.510713	0.797592	0.657465	0.000555
31602.000000	0.499918	0.510711	0.797597	0.657474	0.000573
31603.000000	0.499911	0.510708	0.797602	0.657482	0.000576
31604.000000	0.499907	0.510710	0.797607	0.657490	0.000572
31605.000000	0.499908	0.510719	0.797609	0.657493	0.000580
31606.000000	0.499907	0.510731	0.797607	0.657490	0.000586
31607.000000	0.499914	0.510744	0.797604	0.657484	0.000581
31608.000000	0.499923	0.510749	0.797604	0.657484	0.000567
31609.000000	0.499918	0.510743	0.797600	0.657478	0.000565
31610.000000	0.499912	0.510729	0.797595	0.657470	0.000572
31611.000000	0.499912	0.510723	0.797597	0.657474	0.000589
31612.000000	0.499908	0.510717	0.797594	0.657468	0.000597
31613.000000	0.499902	0.510711	0.797595	0.657470	0.000606
31614.000000	0.499896	0.510704	0.797600	0.657478	0.000600
31615.000000	0.499891	0.510703	0.797607	0.657489	0.000590
31616.000000	0.499893	0.510711	0.797611	0.657495	0.000570
31617.000000	0.499897	0.510718	0.797612	0.657497	0.000552
31618.000000	0.499904	0.510723	0.797608	0.657492	0.000561
31619.000000	0.499909	0.510722	0.797613	0.657500	0.000568
31620.000000	0.499913	0.510714	0.797610	0.657495	0.000572
31621.000000	0.499909	0.510709	0.797604	0.657486	0.000567
31622.000000	0.499907	0.510704	0.797600	0.657479	0.000557
31623.000000	0.499904	0.510709	0.797595	0.657472	0.000546
31624.000000	0.499910	0.510723	0.797598	0.657477	0.000550
31625.000000	0.499913	0.510735	0.797600	0.657479	0.000564
31626.000000	0.499913	0.510739	0.797600	0.657479	0.000580
31627.000000	0.499910	0.510736	0.797600	0.657478	0.000597
31628.000000	0.499911	0.510737	0.797594	0.657470	0.000603
31629.000000	0.499908	0.510742	0.797590	0.657462	0.000595
31630.000000	0.499906	0.510740	0.797588	0.657459	0.000588
31631.000000	0.499898	0.510732	0.797589	0.657460	0.000596
31632.000000	0.499893	0.510725	0.797588	0.657457	0.000602
31633.000000	0.499896	0.510725	0.797591	0.657463	0.000603
31634.000000	0.499895	0.510720	0.797599	0.657476	0.000605
31635.000000	0.499891	0.510712	0.797598	0.657475	0.000613
31636.000000	0.499881	0.510699	0.797600	0.657477	0.000626
31637.000000	0.499877	0.510689	0.797604	0.657483	0.000632
31638.000000	0.499883	0.510690	0.797606	0.657486	0.000628
31639.000000	0.499889	0.510695	0.797611	0.657496	0.000616
31640.000000	0.499886	0.510687	0.797615	0.657502	0.000615
31641.000000	0.499889	0.510683	0.797619	0.657508	0.000628
31642.000000	0.499889	0.510679	0.797620	0.657509	0.000628
31643.000000	0.499888	0.510682	0.797623	0.657514	0.000617
31644.000000	0.499891	0.510676	0.797622	0.657512	0.000603
31645.000000	0.499887	0.510667	0.797622	0.657512	0.000609
31646.000000	0.499880	0.510658	0.797627	0.657519	0.000610
31647.000000	0.499872	0.510658	0.797635	0.657533	0.000609
31648.000000	0.499878	0.510660	0.797636	0.657535	0.000621
31649.000000	0.499888	0.510674	0.797645	0.657550	0.000645
31650.000000	0.499894	0.510684	0.797643	0.657548	0.000652
31651.000000	0.499889	0.510680	0.797639	0.657542	0.000639
31652.000000	0.499889	0.510672	0.797635	0.657534	0.000629
31653.000000	0.499880	0.510665	0.797631	0.657528	0.000624
31654.000000	0.499876	0.510658	0.797625	0.657519	0.000622
31655.000000	0.499868	0.510645	0.797622	0.657513	0.000631
31656.000000	0.499862	0.510638	0.797616	0.657505	0.000637
31657.000000	0.499855	0.510630	0.797614	0.657501	0.000654
31658.000000	0.499851	0.510622	0.797610	0.657494	0.000663
31659.000000	0.499848	0.510618	0.797607	0.657489	0.000652
31660.000000	0.499851	0.510619	0.797614	0.657501	0.000627
31661.000000	0.499859	0.510618	0.797618	0.657508	0.000618
31662.000000	0.499858	0.510619	0.797621	0.657513	0.000637
31663.000000	0.499863	0.510627	0.797627	0.657523	0.000660
31664.000000	0.499867	0.510639	0.797624	0.657518	0.000668
31665.000000	0.499867	0.510650	0.797625	0.657518	0.000664
31666.000000	0.499862	0.510651	0.797622	0.657514	0.000671
31667.000000	0.499855	0.510641	0.797623	0.657515	0.000686
31668.000000	0.499854	0.510635	0.797620	0.657510	0.000697
31669.000000	0.499853	0.510631	0.797616	0.657504	0.000698
31670.000000	0.499848	0.510626	0.797609	0.657493	0.000696
31671.000000	0.499846	0.510618	0.797601	0.657482	0.000700
31672.000000	0.499846	0.510611	0.797595	0.657473	0.000696
31673.000000	0.499844	0.510602	0.797588	0.657462	0.000688
31674.000000	0.499837	0.510596	0.797583	0.657455	0.000688
31675.000000	0.499837	0.510594	0.797583	0.657455	0.000691
31676.000000	0.499841	0.510594	0.797577	0.657445	0.000686
31677.000000	0.499841	0.510591	0.797573	0.657439	0.000686
31678.000000	0.499839	0.510583	0.797575	0.657442	0.000703
31679.000000	0.499841	0.510580	0.797573	0.657439	0.000710
31680.000000	0.499838	0.510574	0.797576	0.657442	0.000709
31681.000000	0.499842	0.510568	0.797573	0.657438	0.000710
31682.000000	0.499841	0.510568	0.797581	0.657451	0.000706
31683.000000	0.499841	0.510573	0.797586	0.657460	0.000690
31684.000000	0.499843	0.510572	0.797589	0.657464	0.000679
31685.000000	0.499845	0.510584	0.797588	0.657462	0.000681
31686.000000	0.499847	0.510596	0.797589	0.657463	0.000691
31687.000000	0.499846	0.510593	0.797591	0.657465	0.000697
31688.000000	0.499848	0.510596	0.797591	0.657465	0.000693
31689.000000	0.499846	0.510596	0.797589	0.657461	0.000697
31690.000000	0.499853	0.510599	0.797585	0.657455	0.000699
31691.000000	0.499855	0.510610	0.797592	0.657467	0.000689
31692.000000	0.499847	0.510610	0.797590	0.657463	0.000689
31693.000000	0.499844	0.510604	0.797584	0.657455	0.000691
31694.000000	0.499841	0.510602	0.797582	0.657450	0.000688
31695.000000	0.499838	0.510598	0.797585	0.657455	0.000682
31696.000000	0.499843	0.510606	0.797588	0.657460	0.000667
31697.000000	0.499843	0.510614	0.797582	0.657451	0.000664
31698.000000	0.499850	0.510631	0.797577	0.657444	0.000665
31699.000000	0.499858	0.510649	0.797577	0.657442	0.000666
31700.000000	0.499860	0.510650	0.797576	0.657441	0.000666
31701.000000	0.499863	0.510653	0.797569	0.657431	0.000668
31702.000000	0.499862	0.510652	0.797564	0.657423	0.000675
31703.000000	0.499861	0.510652	0.797560	0.657417	0.000675
31704.000000	0.499857	0.510643	0.797556	0.657410	0.000680
31705.000000	0.499856	0.510632	0.797553	0.657405	0.000685
31706.000000	0.499854	0.510625	0.797551	0.657402	0.000693
31707.000000	0.499854	0.510622	0.797551	0.657400	0.000703
31708.000000	0.499854	0.510618	0.797545	0.657392	0.000701
31709.000000	0.499853	0.510613	0.797543	0.657388	0.000688
31710.000000	0.499852	0.510618	0.797547	0.657395	0.000670
31711.000000	0.499853	0.510619	0.797548	0.657396	0.000669
31712.000000	0.499857	0.510615	0.797544	0.657389	0.000674
31713.000000	0.499867	0.510612	0.797546	0.657392	0.000669
31714.000000	0.499864	0.510608	0.797553	0.657404	0.000667
31715.000000	0.499857	0.510599	0.797560	0.657416	0.000672
31716.000000	0.499857	0.510593	0.797556	0.657409	0.000671
31717.000000	0.499859	0.510603	0.797552	0.657404	0.000663
31718.000000	0.499854	0.510594	0.797547	0.657397	0.000660
31719.000000	0.499855	0.510583	0.797544	0.657391	0.000659
31720.000000	0.499856	0.510585	0.797541	0.657386	0.000655
31721.000000	0.499861	0.510592	0.797546	0.657395	0.000660
31722.000000	0.499860	0.510601	0.797554	0.657409	0.000676
31723.000000	0.499862	0.510602	0.797559	0.657417	0.000695
31724.000000	0.499859	0.510595	0.797559	0.657416	0.000697
31725.000000	0.499865	0.510599	0.797562	0.657421	0.000679
31726.000000	0.499860	0.510602	0.797565	0.657426	0.000661
31727.000000	0.499860	0.510601	0.797571	0.657436	0.000649
31728.000000	0.499858	0.510604	0.797574	0.657441	0.000660
31729.000000	0.499859	0.510595	0.797579	0.657449	0.000675
31730.000000	0.499863	0.510598	0.797576	0.657444	0.000681
31731.000000	0.499870	0.510616	0.797580	0.657451	0.000687
31732.000000	0.499885	0.510640	0.797586	0.657460	0.000678
31733.000000	0.499892	0.510649	0.797587	0.657461	0.000661
31734.000000	0.499893	0.510652	0.797585	0.657458	0.000656
31735.000000	0.499889	0.510652	0.797590	0.657466	0.000653
31736.000000	0.499888	0.510648	0.797589	0.657465	0.000646
31737.000000	0.499885	0.510639	0.797592	0.657469	0.000637
31738.000000	0.499883	0.510633	0.797595	0.657474	0.000629
31739.000000	0.499879	0.510622	0.797591	0.657468	0.000621
31740.000000	0.499878	0.510625	0.797589	0.657463	0.000619
31741.000000	0.499876	0.510625	0.797589	0.657463	0.000618
31742.000000	0.499882	0.510632	0.797588	0.657462	0.000622
31743.000000	0.499884	0.510638	0.797594	0.657470	0.000624
31744.000000	0.499884	0.510646	0.797599	0.657479	0.000615
31745.000000	0.499886	0.510661	0.797600	0.657480	0.000610
31746.000000	0.499885	0.510654	0.797594	0.657471	0.000611
31747.000000	0.499884	0.510648	0.797592	0.657469	0.000625
31748.000000	0.499881	0.510649	0.797596	0.657474	0.000643
31749.000000	0.499873	0.510637	0.797599	0.657478	0.000653
31750.000000	0.499871	0.510639	0.797599	0.657479	0.000658
31751.000000	0.499874	0.510641	0.797599	0.657478	0.000659
31752.000000	0.499877	0.510641	0.797600	0.657479	0.000656
31753.000000	0.499884	0.510641	0.797594	0.657470	0.000656
31754.000000	0.499883	0.510638	0.797594	0.657469	0.000652
31755.000000	0.499879	0.510628	0.797594	0.657468	0.000647
31756.000000	0.499883	0.510626	0.797601	0.657481	0.000649
31757.000000	0.499884	0.510617	0.797596	0.657474	0.000642
31758.000000	0.499882	0.510616	0.797592	0.657467	0.000635
31759.000000	0.499881	0.510614	0.797592	0.657466	0.000636
31760.000000	0.499883	0.510626	0.797592	0.657466	0.000647
31761.000000	0.499883	0.510638	0.797596	0.657472	0.000666
31762.000000	0.499881	0.510634	0.797598	0.657476	0.000682
31763.000000	0.499876	0.510626	0.797606	0.657491	0.000692
31764.000000	0.499870	0.510617	0.797608	0.657494	0.000685
31765.000000	0.499873	0.510626	0.797612	0.657499	0.000667
31766.000000	0.499877	0.510639	0.797612	0.657500	0.000656
31767.000000	0.499882	0.510655	0.797608	0.657493	0.000648
31768.000000	0.499883	0.510663	0.797608	0.657493	0.000641
31769.000000	0.499883	0.510660	0.797611	0.657498	0.000659
31770.000000	0.499887	0.510672	0.797617	0.657508	0.000678
31771.000000	0.499889	0.510673	0.797621	0.657514	0.000675
31772.000000	0.499889	0.510665	0.797622	0.657515	0.000673
31773.000000	0.499892	0.510656	0.797616	0.657506	0.000676
31774.000000	0.499891	0.510654	0.797612	0.657499	0.000670
31775.000000	0.499894	0.510661	0.797611	0.657497	0.000664
31776.000000	0.499895	0.510662	0.797609	0.657493	0.000664
31777.000000	0.499900	0.510674	0.797612	0.657498	0.000677
31778.000000	0.499899	0.510665	0.797606	0.657489	0.000679
31779.000000	0.499893	0.510655	0.797606	0.657489	0.000668
31780.000000	0.499890	0.510646	0.797612	0.657499	0.000659
31781.000000	0.499892	0.510640	0.797616	0.657505	0.000651
31782.000000	0.499896	0.510639	0.797615	0.657504	0.000651
31783.000000	0.499918	0.510638	0.797622	0.657516	0.000664
31784.000000	0.499930	0.510642	0.797616	0.657507	0.000668
31785.000000	0.499930	0.510640	0.797621	0.657515	0.000661
31786.000000	0.499929	0.510632	0.797619	0.657513	0.000652
31787.000000	0.499928	0.510631	0.797617	0.657508	0.000646
31788.000000	0.499931	0.510625	0.797610	0.657498	0.000645
31789.000000	0.499940	0.510618	0.797612	0.657500	0.000652
31790.000000	0.499942	0.510618	0.797616	0.657507	0.000660
31791.000000	0.499946	0.510622	0.797622	0.657517	0.000671
31792.000000	0.499957	0.510625	0.797625	0.657522	0.000661
31793.000000	0.499957	0.510635	0.797631	0.657531	0.000638
31794.000000	0.499956	0.510647	0.797636	0.657540	0.000623
31795.000000	0.499955	0.510655	0.797643	0.657551	0.000625
31796.000000	0.499951	0.510656	0.797647	0.657558	0.000638
31797.000000	0.499948	0.510651	0.797653	0.657569	0.000645
31798.000000	0.499945	0.510643	0.797650	0.657564	0.000641
31799.000000	0.499941	0.510633	0.797644	0.657555	0.000636
31800.000000	0.499935	0.510624	0.797637	0.657545	0.000639
31801.000000	0.499928	0.510621	0.797639	0.657547	0.000653
31802.000000	0.499921	0.510618	0.797641	0.657549	0.000661
31803.000000	0.499915	0.510615	0.797640	0.657547	0.000667
31804.000000	0.499919	0.510616	0.797639	0.657546	0.000678
31805.000000	0.499922	0.510617	0.797633	0.657537	0.000683
31806.000000	0.499928	0.510613	0.797633	0.657536	0.000668
31807.000000	0.499934	0.510622	0.797639	0.657547	0.000651
31808.000000	0.499931	0.510622	0.797637	0.657544	0.000653
31809.000000	0.499931	0.510635	0.797633	0.657537	0.000654
31810.000000	0.499941	0.510674	0.797640	0.657550	0.000637
31811.000000	0.499943	0.510677	0.797646	0.657560	0.000627
31812.000000	0.499943	0.510678	0.797646	0.657559	0.000635
31813.000000	0.499944	0.510684	0.797644	0.657555	0.000642
31814.000000	0.499948	0.510695	0.797639	0.657547	0.000644
31815.000000	0.499948	0.510692	0.797635	0.657542	0.000652
31816.000000	0.499943	0.510694	0.797635	0.657540	0.000663
31817.000000	0.499947	0.510703	0.797634	0.657538	0.000663
31818.000000	0.499953	0.510711	0.797636	0.657541	0.000647
31819.000000	0.499963	0.510724	0.797637	0.657542	0.000637
31820.000000	0.499979	0.510751	0.797633	0.657536	0.000639
31821.000000	0.499980	0.510768	0.797637	0.657543	0.000661
31822.000000	0.499983	0.510780	0.797642	0.657550	0.000683
31823.000000	0.499987	0.510787	0.797643	0.657552	0.000691
31824.000000	0.499988	0.510783	0.797642	0.657549	0.000685
31825.000000	0.499984	0.510775	0.797638	0.657543	0.000674
31826.000000	0.499992	0.510768	0.797640	0.657546	0.000671
31827.000000	0.499992	0.510769	0.797644	0.657553	0.000678
31828.000000	0.499987	0.510778	0.797646	0.657555	0.000686
31829.000000	0.499986	0.510774	0.797645	0.657553	0.000700
31830.000000	0.499991	0.510784	0.797642	0.657548	0.000709
31831.000000	0.499989	0.510784	0.797640	0.657545	0.000720
31832.000000	0.499990	0.510782	0.797645	0.657553	0.000738
31833.000000	0.499993	0.510788	0.797653	0.657566	0.000739
31834.000000	0.499989	0.510790	0.797657	0.657572	0.000728
31835.000000	0.499985	0.510794	0.797663	0.657583	0.000715
31836.000000	0.499982	0.510796	0.797665	0.657586	0.000714
31837.000000	0.499980	0.510788	0.797662	0.657581	0.000722
31838.000000	0.499978	0.510783	0.797664	0.657584	0.000733
31839.000000	0.499975	0.510788	0.797665	0.657587	0.000739
31840.000000	0.499981	0.510796	0.797667	0.657589	0.000737
31841.000000	0.499998	0.510809	0.797670	0.657594	0.000735
31842.000000	0.499999	0.510809	0.797674	0.657600	0.000731
31843.000000	0.499993	0.510805	0.797680	0.657610	0.000727
31844.000000	0.499993	0.510804	0.797687	0.657622	0.000723
31845.000000	0.499987	0.510800	0.797684	0.657618	0.000716
31846.000000	0.499987	0.510794	0.797680	0.657611	0.000719
31847.000000	0.499991	0.510801	0.797687	0.657622	0.000727
31848.000000	0.499995	0.510806	0.797690	0.657627	0.000721
31849.000000	0.499997	0.510812	0.797692	0.657631	0.000706
31850.000000	0.499995	0.510808	0.797693	0.657631	0.000700
31851.000000	0.499996	0.510797	0.797688	0.657623	0.000695
31852.000000	0.500000	0.510790	0.797691	0.657629	0.000701
31853.000000	0.500000	0.510786	0.797697	0.657639	0.000708
31854.000000	0.500003	0.510790	0.797700	0.657644	0.000710
31855.000000	0.500003	0.510786	0.797696	0.657638	0.000706
31856.000000	0.499996	0.510777	0.797698	0.657640	0.000717
31857.000000	0.499990	0.510769	0.797701	0.657645	0.000730
31858.000000	0.499991	0.510768	0.797702	0.657646	0.000733
31859.000000	0.499990	0.510771	0.797702	0.657646	0.000721
31860.000000	0.499988	0.510767	0.797708	0.657656	0.000697
31861.000000	0.499985	0.510757	0.797709	0.657657	0.000684
31862.000000	0.499988	0.510756	0.797707	0.657653	0.000670
31863.000000	0.500000	0.510765	0.797701	0.657644	0.000673
31864.000000	0.500002	0.510773	0.797697	0.657638	0.000682
31865.000000	0.500004	0.510773	0.797696	0.657636	0.000672
31866.000000	0.500014	0.510802	0.797698	0.657640	0.000655
31867.000000	0.500023	0.510818	0.797694	0.657633	0.000660
31868.000000	0.500020	0.510816	0.797692	0.657629	0.000660
31869.000000	0.500018	0.510812	0.797691	0.657627	0.000664
31870.000000	0.500015	0.510810	0.797693	0.657631	0.000680
31871.000000	0.500013	0.510807	0.797696	0.657635	0.000698
31872.000000	0.500014	0.510798	0.797693	0.657630	0.000707
31873.000000	0.500005	0.510787	0.797687	0.657621	0.000715
31874.000000	0.500002	0.510790	0.797680	0.657610	0.000722
31875.000000	0.500004	0.510793	0.797681	0.657614	0.000706
31876.000000	0.500000	0.510790	0.797687	0.657623	0.000680
31877.000000	0.500015	0.510789	0.797686	0.657620	0.000682
31878.000000	0.500019	0.510785	0.797686	0.657620	0.000693
31879.000000	0.500020	0.510774	0.797682	0.657613	0.000690
31880.000000	0.500022	0.510767	0.797676	0.657604	0.000686
31881.000000	0.500026	0.510767	0.797671	0.657597	0.000676
31882.000000	0.500030	0.510770	0.797668	0.657591	0.000673
31883.000000	0.500028	0.510766	0.797666	0.657589	0.000678
31884.000000	0.500031	0.510757	0.797659	0.657578	0.000684
31885.000000	0.500030	0.510747	0.797655	0.657571	0.000678
31886.000000	0.500030	0.510739	0.797653	0.657568	0.000684
31887.000000	0.500027	0.510726	0.797659	0.657577	0.000705
31888.000000	0.500027	0.510719	0.797659	0.657577	0.000719
31889.000000	0.500027	0.510716	0.797660	0.657580	0.000718
31890.000000	0.500023	0.510709	0.797660	0.657579	0.000723
31891.000000	0.500018	0.510698	0.797659	0.657578	0.000714
31892.000000	0.500016	0.510695	0.797668	0.657593	0.000705
31893.000000	0.500020	0.510698	0.797669	0.657594	0.000710
31894.000000	0.500017	0.510696	0.797666	0.657589	0.000714
31895.000000	0.500015	0.510690	0.797663	0.657585	0.000707
31896.000000	0.500013	0.510682	0.797661	0.657580	0.000699
31897.000000	0.500009	0.510677	0.797656	0.657572	0.000701
31898.000000	0.500012	0.510682	0.797660	0.657578	0.000712
31899.000000	0.500010	0.510673	0.797659	0.657576	0.000722
31900.000000	0.500013	0.510671	0.797662	0.657582	0.000728
31901.000000	0.500010	0.510664	0.797668	0.657593	0.000729
31902.000000	0.500004	0.510652	0.797671	0.657597	0.000733
31903.000000	0.500002	0.510643	0.797676	0.657606	0.000729
31904.000000	0.499997	0.510640	0.797682	0.657614	0.000714
31905.000000	0.499998	0.510651	0.797686	0.657621	0.000701
31906.000000	0.499998	0.510652	0.797688	0.657624	0.000697
31907.000000	0.499993	0.510648	0.797687	0.657622	0.000700
31908.000000	0.499996	0.510645	0.797686	0.657619	0.000710
31909.000000	0.499994	0.510637	0.797683	0.657615	0.000703
31910.000000	0.499993	0.510632	0.797684	0.657616	0.000698
31911.000000	0.500004	0.510646	0.797687	0.657620	0.000701
31912.000000	0.500012	0.510656	0.797690	0.657625	0.000721
31913.000000	0.500012	0.510655	0.797690	0.657624	0.000730
31914.000000	0.500009	0.510649	0.797691	0.657627	0.000716
31915.000000	0.500000	0.510637	0.797698	0.657638	0.000690
31916.000000	0.499997	0.510634	0.797703	0.657646	0.000666
31917.000000	0.499992	0.510627	0.797698	0.657639	0.000659
31918.000000	0.499988	0.510634	0.797697	0.657636	0.000648
31919.000000	0.499989	0.510645	0.797693	0.657630	0.000644
31920.000000	0.499994	0.510650	0.797689	0.657624	0.000651
31921.000000	0.499987	0.510644	0.797688	0.657622	0.000664
31922.000000	0.499984	0.510637	0.797682	0.657613	0.000667
31923.000000	0.499983	0.510625	0.797680	0.657610	0.000654
31924.000000	0.499989	0.510625	0.797683	0.657615	0.000636
31925.000000	0.499998	0.510622	0.797684	0.657616	0.000632
31926.000000	0.500002	0.510619	0.797684	0.657615	0.000619
31927.000000	0.500001	0.510615	0.797689	0.657624	0.000598
31928.000000	0.500003	0.510620	0.797699	0.657642	0.000583
31929.000000	0.500009	0.510636	0.797701	0.657646	0.000582
31930.000000	0.500012	0.510638	0.797700	0.657644	0.000586
31931.000000	0.500017	0.510632	0.797705	0.657651	0.000578
31932.000000	0.500022	0.510635	0.797713	0.657666	0.000573
31933.000000	0.500025	0.510634	0.797721	0.657681	0.000573
31934.000000	0.500024	0.510636	0.797720	0.657679	0.000577
31935.000000	0.500030	0.510633	0.797722	0.657682	0.000588
31936.000000	0.500032	0.510624	0.797729	0.657693	0.000605
31937.000000	0.500040	0.510617	0.797732	0.657698	0.000621
31938.000000	0.500041	0.510616	0.797740	0.657711	0.000639
31939.000000	0.500033	0.510605	0.797744	0.657717	0.000646
31940.000000	0.500033	0.510597	0.797741	0.657712	0.000650
31941.000000	0.500030	0.510594	0.797741	0.657712	0.000647
31942.000000	0.500025	0.510592	0.797748	0.657724	0.000632
31943.000000	0.500027	0.510600	0.797748	0.657725	0.000619
31944.000000	0.500021	0.510595	0.797746	0.657721	0.000627
31945.000000	0.500019	0.510587	0.797749	0.657725	0.000633
31946.000000	0.500023	0.510586	0.797753	0.657733	0.000625
31947.000000	0.500036	0.510598	0.797754	0.657734	0.000611
31948.000000	0.500045	0.510613	0.797753	0.657732	0.000613
31949.000000	0.500051	0.510617	0.797752	0.657729	0.000623
31950.000000	0.500052	0.510616	0.797754	0.657732	0.000635
31951.000000	0.500051	0.510613	0.797754	0.657731	0.000639
31952.000000	0.500048	0.510616	0.797749	0.657724	0.000640
31953.000000	0.500050	0.510611	0.797747	0.657719	0.000638
31954.000000	0.500047	0.510617	0.797745	0.657717	0.000641
31955.000000	0.500052	0.510632	0.797744	0.657714	0.000643
31956.000000	0.500052	0.510636	0.797740	0.657708	0.000648
31957.000000	0.500057	0.510640	0.797741	0.657708	0.000653
31958.000000	0.500059	0.510639	0.797748	0.657721	0.000641
31959.000000	0.500053	0.510634	0.797749	0.657722	0.000640
31960.000000	0.500061	0.510632	0.797752	0.657727	0.000635
31961.000000	0.500057	0.510622	0.797753	0.657728	0.000622
31962.000000	0.500046	0.510612	0.797749	0.657721	0.000618
31963.000000	0.500039	0.510611	0.797741	0.657710	0.000620
31964.000000	0.500043	0.510622	0.797736	0.657702	0.000628
31965.000000	0.500051	0.510639	0.797737	0.657704	0.000629
31966.000000	0.500056	0.510650	0.797739	0.657707	0.000624
31967.000000	0.500049	0.510642	0.797736	0.657702	0.000617
31968.000000	0.500052	0.510640	0.797741	0.657712	0.000597
31969.000000	0.500056	0.510636	0.797742	0.657714	0.000586
31970.000000	0.500056	0.510628	0.797741	0.657711	0.000597
31971.000000	0.500050	0.510621	0.797736	0.657703	0.000600
31972.000000	0.500044	0.510619	0.797735	0.657701	0.000595
31973.000000	0.500040	0.510619	0.797731	0.657694	0.000588
31974.000000	0.500035	0.510614	0.797731	0.657694	0.000573
31975.000000	0.500032	0.510613	0.797731	0.657694	0.000559
31976.000000	0.500033	0.510607	0.797733	0.657697	0.000567
31977.000000	0.500047	0.510603	0.797739	0.657709	0.000586
31978.000000	0.500047	0.510597	0.797736	0.657704	0.000590
31979.000000	0.500044	0.510587	0.797729	0.657693	0.000588
31980.000000	0.500043	0.510588	0.797724	0.657685	0.000591
31981.000000	0.500047	0.510601	0.797719	0.657678	0.000604
31982.000000	0.500044	0.510596	0.797720	0.657679	0.000608
31983.000000	0.500046	0.510593	0.797727	0.657691	0.000607
31984.000000	0.500055	0.510586	0.797725	0.657688	0.000613
31985.000000	0.500052	0.510591	0.797728	0.657691	0.000621
31986.000000	0.500047	0.510590	0.797731	0.657697	0.000625
31987.000000	0.500044	0.510582	0.797730	0.657694	0.000630
31988.000000	0.500045	0.510573	0.797729	0.657691	0.000638
31989.000000	0.500046	0.510569	0.797724	0.657684	0.000631
31990.000000	0.500050	0.510572	0.797721	0.657679	0.000623
31991.000000	0.500058	0.510580	0.797721	0.657678	0.000614
31992.000000	0.500067	0.510577	0.797720	0.657677	0.000610
31993.000000	0.500068	0.510576	0.797721	0.657676	0.000602
31994.000000	0.500074	0.510576	0.797726	0.657685	0.000579
31995.000000	0.500073	0.510568	0.797729	0.657690	0.000565
31996.000000	0.500068	0.510557	0.797727	0.657687	0.000565
31997.000000	0.500062	0.510552	0.797725	0.657683	0.000576
31998.000000	0.500059	0.510556	0.797720	0.657675	0.000575
31999.000000	0.500062	0.510572	0.797724	0.657682	0.000558
32000.000000	0.500070	0.510577	0.797729	0.657690	0.000546
32001.000000	0.500068	0.510573	0.797727	0.657686	0.000548
32002.000000	0.500064	0.510568	0.797727	0.657685	0.000559
32003.000000	0.500060	0.510567	0.797722	0.657678	0.000559
32004.000000	0.500059	0.510564	0.797715	0.657668	0.000552
32005.000000	0.500058	0.510560	0.797712	0.657663	0.000553
32006.000000	0.500058	0.510558	0.797708	0.657656	0.000558
32007.000000	0.500060	0.510561	0.797711	0.657661	0.000563
32008.000000	0.500064	0.510557	0.797712	0.657663	0.000549
32009.000000	0.500065	0.510550	0.797712	0.657662	0.000542
32010.000000	0.500062	0.510539	0.797705	0.657651	0.000536
32011.000000	0.500064	0.510538	0.797705	0.657652	0.000519
32012.000000	0.500065	0.510541	0.797709	0.657658	0.000498
32013.000000	0.500072	0.510538	0.797714	0.657667	0.000502
32014.000000	0.500070	0.510538	0.797718	0.657673	0.000521
32015.000000	0.500065	0.510540	0.797720	0.657676	0.000539
32016.000000	0.500063	0.510546	0.797724	0.657682	0.000556
32017.000000	0.500067	0.510562	0.797721	0.657677	0.000566
32018.000000	0.500072	0.510571	0.797720	0.657675	0.000563
32019.000000	0.500076	0.510580	0.797724	0.657683	0.000565
32020.000000	0.500073	0.510579	0.797727	0.657688	0.000563
32021.000000	0.500073	0.510583	0.797728	0.657689	0.000564
32022.000000	0.500073	0.510591	0.797727	0.657686	0.000566
32023.000000	0.500081	0.510601	0.797732	0.657696	0.000564
32024.000000	0.500085	0.510594	0.797732	0.657694	0.000569
32025.000000	0.500080	0.510588	0.797734	0.657697	0.000587
32026.000000	0.500075	0.510590	0.797734	0.657696	0.000601
32027.000000	0.500076	0.510596	0.797729	0.657689	0.000608
32028.000000	0.500080	0.510597	0.797732	0.657694	0.000591
32029.000000	0.500077	0.510595	0.797734	0.657697	0.000576
32030.000000	0.500075	0.510585	0.797726	0.657687	0.000577
32031.000000	0.500084	0.510575	0.797723	0.657681	0.000577
32032.000000	0.500085	0.510567	0.797722	0.657679	0.000564
32033.000000	0.500086	0.510564	0.797716	0.657670	0.000557
32034.000000	0.500087	0.510557	0.797714	0.657667	0.000549
32035.000000	0.500084	0.510549	0.797710	0.657661	0.000552
32036.000000	0.500080	0.510545	0.797707	0.657656	0.000561
32037.000000	0.500076	0.510539	0.797700	0.657645	0.000562
32038.000000	0.500076	0.510544	0.797697	0.657640	0.000564
32039.000000	0.500078	0.510542	0.797698	0.657642	0.000572
32040.000000	0.500069	0.510531	0.797705	0.657654	0.000569
32041.000000	0.500067	0.510524	0.797712	0.657666	0.000577
32042.000000	0.500069	0.510519	0.797721	0.657681	0.000581
32043.000000	0.500066	0.510509	0.797726	0.657691	0.000563
32044.000000	0.500061	0.510503	0.797728	0.657694	0.000544
32045.000000	0.500059	0.510501	0.797723	0.657686	0.000544
32046.000000	0.500062	0.510499	0.797723	0.657685	0.000558
32047.000000	0.500062	0.510495	0.797720	0.657680	0.000549
32048.000000	0.500059	0.510494	0.797723	0.657686	0.000531
32049.000000	0.500060	0.510491	0.797723	0.657686	0.000527
32050.000000	0.500060	0.510498	0.797726	0.657690	0.000533
32051.000000	0.500053	0.510495	0.797727	0.657690	0.000546
32052.000000	0.500052	0.510496	0.797728	0.657692	0.000550
32053.000000	0.500057	0.510498	0.797734	0.657703	0.000533
32054.000000	0.500059	0.510491	0.797737	0.657707	0.000516
32055.000000	0.500057	0.510486	0.797741	0.657714	0.000512
32056.000000	0.500057	0.510484	0.797743	0.657717	0.000502
32057.000000	0.500057	0.510484	0.797741	0.657713	0.000500
32058.000000	0.500064	0.510481	0.797746	0.657721	0.000489
32059.000000	0.500068	0.510481	0.797743	0.657716	0.000483
32060.000000	0.500064	0.510478	0.797734	0.657704	0.000485
32061.000000	0.500057	0.510467	0.797729	0.657696	0.000487
32062.000000	0.500056	0.510461	0.797735	0.657706	0.000489
32063.000000	0.500059	0.510460	0.797739	0.657714	0.000503
32064.000000	0.500054	0.510458	0.797737	0.657710	0.000511
32065.000000	0.500050	0.510455	0.797737	0.657709	0.000503
32066.000000	0.500046	0.510450	0.797731	0.657700	0.000500
32067.000000	0.500040	0.510444	0.797724	0.657691	0.000497
32068.000000	0.500040	0.510437	0.797730	0.657701	0.000483
32069.000000	0.500039	0.510431	0.797730	0.657700	0.000475
32070.000000	0.500038	0.510439	0.797733	0.657705	0.000476
32071.000000	0.500042	0.510466	0.797729	0.657698	0.000477
32072.000000	0.500047	0.510479	0.797722	0.657688	0.000471
32073.000000	0.500047	0.510478	0.797722	0.657688	0.000460
32074.000000	0.500048	0.510488	0.797729	0.657700	0.000448
32075.000000	0.500048	0.510489	0.797724	0.657693	0.000444
32076.000000	0.500044	0.510486	0.797716	0.657681	0.000437
32077.000000	0.500044	0.510499	0.797717	0.657681	0.000431
32078.000000	0.500054	0.510511	0.797722	0.657690	0.000433
32079.000000	0.500050	0.510503	0.797717	0.657683	0.000437
32080.000000	0.500046	0.510499	0.797714	0.657678	0.000436
32081.000000	0.500042	0.510490	0.797721	0.657690	0.000433
32082.000000	0.500040	0.510496	0.797719	0.657687	0.000430
32083.000000	0.500039	0.510505	0.797720	0.657687	0.000415
32084.000000	0.500038	0.510523	0.797726	0.657697	0.000396
32085.000000	0.500044	0.510531	0.797727	0.657699	0.000396
32086.000000	0.500058	0.510540	0.797724	0.657695	0.000392
32087.000000	0.500060	0.510541	0.797726	0.657697	0.000378
32088.000000	0.500063	0.510538	0.797726	0.657697	0.000376
32089.000000	0.500060	0.510538	0.797726	0.657696	0.000389
32090.000000	0.500060	0.510543	0.797723	0.657692	0.000401
32091.000000	0.500058	0.510547	0.797719	0.657684	0.000405
32092.000000	0.500055	0.510548	0.797716	0.657680	0.000413
32093.000000	0.500056	0.510546	0.797717	0.657681	0.000424
32094.000000	0.500059	0.510540	0.797717	0.657680	0.000438
32095.000000	0.500055	0.510533	0.797711	0.657672	0.000441
32096.000000	0.500053	0.510526	0.797708	0.657667	0.000435
32097.000000	0.500053	0.510532	0.797710	0.657669	0.000446
32098.000000	0.500054	0.510537	0.797708	0.657665	0.000443
32099.000000	0.500059	0.510553	0.797707	0.657663	0.000432
32100.000000	0.500062	0.510581	0.797707	0.657662	0.000428
32101.000000	0.500068	0.510600	0.797705	0.657660	0.000422
32102.000000	0.500066	0.510596	0.797705	0.657659	0.000411
32103.000000	0.500059	0.510585	0.797708	0.657663	0.000401
32104.000000	0.500062	0.510578	0.797707	0.657661	0.000402
32105.000000	0.500066	0.510586	0.797710	0.657665	0.000411
32106.000000	0.500067	0.510588	0.797714	0.657672	0.000404
32107.000000	0.500066	0.510587	0.797716	0.657674	0.000392
32108.000000	0.500074	0.510594	0.797715	0.657672	0.000388
32109.000000	0.500080	0.510599	0.797713	0.657669	0.000375
32110.000000	0.500086	0.510597	0.797718	0.657676	0.000364
32111.000000	0.500090	0.510593	0.797725	0.657689	0.000343
32112.000000	0.500083	0.510588	0.797727	0.657691	0.000326
32113.000000	0.500083	0.510587	0.797725	0.657689	0.000334
32114.000000	0.500077	0.510581	0.797729	0.657693	0.000346
32115.000000	0.500072	0.510574	0.797727	0.657691	0.000354
32116.000000	0.500069	0.510577	0.797725	0.657686	0.000356
32117.000000	0.500065	0.510569	0.797731	0.657697	0.000351
32118.000000	0.500061	0.510563	0.797736	0.657706	0.000353
32119.000000	0.500060	0.510556	0.797742	0.657717	0.000370
32120.000000	0.500057	0.510554	0.797745	0.657721	0.000390
32121.000000	0.500068	0.510558	0.797746	0.657722	0.000403
32122.000000	0.500072	0.510563	0.797749	0.657727	0.000402
32123.000000	0.500071	0.510560	0.797751	0.657730	0.000401
32124.000000	0.500070	0.510552	0.797752	0.657731	0.000418
32125.000000	0.500065	0.510540	0.797760	0.657745	0.000437
32126.000000	0.500062	0.510532	0.797758	0.657743	0.000445
32127.000000	0.500058	0.510522	0.797759	0.657744	0.000447
32128.000000	0.500060	0.510516	0.797765	0.657754	0.000443
32129.000000	0.500058	0.510506	0.797760	0.657746	0.000435
32130.000000	0.500054	0.510496	0.797756	0.657740	0.000437
32131.000000	0.500051	0.510486	0.797756	0.657740	0.000451
32132.000000	0.500046	0.510482	0.797757	0.657740	0.000462
32133.000000	0.500046	0.510472	0.797757	0.657740	0.000456
32134.000000	0.500043	0.510465	0.797765	0.657755	0.000438
32135.000000	0.500038	0.510455	0.797768	0.657759	0.000429
32136.000000	0.500034	0.510451	0.797764	0.657752	0.000420
32137.000000	0.500041	0.510450	0.797765	0.657753	0.000400
32138.000000	0.500035	0.510450	0.797773	0.657767	0.000373
32139.000000	0.500035	0.510453	0.797774	0.657770	0.000354
32140.000000	0.500037	0.510462	0.797773	0.657766	0.000348
32141.000000	0.500035	0.510469	0.797774	0.657768	0.000349
32142.000000	0.500036	0.510461	0.797771	0.657763	0.000348
32143.000000	0.500038	0.510463	0.797770	0.657761	0.000350
32144.000000	0.500031	0.510456	0.797768	0.657758	0.000341
32145.000000	0.500020	0.510444	0.797765	0.657753	0.000331
32146.000000	0.500013	0.510437	0.797766	0.657754	0.000320
32147.000000	0.500012	0.510431	0.797770	0.657760	0.000316
32148.000000	0.500008	0.510430	0.797774	0.657766	0.000311
32149.000000	0.500004	0.510424	0.797772	0.657762	0.000306
32150.000000	0.499997	0.510416	0.797763	0.657750	0.000305
32151.000000	0.499990	0.510409	0.797755	0.657739	0.000307
32152.000000	0.499986	0.510403	0.797754	0.657737	0.000304
32153.000000	0.499985	0.510403	0.797761	0.657749	0.000291
32154.000000	0.499987	0.510395	0.797764	0.657754	0.000287
32155.000000	0.499986	0.510389	0.797764	0.657753	0.000290
32156.000000	0.499985	0.510388	0.797764	0.657752	0.000305
32157.000000	0.499987	0.510393	0.797765	0.657753	0.000318
32158.000000	0.499988	0.510401	0.797764	0.657752	0.000318
32159.000000	0.499989	0.510404	0.797761	0.657746	0.000309
32160.000000	0.499999	0.510399	0.797759	0.657742	0.000298
32161.000000	0.500009	0.510397	0.797757	0.657738	0.000286
32162.000000	0.500013	0.510390	0.797750	0.657729	0.000280
32163.000000	0.500015	0.510388	0.797756	0.657740	0.000294
32164.000000	0.500019	0.510394	0.797762	0.657750	0.000316
32165.000000	0.500020	0.510397	0.797769	0.657762	0.000337
32166.000000	0.500015	0.510389	0.797774	0.657770	0.000357
32167.000000	0.500014	0.510381	0.797774	0.657769	0.000367
32168.000000	0.500012	0.510375	0.797769	0.657763	0.000369
32169.000000	0.500008	0.510371	0.797766	0.657757	0.000367
32170.000000	0.500006	0.510364	0.797768	0.657760	0.000360
32171.000000	0.499998	0.510354	0.797768	0.657759	0.000350
32172.000000	0.499996	0.510351	0.797768	0.657760	0.000340
32173.000000	0.499996	0.510342	0.797766	0.657756	0.000329
32174.000000	0.499992	0.510332	0.797761	0.657748	0.000338
32175.000000	0.499987	0.510326	0.797759	0.657744	0.000342
32176.000000	0.499978	0.510320	0.797760	0.657745	0.000338
32177.000000	0.499977	0.510318	0.797759	0.657743	0.000348
32178.000000	0.499970	0.510312	0.797764	0.657751	0.000370
32179.000000	0.499961	0.510310	0.797770	0.657761	0.000390
32180.000000	0.499957	0.510310	0.797777	0.657773	0.000415
32181.000000	0.499960	0.510311	0.797785	0.657788	0.000433
32182.000000	0.499958	0.510313	0.797790	0.657797	0.000433
32183.000000	0.499955	0.510307	0.797788	0.657793	0.000431
32184.000000	0.499954	0.510298	0.797793	0.657802	0.000452
32185.000000	0.499951	0.510289	0.797797	0.657808	0.000469
32186.000000	0.499945	0.510281	0.797798	0.657809	0.000481
32187.000000	0.499940	0.510277	0.797799	0.657810	0.000493
32188.000000	0.499938	0.510283	0.797802	0.657814	0.000498
32189.000000	0.499941	0.510286	0.797803	0.657816	0.000485
32190.000000	0.499939	0.510284	0.797811	0.657830	0.000462
32191.000000	0.499934	0.510277	0.797813	0.657833	0.000444
32192.000000	0.499936	0.510273	0.797808	0.657826	0.000439
32193.000000	0.499929	0.510270	0.797801	0.657816	0.000444
32194.000000	0.499929	0.510283	0.797801	0.657815	0.000448
32195.000000	0.499929	0.510303	0.797800	0.657813	0.000451
32196.000000	0.499924	0.510316	0.797801	0.657813	0.000456
32197.000000	0.499926	0.510328	0.797798	0.657808	0.000463
32198.000000	0.499923	0.510329	0.797793	0.657800	0.000462
32199.000000	0.499923	0.510324	0.797795	0.657804	0.000461
32200.000000	0.499917	0.510318	0.797799	0.657810	0.000458
32201.000000	0.499921	0.510318	0.797798	0.657807	0.000462
32202.000000	0.499918	0.510314	0.797806	0.657823	0.000490
32203.000000	0.499920	0.510311	0.797807	0.657825	0.000498
32204.000000	0.499919	0.510320	0.797805	0.657821	0.000485
32205.000000	0.499921	0.510321	0.797803	0.657817	0.000473
32206.000000	0.499917	0.510312	0.797804	0.657818	0.000459
32207.000000	0.499917	0.510306	0.797809	0.657826	0.000447
32208.000000	0.499920	0.510311	0.797816	0.657838	0.000432
32209.000000	0.499919	0.510312	0.797811	0.657831	0.000423
32210.000000	0.499921	0.510314	0.797810	0.657828	0.000416
32211.000000	0.499917	0.510310	0.797810	0.657829	0.000411
32212.000000	0.499915	0.510308	0.797814	0.657834	0.000409
32213.000000	0.499913	0.510311	0.797815	0.657835	0.000408
32214.000000	0.499913	0.510311	0.797809	0.657826	0.000410
32215.000000	0.499910	0.510309	0.797803	0.657817	0.000401
32216.000000	0.499913	0.510313	0.797810	0.657830	0.000386
32217.000000	0.499913	0.510308	0.797808	0.657827	0.000383
32218.000000	0.499913	0.510309	0.797805	0.657822	0.000386
32219.000000	0.499913	0.510308	0.797811	0.657832	0.000375
32220.000000	0.499912	0.510309	0.797815	0.657840	0.000366
32221.000000	0.499907	0.510304	0.797815	0.657838	0.000366
32222.000000	0.499913	0.510306	0.797811	0.657833	0.000369
32223.000000	0.499914	0.510314	0.797815	0.657838	0.000373
32224.000000	0.499915	0.510318	0.797810	0.657831	0.000366
32225.000000	0.499917	0.510316	0.797810	0.657831	0.000358
32226.000000	0.499918	0.510324	0.797808	0.657827	0.000356
32227.000000	0.499929	0.510349	0.797802	0.657819	0.000352
32228.000000	0.499939	0.510373	0.797805	0.657823	0.000339
32229.000000	0.499943	0.510377	0.797800	0.657815	0.000336
32230.000000	0.499941	0.510382	0.797796	0.657809	0.000347
32231.000000	0.499943	0.510400	0.797798	0.657811	0.000361
32232.000000	0.499943	0.510419	0.797799	0.657813	0.000375
32233.000000	0.499939	0.510421	0.797805	0.657823	0.000390
32234.000000	0.499934	0.510425	0.797809	0.657830	0.000404
32235.000000	0.499932	0.510427	0.797814	0.657837	0.000416
32236.000000	0.499934	0.510427	0.797812	0.657834	0.000418
32237.000000	0.499937	0.510447	0.797809	0.657828	0.000412
32238.000000	0.499944	0.510454	0.797811	0.657831	0.000395
32239.000000	0.499956	0.510460	0.797805	0.657823	0.000396
32240.000000	0.499966	0.510493	0.797806	0.657824	0.000395
32241.000000	0.499966	0.510512	0.797813	0.657835	0.000392
32242.000000	0.499964	0.510515	0.797814	0.657837	0.000387
32243.000000	0.499959	0.510516	0.797814	0.657837	0.000375
32244.000000	0.499955	0.510518	0.797815	0.657837	0.000361
32245.000000	0.499957	0.510529	0.797821	0.657848	0.000338
32246.000000	0.499965	0.510548	0.797825	0.657854	0.000327
32247.000000	0.499963	0.510551	0.797824	0.657852	0.000323
32248.000000	0.499959	0.510551	0.797819	0.657844	0.000328
32249.000000	0.499954	0.510545	0.797814	0.657836	0.000331
32250.000000	0.499949	0.510540	0.797809	0.657829	0.000326
32251.000000	0.499943	0.510541	0.797804	0.657821	0.000320
32252.000000	0.499941	0.510544	0.797799	0.657813	0.000312
32253.000000	0.499944	0.510548	0.797800	0.657815	0.000310
32254.000000	0.499942	0.510541	0.797798	0.657811	0.000307
32255.000000	0.499939	0.510536	0.797797	0.657808	0.000310
32256.000000	0.499942	0.510529	0.797800	0.657814	0.000317
32257.000000	0.499937	0.510521	0.797803	0.657818	0.000328
32258.000000	0.499935	0.510523	0.797803	0.657817	0.000337
32259.000000	0.499936	0.510528	0.797799	0.657810	0.000344
32260.000000	0.499933	0.510524	0.797798	0.657809	0.000356
32261.000000	0.499936	0.510523	0.797797	0.657807	0.000362
32262.000000	0.499933	0.510523	0.797798	0.657808	0.000354
32263.000000	0.499931	0.510518	0.797801	0.657813	0.000333
32264.000000	0.499930	0.510511	0.797798	0.657806	0.000324
32265.000000	0.499932	0.510504	0.797796	0.657804	0.000311
32266.000000	0.499926	0.510496	0.797790	0.657795	0.000309
32267.000000	0.499926	0.510496	0.797788	0.657791	0.000302
32268.000000	0.499928	0.510505	0.797790	0.657794	0.000290
32269.000000	0.499923	0.510502	0.797786	0.657788	0.000278
32270.000000	0.499922	0.510512	0.797779	0.657777	0.000277
32271.000000	0.499923	0.510516	0.797772	0.657767	0.000277
32272.000000	0.499921	0.510519	0.797766	0.657758	0.000277
32273.000000	0.499918	0.510511	0.797768	0.657761	0.000281
32274.000000	0.499921	0.510508	0.797774	0.657772	0.000285
32275.000000	0.499929	0.510509	0.797775	0.657773	0.000282
32276.000000	0.499937	0.510506	0.797777	0.657775	0.000290
32277.000000	0.499938	0.510516	0.797779	0.657779	0.000299
32278.000000	0.499944	0.510530	0.797779	0.657778	0.000310
32279.000000	0.499956	0.510537	0.797783	0.657786	0.000326
32280.000000	0.499964	0.510551	0.797779	0.657778	0.000329
32281.000000	0.499966	0.510561	0.797775	0.657772	0.000322
32282.000000	0.499961	0.510563	0.797771	0.657765	0.000312
32283.000000	0.499956	0.510561	0.797766	0.657758	0.000305
32284.000000	0.499951	0.510560	0.797763	0.657753	0.000313
32285.000000	0.499948	0.510561	0.797765	0.657756	0.000325
32286.000000	0.499942	0.510557	0.797768	0.657760	0.000334
32287.000000	0.499943	0.510551	0.797767	0.657758	0.000344
32288.000000	0.499945	0.510550	0.797766	0.657756	0.000353
32289.000000	0.499949	0.510552	0.797768	0.657759	0.000352
32290.000000	0.499949	0.510557	0.797771	0.657763	0.000341
32291.000000	0.499951	0.510562	0.797777	0.657773	0.000317
32292.000000	0.499943	0.510556	0.797780	0.657778	0.000296
32293.000000	0.499938	0.510550	0.797779	0.657776	0.000278
32294.000000	0.499938	0.510544	0.797782	0.657781	0.000263
32295.000000	0.499948	0.510537	0.797780	0.657777	0.000257
32296.000000	0.499952	0.510544	0.797777	0.657772	0.000267
32297.000000	0.499949	0.510553	0.797779	0.657773	0.000272
32298.000000	0.499947	0.510544	0.797779	0.657774	0.000278
32299.000000	0.499957	0.510550	0.797784	0.657782	0.000287
32300.000000	0.499964	0.510550	0.797783	0.657780	0.000276
32301.000000	0.499964	0.510548	0.797787	0.657787	0.000271
32302.000000	0.499967	0.510551	0.797783	0.657780	0.000266
32303.000000	0.499970	0.510555	0.797785	0.657783	0.000253
32304.000000	0.499964	0.510553	0.797791	0.657795	0.000232
32305.000000	0.499961	0.510551	0.797790	0.657791	0.000224
32306.000000	0.499960	0.510548	0.797789	0.657790	0.000222
32307.000000	0.499969	0.510555	0.797787	0.657787	0.000227
32308.000000	0.499977	0.510574	0.797785	0.657783	0.000239
32309.000000	0.499981	0.510596	0.797784	0.657780	0.000256
32310.000000	0.499983	0.510616	0.797781	0.657775	0.000265
32311.000000	0.499988	0.510619	0.797779	0.657772	0.000270
32312.000000	0.500001	0.510623	0.797780	0.657773	0.000256
32313.000000	0.500000	0.510624	0.797780	0.657772	0.000243
32314.000000	0.499998	0.510617	0.797782	0.657774	0.000238
32315.000000	0.499997	0.510614	0.797790	0.657790	0.000230
32316.000000	0.500002	0.510612	0.797786	0.657783	0.000235
32317.000000	0.500001	0.510604	0.797786	0.657783	0.000250
32318.000000	0.500002	0.510592	0.797786	0.657783	0.000261
32319.000000	0.500001	0.510585	0.797782	0.657777	0.000268
32320.000000	0.499999	0.510585	0.797781	0.657774	0.000272
32321.000000	0.500003	0.510594	0.797786	0.657782	0.000274
32322.000000	0.500002	0.510598	0.797791	0.657790	0.000291
32323.000000	0.500007	0.510597	0.797792	0.657792	0.000308
32324.000000	0.500008	0.510590	0.797794	0.657794	0.000319
32325.000000	0.500009	0.510590	0.797801	0.657806	0.000314
32326.000000	0.500009	0.510582	0.797798	0.657801	0.000307
32327.000000	0.500006	0.510586	0.797796	0.657799	0.000302
32328.000000	0.499995	0.510575	0.797799	0.657803	0.000300
32329.000000	0.499996	0.510571	0.797795	0.657797	0.000303
32330.000000	0.500004	0.510568	0.797793	0.657793	0.000314
32331.000000	0.500007	0.510559	0.797790	0.657788	0.000317
32332.000000	0.500000	0.510546	0.797792	0.657791	0.000325
32333.000000	0.499995	0.510537	0.797788	0.657785	0.000329
32334.000000	0.499998	0.510543	0.797783	0.657777	0.000325
32335.000000	0.500002	0.510552	0.797781	0.657774	0.000331
32336.000000	0.500000	0.510563	0.797776	0.657766	0.000329
32337.000000	0.499994	0.510559	0.797774	0.657762	0.000311
32338.000000	0.499990	0.510559	0.797772	0.657758	0.000299
32339.000000	0.499988	0.510553	0.797766	0.657750	0.000301
32340.000000	0.499991	0.510564	0.797767	0.657751	0.000311
32341.000000	0.499989	0.510569	0.797763	0.657744	0.000310
32342.000000	0.499989	0.510575	0.797759	0.657738	0.000306
32343.000000	0.499990	0.510574	0.797756	0.657733	0.000300
32344.000000	0.499987	0.510564	0.797757	0.657735	0.000290
32345.000000	0.499990	0.510560	0.797765	0.657748	0.000281
32346.000000	0.499996	0.510564	0.797771	0.657758	0.000288
32347.000000	0.500000	0.510575	0.797769	0.657754	0.000289
32348.000000	0.499994	0.510565	0.797764	0.657748	0.000276
32349.000000	0.499989	0.510555	0.797765	0.657747	0.000262
32350.000000	0.499982	0.510544	0.797765	0.657748	0.000263
32351.000000	0.499976	0.510541	0.797767	0.657749	0.000273
32352.000000	0.499978	0.510538	0.797765	0.657747	0.000282
32353.000000	0.499979	0.510539	0.797762	0.657742	0.000285
32354.000000	0.499971	0.510531	0.797765	0.657746	0.000281
32355.000000	0.499974	0.510530	0.797771	0.657757	0.000265
32356.000000	0.499977	0.510525	0.797775	0.657763	0.000249
32357.000000	0.499972	0.510517	0.797780	0.657771	0.000233
32358.000000	0.499964	0.510509	0.797781	0.657772	0.000221
32359.000000	0.499960	0.510504	0.797779	0.657767	0.000216
32360.000000	0.499967	0.510508	0.797776	0.657762	0.000206
32361.000000	0.499970	0.510507	0.797775	0.657760	0.000209
32362.000000	0.499970	0.510502	0.797775	0.657761	0.000210
32363.000000	0.499968	0.510500	0.797770	0.657754	0.000216
32364.000000	0.499961	0.510491	0.797772	0.657756	0.000227
32365.000000	0.499958	0.510490	0.797776	0.657761	0.000240
32366.000000	0.499956	0.510479	0.797776	0.657761	0.000248
32367.000000	0.499968	0.510482	0.797775	0.657760	0.000254
32368.000000	0.499968	0.510477	0.797777	0.657763	0.000246
32369.000000	0.499963	0.510469	0.797779	0.657766	0.000234
32370.000000	0.499966	0.510466	0.797782	0.657770	0.000220
32371.000000	0.499966	0.510462	0.797780	0.657766	0.000209
32372.000000	0.499964	0.510460	0.797782	0.657770	0.000210
32373.000000	0.499956	0.510453	0.797788	0.657780	0.000225
32374.000000	0.499953	0.510454	0.797795	0.657792	0.000239
32375.000000	0.499962	0.510455	0.797792	0.657788	0.000234
32376.000000	0.499967	0.510448	0.797788	0.657781	0.000233
32377.000000	0.499965	0.510447	0.797783	0.657774	0.000237
32378.000000	0.499965	0.510459	0.797780	0.657768	0.000227
32379.000000	0.499962	0.510465	0.797779	0.657767	0.000222
32380.000000	0.499960	0.510468	0.797780	0.657767	0.000214
32381.000000	0.499973	0.510473	0.797776	0.657761	0.000212
32382.000000	0.499973	0.510475	0.797778	0.657764	0.000223
32383.000000	0.499973	0.510485	0.797781	0.657769	0.000243
32384.000000	0.499968	0.510483	0.797786	0.657776	0.000261
32385.000000	0.499970	0.510485	0.797785	0.657775	0.000267
32386.000000	0.499969	0.510486	0.797782	0.657769	0.000261
32387.000000	0.499969	0.510483	0.797786	0.657776	0.000255
32388.000000	0.499971	0.510473	0.797784	0.657773	0.000253
32389.000000	0.499968	0.510474	0.797785	0.657773	0.000269
32390.000000	0.499961	0.510466	0.797787	0.657776	0.000290
32391.000000	0.499956	0.510455	0.797786	0.657774	0.000296
32392.000000	0.499957	0.510448	0.797781	0.657766	0.000291
32393.000000	0.499961	0.510442	0.797777	0.657760	0.000282
32394.000000	0.499957	0.510444	0.797774	0.657754	0.000269
32395.000000	0.499956	0.510444	0.797771	0.657750	0.000269
32396.000000	0.499960	0.510444	0.797778	0.657762	0.000284
32397.000000	0.499958	0.510436	0.797775	0.657758	0.000282
32398.000000	0.499958	0.510451	0.797774	0.657755	0.000272
32399.000000	0.499961	0.510476	0.797774	0.657755	0.000254
32400.000000	0.499965	0.510489	0.797775	0.657756	0.000245
32401.000000	0.499964	0.510491	0.797775	0.657755	0.000235
32402.000000	0.499964	0.510498	0.797775	0.657756	0.000229
32403.000000	0.499962	0.510491	0.797777	0.657758	0.000229
32404.000000	0.499956	0.510486	0.797785	0.657773	0.000234
32405.000000	0.499961	0.510482	0.797790	0.657781	0.000217
32406.000000	0.499957	0.510477	0.797798	0.657794	0.000192
32407.000000	0.499957	0.510473	0.797798	0.657794	0.000181
32408.000000	0.499952	0.510470	0.797793	0.657787	0.000181
32409.000000	0.499947	0.510465	0.797797	0.657793	0.000192
32410.000000	0.499947	0.510463	0.797802	0.657801	0.000194
32411.000000	0.499945	0.510458	0.797798	0.657795	0.000181
32412.000000	0.499948	0.510456	0.797799	0.657797	0.000179
32413.000000	0.499951	0.510454	0.797802	0.657801	0.000191
32414.000000	0.499950	0.510453	0.797806	0.657807	0.000208
32415.000000	0.499949	0.510444	0.797811	0.657817	0.000218
32416.000000	0.499947	0.510435	0.797810	0.657814	0.000214
32417.000000	0.499943	0.510431	0.797809	0.657813	0.000204
32418.000000	0.499939	0.510430	0.797813	0.657819	0.000203
32419.000000	0.499939	0.510423	0.797810	0.657814	0.000209
32420.000000	0.499935	0.510419	0.797807	0.657808	0.000215
32421.000000	0.499938	0.510418	0.797813	0.657819	0.000234
32422.000000	0.499934	0.510413	0.797811	0.657816	0.000250
32423.000000	0.499934	0.510417	0.797806	0.657808	0.000255
32424.000000	0.499945	0.510434	0.797807	0.657809	0.000245
32425.000000	0.499949	0.510441	0.797814	0.657822	0.000241
32426.000000	0.499946	0.510435	0.797813	0.657819	0.000233
32427.000000	0.499947	0.510428	0.797816	0.657824	0.000213
32428.000000	0.499947	0.510417	0.797817	0.657825	0.000193
32429.000000	0.499940	0.510414	0.797812	0.657818	0.000184
32430.000000	0.499938	0.510409	0.797811	0.657815	0.000173
32431.000000	0.499933	0.510408	0.797811	0.657815	0.000160
32432.000000	0.499932	0.510405	0.797808	0.657810	0.000153
32433.000000	0.499935	0.510412	0.797803	0.657803	0.000155
32434.000000	0.499940	0.510425	0.797802	0.657799	0.000158
32435.000000	0.499949	0.510430	0.797801	0.657797	0.000153
32436.000000	0.499951	0.510433	0.797801	0.657797	0.000143
32437.000000	0.499949	0.510433	0.797802	0.657799	0.000146
32438.000000	0.499958	0.510428	0.797803	0.657799	0.000150
32439.000000	0.499960	0.510436	0.797810	0.657813	0.000150
32440.000000	0.499957	0.510431	0.797807	0.657807	0.000149
32441.000000	0.499952	0.510430	0.797803	0.657801	0.000148
32442.000000	0.499948	0.510423	0.797795	0.657790	0.000147
32443.000000	0.499954	0.510433	0.797789	0.657781	0.000149
32444.000000	0.499957	0.510437	0.797784	0.657773	0.000147
32445.000000	0.499951	0.510426	0.797777	0.657763	0.000154
32446.000000	0.499947	0.510418	0.797777	0.657762	0.000167
32447.000000	0.499942	0.510408	0.797775	0.657760	0.000179
32448.000000	0.499942	0.510403	0.797771	0.657753	0.000173
32449.000000	0.499942	0.510396	0.797767	0.657746	0.000169
32450.000000	0.499939	0.510388	0.797766	0.657745	0.000164
32451.000000	0.499937	0.510375	0.797765	0.657743	0.000157
32452.000000	0.499935	0.510367	0.797758	0.657732	0.000152
32453.000000	0.499935	0.510369	0.797755	0.657727	0.000156
32454.000000	0.499942	0.510381	0.797756	0.657729	0.000171
32455.000000	0.499947	0.510379	0.797751	0.657720	0.000173
32456.000000	0.499948	0.510378	0.797751	0.657720	0.000161
32457.000000	0.499953	0.510373	0.797750	0.657718	0.000157
32458.000000	0.499951	0.510370	0.797745	0.657710	0.000159
32459.000000	0.499952	0.510371	0.797742	0.657706	0.000158
32460.000000	0.499950	0.510365	0.797739	0.657700	0.000167
32461.000000	0.499960	0.510367	0.797734	0.657693	0.000168
32462.000000	0.499963	0.510380	0.797734	0.657692	0.000169
32463.000000	0.499964	0.510377	0.797726	0.657681	0.000168
32464.000000	0.499958	0.510366	0.797719	0.657671	0.000165
32465.000000	0.499954	0.510368	0.797719	0.657670	0.000156
32466.000000	0.499959	0.510370	0.797719	0.657669	0.000144
32467.000000	0.499962	0.510374	0.797718	0.657667	0.000151
32468.000000	0.499964	0.510374	0.797720	0.657670	0.000165
32469.000000	0.499972	0.510374	0.797719	0.657669	0.000182
32470.000000	0.499972	0.510372	0.797722	0.657673	0.000191
32471.000000	0.499971	0.510371	0.797728	0.657683	0.000184
32472.000000	0.499968	0.510368	0.797732	0.657689	0.000168
32473.000000	0.499964	0.510368	0.797738	0.657699	0.000166
32474.000000	0.499957	0.510364	0.797741	0.657705	0.000169
32475.000000	0.499953	0.510367	0.797745	0.657711	0.000178
32476.000000	0.499948	0.510369	0.797745	0.657710	0.000183
32477.000000	0.499949	0.510373	0.797740	0.657703	0.000193
32478.000000	0.499953	0.510368	0.797742	0.657704	0.000197
32479.000000	0.499951	0.510367	0.797744	0.657708	0.000192
32480.000000	0.499954	0.510360	0.797750	0.657718	0.000179
32481.000000	0.499952	0.510352	0.797750	0.657718	0.000174
32482.000000	0.499950	0.510342	0.797752	0.657720	0.000172
32483.000000	0.499959	0.510345	0.797750	0.657717	0.000166
32484.000000	0.499955	0.510336	0.797746	0.657711	0.000165
32485.000000	0.499961	0.510328	0.797748	0.657714	0.000158
32486.000000	0.499969	0.510329	0.797754	0.657724	0.000148
32487.000000	0.499970	0.510324	0.797752	0.657721	0.000144
32488.000000	0.499968	0.510331	0.797748	0.657714	0.000150
32489.000000	0.499966	0.510335	0.797745	0.657709	0.000149
32490.000000	0.499963	0.510324	0.797738	0.657699	0.000151
32491.000000	0.499964	0.510326	0.797736	0.657695	0.000157
32492.000000	0.499967	0.510330	0.797738	0.657698	0.000164
32493.000000	0.499975	0.510342	0.797738	0.657699	0.000161
32494.000000	0.499970	0.510342	0.797744	0.657708	0.000147
32495.000000	0.499968	0.510340	0.797749	0.657716	0.000133
32496.000000	0.499964	0.510338	0.797749	0.657716	0.000130
32497.000000	0.499965	0.510338	0.797757	0.657731	0.000130
32498.000000	0.499972	0.510347	0.797753	0.657724	0.000128
32499.000000	0.499971	0.510351	0.797745	0.657713	0.000125
32500.000000	0.499974	0.510346	0.797740	0.657705	0.000122
32501.000000	0.499979	0.510337	0.797735	0.657698	0.000110
32502.000000	0.499991	0.510339	0.797737	0.657700	0.000098
32503.000000	0.499989	0.510337	0.797735	0.657697	0.000096
32504.000000	0.499984	0.510329	0.797729	0.657688	0.000102
32505.000000	0.499986	0.510325	0.797727	0.657684	0.000100
32506.000000	0.499990	0.510321	0.797733	0.657696	0.000107
32507.000000	0.499987	0.510311	0.797733	0.657694	0.000118
32508.000000	0.499984	0.510320	0.797731	0.657691	0.000130
32509.000000	0.499979	0.510320	0.797735	0.657698	0.000150
32510.000000	0.499973	0.510316	0.797736	0.657699	0.000163
32511.000000	0.499971	0.510317	0.797732	0.657692	0.000169
32512.000000	0.499969	0.510318	0.797726	0.657684	0.000175
32513.000000	0.499966	0.510320	0.797722	0.657677	0.000168
32514.000000	0.499963	0.510320	0.797727	0.657686	0.000146
32515.000000	0.499959	0.510321	0.797734	0.657697	0.000130
32516.000000	0.499959	0.510329	0.797737	0.657703	0.000124
32517.000000	0.499957	0.510333	0.797742	0.657710	0.000120
32518.000000	0.499955	0.510333	0.797739	0.657705	0.000111
32519.000000	0.499957	0.510330	0.797739	0.657705	0.000101
32520.000000	0.499960	0.510340	0.797744	0.657712	0.000100
32521.000000	0.499964	0.510340	0.797747	0.657717	0.000103
32522.000000	0.499972	0.510337	0.797746	0.657715	0.000102
32523.000000	0.499969	0.510336	0.797745	0.657713	0.000101
32524.000000	0.499964	0.510332	0.797749	0.657719	0.000109
32525.000000	0.499956	0.510319	0.797747	0.657716	0.000116
32526.000000	0.499957	0.510313	0.797751	0.657722	0.000131
32527.000000	0.499966	0.510325	0.797758	0.657734	0.000132
32528.000000	0.499970	0.510342	0.797763	0.657742	0.000115
32529.000000	0.499968	0.510344	0.797766	0.657747	0.000098
32530.000000	0.499962	0.510336	0.797768	0.657750	0.000095
32531.000000	0.499956	0.510325	0.797771	0.657754	0.000093
32532.000000	0.499954	0.510319	0.797776	0.657762	0.000078
32533.000000	0.499953	0.510318	0.797782	0.657772	0.000057
32534.000000	0.499950	0.510310	0.797784	0.657775	0.000051
32535.000000	0.499949	0.510307	0.797782	0.657771	0.000058
32536.000000	0.499950	0.510313	0.797782	0.657772	0.000071
32537.000000	0.499953	0.510328	0.797781	0.657769	0.000069
32538.000000	0.499963	0.510361	0.797780	0.657767	0.000055
32539.000000	0.499972	0.510383	0.797778	0.657764	0.000049
32540.000000	0.499968	0.510380	0.797778	0.657764	0.000051
32541.000000	0.499972	0.510382	0.797773	0.657756	0.000051
32542.000000	0.499981	0.510386	0.797772	0.657753	0.000055
32543.000000	0.499986	0.510393	0.797774	0.657755	0.000056
32544.000000	0.499985	0.510396	0.797771	0.657751	0.000049
32545.000000	0.499984	0.510391	0.797765	0.657742	0.000047
32546.000000	0.499986	0.510382	0.797762	0.657737	0.000043
32547.000000	0.499983	0.510373	0.797762	0.657737	0.000035
32548.000000	0.499976	0.510367	0.797761	0.657734	0.000026
32549.000000	0.499972	0.510360	0.797759	0.657731	0.000012
32550.000000	0.499968	0.510359	0.797765	0.657741	-0.000009
32551.000000	0.499967	0.510353	0.797763	0.657738	-0.000025
32552.000000	0.499962	0.510347	0.797755	0.657726	-0.000026
32553.000000	0.499963	0.510341	0.797749	0.657717	-0.000020
32554.000000	0.499958	0.510337	0.797748	0.657716	-0.000005
32555.000000	0.499954	0.510337	0.797748	0.657715	0.000005
32556.000000	0.499951	0.510344	0.797747	0.657712	0.000016
32557.000000	0.499950	0.510357	0.797747	0.657712	0.000033
32558.000000	0.499951	0.510356	0.797750	0.657715	0.000048
32559.000000	0.499959	0.510361	0.797754	0.657723	0.000037
32560.000000	0.499971	0.510363	0.797755	0.657724	0.000026
32561.000000	0.499979	0.510375	0.797753	0.657721	0.000029
32562.000000	0.499990	0.510381	0.797751	0.657718	0.000034
32563.000000	0.499987	0.510375	0.797754	0.657722	0.000049
32564.000000	0.499995	0.510374	0.797749	0.657715	0.000050
32565.000000	0.499996	0.510385	0.797742	0.657704	0.000048
32566.000000	0.499997	0.510404	0.797736	0.657695	0.000051
32567.000000	0.499994	0.510402	0.797734	0.657692	0.000059
32568.000000	0.499994	0.510396	0.797728	0.657683	0.000058
32569.000000	0.499993	0.510399	0.797724	0.657676	0.000052
32570.000000	0.499993	0.510410	0.797728	0.657683	0.000039
32571.000000	0.499995	0.510411	0.797726	0.657679	0.000038
32572.000000	0.499991	0.510408	0.797733	0.657692	0.000056
32573.000000	0.499985	0.510402	0.797740	0.657703	0.000075
32574.000000	0.499981	0.510408	0.797746	0.657713	0.000087
32575.000000	0.499982	0.510412	0.797742	0.657707	0.000096
32576.000000	0.499981	0.510418	0.797736	0.657698	0.000092
32577.000000	0.499979	0.510421	0.797730	0.657690	0.000085
32578.000000	0.499975	0.510425	0.797724	0.657680	0.000082
32579.000000	0.499975	0.510425	0.797722	0.657676	0.000069
32580.000000	0.499974	0.510444	0.797724	0.657679	0.000064
32581.000000	0.499974	0.510451	0.797726	0.657682	0.000072
32582.000000	0.499971	0.510453	0.797732	0.657694	0.000086
32583.000000	0.499971	0.510454	0.797739	0.657706	0.000099
32584.000000	0.499967	0.510448	0.797740	0.657706	0.000099
32585.000000	0.499965	0.510439	0.797747	0.657720	0.000090
32586.000000	0.499959	0.510430	0.797750	0.657724	0.000079
32587.000000	0.499949	0.510419	0.797751	0.657724	0.000073
32588.000000	0.499942	0.510408	0.797757	0.657734	0.000064
32589.000000	0.499941	0.510403	0.797760	0.657740	0.000049
32590.000000	0.499937	0.510401	0.797758	0.657736	0.000038
32591.000000	0.499933	0.510396	0.797759	0.657737	0.000027
32592.000000	0.499929	0.510388	0.797761	0.657739	0.000026
32593.000000	0.499925	0.510388	0.797766	0.657748	0.000034
32594.000000	0.499917	0.510378	0.797771	0.657756	0.000035
32595.000000	0.499913	0.510368	0.797774	0.657761	0.000032
32596.000000	0.499910	0.510361	0.797772	0.657758	0.000027
32597.000000	0.499916	0.510368	0.797771	0.657755	0.000018
32598.000000	0.499929	0.510380	0.797770	0.657754	0.000015
32599.000000	0.499937	0.510388	0.797769	0.657751	0.000026
32600.000000	0.499937	0.510390	0.797766	0.657746	0.000029
32601.000000	0.499935	0.510384	0.797762	0.657740	0.000027
32602.000000	0.499935	0.510388	0.797763	0.657741	0.000022
32603.000000	0.499935	0.510384	0.797762	0.657739	0.000011
32604.000000	0.499935	0.510377	0.797763	0.657740	-0.000005
32605.000000	0.499933	0.510376	0.797761	0.657736	-0.000018
32606.000000	0.499928	0.510368	0.797757	0.657729	-0.000029
32607.000000	0.499925	0.510362	0.797754	0.657725	-0.000029
32608.000000	0.499939	0.510365	0.797755	0.657726	-0.000039
32609.000000	0.499940	0.510360	0.797763	0.657739	-0.000059
32610.000000	0.499938	0.510359	0.797756	0.657730	-0.000070
32611.000000	0.499939	0.510358	0.797750	0.657721	-0.000076
32612.000000	0.499942	0.510356	0.797747	0.657717	-0.000079
32613.000000	0.499942	0.510348	0.797750	0.657722	-0.000092
32614.000000	0.499939	0.510348	0.797752	0.657724	-0.000106
32615.000000	0.499938	0.510354	0.797748	0.657717	-0.000111
32616.000000	0.499938	0.510350	0.797745	0.657712	-0.000104
32617.000000	0.499933	0.510346	0.797742	0.657708	-0.000093
32618.000000	0.499931	0.510349	0.797736	0.657698	-0.000091
32619.000000	0.499934	0.510357	0.797730	0.657689	-0.000092
32620.000000	0.499932	0.510362	0.797729	0.657687	-0.000104
32621.000000	0.499929	0.510361	0.797726	0.657682	-0.000112
32622.000000	0.499932	0.510368	0.797724	0.657678	-0.000116
32623.000000	0.499932	0.510366	0.797722	0.657675	-0.000125
32624.000000	0.499930	0.510364	0.797716	0.657666	-0.000124
32625.000000	0.499932	0.510368	0.797719	0.657670	-0.000122
32626.000000	0.499930	0.510371	0.797716	0.657665	-0.000119
32627.000000	0.499927	0.510375	0.797711	0.657658	-0.000111
32628.000000	0.499931	0.510374	0.797708	0.657653	-0.000109
32629.000000	0.499933	0.510371	0.797702	0.657643	-0.000106
32630.000000	0.499931	0.510365	0.797696	0.657635	-0.000104
32631.000000	0.499934	0.510368	0.797700	0.657641	-0.000096
32632.000000	0.499939	0.510380	0.797703	0.657646	-0.000098
32633.000000	0.499947	0.510387	0.797697	0.657637	-0.000100
32634.000000	0.499948	0.510389	0.797696	0.657635	-0.000091
32635.000000	0.499940	0.510385	0.797694	0.657632	-0.000084
32636.000000	0.499938	0.510378	0.797697	0.657636	-0.000074
32637.000000	0.499942	0.510383	0.797699	0.657640	-0.000071
32638.000000	0.499950	0.510392	0.797697	0.657636	-0.000077
32639.000000	0.499953	0.510403	0.797695	0.657632	-0.000079
32640.000000	0.499959	0.510408	0.797697	0.657634	-0.000085
32641.000000	0.499962	0.510412	0.797700	0.657640	-0.000094
32642.000000	0.499960	0.510404	0.797698	0.657635	-0.000098
32643.000000	0.499955	0.510396	0.797697	0.657634	-0.000089
32644.000000	0.499954	0.510395	0.797701	0.657641	-0.000087
32645.000000	0.499955	0.510396	0.797699	0.657637	-0.000085
32646.000000	0.499959	0.510395	0.797700	0.657638	-0.000073
32647.000000	0.499958	0.510395	0.797702	0.657640	-0.000069
32648.000000	0.499950	0.510386	0.797699	0.657635	-0.000075
32649.000000	0.499943	0.510382	0.797699	0.657636	-0.000089
32650.000000	0.499938	0.510378	0.797703	0.657641	-0.000099
32651.000000	0.499939	0.510372	0.797701	0.657638	-0.000105
32652.000000	0.499940	0.510363	0.797698	0.657633	-0.000112
32653.000000	0.499941	0.510356	0.797697	0.657630	-0.000118
32654.000000	0.499945	0.510355	0.797695	0.657626	-0.000127
32655.000000	0.499949	0.510364	0.797699	0.657633	-0.000129
32656.000000	0.499952	0.510363	0.797704	0.657641	-0.000120
32657.000000	0.499954	0.510362	0.797702	0.657638	-0.000111
32658.000000	0.499953	0.510358	0.797702	0.657638	-0.000105
32659.000000	0.499947	0.510352	0.797706	0.657645	-0.000093
32660.000000	0.499943	0.510341	0.797702	0.657638	-0.000082
32661.000000	0.499943	0.510340	0.797702	0.657637	-0.000070
32662.000000	0.499939	0.510335	0.797700	0.657633	-0.000060
32663.000000	0.499932	0.510324	0.797700	0.657634	-0.000051
32664.000000	0.499931	0.510327	0.797702	0.657636	-0.000037
32665.000000	0.499935	0.510331	0.797703	0.657637	-0.000035
32666.000000	0.499934	0.510339	0.797710	0.657649	-0.000041
32667.000000	0.499933	0.510345	0.797711	0.657650	-0.000045
32668.000000	0.499930	0.510353	0.797708	0.657645	-0.000046
32669.000000	0.499934	0.510365	0.797711	0.657651	-0.000046
32670.000000	0.499933	0.510363	0.797712	0.657651	-0.000054
32671.000000	0.499936	0.510371	0.797717	0.657661	-0.000070
32672.000000	0.499932	0.510369	0.797718	0.657663	-0.000086
32673.000000	0.499926	0.510364	0.797721	0.657667	-0.000094
32674.000000	0.499927	0.510367	0.797726	0.657674	-0.000105
32675.000000	0.499924	0.510358	0.797729	0.657679	-0.000117
32676.000000	0.499928	0.510349	0.797727	0.657675	-0.000124
32677.000000	0.499928	0.510349	0.797722	0.657669	-0.000129
32678.000000	0.499928	0.510345	0.797727	0.657676	-0.000143
32679.000000	0.499935	0.510347	0.797734	0.657688	-0.000150
32680.000000	0.499940	0.510341	0.797737	0.657693	-0.000154
32681.000000	0.499936	0.510335	0.797739	0.657696	-0.000168
32682.000000	0.499933	0.510336	0.797746	0.657709	-0.000193
32683.000000	0.499932	0.510342	0.797753	0.657721	-0.000216
32684.000000	0.499933	0.510336	0.797761	0.657736	-0.000219
32685.000000	0.499930	0.510330	0.797765	0.657741	-0.000212
32686.000000	0.499932	0.510336	0.797764	0.657740	-0.000203
32687.000000	0.499931	0.510336	0.797762	0.657736	-0.000199
32688.000000	0.499926	0.510328	0.797765	0.657739	-0.000190
32689.000000	0.499929	0.510322	0.797768	0.657745	-0.000178
32690.000000	0.499926	0.510312	0.797768	0.657744	-0.000179
32691.000000	0.499920	0.510309	0.797769	0.657745	-0.000184
32692.000000	0.499919	0.510306	0.797774	0.657753	-0.000200
32693.000000	0.499919	0.510301	0.797776	0.657756	-0.000218
32694.000000	0.499923	0.510302	0.797776	0.657755	-0.000212
32695.000000	0.499926	0.510308	0.797782	0.657766	-0.000201
32696.000000	0.499930	0.510327	0.797781	0.657765	-0.000200
32697.000000	0.499931	0.510328	0.797780	0.657762	-0.000193
32698.000000	0.499930	0.510329	0.797779	0.657760	-0.000182
32699.000000	0.499927	0.510335	0.797777	0.657757	-0.000180
32700.000000	0.499922	0.510342	0.797773	0.657751	-0.000180
32701.000000	0.499923	0.510343	0.797771	0.657747	-0.000168
32702.000000	0.499925	0.510350	0.797777	0.657757	-0.000144
32703.000000	0.499926	0.510351	0.797781	0.657764	-0.000123
32704.000000	0.499924	0.510342	0.797776	0.657756	-0.000112
32705.000000	0.499928	0.510336	0.797775	0.657755	-0.000105
32706.000000	0.499930	0.510330	0.797777	0.657758	-0.000090
32707.000000	0.499934	0.510341	0.797777	0.657758	-0.000095
32708.000000	0.499935	0.510355	0.797784	0.657769	-0.000108
32709.000000	0.499933	0.510354	0.797785	0.657772	-0.000124
32710.000000	0.499933	0.510353	0.797780	0.657764	-0.000127
32711.000000	0.499925	0.510351	0.797775	0.657757	-0.000127
32712.000000	0.499929	0.510374	0.797778	0.657761	-0.000139
32713.000000	0.499937	0.510399	0.797782	0.657767	-0.000154
32714.000000	0.499951	0.510419	0.797781	0.657765	-0.000160
32715.000000	0.499955	0.510432	0.797774	0.657755	-0.000160
32716.000000	0.499956	0.510433	0.797771	0.657750	-0.000163
32717.000000	0.499958	0.510437	0.797766	0.657742	-0.000156
32718.000000	0.499976	0.510438	0.797764	0.657739	-0.000154
32719.000000	0.499981	0.510440	0.797760	0.657732	-0.000157
32720.000000	0.499986	0.510445	0.797754	0.657723	-0.000154
32721.000000	0.499990	0.510454	0.797760	0.657735	-0.000142
32722.000000	0.499993	0.510451	0.797763	0.657740	-0.000140
32723.000000	0.499991	0.510444	0.797762	0.657737	-0.000134
32724.000000	0.499987	0.510437	0.797763	0.657738	-0.000132
32725.000000	0.499984	0.510433	0.797761	0.657735	-0.000138
32726.000000	0.499989	0.510436	0.797754	0.657724	-0.000134
32727.000000	0.499991	0.510433	0.797751	0.657719	-0.000128
32728.000000	0.499987	0.510432	0.797747	0.657713	-0.000131
32729.000000	0.499985	0.510443	0.797745	0.657709	-0.000144
32730.000000	0.499987	0.510454	0.797753	0.657724	-0.000163
32731.000000	0.499983	0.510449	0.797756	0.657728	-0.000173
32732.000000	0.499980	0.510440	0.797761	0.657738	-0.000179
32733.000000	0.499980	0.510435	0.797766	0.657746	-0.000191
32734.000000	0.499985	0.510431	0.797766	0.657745	-0.000198
32735.000000	0.499980	0.510424	0.797769	0.657750	-0.000192
32736.000000	0.499979	0.510417	0.797775	0.657759	-0.000178
32737.000000	0.499976	0.510408	0.797771	0.657753	-0.000177
32738.000000	0.499979	0.510409	0.797766	0.657746	-0.000176
32739.000000	0.499979	0.510407	0.797764	0.657742	-0.000178
32740.000000	0.499975	0.510409	0.797758	0.657733	-0.000187
32741.000000	0.499974	0.510410	0.797753	0.657726	-0.000194
32742.000000	0.499966	0.510404	0.797751	0.657722	-0.000197
32743.000000	0.499961	0.510399	0.797749	0.657719	-0.000197
32744.000000	0.499957	0.510392	0.797747	0.657715	-0.000200
32745.000000	0.499949	0.510383	0.797745	0.657711	-0.000207
32746.000000	0.499943	0.510371	0.797744	0.657708	-0.000206
32747.000000	0.499940	0.510364	0.797750	0.657719	-0.000189
32748.000000	0.499940	0.510354	0.797755	0.657726	-0.000166
32749.000000	0.499943	0.510354	0.797753	0.657722	-0.000158
32750.000000	0.499941	0.510351	0.797758	0.657731	-0.000157
32751.000000	0.499936	0.510347	0.797764	0.657742	-0.000163
32752.000000	0.499934	0.510343	0.797766	0.657745	-0.000156
32753.000000	0.499929	0.510343	0.797769	0.657749	-0.000142
32754.000000	0.499927	0.510345	0.797768	0.657748	-0.000134
32755.000000	0.499925	0.510353	0.797765	0.657742	-0.000130
32756.000000	0.499921	0.510352	0.797762	0.657737	-0.000133
32757.000000	0.499922	0.510345	0.797762	0.657736	-0.000137
32758.000000	0.499922	0.510341	0.797761	0.657734	-0.000136
32759.000000	0.499922	0.510342	0.797760	0.657732	-0.000120
32760.000000	0.499922	0.510340	0.797757	0.657727	-0.000112
32761.000000	0.499921	0.510342	0.797754	0.657722	-0.000109
32762.000000	0.499918	0.510340	0.797748	0.657713	-0.000109
32763.000000	0.499920	0.510336	0.797743	0.657706	-0.000112
32764.000000	0.499927	0.510341	0.797746	0.657711	-0.000113
32765.000000	0.499931	0.510345	0.797754	0.657725	-0.000108
32766.000000	0.499941	0.510350	0.797757	0.657730	-0.000100
32767.000000	0.499940	0.510351	0.797759	0.657732	-0.000087
32768.000000	0.499936	0.510350	0.797767	0.657746	-0.000072
32769.000000	0.499935	0.510347	0.797771	0.657754	-0.000049
32770.000000	0.499931	0.510344	0.797778	0.657766	-0.000024
32771.000000	0.499924	0.510340	0.797780	0.657768	-0.000010
32772.000000	0.499922	0.510341	0.797780	0.657768	-0.000010
32773.000000	0.499915	0.510335	0.797775	0.657760	-0.000014
32774.000000	0.499910	0.510331	0.797769	0.657751	-0.000017
32775.000000	0.499907	0.510324	0.797772	0.657756	-0.000035
32776.000000	0.499903	0.510318	0.797777	0.657765	-0.000056
32777.000000	0.499903	0.510315	0.797773	0.657758	-0.000068
32778.000000	0.499902	0.510316	0.797769	0.657752	-0.000076
32779.000000	0.499899	0.510319	0.797767	0.657748	-0.000079
32780.000000	0.499899	0.510325	0.797770	0.657754	-0.000080
32781.000000	0.499895	0.510327	0.797771	0.657754	-0.000082
32782.000000	0.499894	0.510330	0.797772	0.657755	-0.000080
32783.000000	0.499894	0.510322	0.797770	0.657752	-0.000077
32784.000000	0.499889	0.510313	0.797768	0.657748	-0.000077
32785.000000	0.499883	0.510311	0.797769	0.657749	-0.000071
32786.000000	0.499882	0.510307	0.797770	0.657749	-0.000067
32787.000000	0.499880	0.510306	0.797770	0.657749	-0.000067
32788.000000	0.499876	0.510311	0.797774	0.657755	-0.000054
32789.000000	0.499880	0.510339	0.797775	0.657757	-0.000042
32790.000000	0.499889	0.510348	0.797775	0.657757	-0.000051
32791.000000	0.499893	0.510345	0.797778	0.657761	-0.000072
32792.000000	0.499891	0.510336	0.797780	0.657764	-0.000081
32793.000000	0.499895	0.510332	0.797787	0.657775	-0.000081
32794.000000	0.499897	0.510328	0.797794	0.657788	-0.000080
32795.000000	0.499890	0.510321	0.797796	0.657791	-0.000077
32796.000000	0.499887	0.510314	0.797800	0.657798	-0.000088
32797.000000	0.499889	0.510319	0.797798	0.657794	-0.000099
32798.000000	0.499885	0.510311	0.797793	0.657786	-0.000093
32799.000000	0.499887	0.510306	0.797791	0.657782	-0.000100
32800.000000	0.499887	0.510307	0.797796	0.657790	-0.000123
32801.000000	0.499883	0.510301	0.797795	0.657789	-0.000137
32802.000000	0.499880	0.510291	0.797792	0.657783	-0.000146
32803.000000	0.499874	0.510282	0.797788	0.657778	-0.000143
32804.000000	0.499872	0.510274	0.797783	0.657769	-0.000138
32805.000000	0.499868	0.510268	0.797776	0.657759	-0.000143
32806.000000	0.499861	0.510264	0.797772	0.657753	-0.000153
32807.000000	0.499857	0.510259	0.797775	0.657757	-0.000166
32808.000000	0.499850	0.510257	0.797775	0.657757	-0.000181
32809.000000	0.499849	0.510252	0.797777	0.657760	-0.000192
32810.000000	0.499850	0.510242	0.797778	0.657760	-0.000185
32811.000000	0.499840	0.510232	0.797777	0.657759	-0.000172
32812.000000	0.499837	0.510236	0.797774	0.657754	-0.000167
32813.000000	0.499839	0.510262	0.797773	0.657752	-0.000170
32814.000000	0.499843	0.510281	0.797780	0.657764	-0.000190
32815.000000	0.499844	0.510289	0.797777	0.657759	-0.000202
32816.000000	0.499843	0.510291	0.797782	0.657766	-0.000201
32817.000000	0.499844	0.510292	0.797786	0.657774	-0.000184
32818.000000	0.499847	0.510287	0.797784	0.657771	-0.000176
32819.000000	0.499847	0.510290	0.797781	0.657765	-0.000187
32820.000000	0.499853	0.510307	0.797784	0.657770	-0.000200
32821.000000	0.499854	0.510315	0.797784	0.657769	-0.000192
32822.000000	0.499860	0.510328	0.797792	0.657783	-0.000174
32823.000000	0.499857	0.510330	0.797794	0.657786	-0.000178
32824.000000	0.499851	0.510323	0.797793	0.657784	-0.000188
32825.000000	0.499845	0.510317	0.797787	0.657775	-0.000197
32826.000000	0.499843	0.510312	0.797785	0.657771	-0.000202
32827.000000	0.499841	0.510304	0.797785	0.657771	-0.000197
32828.000000	0.499840	0.510300	0.797791	0.657781	-0.000188
32829.000000	0.499840	0.510293	0.797787	0.657775	-0.000194
32830.000000	0.499841	0.510294	0.797785	0.657770	-0.000202
32831.000000	0.499844	0.510297	0.797782	0.657766	-0.000211
32832.000000	0.499837	0.510292	0.797779	0.657761	-0.000213
32833.000000	0.499831	0.510282	0.797777	0.657757	-0.000216
32834.000000	0.499835	0.510278	0.797773	0.657751	-0.000224
32835.000000	0.499842	0.510275	0.797772	0.657748	-0.000238
32836.000000	0.499841	0.510279	0.797764	0.657738	-0.000243
32837.000000	0.499847	0.510296	0.797763	0.657736	-0.000230
32838.000000	0.499842	0.510300	0.797767	0.657741	-0.000215
32839.000000	0.499840	0.510307	0.797771	0.657747	-0.000208
32840.000000	0.499840	0.510304	0.797776	0.657757	-0.000212
32841.000000	0.499838	0.510306	0.797778	0.657760	-0.000220
32842.000000	0.499837	0.510303	0.797778	0.657759	-0.000234
32843.000000	0.499836	0.510307	0.797781	0.657763	-0.000238
32844.000000	0.499832	0.510306	0.797782	0.657765	-0.000231
32845.000000	0.499829	0.510299	0.797782	0.657763	-0.000227
32846.000000	0.499830	0.510295	0.797784	0.657767	-0.000230
32847.000000	0.499828	0.510294	0.797785	0.657767	-0.000231
32848.000000	0.499827	0.510299	0.797778	0.657757	-0.000232
32849.000000	0.499827	0.510304	0.797773	0.657750	-0.000240
32850.000000	0.499830	0.510303	0.797772	0.657746	-0.000241
32851.000000	0.499833	0.510310	0.797770	0.657743	-0.000234
32852.000000	0.499841	0.510317	0.797771	0.657745	-0.000246
32853.000000	0.499840	0.510323	0.797772	0.657745	-0.000264
32854.000000	0.499840	0.510323	0.797771	0.657743	-0.000274
32855.000000	0.499839	0.510318	0.797773	0.657747	-0.000269
32856.000000	0.499844	0.510313	0.797776	0.657752	-0.000261
32857.000000	0.499856	0.510309	0.797775	0.657748	-0.000253
32858.000000	0.499860	0.510305	0.797771	0.657743	-0.000244
32859.000000	0.499861	0.510296	0.797771	0.657742	-0.000246
32860.000000	0.499867	0.510290	0.797775	0.657747	-0.000260
32861.000000	0.499872	0.510295	0.797778	0.657752	-0.000274
32862.000000	0.499877	0.510304	0.797782	0.657758	-0.000287
32863.000000	0.499889	0.510301	0.797782	0.657758	-0.000291
32864.000000	0.499895	0.510307	0.797781	0.657757	-0.000290
32865.000000	0.499893	0.510307	0.797776	0.657749	-0.000278
32866.000000	0.499891	0.510320	0.797781	0.657758	-0.000260
32867.000000	0.499891	0.510323	0.797786	0.657765	-0.000249
32868.000000	0.499891	0.510328	0.797786	0.657766	-0.000242
32869.000000	0.499891	0.510332	0.797782	0.657759	-0.000237
32870.000000	0.499887	0.510338	0.797782	0.657758	-0.000238
32871.000000	0.499886	0.510330	0.797785	0.657762	-0.000253
32872.000000	0.499888	0.510327	0.797790	0.657770	-0.000269
32873.000000	0.499885	0.510319	0.797788	0.657767	-0.000267
32874.000000	0.499890	0.510319	0.797787	0.657765	-0.000267
32875.000000	0.499890	0.510312	0.797781	0.657756	-0.000264
32876.000000	0.499891	0.510316	0.797781	0.657755	-0.000268
32877.000000	0.499890	0.510314	0.797783	0.657758	-0.000264
32878.000000	0.499888	0.510309	0.797780	0.657753	-0.000265
32879.000000	0.499885	0.510315	0.797776	0.657746	-0.000274
32880.000000	0.499883	0.510322	0.797774	0.657743	-0.000283
32881.000000	0.499890	0.510324	0.797772	0.657739	-0.000299
32882.000000	0.499892	0.510327	0.797775	0.657745	-0.000307
32883.000000	0.499897	0.510333	0.797775	0.657744	-0.000302
32884.000000	0.499899	0.510336	0.797771	0.657737	-0.000295
32885.000000	0.499899	0.510327	0.797765	0.657729	-0.000297
32886.000000	0.499897	0.510323	0.797761	0.657721	-0.000297
32887.000000	0.499895	0.510315	0.797759	0.657719	-0.000281
32888.000000	0.499885	0.510304	0.797763	0.657724	-0.000262
32889.000000	0.499881	0.510296	0.797764	0.657725	-0.000251
32890.000000	0.499873	0.510287	0.797759	0.657718	-0.000247
32891.000000	0.499868	0.510280	0.797754	0.657710	-0.000244
32892.000000	0.499863	0.510270	0.797757	0.657714	-0.000233
32893.000000	0.499861	0.510261	0.797759	0.657717	-0.000235
32894.000000	0.499866	0.510253	0.797763	0.657723	-0.000245
32895.000000	0.499867	0.510254	0.797770	0.657737	-0.000253
32896.000000	0.499870	0.510261	0.797770	0.657736	-0.000250
32897.000000	0.499871	0.510284	0.797766	0.657729	-0.000249
32898.000000	0.499883	0.510299	0.797760	0.657720	-0.000241
32899.000000	0.499885	0.510302	0.797767	0.657733	-0.000252
32900.000000	0.499882	0.510294	0.797775	0.657747	-0.000270
32901.000000	0.499886	0.510296	0.797774	0.657746	-0.000282
32902.000000	0.499887	0.510291	0.797771	0.657741	-0.000291
32903.000000	0.499890	0.510294	0.797775	0.657746	-0.000312
32904.000000	0.499893	0.510301	0.797781	0.657757	-0.000332
32905.000000	0.499893	0.510309	0.797782	0.657759	-0.000344
32906.000000	0.499897	0.510321	0.797780	0.657755	-0.000355
32907.000000	0.499898	0.510332	0.797784	0.657761	-0.000372
32908.000000	0.499895	0.510337	0.797789	0.657770	-0.000385
32909.000000	0.499897	0.510333	0.797784	0.657763	-0.000381
32910.000000	0.499896	0.510323	0.797789	0.657771	-0.000379
32911.000000	0.499894	0.510316	0.797795	0.657781	-0.000394
32912.000000	0.499891	0.510312	0.797803	0.657795	-0.000410
32913.000000	0.499888	0.510317	0.797810	0.657807	-0.000414
32914.000000	0.499882	0.510308	0.797814	0.657815	-0.000410
32915.000000	0.499876	0.510303	0.797809	0.657807	-0.000406
32916.000000	0.499874	0.510302	0.797804	0.657799	-0.000403
32917.000000	0.499876	0.510300	0.797809	0.657807	-0.000382
32918.000000	0.499873	0.510297	0.797810	0.657808	-0.000366
32919.000000	0.499878	0.510311	0.797811	0.657809	-0.000369
32920.000000	0.499891	0.510334	0.797816	0.657817	-0.000384
32921.000000	0.499902	0.510350	0.797823	0.657829	-0.000390
32922.000000	0.499905	0.510355	0.797831	0.657845	-0.000378
32923.000000	0.499902	0.510354	0.797837	0.657856	-0.000365
32924.000000	0.499906	0.510363	0.797840	0.657860	-0.000356
32925.000000	0.499910	0.510374	0.797837	0.657856	-0.000369
32926.000000	0.499910	0.510373	0.797844	0.657868	-0.000393
32927.000000	0.499911	0.510368	0.797842	0.657865	-0.000405
32928.000000	0.499907	0.510363	0.797839	0.657860	-0.000399
32929.000000	0.499903	0.510354	0.797844	0.657867	-0.000395
32930.000000	0.499902	0.510352	0.797849	0.657877	-0.000398
32931.000000	0.499895	0.510343	0.797845	0.657871	-0.000404
32932.000000	0.499895	0.510340	0.797848	0.657876	-0.000409
32933.000000	0.499889	0.510332	0.797847	0.657873	-0.000405
32934.000000	0.499884	0.510323	0.797845	0.657869	-0.000398
32935.000000	0.499876	0.510319	0.797840	0.657862	-0.000395
32936.000000	0.499870	0.510319	0.797835	0.657853	-0.000390
32937.000000	0.499871	0.510318	0.797836	0.657855	-0.000385
32938.000000	0.499878	0.510310	0.797833	0.657850	-0.000384
32939.000000	0.499879	0.510301	0.797830	0.657845	-0.000383
32940.000000	0.499874	0.510295	0.797824	0.657836	-0.000387
32941.000000	0.499872	0.510291	0.797823	0.657835	-0.000387
32942.000000	0.499864	0.510283	0.797822	0.657832	-0.000389
32943.000000	0.499863	0.510286	0.797828	0.657842	-0.000397
32944.000000	0.499871	0.510296	0.797827	0.657841	-0.000402
32945.000000	0.499878	0.510301	0.797824	0.657836	-0.000408
32946.000000	0.499876	0.510302	0.797822	0.657832	-0.000404
32947.000000	0.499877	0.510306	0.797817	0.657824	-0.000400
32948.000000	0.499882	0.510310	0.797813	0.657818	-0.000404
32949.000000	0.499878	0.510304	0.797810	0.657812	-0.000404
32950.000000	0.499873	0.510301	0.797811	0.657815	-0.000400
32951.000000	0.499868	0.510296	0.797821	0.657832	-0.000383
32952.000000	0.499867	0.510292	0.797819	0.657830	-0.000370
32953.000000	0.499866	0.510291	0.797812	0.657819	-0.000367
32954.000000	0.499868	0.510282	0.797809	0.657814	-0.000372
32955.000000	0.499865	0.510270	0.797808	0.657812	-0.000383
32956.000000	0.499867	0.510264	0.797802	0.657803	-0.000382
32957.000000	0.499876	0.510272	0.797806	0.657811	-0.000362
32958.000000	0.499883	0.510282	0.797804	0.657806	-0.000363
32959.000000	0.499885	0.510281	0.797801	0.657802	-0.000375
32960.000000	0.499888	0.510271	0.797798	0.657797	-0.000372
32961.000000	0.499884	0.510263	0.797804	0.657806	-0.000359
32962.000000	0.499877	0.510258	0.797811	0.657819	-0.000356
32963.000000	0.499875	0.510256	0.797816	0.657828	-0.000352
32964.000000	0.499878	0.510257	0.797815	0.657826	-0.000342
32965.000000	0.499895	0.510266	0.797818	0.657830	-0.000335
32966.000000	0.499897	0.510273	0.797820	0.657833	-0.000339
32967.000000	0.499898	0.510272	0.797818	0.657829	-0.000345
32968.000000	0.499895	0.510270	0.797817	0.657827	-0.000346
32969.000000	0.499893	0.510284	0.797816	0.657826	-0.000341
32970.000000	0.499892	0.510285	0.797812	0.657819	-0.000333
32971.000000	0.499901	0.510287	0.797812	0.657819	-0.000319
32972.000000	0.499905	0.510284	0.797812	0.657818	-0.000309
32973.000000	0.499902	0.510278	0.797817	0.657827	-0.000286
32974.000000	0.499896	0.510272	0.797822	0.657835	-0.000267
32975.000000	0.499900	0.510270	0.797823	0.657835	-0.000259
32976.000000	0.499905	0.510265	0.797820	0.657830	-0.000253
32977.000000	0.499905	0.510271	0.797821	0.657832	-0.000249
32978.000000	0.499907	0.510286	0.797818	0.657827	-0.000245
32979.000000	0.499914	0.510293	0.797814	0.657820	-0.000248
32980.000000	0.499915	0.510292	0.797816	0.657823	-0.000253
32981.000000	0.499910	0.510282	0.797818	0.657825	-0.000250
32982.000000	0.499909	0.510274	0.797818	0.657825	-0.000234
32983.000000	0.499906	0.510269	0.797822	0.657831	-0.000226
32984.000000	0.499908	0.510274	0.797827	0.657839	-0.000225
32985.000000	0.499905	0.510272	0.797826	0.657837	-0.000226
32986.000000	0.499902	0.510267	0.797824	0.657834	-0.000219
32987.000000	0.499904	0.510265	0.797821	0.657829	-0.000217
32988.000000	0.499902	0.510263	0.797819	0.657826	-0.000205
32989.000000	0.499902	0.510265	0.797823	0.657831	-0.000187
32990.000000	0.499899	0.510257	0.797820	0.657826	-0.000184
32991.000000	0.499898	0.510250	0.797821	0.657828	-0.000199
32992.000000	0.499891	0.510242	0.797824	0.657831	-0.000214
32993.000000	0.499890	0.510232	0.797825	0.657833	-0.000219
32994.000000	0.499900	0.510230	0.797823	0.657829	-0.000220
32995.000000	0.499900	0.510232	0.797818	0.657822	-0.000219
32996.000000	0.499896	0.510226	0.797820	0.657824	-0.000223
32997.000000	0.499892	0.510224	0.797822	0.657827	-0.000238
32998.000000	0.499885	0.510216	0.797825	0.657832	-0.000259
32999.000000	0.499878	0.510213	0.797827	0.657835	-0.000275
33000.000000	0.499877	0.510215	0.797825	0.657831	-0.000287
33001.000000	0.499871	0.510213	0.797821	0.657825	-0.000295
33002.000000	0.499865	0.510205	0.797819	0.657822	-0.000294
33003.000000	0.499865	0.510205	0.797815	0.657815	-0.000291
33004.000000	0.499866	0.510206	0.797810	0.657808	-0.000289
33005.000000	0.499861	0.510205	0.797807	0.657802	-0.000283
33006.000000	0.499858	0.510211	0.797804	0.657797	-0.000279
33007.000000	0.499855	0.510218	0.797803	0.657795	-0.000272
33008.000000	0.499856	0.510231	0.797804	0.657796	-0.000258
33009.000000	0.499858	0.510237	0.797804	0.657795	-0.000246
33010.000000	0.499863	0.510236	0.797812	0.657809	-0.000236
33011.000000	0.499864	0.510239	0.797818	0.657819	-0.000223
33012.000000	0.499868	0.510247	0.797817	0.657817	-0.000212
33013.000000	0.499862	0.510238	0.797816	0.657816	-0.000214
33014.000000	0.499855	0.510229	0.797817	0.657817	-0.000215
33015.000000	0.499853	0.510221	0.797823	0.657827	-0.000205
33016.000000	0.499846	0.510212	0.797827	0.657832	-0.000185
33017.000000	0.499842	0.510204	0.797827	0.657832	-0.000167
33018.000000	0.499839	0.510204	0.797827	0.657832	-0.000149
33019.000000	0.499839	0.510204	0.797825	0.657828	-0.000138
33020.000000	0.499846	0.510197	0.797825	0.657829	-0.000150
33021.000000	0.499845	0.510196	0.797828	0.657834	-0.000170
33022.000000	0.499843	0.510190	0.797824	0.657828	-0.000180
33023.000000	0.499839	0.510195	0.797821	0.657823	-0.000185
33024.000000	0.499837	0.510201	0.797817	0.657817	-0.000181
33025.000000	0.499834	0.510199	0.797812	0.657808	-0.000181
33026.000000	0.499836	0.510207	0.797805	0.657799	-0.000177
33027.000000	0.499840	0.510215	0.797804	0.657797	-0.000188
33028.000000	0.499847	0.510212	0.797807	0.657801	-0.000197
33029.000000	0.499849	0.510216	0.797800	0.657791	-0.000203
33030.000000	0.499847	0.510215	0.797800	0.657790	-0.000207
33031.000000	0.499844	0.510215	0.797805	0.657799	-0.000209
33032.000000	0.499841	0.510212	0.797813	0.657814	-0.000210
33033.000000	0.499837	0.510202	0.797821	0.657827	-0.000215
33034.000000	0.499834	0.510193	0.797820	0.657826	-0.000221
33035.000000	0.499826	0.510182	0.797814	0.657817	-0.000232
33036.000000	0.499822	0.510178	0.797809	0.657809	-0.000239
33037.000000	0.499817	0.510171	0.797807	0.657806	-0.000240
33038.000000	0.499816	0.510174	0.797810	0.657810	-0.000246
33039.000000	0.499816	0.510175	0.797809	0.657808	-0.000252
33040.000000	0.499823	0.510175	0.797810	0.657808	-0.000243
33041.000000	0.499828	0.510179	0.797808	0.657806	-0.000234
33042.000000	0.499832	0.510179	0.797804	0.657799	-0.000232
33043.000000	0.499834	0.510183	0.797799	0.657791	-0.000232
33044.000000	0.499838	0.510183	0.797802	0.657797	-0.000239
33045.000000	0.499843	0.510183	0.797802	0.657797	-0.000240
33046.000000	0.499847	0.510181	0.797797	0.657790	-0.000237
33047.000000	0.499850	0.510178	0.797802	0.657797	-0.000228
33048.000000	0.499858	0.510175	0.797798	0.657792	-0.000216
33049.000000	0.499856	0.510172	0.797792	0.657783	-0.000217
33050.000000	0.499854	0.510171	0.797786	0.657774	-0.000214
33051.000000	0.499851	0.510167	0.797781	0.657766	-0.000215
33052.000000	0.499854	0.510167	0.797775	0.657757	-0.000216
33053.000000	0.499857	0.510175	0.797772	0.657753	-0.000211
33054.000000	0.499853	0.510172	0.797769	0.657747	-0.000204
33055.000000	0.499857	0.510186	0.797765	0.657741	-0.000210
33056.000000	0.499866	0.510192	0.797764	0.657738	-0.000210
33057.000000	0.499873	0.510197	0.797770	0.657750	-0.000195
33058.000000	0.499872	0.510191	0.797768	0.657746	-0.000193
33059.000000	0.499866	0.510186	0.797765	0.657741	-0.000200
33060.000000	0.499864	0.510188	0.797761	0.657735	-0.000202
33061.000000	0.499865	0.510193	0.797756	0.657727	-0.000195
33062.000000	0.499870	0.510211	0.797753	0.657722	-0.000186
33063.000000	0.499869	0.510211	0.797751	0.657718	-0.000179
33064.000000	0.499865	0.510218	0.797758	0.657730	-0.000176
33065.000000	0.499860	0.510221	0.797759	0.657731	-0.000168
33066.000000	0.499853	0.510211	0.797754	0.657723	-0.000165
33067.000000	0.499853	0.510208	0.797754	0.657723	-0.000177
33068.000000	0.499850	0.510202	0.797760	0.657733	-0.000196
33069.000000	0.499844	0.510191	0.797763	0.657739	-0.000205
33070.000000	0.499845	0.510190	0.797761	0.657735	-0.000203
33071.000000	0.499845	0.510189	0.797766	0.657744	-0.000204
33072.000000	0.499844	0.510197	0.797769	0.657749	-0.000211
33073.000000	0.499840	0.510194	0.797767	0.657745	-0.000220
33074.000000	0.499835	0.510193	0.797764	0.657739	-0.000225
33075.000000	0.499831	0.510193	0.797764	0.657738	-0.000233
33076.000000	0.499828	0.510186	0.797768	0.657745	-0.000251
33077.000000	0.499824	0.510177	0.797769	0.657746	-0.000262
33078.000000	0.499822	0.510176	0.797769	0.657747	-0.000272
33079.000000	0.499816	0.510176	0.797772	0.657751	-0.000293
33080.000000	0.499809	0.510168	0.797772	0.657749	-0.000311
33081.000000	0.499808	0.510165	0.797769	0.657745	-0.000318
33082.000000	0.499808	0.510167	0.797768	0.657743	-0.000319
33083.000000	0.499800	0.510164	0.797766	0.657739	-0.000314
33084.000000	0.499803	0.510167	0.797764	0.657735	-0.000321
33085.000000	0.499810	0.510175	0.797759	0.657728	-0.000317
33086.000000	0.499813	0.510176	0.797765	0.657739	-0.000300
33087.000000	0.499811	0.510174	0.797762	0.657734	-0.000293
33088.000000	0.499805	0.510172	0.797761	0.657731	-0.000298
33089.000000	0.499803	0.510170	0.797757	0.657725	-0.000303
33090.000000	0.499803	0.510174	0.797753	0.657718	-0.000306
33091.000000	0.499801	0.510179	0.797753	0.657717	-0.000311
33092.000000	0.499800	0.510193	0.797750	0.657713	-0.000314
33093.000000	0.499796	0.510202	0.797746	0.657707	-0.000312
33094.000000	0.499793	0.510199	0.797751	0.657715	-0.000317
33095.000000	0.499790	0.510193	0.797752	0.657717	-0.000317
33096.000000	0.499784	0.510194	0.797749	0.657712	-0.000311
33097.000000	0.499779	0.510196	0.797750	0.657713	-0.000316
33098.000000	0.499779	0.510187	0.797749	0.657711	-0.000321
33099.000000	0.499783	0.510177	0.797749	0.657709	-0.000331
33100.000000	0.499782	0.510169	0.797751	0.657713	-0.000348
33101.000000	0.499779	0.510161	0.797746	0.657705	-0.000355
33102.000000	0.499778	0.510156	0.797747	0.657707	-0.000357
33103.000000	0.499779	0.510148	0.797747	0.657707	-0.000354
33104.000000	0.499774	0.510137	0.797740	0.657696	-0.000353
33105.000000	0.499772	0.510134	0.797734	0.657688	-0.000355
33106.000000	0.499769	0.510140	0.797730	0.657681	-0.000362
33107.000000	0.499763	0.510134	0.797727	0.657676	-0.000365
33108.000000	0.499761	0.510132	0.797723	0.657670	-0.000365
33109.000000	0.499767	0.510139	0.797721	0.657666	-0.000361
33110.000000	0.499769	0.510146	0.797725	0.657673	-0.000360
33111.000000	0.499774	0.510151	0.797725	0.657672	-0.000352
33112.000000	0.499780	0.510146	0.797720	0.657665	-0.000348
33113.000000	0.499783	0.510142	0.797717	0.657659	-0.000357
33114.000000	0.499787	0.510145	0.797715	0.657656	-0.000361
33115.000000	0.499793	0.510160	0.797722	0.657669	-0.000341
33116.000000	0.499803	0.510166	0.797719	0.657663	-0.000341
33117.000000	0.499799	0.510164	0.797720	0.657666	-0.000357
33118.000000	0.499793	0.510158	0.797722	0.657667	-0.000371
33119.000000	0.499789	0.510156	0.797720	0.657664	-0.000381
33120.000000	0.499785	0.510153	0.797716	0.657658	-0.000386
33121.000000	0.499788	0.510145	0.797712	0.657651	-0.000386
33122.000000	0.499788	0.510138	0.797707	0.657643	-0.000386
33123.000000	0.499788	0.510132	0.797707	0.657643	-0.000394
33124.000000	0.499781	0.510128	0.797710	0.657649	-0.000398
33125.000000	0.499774	0.510124	0.797705	0.657641	-0.000397
33126.000000	0.499774	0.510123	0.797703	0.657637	-0.000405
33127.000000	0.499776	0.510124	0.797697	0.657628	-0.000408
33128.000000	0.499779	0.510126	0.797695	0.657625	-0.000416
33129.000000	0.499784	0.510125	0.797691	0.657619	-0.000410
33130.000000	0.499781	0.510122	0.797694	0.657623	-0.000399
33131.000000	0.499774	0.510118	0.797701	0.657636	-0.000380
33132.000000	0.499767	0.510111	0.797703	0.657637	-0.000360
33133.000000	0.499762	0.510111	0.797708	0.657646	-0.000341
33134.000000	0.499756	0.510107	0.797710	0.657649	-0.000326
33135.000000	0.499751	0.510100	0.797705	0.657642	-0.000323
33136.000000	0.499756	0.510102	0.797699	0.657633	-0.000325
33137.000000	0.499758	0.510099	0.797698	0.657631	-0.000327
33138.000000	0.499759	0.510106	0.797701	0.657635	-0.000330
33139.000000	0.499755	0.510102	0.797699	0.657631	-0.000335
33140.000000	0.499746	0.510094	0.797698	0.657629	-0.000331
33141.000000	0.499745	0.510084	0.797695	0.657624	-0.000328
33142.000000	0.499751	0.510084	0.797695	0.657624	-0.000337
33143.000000	0.499755	0.510097	0.797697	0.657627	-0.000346
33144.000000	0.499764	0.510102	0.797694	0.657622	-0.000346
33145.000000	0.499762	0.510111	0.797692	0.657618	-0.000337
33146.000000	0.499762	0.510107	0.797685	0.657608	-0.000337
33147.000000	0.499761	0.510105	0.797683	0.657605	-0.000335
33148.000000	0.499758	0.510103	0.797689	0.657615	-0.000333
33149.000000	0.499758	0.510121	0.797699	0.657632	-0.000321
33150.000000	0.499757	0.510130	0.797699	0.657633	-0.000315
33151.000000	0.499751	0.510128	0.797697	0.657629	-0.000312
33152.000000	0.499751	0.510126	0.797693	0.657623	-0.000307
33153.000000	0.499749	0.510125	0.797688	0.657614	-0.000299
33154.000000	0.499748	0.510124	0.797683	0.657608	-0.000304
33155.000000	0.499752	0.510114	0.797685	0.657609	-0.000323
33156.000000	0.499762	0.510107	0.797687	0.657613	-0.000338
33157.000000	0.499758	0.510098	0.797683	0.657607	-0.000334
33158.000000	0.499757	0.510088	0.797684	0.657608	-0.000333
33159.000000	0.499752	0.510079	0.797691	0.657620	-0.000338
33160.000000	0.499748	0.510078	0.797690	0.657619	-0.000334
33161.000000	0.499747	0.510069	0.797689	0.657617	-0.000328
33162.000000	0.499743	0.510062	0.797689	0.657615	-0.000313
33163.000000	0.499742	0.510062	0.797692	0.657620	-0.000300
33164.000000	0.499736	0.510054	0.797691	0.657618	-0.000301
33165.000000	0.499733	0.510048	0.797693	0.657620	-0.000307
33166.000000	0.499730	0.510039	0.797696	0.657625	-0.000315
33167.000000	0.499728	0.510034	0.797692	0.657619	-0.000320
33168.000000	0.499720	0.510023	0.797689	0.657614	-0.000315
33169.000000	0.499723	0.510019	0.797685	0.657607	-0.000316
33170.000000	0.499722	0.510022	0.797689	0.657614	-0.000336
33171.000000	0.499721	0.510027	0.797688	0.657612	-0.000343
33172.000000	0.499722	0.510037	0.797692	0.657619	-0.000324
33173.000000	0.499720	0.510034	0.797697	0.657628	-0.000310
33174.000000	0.499725	0.510039	0.797701	0.657634	-0.000320
33175.000000	0.499730	0.510034	0.797699	0.657631	-0.000328
33176.000000	0.499728	0.510025	0.797696	0.657626	-0.000316
33177.000000	0.499729	0.510018	0.797702	0.657636	-0.000294
33178.000000	0.499729	0.510020	0.797706	0.657644	-0.000278
33179.000000	0.499728	0.510015	0.797701	0.657635	-0.000275
33180.000000	0.499734	0.510021	0.797695	0.657627	-0.000273
33181.000000	0.499734	0.510022	0.797688	0.657617	-0.000279
33182.000000	0.499726	0.510016	0.797686	0.657613	-0.000286
33183.000000	0.499720	0.510017	0.797680	0.657604	-0.000283
33184.000000	0.499719	0.510012	0.797675	0.657597	-0.000285
33185.000000	0.499719	0.510010	0.797681	0.657607	-0.000300
33186.000000	0.499717	0.510005	0.797680	0.657605	-0.000305
33187.000000	0.499713	0.510002	0.797675	0.657597	-0.000304
33188.000000	0.499709	0.509997	0.797669	0.657588	-0.000306
33189.000000	0.499706	0.509998	0.797671	0.657591	-0.000322
33190.000000	0.499704	0.510002	0.797674	0.657595	-0.000341
33191.000000	0.499701	0.509993	0.797667	0.657586	-0.000342
33192.000000	0.499699	0.509988	0.797667	0.657586	-0.000355
33193.000000	0.499702	0.509991	0.797674	0.657598	-0.000372
33194.000000	0.499711	0.509991	0.797676	0.657600	-0.000384
33195.000000	0.499723	0.510004	0.797676	0.657600	-0.000372
33196.000000	0.499724	0.510020	0.797679	0.657604	-0.000358
33197.000000	0.499723	0.510026	0.797678	0.657602	-0.000344
33198.000000	0.499721	0.510038	0.797672	0.657594	-0.000334
33199.000000	0.499723	0.510036	0.797668	0.657586	-0.000329
33200.000000	0.499728	0.510045	0.797671	0.657592	-0.000344
33201.000000	0.499726	0.510049	0.797673	0.657595	-0.000359
33202.000000	0.499725	0.510041	0.797676	0.657599	-0.000364
33203.000000	0.499718	0.510034	0.797681	0.657607	-0.000353
33204.000000	0.499719	0.510033	0.797686	0.657615	-0.000331
33205.000000	0.499731	0.510034	0.797687	0.657617	-0.000328
33206.000000	0.499737	0.510042	0.797689	0.657619	-0.000344
33207.000000	0.499731	0.510036	0.797691	0.657622	-0.000355
33208.000000	0.499726	0.510028	0.797692	0.657624	-0.000360
33209.000000	0.499727	0.510026	0.797686	0.657616	-0.000355
33210.000000	0.499731	0.510025	0.797689	0.657620	-0.000342
33211.000000	0.499731	0.510026	0.797692	0.657625	-0.000332
33212.000000	0.499729	0.510021	0.797691	0.657622	-0.000338
33213.000000	0.499727	0.510012	0.797692	0.657624	-0.000350
33214.000000	0.499724	0.510004	0.797690	0.657620	-0.000351
33215.000000	0.499724	0.509998	0.797684	0.657611	-0.000356
33216.000000	0.499717	0.509991	0.797679	0.657603	-0.000359
33217.000000	0.499720	0.509990	0.797676	0.657597	-0.000366
33218.000000	0.499721	0.509984	0.797675	0.657596	-0.000353
33219.000000	0.499720	0.509977	0.797676	0.657598	-0.000336
33220.000000	0.499726	0.509972	0.797676	0.657597	-0.000331
33221.000000	0.499725	0.509972	0.797677	0.657599	-0.000320
33222.000000	0.499719	0.509963	0.797676	0.657597	-0.000305
33223.000000	0.499719	0.509958	0.797678	0.657599	-0.000287
33224.000000	0.499721	0.509951	0.797686	0.657614	-0.000269
33225.000000	0.499725	0.509944	0.797685	0.657611	-0.000268
33226.000000	0.499725	0.509945	0.797678	0.657602	-0.000269
33227.000000	0.499720	0.509937	0.797672	0.657593	-0.000260
33228.000000	0.499718	0.509938	0.797669	0.657588	-0.000257
33229.000000	0.499719	0.509951	0.797669	0.657586	-0.000260
33230.000000	0.499715	0.509947	0.797666	0.657582	-0.000267
33231.000000	0.499716	0.509945	0.797659	0.657572	-0.000268
33232.000000	0.499713	0.509949	0.797652	0.657562	-0.000261
33233.000000	0.499713	0.509959	0.797648	0.657556	-0.000252
33234.000000	0.499710	0.509954	0.797651	0.657560	-0.000237
33235.000000	0.499712	0.509952	0.797651	0.657560	-0.000234
33236.000000	0.499709	0.509946	0.797649	0.657556	-0.000246
33237.000000	0.499705	0.509949	0.797651	0.657558	-0.000256
33238.000000	0.499701	0.509947	0.797653	0.657561	-0.000260
33239.000000	0.499695	0.509946	0.797651	0.657558	-0.000259
33240.000000	0.499697	0.509937	0.797651	0.657557	-0.000254
33241.000000	0.499692	0.509926	0.797654	0.657561	-0.000240
33242.000000	0.499688	0.509925	0.797657	0.657567	-0.000224
33243.000000	0.499686	0.509935	0.797653	0.657561	-0.000223
33244.000000	0.499683	0.509942	0.797645	0.657549	-0.000229
33245.000000	0.499679	0.509947	0.797639	0.657540	-0.000231
33246.000000	0.499677	0.509953	0.797632	0.657530	-0.000238
33247.000000	0.499684	0.509966	0.797631	0.657527	-0.000240
33248.000000	0.499688	0.509968	0.797635	0.657534	-0.000245
33249.000000	0.499695	0.509978	0.797634	0.657532	-0.000248
33250.000000	0.499692	0.509989	0.797637	0.657538	-0.000244
33251.000000	0.499693	0.509994	0.797637	0.657536	-0.000237
33252.000000	0.499691	0.509996	0.797631	0.657528	-0.000235
33253.000000	0.499692	0.510005	0.797631	0.657527	-0.000236
33254.000000	0.499702	0.510008	0.797629	0.657523	-0.000230
33255.000000	0.499709	0.510001	0.797628	0.657522	-0.000228
33256.000000	0.499710	0.509997	0.797635	0.657536	-0.000235
33257.000000	0.499709	0.509991	0.797636	0.657537	-0.000233
33258.000000	0.499704	0.509985	0.797634	0.657533	-0.000225
33259.000000	0.499700	0.509974	0.797632	0.657528	-0.000216
33260.000000	0.499693	0.509967	0.797631	0.657527	-0.000203
33261.000000	0.499690	0.509961	0.797636	0.657536	-0.000184
33262.000000	0.499690	0.509958	0.797643	0.657547	-0.000165
33263.000000	0.499685	0.509953	0.797645	0.657549	-0.000156
33264.000000	0.499680	0.509945	0.797639	0.657540	-0.000156
33265.000000	0.499676	0.509941	0.797637	0.657538	-0.000164
33266.000000	0.499678	0.509938	0.797633	0.657532	-0.000174
33267.000000	0.499681	0.509943	0.797639	0.657541	-0.000187
33268.000000	0.499688	0.509944	0.797635	0.657535	-0.000192
33269.000000	0.499695	0.509947	0.797636	0.657535	-0.000192
33270.000000	0.499696	0.509955	0.797642	0.657547	-0.000201
33271.000000	0.499698	0.509972	0.797648	0.657556	-0.000210
33272.000000	0.499705	0.509986	0.797652	0.657562	-0.000216
33273.000000	0.499710	0.509986	0.797650	0.657559	-0.000212
33274.000000	0.499704	0.509978	0.797649	0.657557	-0.000214
33275.000000	0.499705	0.509972	0.797649	0.657557	-0.000233
33276.000000	0.499705	0.509965	0.797652	0.657561	-0.000248
33277.000000	0.499702	0.509961	0.797653	0.657563	-0.000259
33278.000000	0.499697	0.509954	0.797648	0.657554	-0.000264
33279.000000	0.499699	0.509948	0.797646	0.657551	-0.000264
33280.000000	0.499703	0.509956	0.797651	0.657559	-0.000272
33281.000000	0.499703	0.509951	0.797649	0.657555	-0.000281
33282.000000	0.499703	0.509957	0.797642	0.657546	-0.000283
33283.000000	0.499699	0.509956	0.797642	0.657545	-0.000289
33284.000000	0.499694	0.509958	0.797647	0.657553	-0.000303
33285.000000	0.499688	0.509953	0.797655	0.657568	-0.000311
33286.000000	0.499686	0.509947	0.797658	0.657572	-0.000313
33287.000000	0.499683	0.509942	0.797654	0.657566	-0.000304
33288.000000	0.499685	0.509937	0.797653	0.657563	-0.000290
33289.000000	0.499683	0.509942	0.797649	0.657557	-0.000281
33290.000000	0.499691	0.509955	0.797645	0.657551	-0.000287
33291.000000	0.499688	0.509968	0.797642	0.657546	-0.000295
33292.000000	0.499688	0.509979	0.797639	0.657541	-0.000303
33293.000000	0.499686	0.509980	0.797633	0.657532	-0.000306
33294.000000	0.499685	0.509973	0.797629	0.657526	-0.000311
33295.000000	0.499684	0.509966	0.797631	0.657528	-0.000318
33296.000000	0.499687	0.509957	0.797640	0.657544	-0.000320
33297.000000	0.499685	0.509952	0.797638	0.657541	-0.000323
33298.000000	0.499679	0.509949	0.797634	0.657535	-0.000328
33299.000000	0.499674	0.509949	0.797634	0.657534	-0.000329
33300.000000	0.499678	0.509946	0.797637	0.657538	-0.000331
33301.000000	0.499680	0.509937	0.797642	0.657546	-0.000329
33302.000000	0.499687	0.509932	0.797640	0.657543	-0.000316
33303.000000	0.499686	0.509928	0.797637	0.657538	-0.000310
33304.000000	0.499685	0.509931	0.797639	0.657541	-0.000295
33305.000000	0.499685	0.509926	0.797637	0.657537	-0.000286
33306.000000	0.499691	0.509919	0.797632	0.657530	-0.000288
33307.000000	0.499685	0.509911	0.797629	0.657524	-0.000281
33308.000000	0.499679	0.509903	0.797630	0.657526	-0.000263
33309.000000	0.499678	0.509900	0.797636	0.657536	-0.000243
33310.000000	0.499677	0.509897	0.797629	0.657526	-0.000244
33311.000000	0.499683	0.509897	0.797626	0.657522	-0.000236
33312.000000	0.499698	0.509900	0.797622	0.657515	-0.000238
33313.000000	0.499703	0.509918	0.797616	0.657507	-0.000242
33314.000000	0.499705	0.509927	0.797614	0.657503	-0.000228
33315.000000	0.499701	0.509924	0.797613	0.657501	-0.000218
33316.000000	0.499706	0.509924	0.797614	0.657501	-0.000210
33317.000000	0.499708	0.509914	0.797610	0.657495	-0.000210
33318.000000	0.499717	0.509910	0.797607	0.657490	-0.000214
33319.000000	0.499729	0.509917	0.797606	0.657488	-0.000225
33320.000000	0.499733	0.509927	0.797611	0.657497	-0.000231
33321.000000	0.499731	0.509927	0.797612	0.657497	-0.000237
33322.000000	0.499741	0.509928	0.797617	0.657506	-0.000244
33323.000000	0.499741	0.509931	0.797617	0.657506	-0.000242
33324.000000	0.499741	0.509932	0.797612	0.657498	-0.000239
33325.000000	0.499743	0.509928	0.797609	0.657494	-0.000240
33326.000000	0.499745	0.509920	0.797607	0.657490	-0.000243
33327.000000	0.499746	0.509920	0.797611	0.657496	-0.000236
33328.000000	0.499745	0.509920	0.797614	0.657501	-0.000232
33329.000000	0.499746	0.509914	0.797620	0.657510	-0.000231
33330.000000	0.499753	0.509925	0.797621	0.657511	-0.000227
33331.000000	0.499755	0.509926	0.797616	0.657504	-0.000232
33332.000000	0.499748	0.509919	0.797620	0.657511	-0.000253
33333.000000	0.499749	0.509913	0.797621	0.657512	-0.000270
33334.000000	0.499749	0.509905	0.797618	0.657506	-0.000266
33335.000000	0.499745	0.509901	0.797616	0.657504	-0.000251
33336.000000	0.499744	0.509896	0.797619	0.657507	-0.000233
33337.000000	0.499740	0.509889	0.797625	0.657519	-0.000223
33338.000000	0.499744	0.509887	0.797626	0.657518	-0.000232
33339.000000	0.499745	0.509883	0.797622	0.657512	-0.000236
33340.000000	0.499751	0.509884	0.797620	0.657509	-0.000229
33341.000000	0.499750	0.509877	0.797618	0.657505	-0.000224
33342.000000	0.499752	0.509876	0.797616	0.657502	-0.000234
33343.000000	0.499752	0.509873	0.797615	0.657499	-0.000243
33344.000000	0.499754	0.509875	0.797609	0.657490	-0.000247
33345.000000	0.499758	0.509873	0.797607	0.657486	-0.000245
33346.000000	0.499755	0.509865	0.797601	0.657477	-0.000239
33347.000000	0.499748	0.509860	0.797597	0.657471	-0.000243
33348.000000	0.499746	0.509849	0.797601	0.657478	-0.000261
33349.000000	0.499748	0.509847	0.797604	0.657484	-0.000274
33350.000000	0.499753	0.509853	0.797600	0.657477	-0.000272
33351.000000	0.499767	0.509869	0.797601	0.657479	-0.000257
33352.000000	0.499778	0.509873	0.797605	0.657484	-0.000263
33353.000000	0.499775	0.509874	0.797615	0.657502	-0.000289
33354.000000	0.499775	0.509876	0.797619	0.657510	-0.000307
33355.000000	0.499777	0.509878	0.797618	0.657508	-0.000311
33356.000000	0.499775	0.509881	0.797613	0.657500	-0.000315
33357.000000	0.499779	0.509897	0.797611	0.657496	-0.000320
33358.000000	0.499780	0.509916	0.797608	0.657491	-0.000318
33359.000000	0.499782	0.509929	0.797604	0.657486	-0.000315
33360.000000	0.499783	0.509922	0.797602	0.657481	-0.000310
33361.000000	0.499782	0.509913	0.797600	0.657478	-0.000298
33362.000000	0.499779	0.509907	0.797601	0.657478	-0.000289
33363.000000	0.499782	0.509908	0.797599	0.657475	-0.000293
33364.000000	0.499780	0.509912	0.797594	0.657467	-0.000289
33365.000000	0.499772	0.509903	0.797587	0.657457	-0.000279
33366.000000	0.499769	0.509896	0.797580	0.657447	-0.000275
33367.000000	0.499768	0.509895	0.797576	0.657442	-0.000273
33368.000000	0.499770	0.509899	0.797577	0.657442	-0.000277
33369.000000	0.499773	0.509913	0.797571	0.657433	-0.000269
33370.000000	0.499784	0.509926	0.797570	0.657431	-0.000262
33371.000000	0.499788	0.509926	0.797569	0.657428	-0.000252
33372.000000	0.499785	0.509927	0.797570	0.657430	-0.000240
33373.000000	0.499783	0.509922	0.797563	0.657420	-0.000243
33374.000000	0.499789	0.509922	0.797564	0.657422	-0.000252
33375.000000	0.499792	0.509919	0.797569	0.657430	-0.000259
33376.000000	0.499797	0.509925	0.797570	0.657430	-0.000263
33377.000000	0.499800	0.509943	0.797572	0.657434	-0.000264
33378.000000	0.499801	0.509957	0.797572	0.657434	-0.000264
33379.000000	0.499800	0.509951	0.797573	0.657435	-0.000270
33380.000000	0.499805	0.509943	0.797576	0.657439	-0.000259
33381.000000	0.499806	0.509935	0.797571	0.657431	-0.000266
33382.000000	0.499805	0.509931	0.797577	0.657443	-0.000287
33383.000000	0.499814	0.509937	0.797578	0.657443	-0.000291
33384.000000	0.499822	0.509949	0.797579	0.657445	-0.000280
33385.000000	0.499826	0.509954	0.797586	0.657456	-0.000281
33386.000000	0.499831	0.509973	0.797582	0.657451	-0.000280
33387.000000	0.499834	0.509994	0.797577	0.657443	-0.000278
33388.000000	0.499840	0.510001	0.797574	0.657438	-0.000282
33389.000000	0.499836	0.510001	0.797571	0.657433	-0.000275
33390.000000	0.499832	0.509995	0.797573	0.657436	-0.000270
33391.000000	0.499832	0.509990	0.797582	0.657451	-0.000270
33392.000000	0.499833	0.509988	0.797580	0.657449	-0.000276
33393.000000	0.499838	0.509986	0.797576	0.657443	-0.000269
33394.000000	0.499837	0.509986	0.797570	0.657433	-0.000264
33395.000000	0.499835	0.509980	0.797569	0.657431	-0.000273
33396.000000	0.499836	0.509979	0.797569	0.657431	-0.000280
33397.000000	0.499835	0.509979	0.797567	0.657427	-0.000269
33398.000000	0.499834	0.509979	0.797574	0.657440	-0.000252
33399.000000	0.499831	0.509973	0.797575	0.657441	-0.000244
33400.000000	0.499830	0.509966	0.797568	0.657431	-0.000243
33401.000000	0.499830	0.509963	0.797562	0.657423	-0.000245
33402.000000	0.499833	0.509961	0.797559	0.657417	-0.000247
33403.000000	0.499835	0.509960	0.797561	0.657419	-0.000241
33404.000000	0.499831	0.509966	0.797559	0.657416	-0.000241
33405.000000	0.499828	0.509964	0.797555	0.657410	-0.000242
33406.000000	0.499824	0.509962	0.797556	0.657410	-0.000234
33407.000000	0.499817	0.509958	0.797561	0.657420	-0.000226
33408.000000	0.499816	0.509959	0.797563	0.657422	-0.000225
33409.000000	0.499817	0.509957	0.797564	0.657423	-0.000236
33410.000000	0.499819	0.509955	0.797567	0.657428	-0.000257
33411.000000	0.499819	0.509948	0.797569	0.657430	-0.000273
33412.000000	0.499817	0.509945	0.797564	0.657423	-0.000274
33413.000000	0.499820	0.509952	0.797559	0.657415	-0.000272
33414.000000	0.499818	0.509957	0.797552	0.657405	-0.000275
33415.000000	0.499814	0.509959	0.797547	0.657398	-0.000272
33416.000000	0.499823	0.509968	0.797548	0.657400	-0.000277
33417.000000	0.499828	0.509976	0.797549	0.657402	-0.000275
33418.000000	0.499824	0.509973	0.797543	0.657392	-0.000271
33419.000000	0.499819	0.509972	0.797536	0.657383	-0.000267
33420.000000	0.499818	0.509965	0.797538	0.657385	-0.000267
33421.000000	0.499816	0.509963	0.797544	0.657397	-0.000275
33422.000000	0.499815	0.509956	0.797542	0.657393	-0.000282
33423.000000	0.499815	0.509953	0.797538	0.657387	-0.000275
33424.000000	0.499810	0.509950	0.797536	0.657383	-0.000267
33425.000000	0.499806	0.509943	0.797539	0.657387	-0.000257
33426.000000	0.499805	0.509935	0.797538	0.657385	-0.000256
33427.000000	0.499801	0.509928	0.797531	0.657375	-0.000258
33428.000000	0.499794	0.509919	0.797530	0.657372	-0.000257
33429.000000	0.499791	0.509929	0.797531	0.657375	-0.000248
33430.000000	0.499794	0.509956	0.797537	0.657384	-0.000230
33431.000000	0.499797	0.509965	0.797544	0.657397	-0.000209
33432.000000	0.499794	0.509968	0.797549	0.657406	-0.000190
33433.000000	0.499791	0.509960	0.797554	0.657413	-0.000167
33434.000000	0.499788	0.509958	0.797558	0.657420	-0.000145
33435.000000	0.499789	0.509954	0.797558	0.657419	-0.000138
33436.000000	0.499783	0.509948	0.797564	0.657430	-0.000148
33437.000000	0.499776	0.509942	0.797566	0.657432	-0.000152
33438.000000	0.499774	0.509943	0.797567	0.657434	-0.000161
33439.000000	0.499777	0.509950	0.797569	0.657437	-0.000175
33440.000000	0.499780	0.509956	0.797566	0.657432	-0.000180
33441.000000	0.499783	0.509970	0.797567	0.657433	-0.000181
33442.000000	0.499786	0.509979	0.797569	0.657437	-0.000186
33443.000000	0.499790	0.509988	0.797568	0.657433	-0.000189
33444.000000	0.499791	0.510002	0.797568	0.657434	-0.000184
33445.000000	0.499794	0.509996	0.797564	0.657428	-0.000188
33446.000000	0.499793	0.509988	0.797560	0.657420	-0.000191
33447.000000	0.499791	0.509982	0.797561	0.657422	-0.000204
33448.000000	0.499797	0.509975	0.797566	0.657431	-0.000210
33449.000000	0.499803	0.509971	0.797571	0.657439	-0.000198
33450.000000	0.499802	0.509969	0.797574	0.657444	-0.000182
33451.000000	0.499801	0.509967	0.797579	0.657452	-0.000182
33452.000000	0.499798	0.509956	0.797584	0.657459	-0.000192
33453.000000	0.499797	0.509952	0.797581	0.657455	-0.000197
33454.000000	0.499802	0.509958	0.797583	0.657457	-0.000202
33455.000000	0.499802	0.509968	0.797581	0.657454	-0.000199
33456.000000	0.499795	0.509964	0.797584	0.657458	-0.000192
33457.000000	0.499794	0.509969	0.797585	0.657460	-0.000182
33458.000000	0.499793	0.509970	0.797589	0.657466	-0.000165
33459.000000	0.499794	0.509966	0.797596	0.657478	-0.000148
33460.000000	0.499795	0.509955	0.797600	0.657484	-0.000158
33461.000000	0.499787	0.509948	0.797608	0.657499	-0.000174
33462.000000	0.499784	0.509945	0.797617	0.657515	-0.000174
33463.000000	0.499788	0.509944	0.797615	0.657513	-0.000169
33464.000000	0.499796	0.509955	0.797612	0.657508	-0.000170
33465.000000	0.499794	0.509956	0.797612	0.657508	-0.000186
33466.000000	0.499791	0.509952	0.797614	0.657509	-0.000202
33467.000000	0.499789	0.509948	0.797613	0.657508	-0.000198
33468.000000	0.499785	0.509938	0.797616	0.657512	-0.000184
33469.000000	0.499785	0.509931	0.797615	0.657509	-0.000178
33470.000000	0.499790	0.509926	0.797617	0.657512	-0.000189
33471.000000	0.499801	0.509922	0.797613	0.657507	-0.000195
33472.000000	0.499807	0.509915	0.797615	0.657510	-0.000195
33473.000000	0.499812	0.509910	0.797612	0.657505	-0.000191
33474.000000	0.499809	0.509920	0.797604	0.657494	-0.000198
33475.000000	0.499811	0.509922	0.797600	0.657486	-0.000203
33476.000000	0.499805	0.509918	0.797599	0.657485	-0.000204
33477.000000	0.499802	0.509918	0.797601	0.657487	-0.000198
33478.000000	0.499808	0.509937	0.797603	0.657490	-0.000188
33479.000000	0.499808	0.509941	0.797603	0.657490	-0.000182
33480.000000	0.499815	0.509933	0.797601	0.657487	-0.000186
33481.000000	0.499815	0.509930	0.797598	0.657481	-0.000180
33482.000000	0.499820	0.509934	0.797591	0.657472	-0.000182
33483.000000	0.499817	0.509933	0.797588	0.657465	-0.000185
33484.000000	0.499813	0.509927	0.797585	0.657462	-0.000194
33485.000000	0.499808	0.509924	0.797585	0.657460	-0.000207
33486.000000	0.499806	0.509927	0.797589	0.657466	-0.000228
33487.000000	0.499807	0.509928	0.797597	0.657480	-0.000251
33488.000000	0.499805	0.509918	0.797594	0.657476	-0.000255
33489.000000	0.499798	0.509908	0.797590	0.657469	-0.000257
33490.000000	0.499797	0.509914	0.797593	0.657474	-0.000269
33491.000000	0.499804	0.509932	0.797599	0.657486	-0.000287
33492.000000	0.499807	0.509939	0.797599	0.657485	-0.000301
33493.000000	0.499809	0.509949	0.797599	0.657485	-0.000300
33494.000000	0.499809	0.509948	0.797606	0.657498	-0.000299
33495.000000	0.499806	0.509945	0.797608	0.657499	-0.000299
33496.000000	0.499804	0.509950	0.797605	0.657494	-0.000304
33497.000000	0.499803	0.509945	0.797604	0.657493	-0.000319
33498.000000	0.499805	0.509941	0.797608	0.657499	-0.000338
33499.000000	0.499806	0.509936	0.797611	0.657504	-0.000346
33500.000000	0.499807	0.509928	0.797617	0.657515	-0.000352
33501.000000	0.499802	0.509919	0.797622	0.657523	-0.000354
33502.000000	0.499796	0.509912	0.797626	0.657529	-0.000358
33503.000000	0.499792	0.509913	0.797633	0.657541	-0.000360
33504.000000	0.499797	0.509912	0.797634	0.657542	-0.000357
33505.000000	0.499795	0.509907	0.797630	0.657536	-0.000356
33506.000000	0.499786	0.509903	0.797627	0.657531	-0.000355
33507.000000	0.499783	0.509895	0.797624	0.657526	-0.000351
33508.000000	0.499783	0.509900	0.797630	0.657538	-0.000346
33509.000000	0.499783	0.509901	0.797628	0.657533	-0.000341
33510.000000	0.499785	0.509898	0.797622	0.657525	-0.000346
33511.000000	0.499782	0.509892	0.797616	0.657516	-0.000348
33512.000000	0.499777	0.509883	0.797610	0.657507	-0.000350
33513.000000	0.499779	0.509876	0.797610	0.657506	-0.000362
33514.000000	0.499774	0.509876	0.797609	0.657504	-0.000367
33515.000000	0.499776	0.509884	0.797613	0.657511	-0.000363
33516.000000	0.499779	0.509878	0.797614	0.657511	-0.000353
33517.000000	0.499781	0.509876	0.797610	0.657506	-0.000349
33518.000000	0.499779	0.509869	0.797607	0.657501	-0.000349
33519.000000	0.499781	0.509863	0.797612	0.657508	-0.000369
33520.000000	0.499788	0.509858	0.797616	0.657516	-0.000393
33521.000000	0.499795	0.509864	0.797613	0.657510	-0.000404
33522.000000	0.499795	0.509859	0.797610	0.657506	-0.000414
33523.000000	0.499793	0.509863	0.797604	0.657497	-0.000413
33524.000000	0.499795	0.509881	0.797601	0.657492	-0.000404
33525.000000	0.499795	0.509891	0.797595	0.657483	-0.000398
33526.000000	0.499790	0.509888	0.797593	0.657479	-0.000393
33527.000000	0.499786	0.509880	0.797598	0.657487	-0.000392
33528.000000	0.499786	0.509874	0.797599	0.657489	-0.000389
33529.000000	0.499790	0.509872	0.797597	0.657485	-0.000391
33530.000000	0.499788	0.509861	0.797595	0.657481	-0.000395
33531.000000	0.499784	0.509850	0.797589	0.657473	-0.000392
33532.000000	0.499788	0.509857	0.797587	0.657468	-0.000399
33533.000000	0.499788	0.509856	0.797585	0.657465	-0.000399
33534.000000	0.499790	0.509859	0.797585	0.657465	-0.000388
33535.000000	0.499788	0.509856	0.797593	0.657479	-0.000377
33536.000000	0.499786	0.509853	0.797594	0.657481	-0.000374
33537.000000	0.499784	0.509847	0.797592	0.657476	-0.000377
33538.000000	0.499786	0.509844	0.797592	0.657477	-0.000382
33539.000000	0.499789	0.509846	0.797587	0.657469	-0.000382
33540.000000	0.499797	0.509845	0.797585	0.657465	-0.000378
33541.000000	0.499793	0.509841	0.797585	0.657464	-0.000372
33542.000000	0.499787	0.509839	0.797584	0.657463	-0.000361
33543.000000	0.499782	0.509836	0.797588	0.657468	-0.000348
33544.000000	0.499782	0.509841	0.797594	0.657479	-0.000346
33545.000000	0.499780	0.509846	0.797592	0.657475	-0.000348
33546.000000	0.499774	0.509842	0.797591	0.657473	-0.000349
33547.000000	0.499768	0.509839	0.797587	0.657468	-0.000355
33548.000000	0.499764	0.509830	0.797586	0.657466	-0.000355
33549.000000	0.499766	0.509827	0.797592	0.657476	-0.000345
33550.000000	0.499765	0.509821	0.797592	0.657476	-0.000349
33551.000000	0.499759	0.509814	0.797589	0.657470	-0.000350
33552.000000	0.499757	0.509811	0.797584	0.657463	-0.000356
33553.000000	0.499756	0.509813	0.797587	0.657466	-0.000362
33554.000000	0.499755	0.509811	0.797591	0.657474	-0.000350
33555.000000	0.499753	0.509806	0.797593	0.657476	-0.000334
33556.000000	0.499747	0.509796	0.797594	0.657477	-0.000321
33557.000000	0.499746	0.509793	0.797598	0.657483	-0.000316
33558.000000	0.499750	0.509789	0.797599	0.657484	-0.000325
33559.000000	0.499755	0.509790	0.797599	0.657485	-0.000341
33560.000000	0.499752	0.509783	0.797603	0.657490	-0.000345
33561.000000	0.499746	0.509777	0.797606	0.657497	-0.000341
33562.000000	0.499741	0.509765	0.797601	0.657489	-0.000333
33563.000000	0.499741	0.509758	0.797602	0.657491	-0.000328
33564.000000	0.499739	0.509759	0.797611	0.657506	-0.000339
33565.000000	0.499732	0.509753	0.797617	0.657517	-0.000361
33566.000000	0.499734	0.509760	0.797618	0.657518	-0.000376
33567.000000	0.499742	0.509764	0.797616	0.657514	-0.000373
33568.000000	0.499744	0.509755	0.797614	0.657510	-0.000376
33569.000000	0.499743	0.509752	0.797619	0.657519	-0.000391
33570.000000	0.499746	0.509766	0.797623	0.657526	-0.000407
33571.000000	0.499747	0.509759	0.797621	0.657522	-0.000419
33572.000000	0.499747	0.509762	0.797623	0.657524	-0.000418
33573.000000	0.499752	0.509762	0.797623	0.657525	-0.000419
33574.000000	0.499751	0.509759	0.797622	0.657522	-0.000419
33575.000000	0.499756	0.509756	0.797617	0.657515	-0.000413
33576.000000	0.499758	0.509761	0.797619	0.657518	-0.000399
33577.000000	0.499756	0.509759	0.797622	0.657522	-0.000404
33578.000000	0.499751	0.509752	0.797625	0.657526	-0.000418
33579.000000	0.499749	0.509743	0.797620	0.657519	-0.000412
33580.000000	0.499744	0.509735	0.797627	0.657532	-0.000390
33581.000000	0.499737	0.509723	0.797631	0.657539	-0.000375
33582.000000	0.499739	0.509719	0.797628	0.657533	-0.000376
33583.000000	0.499743	0.509735	0.797628	0.657532	-0.000376
33584.000000	0.499749	0.509738	0.797628	0.657532	-0.000368
33585.000000	0.499759	0.509740	0.797625	0.657527	-0.000363
33586.000000	0.499762	0.509739	0.797620	0.657519	-0.000356
33587.000000	0.499762	0.509743	0.797626	0.657530	-0.000353
33588.000000	0.499758	0.509744	0.797628	0.657534	-0.000351
33589.000000	0.499754	0.509737	0.797625	0.657528	-0.000342
33590.000000	0.499753	0.509737	0.797625	0.657528	-0.000329
33591.000000	0.499755	0.509740	0.797623	0.657524	-0.000324
33592.000000	0.499751	0.509741	0.797622	0.657521	-0.000325
33593.000000	0.499752	0.509743	0.797623	0.657523	-0.000331
33594.000000	0.499751	0.509746	0.797622	0.657521	-0.000334
33595.000000	0.499748	0.509739	0.797620	0.657517	-0.000328
33596.000000	0.499744	0.509738	0.797617	0.657512	-0.000322
33597.000000	0.499743	0.509747	0.797614	0.657507	-0.000327
33598.000000	0.499738	0.509742	0.797614	0.657507	-0.000345
33599.000000	0.499728	0.509731	0.797611	0.657502	-0.000351
33600.000000	0.499727	0.509737	0.797604	0.657492	-0.000349
33601.000000	0.499727	0.509744	0.797597	0.657482	-0.000352
33602.000000	0.499728	0.509759	0.797599	0.657483	-0.000365
33603.000000	0.499731	0.509778	0.797599	0.657483	-0.000366
33604.000000	0.499733	0.509790	0.797598	0.657480	-0.000363
33605.000000	0.499729	0.509792	0.797593	0.657473	-0.000357
33606.000000	0.499730	0.509800	0.797597	0.657480	-0.000352
33607.000000	0.499728	0.509795	0.797601	0.657487	-0.000362
33608.000000	0.499724	0.509786	0.797603	0.657489	-0.000381
33609.000000	0.499724	0.509785	0.797602	0.657487	-0.000393
33610.000000	0.499733	0.509789	0.797602	0.657486	-0.000386
33611.000000	0.499729	0.509788	0.797602	0.657486	-0.000380
33612.000000	0.499725	0.509782	0.797600	0.657482	-0.000382
33613.000000	0.499724	0.509778	0.797602	0.657486	-0.000382
33614.000000	0.499726	0.509771	0.797608	0.657495	-0.000371
33615.000000	0.499729	0.509771	0.797606	0.657492	-0.000365
33616.000000	0.499730	0.509783	0.797607	0.657494	-0.000366
33617.000000	0.499728	0.509783	0.797612	0.657502	-0.000369
33618.000000	0.499725	0.509784	0.797615	0.657507	-0.000379
33619.000000	0.499732	0.509787	0.797620	0.657515	-0.000395
33620.000000	0.499730	0.509787	0.797621	0.657515	-0.000410
33621.000000	0.499727	0.509793	0.797619	0.657512	-0.000415
33622.000000	0.499728	0.509798	0.797615	0.657506	-0.000423
33623.000000	0.499732	0.509814	0.797613	0.657502	-0.000425
33624.000000	0.499734	0.509819	0.797613	0.657501	-0.000428
33625.000000	0.499735	0.509841	0.797607	0.657492	-0.000430
33626.000000	0.499733	0.509845	0.797600	0.657482	-0.000425
33627.000000	0.499727	0.509838	0.797595	0.657475	-0.000414
33628.000000	0.499730	0.509834	0.797596	0.657477	-0.000397
33629.000000	0.499731	0.509831	0.797598	0.657480	-0.000383
33630.000000	0.499730	0.509837	0.797596	0.657476	-0.000382
33631.000000	0.499733	0.509844	0.797594	0.657472	-0.000390
33632.000000	0.499732	0.509838	0.797594	0.657473	-0.000409
33633.000000	0.499735	0.509835	0.797596	0.657475	-0.000423
33634.000000	0.499732	0.509828	0.797591	0.657468	-0.000430
33635.000000	0.499731	0.509832	0.797587	0.657462	-0.000433
33636.000000	0.499747	0.509855	0.797589	0.657463	-0.000437
33637.000000	0.499753	0.509862	0.797595	0.657475	-0.000430
33638.000000	0.499760	0.509863	0.797596	0.657476	-0.000419
33639.000000	0.499765	0.509872	0.797590	0.657467	-0.000419
33640.000000	0.499764	0.509868	0.797583	0.657456	-0.000422
33641.000000	0.499764	0.509871	0.797582	0.657456	-0.000439
33642.000000	0.499761	0.509869	0.797589	0.657469	-0.000464
33643.000000	0.499764	0.509871	0.797584	0.657461	-0.000470
33644.000000	0.499767	0.509872	0.797580	0.657454	-0.000478
33645.000000	0.499766	0.509872	0.797580	0.657454	-0.000472
33646.000000	0.499761	0.509867	0.797586	0.657464	-0.000463
33647.000000	0.499758	0.509863	0.797589	0.657468	-0.000447
33648.000000	0.499759	0.509860	0.797587	0.657465	-0.000437
33649.000000	0.499757	0.509856	0.797583	0.657459	-0.000444
33650.000000	0.499756	0.509850	0.797581	0.657456	-0.000454
33651.000000	0.499752	0.509846	0.797575	0.657446	-0.000460
33652.000000	0.499747	0.509839	0.797569	0.657438	-0.000460
33653.000000	0.499750	0.509836	0.797570	0.657439	-0.000467
33654.000000	0.499748	0.509836	0.797578	0.657452	-0.000491
33655.000000	0.499749	0.509832	0.797587	0.657468	-0.000506
33656.000000	0.499756	0.509831	0.797592	0.657477	-0.000493
33657.000000	0.499764	0.509837	0.797595	0.657482	-0.000475
33658.000000	0.499760	0.509834	0.797596	0.657482	-0.000472
33659.000000	0.499753	0.509828	0.797592	0.657476	-0.000470
33660.000000	0.499748	0.509821	0.797585	0.657466	-0.000462
33661.000000	0.499752	0.509823	0.797587	0.657469	-0.000442
33662.000000	0.499758	0.509817	0.797593	0.657480	-0.000432
33663.000000	0.499761	0.509816	0.797598	0.657489	-0.000446
33664.000000	0.499757	0.509813	0.797597	0.657487	-0.000461
33665.000000	0.499756	0.509811	0.797594	0.657481	-0.000467
33666.000000	0.499758	0.509814	0.797596	0.657485	-0.000455
33667.000000	0.499759	0.509826	0.797596	0.657484	-0.000439
33668.000000	0.499758	0.509830	0.797593	0.657479	-0.000434
33669.000000	0.499752	0.509826	0.797585	0.657468	-0.000430
33670.000000	0.499746	0.509828	0.797581	0.657462	-0.000432
33671.000000	0.499741	0.509824	0.797575	0.657453	-0.000440
33672.000000	0.499737	0.509822	0.797570	0.657445	-0.000442
33673.000000	0.499733	0.509817	0.797567	0.657440	-0.000443
33674.000000	0.499727	0.509808	0.797560	0.657430	-0.000441
33675.000000	0.499732	0.509803	0.797557	0.657425	-0.000452
33676.000000	0.499733	0.509802	0.797553	0.657418	-0.000455
33677.000000	0.499735	0.509808	0.797548	0.657411	-0.000461
33678.000000	0.499733	0.509816	0.797550	0.657414	-0.000469
33679.000000	0.499729	0.509808	0.797549	0.657411	-0.000473
33680.000000	0.499720	0.509798	0.797546	0.657406	-0.000468
33681.000000	0.499714	0.509787	0.797545	0.657404	-0.000465
33682.000000	0.499709	0.509779	0.797541	0.657398	-0.000461
33683.000000	0.499707	0.509776	0.797538	0.657393	-0.000451
33684.000000	0.499707	0.509765	0.797538	0.657393	-0.000439
33685.000000	0.499704	0.509767	0.797542	0.657399	-0.000433
33686.000000	0.499707	0.509781	0.797542	0.657398	-0.000433
33687.000000	0.499708	0.509787	0.797540	0.657394	-0.000432
33688.000000	0.499709	0.509790	0.797542	0.657397	-0.000423
33689.000000	0.499706	0.509789	0.797543	0.657398	-0.000407
33690.000000	0.499700	0.509784	0.797543	0.657399	-0.000393
33691.000000	0.499695	0.509779	0.797544	0.657400	-0.000381
33692.000000	0.499689	0.509776	0.797545	0.657400	-0.000382
33693.000000	0.499685	0.509773	0.797544	0.657398	-0.000383
33694.000000	0.499682	0.509772	0.797537	0.657389	-0.000380
33695.000000	0.499685	0.509779	0.797536	0.657385	-0.000375
33696.000000	0.499688	0.509780	0.797530	0.657377	-0.000375
33697.000000	0.499683	0.509771	0.797530	0.657377	-0.000385
33698.000000	0.499686	0.509774	0.797532	0.657380	-0.000399
33699.000000	0.499687	0.509775	0.797539	0.657392	-0.000407
33700.000000	0.499687	0.509773	0.797536	0.657387	-0.000414
33701.000000	0.499686	0.509771	0.797538	0.657390	-0.000427
33702.000000	0.499684	0.509768	0.797534	0.657384	-0.000432
33703.000000	0.499682	0.509765	0.797531	0.657380	-0.000445
33704.000000	0.499693	0.509767	0.797537	0.657389	-0.000449
33705.000000	0.499696	0.509767	0.797531	0.657380	-0.000451
33706.000000	0.499698	0.509763	0.797531	0.657380	-0.000445
33707.000000	0.499696	0.509762	0.797535	0.657387	-0.000438
33708.000000	0.499691	0.509758	0.797540	0.657395	-0.000447
33709.000000	0.499685	0.509753	0.797544	0.657402	-0.000456
33710.000000	0.499686	0.509757	0.797551	0.657413	-0.000469
33711.000000	0.499685	0.509755	0.797554	0.657419	-0.000484
33712.000000	0.499688	0.509748	0.797561	0.657431	-0.000501
33713.000000	0.499687	0.509753	0.797561	0.657431	-0.000509
33714.000000	0.499689	0.509748	0.797559	0.657428	-0.000516
33715.000000	0.499688	0.509740	0.797560	0.657429	-0.000519
33716.000000	0.499690	0.509736	0.797553	0.657420	-0.000510
33717.000000	0.499691	0.509733	0.797550	0.657414	-0.000506
33718.000000	0.499691	0.509729	0.797544	0.657406	-0.000510
33719.000000	0.499685	0.509724	0.797544	0.657405	-0.000519
33720.000000	0.499686	0.509733	0.797540	0.657399	-0.000519
33721.000000	0.499688	0.509743	0.797535	0.657392	-0.000512
33722.000000	0.499684	0.509744	0.797534	0.657389	-0.000516
33723.000000	0.499682	0.509741	0.797534	0.657388	-0.000520
33724.000000	0.499687	0.509742	0.797528	0.657380	-0.000522
33725.000000	0.499687	0.509741	0.797531	0.657385	-0.000535
33726.000000	0.499691	0.509750	0.797538	0.657397	-0.000559
33727.000000	0.499689	0.509749	0.797539	0.657397	-0.000571
33728.000000	0.499686	0.509748	0.797540	0.657399	-0.000575
33729.000000	0.499683	0.509745	0.797542	0.657401	-0.000579
33730.000000	0.499677	0.509743	0.797546	0.657408	-0.000570
33731.000000	0.499677	0.509752	0.797553	0.657421	-0.000557
33732.000000	0.499675	0.509755	0.797558	0.657429	-0.000542
33733.000000	0.499672	0.509753	0.797560	0.657433	-0.000524
33734.000000	0.499673	0.509753	0.797556	0.657425	-0.000519
33735.000000	0.499673	0.509751	0.797551	0.657417	-0.000516
33736.000000	0.499671	0.509746	0.797550	0.657415	-0.000516
33737.000000	0.499673	0.509748	0.797546	0.657409	-0.000509
33738.000000	0.499672	0.509744	0.797543	0.657404	-0.000497
33739.000000	0.499666	0.509741	0.797539	0.657397	-0.000490
33740.000000	0.499660	0.509736	0.797535	0.657391	-0.000488
33741.000000	0.499665	0.509741	0.797537	0.657394	-0.000473
33742.000000	0.499676	0.509748	0.797537	0.657394	-0.000471
33743.000000	0.499680	0.509748	0.797537	0.657392	-0.000483
33744.000000	0.499676	0.509739	0.797540	0.657397	-0.000504
33745.000000	0.499672	0.509740	0.797538	0.657395	-0.000515
33746.000000	0.499670	0.509737	0.797539	0.657396	-0.000527
33747.000000	0.499668	0.509737	0.797538	0.657394	-0.000532
33748.000000	0.499666	0.509731	0.797543	0.657402	-0.000533
33749.000000	0.499660	0.509732	0.797550	0.657414	-0.000538
33750.000000	0.499656	0.509728	0.797552	0.657417	-0.000545
33751.000000	0.499655	0.509716	0.797551	0.657415	-0.000559
33752.000000	0.499655	0.509705	0.797548	0.657409	-0.000557
33753.000000	0.499656	0.509717	0.797553	0.657419	-0.000551
33754.000000	0.499657	0.509730	0.797556	0.657422	-0.000549
33755.000000	0.499657	0.509739	0.797552	0.657416	-0.000553
33756.000000	0.499660	0.509756	0.797545	0.657407	-0.000559
33757.000000	0.499665	0.509771	0.797541	0.657399	-0.000557
33758.000000	0.499671	0.509772	0.797547	0.657410	-0.000543
33759.000000	0.499677	0.509779	0.797552	0.657419	-0.000525
33760.000000	0.499683	0.509778	0.797555	0.657424	-0.000521
33761.000000	0.499680	0.509777	0.797551	0.657418	-0.000527
33762.000000	0.499681	0.509789	0.797554	0.657423	-0.000531
33763.000000	0.499683	0.509796	0.797560	0.657434	-0.000532
33764.000000	0.499681	0.509796	0.797559	0.657431	-0.000534
33765.000000	0.499680	0.509803	0.797557	0.657428	-0.000545
33766.000000	0.499681	0.509807	0.797553	0.657421	-0.000547
33767.000000	0.499676	0.509801	0.797557	0.657429	-0.000533
33768.000000	0.499674	0.509797	0.797563	0.657438	-0.000515
33769.000000	0.499673	0.509795	0.797559	0.657431	-0.000512
33770.000000	0.499669	0.509800	0.797553	0.657423	-0.000514
33771.000000	0.499667	0.509804	0.797546	0.657413	-0.000507
33772.000000	0.499669	0.509810	0.797545	0.657410	-0.000496
33773.000000	0.499666	0.509818	0.797542	0.657405	-0.000499
33774.000000	0.499667	0.509820	0.797545	0.657411	-0.000519
33775.000000	0.499666	0.509821	0.797544	0.657409	-0.000532
33776.000000	0.499668	0.509821	0.797552	0.657422	-0.000528
33777.000000	0.499667	0.509825	0.797548	0.657417	-0.000523
33778.000000	0.499667	0.509824	0.797546	0.657412	-0.000517
33779.000000	0.499661	0.509822	0.797549	0.657418	-0.000502
33780.000000	0.499658	0.509820	0.797547	0.657414	-0.000488
33781.000000	0.499655	0.509823	0.797547	0.657413	-0.000477
33782.000000	0.499654	0.509828	0.797549	0.657416	-0.000477
33783.000000	0.499658	0.509839	0.797549	0.657415	-0.000486
33784.000000	0.499664	0.509852	0.797553	0.657422	-0.000485
33785.000000	0.499664	0.509856	0.797555	0.657424	-0.000479
33786.000000	0.499664	0.509857	0.797557	0.657428	-0.000463
33787.000000	0.499663	0.509853	0.797562	0.657436	-0.000445
33788.000000	0.499663	0.509855	0.797566	0.657444	-0.000445
33789.000000	0.499660	0.509857	0.797575	0.657459	-0.000447
33790.000000	0.499658	0.509850	0.797578	0.657465	-0.000454
33791.000000	0.499658	0.509851	0.797581	0.657469	-0.000459
33792.000000	0.499660	0.509851	0.797583	0.657472	-0.000464
33793.000000	0.499655	0.509850	0.797579	0.657465	-0.000465
33794.000000	0.499651	0.509847	0.797575	0.657459	-0.000470
33795.000000	0.499649	0.509846	0.797579	0.657464	-0.000482
33796.000000	0.499647	0.509840	0.797577	0.657461	-0.000491
33797.000000	0.499647	0.509844	0.797581	0.657469	-0.000507
33798.000000	0.499647	0.509837	0.797586	0.657476	-0.000515
33799.000000	0.499645	0.509832	0.797588	0.657480	-0.000514
33800.000000	0.499640	0.509830	0.797589	0.657480	-0.000502
33801.000000	0.499639	0.509833	0.797590	0.657482	-0.000484
33802.000000	0.499640	0.509829	0.797587	0.657477	-0.000478
33803.000000	0.499641	0.509825	0.797581	0.657468	-0.000474
33804.000000	0.499642	0.509830	0.797584	0.657472	-0.000473
33805.000000	0.499641	0.509836	0.797587	0.657477	-0.000477
33806.000000	0.499646	0.509847	0.797583	0.657471	-0.000485
33807.000000	0.499647	0.509851	0.797576	0.657460	-0.000485
33808.000000	0.499645	0.509849	0.797572	0.657454	-0.000480
33809.000000	0.499644	0.509846	0.797567	0.657447	-0.000479
33810.000000	0.499641	0.509846	0.797564	0.657441	-0.000483
33811.000000	0.499642	0.509846	0.797565	0.657442	-0.000470
33812.000000	0.499651	0.509846	0.797569	0.657449	-0.000459
33813.000000	0.499660	0.509845	0.797563	0.657441	-0.000459
33814.000000	0.499668	0.509849	0.797559	0.657435	-0.000453
33815.000000	0.499669	0.509851	0.797560	0.657435	-0.000455
33816.000000	0.499671	0.509845	0.797556	0.657429	-0.000447
33817.000000	0.499672	0.509835	0.797553	0.657425	-0.000440
33818.000000	0.499665	0.509826	0.797558	0.657431	-0.000432
33819.000000	0.499665	0.509825	0.797563	0.657439	-0.000428
33820.000000	0.499665	0.509820	0.797567	0.657447	-0.000425
33821.000000	0.499671	0.509824	0.797572	0.657455	-0.000436
33822.000000	0.499670	0.509833	0.797566	0.657446	-0.000437
33823.000000	0.499666	0.509835	0.797560	0.657437	-0.000430
33824.000000	0.499659	0.509830	0.797557	0.657432	-0.000415
33825.000000	0.499654	0.509829	0.797556	0.657431	-0.000399
33826.000000	0.499656	0.509820	0.797557	0.657433	-0.000399
33827.000000	0.499661	0.509819	0.797566	0.657448	-0.000422
33828.000000	0.499657	0.509818	0.797566	0.657447	-0.000438
33829.000000	0.499655	0.509810	0.797563	0.657442	-0.000450
33830.000000	0.499651	0.509814	0.797564	0.657444	-0.000467
33831.000000	0.499656	0.509835	0.797564	0.657444	-0.000480
33832.000000	0.499664	0.509847	0.797563	0.657442	-0.000479
33833.000000	0.499666	0.509854	0.797565	0.657444	-0.000468
33834.000000	0.499664	0.509866	0.797557	0.657433	-0.000467
33835.000000	0.499659	0.509872	0.797552	0.657425	-0.000462
33836.000000	0.499660	0.509871	0.797556	0.657432	-0.000452
33837.000000	0.499663	0.509871	0.797559	0.657437	-0.000446
33838.000000	0.499663	0.509868	0.797554	0.657430	-0.000441
33839.000000	0.499666	0.509866	0.797553	0.657428	-0.000427
33840.000000	0.499676	0.509879	0.797552	0.657426	-0.000414
33841.000000	0.499671	0.509879	0.797557	0.657433	-0.000391
33842.000000	0.499672	0.509873	0.797559	0.657436	-0.000377
33843.000000	0.499668	0.509866	0.797560	0.657438	-0.000372
33844.000000	0.499664	0.509862	0.797563	0.657442	-0.000363
33845.000000	0.499664	0.509857	0.797556	0.657432	-0.000355
33846.000000	0.499661	0.509849	0.797550	0.657423	-0.000355
33847.000000	0.499664	0.509848	0.797552	0.657426	-0.000373
33848.000000	0.499664	0.509859	0.797546	0.657418	-0.000383
33849.000000	0.499670	0.509877	0.797547	0.657420	-0.000383
33850.000000	0.499674	0.509903	0.797554	0.657433	-0.000378
33851.000000	0.499680	0.509922	0.797552	0.657429	-0.000375
33852.000000	0.499683	0.509924	0.797545	0.657419	-0.000376
33853.000000	0.499685	0.509923	0.797546	0.657420	-0.000378
33854.000000	0.499682	0.509922	0.797551	0.657428	-0.000375
33855.000000	0.499682	0.509921	0.797556	0.657437	-0.000372
33856.000000	0.499688	0.509926	0.797555	0.657435	-0.000381
33857.000000	0.499687	0.509937	0.797555	0.657434	-0.000399
33858.000000	0.499687	0.509942	0.797552	0.657429	-0.000401
33859.000000	0.499687	0.509941	0.797551	0.657427	-0.000388
33860.000000	0.499688	0.509936	0.797544	0.657416	-0.000392
33861.000000	0.499684	0.509934	0.797540	0.657411	-0.000394
33862.000000	0.499681	0.509943	0.797534	0.657402	-0.000389
33863.000000	0.499675	0.509938	0.797529	0.657394	-0.000379
33864.000000	0.499667	0.509932	0.797536	0.657406	-0.000365
33865.000000	0.499665	0.509932	0.797540	0.657413	-0.000361
33866.000000	0.499662	0.509927	0.797535	0.657405	-0.000361
33867.000000	0.499658	0.509919	0.797534	0.657403	-0.000359
33868.000000	0.499657	0.509913	0.797535	0.657404	-0.000350
33869.000000	0.499665	0.509906	0.797540	0.657412	-0.000330
33870.000000	0.499673	0.509908	0.797548	0.657426	-0.000329
33871.000000	0.499679	0.509916	0.797549	0.657429	-0.000344
33872.000000	0.499690	0.509922	0.797549	0.657428	-0.000341
33873.000000	0.499697	0.509921	0.797552	0.657433	-0.000326
33874.000000	0.499695	0.509917	0.797560	0.657446	-0.000317
33875.000000	0.499694	0.509914	0.797558	0.657442	-0.000311
33876.000000	0.499694	0.509915	0.797555	0.657438	-0.000312
33877.000000	0.499691	0.509917	0.797557	0.657441	-0.000312
33878.000000	0.499689	0.509912	0.797561	0.657446	-0.000309
33879.000000	0.499690	0.509903	0.797557	0.657440	-0.000315
33880.000000	0.499686	0.509893	0.797555	0.657437	-0.000325
33881.000000	0.499679	0.509884	0.797550	0.657429	-0.000325
33882.000000	0.499684	0.509881	0.797548	0.657426	-0.000321
33883.000000	0.499693	0.509884	0.797550	0.657429	-0.000325
33884.000000	0.499693	0.509883	0.797550	0.657428	-0.000324
33885.000000	0.499690	0.509874	0.797546	0.657422	-0.000323
33886.000000	0.499690	0.509867	0.797545	0.657420	-0.000314
33887.000000	0.499688	0.509857	0.797544	0.657418	-0.000298
33888.000000	0.499691	0.509856	0.797547	0.657423	-0.000286
33889.000000	0.499692	0.509848	0.797547	0.657424	-0.000277
33890.000000	0.499686	0.509837	0.797550	0.657428	-0.000259
33891.000000	0.499683	0.509831	0.797556	0.657438	-0.000243
33892.000000	0.499684	0.509833	0.797552	0.657431	-0.000240
33893.000000	0.499693	0.509848	0.797545	0.657422	-0.000239
33894.000000	0.499701	0.509879	0.797542	0.657416	-0.000233
33895.000000	0.499697	0.509884	0.797541	0.657415	-0.000218
33896.000000	0.499691	0.509880	0.797543	0.657418	-0.000203
33897.000000	0.499688	0.509871	0.797544	0.657418	-0.000199
33898.000000	0.499697	0.509876	0.797550	0.657429	-0.000197
33899.000000	0.499709	0.509885	0.797548	0.657425	-0.000203
33900.000000	0.499716	0.509883	0.797545	0.657421	-0.000215
33901.000000	0.499714	0.509882	0.797546	0.657422	-0.000228
33902.000000	0.499711	0.509872	0.797549	0.657426	-0.000233
33903.000000	0.499708	0.509861	0.797545	0.657420	-0.000229
33904.000000	0.499709	0.509861	0.797544	0.657418	-0.000218
33905.000000	0.499710	0.509861	0.797547	0.657423	-0.000213
33906.000000	0.499712	0.509876	0.797546	0.657421	-0.000214
33907.000000	0.499719	0.509871	0.797545	0.657418	-0.000223
33908.000000	0.499716	0.509863	0.797548	0.657423	-0.000223
33909.000000	0.499716	0.509854	0.797551	0.657428	-0.000218
33910.000000	0.499714	0.509850	0.797553	0.657430	-0.000221
33911.000000	0.499716	0.509846	0.797556	0.657435	-0.000236
33912.000000	0.499716	0.509841	0.797551	0.657428	-0.000243
33913.000000	0.499713	0.509836	0.797552	0.657429	-0.000238
33914.000000	0.499708	0.509829	0.797556	0.657435	-0.000228
33915.000000	0.499712	0.509824	0.797556	0.657434	-0.000232
33916.000000	0.499712	0.509830	0.797558	0.657437	-0.000240
33917.000000	0.499711	0.509831	0.797560	0.657441	-0.000236
33918.000000	0.499714	0.509833	0.797563	0.657446	-0.000227
33919.000000	0.499732	0.509830	0.797559	0.657438	-0.000224
33920.000000	0.499734	0.509830	0.797551	0.657428	-0.000224
33921.000000	0.499731	0.509819	0.797548	0.657422	-0.000222
33922.000000	0.499734	0.509817	0.797546	0.657420	-0.000222
33923.000000	0.499729	0.509806	0.797543	0.657414	-0.000220
33924.000000	0.499725	0.509805	0.797544	0.657415	-0.000232
33925.000000	0.499724	0.509801	0.797546	0.657419	-0.000248
33926.000000	0.499729	0.509799	0.797548	0.657420	-0.000259
33927.000000	0.499740	0.509802	0.797550	0.657424	-0.000256
33928.000000	0.499741	0.509796	0.797553	0.657428	-0.000248
33929.000000	0.499733	0.509786	0.797558	0.657436	-0.000250
33930.000000	0.499722	0.509775	0.797560	0.657440	-0.000255
33931.000000	0.499722	0.509768	0.797561	0.657439	-0.000263
33932.000000	0.499718	0.509757	0.797556	0.657432	-0.000261
33933.000000	0.499712	0.509750	0.797554	0.657429	-0.000256
33934.000000	0.499707	0.509750	0.797548	0.657420	-0.000262
33935.000000	0.499711	0.509756	0.797541	0.657410	-0.000266
33936.000000	0.499711	0.509750	0.797543	0.657412	-0.000261
33937.000000	0.499711	0.509755	0.797548	0.657422	-0.000261
33938.000000	0.499706	0.509754	0.797551	0.657426	-0.000259
33939.000000	0.499708	0.509751	0.797555	0.657432	-0.000245
33940.000000	0.499714	0.509750	0.797561	0.657441	-0.000221
33941.000000	0.499720	0.509757	0.797568	0.657455	-0.000204
33942.000000	0.499726	0.509761	0.797570	0.657457	-0.000211
33943.000000	0.499730	0.509772	0.797577	0.657470	-0.000232
33944.000000	0.499737	0.509791	0.797581	0.657476	-0.000250
33945.000000	0.499738	0.509785	0.797578	0.657472	-0.000251
33946.000000	0.499731	0.509774	0.797579	0.657472	-0.000236
33947.000000	0.499731	0.509765	0.797577	0.657469	-0.000223
33948.000000	0.499737	0.509755	0.797574	0.657464	-0.000223
33949.000000	0.499743	0.509750	0.797576	0.657466	-0.000240
33950.000000	0.499746	0.509754	0.797571	0.657459	-0.000241
33951.000000	0.499740	0.509752	0.797569	0.657456	-0.000233
33952.000000	0.499739	0.509754	0.797568	0.657453	-0.000228
33953.000000	0.499738	0.509748	0.797567	0.657451	-0.000240
33954.000000	0.499734	0.509749	0.797571	0.657459	-0.000246
33955.000000	0.499729	0.509750	0.797573	0.657461	-0.000244
33956.000000	0.499724	0.509741	0.797573	0.657461	-0.000250
33957.000000	0.499722	0.509733	0.797572	0.657459	-0.000257
33958.000000	0.499723	0.509736	0.797576	0.657465	-0.000261
33959.000000	0.499720	0.509747	0.797571	0.657457	-0.000261
33960.000000	0.499728	0.509752	0.797567	0.657451	-0.000258
33961.000000	0.499732	0.509750	0.797572	0.657459	-0.000262
33962.000000	0.499726	0.509746	0.797568	0.657453	-0.000259
33963.000000	0.499719	0.509741	0.797566	0.657449	-0.000248
33964.000000	0.499719	0.509751	0.797567	0.657451	-0.000233
33965.000000	0.499719	0.509765	0.797566	0.657448	-0.000230
33966.000000	0.499722	0.509771	0.797561	0.657440	-0.000235
33967.000000	0.499724	0.509778	0.797563	0.657444	-0.000223
33968.000000	0.499726	0.509796	0.797570	0.657456	-0.000203
33969.000000	0.499726	0.509799	0.797572	0.657459	-0.000193
33970.000000	0.499729	0.509787	0.797567	0.657452	-0.000191
33971.000000	0.499728	0.509785	0.797565	0.657448	-0.000195
33972.000000	0.499728	0.509796	0.797569	0.657455	-0.000203
33973.000000	0.499739	0.509803	0.797566	0.657450	-0.000206
33974.000000	0.499736	0.509796	0.797566	0.657449	-0.000196
33975.000000	0.499730	0.509792	0.797570	0.657455	-0.000184
33976.000000	0.499727	0.509783	0.797567	0.657451	-0.000177
33977.000000	0.499726	0.509782	0.797570	0.657455	-0.000183
33978.000000	0.499724	0.509785	0.797577	0.657467	-0.000183
33979.000000	0.499721	0.509778	0.797585	0.657483	-0.000175
33980.000000	0.499724	0.509788	0.797591	0.657492	-0.000157
33981.000000	0.499723	0.509788	0.797595	0.657498	-0.000141
33982.000000	0.499717	0.509786	0.797597	0.657502	-0.000132
33983.000000	0.499714	0.509781	0.797598	0.657502	-0.000123
33984.000000	0.499714	0.509784	0.797605	0.657515	-0.000106
33985.000000	0.499711	0.509790	0.797603	0.657512	-0.000097
33986.000000	0.499708	0.509787	0.797602	0.657510	-0.000086
33987.000000	0.499707	0.509781	0.797606	0.657515	-0.000078
33988.000000	0.499702	0.509788	0.797601	0.657508	-0.000078
33989.000000	0.499701	0.509798	0.797599	0.657504	-0.000075
33990.000000	0.499703	0.509806	0.797600	0.657505	-0.000079
33991.000000	0.499707	0.509806	0.797599	0.657504	-0.000080
33992.000000	0.499704	0.509808	0.797593	0.657495	-0.000079
33993.000000	0.499705	0.509809	0.797591	0.657491	-0.000075
33994.000000	0.499703	0.509817	0.797591	0.657490	-0.000080
33995.000000	0.499703	0.509821	0.797584	0.657481	-0.000078
33996.000000	0.499707	0.509825	0.797580	0.657473	-0.000083
33997.000000	0.499713	0.509825	0.797577	0.657468	-0.000088
33998.000000	0.499710	0.509828	0.797575	0.657465	-0.000094
33999.000000	0.499708	0.509834	0.797577	0.657468	-0.000107
34000.000000	0.499712	0.509848	0.797575	0.657464	-0.000109
34001.000000	0.499723	0.509878	0.797573	0.657461	-0.000113
34002.000000	0.499728	0.509922	0.797569	0.657454	-0.000117
34003.000000	0.499727	0.509932	0.797568	0.657453	-0.000128
34004.000000	0.499723	0.509926	0.797565	0.657448	-0.000133
34005.000000	0.499729	0.509938	0.797567	0.657450	-0.000127
34006.000000	0.499729	0.509939	0.797569	0.657453	-0.000115
34007.000000	0.499732	0.509940	0.797574	0.657462	-0.000126
34008.000000	0.499737	0.509959	0.797579	0.657470	-0.000145
34009.000000	0.499738	0.509979	0.797574	0.657462	-0.000150
34010.000000	0.499741	0.510001	0.797567	0.657452	-0.000153
34011.000000	0.499739	0.510002	0.797561	0.657444	-0.000156
34012.000000	0.499744	0.510020	0.797563	0.657447	-0.000164
34013.000000	0.499747	0.510025	0.797560	0.657441	-0.000171
34014.000000	0.499742	0.510015	0.797553	0.657431	-0.000170
34015.000000	0.499736	0.510009	0.797547	0.657423	-0.000164
34016.000000	0.499730	0.509999	0.797544	0.657417	-0.000161
34017.000000	0.499730	0.509995	0.797549	0.657426	-0.000165
34018.000000	0.499732	0.509997	0.797552	0.657431	-0.000169
34019.000000	0.499733	0.510003	0.797550	0.657428	-0.000172
34020.000000	0.499736	0.510006	0.797544	0.657419	-0.000168
34021.000000	0.499742	0.510010	0.797542	0.657414	-0.000166
34022.000000	0.499746	0.510005	0.797543	0.657415	-0.000179
34023.000000	0.499743	0.510007	0.797549	0.657427	-0.000202
34024.000000	0.499744	0.510011	0.797552	0.657432	-0.000215
34025.000000	0.499746	0.510020	0.797547	0.657425	-0.000213
34026.000000	0.499744	0.510020	0.797544	0.657420	-0.000217
34027.000000	0.499741	0.510021	0.797540	0.657412	-0.000220
34028.000000	0.499738	0.510029	0.797538	0.657409	-0.000217
34029.000000	0.499733	0.510027	0.797539	0.657410	-0.000202
34030.000000	0.499736	0.510039	0.797541	0.657412	-0.000188
34031.000000	0.499738	0.510037	0.797543	0.657416	-0.000174
34032.000000	0.499736	0.510028	0.797538	0.657409	-0.000170
34033.000000	0.499730	0.510024	0.797535	0.657403	-0.000164
34034.000000	0.499729	0.510022	0.797528	0.657393	-0.000160
34035.000000	0.499722	0.510013	0.797522	0.657384	-0.000165
34036.000000	0.499721	0.510013	0.797521	0.657382	-0.000176
34037.000000	0.499718	0.510007	0.797520	0.657379	-0.000186
34038.000000	0.499715	0.510010	0.797521	0.657381	-0.000184
34039.000000	0.499710	0.510014	0.797524	0.657386	-0.000182
34040.000000	0.499707	0.510007	0.797522	0.657383	-0.000187
34041.000000	0.499706	0.510002	0.797521	0.657380	-0.000199
34042.000000	0.499704	0.510008	0.797518	0.657374	-0.000204
34043.000000	0.499700	0.510002	0.797516	0.657370	-0.000209
34044.000000	0.499697	0.510006	0.797516	0.657371	-0.000218
34045.000000	0.499706	0.510025	0.797520	0.657377	-0.000225
34046.000000	0.499714	0.510046	0.797518	0.657373	-0.000216
34047.000000	0.499709	0.510043	0.797516	0.657370	-0.000199
34048.000000	0.499704	0.510044	0.797520	0.657377	-0.000177
34049.000000	0.499700	0.510048	0.797520	0.657376	-0.000164
34050.000000	0.499697	0.510046	0.797524	0.657382	-0.000153
34051.000000	0.499699	0.510043	0.797529	0.657391	-0.000158
34052.000000	0.499702	0.510036	0.797527	0.657387	-0.000167
34053.000000	0.499707	0.510028	0.797522	0.657379	-0.000156
34054.000000	0.499707	0.510025	0.797520	0.657376	-0.000153
34055.000000	0.499709	0.510035	0.797524	0.657383	-0.000150
34056.000000	0.499707	0.510044	0.797529	0.657391	-0.000142
34057.000000	0.499704	0.510046	0.797532	0.657395	-0.000127
34058.000000	0.499701	0.510044	0.797533	0.657396	-0.000117
34059.000000	0.499697	0.510038	0.797538	0.657404	-0.000103
34060.000000	0.499696	0.510046	0.797542	0.657411	-0.000100
34061.000000	0.499693	0.510048	0.797547	0.657419	-0.000103
34062.000000	0.499696	0.510043	0.797544	0.657414	-0.000109
34063.000000	0.499696	0.510035	0.797542	0.657411	-0.000122
34064.000000	0.499695	0.510028	0.797547	0.657419	-0.000127
34065.000000	0.499690	0.510024	0.797550	0.657424	-0.000116
34066.000000	0.499683	0.510025	0.797548	0.657420	-0.000107
34067.000000	0.499678	0.510017	0.797547	0.657418	-0.000096
34068.000000	0.499676	0.510013	0.797541	0.657409	-0.000086
34069.000000	0.499675	0.510025	0.797537	0.657403	-0.000082
34070.000000	0.499673	0.510035	0.797534	0.657398	-0.000079
34071.000000	0.499670	0.510034	0.797534	0.657397	-0.000079
34072.000000	0.499669	0.510031	0.797532	0.657393	-0.000081
34073.000000	0.499667	0.510041	0.797530	0.657390	-0.000080
34074.000000	0.499664	0.510049	0.797525	0.657383	-0.000071
34075.000000	0.499660	0.510058	0.797522	0.657378	-0.000061
34076.000000	0.499662	0.510057	0.797524	0.657379	-0.000050
34077.000000	0.499663	0.510055	0.797527	0.657386	-0.000030
34078.000000	0.499663	0.510061	0.797524	0.657381	-0.000023
34079.000000	0.499675	0.510061	0.797527	0.657385	-0.000037
34080.000000	0.499680	0.510064	0.797526	0.657384	-0.000052
34081.000000	0.499680	0.510065	0.797523	0.657378	-0.000063
34082.000000	0.499683	0.510078	0.797522	0.657377	-0.000076
34083.000000	0.499682	0.510084	0.797516	0.657368	-0.000082
34084.000000	0.499680	0.510091	0.797515	0.657366	-0.000079
34085.000000	0.499682	0.510102	0.797521	0.657377	-0.000071
34086.000000	0.499683	0.510103	0.797522	0.657377	-0.000067
34087.000000	0.499683	0.510100	0.797520	0.657375	-0.000061
34088.000000	0.499680	0.510094	0.797527	0.657387	-0.000062
34089.000000	0.499682	0.510091	0.797526	0.657385	-0.000065
34090.000000	0.499680	0.510086	0.797525	0.657382	-0.000066
34091.000000	0.499683	0.510093	0.797522	0.657377	-0.000070
34092.000000	0.499694	0.510099	0.797518	0.657371	-0.000069
34093.000000	0.499700	0.510103	0.797519	0.657372	-0.000063
34094.000000	0.499703	0.510104	0.797519	0.657371	-0.000074
34095.000000	0.499709	0.510111	0.797520	0.657373	-0.000089
34096.000000	0.499711	0.510110	0.797514	0.657364	-0.000089
34097.000000	0.499710	0.510113	0.797510	0.657357	-0.000085
34098.000000	0.499708	0.510115	0.797507	0.657353	-0.000089
34099.000000	0.499707	0.510116	0.797510	0.657357	-0.000098
34100.000000	0.499703	0.510119	0.797505	0.657349	-0.000103
34101.000000	0.499702	0.510125	0.797498	0.657340	-0.000104
34102.000000	0.499699	0.510128	0.797496	0.657336	-0.000099
34103.000000	0.499706	0.510130	0.797493	0.657332	-0.000086
34104.000000	0.499716	0.510130	0.797493	0.657330	-0.000083
34105.000000	0.499727	0.510132	0.797495	0.657333	-0.000097
34106.000000	0.499734	0.510131	0.797502	0.657345	-0.000113
34107.000000	0.499745	0.510133	0.797502	0.657346	-0.000106
34108.000000	0.499746	0.510141	0.797510	0.657360	-0.000083
34109.000000	0.499747	0.510156	0.797514	0.657367	-0.000068
34110.000000	0.499744	0.510162	0.797516	0.657369	-0.000063
34111.000000	0.499746	0.510159	0.797514	0.657365	-0.000055
34112.000000	0.499739	0.510153	0.797510	0.657359	-0.000050
34113.000000	0.499743	0.510150	0.797511	0.657360	-0.000042
34114.000000	0.499747	0.510148	0.797510	0.657358	-0.000053
34115.000000	0.499750	0.510143	0.797515	0.657367	-0.000075
34116.000000	0.499754	0.510137	0.797515	0.657367	-0.000078
34117.000000	0.499754	0.510135	0.797510	0.657359	-0.000070
34118.000000	0.499752	0.510142	0.797506	0.657352	-0.000063
34119.000000	0.499755	0.510150	0.797508	0.657356	-0.000059
34120.000000	0.499763	0.510165	0.797514	0.657366	-0.000064
34121.000000	0.499770	0.510160	0.797515	0.657368	-0.000070
34122.000000	0.499770	0.510153	0.797520	0.657378	-0.000070
34123.000000	0.499773	0.510151	0.797516	0.657371	-0.000064
34124.000000	0.499770	0.510153	0.797514	0.657367	-0.000053
34125.000000	0.499768	0.510154	0.797510	0.657361	-0.000045
34126.000000	0.499769	0.510157	0.797505	0.657353	-0.000046
34127.000000	0.499775	0.510162	0.797501	0.657347	-0.000052
34128.000000	0.499776	0.510173	0.797498	0.657341	-0.000055
34129.000000	0.499779	0.510175	0.797496	0.657339	-0.000063
34130.000000	0.499776	0.510172	0.797495	0.657336	-0.000062
34131.000000	0.499776	0.510162	0.797495	0.657335	-0.000051
34132.000000	0.499778	0.510170	0.797496	0.657336	-0.000035
34133.000000	0.499781	0.510190	0.797497	0.657338	-0.000023
34134.000000	0.499777	0.510195	0.797495	0.657335	-0.000016
34135.000000	0.499772	0.510194	0.797489	0.657326	-0.000014
34136.000000	0.499773	0.510197	0.797484	0.657318	-0.000019
34137.000000	0.499776	0.510203	0.797487	0.657322	-0.000034
34138.000000	0.499774	0.510195	0.797482	0.657316	-0.000039
34139.000000	0.499771	0.510190	0.797488	0.657324	-0.000029
34140.000000	0.499769	0.510186	0.797493	0.657334	-0.000022
34141.000000	0.499765	0.510189	0.797494	0.657334	-0.000014
34142.000000	0.499760	0.510187	0.797494	0.657335	-0.000002
34143.000000	0.499765	0.510201	0.797494	0.657334	0.000010
34144.000000	0.499770	0.510213	0.797489	0.657327	0.000005
34145.000000	0.499776	0.510225	0.797489	0.657325	0.000004
34146.000000	0.499778	0.510223	0.797486	0.657321	0.000010
34147.000000	0.499772	0.510219	0.797484	0.657317	0.000018
34148.000000	0.499774	0.510220	0.797477	0.657307	0.000020
34149.000000	0.499778	0.510229	0.797476	0.657305	0.000025
34150.000000	0.499787	0.510251	0.797480	0.657311	0.000041
34151.000000	0.499785	0.510259	0.797485	0.657319	0.000059
34152.000000	0.499785	0.510260	0.797487	0.657323	0.000074
34153.000000	0.499786	0.510266	0.797484	0.657317	0.000082
34154.000000	0.499783	0.510267	0.797476	0.657306	0.000078
34155.000000	0.499778	0.510262	0.797468	0.657295	0.000078
34156.000000	0.499773	0.510256	0.797463	0.657288	0.000084
34157.000000	0.499779	0.510274	0.797464	0.657290	0.000084
34158.000000	0.499785	0.510277	0.797470	0.657300	0.000078
34159.000000	0.499781	0.510274	0.797471	0.657301	0.000081
34160.000000	0.499776	0.510282	0.797476	0.657310	0.000080
34161.000000	0.499775	0.510283	0.797482	0.657318	0.000071
34162.000000	0.499778	0.510280	0.797478	0.657314	0.000062
34163.000000	0.499784	0.510284	0.797477	0.657311	0.000065
34164.000000	0.499782	0.510290	0.797482	0.657319	0.000069
34165.000000	0.499782	0.510299	0.797482	0.657319	0.000075
34166.000000	0.499781	0.510312	0.797482	0.657318	0.000084
34167.000000	0.499784	0.510322	0.797479	0.657313	0.000089
34168.000000	0.499779	0.510328	0.797473	0.657304	0.000089
34169.000000	0.499778	0.510328	0.797468	0.657297	0.000096
34170.000000	0.499778	0.510325	0.797473	0.657305	0.000103
34171.000000	0.499778	0.510330	0.797480	0.657318	0.000096
34172.000000	0.499776	0.510324	0.797477	0.657313	0.000096
34173.000000	0.499776	0.510319	0.797475	0.657309	0.000100
34174.000000	0.499774	0.510319	0.797470	0.657301	0.000101
34175.000000	0.499774	0.510314	0.797470	0.657301	0.000095
34176.000000	0.499770	0.510311	0.797473	0.657305	0.000084
34177.000000	0.499770	0.510307	0.797471	0.657302	0.000078
34178.000000	0.499771	0.510302	0.797470	0.657300	0.000070
34179.000000	0.499772	0.510296	0.797472	0.657304	0.000054
34180.000000	0.499782	0.510295	0.797468	0.657297	0.000048
34181.000000	0.499793	0.510291	0.797466	0.657293	0.000044
34182.000000	0.499790	0.510297	0.797462	0.657287	0.000036
34183.000000	0.499788	0.510297	0.797466	0.657294	0.000027
34184.000000	0.499792	0.510294	0.797467	0.657295	0.000034
34185.000000	0.499791	0.510291	0.797471	0.657302	0.000049
34186.000000	0.499788	0.510286	0.797473	0.657304	0.000052
34187.000000	0.499784	0.510283	0.797475	0.657307	0.000056
34188.000000	0.499779	0.510277	0.797480	0.657316	0.000067
34189.000000	0.499781	0.510277	0.797480	0.657314	0.000063
34190.000000	0.499794	0.510285	0.797481	0.657317	0.000055
34191.000000	0.499798	0.510293	0.797478	0.657312	0.000062
34192.000000	0.499793	0.510284	0.797476	0.657308	0.000068
34193.000000	0.499790	0.510276	0.797479	0.657312	0.000078
34194.000000	0.499790	0.510270	0.797480	0.657314	0.000083
34195.000000	0.499791	0.510270	0.797478	0.657312	0.000075
34196.000000	0.499788	0.510268	0.797482	0.657318	0.000068
34197.000000	0.499786	0.510271	0.797481	0.657315	0.000066
34198.000000	0.499790	0.510289	0.797483	0.657319	0.000070
34199.000000	0.499794	0.510309	0.797487	0.657324	0.000077
34200.000000	0.499795	0.510312	0.797485	0.657321	0.000068
34201.000000	0.499794	0.510317	0.797484	0.657319	0.000069
34202.000000	0.499787	0.510312	0.797480	0.657313	0.000076
34203.000000	0.499785	0.510309	0.797475	0.657305	0.000078
34204.000000	0.499784	0.510317	0.797471	0.657299	0.000090
34205.000000	0.499779	0.510311	0.797475	0.657305	0.000107
34206.000000	0.499774	0.510306	0.797476	0.657307	0.000111
34207.000000	0.499773	0.510297	0.797472	0.657300	0.000107
34208.000000	0.499777	0.510289	0.797469	0.657295	0.000108
34209.000000	0.499786	0.510282	0.797473	0.657301	0.000123
34210.000000	0.499780	0.510278	0.797474	0.657302	0.000136
34211.000000	0.499774	0.510270	0.797471	0.657298	0.000143
34212.000000	0.499769	0.510260	0.797471	0.657297	0.000152
34213.000000	0.499764	0.510251	0.797470	0.657295	0.000155
34214.000000	0.499759	0.510242	0.797469	0.657293	0.000161
34215.000000	0.499753	0.510235	0.797472	0.657298	0.000162
34216.000000	0.499750	0.510233	0.797478	0.657307	0.000147
34217.000000	0.499748	0.510239	0.797484	0.657317	0.000124
34218.000000	0.499755	0.510251	0.797485	0.657318	0.000110
34219.000000	0.499758	0.510263	0.797484	0.657317	0.000106
34220.000000	0.499765	0.510272	0.797492	0.657332	0.000111
34221.000000	0.499768	0.510265	0.797496	0.657338	0.000097
34222.000000	0.499766	0.510256	0.797504	0.657353	0.000072
34223.000000	0.499760	0.510254	0.797505	0.657354	0.000055
34224.000000	0.499761	0.510248	0.797507	0.657356	0.000047
34225.000000	0.499756	0.510246	0.797508	0.657358	0.000035
34226.000000	0.499756	0.510239	0.797511	0.657363	0.000018
34227.000000	0.499752	0.510233	0.797511	0.657362	0.000013
34228.000000	0.499751	0.510238	0.797514	0.657366	0.000014
34229.000000	0.499758	0.510244	0.797513	0.657364	0.000013
34230.000000	0.499756	0.510241	0.797516	0.657369	-0.000001
34231.000000	0.499760	0.510240	0.797513	0.657364	-0.000011
34232.000000	0.499758	0.510236	0.797517	0.657369	-0.000028
34233.000000	0.499755	0.510238	0.797522	0.657379	-0.000050
34234.000000	0.499756	0.510239	0.797517	0.657371	-0.000054
34235.000000	0.499755	0.510243	0.797515	0.657367	-0.000043
34236.000000	0.499756	0.510248	0.797508	0.657357	-0.000049
34237.000000	0.499758	0.510249	0.797506	0.657354	-0.000051
34238.000000	0.499757	0.510243	0.797505	0.657351	-0.000051
34239.000000	0.499757	0.510241	0.797498	0.657342	-0.000056
34240.000000	0.499754	0.510244	0.797497	0.657340	-0.000058
34241.000000	0.499748	0.510236	0.797496	0.657337	-0.000057
34242.000000	0.499743	0.510236	0.797492	0.657332	-0.000054
34243.000000	0.499742	0.510234	0.797492	0.657331	-0.000049
34244.000000	0.499741	0.510246	0.797492	0.657331	-0.000054
34245.000000	0.499745	0.510251	0.797490	0.657327	-0.000055
34246.000000	0.499748	0.510247	0.797487	0.657321	-0.000048
34247.000000	0.499752	0.510242	0.797488	0.657323	-0.000060
34248.000000	0.499751	0.510246	0.797495	0.657336	-0.000086
34249.000000	0.499763	0.510249	0.797499	0.657342	-0.000092
34250.000000	0.499761	0.510243	0.797504	0.657350	-0.000090
34251.000000	0.499760	0.510236	0.797506	0.657353	-0.000092
34252.000000	0.499769	0.510234	0.797508	0.657355	-0.000098
34253.000000	0.499773	0.510231	0.797514	0.657368	-0.000098
34254.000000	0.499775	0.510229	0.797519	0.657376	-0.000099
34255.000000	0.499775	0.510227	0.797523	0.657382	-0.000087
34256.000000	0.499769	0.510223	0.797530	0.657395	-0.000062
34257.000000	0.499769	0.510217	0.797536	0.657403	-0.000044
34258.000000	0.499778	0.510225	0.797539	0.657409	-0.000048
34259.000000	0.499778	0.510233	0.797545	0.657420	-0.000064
34260.000000	0.499784	0.510235	0.797544	0.657417	-0.000062
34261.000000	0.499789	0.510238	0.797544	0.657417	-0.000048
34262.000000	0.499788	0.510248	0.797545	0.657419	-0.000037
34263.000000	0.499789	0.510256	0.797553	0.657432	-0.000026
34264.000000	0.499783	0.510251	0.797553	0.657432	-0.000026
34265.000000	0.499782	0.510248	0.797548	0.657424	-0.000021
34266.000000	0.499783	0.510237	0.797546	0.657421	-0.000014
34267.000000	0.499783	0.510226	0.797544	0.657417	-0.000016
34268.000000	0.499781	0.510218	0.797540	0.657410	-0.000021
34269.000000	0.499779	0.510220	0.797536	0.657404	-0.000028
34270.000000	0.499783	0.510231	0.797535	0.657402	-0.000035
34271.000000	0.499786	0.510240	0.797535	0.657402	-0.000023
34272.000000	0.499785	0.510243	0.797538	0.657408	-0.000002
34273.000000	0.499786	0.510237	0.797540	0.657410	0.000010
34274.000000	0.499794	0.510233	0.797541	0.657411	0.000016
34275.000000	0.499789	0.510226	0.797540	0.657409	0.000018
34276.000000	0.499784	0.510218	0.797540	0.657408	0.000020
34277.000000	0.499792	0.510219	0.797536	0.657402	0.000020
34278.000000	0.499796	0.510219	0.797538	0.657405	0.000025
34279.000000	0.499800	0.510214	0.797540	0.657408	0.000017
34280.000000	0.499795	0.510204	0.797535	0.657400	0.000013
34281.000000	0.499794	0.510203	0.797533	0.657396	0.000012
34282.000000	0.499791	0.510201	0.797532	0.657395	0.000016
34283.000000	0.499788	0.510199	0.797529	0.657389	0.000022
34284.000000	0.499791	0.510199	0.797531	0.657392	0.000032
34285.000000	0.499788	0.510197	0.797532	0.657393	0.000032
34286.000000	0.499787	0.510194	0.797532	0.657393	0.000043
34287.000000	0.499783	0.510190	0.797539	0.657405	0.000066
34288.000000	0.499789	0.510197	0.797539	0.657406	0.000077
34289.000000	0.499798	0.510201	0.797536	0.657400	0.000065
34290.000000	0.499800	0.510211	0.797538	0.657403	0.000051
34291.000000	0.499805	0.510212	0.797543	0.657411	0.000044
34292.000000	0.499806	0.510206	0.797544	0.657413	0.000062
34293.000000	0.499808	0.510214	0.797551	0.657425	0.000078
34294.000000	0.499809	0.510216	0.797559	0.657440	0.000076
34295.000000	0.499803	0.510214	0.797566	0.657451	0.000069
34296.000000	0.499799	0.510209	0.797563	0.657447	0.000069
34297.000000	0.499794	0.510206	0.797557	0.657439	0.000073
34298.000000	0.499792	0.510203	0.797559	0.657440	0.000080
34299.000000	0.499786	0.510197	0.797564	0.657451	0.000097
34300.000000	0.499787	0.510189	0.797570	0.657460	0.000118
34301.000000	0.499788	0.510187	0.797574	0.657466	0.000133
34302.000000	0.499781	0.510178	0.797577	0.657470	0.000137
34303.000000	0.499776	0.510168	0.797578	0.657472	0.000140
34304.000000	0.499773	0.510165	0.797576	0.657468	0.000135
34305.000000	0.499779	0.510167	0.797574	0.657465	0.000120
34306.000000	0.499774	0.510162	0.797577	0.657469	0.000109
34307.000000	0.499772	0.510154	0.797580	0.657474	0.000110
34308.000000	0.499772	0.510155	0.797585	0.657482	0.000131
34309.000000	0.499767	0.510153	0.797585	0.657482	0.000144
34310.000000	0.499765	0.510147	0.797582	0.657477	0.000149
34311.000000	0.499758	0.510137	0.797579	0.657472	0.000143
34312.000000	0.499754	0.510135	0.797576	0.657466	0.000139
34313.000000	0.499754	0.510140	0.797571	0.657459	0.000141
34314.000000	0.499754	0.510141	0.797572	0.657461	0.000142
34315.000000	0.499747	0.510137	0.797569	0.657456	0.000146
34316.000000	0.499743	0.510129	0.797566	0.657451	0.000142
34317.000000	0.499738	0.510134	0.797563	0.657445	0.000136
34318.000000	0.499731	0.510128	0.797562	0.657443	0.000127
34319.000000	0.499732	0.510126	0.797565	0.657447	0.000124
34320.000000	0.499729	0.510126	0.797572	0.657461	0.000127
34321.000000	0.499726	0.510132	0.797573	0.657462	0.000126
34322.000000	0.499728	0.510131	0.797567	0.657453	0.000119
34323.000000	0.499722	0.510128	0.797562	0.657446	0.000106
34324.000000	0.499721	0.510122	0.797560	0.657442	0.000096
34325.000000	0.499722	0.510119	0.797564	0.657448	0.000089
34326.000000	0.499721	0.510124	0.797569	0.657458	0.000085
34327.000000	0.499726	0.510121	0.797575	0.657467	0.000095
34328.000000	0.499736	0.510121	0.797573	0.657464	0.000097
34329.000000	0.499739	0.510124	0.797582	0.657480	0.000078
34330.000000	0.499750	0.510124	0.797588	0.657490	0.000061
34331.000000	0.499751	0.510120	0.797596	0.657505	0.000067
34332.000000	0.499754	0.510126	0.797595	0.657503	0.000078
34333.000000	0.499758	0.510131	0.797595	0.657503	0.000069
34334.000000	0.499762	0.510136	0.797600	0.657512	0.000047
34335.000000	0.499765	0.510149	0.797596	0.657505	0.000040
34336.000000	0.499774	0.510164	0.797594	0.657504	0.000053
34337.000000	0.499786	0.510182	0.797593	0.657503	0.000064
34338.000000	0.499783	0.510187	0.797586	0.657492	0.000066
34339.000000	0.499782	0.510189	0.797581	0.657485	0.000075
34340.000000	0.499779	0.510187	0.797584	0.657488	0.000081
34341.000000	0.499784	0.510200	0.797588	0.657496	0.000069
34342.000000	0.499789	0.510215	0.797592	0.657503	0.000053
34343.000000	0.499788	0.510214	0.797587	0.657495	0.000054
34344.000000	0.499792	0.510215	0.797588	0.657496	0.000060
34345.000000	0.499789	0.510216	0.797590	0.657499	0.000060
34346.000000	0.499787	0.510221	0.797589	0.657497	0.000058
34347.000000	0.499784	0.510229	0.797587	0.657494	0.000057
34348.000000	0.499777	0.510223	0.797583	0.657487	0.000059
34349.000000	0.499777	0.510221	0.797580	0.657483	0.000057
34350.000000	0.499775	0.510213	0.797578	0.657478	0.000052
34351.000000	0.499773	0.510204	0.797575	0.657474	0.000055
34352.000000	0.499770	0.510203	0.797577	0.657477	0.000052
34353.000000	0.499770	0.510209	0.797577	0.657477	0.000050
34354.000000	0.499769	0.510212	0.797571	0.657468	0.000052
34355.000000	0.499770	0.510211	0.797574	0.657472	0.000055
34356.000000	0.499772	0.510214	0.797579	0.657480	0.000058
34357.000000	0.499777	0.510227	0.797588	0.657496	0.000059
34358.000000	0.499776	0.510227	0.797593	0.657504	0.000052
34359.000000	0.499774	0.510222	0.797596	0.657509	0.000041
34360.000000	0.499780	0.510220	0.797594	0.657505	0.000035
34361.000000	0.499779	0.510215	0.797593	0.657504	0.000036
34362.000000	0.499779	0.510209	0.797592	0.657502	0.000043
34363.000000	0.499786	0.510208	0.797589	0.657497	0.000040
34364.000000	0.499781	0.510202	0.797590	0.657497	0.000027
34365.000000	0.499779	0.510197	0.797591	0.657500	0.000010
34366.000000	0.499780	0.510203	0.797598	0.657512	-0.000014
34367.000000	0.499783	0.510222	0.797599	0.657513	-0.000031
34368.000000	0.499779	0.510213	0.797603	0.657520	-0.000048
34369.000000	0.499781	0.510203	0.797608	0.657528	-0.000048
34370.000000	0.499779	0.510194	0.797611	0.657532	-0.000029
34371.000000	0.499784	0.510195	0.797611	0.657533	-0.000018
34372.000000	0.499788	0.510192	0.797609	0.657529	-0.000028
34373.000000	0.499784	0.510182	0.797607	0.657525	-0.000044
34374.000000	0.499781	0.510179	0.797605	0.657521	-0.000054
34375.000000	0.499775	0.510178	0.797604	0.657520	-0.000060
34376.000000	0.499774	0.510172	0.797607	0.657525	-0.000060
34377.000000	0.499778	0.510187	0.797603	0.657518	-0.000061
34378.000000	0.499785	0.510213	0.797599	0.657512	-0.000055
34379.000000	0.499789	0.510224	0.797603	0.657519	-0.000058
34380.000000	0.499787	0.510219	0.797606	0.657524	-0.000069
34381.000000	0.499786	0.510218	0.797602	0.657518	-0.000081
34382.000000	0.499792	0.510224	0.797597	0.657510	-0.000088
34383.000000	0.499793	0.510232	0.797596	0.657508	-0.000087
34384.000000	0.499793	0.510238	0.797602	0.657518	-0.000083
34385.000000	0.499806	0.510252	0.797604	0.657521	-0.000090
34386.000000	0.499809	0.510260	0.797605	0.657523	-0.000095
34387.000000	0.499812	0.510268	0.797611	0.657532	-0.000093
34388.000000	0.499813	0.510267	0.797611	0.657532	-0.000083
34389.000000	0.499811	0.510271	0.797615	0.657537	-0.000071
34390.000000	0.499808	0.510266	0.797617	0.657541	-0.000058
34391.000000	0.499805	0.510263	0.797619	0.657545	-0.000048
34392.000000	0.499803	0.510262	0.797621	0.657547	-0.000032
34393.000000	0.499802	0.510258	0.797622	0.657549	-0.000019
34394.000000	0.499799	0.510251	0.797622	0.657548	-0.000016
34395.000000	0.499795	0.510244	0.797618	0.657542	-0.000011
34396.000000	0.499791	0.510245	0.797615	0.657537	-0.000007
34397.000000	0.499788	0.510236	0.797611	0.657530	0.000000
34398.000000	0.499786	0.510238	0.797611	0.657529	0.000000
34399.000000	0.499781	0.510230	0.797615	0.657535	0.000005
34400.000000	0.499778	0.510222	0.797614	0.657533	0.000003
34401.000000	0.499785	0.510221	0.797610	0.657527	-0.000005
34402.000000	0.499792	0.510225	0.797615	0.657536	-0.000021
34403.000000	0.499790	0.510220	0.797617	0.657540	-0.000036
34404.000000	0.499790	0.510224	0.797613	0.657533	-0.000041
34405.000000	0.499791	0.510231	0.797611	0.657529	-0.000051
34406.000000	0.499788	0.510226	0.797609	0.657526	-0.000059
34407.000000	0.499783	0.510220	0.797605	0.657520	-0.000066
34408.000000	0.499778	0.510213	0.797603	0.657516	-0.000068
34409.000000	0.499778	0.510204	0.797598	0.657508	-0.000071
34410.000000	0.499781	0.510194	0.797592	0.657499	-0.000068
34411.000000	0.499786	0.510189	0.797592	0.657498	-0.000063
34412.000000	0.499784	0.510186	0.797589	0.657493	-0.000070
34413.000000	0.499786	0.510193	0.797594	0.657501	-0.000083
34414.000000	0.499791	0.510202	0.797592	0.657498	-0.000077
34415.000000	0.499791	0.510212	0.797594	0.657501	-0.000060
34416.000000	0.499789	0.510217	0.797597	0.657506	-0.000040
34417.000000	0.499788	0.510213	0.797596	0.657504	-0.000024
34418.000000	0.499785	0.510210	0.797591	0.657496	-0.000014
34419.000000	0.499780	0.510208	0.797588	0.657491	-0.000009
34420.000000	0.499777	0.510201	0.797588	0.657492	-0.000021
34421.000000	0.499782	0.510205	0.797591	0.657497	-0.000040
34422.000000	0.499777	0.510202	0.797587	0.657490	-0.000046
34423.000000	0.499777	0.510203	0.797585	0.657486	-0.000052
34424.000000	0.499774	0.510205	0.797583	0.657482	-0.000060
34425.000000	0.499773	0.510211	0.797576	0.657473	-0.000057
34426.000000	0.499782	0.510232	0.797569	0.657463	-0.000049
34427.000000	0.499787	0.510243	0.797565	0.657457	-0.000054
34428.000000	0.499795	0.510254	0.797569	0.657463	-0.000069
34429.000000	0.499796	0.510268	0.797569	0.657462	-0.000077
34430.000000	0.499795	0.510279	0.797566	0.657457	-0.000083
34431.000000	0.499798	0.510294	0.797562	0.657451	-0.000089
34432.000000	0.499793	0.510291	0.797555	0.657441	-0.000093
34433.000000	0.499792	0.510299	0.797555	0.657440	-0.000098
34434.000000	0.499791	0.510315	0.797551	0.657434	-0.000100
34435.000000	0.499791	0.510323	0.797546	0.657426	-0.000095
34436.000000	0.499787	0.510327	0.797547	0.657427	-0.000085
34437.000000	0.499788	0.510321	0.797542	0.657420	-0.000080
34438.000000	0.499788	0.510315	0.797547	0.657428	-0.000091
34439.000000	0.499780	0.510312	0.797548	0.657430	-0.000097
34440.000000	0.499776	0.510310	0.797549	0.657430	-0.000100
34441.000000	0.499772	0.510302	0.797552	0.657435	-0.000091
34442.000000	0.499775	0.510298	0.797555	0.657439	-0.000079
34443.000000	0.499775	0.510294	0.797552	0.657436	-0.000080
34444.000000	0.499778	0.510291	0.797556	0.657441	-0.000086
34445.000000	0.499780	0.510288	0.797557	0.657443	-0.000077
34446.000000	0.499784	0.510293	0.797558	0.657444	-0.000069
34447.000000	0.499785	0.510294	0.797563	0.657451	-0.000085
34448.000000	0.499783	0.510292	0.797570	0.657465	-0.000101
34449.000000	0.499787	0.510286	0.797569	0.657462	-0.000095
34450.000000	0.499783	0.510279	0.797568	0.657461	-0.000084
34451.000000	0.499780	0.510273	0.797568	0.657459	-0.000080
34452.000000	0.499773	0.510273	0.797567	0.657458	-0.000088
34453.000000	0.499765	0.510263	0.797565	0.657454	-0.000096
34454.000000	0.499759	0.510256	0.797563	0.657451	-0.000095
34455.000000	0.499761	0.510255	0.797559	0.657445	-0.000088
34456.000000	0.499775	0.510255	0.797554	0.657437	-0.000083
34457.000000	0.499784	0.510259	0.797553	0.657435	-0.000073
34458.000000	0.499785	0.510254	0.797552	0.657433	-0.000065
34459.000000	0.499781	0.510249	0.797546	0.657424	-0.000073
34460.000000	0.499779	0.510248	0.797543	0.657419	-0.000067
34461.000000	0.499782	0.510243	0.797546	0.657424	-0.000062
34462.000000	0.499776	0.510238	0.797543	0.657420	-0.000068
34463.000000	0.499771	0.510233	0.797543	0.657419	-0.000079
34464.000000	0.499767	0.510228	0.797547	0.657425	-0.000088
34465.000000	0.499764	0.510219	0.797546	0.657423	-0.000094
34466.000000	0.499761	0.510214	0.797543	0.657418	-0.000096
34467.000000	0.499759	0.510217	0.797540	0.657413	-0.000099
34468.000000	0.499758	0.510223	0.797544	0.657419	-0.000107
34469.000000	0.499764	0.510225	0.797542	0.657416	-0.000103
34470.000000	0.499767	0.510225	0.797536	0.657408	-0.000098
34471.000000	0.499764	0.510223	0.797535	0.657406	-0.000100
34472.000000	0.499762	0.510217	0.797543	0.657419	-0.000104
34473.000000	0.499761	0.510212	0.797539	0.657414	-0.000112
34474.000000	0.499757	0.510219	0.797532	0.657403	-0.000117
34475.000000	0.499761	0.510225	0.797529	0.657398	-0.000114
34476.000000	0.499758	0.510226	0.797529	0.657399	-0.000108
34477.000000	0.499759	0.510221	0.797531	0.657402	-0.000116
34478.000000	0.499761	0.510228	0.797535	0.657407	-0.000133
34479.000000	0.499762	0.510240	0.797531	0.657402	-0.000138
34480.000000	0.499764	0.510232	0.797527	0.657394	-0.000141
34481.000000	0.499768	0.510225	0.797521	0.657386	-0.000144
34482.000000	0.499765	0.510220	0.797525	0.657393	-0.000132
34483.000000	0.499762	0.510218	0.797531	0.657403	-0.000124
34484.000000	0.499760	0.510210	0.797530	0.657400	-0.000124
34485.000000	0.499762	0.510208	0.797532	0.657404	-0.000128
34486.000000	0.499764	0.510207	0.797530	0.657401	-0.000119
34487.000000	0.499764	0.510214	0.797530	0.657400	-0.000103
34488.000000	0.499766	0.510221	0.797530	0.657399	-0.000089
34489.000000	0.499758	0.510223	0.797530	0.657398	-0.000085
34490.000000	0.499750	0.510219	0.797528	0.657395	-0.000076
34491.000000	0.499753	0.510218	0.797527	0.657393	-0.000064
34492.000000	0.499751	0.510216	0.797522	0.657385	-0.000069
34493.000000	0.499748	0.510215	0.797520	0.657382	-0.000074
34494.000000	0.499748	0.510220	0.797520	0.657381	-0.000075
34495.000000	0.499744	0.510222	0.797519	0.657378	-0.000078
34496.000000	0.499747	0.510224	0.797517	0.657376	-0.000075
34497.000000	0.499747	0.510222	0.797515	0.657373	-0.000085
34498.000000	0.499746	0.510219	0.797516	0.657374	-0.000103
34499.000000	0.499749	0.510225	0.797517	0.657376	-0.000114
34500.000000	0.499750	0.510223	0.797516	0.657373	-0.000109
34501.000000	0.499747	0.510226	0.797517	0.657375	-0.000106
34502.000000	0.499748	0.510231	0.797523	0.657384	-0.000101
34503.000000	0.499747	0.510229	0.797532	0.657402	-0.000098
34504.000000	0.499750	0.510224	0.797537	0.657410	-0.000088
34505.000000	0.499748	0.510217	0.797543	0.657420	-0.000077
34506.000000	0.499749	0.510212	0.797544	0.657421	-0.000075
34507.000000	0.499751	0.510213	0.797540	0.657414	-0.000075
34508.000000	0.499754	0.510217	0.797541	0.657417	-0.000090
34509.000000	0.499752	0.510223	0.797548	0.657429	-0.000115
34510.000000	0.499749	0.510215	0.797547	0.657427	-0.000127
34511.000000	0.499748	0.510211	0.797546	0.657425	-0.000120
34512.000000	0.499744	0.510202	0.797547	0.657426	-0.000111
34513.000000	0.499742	0.510194	0.797553	0.657436	-0.000102
34514.000000	0.499743	0.510185	0.797553	0.657435	-0.000104
34515.000000	0.499743	0.510179	0.797548	0.657428	-0.000109
34516.000000	0.499745	0.510174	0.797545	0.657423	-0.000110
34517.000000	0.499742	0.510170	0.797547	0.657426	-0.000099
34518.000000	0.499748	0.510168	0.797549	0.657429	-0.000097
34519.000000	0.499748	0.510167	0.797548	0.657426	-0.000104
34520.000000	0.499748	0.510172	0.797542	0.657418	-0.000103
34521.000000	0.499743	0.510174	0.797537	0.657410	-0.000101
34522.000000	0.499737	0.510169	0.797538	0.657412	-0.000102
34523.000000	0.499730	0.510165	0.797542	0.657418	-0.000108
34524.000000	0.499724	0.510160	0.797543	0.657419	-0.000110
34525.000000	0.499723	0.510160	0.797542	0.657417	-0.000108
34526.000000	0.499719	0.510156	0.797543	0.657417	-0.000100
34527.000000	0.499713	0.510154	0.797540	0.657413	-0.000095
34528.000000	0.499710	0.510146	0.797536	0.657406	-0.000094
34529.000000	0.499719	0.510148	0.797538	0.657410	-0.000103
34530.000000	0.499721	0.510147	0.797542	0.657417	-0.000120
34531.000000	0.499724	0.510157	0.797544	0.657419	-0.000139
34532.000000	0.499727	0.510157	0.797540	0.657413	-0.000140
34533.000000	0.499727	0.510153	0.797538	0.657409	-0.000133
34534.000000	0.499724	0.510149	0.797542	0.657416	-0.000141
34535.000000	0.499727	0.510146	0.797545	0.657421	-0.000143
34536.000000	0.499727	0.510139	0.797540	0.657413	-0.000146
34537.000000	0.499724	0.510134	0.797540	0.657413	-0.000143
34538.000000	0.499719	0.510126	0.797540	0.657413	-0.000140
34539.000000	0.499714	0.510117	0.797542	0.657414	-0.000126
34540.000000	0.499710	0.510107	0.797544	0.657417	-0.000105
34541.000000	0.499709	0.510107	0.797546	0.657421	-0.000088
34542.000000	0.499712	0.510111	0.797543	0.657415	-0.000080
34543.000000	0.499722	0.510108	0.797540	0.657410	-0.000090
34544.000000	0.499726	0.510102	0.797534	0.657401	-0.000097
34545.000000	0.499725	0.510103	0.797532	0.657399	-0.000090
34546.000000	0.499726	0.510100	0.797533	0.657399	-0.000086
34547.000000	0.499724	0.510094	0.797534	0.657400	-0.000091
34548.000000	0.499725	0.510094	0.797535	0.657401	-0.000102
34549.000000	0.499730	0.510092	0.797532	0.657396	-0.000107
34550.000000	0.499729	0.510092	0.797536	0.657404	-0.000121
34551.000000	0.499731	0.510092	0.797537	0.657405	-0.000127
34552.000000	0.499732	0.510087	0.797539	0.657407	-0.000128
34553.000000	0.499724	0.510082	0.797542	0.657411	-0.000123
34554.000000	0.499719	0.510085	0.797542	0.657411	-0.000120
34555.000000	0.499719	0.510082	0.797541	0.657409	-0.000120
34556.000000	0.499720	0.510075	0.797538	0.657404	-0.000115
34557.000000	0.499722	0.510073	0.797534	0.657398	-0.000119
34558.000000	0.499718	0.510067	0.797537	0.657403	-0.000116
34559.000000	0.499716	0.510075	0.797542	0.657410	-0.000106
34560.000000	0.499716	0.510079	0.797540	0.657408	-0.000101
34561.000000	0.499716	0.510073	0.797534	0.657399	-0.000096
34562.000000	0.499712	0.510067	0.797530	0.657392	-0.000092
34563.000000	0.499706	0.510066	0.797529	0.657390	-0.000087
34564.000000	0.499703	0.510059	0.797524	0.657382	-0.000088
34565.000000	0.499699	0.510054	0.797520	0.657377	-0.000089
34566.000000	0.499694	0.510052	0.797517	0.657370	-0.000080
34567.000000	0.499693	0.510048	0.797514	0.657366	-0.000075
34568.000000	0.499693	0.510046	0.797515	0.657367	-0.000086
34569.000000	0.499691	0.510043	0.797520	0.657375	-0.000098
34570.000000	0.499691	0.510049	0.797525	0.657385	-0.000105
34571.000000	0.499694	0.510067	0.797521	0.657378	-0.000105
34572.000000	0.499702	0.510085	0.797514	0.657368	-0.000101
34573.000000	0.499710	0.510119	0.797508	0.657359	-0.000099
34574.000000	0.499714	0.510120	0.797506	0.657356	-0.000098
34575.000000	0.499715	0.510122	0.797500	0.657348	-0.000098
34576.000000	0.499714	0.510127	0.797503	0.657352	-0.000116
34577.000000	0.499714	0.510131	0.797502	0.657350	-0.000127
34578.000000	0.499713	0.510124	0.797505	0.657354	-0.000131
34579.000000	0.499710	0.510127	0.797513	0.657370	-0.000127
34580.000000	0.499711	0.510124	0.797520	0.657381	-0.000125
34581.000000	0.499711	0.510127	0.797518	0.657378	-0.000130
34582.000000	0.499710	0.510126	0.797515	0.657372	-0.000137
34583.000000	0.499702	0.510121	0.797512	0.657369	-0.000146
34584.000000	0.499695	0.510119	0.797511	0.657366	-0.000158
34585.000000	0.499694	0.510117	0.797508	0.657361	-0.000164
34586.000000	0.499690	0.510114	0.797508	0.657361	-0.000170
34587.000000	0.499690	0.510121	0.797508	0.657360	-0.000175
34588.000000	0.499685	0.510121	0.797505	0.657354	-0.000172
34589.000000	0.499685	0.510116	0.797509	0.657362	-0.000164
34590.000000	0.499689	0.510112	0.797511	0.657365	-0.000161
34591.000000	0.499689	0.510107	0.797511	0.657364	-0.000157
34592.000000	0.499684	0.510106	0.797507	0.657358	-0.000155
34593.000000	0.499682	0.510097	0.797504	0.657352	-0.000158
34594.000000	0.499677	0.510092	0.797502	0.657349	-0.000156
34595.000000	0.499689	0.510101	0.797505	0.657353	-0.000146
34596.000000	0.499698	0.510100	0.797507	0.657356	-0.000149
34597.000000	0.499707	0.510102	0.797512	0.657364	-0.000163
34598.000000	0.499712	0.510115	0.797517	0.657373	-0.000177
34599.000000	0.499710	0.510127	0.797514	0.657368	-0.000181
34600.000000	0.499705	0.510125	0.797512	0.657364	-0.000174
34601.000000	0.499698	0.510123	0.797509	0.657359	-0.000166
34602.000000	0.499693	0.510118	0.797506	0.657354	-0.000158
34603.000000	0.499695	0.510114	0.797504	0.657352	-0.000151
34604.000000	0.499691	0.510108	0.797510	0.657361	-0.000133
34605.000000	0.499694	0.510106	0.797512	0.657365	-0.000124
34606.000000	0.499689	0.510099	0.797515	0.657368	-0.000125
34607.000000	0.499690	0.510100	0.797518	0.657373	-0.000137
34608.000000	0.499688	0.510094	0.797514	0.657366	-0.000143
34609.000000	0.499687	0.510089	0.797513	0.657365	-0.000152
34610.000000	0.499690	0.510088	0.797510	0.657360	-0.000151
34611.000000	0.499696	0.510105	0.797506	0.657354	-0.000158
34612.000000	0.499695	0.510126	0.797503	0.657349	-0.000162
34613.000000	0.499694	0.510128	0.797501	0.657345	-0.000154
34614.000000	0.499693	0.510131	0.797505	0.657351	-0.000143
34615.000000	0.499696	0.510135	0.797505	0.657351	-0.000145
34616.000000	0.499696	0.510136	0.797510	0.657359	-0.000167
34617.000000	0.499696	0.510130	0.797510	0.657358	-0.000176
34618.000000	0.499699	0.510136	0.797511	0.657360	-0.000171
34619.000000	0.499706	0.510147	0.797513	0.657363	-0.000173
34620.000000	0.499708	0.510150	0.797513	0.657363	-0.000187
34621.000000	0.499706	0.510157	0.797516	0.657367	-0.000199
34622.000000	0.499713	0.510169	0.797519	0.657372	-0.000206
34623.000000	0.499711	0.510174	0.797515	0.657366	-0.000209
34624.000000	0.499711	0.510174	0.797512	0.657361	-0.000210
34625.000000	0.499710	0.510169	0.797510	0.657357	-0.000209
34626.000000	0.499711	0.510165	0.797510	0.657356	-0.000218
34627.000000	0.499709	0.510161	0.797515	0.657364	-0.000237
34628.000000	0.499713	0.510171	0.797515	0.657365	-0.000246
34629.000000	0.499709	0.510179	0.797511	0.657358	-0.000244
34630.000000	0.499710	0.510181	0.797507	0.657352	-0.000247
34631.000000	0.499719	0.510185	0.797505	0.657348	-0.000242
34632.000000	0.499717	0.510182	0.797501	0.657342	-0.000239
34633.000000	0.499717	0.510177	0.797501	0.657342	-0.000236
34634.000000	0.499721	0.510169	0.797504	0.657347	-0.000230
34635.000000	0.499720	0.510165	0.797508	0.657352	-0.000216
34636.000000	0.499725	0.510171	0.797507	0.657351	-0.000207
34637.000000	0.499728	0.510177	0.797505	0.657347	-0.000215
34638.000000	0.499728	0.510172	0.797509	0.657355	-0.000232
34639.000000	0.499726	0.510168	0.797504	0.657346	-0.000237
34640.000000	0.499726	0.510169	0.797502	0.657344	-0.000229
34641.000000	0.499723	0.510163	0.797506	0.657350	-0.000224
34642.000000	0.499719	0.510163	0.797508	0.657352	-0.000235
34643.000000	0.499716	0.510160	0.797513	0.657362	-0.000254
34644.000000	0.499716	0.510164	0.797516	0.657366	-0.000266
34645.000000	0.499716	0.510170	0.797515	0.657364	-0.000277
34646.000000	0.499718	0.510178	0.797514	0.657362	-0.000278
34647.000000	0.499715	0.510177	0.797514	0.657360	-0.000270
34648.000000	0.499730	0.510184	0.797516	0.657363	-0.000255
34649.000000	0.499737	0.510192	0.797521	0.657372	-0.000241
34650.000000	0.499737	0.510195	0.797523	0.657375	-0.000242
34651.000000	0.499738	0.510184	0.797518	0.657368	-0.000240
34652.000000	0.499736	0.510177	0.797517	0.657366	-0.000240
34653.000000	0.499739	0.510170	0.797518	0.657366	-0.000237
34654.000000	0.499736	0.510162	0.797513	0.657359	-0.000242
34655.000000	0.499733	0.510156	0.797512	0.657357	-0.000251
34656.000000	0.499726	0.510149	0.797513	0.657358	-0.000255
34657.000000	0.499724	0.510159	0.797514	0.657358	-0.000253
34658.000000	0.499728	0.510173	0.797510	0.657353	-0.000244
34659.000000	0.499727	0.510175	0.797514	0.657358	-0.000232
34660.000000	0.499728	0.510169	0.797515	0.657361	-0.000228
34661.000000	0.499728	0.510171	0.797511	0.657355	-0.000232
34662.000000	0.499733	0.510190	0.797506	0.657348	-0.000236
34663.000000	0.499729	0.510194	0.797499	0.657337	-0.000233
34664.000000	0.499731	0.510207	0.797500	0.657339	-0.000223
34665.000000	0.499733	0.510213	0.797498	0.657336	-0.000213
34666.000000	0.499733	0.510229	0.797494	0.657329	-0.000219
34667.000000	0.499734	0.510244	0.797493	0.657327	-0.000230
34668.000000	0.499736	0.510242	0.797489	0.657321	-0.000230
34669.000000	0.499735	0.510233	0.797487	0.657317	-0.000227
34670.000000	0.499732	0.510225	0.797479	0.657307	-0.000228
34671.000000	0.499734	0.510224	0.797477	0.657302	-0.000229
34672.000000	0.499735	0.510222	0.797473	0.657296	-0.000236
34673.000000	0.499732	0.510218	0.797472	0.657295	-0.000249
34674.000000	0.499728	0.510219	0.797466	0.657286	-0.000249
34675.000000	0.499728	0.510218	0.797463	0.657280	-0.000238
34676.000000	0.499724	0.510211	0.797460	0.657276	-0.000228
34677.000000	0.499721	0.510205	0.797456	0.657269	-0.000235
34678.000000	0.499717	0.510204	0.797460	0.657276	-0.000250
34679.000000	0.499715	0.510206	0.797464	0.657282	-0.000270
34680.000000	0.499711	0.510206	0.797470	0.657293	-0.000294
34681.000000	0.499707	0.510196	0.797474	0.657298	-0.000306
34682.000000	0.499714	0.510187	0.797481	0.657311	-0.000294
34683.000000	0.499716	0.510187	0.797483	0.657314	-0.000278
34684.000000	0.499716	0.510184	0.797480	0.657310	-0.000278
34685.000000	0.499720	0.510185	0.797481	0.657311	-0.000290
34686.000000	0.499726	0.510189	0.797485	0.657317	-0.000298
34687.000000	0.499724	0.510183	0.797487	0.657320	-0.000281
34688.000000	0.499725	0.510177	0.797483	0.657313	-0.000274
34689.000000	0.499734	0.510176	0.797489	0.657325	-0.000278
34690.000000	0.499735	0.510182	0.797496	0.657337	-0.000286
34691.000000	0.499730	0.510175	0.797497	0.657338	-0.000288
34692.000000	0.499733	0.510163	0.797498	0.657340	-0.000275
34693.000000	0.499727	0.510157	0.797502	0.657345	-0.000258
34694.000000	0.499723	0.510153	0.797499	0.657340	-0.000257
34695.000000	0.499726	0.510159	0.797496	0.657336	-0.000261
34696.000000	0.499722	0.510160	0.797497	0.657336	-0.000267
34697.000000	0.499721	0.510161	0.797497	0.657336	-0.000274
34698.000000	0.499714	0.510154	0.797493	0.657330	-0.000273
34699.000000	0.499707	0.510146	0.797492	0.657327	-0.000265
34700.000000	0.499703	0.510137	0.797494	0.657331	-0.000260
34701.000000	0.499701	0.510134	0.797494	0.657331	-0.000260
34702.000000	0.499701	0.510138	0.797491	0.657325	-0.000264
34703.000000	0.499698	0.510145	0.797489	0.657322	-0.000268
34704.000000	0.499695	0.510157	0.797491	0.657324	-0.000273
34705.000000	0.499697	0.510163	0.797493	0.657326	-0.000283
34706.000000	0.499701	0.510161	0.797491	0.657324	-0.000293
34707.000000	0.499703	0.510166	0.797485	0.657315	-0.000293
34708.000000	0.499703	0.510171	0.797481	0.657309	-0.000293
34709.000000	0.499705	0.510172	0.797484	0.657314	-0.000307
34710.000000	0.499709	0.510169	0.797482	0.657310	-0.000319
34711.000000	0.499712	0.510169	0.797482	0.657310	-0.000308
34712.000000	0.499710	0.510161	0.797483	0.657311	-0.000301
34713.000000	0.499713	0.510164	0.797484	0.657312	-0.000288
34714.000000	0.499714	0.510175	0.797489	0.657321	-0.000276
34715.000000	0.499723	0.510194	0.797486	0.657316	-0.000276
34716.000000	0.499727	0.510202	0.797481	0.657309	-0.000269
34717.000000	0.499730	0.510208	0.797480	0.657306	-0.000255
34718.000000	0.499726	0.510207	0.797485	0.657315	-0.000237
34719.000000	0.499726	0.510207	0.797487	0.657319	-0.000227
34720.000000	0.499727	0.510202	0.797483	0.657313	-0.000236
34721.000000	0.499728	0.510198	0.797484	0.657314	-0.000251
34722.000000	0.499728	0.510194	0.797484	0.657312	-0.000264
34723.000000	0.499729	0.510203	0.797483	0.657311	-0.000277
34724.000000	0.499731	0.510210	0.797482	0.657309	-0.000289
34725.000000	0.499726	0.510206	0.797482	0.657308	-0.000302
34726.000000	0.499720	0.510205	0.797481	0.657307	-0.000309
34727.000000	0.499717	0.510206	0.797485	0.657313	-0.000314
34728.000000	0.499717	0.510203	0.797491	0.657323	-0.000299
34729.000000	0.499714	0.510200	0.797494	0.657327	-0.000283
34730.000000	0.499712	0.510212	0.797494	0.657327	-0.000276
34731.000000	0.499719	0.510231	0.797490	0.657320	-0.000267
34732.000000	0.499717	0.510228	0.797486	0.657314	-0.000262
34733.000000	0.499714	0.510221	0.797491	0.657322	-0.000272
34734.000000	0.499711	0.510212	0.797490	0.657321	-0.000286
34735.000000	0.499703	0.510205	0.797483	0.657311	-0.000292
34736.000000	0.499700	0.510205	0.797480	0.657305	-0.000301
34737.000000	0.499698	0.510199	0.797477	0.657301	-0.000302
34738.000000	0.499694	0.510192	0.797473	0.657294	-0.000298
34739.000000	0.499687	0.510189	0.797475	0.657298	-0.000294
34740.000000	0.499684	0.510188	0.797471	0.657291	-0.000289
34741.000000	0.499681	0.510187	0.797467	0.657284	-0.000285
34742.000000	0.499678	0.510180	0.797462	0.657277	-0.000281
34743.000000	0.499676	0.510179	0.797457	0.657269	-0.000277
34744.000000	0.499679	0.510176	0.797455	0.657265	-0.000276
34745.000000	0.499684	0.510179	0.797454	0.657265	-0.000283
34746.000000	0.499685	0.510176	0.797461	0.657277	-0.000299
34747.000000	0.499688	0.510175	0.797466	0.657284	-0.000312
34748.000000	0.499690	0.510175	0.797471	0.657293	-0.000329
34749.000000	0.499690	0.510170	0.797473	0.657295	-0.000332
34750.000000	0.499687	0.510164	0.797471	0.657292	-0.000332
34751.000000	0.499688	0.510164	0.797477	0.657303	-0.000330
34752.000000	0.499693	0.510167	0.797476	0.657301	-0.000330
34753.000000	0.499694	0.510170	0.797481	0.657308	-0.000348
34754.000000	0.499693	0.510174	0.797485	0.657315	-0.000370
34755.000000	0.499691	0.510175	0.797486	0.657316	-0.000389
34756.000000	0.499687	0.510169	0.797486	0.657316	-0.000401
34757.000000	0.499686	0.510165	0.797484	0.657312	-0.000411
34758.000000	0.499689	0.510174	0.797482	0.657309	-0.000411
34759.000000	0.499686	0.510180	0.797485	0.657313	-0.000406
34760.000000	0.499689	0.510190	0.797490	0.657321	-0.000395
34761.000000	0.499685	0.510187	0.797492	0.657325	-0.000376
34762.000000	0.499687	0.510181	0.797493	0.657326	-0.000362
34763.000000	0.499680	0.510174	0.797495	0.657328	-0.000355
34764.000000	0.499675	0.510172	0.797493	0.657325	-0.000351
34765.000000	0.499675	0.510174	0.797496	0.657328	-0.000338
34766.000000	0.499679	0.510195	0.797501	0.657337	-0.000316
34767.000000	0.499690	0.510220	0.797501	0.657337	-0.000310
34768.000000	0.499703	0.510227	0.797498	0.657333	-0.000319
34769.000000	0.499710	0.510234	0.797500	0.657336	-0.000337
34770.000000	0.499710	0.510235	0.797497	0.657330	-0.000349
34771.000000	0.499714	0.510242	0.797490	0.657320	-0.000354
34772.000000	0.499718	0.510240	0.797486	0.657315	-0.000350
34773.000000	0.499719	0.510248	0.797486	0.657313	-0.000344
34774.000000	0.499714	0.510244	0.797490	0.657320	-0.000350
34775.000000	0.499712	0.510247	0.797494	0.657326	-0.000366
34776.000000	0.499714	0.510243	0.797496	0.657328	-0.000371
34777.000000	0.499713	0.510240	0.797494	0.657326	-0.000368
34778.000000	0.499714	0.510249	0.797500	0.657336	-0.000372
34779.000000	0.499711	0.510252	0.797503	0.657342	-0.000381
34780.000000	0.499708	0.510250	0.797506	0.657345	-0.000384
34781.000000	0.499709	0.510248	0.797507	0.657348	-0.000380
34782.000000	0.499713	0.510254	0.797508	0.657349	-0.000370
34783.000000	0.499715	0.510250	0.797505	0.657344	-0.000365
34784.000000	0.499713	0.510246	0.797504	0.657341	-0.000363
34785.000000	0.499713	0.510246	0.797506	0.657344	-0.000358
34786.000000	0.499722	0.510255	0.797503	0.657339	-0.000360
34787.000000	0.499724	0.510257	0.797499	0.657334	-0.000363
34788.000000	0.499729	0.510259	0.797504	0.657341	-0.000377
34789.000000	0.499725	0.510252	0.797508	0.657349	-0.000391
34790.000000	0.499723	0.510242	0.797515	0.657361	-0.000392
34791.000000	0.499721	0.510240	0.797521	0.657371	-0.000377
34792.000000	0.499726	0.510255	0.797524	0.657375	-0.000362
34793.000000	0.499727	0.510254	0.797529	0.657383	-0.000358
34794.000000	0.499722	0.510247	0.797537	0.657398	-0.000367
34795.000000	0.499719	0.510237	0.797537	0.657398	-0.000377
34796.000000	0.499717	0.510225	0.797533	0.657392	-0.000379
34797.000000	0.499718	0.510214	0.797534	0.657392	-0.000371
34798.000000	0.499717	0.510204	0.797539	0.657400	-0.000349
34799.000000	0.499720	0.510207	0.797539	0.657401	-0.000333
34800.000000	0.499717	0.510199	0.797537	0.657399	-0.000333
34801.000000	0.499715	0.510195	0.797541	0.657405	-0.000328
34802.000000	0.499712	0.510193	0.797547	0.657415	-0.000314
34803.000000	0.499707	0.510188	0.797547	0.657415	-0.000309
34804.000000	0.499703	0.510186	0.797544	0.657410	-0.000300
34805.000000	0.499701	0.510189	0.797543	0.657408	-0.000290
34806.000000	0.499702	0.510189	0.797543	0.657407	-0.000278
34807.000000	0.499701	0.510184	0.797544	0.657408	-0.000264
34808.000000	0.499700	0.510180	0.797548	0.657415	-0.000260
34809.000000	0.499701	0.510185	0.797547	0.657413	-0.000263
34810.000000	0.499698	0.510187	0.797548	0.657413	-0.000257
34811.000000	0.499693	0.510187	0.797549	0.657415	-0.000256
34812.000000	0.499697	0.510190	0.797546	0.657410	-0.000263
34813.000000	0.499704	0.510194	0.797544	0.657406	-0.000266
34814.000000	0.499704	0.510203	0.797546	0.657409	-0.000273
34815.000000	0.499704	0.510212	0.797548	0.657412	-0.000282
34816.000000	0.499710	0.510210	0.797549	0.657413	-0.000284
34817.000000	0.499708	0.510206	0.797543	0.657404	-0.000286
34818.000000	0.499708	0.510202	0.797539	0.657398	-0.000287
34819.000000	0.499704	0.510197	0.797542	0.657402	-0.000296
34820.000000	0.499708	0.510193	0.797537	0.657395	-0.000300
34821.000000	0.499715	0.510197	0.797543	0.657406	-0.000279
34822.000000	0.499713	0.510193	0.797541	0.657402	-0.000271
34823.000000	0.499709	0.510198	0.797541	0.657401	-0.000271
34824.000000	0.499710	0.510190	0.797548	0.657415	-0.000274
34825.000000	0.499715	0.510182	0.797550	0.657418	-0.000270
34826.000000	0.499710	0.510175	0.797549	0.657416	-0.000263
34827.000000	0.499706	0.510169	0.797556	0.657429	-0.000248
34828.000000	0.499710	0.510166	0.797556	0.657428	-0.000236
34829.000000	0.499707	0.510162	0.797559	0.657433	-0.000230
34830.000000	0.499701	0.510156	0.797559	0.657433	-0.000218
34831.000000	0.499701	0.510150	0.797564	0.657440	-0.000198
34832.000000	0.499707	0.510156	0.797565	0.657443	-0.000193
34833.000000	0.499708	0.510161	0.797568	0.657448	-0.000205
34834.000000	0.499706	0.510159	0.797567	0.657446	-0.000218
34835.000000	0.499704	0.510154	0.797570	0.657450	-0.000233
34836.000000	0.499700	0.510147	0.797572	0.657454	-0.000253
34837.000000	0.499698	0.510147	0.797572	0.657453	-0.000265
34838.000000	0.499700	0.510150	0.797571	0.657451	-0.000268
34839.000000	0.499699	0.510145	0.797572	0.657452	-0.000265
34840.000000	0.499695	0.510138	0.797570	0.657448	-0.000272
34841.000000	0.499692	0.510129	0.797568	0.657445	-0.000284
34842.000000	0.499694	0.510124	0.797572	0.657451	-0.000303
34843.000000	0.499691	0.510115	0.797578	0.657460	-0.000320
34844.000000	0.499688	0.510115	0.797585	0.657473	-0.000335
34845.000000	0.499693	0.510128	0.797584	0.657471	-0.000341
34846.000000	0.499692	0.510130	0.797578	0.657463	-0.000346
34847.000000	0.499688	0.510125	0.797578	0.657463	-0.000358
34848.000000	0.499688	0.510120	0.797583	0.657470	-0.000373
34849.000000	0.499683	0.510115	0.797589	0.657480	-0.000366
34850.000000	0.499682	0.510112	0.797589	0.657481	-0.000364
34851.000000	0.499680	0.510111	0.797582	0.657471	-0.000365
34852.000000	0.499681	0.510120	0.797578	0.657464	-0.000369
34853.000000	0.499678	0.510118	0.797574	0.657457	-0.000370
34854.000000	0.499682	0.510112	0.797572	0.657455	-0.000365
34855.000000	0.499679	0.510107	0.797572	0.657454	-0.000363
34856.000000	0.499673	0.510101	0.797572	0.657453	-0.000368
34857.000000	0.499674	0.510102	0.797574	0.657456	-0.000373
34858.000000	0.499672	0.510094	0.797576	0.657459	-0.000368
34859.000000	0.499667	0.510090	0.797578	0.657462	-0.000365
34860.000000	0.499666	0.510093	0.797586	0.657476	-0.000363
34861.000000	0.499664	0.510092	0.797588	0.657479	-0.000363
34862.000000	0.499665	0.510099	0.797593	0.657487	-0.000361
34863.000000	0.499669	0.510114	0.797594	0.657488	-0.000352
34864.000000	0.499668	0.510121	0.797589	0.657480	-0.000352
34865.000000	0.499664	0.510114	0.797585	0.657475	-0.000355
34866.000000	0.499662	0.510114	0.797578	0.657465	-0.000365
34867.000000	0.499662	0.510112	0.797576	0.657461	-0.000371
34868.000000	0.499665	0.510116	0.797573	0.657455	-0.000366
34869.000000	0.499670	0.510137	0.797567	0.657448	-0.000363
34870.000000	0.499669	0.510148	0.797568	0.657448	-0.000375
34871.000000	0.499672	0.510146	0.797572	0.657455	-0.000392
34872.000000	0.499671	0.510143	0.797574	0.657458	-0.000386
34873.000000	0.499671	0.510150	0.797581	0.657472	-0.000369
34874.000000	0.499669	0.510151	0.797582	0.657472	-0.000363
34875.000000	0.499672	0.510163	0.797588	0.657483	-0.000372
34876.000000	0.499679	0.510188	0.797589	0.657485	-0.000384
34877.000000	0.499681	0.510197	0.797594	0.657492	-0.000396
34878.000000	0.499691	0.510203	0.797597	0.657498	-0.000405
34879.000000	0.499691	0.510195	0.797594	0.657493	-0.000416
34880.000000	0.499690	0.510188	0.797594	0.657493	-0.000417
34881.000000	0.499693	0.510183	0.797600	0.657503	-0.000403
34882.000000	0.499690	0.510176	0.797601	0.657503	-0.000400
34883.000000	0.499685	0.510175	0.797595	0.657495	-0.000406
34884.000000	0.499681	0.510175	0.797595	0.657494	-0.000420
34885.000000	0.499679	0.510169	0.797594	0.657493	-0.000436
34886.000000	0.499674	0.510165	0.797592	0.657489	-0.000435
34887.000000	0.499674	0.510165	0.797596	0.657496	-0.000431
34888.000000	0.499668	0.510159	0.797601	0.657504	-0.000445
34889.000000	0.499672	0.510167	0.797605	0.657510	-0.000459
34890.000000	0.499675	0.510185	0.797614	0.657526	-0.000463
34891.000000	0.499675	0.510185	0.797612	0.657523	-0.000455
34892.000000	0.499677	0.510190	0.797609	0.657519	-0.000453
34893.000000	0.499679	0.510190	0.797612	0.657523	-0.000468
34894.000000	0.499676	0.510182	0.797617	0.657532	-0.000484
34895.000000	0.499670	0.510176	0.797618	0.657533	-0.000495
34896.000000	0.499672	0.510187	0.797622	0.657539	-0.000491
34897.000000	0.499671	0.510199	0.797627	0.657547	-0.000477
34898.000000	0.499676	0.510205	0.797627	0.657547	-0.000463
34899.000000	0.499673	0.510208	0.797627	0.657546	-0.000461
34900.000000	0.499674	0.510206	0.797629	0.657549	-0.000456
34901.000000	0.499674	0.510211	0.797630	0.657551	-0.000453
34902.000000	0.499679	0.510208	0.797631	0.657551	-0.000448
34903.000000	0.499687	0.510214	0.797634	0.657557	-0.000428
34904.000000	0.499698	0.510220	0.797636	0.657560	-0.000423
34905.000000	0.499704	0.510222	0.797635	0.657558	-0.000428
34906.000000	0.499709	0.510226	0.797634	0.657556	-0.000430
34907.000000	0.499705	0.510223	0.797635	0.657557	-0.000441
34908.000000	0.499704	0.510222	0.797638	0.657560	-0.000451
34909.000000	0.499703	0.510220	0.797639	0.657562	-0.000463
34910.000000	0.499708	0.510216	0.797637	0.657558	-0.000466
34911.000000	0.499710	0.510214	0.797634	0.657553	-0.000466
34912.000000	0.499707	0.510206	0.797635	0.657554	-0.000469
34913.000000	0.499706	0.510201	0.797636	0.657556	-0.000470
34914.000000	0.499707	0.510193	0.797644	0.657571	-0.000478
34915.000000	0.499708	0.510189	0.797644	0.657571	-0.000482
34916.000000	0.499713	0.510187	0.797649	0.657578	-0.000468
34917.000000	0.499716	0.510186	0.797655	0.657589	-0.000452
34918.000000	0.499722	0.510192	0.797651	0.657583	-0.000453
34919.000000	0.499723	0.510198	0.797658	0.657596	-0.000459
34920.000000	0.499719	0.510204	0.797662	0.657601	-0.000468
34921.000000	0.499722	0.510214	0.797664	0.657605	-0.000478
34922.000000	0.499720	0.510216	0.797660	0.657599	-0.000486
34923.000000	0.499727	0.510213	0.797660	0.657598	-0.000487
34924.000000	0.499731	0.510226	0.797658	0.657595	-0.000481
34925.000000	0.499730	0.510227	0.797659	0.657596	-0.000466
34926.000000	0.499730	0.510224	0.797664	0.657603	-0.000457
34927.000000	0.499722	0.510218	0.797669	0.657611	-0.000457
34928.000000	0.499721	0.510216	0.797673	0.657619	-0.000456
34929.000000	0.499724	0.510224	0.797668	0.657611	-0.000461
34930.000000	0.499730	0.510241	0.797665	0.657606	-0.000466
34931.000000	0.499735	0.510250	0.797660	0.657598	-0.000467
34932.000000	0.499739	0.510256	0.797663	0.657603	-0.000462
34933.000000	0.499733	0.510254	0.797668	0.657611	-0.000457
34934.000000	0.499726	0.510258	0.797676	0.657626	-0.000448
34935.000000	0.499728	0.510263	0.797682	0.657636	-0.000437
34936.000000	0.499731	0.510269	0.797682	0.657635	-0.000429
34937.000000	0.499733	0.510281	0.797688	0.657646	-0.000413
34938.000000	0.499746	0.510285	0.797694	0.657657	-0.000393
34939.000000	0.499756	0.510295	0.797701	0.657669	-0.000390
34940.000000	0.499760	0.510294	0.797697	0.657663	-0.000392
34941.000000	0.499759	0.510296	0.797702	0.657671	-0.000389
34942.000000	0.499760	0.510294	0.797700	0.657668	-0.000387
34943.000000	0.499760	0.510301	0.797698	0.657664	-0.000379
34944.000000	0.499761	0.510297	0.797699	0.657665	-0.000362
34945.000000	0.499762	0.510299	0.797703	0.657671	-0.000342
34946.000000	0.499769	0.510306	0.797701	0.657669	-0.000334
34947.000000	0.499785	0.510308	0.797701	0.657668	-0.000342
34948.000000	0.499797	0.510322	0.797697	0.657662	-0.000349
34949.000000	0.499799	0.510328	0.797693	0.657655	-0.000343
34950.000000	0.499802	0.510337	0.797691	0.657652	-0.000336
34951.000000	0.499809	0.510353	0.797696	0.657661	-0.000341
34952.000000	0.499814	0.510352	0.797700	0.657667	-0.000349
34953.000000	0.499809	0.510353	0.797697	0.657662	-0.000350
34954.000000	0.499809	0.510353	0.797692	0.657654	-0.000351
34955.000000	0.499812	0.510354	0.797690	0.657652	-0.000356
34956.000000	0.499809	0.510356	0.797694	0.657658	-0.000368
34957.000000	0.499813	0.510370	0.797693	0.657656	-0.000365
34958.000000	0.499817	0.510375	0.797692	0.657654	-0.000366
34959.000000	0.499821	0.510371	0.797694	0.657656	-0.000373
34960.000000	0.499823	0.510376	0.797692	0.657653	-0.000373
34961.000000	0.499826	0.510382	0.797690	0.657650	-0.000380
34962.000000	0.499826	0.510389	0.797696	0.657659	-0.000384
34963.000000	0.499824	0.510392	0.797699	0.657664	-0.000384
34964.000000	0.499818	0.510390	0.797704	0.657672	-0.000389
34965.000000	0.499813	0.510381	0.797705	0.657674	-0.000399
34966.000000	0.499812	0.510381	0.797704	0.657671	-0.000407
34967.000000	0.499814	0.510381	0.797701	0.657667	-0.000413
34968.000000	0.499812	0.510377	0.797704	0.657671	-0.000418
34969.000000	0.499808	0.510368	0.797701	0.657665	-0.000418
34970.000000	0.499806	0.510365	0.797701	0.657665	-0.000418
34971.000000	0.499799	0.510363	0.797704	0.657671	-0.000418
34972.000000	0.499793	0.510356	0.797709	0.657678	-0.000413
34973.000000	0.499795	0.510355	0.797711	0.657681	-0.000411
34974.000000	0.499794	0.510358	0.797713	0.657684	-0.000421
34975.000000	0.499792	0.510362	0.797718	0.657694	-0.000424
34976.000000	0.499787	0.510355	0.797720	0.657696	-0.000421
34977.000000	0.499784	0.510349	0.797727	0.657708	-0.000431
34978.000000	0.499783	0.510341	0.797729	0.657712	-0.000438
34979.000000	0.499783	0.510334	0.797726	0.657706	-0.000443
34980.000000	0.499781	0.510333	0.797726	0.657706	-0.000453
34981.000000	0.499784	0.510350	0.797725	0.657704	-0.000463
34982.000000	0.499795	0.510380	0.797720	0.657697	-0.000464
34983.000000	0.499806	0.510406	0.797723	0.657701	-0.000465
34984.000000	0.499811	0.510422	0.797723	0.657700	-0.000466
34985.000000	0.499811	0.510433	0.797718	0.657693	-0.000475
34986.000000	0.499811	0.510426	0.797716	0.657689	-0.000483
34987.000000	0.499815	0.510420	0.797711	0.657682	-0.000487
34988.000000	0.499815	0.510418	0.797710	0.657679	-0.000482
34989.000000	0.499810	0.510415	0.797709	0.657677	-0.000475
34990.000000	0.499805	0.510410	0.797707	0.657674	-0.000463
34991.000000	0.499809	0.510412	0.797704	0.657669	-0.000456
34992.000000	0.499808	0.510415	0.797702	0.657664	-0.000461
34993.000000	0.499804	0.510411	0.797705	0.657670	-0.000472
34994.000000	0.499802	0.510409	0.797708	0.657674	-0.000476
34995.000000	0.499812	0.510414	0.797706	0.657671	-0.000471
34996.000000	0.499810	0.510412	0.797705	0.657668	-0.000480
34997.000000	0.499808	0.510414	0.797708	0.657673	-0.000499
34998.000000	0.499821	0.510420	0.797716	0.657688	-0.000497
34999.000000	0.499833	0.510436	0.797721	0.657696	-0.000476
